periodo,exposicao,nivel,rotulo,K,covariancia,lag,beta_estimate,beta_se,beta_p,beta_low,beta_high,beta_status,C_estimate,C_se,C_p,C_low,C_high,C_status,banda
Pré,total_climatico,Central,Total climático / hidrometeorológico (COBRADE 12/13/14),1,CR1,0,0.00013867602371704234,0.0004231547086562053,0.7457481624722109,-0.000731130937026136,0.0010084829844602206,calculado,0.00013867602371704234,0.0004231547086562053,0.7457481624722109,-0.000731130937026136,0.0010084829844602206,calculado,"IC95% pontual, não simultâneo"
Pré,total_climatico,Central,Total climático / hidrometeorológico (COBRADE 12/13/14),1,CR1,1,-0.0002013837028591404,0.00040339319466347674,0.6218194595614063,-0.001030570289838112,0.0006278028841198313,calculado,-6.270767914209806e-05,0.0007751723512868969,0.9361448390742525,-0.0016560972672343295,0.0015306819089501336,calculado,"IC95% pontual, não simultâneo"
Pré,total_climatico,Central,Total climático / hidrometeorológico (COBRADE 12/13/14),1,DK6,0,0.00013867602371704234,0.00039463793827316975,0.7265396438075157,-0.0006509926667858532,0.0009283447142199379,calculado,0.00013867602371704234,0.00039463793827316975,0.7265396438075157,-0.0006509926667858532,0.0009283447142199379,calculado,"IC95% pontual, não simultâneo"
Pré,total_climatico,Central,Total climático / hidrometeorológico (COBRADE 12/13/14),1,DK6,1,-0.0002013837028591404,0.0005757655290238821,0.7277591358242419,-0.0013534878652984744,0.0009507204595801936,calculado,-6.270767914209806e-05,0.000928204385656275,0.9463658771179134,-0.0019200403647615636,0.0017946250064773677,calculado,"IC95% pontual, não simultâneo"
Pré,grupo_climatologico,Grupo,Climatológico,1,CR1,0,-0.0004693849846858329,0.0003419530697424059,0.18158378827133875,-0.001172279586175648,0.0002335096168039821,calculado,-0.0004693849846858329,0.0003419530697424059,0.18158378827133875,-0.001172279586175648,0.0002335096168039821,calculado,"IC95% pontual, não simultâneo"
Pré,grupo_climatologico,Grupo,Climatológico,1,CR1,1,-0.0006558843359718823,0.0005292131542612918,0.22628422844789658,-0.00174369755387302,0.00043192888192925536,calculado,-0.0011252693206577151,0.0007763031342893423,0.15914744197216213,-0.0027209832665001906,0.00047044462518476006,calculado,"IC95% pontual, não simultâneo"
Pré,grupo_climatologico,Grupo,Climatológico,1,DK6,0,-0.0004693849846858329,0.0004961602925682915,0.3479892505866816,-0.0014621994369059064,0.0005234294675342407,calculado,-0.0004693849846858329,0.0004961602925682915,0.3479892505866816,-0.0014621994369059064,0.0005234294675342407,calculado,"IC95% pontual, não simultâneo"
Pré,grupo_climatologico,Grupo,Climatológico,1,DK6,1,-0.0006558843359718823,0.0006528958900005895,0.3192028416321131,-0.001962325994235887,0.0006505573222921229,calculado,-0.0011252693206577151,0.0010605226945417403,0.2929906512814653,-0.0032473703307934524,0.000996831689478022,calculado,"IC95% pontual, não simultâneo"
Pré,grupo_hidrologico,Grupo,Hidrológico,1,CR1,0,0.0007115254524089476,0.000573520372655324,0.2258219913377767,-0.00046736255724550227,0.0018904134620633976,calculado,0.0007115254524089476,0.000573520372655324,0.2258219913377767,-0.00046736255724550227,0.0018904134620633976,calculado,"IC95% pontual, não simultâneo"
Pré,grupo_hidrologico,Grupo,Hidrológico,1,CR1,1,0.0004821508480068974,0.0005781567557587114,0.4119086444339058,-0.0007062673836053916,0.0016705690796191862,calculado,0.001193676300415845,0.0010035161090918424,0.2449949954133079,-0.0008690806039747905,0.0032564332048064804,calculado,"IC95% pontual, não simultâneo"
Pré,grupo_hidrologico,Grupo,Hidrológico,1,DK6,0,0.0007115254524089476,0.0005040594791042392,0.1633228089669276,-0.0002970952355602145,0.0017201461403781098,calculado,0.0007115254524089476,0.0005040594791042392,0.1633228089669276,-0.0002970952355602145,0.0017201461403781098,calculado,"IC95% pontual, não simultâneo"
Pré,grupo_hidrologico,Grupo,Hidrológico,1,DK6,1,0.0004821508480068974,0.0007816306463737755,0.5397051635994077,-0.0010818884627591722,0.002046190158772967,calculado,0.001193676300415845,0.0011789118643957327,0.3154221301826316,-0.0011653208914134377,0.0035526734922451276,calculado,"IC95% pontual, não simultâneo"
Pré,grupo_meteorologico,Grupo,Meteorológico,1,CR1,0,0.0015045489148005362,0.0011725890352537298,0.210777006988346,-0.0009057423665933518,0.003914840196194425,calculado,0.0015045489148005362,0.0011725890352537298,0.210777006988346,-0.0009057423665933518,0.003914840196194425,calculado,"IC95% pontual, não simultâneo"
Pré,grupo_meteorologico,Grupo,Meteorológico,1,CR1,1,0.0006055023565297964,0.0010722938090838813,0.5771316517414412,-0.0015986291349166224,0.0028096338479762155,calculado,0.0021100512713303327,0.002139999789356039,0.33321793593256444,-0.0022887812943805535,0.006508883837041219,calculado,"IC95% pontual, não simultâneo"
Pré,grupo_meteorologico,Grupo,Meteorológico,1,DK6,0,0.0015045489148005362,0.0006411966941256839,0.022330240770708974,0.00022151729340956646,0.0027875805361915057,calculado,0.0015045489148005362,0.0006411966941256839,0.022330240770708974,0.00022151729340956646,0.0027875805361915057,calculado,"IC95% pontual, não simultâneo"
Pré,grupo_meteorologico,Grupo,Meteorológico,1,DK6,1,0.0006055023565297964,0.0010120723151445551,0.5519432030609769,-0.0014196496683655502,0.0026306543814251433,calculado,0.0021100512713303327,0.001450322602293798,0.15100133408538446,-0.0007920375525965048,0.00501214009525717,calculado,"IC95% pontual, não simultâneo"
Pré,grupo_outros,Grupo,Outros,1,CR1,0,0.0018080283213944826,0.0013866959522456778,0.20371499503377163,-0.0010423660308934203,0.004658422673682386,calculado,0.0018080283213944826,0.0013866959522456778,0.20371499503377163,-0.0010423660308934203,0.004658422673682386,calculado,"IC95% pontual, não simultâneo"
Pré,grupo_outros,Grupo,Outros,1,CR1,1,0.001995252469654599,0.0009407068676686462,0.04361708092893139,6.160181002817073e-05,0.003928903129281027,calculado,0.0038032807910490813,0.0021714883797209748,0.09165648850492676,-0.0006602774991382966,0.00826683908123646,calculado,"IC95% pontual, não simultâneo"
Pré,grupo_outros,Grupo,Outros,1,DK6,0,0.0018080283213944826,0.0016606300532785597,0.28068689938185015,-0.0015148847399303878,0.005130941382719353,calculado,0.0018080283213944826,0.0016606300532785597,0.28068689938185015,-0.0015148847399303878,0.005130941382719353,calculado,"IC95% pontual, não simultâneo"
Pré,grupo_outros,Grupo,Outros,1,DK6,1,0.001995252469654599,0.0015313337319218,0.19765399923976662,-0.0010689392502315803,0.005059444189540779,calculado,0.0038032807910490813,0.0029629081751681293,0.20428972608341409,-0.002125484773162287,0.00973204635526045,calculado,"IC95% pontual, não simultâneo"
Pré,tipo_alagamentos,Tipologia,Alagamentos,1,CR1,0,0.0001279658116917284,0.001205840961293194,0.9163004033484713,-0.002350675782567854,0.0026066074059513107,calculado,0.0001279658116917284,0.001205840961293194,0.9163004033484713,-0.002350675782567854,0.0026066074059513107,calculado,"IC95% pontual, não simultâneo"
Pré,tipo_alagamentos,Tipologia,Alagamentos,1,CR1,1,0.0013420537778724873,0.0011710139433739766,0.26220873056515787,-0.0010649998557940006,0.0037491074115389754,calculado,0.0014700195895642157,0.002167745970620512,0.5036786159374008,-0.0029858460685457163,0.005925885247674147,calculado,"IC95% pontual, não simultâneo"
Pré,tipo_alagamentos,Tipologia,Alagamentos,1,DK6,0,0.0001279658116917284,0.0011409810090075483,0.911081852029989,-0.002155131913818863,0.0024110635372023197,calculado,0.0001279658116917284,0.0011409810090075483,0.911081852029989,-0.002155131913818863,0.0024110635372023197,calculado,"IC95% pontual, não simultâneo"
Pré,tipo_alagamentos,Tipologia,Alagamentos,1,DK6,1,0.0013420537778724873,0.0012936566032049797,0.3037774222505008,-0.0012465471059740442,0.0039306546617190186,calculado,0.0014700195895642157,0.0018158420739474348,0.42145036008304193,-0.0021634720077428147,0.005103511186871246,calculado,"IC95% pontual, não simultâneo"
Pré,tipo_chuvas_intensas,Tipologia,Chuvas Intensas,15,CR1,0,0.0009513860479357974,0.0008539892160110709,0.27545111105540127,-0.0008040139258585068,0.0027067860217301017,calculado,0.0009513860479357974,0.0008539892160110709,0.27545111105540127,-0.0008040139258585068,0.0027067860217301017,calculado,"IC95% pontual, não simultâneo"
Pré,tipo_chuvas_intensas,Tipologia,Chuvas Intensas,15,CR1,1,-0.0019529651420181792,0.002147443002855857,0.3714731355528354,-0.006367097452196046,0.002461167168159687,calculado,-0.001001579094082382,0.002788466140996102,0.7223563380362906,-0.006733353335558759,0.004730195147393996,calculado,"IC95% pontual, não simultâneo"
Pré,tipo_chuvas_intensas,Tipologia,Chuvas Intensas,15,CR1,2,-0.00360248968662309,0.003084570212178759,0.253443101453304,-0.009942914563317423,0.0027379351900712434,calculado,-0.004604068780705472,0.005817702800505937,0.43587733698802616,-0.016562528152420514,0.00735439059100957,calculado,"IC95% pontual, não simultâneo"
Pré,tipo_chuvas_intensas,Tipologia,Chuvas Intensas,15,CR1,3,-0.001358807929922434,0.0023651958269746095,0.5705665017442948,-0.00622053758042402,0.003502921720579152,calculado,-0.005962876710627906,0.00777784757705988,0.4501958749701311,-0.021950471374551635,0.010024717953295823,calculado,"IC95% pontual, não simultâneo"
Pré,tipo_chuvas_intensas,Tipologia,Chuvas Intensas,15,CR1,4,-0.0008954812467631718,0.0021431989475862423,0.6795059495770461,-0.005300889776395118,0.0035099272828687748,calculado,-0.006858357957391078,0.009687145668966064,0.48525331911008884,-0.026770571056372636,0.013053855141590479,calculado,"IC95% pontual, não simultâneo"
Pré,tipo_chuvas_intensas,Tipologia,Chuvas Intensas,15,CR1,5,0.0009966283528998882,0.0018617598020104888,0.5969814084898664,-0.002830273727814599,0.004823530433614376,calculado,-0.005861729604491189,0.010627871201351589,0.5859709037641976,-0.027707631728974183,0.015984172519991804,calculado,"IC95% pontual, não simultâneo"
Pré,tipo_chuvas_intensas,Tipologia,Chuvas Intensas,15,CR1,6,-0.0017983560263117257,0.0014153880171355324,0.2151320171391518,-0.0047077277626361765,0.001111015710012725,calculado,-0.007660085630802916,0.011251933726671678,0.5020293878824929,-0.030788766647635163,0.015468595386029333,calculado,"IC95% pontual, não simultâneo"
Pré,tipo_chuvas_intensas,Tipologia,Chuvas Intensas,15,CR1,7,-0.005492613558487025,0.002938308791608545,0.07288318218955402,-0.011532393779461558,0.0005471666624875075,calculado,-0.013152699189289942,0.01378548544302357,0.34882122984087327,-0.04148917034340768,0.0151837719648278,calculado,"IC95% pontual, não simultâneo"
Pré,tipo_chuvas_intensas,Tipologia,Chuvas Intensas,15,CR1,8,-0.005401902316680104,0.002470559258512955,0.03797156666036905,-0.010480209602465193,-0.00032359503089501515,calculado,-0.018554601505970048,0.0159394023178612,0.2549661891643227,-0.0513185122047062,0.014209309192766105,calculado,"IC95% pontual, não simultâneo"
Pré,tipo_chuvas_intensas,Tipologia,Chuvas Intensas,15,CR1,9,-0.004080339735863088,0.0028268026475052432,0.16083632566581627,-0.009890915795043729,0.0017302363233175529,calculado,-0.022634941241833136,0.01842659879704324,0.23030655749060575,-0.060511357523216874,0.015241475039550603,calculado,"IC95% pontual, não simultâneo"
Pré,tipo_chuvas_intensas,Tipologia,Chuvas Intensas,15,CR1,10,-0.002037005166317636,0.0022732258598115638,0.3784289608085534,-0.0067096878418445634,0.002635677509209291,calculado,-0.02467194640815077,0.020408294821747896,0.2375740043502336,-0.06662179720675648,0.017277904390454943,calculado,"IC95% pontual, não simultâneo"
Pré,tipo_chuvas_intensas,Tipologia,Chuvas Intensas,15,CR1,11,-0.0023466394141020484,0.00220810734678814,0.29767250051238503,-0.006885469069108679,0.0021921902409045816,calculado,-0.027018585822252816,0.02243423190085812,0.2393051828426574,-0.07313280992780775,0.01909563828330212,calculado,"IC95% pontual, não simultâneo"
Pré,tipo_chuvas_intensas,Tipologia,Chuvas Intensas,15,CR1,12,-0.0017819159375379867,0.0025816348912259665,0.4961667181686094,-0.007088542456280553,0.0035247105812045796,calculado,-0.028800501759790802,0.02491777505900663,0.25826528004456284,-0.0800197219390601,0.022418718419478487,calculado,"IC95% pontual, não simultâneo"
Pré,tipo_chuvas_intensas,Tipologia,Chuvas Intensas,15,CR1,13,-0.0047995451158676814,0.003965163384501378,0.23700401951313171,-0.012950055181739074,0.0033509649500037117,calculado,-0.033600046875658485,0.02879261877042342,0.2538154494415211,-0.0927841223738852,0.025584028622568228,calculado,"IC95% pontual, não simultâneo"
Pré,tipo_chuvas_intensas,Tipologia,Chuvas Intensas,15,CR1,14,-0.005900004935947376,0.0037833914668908173,0.1309808272006304,-0.013676877474051696,0.0018768676021569432,calculado,-0.03950005181160586,0.032442818567899975,0.2343384461954725,-0.1061872204504739,0.027187116827262173,calculado,"IC95% pontual, não simultâneo"
Pré,tipo_chuvas_intensas,Tipologia,Chuvas Intensas,15,CR1,15,-0.0035775407226950645,0.003091189205665209,0.2576578168347697,-0.009931571135354983,0.002776489689964853,calculado,-0.04307759253430092,0.03544620964067206,0.23517455074654597,-0.11593831993900917,0.029783134870407332,calculado,"IC95% pontual, não simultâneo"
Pré,tipo_chuvas_intensas,Tipologia,Chuvas Intensas,15,DK6,0,0.0009513860479357974,0.0006431558681712807,0.14439420464155944,-0.00033556587166528207,0.002238337967536877,calculado,0.0009513860479357974,0.0006431558681712807,0.14439420464155944,-0.00033556587166528207,0.002238337967536877,calculado,"IC95% pontual, não simultâneo"
Pré,tipo_chuvas_intensas,Tipologia,Chuvas Intensas,15,DK6,1,-0.0019529651420181792,0.0010155899143164454,0.05931248673303397,-0.0039851558665984456,7.922558256208694e-05,calculado,-0.001001579094082382,0.00148805074804072,0.5035235902197728,-0.003979161763272651,0.001976003575107887,calculado,"IC95% pontual, não simultâneo"
Pré,tipo_chuvas_intensas,Tipologia,Chuvas Intensas,15,DK6,2,-0.00360248968662309,0.0013041778980605158,0.007641555657265184,-0.006212143632847053,-0.0009928357403991266,calculado,-0.004604068780705472,0.0023397411382378767,0.0538007079766154,-0.009285879984242445,7.774242283150028e-05,calculado,"IC95% pontual, não simultâneo"
Pré,tipo_chuvas_intensas,Tipologia,Chuvas Intensas,15,DK6,3,-0.001358807929922434,0.001668775132416686,0.4187734573778383,-0.004698019256956859,0.0019804033971119904,calculado,-0.005962876710627906,0.0038079942056748767,0.1227240866630529,-0.013582655515970236,0.0016569020947144238,calculado,"IC95% pontual, não simultâneo"
Pré,tipo_chuvas_intensas,Tipologia,Chuvas Intensas,15,DK6,4,-0.0008954812467631718,0.002031933092187129,0.6610378180230163,-0.004961369972814217,0.0031704074792878742,calculado,-0.006858357957391078,0.005254340971030692,0.19686685141918267,-0.01737226995532331,0.0036555540405411547,calculado,"IC95% pontual, não simultâneo"
Pré,tipo_chuvas_intensas,Tipologia,Chuvas Intensas,15,DK6,5,0.0009966283528998882,0.0026767558279531213,0.7109835169890129,-0.004359547687105139,0.006352804392904916,calculado,-0.005861729604491189,0.007342028276959255,0.4278519458900292,-0.02055309425248002,0.008829635043497642,calculado,"IC95% pontual, não simultâneo"
Pré,tipo_chuvas_intensas,Tipologia,Chuvas Intensas,15,DK6,6,-0.0017983560263117257,0.002302392382934145,0.4378775151124778,-0.006405432543108581,0.0028087204904851297,calculado,-0.007660085630802916,0.00859738098036234,0.3765595400295544,-0.024863405236171934,0.009543233974566101,calculado,"IC95% pontual, não simultâneo"
Pré,tipo_chuvas_intensas,Tipologia,Chuvas Intensas,15,DK6,7,-0.005492613558487025,0.002367127239102416,0.02379811070554245,-0.0102292242232778,-0.0007560028936962511,calculado,-0.013152699189289942,0.01044503716162821,0.21290660811847403,-0.03405317027366818,0.007747771895088296,calculado,"IC95% pontual, não simultâneo"
Pré,tipo_chuvas_intensas,Tipologia,Chuvas Intensas,15,DK6,8,-0.005401902316680104,0.002055707508874198,0.010937498791312589,-0.00951536354063872,-0.0012884410927214889,calculado,-0.018554601505970048,0.011949821779860731,0.12584069174832524,-0.04246613965644988,0.005356936644509782,calculado,"IC95% pontual, não simultâneo"
Pré,tipo_chuvas_intensas,Tipologia,Chuvas Intensas,15,DK6,9,-0.004080339735863088,0.0021651631364445136,0.06442071893794346,-0.008412821164695656,0.00025214169296947954,calculado,-0.022634941241833136,0.013594579251868969,0.10121543295620793,-0.049837631491877595,0.004567749008211323,calculado,"IC95% pontual, não simultâneo"
Pré,tipo_chuvas_intensas,Tipologia,Chuvas Intensas,15,DK6,10,-0.002037005166317636,0.0019377259952985042,0.2974374435732801,-0.00591438592691143,0.0018403755942761578,calculado,-0.02467194640815077,0.015229221200470402,0.11055700246918754,-0.05514554764217589,0.005801654825874351,calculado,"IC95% pontual, não simultâneo"
Pré,tipo_chuvas_intensas,Tipologia,Chuvas Intensas,15,DK6,11,-0.0023466394141020484,0.002097378289815774,0.2677412556094221,-0.006543483678126086,0.0018502048499219885,calculado,-0.027018585822252816,0.016939964391403346,0.11606424927970312,-0.060915376274430735,0.0068782046299251005,calculado,"IC95% pontual, não simultâneo"
Pré,tipo_chuvas_intensas,Tipologia,Chuvas Intensas,15,DK6,12,-0.0017819159375379867,0.0019017743101679644,0.35259085645037824,-0.005587357542351085,0.0020235256672751123,calculado,-0.028800501759790802,0.01829538387875477,0.12078998077450126,-0.06540948034152969,0.007808476821948084,calculado,"IC95% pontual, não simultâneo"
Pré,tipo_chuvas_intensas,Tipologia,Chuvas Intensas,15,DK6,13,-0.0047995451158676814,0.002435788755961828,0.053487697030801126,-0.009673547158546668,7.445692681130531e-05,calculado,-0.033600046875658485,0.020398079793211905,0.104830107953355,-0.07441651026375118,0.0072164165124342095,calculado,"IC95% pontual, não simultâneo"
Pré,tipo_chuvas_intensas,Tipologia,Chuvas Intensas,15,DK6,14,-0.005900004935947376,0.0020709576649111557,0.006030817643449391,-0.010043981651651069,-0.0017560282202436842,calculado,-0.03950005181160586,0.022125416035714694,0.07935627706100384,-0.08377290703735099,0.0047728034141392706,calculado,"IC95% pontual, não simultâneo"
Pré,tipo_chuvas_intensas,Tipologia,Chuvas Intensas,15,DK6,15,-0.0035775407226950645,0.0014989244190958151,0.02022353584621934,-0.006576881557409431,-0.0005781998879806978,calculado,-0.04307759253430092,0.023371593850311494,0.07033047669969081,-0.08984404380733038,0.003688858738728547,calculado,"IC95% pontual, não simultâneo"
Pré,tipo_doencas_infecciosas,Tipologia,Doenças infecciosas,1,CR1,0,0.0027558682357580765,0.0034247898973549483,0.4283002120790117,-0.004283888219421725,0.009795624690937877,calculado,0.0027558682357580765,0.0034247898973549483,0.4283002120790117,-0.004283888219421725,0.009795624690937877,calculado,"IC95% pontual, não simultâneo"
Pré,tipo_doencas_infecciosas,Tipologia,Doenças infecciosas,1,CR1,1,0.00210718620553914,0.00195071145735995,0.2899655705623088,-0.00190255862136218,0.00611693103244046,calculado,0.004863054441297216,0.005203851320098212,0.3586392596763275,-0.005833615141485237,0.01555972402407967,calculado,"IC95% pontual, não simultâneo"
Pré,tipo_doencas_infecciosas,Tipologia,Doenças infecciosas,1,DK6,0,0.0027558682357580765,0.0033276618932142027,0.4109120681717958,-0.0039027678324039957,0.009414504303920148,calculado,0.0027558682357580765,0.0033276618932142027,0.4109120681717958,-0.0039027678324039957,0.009414504303920148,calculado,"IC95% pontual, não simultâneo"
Pré,tipo_doencas_infecciosas,Tipologia,Doenças infecciosas,1,DK6,1,0.00210718620553914,0.0023169268431478506,0.36680006691666917,-0.002528973698968348,0.006743346110046628,calculado,0.004863054441297216,0.005479120794749175,0.3783808555076088,-0.006100640944983195,0.015826749827577626,calculado,"IC95% pontual, não simultâneo"
Pré,tipo_enxurradas,Tipologia,Enxurradas,1,CR1,0,0.000820950940190197,0.000997750008865187,0.41810334337498567,-0.001229953575438383,0.002871855455818777,calculado,0.000820950940190197,0.000997750008865187,0.41810334337498567,-0.001229953575438383,0.002871855455818777,calculado,"IC95% pontual, não simultâneo"
Pré,tipo_enxurradas,Tipologia,Enxurradas,1,CR1,1,0.0009378772995021049,0.0012447201242447952,0.4579282699221297,-0.0016206815587542867,0.0034964361577584967,calculado,0.001758828239692302,0.0021422249495079,0.41909464946082897,-0.00264457820821643,0.006162234687601034,calculado,"IC95% pontual, não simultâneo"
Pré,tipo_enxurradas,Tipologia,Enxurradas,1,DK6,0,0.000820950940190197,0.0008162497116146151,0.3186384099669052,-0.0008123609601165285,0.0024542628404969225,calculado,0.000820950940190197,0.0008162497116146151,0.3186384099669052,-0.0008123609601165285,0.0024542628404969225,calculado,"IC95% pontual, não simultâneo"
Pré,tipo_enxurradas,Tipologia,Enxurradas,1,DK6,1,0.0009378772995021049,0.0006217504293791923,0.13677692081069,-0.0003062424360100542,0.002181997035014264,calculado,0.001758828239692302,0.0013391665796372086,0.19414137235427206,-0.0009208378966520255,0.00443849437603663,calculado,"IC95% pontual, não simultâneo"
Pré,tipo_erosao,Tipologia,Erosão,1,CR1,0,-0.0013913636154749241,0.0022198504523081985,0.5362670453058246,-0.0059543315695791245,0.0031716043386292763,calculado,-0.0013913636154749241,0.0022198504523081985,0.5362670453058246,-0.0059543315695791245,0.0031716043386292763,calculado,"IC95% pontual, não simultâneo"
Pré,tipo_erosao,Tipologia,Erosão,1,CR1,1,-0.00012810399615031555,0.0013779692584313333,0.9266434079136944,-0.002960560372400811,0.0027043523801001798,calculado,-0.0015194676116252396,0.003308229844718612,0.6498364000173327,-0.008319631447241288,0.00528069622399081,calculado,"IC95% pontual, não simultâneo"
Pré,tipo_erosao,Tipologia,Erosão,1,DK6,0,-0.0013913636154749241,0.0016152620555793475,0.3925129976797711,-0.004623495523090552,0.0018407682921407036,calculado,-0.0013913636154749241,0.0016152620555793475,0.3925129976797711,-0.004623495523090552,0.0018407682921407036,calculado,"IC95% pontual, não simultâneo"
Pré,tipo_erosao,Tipologia,Erosão,1,DK6,1,-0.00012810399615031555,0.001937670367611436,0.9475118741126549,-0.004005373445999392,0.003749165453698761,calculado,-0.0015194676116252396,0.003048448467400205,0.6200273218144313,-0.007619398905233311,0.004580463681982831,calculado,"IC95% pontual, não simultâneo"
Pré,tipo_estiagem_e_seca,Tipologia,Estiagem e Seca,1,CR1,0,-0.00058495572398378,0.0003236568859294329,0.08229578133640514,-0.0012502419810312077,8.033053306364779e-05,calculado,-0.00058495572398378,0.0003236568859294329,0.08229578133640514,-0.0012502419810312077,8.033053306364779e-05,calculado,"IC95% pontual, não simultâneo"
Pré,tipo_estiagem_e_seca,Tipologia,Estiagem e Seca,1,CR1,1,-0.0008033114087496705,0.0004712215571444974,0.10016537056781151,-0.00177192119158332,0.00016529837408397888,calculado,-0.0013882671327334504,0.000660659470032116,0.04545418184895906,-0.0027462721223026638,-3.0262143164236843e-05,calculado,"IC95% pontual, não simultâneo"
Pré,tipo_estiagem_e_seca,Tipologia,Estiagem e Seca,1,DK6,0,-0.00058495572398378,0.00038682495838332807,0.13582191484053546,-0.0013589906778380058,0.0001890792298704457,calculado,-0.00058495572398378,0.00038682495838332807,0.13582191484053546,-0.0013589906778380058,0.0001890792298704457,calculado,"IC95% pontual, não simultâneo"
Pré,tipo_estiagem_e_seca,Tipologia,Estiagem e Seca,1,DK6,1,-0.0008033114087496705,0.0006020535437755211,0.1872374081482426,-0.00200801776720615,0.0004013949497068093,calculado,-0.0013882671327334504,0.0008773437908414928,0.11891549060275991,-0.003143828003201717,0.00036729373773481603,calculado,"IC95% pontual, não simultâneo"
Pré,tipo_granizo,Tipologia,Granizo,1,CR1,0,0.001897046943485848,0.00229448093588684,0.4158813997311924,-0.002819326166634404,0.0066134200536061,calculado,0.001897046943485848,0.00229448093588684,0.4158813997311924,-0.002819326166634404,0.0066134200536061,calculado,"IC95% pontual, não simultâneo"
Pré,tipo_granizo,Tipologia,Granizo,1,CR1,1,0.0019834905655998383,0.0015744632016347771,0.21893701113475192,-0.0012528648954203566,0.005219846026620033,calculado,0.0038805375090856862,0.0037662441926093228,0.3123373381452892,-0.0038610883019405376,0.01162216332011191,calculado,"IC95% pontual, não simultâneo"
Pré,tipo_granizo,Tipologia,Granizo,1,DK6,0,0.001897046943485848,0.0007554905351459498,0.014797757996911512,0.0003853138744693708,0.003408780012502325,calculado,0.001897046943485848,0.0007554905351459498,0.014797757996911512,0.0003853138744693708,0.003408780012502325,calculado,"IC95% pontual, não simultâneo"
Pré,tipo_granizo,Tipologia,Granizo,1,DK6,1,0.0019834905655998383,0.0009629263801938027,0.04383233289194364,5.667932939277371e-05,0.003910301801806903,calculado,0.0038805375090856862,0.0014474674556896067,0.009504705222119086,0.0009841618203175998,0.006776913197853772,calculado,"IC95% pontual, não simultâneo"
Pré,tipo_incendio_florestal,Tipologia,Incêndio Florestal,1,CR1,0,-0.0012424268276771673,0.002830216293571745,0.664297918568507,-0.00706001973684061,0.004575166081486276,calculado,-0.0012424268276771673,0.002830216293571745,0.664297918568507,-0.00706001973684061,0.004575166081486276,calculado,"IC95% pontual, não simultâneo"
Pré,tipo_incendio_florestal,Tipologia,Incêndio Florestal,1,CR1,1,0.0001461988533623615,0.0027869926144783643,0.9585650773121469,-0.005582546510978185,0.005874944217702909,calculado,-0.0010962279743148059,0.005489421832009494,0.8432702286477882,-0.012379896151139215,0.010187440202509604,calculado,"IC95% pontual, não simultâneo"
Pré,tipo_incendio_florestal,Tipologia,Incêndio Florestal,1,DK6,0,-0.0012424268276771673,0.0021518524912078106,0.565882708119259,-0.00554827371691172,0.0030634200615573853,calculado,-0.0012424268276771673,0.0021518524912078106,0.565882708119259,-0.00554827371691172,0.0030634200615573853,calculado,"IC95% pontual, não simultâneo"
Pré,tipo_incendio_florestal,Tipologia,Incêndio Florestal,1,DK6,1,0.0001461988533623615,0.0011451202638489296,0.8988433626227745,-0.0021451815019545633,0.002437579208679286,calculado,-0.0010962279743148059,0.0030503987619239508,0.720599840952411,-0.007200061798250803,0.005007605849621191,calculado,"IC95% pontual, não simultâneo"
Pré,tipo_inundacoes,Tipologia,Inundações,1,CR1,0,-0.0005922922869139739,0.0010918616774428967,0.5921208372840391,-0.0028366461078238375,0.0016520615339958898,calculado,-0.0005922922869139739,0.0010918616774428967,0.5921208372840391,-0.0028366461078238375,0.0016520615339958898,calculado,"IC95% pontual, não simultâneo"
Pré,tipo_inundacoes,Tipologia,Inundações,1,CR1,1,0.0015318664056972388,0.0011492091679348073,0.1941036959733838,-0.0008303668701510395,0.003894099681545517,calculado,0.0009395741187832649,0.0020002287958204887,0.6424614416532748,-0.0031719550550469355,0.005051103292613465,calculado,"IC95% pontual, não simultâneo"
Pré,tipo_inundacoes,Tipologia,Inundações,1,DK6,0,-0.0005922922869139739,0.000967098413108765,0.5425983020901433,-0.0025274517417011103,0.0013428671678731622,calculado,-0.0005922922869139739,0.000967098413108765,0.5425983020901433,-0.0025274517417011103,0.0013428671678731622,calculado,"IC95% pontual, não simultâneo"
Pré,tipo_inundacoes,Tipologia,Inundações,1,DK6,1,0.0015318664056972388,0.0012164415195724725,0.21288086810265713,-0.0009022274526819466,0.003965960264076424,calculado,0.0009395741187832649,0.0018214019459936231,0.6078854923155474,-0.00270504275679095,0.00458419099435748,calculado,"IC95% pontual, não simultâneo"
Pré,tipo_movimento_de_massa,Tipologia,Movimento de Massa,1,CR1,0,-0.0004246954835738742,0.0018686182969480081,0.8219853917807208,-0.004265695402537215,0.0034163044353894673,calculado,-0.0004246954835738742,0.0018686182969480081,0.8219853917807208,-0.004265695402537215,0.0034163044353894673,calculado,"IC95% pontual, não simultâneo"
Pré,tipo_movimento_de_massa,Tipologia,Movimento de Massa,1,CR1,1,0.0008344760406253359,0.001248990513455056,0.5099448692924786,-0.00173286072836721,0.0034018128096178816,calculado,0.0004097805570514617,0.0026513719794658787,0.8783663250016995,-0.00504019259953348,0.005859753713636403,calculado,"IC95% pontual, não simultâneo"
Pré,tipo_movimento_de_massa,Tipologia,Movimento de Massa,1,DK6,0,-0.0004246954835738742,0.0008497656320625075,0.6190891672654983,-0.0021250725857892066,0.0012756816186414582,calculado,-0.0004246954835738742,0.0008497656320625075,0.6190891672654983,-0.0021250725857892066,0.0012756816186414582,calculado,"IC95% pontual, não simultâneo"
Pré,tipo_movimento_de_massa,Tipologia,Movimento de Massa,1,DK6,1,0.0008344760406253359,0.0010804329342136586,0.4429881096291346,-0.0013274652670705396,0.002996417348321211,calculado,0.0004097805570514617,0.0017299655553127816,0.8135765405732336,-0.0030518725233813168,0.00387143363748424,calculado,"IC95% pontual, não simultâneo"
Pré,tipo_outros,Tipologia,Outros,1,CR1,0,0.0006909523662689215,0.0021233576207774153,0.7474784083961836,-0.0036736717320057467,0.005055576464543589,calculado,0.0006909523662689215,0.0021233576207774153,0.7474784083961836,-0.0036736717320057467,0.005055576464543589,calculado,"IC95% pontual, não simultâneo"
Pré,tipo_outros,Tipologia,Outros,1,CR1,1,0.0021515174225178796,0.002348439895585065,0.36800931349501953,-0.0026757699177406176,0.006978804762776377,calculado,0.002842469788786801,0.004225072535395779,0.5070343324646494,-0.005842291188120707,0.01152723076569431,calculado,"IC95% pontual, não simultâneo"
Pré,tipo_outros,Tipologia,Outros,1,DK6,0,0.0006909523662689215,0.002502278864452606,0.7834137441428289,-0.0043160960761887005,0.005698000808726543,calculado,0.0006909523662689215,0.002502278864452606,0.7834137441428289,-0.0043160960761887005,0.005698000808726543,calculado,"IC95% pontual, não simultâneo"
Pré,tipo_outros,Tipologia,Outros,1,DK6,1,0.0021515174225178796,0.0018843072160870443,0.25814669305139815,-0.0016189726077706656,0.005922007452806424,calculado,0.002842469788786801,0.003831020793440028,0.4610542244770449,-0.004823385112246741,0.010508324689820343,calculado,"IC95% pontual, não simultâneo"
Pré,tipo_tornado,Tipologia,Tornado,1,CR1,0,-0.00021275696917842372,0.0026087585948352822,0.9356252722928204,-0.0055751370591749635,0.005149623120818116,calculado,-0.00021275696917842372,0.0026087585948352822,0.9356252722928204,-0.0055751370591749635,0.005149623120818116,calculado,"IC95% pontual, não simultâneo"
Pré,tipo_tornado,Tipologia,Tornado,1,CR1,1,-0.0037096075647894957,0.00256957492313151,0.16077524111352529,-0.008991444464084813,0.001572229334505822,calculado,-0.00392236453396792,0.004914425039249506,0.4320233038804419,-0.014024109876148938,0.006179380808213099,calculado,"IC95% pontual, não simultâneo"
Pré,tipo_tornado,Tipologia,Tornado,1,DK6,0,-0.00021275696917842372,0.0029860140915662077,0.9434388403620956,-0.006187757365308841,0.005762243426951993,calculado,-0.00021275696917842372,0.0029860140915662077,0.9434388403620956,-0.006187757365308841,0.005762243426951993,calculado,"IC95% pontual, não simultâneo"
Pré,tipo_tornado,Tipologia,Tornado,1,DK6,1,-0.0037096075647894957,0.0036712594014605892,0.3164079797903716,-0.011055780658875233,0.003636565529296241,calculado,-0.00392236453396792,0.006224097820689048,0.531003517923513,-0.01637675550593596,0.00853202643800012,calculado,"IC95% pontual, não simultâneo"
Pré,tipo_vendavais_e_ciclones,Tipologia,Vendavais e Ciclones,14,CR1,0,0.00016110722686995155,0.0016237645016205801,0.9217259528327966,-0.003176588507634425,0.003498802961374328,calculado,0.00016110722686995155,0.0016237645016205801,0.9217259528327966,-0.003176588507634425,0.003498802961374328,calculado,"IC95% pontual, não simultâneo"
Pré,tipo_vendavais_e_ciclones,Tipologia,Vendavais e Ciclones,14,CR1,1,-0.002296095196584902,0.002345756613074375,0.33668496503004924,-0.007117866970650481,0.0025256765774806767,calculado,-0.0021349879697149508,0.003850813818126327,0.5840259791189323,-0.01005044913560638,0.005780473196176479,calculado,"IC95% pontual, não simultâneo"
Pré,tipo_vendavais_e_ciclones,Tipologia,Vendavais e Ciclones,14,CR1,2,-0.003444160431213795,0.002933060060585874,0.2509366542120387,-0.00947315173105571,0.0025848308686281193,calculado,-0.005579148400928746,0.006617797496954949,0.40688849748037115,-0.019182225974896765,0.008023929173039275,calculado,"IC95% pontual, não simultâneo"
Pré,tipo_vendavais_e_ciclones,Tipologia,Vendavais e Ciclones,14,CR1,3,-0.0022414940634353417,0.001709000757204115,0.20112571572275859,-0.005754395430531362,0.0012714073036606786,calculado,-0.007820642464364088,0.008174672144628584,0.34753453836390463,-0.024623921708902017,0.008982636780173841,calculado,"IC95% pontual, não simultâneo"
Pré,tipo_vendavais_e_ciclones,Tipologia,Vendavais e Ciclones,14,CR1,4,-0.0006715318609187847,0.0014863990336484154,0.6551707165644765,-0.0037268688321534216,0.0023838051103158525,calculado,-0.008492174325282873,0.008783466785855192,0.34253382884908495,-0.02654684887695012,0.009562500226384373,calculado,"IC95% pontual, não simultâneo"
Pré,tipo_vendavais_e_ciclones,Tipologia,Vendavais e Ciclones,14,CR1,5,-0.003766243387939493,0.00230995395647936,0.11506484881317992,-0.008514421747392396,0.0009819349715134108,calculado,-0.012258417713222367,0.010140536361551716,0.23759839999422805,-0.03310258872802041,0.00858575330157568,calculado,"IC95% pontual, não simultâneo"
Pré,tipo_vendavais_e_ciclones,Tipologia,Vendavais e Ciclones,14,CR1,6,-0.005945968358670753,0.0020610946095944607,0.0077689746669649925,-0.010182609004520306,-0.0017093277128211988,calculado,-0.01820438607189312,0.01158024757802336,0.12803721759447953,-0.04200792587529297,0.005599153731506733,calculado,"IC95% pontual, não simultâneo"
Pré,tipo_vendavais_e_ciclones,Tipologia,Vendavais e Ciclones,14,CR1,7,-0.009202998898184097,0.003220684533352775,0.00829473407885227,-0.01582321076907251,-0.0025827870272956827,calculado,-0.027407384970077216,0.014323523382957852,0.06676125451780865,-0.05684980894883664,0.00203503900868221,calculado,"IC95% pontual, não simultâneo"
Pré,tipo_vendavais_e_ciclones,Tipologia,Vendavais e Ciclones,14,CR1,8,-0.010891035787414996,0.004400142095457451,0.0201572437227528,-0.019935657398839526,-0.0018464141759904646,calculado,-0.038298420757492214,0.01824392645925727,0.04565359605228826,-0.07579934867093119,-0.0007974928440532478,calculado,"IC95% pontual, não simultâneo"
Pré,tipo_vendavais_e_ciclones,Tipologia,Vendavais e Ciclones,14,CR1,9,-0.008791024273200469,0.002723145169267449,0.0033586911603381603,-0.01438852933432784,-0.0031935192120730966,calculado,-0.047089445030692685,0.02051220390088053,0.030008834260083925,-0.0892528840003978,-0.004926006060987573,calculado,"IC95% pontual, não simultâneo"
Pré,tipo_vendavais_e_ciclones,Tipologia,Vendavais e Ciclones,14,CR1,10,-0.0039866983112789075,0.002043402477811485,0.061910228566451606,-0.008186972259416206,0.00021357563685839125,calculado,-0.051076143341971594,0.02102004300319552,0.02231341078483455,-0.09428346053657914,-0.007868826147364047,calculado,"IC95% pontual, não simultâneo"
Pré,tipo_vendavais_e_ciclones,Tipologia,Vendavais e Ciclones,14,CR1,11,-0.002701505670736172,0.0027157109853737683,0.32901700525308786,-0.008283729548017798,0.0028807182065454543,calculado,-0.05377764901270777,0.021098796288393035,0.017055247291658027,-0.09714684590342865,-0.010408452121986891,calculado,"IC95% pontual, não simultâneo"
Pré,tipo_vendavais_e_ciclones,Tipologia,Vendavais e Ciclones,14,CR1,12,-0.0023556115477461562,0.0030022373249245634,0.43976801800155957,-0.008526798750921025,0.0038155756554287138,calculado,-0.056133260560453924,0.022018459753294223,0.01703488541111475,-0.1013928527769235,-0.010873668343984344,calculado,"IC95% pontual, não simultâneo"
Pré,tipo_vendavais_e_ciclones,Tipologia,Vendavais e Ciclones,14,CR1,13,-0.004747059780392004,0.002043073169759894,0.028239082495752132,-0.008946656826134875,-0.0005474627346491335,calculado,-0.06088032034084593,0.02378455110677661,0.016639424581316613,-0.1097701653257312,-0.011990475355960671,calculado,"IC95% pontual, não simultâneo"
Pré,tipo_vendavais_e_ciclones,Tipologia,Vendavais e Ciclones,14,CR1,14,-0.006136672602723048,0.0022308412756711533,0.010679252023323005,-0.010722232517804724,-0.0015511126876413704,calculado,-0.06701699294356897,0.025652548793674672,0.014739250394505287,-0.11974656216518999,-0.014287423721947953,calculado,"IC95% pontual, não simultâneo"
Pré,tipo_vendavais_e_ciclones,Tipologia,Vendavais e Ciclones,14,DK6,0,0.00016110722686995155,0.0014051295739762474,0.9091067111986675,-0.0026505505562716553,0.002972765010011558,calculado,0.00016110722686995155,0.0014051295739762474,0.9091067111986675,-0.0026505505562716553,0.002972765010011558,calculado,"IC95% pontual, não simultâneo"
Pré,tipo_vendavais_e_ciclones,Tipologia,Vendavais e Ciclones,14,DK6,1,-0.002296095196584902,0.001777225664881562,0.20141066471349203,-0.005852315537832755,0.0012601251446629508,calculado,-0.0021349879697149508,0.003093375534165246,0.49278670215348314,-0.008324818116270932,0.004054842176841031,calculado,"IC95% pontual, não simultâneo"
Pré,tipo_vendavais_e_ciclones,Tipologia,Vendavais e Ciclones,14,DK6,2,-0.003444160431213795,0.002016034805331671,0.09282184379301618,-0.007478236758747548,0.0005899158963199578,calculado,-0.005579148400928746,0.004867738756865215,0.2563613509363299,-0.015319471155157168,0.004161174353299676,calculado,"IC95% pontual, não simultâneo"
Pré,tipo_vendavais_e_ciclones,Tipologia,Vendavais e Ciclones,14,DK6,3,-0.0022414940634353417,0.0020639710250478717,0.2818916829636393,-0.0063714905450642356,0.0018885024181935525,calculado,-0.007820642464364088,0.006639662852704973,0.243578745430971,-0.021106577144691097,0.005465292215962921,calculado,"IC95% pontual, não simultâneo"
Pré,tipo_vendavais_e_ciclones,Tipologia,Vendavais e Ciclones,14,DK6,4,-0.0006715318609187847,0.00250785114665665,0.7898088777857086,-0.0056897304143121025,0.004346666692474533,calculado,-0.008492174325282873,0.00884764513398783,0.3410612893235247,-0.026196271345357666,0.009211922694791921,calculado,"IC95% pontual, não simultâneo"
Pré,tipo_vendavais_e_ciclones,Tipologia,Vendavais e Ciclones,14,DK6,5,-0.003766243387939493,0.0026585078335751074,0.16183639138175213,-0.009085905275534736,0.001553418499655749,calculado,-0.012258417713222367,0.011097790380151762,0.27382523260763403,-0.03446504497089847,0.009948209544453742,calculado,"IC95% pontual, não simultâneo"
Pré,tipo_vendavais_e_ciclones,Tipologia,Vendavais e Ciclones,14,DK6,6,-0.005945968358670753,0.0025019316440900267,0.020739001223403906,-0.010952322014787675,-0.0009396147025538303,calculado,-0.01820438607189312,0.013176569609274096,0.17231259347754077,-0.044570640959108905,0.008161868815322666,calculado,"IC95% pontual, não simultâneo"
Pré,tipo_vendavais_e_ciclones,Tipologia,Vendavais e Ciclones,14,DK6,7,-0.009202998898184097,0.0019104162770188899,1.0549245108602033e-05,-0.01302573303872349,-0.005380264757644704,calculado,-0.027407384970077216,0.014541146370957676,0.06438296524087066,-0.0565041516504685,0.0016893817103140682,calculado,"IC95% pontual, não simultâneo"
Pré,tipo_vendavais_e_ciclones,Tipologia,Vendavais e Ciclones,14,DK6,8,-0.010891035787414996,0.002297307033637101,1.3873571360490408e-05,-0.015487936543772503,-0.00629413503105749,calculado,-0.038298420757492214,0.01592147957846037,0.019306265910832537,-0.07015722780631814,-0.006439613708666289,calculado,"IC95% pontual, não simultâneo"
Pré,tipo_vendavais_e_ciclones,Tipologia,Vendavais e Ciclones,14,DK6,9,-0.008791024273200469,0.003037886540245693,0.0053259810635251795,-0.014869821199388657,-0.002712227347012281,calculado,-0.047089445030692685,0.018106284359070697,0.011739333093947068,-0.08332003634754503,-0.010858853713840343,calculado,"IC95% pontual, não simultâneo"
Pré,tipo_vendavais_e_ciclones,Tipologia,Vendavais e Ciclones,14,DK6,10,-0.0039866983112789075,0.0027486068753584977,0.1522307718354529,-0.009486647965052896,0.0015132513424950802,calculado,-0.051076143341971594,0.020092119815952023,0.013664713081773817,-0.09128038222968728,-0.010871904454255912,calculado,"IC95% pontual, não simultâneo"
Pré,tipo_vendavais_e_ciclones,Tipologia,Vendavais e Ciclones,14,DK6,11,-0.002701505670736172,0.0027670562282992544,0.3328968775792208,-0.008238372394473333,0.002835361053000989,calculado,-0.05377764901270777,0.02185433979485203,0.016811207554317465,-0.09750808193337716,-0.010047216092038375,calculado,"IC95% pontual, não simultâneo"
Pré,tipo_vendavais_e_ciclones,Tipologia,Vendavais e Ciclones,14,DK6,12,-0.0023556115477461562,0.002662982696112051,0.3799758993662922,-0.007684227614595402,0.00297300451910309,calculado,-0.056133260560453924,0.023708463718950665,0.02119914202295688,-0.10357378688364757,-0.008692734237260274,calculado,"IC95% pontual, não simultâneo"
Pré,tipo_vendavais_e_ciclones,Tipologia,Vendavais e Ciclones,14,DK6,13,-0.004747059780392004,0.0024471390825363563,0.057184050718680136,-0.009643773774086414,0.00014965421330240692,calculado,-0.06088032034084593,0.02553218131010298,0.02033810602032565,-0.11197009713487363,-0.009790543546818235,calculado,"IC95% pontual, não simultâneo"
Pré,tipo_vendavais_e_ciclones,Tipologia,Vendavais e Ciclones,14,DK6,14,-0.006136672602723048,0.0019248203374714527,0.0022915721842649375,-0.009988229201653723,-0.0022851160037923725,calculado,-0.06701699294356897,0.026516522967782983,0.014191487184395436,-0.1200764328450741,-0.013957553042063843,calculado,"IC95% pontual, não simultâneo"
Total,total_climatico,Central,Total climático / hidrometeorológico (COBRADE 12/13/14),1,CR1,0,0.0006226672109475388,0.0003683460364142748,0.10289978688080367,-0.0001344789105094229,0.0013798133324045003,calculado,0.0006226672109475388,0.0003683460364142748,0.10289978688080367,-0.0001344789105094229,0.0013798133324045003,calculado,"IC95% pontual, não simultâneo"
Total,total_climatico,Central,Total climático / hidrometeorológico (COBRADE 12/13/14),1,CR1,1,0.000523599917081728,0.00036629641669179495,0.16478331825870857,-0.00022933315069765343,0.0012765329848611093,calculado,0.0011462671280292667,0.000704400779445052,0.11573466393149696,-0.0003016494107230235,0.002594183666781557,calculado,"IC95% pontual, não simultâneo"
Total,total_climatico,Central,Total climático / hidrometeorológico (COBRADE 12/13/14),1,DK6,0,0.0006226672109475388,0.00032127197242545183,0.05499596582323238,-1.3538760515775577e-05,0.0012588731824108531,calculado,0.0006226672109475388,0.00032127197242545183,0.05499596582323238,-1.3538760515775577e-05,0.0012588731824108531,calculado,"IC95% pontual, não simultâneo"
Total,total_climatico,Central,Total climático / hidrometeorológico (COBRADE 12/13/14),1,DK6,1,0.000523599917081728,0.0003564500005513106,0.1445128425359593,-0.00018226812726336865,0.0012294679614268246,calculado,0.0011462671280292667,0.0006297732177418204,0.07127429351702468,-0.00010085529840020641,0.00239338955445874,calculado,"IC95% pontual, não simultâneo"
Total,grupo_climatologico,Grupo,Climatológico,1,CR1,0,0.0001420454113801088,0.0003034801780873691,0.643645228119563,-0.0004817670287230602,0.0007658578514832779,calculado,0.0001420454113801088,0.0003034801780873691,0.643645228119563,-0.0004817670287230602,0.0007658578514832779,calculado,"IC95% pontual, não simultâneo"
Total,grupo_climatologico,Grupo,Climatológico,1,CR1,1,-3.511268180888266e-05,0.00042833824418324866,0.9352950504191528,-0.0009155745524241499,0.0008453491888063845,calculado,0.00010693272957122614,0.0006845697947459106,0.8770785519469527,-0.0013002206363347027,0.0015140860954771548,calculado,"IC95% pontual, não simultâneo"
Total,grupo_climatologico,Grupo,Climatológico,1,DK6,0,0.0001420454113801088,0.0003434957228868498,0.6799697240100212,-0.0005381696363966794,0.0008222604591568971,calculado,0.0001420454113801088,0.0003434957228868498,0.6799697240100212,-0.0005381696363966794,0.0008222604591568971,calculado,"IC95% pontual, não simultâneo"
Total,grupo_climatologico,Grupo,Climatológico,1,DK6,1,-3.511268180888266e-05,0.00036440268893968156,0.923400650007546,-0.0007567292142765858,0.0006865038506588204,calculado,0.00010693272957122614,0.0006340894235548968,0.8663686798918329,-0.001148736959452033,0.0013626024185944851,calculado,"IC95% pontual, não simultâneo"
Total,grupo_hidrologico,Grupo,Hidrológico,1,CR1,0,0.0008527638487150165,0.0003292663468454914,0.015525866574577989,0.00017594717961971393,0.0015295805178103191,calculado,0.0008527638487150165,0.0003292663468454914,0.015525866574577989,0.00017594717961971393,0.0015295805178103191,calculado,"IC95% pontual, não simultâneo"
Total,grupo_hidrologico,Grupo,Hidrológico,1,CR1,1,0.0010481944049009688,0.00029008257270961784,0.0012701461918815731,0.0004519211370590875,0.00164446767274285,calculado,0.0019009582536159853,0.0005446420371250713,0.0017385617940460438,0.0007814305127829765,0.0030204859944489943,calculado,"IC95% pontual, não simultâneo"
Total,grupo_hidrologico,Grupo,Hidrológico,1,DK6,0,0.0008527638487150165,0.00038145236633783686,0.027260896610116638,9.738431323668979e-05,0.0016081433841933432,calculado,0.0008527638487150165,0.00038145236633783686,0.027260896610116638,9.738431323668979e-05,0.0016081433841933432,calculado,"IC95% pontual, não simultâneo"
Total,grupo_hidrologico,Grupo,Hidrológico,1,DK6,1,0.0010481944049009688,0.0003880010183766277,0.00791925704509097,0.0002798467555200797,0.0018165420542818579,calculado,0.0019009582536159853,0.0006583005575077807,0.004617818335687743,0.0005973439279023996,0.003204572579329571,calculado,"IC95% pontual, não simultâneo"
Total,grupo_meteorologico,Grupo,Meteorológico,9,CR1,0,0.00042978304631647967,0.0009759162837471675,0.6632949094687994,-0.0015762416045767749,0.0024358076972097343,calculado,0.00042978304631647967,0.0009759162837471675,0.6632949094687994,-0.0015762416045767749,0.0024358076972097343,calculado,"IC95% pontual, não simultâneo"
Total,grupo_meteorologico,Grupo,Meteorológico,9,CR1,1,-0.00010152299310887894,0.001394298584670376,0.9425122294305798,-0.00296754478015693,0.0027644987939391716,calculado,0.00032826005320760074,0.0023487401293508167,0.889926608677925,-0.004499644426394873,0.005156164532810075,calculado,"IC95% pontual, não simultâneo"
Total,grupo_meteorologico,Grupo,Meteorológico,9,CR1,2,-0.00018721934505997197,0.00154741845557097,0.9046305815638878,-0.0033679835343853903,0.002993544844265446,calculado,0.00014104070814762877,0.0038101415012041433,0.9707540610678065,-0.00769081731297244,0.007972898729267697,calculado,"IC95% pontual, não simultâneo"
Total,grupo_meteorologico,Grupo,Meteorológico,9,CR1,3,0.0003534049571357845,0.0012427265504045615,0.7783728503746012,-0.0022010560514038983,0.0029078659656754675,calculado,0.0004944456652834133,0.004891321440511407,0.920257453379798,-0.009559809549552852,0.010548700880119678,calculado,"IC95% pontual, não simultâneo"
Total,grupo_meteorologico,Grupo,Meteorológico,9,CR1,4,0.0007314432371973239,0.0010980916057042147,0.5112120248724604,-0.0015257163846543122,0.00298860285904896,calculado,0.0012258889024807371,0.005726409422731441,0.8321575386377694,-0.010544914243665684,0.012996692048627159,calculado,"IC95% pontual, não simultâneo"
Total,grupo_meteorologico,Grupo,Meteorológico,9,CR1,5,-0.000549563429634836,0.001264906191314291,0.6675319523253983,-0.0031496153430029955,0.002050488483733324,calculado,0.0006763254728459011,0.006833512635010359,0.9219197456684559,-0.013370160917755926,0.014722811863447729,calculado,"IC95% pontual, não simultâneo"
Total,grupo_meteorologico,Grupo,Meteorológico,9,CR1,6,-0.0008131130537089818,0.0014328480720498412,0.5752556859160068,-0.0037583744469101158,0.0021321483394921518,calculado,-0.0001367875808630807,0.008021838950125312,0.9865253946058485,-0.016625913694897698,0.01635233853317154,calculado,"IC95% pontual, não simultâneo"
Total,grupo_meteorologico,Grupo,Meteorológico,9,CR1,7,-0.0026655880502103237,0.001996670482108803,0.19344346813544874,-0.006769803005454227,0.0014386269050335795,calculado,-0.0028023756310734046,0.009810851431944953,0.7774168961596969,-0.022968869567587844,0.017364118305441035,calculado,"IC95% pontual, não simultâneo"
Total,grupo_meteorologico,Grupo,Meteorológico,9,CR1,8,-0.003472972279046298,0.0024210247515702265,0.1633477979550983,-0.008449459927581948,0.0015035153694893523,calculado,-0.006275347910119702,0.012017177345123687,0.6059534250295306,-0.030977009712413652,0.018426313892174247,calculado,"IC95% pontual, não simultâneo"
Total,grupo_meteorologico,Grupo,Meteorológico,9,CR1,9,-0.002266167629446865,0.00144134686774088,0.12798236954885753,-0.00522889854738394,0.0006965632884902099,calculado,-0.008541515539566568,0.013280299875564386,0.5257449994295589,-0.035839562887794454,0.018756531808661315,calculado,"IC95% pontual, não simultâneo"
Total,grupo_meteorologico,Grupo,Meteorológico,9,DK6,0,0.00042978304631647967,0.0005308777776789668,0.4198164991746314,-0.0006214994845768857,0.0014810655772098452,calculado,0.00042978304631647967,0.0005308777776789668,0.4198164991746314,-0.0006214994845768857,0.0014810655772098452,calculado,"IC95% pontual, não simultâneo"
Total,grupo_meteorologico,Grupo,Meteorológico,9,DK6,1,-0.00010152299310887894,0.0009323209126910682,0.9134725106591773,-0.0019477722239278526,0.0017447262377100947,calculado,0.00032826005320760074,0.0013539168716184546,0.8088507335639238,-0.002352863955480905,0.0030093840618961062,calculado,"IC95% pontual, não simultâneo"
Total,grupo_meteorologico,Grupo,Meteorológico,9,DK6,2,-0.00018721934505997197,0.0009054992565139504,0.8365550977068894,-0.001980354394471858,0.0016059157043519143,calculado,0.00014104070814762877,0.002075847446752008,0.9459454647857289,-0.00396970238437953,0.004251783800674787,calculado,"IC95% pontual, não simultâneo"
Total,grupo_meteorologico,Grupo,Meteorológico,9,DK6,3,0.0003534049571357845,0.000985988828508516,0.7206642733379692,-0.0015991213580527992,0.002305931272324368,calculado,0.0004944456652834133,0.0029290261958661236,0.8662359882585539,-0.005305823627783858,0.006294714958350684,calculado,"IC95% pontual, não simultâneo"
Total,grupo_meteorologico,Grupo,Meteorológico,9,DK6,4,0.0007314432371973239,0.0012432496938346502,0.5574340588317147,-0.0017305296304205554,0.003193416104815203,calculado,0.0012258889024807371,0.003907111316432546,0.754258538769003,-0.006511255212271032,0.008963033017232506,calculado,"IC95% pontual, não simultâneo"
Total,grupo_meteorologico,Grupo,Meteorológico,9,DK6,5,-0.000549563429634836,0.0012159300177709928,0.6521205749473202,-0.0029574359008847275,0.0018583090416150552,calculado,0.0006763254728459011,0.004902046898406935,0.8905008880930527,-0.009031061964704006,0.010383712910395809,calculado,"IC95% pontual, não simultâneo"
Total,grupo_meteorologico,Grupo,Meteorológico,9,DK6,6,-0.0008131130537089818,0.0009447451085809798,0.39116563804462934,-0.002683965574868279,0.0010577394674503152,calculado,-0.0001367875808630807,0.005588094267612861,0.9805123637069209,-0.011202735585338214,0.010929160423612052,calculado,"IC95% pontual, não simultâneo"
Total,grupo_meteorologico,Grupo,Meteorológico,9,DK6,7,-0.0026655880502103237,0.0011639023498230996,0.023785008599121693,-0.004970431574428613,-0.0003607445259920343,calculado,-0.0028023756310734046,0.006139101198545745,0.6488841132290735,-0.014959467370031999,0.00935471610788519,calculado,"IC95% pontual, não simultâneo"
Total,grupo_meteorologico,Grupo,Meteorológico,9,DK6,8,-0.003472972279046298,0.0010469937645378987,0.0012095171144224568,-0.0055463049761225415,-0.0013996395819700549,calculado,-0.006275347910119702,0.006628432794933866,0.34571018522963587,-0.019401449430098135,0.006850753609858731,calculado,"IC95% pontual, não simultâneo"
Total,grupo_meteorologico,Grupo,Meteorológico,9,DK6,9,-0.002266167629446865,0.0007367446035269554,0.002608514157788661,-0.0037251225226129147,-0.0008072127362808157,calculado,-0.008541515539566568,0.006908099006544927,0.21874693872786188,-0.02222143229745769,0.005138401218324552,calculado,"IC95% pontual, não simultâneo"
Total,grupo_outros,Grupo,Outros,1,CR1,0,0.0015221851575432741,0.0009322826746165406,0.11457527746822764,-0.00039414932526774015,0.0034385196403542884,calculado,0.0015221851575432741,0.0009322826746165406,0.11457527746822764,-0.00039414932526774015,0.0034385196403542884,calculado,"IC95% pontual, não simultâneo"
Total,grupo_outros,Grupo,Outros,1,CR1,1,0.0016560961199835464,0.0007564447419997572,0.03774512267977694,0.00010120168409643226,0.0032109905558706606,calculado,0.003178281277526821,0.001576675375794717,0.05426342670598599,-6.262137260253531e-05,0.006419183927656177,calculado,"IC95% pontual, não simultâneo"
Total,grupo_outros,Grupo,Outros,1,DK6,0,0.0015221851575432741,0.0008981920959577166,0.09276587800827482,-0.00025647972459812043,0.003300850039684669,calculado,0.0015221851575432741,0.0008981920959577166,0.09276587800827482,-0.00025647972459812043,0.003300850039684669,calculado,"IC95% pontual, não simultâneo"
Total,grupo_outros,Grupo,Outros,1,DK6,1,0.0016560961199835464,0.0008216960869813821,0.0461286696440041,2.8914161598123664e-05,0.003283278078368969,calculado,0.003178281277526821,0.001539165682499978,0.041119670894369235,0.00013031418943881693,0.006226248365614825,calculado,"IC95% pontual, não simultâneo"
Total,tipo_alagamentos,Tipologia,Alagamentos,1,CR1,0,0.0015924713419968042,0.0007270989811089882,0.037676278530521794,9.789798152004038e-05,0.0030870447024735678,calculado,0.0015924713419968042,0.0007270989811089882,0.037676278530521794,9.789798152004038e-05,0.0030870447024735678,calculado,"IC95% pontual, não simultâneo"
Total,tipo_alagamentos,Tipologia,Alagamentos,1,CR1,1,0.0023363698364176127,0.0006655964306550052,0.0016528517353617557,0.0009682167789506295,0.0037045228938845957,calculado,0.003928841178414417,0.0012646220296578835,0.004535056698959452,0.001329373367696336,0.006528308989132497,calculado,"IC95% pontual, não simultâneo"
Total,tipo_alagamentos,Tipologia,Alagamentos,1,DK6,0,0.0015924713419968042,0.0007433502060972154,0.034225012970929745,0.00012043555737114263,0.0030645071266224657,calculado,0.0015924713419968042,0.0007433502060972154,0.034225012970929745,0.00012043555737114263,0.0030645071266224657,calculado,"IC95% pontual, não simultâneo"
Total,tipo_alagamentos,Tipologia,Alagamentos,1,DK6,1,0.0023363698364176127,0.0006700116349257195,0.0006868474268299025,0.0010095643890841953,0.00366317528375103,calculado,0.003928841178414417,0.001187697831857544,0.0012462002918344948,0.0015768761214652437,0.00628080623536359,calculado,"IC95% pontual, não simultâneo"
Total,tipo_chuvas_intensas,Tipologia,Chuvas Intensas,16,CR1,0,0.0012517322967791366,0.00032259929322957855,0.0006385684356182731,0.0005886199526603532,0.00191484464089792,calculado,0.0012517322967791366,0.00032259929322957855,0.0006385684356182731,0.0005886199526603532,0.00191484464089792,calculado,"IC95% pontual, não simultâneo"
Total,tipo_chuvas_intensas,Tipologia,Chuvas Intensas,16,CR1,1,0.0007965040605602318,0.0006684281855858006,0.24417921034097365,-0.0005774697525300234,0.002170477873650487,calculado,0.0020482363573393683,0.0008713267373760615,0.026599557552269143,0.000257198597986226,0.003839274116692511,calculado,"IC95% pontual, não simultâneo"
Total,tipo_chuvas_intensas,Tipologia,Chuvas Intensas,16,CR1,2,-0.0002068887751959054,0.0010442305713461693,0.8444877953906105,-0.002353335455328824,0.001939557904937013,calculado,0.001841347582143463,0.0018118869852255064,0.31886997335597433,-0.0018830394554814507,0.0055657346197683765,calculado,"IC95% pontual, não simultâneo"
Total,tipo_chuvas_intensas,Tipologia,Chuvas Intensas,16,CR1,3,-0.00022850829862465768,0.0011470775560319538,0.8436488816486248,-0.002586359983454859,0.002129343386205544,calculado,0.0016128392835188052,0.002859577536222677,0.5775784503639344,-0.004265106524268765,0.0074907850913063755,calculado,"IC95% pontual, não simultâneo"
Total,tipo_chuvas_intensas,Tipologia,Chuvas Intensas,16,CR1,4,-0.0005464759980591081,0.001045486609912839,0.605608899457355,-0.002695504502441887,0.0016025525063236709,calculado,0.0010663632854596974,0.003855236831155815,0.7842733330110996,-0.006858189513921346,0.00899091608484074,calculado,"IC95% pontual, não simultâneo"
Total,tipo_chuvas_intensas,Tipologia,Chuvas Intensas,16,CR1,5,0.00035376017730956146,0.0011740302678802002,0.7655663645208549,-0.0020594936001759687,0.0027670139547950915,calculado,0.0014201234627692588,0.00488426048499571,0.7735453789937908,-0.008619617750139542,0.01145986467567806,calculado,"IC95% pontual, não simultâneo"
Total,tipo_chuvas_intensas,Tipologia,Chuvas Intensas,16,CR1,6,-0.0016636562388729088,0.00124529990977599,0.19314280733558215,-0.0042234068633567705,0.000896094385610953,calculado,-0.00024353277610364996,0.005955095667153716,0.9676921418757426,-0.012484407229872735,0.011997341677665436,calculado,"IC95% pontual, não simultâneo"
Total,tipo_chuvas_intensas,Tipologia,Chuvas Intensas,16,CR1,7,-0.003219195692221454,0.0017801608601851152,0.08212950630582252,-0.006878368745851779,0.00043997736140887096,calculado,-0.0034627284683251044,0.007474934037977194,0.6470429254806609,-0.018827675435300874,0.011902218498650665,calculado,"IC95% pontual, não simultâneo"
Total,tipo_chuvas_intensas,Tipologia,Chuvas Intensas,16,CR1,8,-0.0028150738945449155,0.0018759892092018561,0.14551103409081592,-0.006671224940635695,0.001041077151545864,calculado,-0.0062778023628700195,0.009205178814062109,0.5012786315715997,-0.025199318403146376,0.012643713677406338,calculado,"IC95% pontual, não simultâneo"
Total,tipo_chuvas_intensas,Tipologia,Chuvas Intensas,16,CR1,9,-0.001971654694242818,0.0017908697806310572,0.281007781166597,-0.005652840249105861,0.0017095308606202252,calculado,-0.008249457057112837,0.01086094057064601,0.4543541398596715,-0.03057444013142644,0.014075526017200767,calculado,"IC95% pontual, não simultâneo"
Total,tipo_chuvas_intensas,Tipologia,Chuvas Intensas,16,CR1,10,-0.001133597143322259,0.001177133006628112,0.34441162689145927,-0.00355322869164454,0.001286034405000022,calculado,-0.009383054200435096,0.01192977236259689,0.43867095767069986,-0.033905052488061145,0.015138944087190956,calculado,"IC95% pontual, não simultâneo"
Total,tipo_chuvas_intensas,Tipologia,Chuvas Intensas,16,CR1,11,-0.0013646025956494383,0.0012538265240270002,0.28642645820770224,-0.003941879926738203,0.0012126747354393268,calculado,-0.010747656796084533,0.013063452306336197,0.41814528820193714,-0.03759996758206573,0.01610465398989666,calculado,"IC95% pontual, não simultâneo"
Total,tipo_chuvas_intensas,Tipologia,Chuvas Intensas,16,CR1,12,-0.0014762942342359574,0.0015127770987064422,0.3381152397081806,-0.004585852094731805,0.0016332636262598905,calculado,-0.012223951030320493,0.014490801970671483,0.406606286820917,-0.04201022107057989,0.017562319009938907,calculado,"IC95% pontual, não simultâneo"
Total,tipo_chuvas_intensas,Tipologia,Chuvas Intensas,16,CR1,13,-0.0027643261359357805,0.002120242064767906,0.20373532345571385,-0.007122546117115162,0.0015938938452436002,calculado,-0.014988277166256272,0.016361873387957984,0.3680600428715478,-0.04862058958655132,0.018644035254038772,calculado,"IC95% pontual, não simultâneo"
Total,tipo_chuvas_intensas,Tipologia,Chuvas Intensas,16,CR1,14,-0.0033684853303352046,0.002162049881369409,0.13132230429052064,-0.007812642509304357,0.001075671848633948,calculado,-0.018356762496591475,0.01816135798455613,0.32144614354207407,-0.05568796847957841,0.01897444348639546,calculado,"IC95% pontual, não simultâneo"
Total,tipo_chuvas_intensas,Tipologia,Chuvas Intensas,16,CR1,15,-0.0021165468058545835,0.001737854234609043,0.23419650990292254,-0.00568875734516365,0.0014556637334544832,calculado,-0.020473309302446063,0.019622320529548678,0.3063823425714947,-0.06080756680541979,0.01986094820052766,calculado,"IC95% pontual, não simultâneo"
Total,tipo_chuvas_intensas,Tipologia,Chuvas Intensas,16,CR1,16,-0.0012323725861992146,0.0007080041857507965,0.09357286296103307,-0.002687696032692354,0.00022295086029392483,calculado,-0.021705681888645276,0.020201079016320095,0.29247792155549207,-0.06322959449904206,0.0198182307217515,calculado,"IC95% pontual, não simultâneo"
Total,tipo_chuvas_intensas,Tipologia,Chuvas Intensas,16,DK6,0,0.0012517322967791366,0.0004558575571156339,0.006980251944111822,0.000349010226801677,0.002154454366756596,calculado,0.0012517322967791366,0.0004558575571156339,0.006980251944111822,0.000349010226801677,0.002154454366756596,calculado,"IC95% pontual, não simultâneo"
Total,tipo_chuvas_intensas,Tipologia,Chuvas Intensas,16,DK6,1,0.0007965040605602318,0.000621897010690163,0.20278776085286893,-0.0004350213316153161,0.0020280294527357796,calculado,0.0020482363573393683,0.000899716024936575,0.02461650005984565,0.0002665536809312776,0.003829919033747459,calculado,"IC95% pontual, não simultâneo"
Total,tipo_chuvas_intensas,Tipologia,Chuvas Intensas,16,DK6,2,-0.0002068887751959054,0.0007630402367287644,0.7867590690315154,-0.0017179161810685583,0.0013041386306767474,calculado,0.001841347582143463,0.0015144817540507494,0.22647764193401754,-0.0011577386074334939,0.00484043377172042,calculado,"IC95% pontual, não simultâneo"
Total,tipo_chuvas_intensas,Tipologia,Chuvas Intensas,16,DK6,3,-0.00022850829862465768,0.000761489569487065,0.7646436203456382,-0.0017364649611907165,0.0012794483639414012,calculado,0.0016128392835188052,0.002108168182690664,0.4457733312994586,-0.002561907665463754,0.0057875862325013645,calculado,"IC95% pontual, não simultâneo"
Total,tipo_chuvas_intensas,Tipologia,Chuvas Intensas,16,DK6,4,-0.0005464759980591081,0.000870448634161076,0.5313417839578194,-0.0022702012727058504,0.001177249276587634,calculado,0.0010663632854596974,0.002636266221908996,0.6865791217846416,-0.004154161555482395,0.00628688812640179,calculado,"IC95% pontual, não simultâneo"
Total,tipo_chuvas_intensas,Tipologia,Chuvas Intensas,16,DK6,5,0.00035376017730956146,0.001137400182838325,0.7563301941721835,-0.0018986018410831803,0.002606122195702303,calculado,0.0014201234627692588,0.003412909039722956,0.6780900731982089,-0.005338365597886984,0.008178612523425503,calculado,"IC95% pontual, não simultâneo"
Total,tipo_chuvas_intensas,Tipologia,Chuvas Intensas,16,DK6,6,-0.0016636562388729088,0.0012211949086295272,0.17569214243078085,-0.004081954627385406,0.0007546421496395892,calculado,-0.00024353277610364996,0.00428491358228412,0.9547728136692839,-0.00872882823363374,0.008241762681426441,calculado,"IC95% pontual, não simultâneo"
Total,tipo_chuvas_intensas,Tipologia,Chuvas Intensas,16,DK6,7,-0.003219195692221454,0.001390587909284137,0.022341893377766268,-0.005972938339151354,-0.0004654530452915537,calculado,-0.0034627284683251044,0.005467345174056301,0.5277324842441016,-0.014289560393705315,0.007364103457055106,calculado,"IC95% pontual, não simultâneo"
Total,tipo_chuvas_intensas,Tipologia,Chuvas Intensas,16,DK6,8,-0.0028150738945449155,0.0013825634068410752,0.043976482674541684,-0.005552925841972598,-7.722194711723375e-05,calculado,-0.0062778023628700195,0.00668285008498432,0.349449507969393,-0.019511664932216004,0.006956060206475965,calculado,"IC95% pontual, não simultâneo"
Total,tipo_chuvas_intensas,Tipologia,Chuvas Intensas,16,DK6,9,-0.001971654694242818,0.0013557205500454297,0.14851173901846046,-0.0046563504772668745,0.0007130410887812386,calculado,-0.008249457057112837,0.007920318387736911,0.2997467681030701,-0.023933843765754706,0.007434929651529032,calculado,"IC95% pontual, não simultâneo"
Total,tipo_chuvas_intensas,Tipologia,Chuvas Intensas,16,DK6,10,-0.001133597143322259,0.0011646447174517864,0.33237463267197226,-0.0034399107575543955,0.0011727164709098774,calculado,-0.009383054200435096,0.008996039648971863,0.29907093463446477,-0.027197661870653464,0.008431553469783271,calculado,"IC95% pontual, não simultâneo"
Total,tipo_chuvas_intensas,Tipologia,Chuvas Intensas,16,DK6,11,-0.0013646025956494383,0.0011091926500168682,0.22104429481604232,-0.003561106019575393,0.0008319008282765162,calculado,-0.010747656796084533,0.009974121629731212,0.28343069891164147,-0.03049913307031458,0.009003819478145516,calculado,"IC95% pontual, não simultâneo"
Total,tipo_chuvas_intensas,Tipologia,Chuvas Intensas,16,DK6,12,-0.0014762942342359574,0.0009879523821783099,0.13776738713212974,-0.003432708920266792,0.00048012045179487723,calculado,-0.012223951030320493,0.010788186628166493,0.2594748338243525,-0.033587497630056376,0.00913959556941539,calculado,"IC95% pontual, não simultâneo"
Total,tipo_chuvas_intensas,Tipologia,Chuvas Intensas,16,DK6,13,-0.0027643261359357805,0.0013441561992146233,0.04193433467276597,-0.005426121355928734,-0.00010253091594282678,calculado,-0.014988277166256272,0.011994864019300396,0.21393390088317238,-0.038741373517479735,0.00876481918496719,calculado,"IC95% pontual, não simultâneo"
Total,tipo_chuvas_intensas,Tipologia,Chuvas Intensas,16,DK6,14,-0.0033684853303352046,0.001314466067484723,0.011646366026575374,-0.005971486006386178,-0.0007654846542842313,calculado,-0.018356762496591475,0.013153562099929263,0.16546360879028715,-0.04440439650217014,0.007690871508987191,calculado,"IC95% pontual, não simultâneo"
Total,tipo_chuvas_intensas,Tipologia,Chuvas Intensas,16,DK6,15,-0.0021165468058545835,0.0010764961383813564,0.05163017242637209,-0.004248302235140703,1.5208623431536058e-05,calculado,-0.020473309302446063,0.014024134599209228,0.14698506873210535,-0.04824491386932906,0.007298295264436934,calculado,"IC95% pontual, não simultâneo"
Total,tipo_chuvas_intensas,Tipologia,Chuvas Intensas,16,DK6,16,-0.0012323725861992146,0.0006639959729356404,0.065949245783775,-0.002547265385032672,8.252021263424267e-05,calculado,-0.021705681888645276,0.014419235484891936,0.13491186674470468,-0.050259693775108916,0.006848329997818363,calculado,"IC95% pontual, não simultâneo"
Total,tipo_doencas_infecciosas,Tipologia,Doenças infecciosas,1,CR1,0,0.0021397191326617635,0.0031893050229338535,0.5081981053796234,-0.0044159912307903575,0.008695429496113884,calculado,0.0021397191326617635,0.0031893050229338535,0.5081981053796234,-0.0044159912307903575,0.008695429496113884,calculado,"IC95% pontual, não simultâneo"
Total,tipo_doencas_infecciosas,Tipologia,Doenças infecciosas,1,CR1,1,0.0016442835041971529,0.0019552659001717864,0.4080430627887377,-0.0023748231139805124,0.005663390122374818,calculado,0.003784002636858916,0.004962640342218828,0.45262550632149506,-0.006416850679968628,0.01398485595368646,calculado,"IC95% pontual, não simultâneo"
Total,tipo_doencas_infecciosas,Tipologia,Doenças infecciosas,1,DK6,0,0.0021397191326617635,0.003063001602967657,0.48619567759141175,-0.003925857941173724,0.00820529620649725,calculado,0.0021397191326617635,0.003063001602967657,0.48619567759141175,-0.003925857941173724,0.00820529620649725,calculado,"IC95% pontual, não simultâneo"
Total,tipo_doencas_infecciosas,Tipologia,Doenças infecciosas,1,DK6,1,0.0016442835041971529,0.0021207339202190313,0.4396915871245624,-0.00255534702610448,0.005843914034498785,calculado,0.003784002636858916,0.005028178636940883,0.4532134449773076,-0.006173159982262323,0.013741165255980155,calculado,"IC95% pontual, não simultâneo"
Total,tipo_enxurradas,Tipologia,Enxurradas,1,CR1,0,0.0007676781017753097,0.000627647903923513,0.23226138865358148,-0.0005224706418419653,0.0020578268453925845,calculado,0.0007676781017753097,0.000627647903923513,0.23226138865358148,-0.0005224706418419653,0.0020578268453925845,calculado,"IC95% pontual, não simultâneo"
Total,tipo_enxurradas,Tipologia,Enxurradas,1,CR1,1,0.0014628132736377482,0.0007009546000883361,0.04684659417835712,2.1980458004030754e-05,0.0029036460892714654,calculado,0.0022304913754130577,0.0012704909452870778,0.09093109427888786,-0.00038104016415374314,0.004842022914979859,calculado,"IC95% pontual, não simultâneo"
Total,tipo_enxurradas,Tipologia,Enxurradas,1,DK6,0,0.0007676781017753097,0.0004889370845559033,0.11907049751046893,-0.0002005504384111794,0.0017359066419617988,calculado,0.0007676781017753097,0.0004889370845559033,0.11907049751046893,-0.0002005504384111794,0.0017359066419617988,calculado,"IC95% pontual, não simultâneo"
Total,tipo_enxurradas,Tipologia,Enxurradas,1,DK6,1,0.0014628132736377482,0.00046665611312552227,0.002171302506384845,0.0005387071228616868,0.0023869194244138096,calculado,0.0022304913754130577,0.0008629388721312185,0.010962685230992466,0.0005216374741126861,0.003939345276713429,calculado,"IC95% pontual, não simultâneo"
Total,tipo_erosao,Tipologia,Erosão,1,CR1,0,5.4541370497168574e-05,0.0014352107679997577,0.9699761070966715,-0.002895576613783581,0.003004659354777918,calculado,5.4541370497168574e-05,0.0014352107679997577,0.9699761070966715,-0.002895576613783581,0.003004659354777918,calculado,"IC95% pontual, não simultâneo"
Total,tipo_erosao,Tipologia,Erosão,1,CR1,1,0.001439523538057194,0.0010642085197033082,0.18780835565678722,-0.0007479884030475107,0.0036270354791618983,calculado,0.0014940649085543624,0.0023313939630831954,0.5272312930435974,-0.003298184015637422,0.006286313832746147,calculado,"IC95% pontual, não simultâneo"
Total,tipo_erosao,Tipologia,Erosão,1,DK6,0,5.4541370497168574e-05,0.0010757186554669765,0.9596484998529484,-0.0020756744309493205,0.0021847571719436575,calculado,5.4541370497168574e-05,0.0010757186554669765,0.9596484998529484,-0.0020756744309493205,0.0021847571719436575,calculado,"IC95% pontual, não simultâneo"
Total,tipo_erosao,Tipologia,Erosão,1,DK6,1,0.001439523538057194,0.0012899181497782416,0.2666979057969606,-0.0011148655777821978,0.003993912653896586,calculado,0.0014940649085543624,0.00212253272148911,0.4828776557202682,-0.002709127737984364,0.005697257555093089,calculado,"IC95% pontual, não simultâneo"
Total,tipo_estiagem_e_seca,Tipologia,Estiagem e Seca,1,CR1,0,-0.0001371013274541257,0.0002059676905264731,0.5115008431170704,-0.000560473978740576,0.0002862713238323246,calculado,-0.0001371013274541257,0.0002059676905264731,0.5115008431170704,-0.000560473978740576,0.0002862713238323246,calculado,"IC95% pontual, não simultâneo"
Total,tipo_estiagem_e_seca,Tipologia,Estiagem e Seca,1,CR1,1,-0.0003008415970823065,0.0003170091055459139,0.35135895350340435,-0.0009524631458497783,0.0003507799516851653,calculado,-0.0004379429245364322,0.0004386606799587404,0.32730451709333025,-0.001339622865766723,0.00046373701669385873,calculado,"IC95% pontual, não simultâneo"
Total,tipo_estiagem_e_seca,Tipologia,Estiagem e Seca,1,DK6,0,-0.0001371013274541257,0.00029983679730452323,0.6483298107434795,-0.0007308598164671587,0.00045665716155890727,calculado,-0.0001371013274541257,0.00029983679730452323,0.6483298107434795,-0.0007308598164671587,0.00045665716155890727,calculado,"IC95% pontual, não simultâneo"
Total,tipo_estiagem_e_seca,Tipologia,Estiagem e Seca,1,DK6,1,-0.0003008415970823065,0.00038043078127999167,0.4306519258234272,-0.0010541981160203104,0.00045251492185569746,calculado,-0.0004379429245364322,0.0006049128598901304,0.4705128206836947,-0.0016358350742052081,0.0007599492251323438,calculado,"IC95% pontual, não simultâneo"
Total,tipo_granizo,Tipologia,Granizo,1,CR1,0,0.001108641769042757,0.0011230424009242342,0.3326541413483673,-0.001199804946901179,0.003417088484986693,calculado,0.001108641769042757,0.0011230424009242342,0.3326541413483673,-0.001199804946901179,0.003417088484986693,calculado,"IC95% pontual, não simultâneo"
Total,tipo_granizo,Tipologia,Granizo,1,CR1,1,0.0011503726430809975,0.0008467310103702264,0.18594328843506233,-0.000590107875346827,0.002890853161508822,calculado,0.0022590144121237546,0.0019363700353891278,0.2539519665411757,-0.0017212511997245408,0.00623928002397205,calculado,"IC95% pontual, não simultâneo"
Total,tipo_granizo,Tipologia,Granizo,1,DK6,0,0.001108641769042757,0.0006598391631506754,0.09556987622668929,-0.00019801941472802798,0.002415302952813542,calculado,0.001108641769042757,0.0006598391631506754,0.09556987622668929,-0.00019801941472802798,0.002415302952813542,calculado,"IC95% pontual, não simultâneo"
Total,tipo_granizo,Tipologia,Granizo,1,DK6,1,0.0011503726430809975,0.0006430405183667017,0.07618713568036377,-0.00012302265059868991,0.002423767936760685,calculado,0.0022590144121237546,0.0011798585651219798,0.05795842575548648,-7.74267624543321e-05,0.004595455586701842,calculado,"IC95% pontual, não simultâneo"
Total,tipo_incendio_florestal,Tipologia,Incêndio Florestal,6,CR1,0,0.0008742952536236654,0.001310178577603749,0.5104539475308157,-0.0018188153825200875,0.0035674058897674187,calculado,0.0008742952536236654,0.001310178577603749,0.5104539475308157,-0.0018188153825200875,0.0035674058897674187,calculado,"IC95% pontual, não simultâneo"
Total,tipo_incendio_florestal,Tipologia,Incêndio Florestal,6,CR1,1,0.0014227436041350586,0.0016425894087265826,0.39432584618824856,-0.0019536472811054234,0.00479913448937554,calculado,0.002297038857758724,0.002903504693321471,0.4360281862140765,-0.003671200514601308,0.008265278230118755,calculado,"IC95% pontual, não simultâneo"
Total,tipo_incendio_florestal,Tipologia,Incêndio Florestal,6,CR1,2,0.0008327256784989493,0.001415570243584736,0.5614324021558601,-0.002077020629656339,0.0037424719866542373,calculado,0.003129764536257673,0.0040529976250143545,0.44695304743719594,-0.005201291396708983,0.01146082046922433,calculado,"IC95% pontual, não simultâneo"
Total,tipo_incendio_florestal,Tipologia,Incêndio Florestal,6,CR1,3,0.000726756905768267,0.0010436798759185957,0.4923941896516739,-0.001418557803701548,0.002872071615238082,calculado,0.00385652144202594,0.004562232132619953,0.4056473972030095,-0.005521281012496831,0.013234323896548711,calculado,"IC95% pontual, não simultâneo"
Total,tipo_incendio_florestal,Tipologia,Incêndio Florestal,6,CR1,4,0.0023123690924650433,0.0009072119533727745,0.01705427473215479,0.0004475682152185994,0.004177169969711487,calculado,0.006168890534490983,0.005230170843000063,0.24888689354183144,-0.0045818796024272605,0.016919660671409226,calculado,"IC95% pontual, não simultâneo"
Total,tipo_incendio_florestal,Tipologia,Incêndio Florestal,6,CR1,5,0.0021573960510024473,0.0010434556556945724,0.048769641925011584,1.2542232803851219e-05,0.004302249869201044,calculado,0.00832628658549343,0.006038101561310805,0.17965627512752397,-0.004085208927296427,0.020737782098283288,calculado,"IC95% pontual, não simultâneo"
Total,tipo_incendio_florestal,Tipologia,Incêndio Florestal,6,CR1,6,0.002700169597869665,0.0011755131505508738,0.02992168676392613,0.00028386771140051156,0.005116471484338818,calculado,0.011026456183363096,0.00693343479035697,0.12384749218495454,-0.0032254231391263353,0.025278335505852526,calculado,"IC95% pontual, não simultâneo"
Total,tipo_incendio_florestal,Tipologia,Incêndio Florestal,6,DK6,0,0.0008742952536236654,0.0015316485658672548,0.5692073054525013,-0.002158785897002008,0.0039073764042493395,calculado,0.0008742952536236654,0.0015316485658672548,0.5692073054525013,-0.002158785897002008,0.0039073764042493395,calculado,"IC95% pontual, não simultâneo"
Total,tipo_incendio_florestal,Tipologia,Incêndio Florestal,6,DK6,1,0.0014227436041350586,0.0015534968835784239,0.36162236596570885,-0.0016536031637473425,0.004499090372017459,calculado,0.002297038857758724,0.0029875282781582505,0.44350310938128107,-0.00361908048539633,0.008213158200913777,calculado,"IC95% pontual, não simultâneo"
Total,tipo_incendio_florestal,Tipologia,Incêndio Florestal,6,DK6,2,0.0008327256784989493,0.0016868876444789452,0.6224736340960887,-0.0025077711115041607,0.004173222468502059,calculado,0.003129764536257673,0.004533483263062557,0.491319470403304,-0.005847766562128599,0.012107295634643946,calculado,"IC95% pontual, não simultâneo"
Total,tipo_incendio_florestal,Tipologia,Incêndio Florestal,6,DK6,3,0.000726756905768267,0.001725334635890632,0.674355868513785,-0.0026898753943954425,0.004143389205931976,calculado,0.00385652144202594,0.0060216036560132484,0.5231233942039619,-0.00806789317409778,0.01578093605814966,calculado,"IC95% pontual, não simultâneo"
Total,tipo_incendio_florestal,Tipologia,Incêndio Florestal,6,DK6,4,0.0023123690924650433,0.001495906938671766,0.12483126951499425,-0.0006499339056815433,0.00527467209061163,calculado,0.006168890534490983,0.007219628463807751,0.3945810632517183,-0.00812793936244878,0.020465720431430745,calculado,"IC95% pontual, não simultâneo"
Total,tipo_incendio_florestal,Tipologia,Incêndio Florestal,6,DK6,5,0.0021573960510024473,0.00127722384549414,0.09383541373776447,-0.000371854886339311,0.004686646988344206,calculado,0.00832628658549343,0.008256037306917595,0.3152738080399454,-0.00802291498235786,0.02467548815334472,calculado,"IC95% pontual, não simultâneo"
Total,tipo_incendio_florestal,Tipologia,Incêndio Florestal,6,DK6,6,0.002700169597869665,0.0010060264904252906,0.00832090865555423,0.0007079632568469784,0.004692375938892351,calculado,0.011026456183363096,0.009050171248830974,0.22551381167078563,-0.006895346791865018,0.02894825915859121,calculado,"IC95% pontual, não simultâneo"
Total,tipo_inundacoes,Tipologia,Inundações,1,CR1,0,1.290012607665771e-05,0.0007345715234057291,0.9861227994012416,-0.001497033265072561,0.0015228335172258764,calculado,1.290012607665771e-05,0.0007345715234057291,0.9861227994012416,-0.001497033265072561,0.0015228335172258764,calculado,"IC95% pontual, não simultâneo"
Total,tipo_inundacoes,Tipologia,Inundações,1,CR1,1,0.0013757845059414432,0.0006722837198710018,0.05094919420719943,-6.114471373739943e-06,0.002757683483256626,calculado,0.0013886846320181009,0.0012645202467506645,0.28218740336251663,-0.0012105739609378405,0.003987943224974042,calculado,"IC95% pontual, não simultâneo"
Total,tipo_inundacoes,Tipologia,Inundações,1,DK6,0,1.290012607665771e-05,0.0006263926264569552,0.9836040601433585,-0.0012275278092452628,0.0012533280613985782,calculado,1.290012607665771e-05,0.0006263926264569552,0.9836040601433585,-0.0012275278092452628,0.0012533280613985782,calculado,"IC95% pontual, não simultâneo"
Total,tipo_inundacoes,Tipologia,Inundações,1,DK6,1,0.0013757845059414432,0.0006030901647371837,0.024328675984053298,0.00018150178890293206,0.0025700672229799545,calculado,0.0013886846320181009,0.0010108301830771406,0.17210609455416637,-0.0006130343282570805,0.0033904035922932823,calculado,"IC95% pontual, não simultâneo"
Total,tipo_movimento_de_massa,Tipologia,Movimento de Massa,5,CR1,0,0.00225714184301797,0.0006911681543659516,0.003059857505765778,0.0008364253546662946,0.0036778583313696453,calculado,0.00225714184301797,0.0006911681543659516,0.003059857505765778,0.0008364253546662946,0.0036778583313696453,calculado,"IC95% pontual, não simultâneo"
Total,tipo_movimento_de_massa,Tipologia,Movimento de Massa,5,CR1,1,0.004344032967124402,0.0010857390543820285,0.00046629763863387073,0.0021122643781578665,0.006575801556090936,calculado,0.006601174810142371,0.0014877784874744713,0.00014855886386886007,0.003543002330959028,0.009659347289325715,calculado,"IC95% pontual, não simultâneo"
Total,tipo_movimento_de_massa,Tipologia,Movimento de Massa,5,CR1,2,0.003925186109041065,0.0012919744744421952,0.005364028958458542,0.001269494542849978,0.006580877675232152,calculado,0.010526360919183436,0.0025008890349304197,0.0002705450544482105,0.005385709885104793,0.01566701195326208,calculado,"IC95% pontual, não simultâneo"
Total,tipo_movimento_de_massa,Tipologia,Movimento de Massa,5,CR1,3,0.0034848018262059986,0.0009672140166365732,0.001304754744537003,0.0014966649415415045,0.005472938710870493,calculado,0.014011162745389435,0.0032205031461811804,0.0001864841789068431,0.007391323721172025,0.020631001769606847,calculado,"IC95% pontual, não simultâneo"
Total,tipo_movimento_de_massa,Tipologia,Movimento de Massa,5,CR1,4,0.0038781766022811083,0.0009050177340439113,0.00022150199065549162,0.002017886007459982,0.005738467197102234,calculado,0.017889339347670542,0.003630644917514603,4.071012545102536e-05,0.010426441838460148,0.025352236856880934,calculado,"IC95% pontual, não simultâneo"
Total,tipo_movimento_de_massa,Tipologia,Movimento de Massa,5,CR1,5,0.002235952341079362,0.0008820858438673715,0.01760826796011751,0.0004227989215998386,0.004049105760558886,calculado,0.020125291688749904,0.0038599507951568956,1.9127143252887974e-05,0.012191049197591937,0.02805953417990787,calculado,"IC95% pontual, não simultâneo"
Total,tipo_movimento_de_massa,Tipologia,Movimento de Massa,5,DK6,0,0.00225714184301797,0.0007827354352206295,0.004673130606412394,0.0007071125821279537,0.003807171103907986,calculado,0.00225714184301797,0.0007827354352206295,0.004673130606412394,0.0007071125821279537,0.003807171103907986,calculado,"IC95% pontual, não simultâneo"
Total,tipo_movimento_de_massa,Tipologia,Movimento de Massa,5,DK6,1,0.004344032967124402,0.0010176623244023384,3.99547046782972e-05,0.00232878450697982,0.006359281427268984,calculado,0.006601174810142371,0.0016679435357123112,0.00012972407793633944,0.0032981925130170357,0.009904157107267707,calculado,"IC95% pontual, não simultâneo"
Total,tipo_movimento_de_massa,Tipologia,Movimento de Massa,5,DK6,2,0.003925186109041065,0.0012340801646762557,0.0018776565954052211,0.0014813714055544537,0.006369000812527677,calculado,0.010526360919183436,0.0027376333009641357,0.0001958251305493634,0.0051051016645985905,0.01594762017376828,calculado,"IC95% pontual, não simultâneo"
Total,tipo_movimento_de_massa,Tipologia,Movimento de Massa,5,DK6,3,0.0034848018262059986,0.0013088596573698973,0.008839230283748428,0.0008929033685234579,0.006076700283888539,calculado,0.014011162745389435,0.003861640482537883,0.00042288023425895993,0.006364063261150569,0.0216582622296283,calculado,"IC95% pontual, não simultâneo"
Total,tipo_movimento_de_massa,Tipologia,Movimento de Massa,5,DK6,4,0.0038781766022811083,0.0014724232864827744,0.009573110654667793,0.0009623776288759599,0.006793975575686256,calculado,0.017889339347670542,0.004921808872400866,0.00041353547248749436,0.0081428178214296,0.027635860873911483,calculado,"IC95% pontual, não simultâneo"
Total,tipo_movimento_de_massa,Tipologia,Movimento de Massa,5,DK6,5,0.002235952341079362,0.0008085755032974887,0.0066021222433214595,0.000634752710457417,0.003837151971701307,calculado,0.020125291688749904,0.005277361363205361,0.00021945315097222074,0.009674679431808934,0.030575903945690874,calculado,"IC95% pontual, não simultâneo"
Total,tipo_onda_de_calor_e_baixa_umidade,Tipologia,Onda de Calor e Baixa Umidade,14,CR1,0,0.004133119761203385,0.005871924881131106,0.4877652327990272,-0.00793679469346116,0.01620303421586793,calculado,0.004133119761203385,0.005871924881131106,0.4877652327990272,-0.00793679469346116,0.01620303421586793,calculado,"IC95% pontual, não simultâneo"
Total,tipo_onda_de_calor_e_baixa_umidade,Tipologia,Onda de Calor e Baixa Umidade,14,CR1,1,0.010263446326535395,0.012676727245676124,0.42550142579294126,-0.015793939712598067,0.036320832365668854,calculado,0.014396566087738781,0.01853332152191366,0.4442907117354777,-0.02369922189638829,0.05249235407186585,calculado,"IC95% pontual, não simultâneo"
Total,tipo_onda_de_calor_e_baixa_umidade,Tipologia,Onda de Calor e Baixa Umidade,14,CR1,2,0.0027226609732395805,0.0028760604951991063,0.3525262341797884,-0.003189166041959983,0.008634487988439144,calculado,0.017119227060978362,0.02055909407572378,0.4126067490422925,-0.02514059604350017,0.059379050165456894,calculado,"IC95% pontual, não simultâneo"
Total,tipo_onda_de_calor_e_baixa_umidade,Tipologia,Onda de Calor e Baixa Umidade,14,CR1,3,-0.0009301356916474994,0.00729554455698312,0.8995306535530139,-0.015926342299457084,0.014066070916162085,calculado,0.016189091369330864,0.027075615348397423,0.5550652737602104,-0.03946563304867086,0.0718438157873326,calculado,"IC95% pontual, não simultâneo"
Total,tipo_onda_de_calor_e_baixa_umidade,Tipologia,Onda de Calor e Baixa Umidade,14,CR1,4,-0.002403260232412114,0.01038734473706437,0.818842980941232,-0.023754753128780046,0.018948232663955816,calculado,0.013785831136918749,0.0368458306566965,0.7113274913940766,-0.06195185846917098,0.08952352074300848,calculado,"IC95% pontual, não simultâneo"
Total,tipo_onda_de_calor_e_baixa_umidade,Tipologia,Onda de Calor e Baixa Umidade,14,CR1,5,-0.0023827574949341892,0.0112147420389822,0.8334000320783245,-0.025434989902847906,0.020669474912979525,calculado,0.011403073641984559,0.04798417748904462,0.814021210660529,-0.08722981577581133,0.11003596305978046,calculado,"IC95% pontual, não simultâneo"
Total,tipo_onda_de_calor_e_baixa_umidade,Tipologia,Onda de Calor e Baixa Umidade,14,CR1,6,0.003700670836518931,0.010904802145395291,0.7370633077465559,-0.018714470995917054,0.026115812668954914,calculado,0.015103744478503489,0.058803708929827656,0.7993160986711747,-0.10576901032814408,0.13597649928515104,calculado,"IC95% pontual, não simultâneo"
Total,tipo_onda_de_calor_e_baixa_umidade,Tipologia,Onda de Calor e Baixa Umidade,14,CR1,7,0.001293243863182162,0.007773450216048144,0.8691553464566193,-0.014685311895729603,0.017271799622093926,calculado,0.01639698834168565,0.06652030330466693,0.8072340812162767,-0.12033745336851004,0.15313143005188135,calculado,"IC95% pontual, não simultâneo"
Total,tipo_onda_de_calor_e_baixa_umidade,Tipologia,Onda de Calor e Baixa Umidade,14,CR1,8,0.002710206733184905,0.0047476954211930576,0.5730048435271612,-0.007048820970787401,0.01246923443715721,calculado,0.019107195074870555,0.07107030772010653,0.7901676283489468,-0.1269799146572163,0.1651943048069574,calculado,"IC95% pontual, não simultâneo"
Total,tipo_onda_de_calor_e_baixa_umidade,Tipologia,Onda de Calor e Baixa Umidade,14,CR1,9,-0.0019687795162818436,0.005338626433693489,0.7152776328301912,-0.012942483312655828,0.00900492428009214,calculado,0.01713841555858871,0.07556629832706767,0.8223532361212794,-0.1381903352219686,0.17246716633914605,calculado,"IC95% pontual, não simultâneo"
Total,tipo_onda_de_calor_e_baixa_umidade,Tipologia,Onda de Calor e Baixa Umidade,14,CR1,10,-0.011604373199517966,0.00585951831708189,0.05832844645881144,-0.023648785596546935,0.0004400391975110055,calculado,0.005534042359070745,0.08023716151624442,0.9455403716055915,-0.15939580521071273,0.1704638899288542,calculado,"IC95% pontual, não simultâneo"
Total,tipo_onda_de_calor_e_baixa_umidade,Tipologia,Onda de Calor e Baixa Umidade,14,CR1,11,-0.006415864138939599,0.005516002811712237,0.2553384737201046,-0.017754170302050967,0.004922442024171769,calculado,-0.000881821779868854,0.08562192918446918,0.9918613378563997,-0.17688021781194063,0.17511657425220295,calculado,"IC95% pontual, não simultâneo"
Total,tipo_onda_de_calor_e_baixa_umidade,Tipologia,Onda de Calor e Baixa Umidade,14,CR1,12,0.004558404569332382,0.0066355569046326396,0.49818600411244146,-0.009081177989929991,0.018197987128594755,calculado,0.003676582789463528,0.09194230913418906,0.9684082309629407,-0.18531354029266564,0.1926667058715927,calculado,"IC95% pontual, não simultâneo"
Total,tipo_onda_de_calor_e_baixa_umidade,Tipologia,Onda de Calor e Baixa Umidade,14,CR1,13,0.01195215135910081,0.006596050396939409,0.08154969981214147,-0.0016062244105801583,0.025510527128781775,calculado,0.015628734148564336,0.09761832700396919,0.8740393386441371,-0.1850286107591609,0.21628607905628958,calculado,"IC95% pontual, não simultâneo"
Total,tipo_onda_de_calor_e_baixa_umidade,Tipologia,Onda de Calor e Baixa Umidade,14,CR1,14,0.009865657369338343,0.0020021055350562043,4.06753478732662e-05,0.005750270502760473,0.013981044235916212,calculado,0.025494391517902677,0.0962559331920289,0.7932054559493986,-0.17236251280235443,0.22335129583815977,calculado,"IC95% pontual, não simultâneo"
Total,tipo_onda_de_calor_e_baixa_umidade,Tipologia,Onda de Calor e Baixa Umidade,14,DK6,0,0.004133119761203385,0.005658666344450133,0.46659017567641625,-0.007072580168606158,0.015338819691012927,calculado,0.004133119761203385,0.005658666344450133,0.46659017567641625,-0.007072580168606158,0.015338819691012927,calculado,"IC95% pontual, não simultâneo"
Total,tipo_onda_de_calor_e_baixa_umidade,Tipologia,Onda de Calor e Baixa Umidade,14,DK6,1,0.010263446326535395,0.011567619385732345,0.3767456186158771,-0.012643589333182454,0.03317048198625325,calculado,0.014396566087738781,0.01613424808436519,0.3740489593082225,-0.017553637656615245,0.04634676983209281,calculado,"IC95% pontual, não simultâneo"
Total,tipo_onda_de_calor_e_baixa_umidade,Tipologia,Onda de Calor e Baixa Umidade,14,DK6,2,0.0027226609732395805,0.007315416726887163,0.710425468933816,-0.0117638557628824,0.01720917770936156,calculado,0.017119227060978362,0.02257409104421874,0.44974911130344014,-0.027583618986449586,0.06182207310840631,calculado,"IC95% pontual, não simultâneo"
Total,tipo_onda_de_calor_e_baixa_umidade,Tipologia,Onda de Calor e Baixa Umidade,14,DK6,3,-0.0009301356916474994,0.009424082693840255,0.9215457289751045,-0.01959238512511305,0.017732113741818052,calculado,0.016189091369330864,0.031379730399915005,0.6068831779082169,-0.045951317931288344,0.07832950066995008,calculado,"IC95% pontual, não simultâneo"
Total,tipo_onda_de_calor_e_baixa_umidade,Tipologia,Onda de Calor e Baixa Umidade,14,DK6,4,-0.002403260232412114,0.00982756174967209,0.8072351212768488,-0.02186450804330431,0.01705798757848008,calculado,0.013785831136918749,0.04077285997912042,0.7358788975599788,-0.06695553200322607,0.09452719427706358,calculado,"IC95% pontual, não simultâneo"
Total,tipo_onda_de_calor_e_baixa_umidade,Tipologia,Onda de Calor e Baixa Umidade,14,DK6,5,-0.0023827574949341892,0.012640256434434873,0.8508042394267396,-0.027413906535739718,0.022648391545871338,calculado,0.011403073641984559,0.052725688527640265,0.8291494098701019,-0.09300814417311187,0.115814291457081,calculado,"IC95% pontual, não simultâneo"
Total,tipo_onda_de_calor_e_baixa_umidade,Tipologia,Onda de Calor e Baixa Umidade,14,DK6,6,0.003700670836518931,0.013102999440529822,0.7781091503718859,-0.02224683533780158,0.02964817701083944,calculado,0.015103744478503489,0.06532522944638285,0.8175533029867245,-0.11425799457155819,0.14446548352856517,calculado,"IC95% pontual, não simultâneo"
Total,tipo_onda_de_calor_e_baixa_umidade,Tipologia,Onda de Calor e Baixa Umidade,14,DK6,7,0.001293243863182162,0.010841043358865226,0.9052473054402445,-0.02017497345354372,0.02276146117990804,calculado,0.01639698834168565,0.07518755282825904,0.8277425722717185,-0.13249483601486142,0.16528881269823273,calculado,"IC95% pontual, não simultâneo"
Total,tipo_onda_de_calor_e_baixa_umidade,Tipologia,Onda de Calor e Baixa Umidade,14,DK6,8,0.002710206733184905,0.01109846196373977,0.8075026462978689,-0.0192677695032206,0.02468818296959041,calculado,0.019107195074870555,0.08517223932730711,0.8228838875785586,-0.14955702687343195,0.18777141702317304,calculado,"IC95% pontual, não simultâneo"
Total,tipo_onda_de_calor_e_baixa_umidade,Tipologia,Onda de Calor e Baixa Umidade,14,DK6,9,-0.0019687795162818436,0.010368204620709712,0.8497245292023147,-0.02250064740145711,0.01856308836889342,calculado,0.01713841555858871,0.09381637995212347,0.8553622711692873,-0.16864355818785076,0.2029203893050282,calculado,"IC95% pontual, não simultâneo"
Total,tipo_onda_de_calor_e_baixa_umidade,Tipologia,Onda de Calor e Baixa Umidade,14,DK6,10,-0.011604373199517966,0.009361686003729257,0.21759771501695116,-0.030143060199110224,0.0069343138000742925,calculado,0.005534042359070745,0.10203439395172562,0.9568380395608755,-0.1965218364549177,0.20758992117305916,calculado,"IC95% pontual, não simultâneo"
Total,tipo_onda_de_calor_e_baixa_umidade,Tipologia,Onda de Calor e Baixa Umidade,14,DK6,11,-0.006415864138939599,0.009461480485351925,0.4990335752821354,-0.025152171381119807,0.012320443103240607,calculado,-0.000881821779868854,0.1090154482733628,0.9935596724311924,-0.21676208873766256,0.21499844517792488,calculado,"IC95% pontual, não simultâneo"
Total,tipo_onda_de_calor_e_baixa_umidade,Tipologia,Onda de Calor e Baixa Umidade,14,DK6,12,0.004558404569332382,0.005236357689942613,0.3857785543492681,-0.005811009251328112,0.014927818389992875,calculado,0.003676582789463528,0.11054895797570388,0.9735254295763363,-0.21524045087586707,0.22259361645479414,calculado,"IC95% pontual, não simultâneo"
Total,tipo_onda_de_calor_e_baixa_umidade,Tipologia,Onda de Calor e Baixa Umidade,14,DK6,13,0.01195215135910081,0.005846685910386339,0.04315319926604217,0.00037412150054744707,0.02353018121765417,calculado,0.015628734148564336,0.10932339742091046,0.8865666034062962,-0.20086135596030527,0.23211882425743394,calculado,"IC95% pontual, não simultâneo"
Total,tipo_onda_de_calor_e_baixa_umidade,Tipologia,Onda de Calor e Baixa Umidade,14,DK6,14,0.009865657369338343,0.005392678272352751,0.0698562823218382,-0.000813313762659135,0.020544628501335822,calculado,0.025494391517902677,0.10906792622567904,0.8155857927021647,-0.19048979607256156,0.2414785791083669,calculado,"IC95% pontual, não simultâneo"
Total,tipo_onda_de_frio,Tipologia,Onda de Frio,1,CR1,0,0.004252093334793897,0.0014374286033969105,0.00651366771293973,0.0012974165245642358,0.007206770145023558,calculado,0.004252093334793897,0.0014374286033969105,0.00651366771293973,0.0012974165245642358,0.007206770145023558,calculado,"IC95% pontual, não simultâneo"
Total,tipo_onda_de_frio,Tipologia,Onda de Frio,1,CR1,1,0.0038693893424766902,0.0012473849129927704,0.004588039312852419,0.0013053529325010712,0.006433425752452309,calculado,0.008121482677270586,0.002613427271263655,0.004525410554103656,0.002749505985436029,0.013493459369105143,calculado,"IC95% pontual, não simultâneo"
Total,tipo_onda_de_frio,Tipologia,Onda de Frio,1,DK6,0,0.004252093334793897,0.0018288058111310315,0.021777313343171654,0.0006305599377019635,0.00787362673188583,calculado,0.004252093334793897,0.0018288058111310315,0.021777313343171654,0.0006305599377019635,0.00787362673188583,calculado,"IC95% pontual, não simultâneo"
Total,tipo_onda_de_frio,Tipologia,Onda de Frio,1,DK6,1,0.0038693893424766902,0.0013457021418857014,0.004789221986282813,0.0012045327351132337,0.006534245949840147,calculado,0.008121482677270586,0.002701554281286544,0.00323236203167577,0.0027716697041342483,0.013471295650406924,calculado,"IC95% pontual, não simultâneo"
Total,tipo_outros,Tipologia,Outros,1,CR1,0,0.0009932187922398609,0.0012729988564264042,0.4423070763968931,-0.0016234678325033256,0.003609905416983047,calculado,0.0009932187922398609,0.0012729988564264042,0.4423070763968931,-0.0016234678325033256,0.003609905416983047,calculado,"IC95% pontual, não simultâneo"
Total,tipo_outros,Tipologia,Outros,1,CR1,1,0.0004561816840397886,0.000910460448929094,0.6205551162863043,-0.0014152965714539704,0.002327659939533548,calculado,0.0014494004762796494,0.0021037032220543907,0.4969413456317443,-0.0028748234268210163,0.005773624379380315,calculado,"IC95% pontual, não simultâneo"
Total,tipo_outros,Tipologia,Outros,1,DK6,0,0.0009932187922398609,0.0011419955119971348,0.38621798109095046,-0.0012682432289623468,0.0032546808134420683,calculado,0.0009932187922398609,0.0011419955119971348,0.38621798109095046,-0.0012682432289623468,0.0032546808134420683,calculado,"IC95% pontual, não simultâneo"
Total,tipo_outros,Tipologia,Outros,1,DK6,1,0.0004561816840397886,0.0010519650320977812,0.6653364161422098,-0.0016269954762290007,0.002539358844308578,calculado,0.0014494004762796494,0.002022361045403214,0.4749831883194296,-0.002555424979943016,0.005454225932502315,calculado,"IC95% pontual, não simultâneo"
Total,tipo_rompimento_colapso_de_barragens,Tipologia,Rompimento/Colapso de barragens,4,CR1,0,0.015056588040630592,0.005794178123236183,0.015219169397942664,0.0031464843355781015,0.026966691745683082,calculado,0.015056588040630592,0.005794178123236183,0.015219169397942664,0.0031464843355781015,0.026966691745683082,calculado,"IC95% pontual, não simultâneo"
Total,tipo_rompimento_colapso_de_barragens,Tipologia,Rompimento/Colapso de barragens,4,CR1,1,0.019216431524112915,0.005839817751648368,0.002875469425614659,0.007212514219290457,0.031220348828935374,calculado,0.034273019564743504,0.011234407552791701,0.005201777548439474,0.011180364114268319,0.05736567501521869,calculado,"IC95% pontual, não simultâneo"
Total,tipo_rompimento_colapso_de_barragens,Tipologia,Rompimento/Colapso de barragens,4,CR1,2,0.016538888470422255,0.004191366954463059,0.000538202810784357,0.007923410307368513,0.025154366633476,calculado,0.05081190803516576,0.014153776013590417,0.0013486345221934968,0.021718404771273285,0.07990541129905823,calculado,"IC95% pontual, não simultâneo"
Total,tipo_rompimento_colapso_de_barragens,Tipologia,Rompimento/Colapso de barragens,4,CR1,3,0.012711111793333016,0.0037238907575554724,0.0021121834166831616,0.005056544714887631,0.0203656788717784,calculado,0.06352301982849878,0.016276189740485482,0.0006020604438792876,0.030066832667993766,0.09697920698900381,calculado,"IC95% pontual, não simultâneo"
Total,tipo_rompimento_colapso_de_barragens,Tipologia,Rompimento/Colapso de barragens,4,CR1,4,0.00956888794628333,0.002175224502754565,0.00016416028655771967,0.005097649945214015,0.014040125947352645,calculado,0.07309190777478211,0.017587632102866232,0.00031103234852551394,0.0369400122313201,0.10924380331824413,calculado,"IC95% pontual, não simultâneo"
Total,tipo_rompimento_colapso_de_barragens,Tipologia,Rompimento/Colapso de barragens,4,DK6,0,0.015056588040630592,0.004731428614542215,0.0018681822257685782,0.005687071255836567,0.024426104825424615,calculado,0.015056588040630592,0.004731428614542215,0.0018681822257685782,0.005687071255836567,0.024426104825424615,calculado,"IC95% pontual, não simultâneo"
Total,tipo_rompimento_colapso_de_barragens,Tipologia,Rompimento/Colapso de barragens,4,DK6,1,0.019216431524112915,0.005766537559326226,0.0011503289527794568,0.007797117220988883,0.030635745827236948,calculado,0.034273019564743504,0.01019542004397355,0.0010448926332202418,0.014083312181981236,0.05446272694750577,calculado,"IC95% pontual, não simultâneo"
Total,tipo_rompimento_colapso_de_barragens,Tipologia,Rompimento/Colapso de barragens,4,DK6,2,0.016538888470422255,0.004760967877542049,0.0007182302315955093,0.0071108759028456845,0.025966901037998827,calculado,0.05081190803516576,0.013921429176094078,0.0003921714313102013,0.023243688167527535,0.07838012790280399,calculado,"IC95% pontual, não simultâneo"
Total,tipo_rompimento_colapso_de_barragens,Tipologia,Rompimento/Colapso de barragens,4,DK6,3,0.012711111793333016,0.00396618095150124,0.001738299970576179,0.00485699371948003,0.020565229867186,calculado,0.06352301982849878,0.016957284586714434,0.0002793858953697027,0.02994297973840386,0.0971030599185937,calculado,"IC95% pontual, não simultâneo"
Total,tipo_rompimento_colapso_de_barragens,Tipologia,Rompimento/Colapso de barragens,4,DK6,4,0.00956888794628333,0.002633663215667267,0.00041557022562314005,0.004353517766366417,0.014784258126200243,calculado,0.07309190777478211,0.018799140442936367,0.00016749763876203004,0.03586449164544998,0.11031932390411425,calculado,"IC95% pontual, não simultâneo"
Total,tipo_tornado,Tipologia,Tornado,1,CR1,0,0.0013405779735646845,0.0017879160399512032,0.46010700298971186,-0.0023345360803768015,0.0050156920275061705,calculado,0.0013405779735646845,0.0017879160399512032,0.46010700298971186,-0.0023345360803768015,0.0050156920275061705,calculado,"IC95% pontual, não simultâneo"
Total,tipo_tornado,Tipologia,Tornado,1,CR1,1,-0.0006259330117858038,0.0018805803253121732,0.7419237490665913,-0.004491521232197568,0.0032396552086259604,calculado,0.0007146449617788807,0.00345807389748744,0.8378854231293152,-0.006393527735509051,0.007822817659066813,calculado,"IC95% pontual, não simultâneo"
Total,tipo_tornado,Tipologia,Tornado,1,DK6,0,0.0013405779735646845,0.00201349897137567,0.5068414458466132,-0.002646698163390233,0.005327854110519602,calculado,0.0013405779735646845,0.00201349897137567,0.5068414458466132,-0.002646698163390233,0.005327854110519602,calculado,"IC95% pontual, não simultâneo"
Total,tipo_tornado,Tipologia,Tornado,1,DK6,1,-0.0006259330117858038,0.0025102003734501963,0.8035191123827208,-0.0055968131514438834,0.004344947127872276,calculado,0.0007146449617788807,0.004170771747120989,0.864245217294481,-0.007544618587096572,0.008973908510654334,calculado,"IC95% pontual, não simultâneo"
Total,tipo_vendavais_e_ciclones,Tipologia,Vendavais e Ciclones,9,CR1,0,0.00014094997380544706,0.0010643666646999344,0.8956667796367734,-0.002046887038995397,0.002328786986606291,calculado,0.00014094997380544706,0.0010643666646999344,0.8956667796367734,-0.002046887038995397,0.002328786986606291,calculado,"IC95% pontual, não simultâneo"
Total,tipo_vendavais_e_ciclones,Tipologia,Vendavais e Ciclones,9,CR1,1,-0.0007547739777265788,0.0015475666445860022,0.6298380174538051,-0.003935842773934879,0.0024262948184817215,calculado,-0.0006138240039211317,0.00258003237281847,0.8138132984656286,-0.0059171564989011225,0.00468950849105886,calculado,"IC95% pontual, não simultâneo"
Total,tipo_vendavais_e_ciclones,Tipologia,Vendavais e Ciclones,9,CR1,2,-0.0004890697486640652,0.001713695952587622,0.7776074520594124,-0.0040116222280910645,0.0030334827307629338,calculado,-0.0011028937525851968,0.004213874813209152,0.7955926319054656,-0.009764637481892349,0.007558849976721955,calculado,"IC95% pontual, não simultâneo"
Total,tipo_vendavais_e_ciclones,Tipologia,Vendavais e Ciclones,9,CR1,3,0.00017396691827379832,0.0014037107228728153,0.902321013640419,-0.0027114017959299417,0.0030593356324775385,calculado,-0.0009289268343113985,0.005384284748849122,0.864360335434803,-0.01199648264160662,0.010138628972983824,calculado,"IC95% pontual, não simultâneo"
Total,tipo_vendavais_e_ciclones,Tipologia,Vendavais e Ciclones,9,CR1,4,0.0008484551386232028,0.0014039597878848825,0.5508618196403063,-0.0020374255360449773,0.003734335813291383,calculado,-8.047169568819567e-05,0.006450038122144615,0.9901409662744151,-0.013338714936125248,0.013177771544748858,calculado,"IC95% pontual, não simultâneo"
Total,tipo_vendavais_e_ciclones,Tipologia,Vendavais e Ciclones,9,CR1,5,-0.000799619333530609,0.0017471297819747816,0.6509870798681263,-0.004390896033509477,0.0027916573664482597,calculado,-0.0008800910292188046,0.00801850786573517,0.9134445159565521,-0.017362370001226885,0.015602187942789277,calculado,"IC95% pontual, não simultâneo"
Total,tipo_vendavais_e_ciclones,Tipologia,Vendavais e Ciclones,9,CR1,6,-0.0014354568719407493,0.0016027718469275756,0.37867886737477524,-0.00473000158672839,0.0018590878428468916,calculado,-0.002315547901159554,0.009359031589330493,0.8065318297747742,-0.02155331285021698,0.016922217047897873,calculado,"IC95% pontual, não simultâneo"
Total,tipo_vendavais_e_ciclones,Tipologia,Vendavais e Ciclones,9,CR1,7,-0.0038458890103982226,0.0024061277085672215,0.12204352439922175,-0.008791755348492468,0.001099977327696022,calculado,-0.0061614369115577765,0.011436493808816992,0.5946410995435392,-0.029669486610438067,0.017346612787322514,calculado,"IC95% pontual, não simultâneo"
Total,tipo_vendavais_e_ciclones,Tipologia,Vendavais e Ciclones,9,CR1,8,-0.004473324883308277,0.0031009471726685797,0.16108202890033876,-0.010847413084404928,0.0019007633177883744,calculado,-0.010634761794866054,0.014300880999444083,0.46375967428769266,-0.04003064368775189,0.01876112009801978,calculado,"IC95% pontual, não simultâneo"
Total,tipo_vendavais_e_ciclones,Tipologia,Vendavais e Ciclones,9,CR1,9,-0.003011088587429082,0.001794922894376235,0.105416342255683,-0.0067006054369135055,0.0006784282620553423,calculado,-0.013645850382295136,0.015935911437814504,0.39965770552104685,-0.04640258547432853,0.019110884709738263,calculado,"IC95% pontual, não simultâneo"
Total,tipo_vendavais_e_ciclones,Tipologia,Vendavais e Ciclones,9,DK6,0,0.00014094997380544706,0.0006660735321249048,0.8327738422709418,-0.0011780569578367327,0.001459956905447627,calculado,0.00014094997380544706,0.0006660735321249048,0.8327738422709418,-0.0011780569578367327,0.001459956905447627,calculado,"IC95% pontual, não simultâneo"
Total,tipo_vendavais_e_ciclones,Tipologia,Vendavais e Ciclones,9,DK6,1,-0.0007547739777265788,0.0011545676171586551,0.5145585393376559,-0.003041132189895087,0.0015315842344419293,calculado,-0.0006138240039211317,0.0017001430215991804,0.7187132036380814,-0.003980570049389091,0.002752922041546828,calculado,"IC95% pontual, não simultâneo"
Total,tipo_vendavais_e_ciclones,Tipologia,Vendavais e Ciclones,9,DK6,2,-0.0004890697486640652,0.0011179378782575147,0.6625666344195098,-0.00270289110538853,0.0017247516080603998,calculado,-0.0011028937525851968,0.0026244681880173482,0.6750779345624377,-0.006300055274415678,0.004094267769245284,calculado,"IC95% pontual, não simultâneo"
Total,tipo_vendavais_e_ciclones,Tipologia,Vendavais e Ciclones,9,DK6,3,0.00017396691827379832,0.0011654523191318765,0.8815955056933221,-0.002133945967153887,0.0024818798037014836,calculado,-0.0009289268343113985,0.0036276701335538797,0.7983449238585436,-0.00811270132930453,0.006254847660681733,calculado,"IC95% pontual, não simultâneo"
Total,tipo_vendavais_e_ciclones,Tipologia,Vendavais e Ciclones,9,DK6,4,0.0008484551386232028,0.001387525460034563,0.5420528587518888,-0.0018992230250429593,0.003596133302289365,calculado,-8.047169568819567e-05,0.004737549621289565,0.9864765257756899,-0.009462109740281608,0.009301166348905219,calculado,"IC95% pontual, não simultâneo"
Total,tipo_vendavais_e_ciclones,Tipologia,Vendavais e Ciclones,9,DK6,5,-0.000799619333530609,0.001385861073739799,0.5650495704542189,-0.0035440015592051797,0.0019447628921439616,calculado,-0.0008800910292188046,0.005895026643766355,0.881576653608123,-0.012553848700594115,0.010793666642156507,calculado,"IC95% pontual, não simultâneo"
Total,tipo_vendavais_e_ciclones,Tipologia,Vendavais e Ciclones,9,DK6,6,-0.0014354568719407493,0.0010805435915424845,0.18659033084040705,-0.0035752273604020826,0.0007043136165205842,calculado,-0.002315547901159554,0.0066140377122727734,0.7268908040756,-0.015413143238418235,0.010782047436099127,calculado,"IC95% pontual, não simultâneo"
Total,tipo_vendavais_e_ciclones,Tipologia,Vendavais e Ciclones,9,DK6,7,-0.0038458890103982226,0.0012897920322959711,0.0034818747446993524,-0.006400028379287326,-0.0012917496415091193,calculado,-0.0061614369115577765,0.007166565102261493,0.39167153330968846,-0.020353186906174346,0.008030313083058791,calculado,"IC95% pontual, não simultâneo"
Total,tipo_vendavais_e_ciclones,Tipologia,Vendavais e Ciclones,9,DK6,8,-0.004473324883308277,0.0012194352532699656,0.0003676360480643515,-0.0068881386751439505,-0.0020585110914726036,calculado,-0.010634761794866054,0.007717562089541889,0.170812355792986,-0.025917635832827003,0.004648112243094896,calculado,"IC95% pontual, não simultâneo"
Total,tipo_vendavais_e_ciclones,Tipologia,Vendavais e Ciclones,9,DK6,9,-0.003011088587429082,0.0009621379077477559,0.0022063005199871154,-0.004916383586115524,-0.00110579358874264,calculado,-0.013645850382295136,0.008097310221222736,0.09458660111119839,-0.029680729107136927,0.002389028342546654,calculado,"IC95% pontual, não simultâneo"
