periodo,coluna,exposicao,nivel,J,especificacao,medida,N,UFs,K,AIC,BIC,condition,rank,acumulado_cluster_estimate,acumulado_cluster_se,acumulado_cluster_low,acumulado_cluster_high,acumulado_cluster_p,acumulado_cluster_df,acumulado_dk_estimate,acumulado_dk_se,acumulado_dk_low,acumulado_dk_high,acumulado_dk_p,acumulado_dk_df,defasado_cluster_estimate,defasado_cluster_se,defasado_cluster_low,defasado_cluster_high,defasado_cluster_p,defasado_cluster_df,defasado_dk_estimate,defasado_dk_se,defasado_dk_low,defasado_dk_high,defasado_dk_p,defasado_dk_df,contemporaneo_cluster_estimate,contemporaneo_cluster_se,contemporaneo_cluster_low,contemporaneo_cluster_high,contemporaneo_cluster_p,contemporaneo_cluster_df,contemporaneo_dk_estimate,contemporaneo_dk_se,contemporaneo_dk_low,contemporaneo_dk_high,contemporaneo_dk_p,contemporaneo_dk_df,joint_cluster_p,joint_dk_p,boot_B,acumulado_boot_p,acumulado_boot_mcse,joint_boot_p,joint_boot_mcse,defasado_boot_p
Total,total_desastres,Total de desastres,Total,3,J alternativo,C_prop,3564,27,12,-16177.295070467404,-15176.35558671571,1.952575526337009,4,0.05856059168687201,0.05693672035106829,-0.05847451313452566,0.17559569650826967,0.313178867419025,26,0.05856059168687201,0.06317387616322569,-0.06641240481178848,0.1835335881855325,0.355644300983941,131,0.0275151888482491,0.051671457347658975,-0.07869701286744354,0.13372739056394173,0.5988997887922605,26,0.0275151888482491,0.05917557976234913,-0.08954822361893128,0.14457860131542946,0.64272103570194,131,0.031045402838622935,0.008805244379319151,0.012945963802487723,0.04914484187475815,0.0015885693440211334,26,0.031045402838622935,0.010087144167904056,0.011090625494902168,0.0510001801823437,0.0025408801729192966,131,0.0007197451519876782,0.00757562546952026,,,,,,
Total,total_desastres,Total de desastres,Total,3,Exposição A,A,3564,27,12,-16173.712568292187,-15178.951723329084,2.1266702124707173,3,-0.00458082759719333,0.0033185197244159585,-0.011402142583447369,0.0022404873890607083,0.17922239686026523,26,-0.00458082759719333,0.0036388822961248976,-0.011779404795110738,0.002617749600724077,0.2103211587129198,131,-0.005893268399019634,0.0032371234200180214,-0.012547270885386977,0.000760734087347708,0.08020893146831241,26,-0.005893268399019634,0.0033051172591844024,-0.012431578737813703,0.0006450419397744343,0.07689008288449983,131,0.0013124408018263035,0.0010640924484330916,-0.00087483255136549,0.003499714155018097,0.22846508373194566,26,0.0013124408018263035,0.0008970707089724219,-0.0004621790470776617,0.0030870606507302687,0.14585451417696166,131,0.16357008269627707,0.07102636358675239,,,,,,
Total,total_desastres,Total de desastres,Total,3,Exposição B,B,3564,27,12,-16173.669802407614,-15178.908957444512,2.122746750268815,3,-0.004591116106034521,0.003303335652759255,-0.011381219785999742,0.002198987573930701,0.17636329042162566,26,-0.004591116106034521,0.003652039498245772,-0.011815721388255887,0.0026334891761868448,0.21094054227205805,131,-0.005895888188162911,0.0032339500035418055,-0.012543367623542318,0.0007515912472164958,0.07980363021394567,26,-0.005895888188162911,0.003319616357756574,-0.012462881202536549,0.0006711048262107279,0.0780420683335812,131,0.0013047720821283899,0.0010622607417411845,-0.0008787361440352295,0.003488280308292009,0.23033856429625402,26,0.0013047720821283899,0.0008963541352721565,-0.00046843021306551113,0.003077974377322291,0.14788350639418996,131,0.16555902322551336,0.07310083679917109,,,,,,
Total,total_desastres,Total de desastres,Total,3,Exposição C,C,3564,27,12,-16172.868195262443,-15178.10735029934,2.016893156306783,3,-0.0037033993265442895,0.003569422698454574,-0.01104045276217775,0.0036336541090891718,0.30904034602202707,26,-0.0037033993265442895,0.004369182346096417,-0.01234668422851723,0.004939885575428651,0.3981965055003639,131,-0.005095940344137688,0.003506754731039131,-0.012304177927888793,0.0021122972396134176,0.15813828465710905,26,-0.005095940344137688,0.003995307374877591,-0.012999611369191897,0.00280773068091652,0.20439609304867581,131,0.0013925410175933987,0.0011117721117692885,-0.0008927392872105288,0.0036778213223973262,0.22152199626932095,26,0.0013925410175933987,0.0009357336988486541,-0.000458563447925603,0.0032436454831124006,0.13910648170885193,131,0.27050762872270345,0.1399100421934167,,,,,,
Total,total_desastres,Total de desastres,Total,3,Irrestrito K3,C_prop,3564,27,3,-16175.919909351167,-15174.980425599473,1.2391718060383559,4,0.07513486323485834,0.03605486318653714,0.001023030548690046,0.14924669592102663,0.04713882366342437,26,0.07513486323485834,0.022763964890071903,0.030102310583630845,0.12016741588608583,0.001243163758814469,131,0.04565318073296569,0.03277036571205338,-0.021707270703253054,0.11301363216918443,0.1753799323053768,26,0.04565318073296569,0.01730775104474855,0.01141432058883924,0.07989204087709215,0.00935673798891154,131,0.029481682501892644,0.012298541611429159,0.004201668167225645,0.05476169683655964,0.024000952161756066,26,0.029481682501892644,0.013448653678981029,0.002877037493369941,0.05608632751041535,0.030134178598156577,131,0.10189415841735844,0.008020357232917191,,,,,,
Total,total_desastres,Total de desastres,Total,3,Irrestrito K6,C_prop,3564,27,6,-16174.603974204623,-15155.128574087157,1.292992297133194,7,0.04377610952737358,0.04864199114801741,-0.05620893523158227,0.14376115428632943,0.3763990589591708,26,0.04377610952737358,0.03157152848430128,-0.01867990486268091,0.10623212391742808,0.16792831779744224,131,0.01276249495394648,0.043093138335739335,-0.0758167194986755,0.10134170940656845,0.7694600595649549,26,0.01276249495394648,0.028296748609755628,-0.04321522368078577,0.06874021358867874,0.6527183944839098,131,0.031013614573427085,0.012580169476248508,0.005154705871881778,0.05687252327497239,0.020610539531787687,26,0.031013614573427085,0.013259358644464925,0.004783440297469084,0.05724378884938509,0.02084855007540346,131,0.000525911435671746,0.006861384523952746,,,,,,
Total,total_desastres,Total de desastres,Total,3,Almon K12 q2,C_prop,3564,27,12,-16178.711573339173,-15183.95072837607,18.384232517181154,3,0.058414960920307596,0.056959688025215276,-0.058667354631436366,0.17549727647205154,0.3145515713048793,26,0.058414960920307596,0.06295404952010884,-0.06612316604098951,0.1829530878816047,0.3551667743036702,131,0.02979974243369068,0.05132995717736761,-0.0757104956286665,0.13530998049604787,0.5665403776927711,26,0.02979974243369068,0.05915395209269907,-0.0872208853438742,0.14682037021125557,0.6152720329270532,131,0.028615218486616897,0.009455655283029557,0.00917884069069063,0.048051596282543164,0.005521502290056756,26,0.028615218486616897,0.008308709962081332,0.012178608228340219,0.04505182874489358,0.0007702442694527274,131,0.0008525250241738618,0.004236760845629462,,,,,,
Total,total_desastres,Total de desastres,Total,3,Somente defasado,C_prop,3564,27,12,-16175.734366659133,-15180.97352169603,1.881217269871232,3,0.03718969111455677,0.052753285477621065,-0.07124624016982492,0.14562562239893845,0.487094362939935,26,0.03718969111455677,0.06004347683974073,-0.08159062879920506,0.15597001102831862,0.536742190547128,131,0.03718969111455677,0.052753285477621065,-0.07124624016982492,0.14562562239893845,0.487094362939935,26,0.03718969111455677,0.06004347683974073,-0.08159062879920506,0.15597001102831862,0.536742190547128,131,0.0,0.0,0.0,0.0,,26,0.0,0.0,0.0,0.0,,131,0.0034393427981882826,0.005842390925908529,4999.0,0.505,0.007070714249635605,0.0272,0.002300441696718263,0.505
Total,total_desastres,Total de desastres,Total,3,Região × tempo,C_prop,3564,27,12,-16017.26902049104,-11784.90145030641,1.7025757151410177,3,-0.0027145547684830134,0.062406263128723105,-0.13099246578526666,0.12556335624830064,0.9656368148818351,26,-0.0027145547684830134,0.0513184224481977,-0.10423463582801315,0.09880552629104714,0.9578951096770107,131,-0.008187878270334306,0.05738938825954312,-0.1261534553035309,0.10977769876286228,0.8876488727228928,26,-0.008187878270334306,0.04931123346825766,-0.10573726073422855,0.08936150419355994,0.8683776200601073,131,0.005473323501851288,0.012060531840975289,-0.019317454742963147,0.030264101746665724,0.6537231497580605,26,0.005473323501851288,0.007372043086733721,-0.009110336245192249,0.020056983248894825,0.4591480317132697,131,0.230962471448802,0.5627085545056949,,,,,,
Total,total_desastres,Total de desastres,Total,3,Ponderado CA2013,C_prop,3564,27,12,-32025.55732476016,-31030.796479797056,1.9626982611508568,3,0.03344369679891602,0.043398677279919584,-0.055763561948120315,0.12265095554595234,0.44788124497789866,26,0.03344369679891602,0.03348474943554748,-0.03279712501095671,0.09968451860878874,0.31974550512838057,131,0.011303833222736377,0.0347747823958351,-0.06017675571430262,0.08278442215977538,0.7477381573586745,26,0.011303833222736377,0.030154534440381985,-0.04834902893977706,0.07095669538524982,0.7083681957729424,131,0.022139863576179634,0.012205320088231175,-0.0029485311732387783,0.047228258325598044,0.08124307290509583,26,0.022139863576179634,0.006687542950113734,0.008910308379506217,0.03536941877285305,0.0012028878699070925,131,0.012977937256550224,0.005469661348305144,,,,,,
Total,total_desastres,Total de desastres,Total,3,Exclui mar2020-dez2021,C_prop,2970,27,12,-13214.070545117776,-12380.58244989803,1.808629518318879,3,0.06988745440365535,0.06760076949000778,-0.06906791735796664,0.20884282616527733,0.3107382348449877,26,0.06988745440365535,0.08518137090461712,-0.09893925346048091,0.2387141622677916,0.41374760625255474,109,0.040444543617203545,0.06352516413483777,-0.09013330135657596,0.17102238859098304,0.5299060797937436,26,0.040444543617203545,0.08184954489309183,-0.12177859341063121,0.2026676806450383,0.6222067511198482,109,0.029442910786451792,0.00933280017337792,0.010259065285102162,0.04862675628780142,0.0040291198159658065,26,0.029442910786451792,0.009940738954451994,0.009740689354770907,0.04914513221813267,0.003754267680620065,109,1.8427620811282232e-05,0.033851654605381566,,,,,,
Total,grupo_climatologico,Grupo | Climatológico,Grupo,3,J alternativo,C_prop,3564,27,12,-16171.262478806013,-15170.32299505432,1.8735579284362254,4,0.0855911292253542,0.10842532214916954,-0.13728031234660099,0.3084625707973094,0.43701741019848,26,0.0855911292253542,0.1257692304941312,-0.16321040958748484,0.33439266803819323,0.49736296220222653,131,0.06352148056964516,0.09995069196110257,-0.14193010916912677,0.2689730703084171,0.5306383832908699,26,0.06352148056964516,0.1194968262093695,-0.17287174635344452,0.29991470749273486,0.5959208939493109,131,0.022069648655709047,0.013541432346933223,-0.00576516417480305,0.049904461486221144,0.11520378850302519,26,0.022069648655709047,0.013109882706746987,-0.0038648265595677307,0.04800412387098582,0.09467232433261728,131,0.47280702633189353,0.06947064413129776,,,,,,
Total,grupo_climatologico,Grupo | Climatológico,Grupo,3,Exposição A,A,3564,27,12,-16171.249209535414,-15176.488364572311,2.2274349818428343,3,-0.0009864942852976272,0.0041319532922807125,-0.009479845916677972,0.0075068573460827185,0.8131730630950553,26,-0.0009864942852976272,0.00587217261242493,-0.012603052456209764,0.010630063885614511,0.8668464752976682,131,-0.0015565585842677284,0.0038095474561420976,-0.00938719552827488,0.006274078359739424,0.6861834402427388,26,-0.0015565585842677284,0.005337173214989819,-0.012114760328708698,0.009001643160173243,0.7710195682248611,131,0.0005700642989701007,0.0015417929568283183,-0.0025991365120827488,0.0037392651100229502,0.7145699873459005,26,0.0005700642989701007,0.0009837279353359365,-0.00137598421482898,0.0025161128127691814,0.5632512224689524,131,0.34829379978783304,0.02162125053354565,,,,,,
Total,grupo_climatologico,Grupo | Climatológico,Grupo,3,Exposição B,B,3564,27,12,-16171.227417532296,-15176.466572569194,2.2252501255491115,3,-0.0009781062568243386,0.004133798365794504,-0.009475250491128745,0.007519037977480067,0.8148120650520426,26,-0.0009781062568243386,0.005860116283156073,-0.012570814132535172,0.010614601618886494,0.86769899984747,131,-0.0015395139766821065,0.00380694796677515,-0.009364807593770058,0.006285779640405846,0.6892291517588066,26,-0.0015395139766821065,0.005330075089251047,-0.012083673935230334,0.009004645981866122,0.7731639564369216,131,0.0005614077198577679,0.001541257895842023,-0.0026066932575862824,0.003729508697301818,0.7186148331045172,26,0.0005614077198577679,0.0009803801248697967,-0.001378018026255156,0.0025008334659706918,0.5678680368270389,131,0.35342623198035483,0.02188856533812026,,,,,,
Total,grupo_climatologico,Grupo | Climatológico,Grupo,3,Exposição C,C,3564,27,12,-16171.1958489344,-15176.435003971297,2.245016115995636,3,-0.00014537023218880895,0.004314868583136106,-0.00901470962870034,0.008723969164322722,0.973381242371006,26,-0.00014537023218880895,0.006151924412665664,-0.012315344195756245,0.012024603731378628,0.9811836651574023,131,-0.0007276347017411411,0.0039028870020366615,-0.008750133830124128,0.007294864426641846,0.853550702381809,26,-0.0007276347017411411,0.005666599038919988,-0.011937519306898493,0.010482249903416212,0.8980232964022558,131,0.0005822644695523316,0.0015905081541537909,-0.002687071863712323,0.0038516008028169867,0.7172621317469805,26,0.0005822644695523316,0.0009832505561146788,-0.0013628396742734292,0.0025273686133780926,0.5547486259288291,131,0.3513832459830511,0.03537056678615076,,,,,,
Total,grupo_climatologico,Grupo | Climatológico,Grupo,3,Irrestrito K3,C_prop,3564,27,3,-16171.938529390227,-15170.999045638533,1.217464258983968,4,0.06740111581900676,0.04566608370190272,-0.026466863577783814,0.16126909521579735,0.15196509378905815,26,0.06740111581900676,0.034396908570572954,-0.000644174345684409,0.13544640598369795,0.05217635834749141,131,0.05032800694918254,0.03463290070190413,-0.02086093998917684,0.12151695388754191,0.1581365148375493,26,0.05032800694918254,0.024386685522954647,0.0020853258035820887,0.09857068809478299,0.04101567086942881,131,0.01707310886982422,0.017492000048529428,-0.018882212170670588,0.05302842991031903,0.33803312161474214,26,0.01707310886982422,0.015706623009943726,-0.013998338089609128,0.04814455582925757,0.2790325443974733,131,0.15098983506513936,0.24564417940859246,,,,,,
Total,grupo_climatologico,Grupo | Climatológico,Grupo,3,Irrestrito K6,C_prop,3564,27,6,-16166.9787043445,-15147.503304227033,1.3648566129061728,7,0.07450156722905635,0.07057879760882467,-0.07057522899990001,0.2195783634580127,0.3008705766887759,26,0.07450156722905635,0.05735650672982679,-0.038963284859513656,0.18796641931762637,0.19625270661322142,131,0.05739216557667284,0.060738313709510765,-0.06745722630675256,0.18224155746009824,0.3534044683271433,26,0.05739216557667284,0.04835234964126017,-0.03826031594601026,0.15304464709935595,0.2373925233328224,131,0.01710940165238351,0.017346258836912924,-0.018546344037210095,0.05276514734197712,0.3330542865644046,26,0.01710940165238351,0.015043250967759032,-0.012649737167352113,0.046868540472119136,0.25746913358132245,131,0.25997730286331244,0.15007920921899512,,,,,,
Total,grupo_climatologico,Grupo | Climatológico,Grupo,3,Almon K12 q2,C_prop,3564,27,12,-16173.149363371871,-15178.388518408769,18.007262078478494,3,0.0855940171779796,0.10857962194901745,-0.13759459217493966,0.30878262653089883,0.4376463168806732,26,0.0855940171779796,0.12444801602361824,-0.16059384425070186,0.3317818786066611,0.49280146870436936,131,0.06540057361242596,0.0996179205976417,-0.13936699479241482,0.27016814201726674,0.5172623728402314,26,0.06540057361242596,0.11971133330432958,-0.1714169995128521,0.30221814673770403,0.585775946859406,131,0.02019344356555365,0.014019166691791887,-0.008623366274666196,0.0490102534057735,0.16168391009370367,26,0.02019344356555365,0.010646189169335043,-0.0008672581451619962,0.0412541452762693,0.0600590281628784,131,0.4239651829830756,0.07019493825755345,,,,,,
Total,grupo_climatologico,Grupo | Climatológico,Grupo,3,Somente defasado,C_prop,3564,27,12,-16172.488179074691,-15177.727334111589,1.7351586795917189,3,0.07349026672720856,0.10228359463136023,-0.13675667312776657,0.2837372065821837,0.47885966121435797,26,0.07349026672720856,0.12136388032001769,-0.16659643859239387,0.313576972046811,0.5458701985201228,131,0.07349026672720856,0.10228359463136023,-0.13675667312776657,0.2837372065821837,0.47885966121435797,26,0.07349026672720856,0.12136388032001769,-0.16659643859239387,0.313576972046811,0.5458701985201228,131,0.0,0.0,0.0,0.0,,26,0.0,0.0,0.0,0.0,,131,0.3481791872501749,0.017297478215859658,4999.0,0.4928,0.007070334645545429,0.4668,0.00705546256456655,0.4928
Total,grupo_climatologico,Grupo | Climatológico,Grupo,3,Região × tempo,C_prop,3564,27,12,-16017.714441792938,-11785.346871608308,1.5516331019613887,3,-0.09553406727725153,0.09939615700589703,-0.299845794090842,0.10877765953633892,0.34533359390696183,26,-0.09553406727725153,0.04627206750229862,-0.18707125450016826,-0.003996880054334781,0.040932174663697404,131,-0.08002951701641547,0.09177848551986544,-0.2686828958365576,0.10862386180372663,0.39119767905865616,26,-0.08002951701641547,0.04546122223398297,-0.16996265888019763,0.009903624847366663,0.08067535852005146,131,-0.015504550260836043,0.013721053019716559,-0.04370857867204313,0.012699478150371039,0.2688007456283377,26,-0.015504550260836043,0.009641818031521927,-0.03457836627903912,0.0035692657573670322,0.11023116071588136,131,0.675053853680532,0.11733197200868246,,,,,,
Total,grupo_climatologico,Grupo | Climatológico,Grupo,3,Ponderado CA2013,C_prop,3564,27,12,-32012.766408423442,-31018.005563460338,1.8269212708339095,3,-0.0040976776284276095,0.10045334885133986,-0.21058249340261898,0.20238713814576376,0.9677734739691954,26,-0.0040976776284276095,0.13242946764810848,-0.2660747542596786,0.25787939900282336,0.9753626159508626,131,-0.00018533545510574697,0.08709790720139055,-0.17921764775174914,0.17884697684153766,0.9983184273723886,26,-0.00018533545510574697,0.12223017992501531,-0.24198578803983453,0.24161511712962305,0.9987924888397411,131,-0.003912342173321861,0.02001825188256204,-0.04506044822809626,0.037235763881452534,0.8465688207719997,26,-0.003912342173321861,0.01318434682604168,-0.029994125179177253,0.022169440832533527,0.7671338798175961,131,0.9801151339267917,0.9613885766243614,,,,,,
Total,grupo_climatologico,Grupo | Climatológico,Grupo,3,Exclui mar2020-dez2021,C_prop,2970,27,12,-13209.640084799177,-12376.15198957943,1.7771019671287924,3,0.09467012271906262,0.13238721016660351,-0.17745568507819204,0.36679593051631726,0.4809196513020017,26,0.09467012271906262,0.1807761479239501,-0.26362232538599983,0.45296257082412505,0.6015593871955331,109,0.07212088298085179,0.12210497173574986,-0.17886948102663808,0.32311124698834165,0.559856938850789,26,0.07212088298085179,0.17546100135920367,-0.27563711742969865,0.4198788833914022,0.6818527260082204,109,0.022549239738210825,0.014621615090207646,-0.007505920520215866,0.05260439999663752,0.13511323316079693,26,0.022549239738210825,0.012361666545688998,-0.0019511814743078532,0.0470496609507295,0.0708725227975262,109,0.445166920040443,0.31998773496134847,,,,,,
Total,grupo_hidrologico,Grupo | Hidrológico,Grupo,3,J alternativo,C_prop,3564,27,12,-16174.781841530952,-15173.842357779258,2.214820347818887,4,-0.028456020041789935,0.11630395940304424,-0.267522232425473,0.21061019234189313,0.8086330979327384,26,-0.028456020041789935,0.08835936149698158,-0.20325191425690783,0.14633987417332797,0.747929128150223,131,-0.06656963179861183,0.10442547033725288,-0.28121926022096333,0.14807999662373963,0.5293835667728435,26,-0.06656963179861183,0.08910403567909271,-0.24283866917995184,0.10969940558272817,0.45634200907337324,131,0.03811361175682189,0.020574759904972338,-0.004178412920857806,0.08040563643450158,0.07534763640167716,26,0.03811361175682189,0.01353823569375101,0.0113317521542593,0.06489547135938448,0.005627119663451324,131,0.014407488376245687,0.09225449901750882,,,,,,
Total,grupo_hidrologico,Grupo | Hidrológico,Grupo,3,Exposição A,A,3564,27,12,-16182.457225144568,-15187.696380181465,1.7944342761271672,3,-0.008795295251225091,0.006590886030793284,-0.022343055514260766,0.004752465011810586,0.19362216467183924,26,-0.008795295251225091,0.005952755530696877,-0.020571265656666445,0.0029806751542162634,0.14193736077204855,131,-0.008674615974794813,0.005746144275863183,-0.020485984692520824,0.003136752742931197,0.14319308236517642,26,-0.008674615974794813,0.00540061824151378,-0.019358327115827974,0.00200909516623835,0.11063201320010839,131,-0.00012067927643027825,0.001701617196317232,-0.0036184035167612988,0.0033770449639007423,0.9440038585173299,26,-0.00012067927643027825,0.0009885712360042647,-0.002076308994268526,0.0018349504414079693,0.9030271350322189,131,0.028354952088583983,0.05066632523281709,,,,,,
Total,grupo_hidrologico,Grupo | Hidrológico,Grupo,3,Exposição B,B,3564,27,12,-16182.506215635261,-15187.745370672159,1.7905757444650556,3,-0.008944649476179742,0.006570006257418001,-0.02244949075037033,0.0045601917980108465,0.18505819408302304,26,-0.008944649476179742,0.006066790847771947,-0.020946208940692358,0.003056909988332872,0.1427831326069165,131,-0.008818893872123106,0.005743748831034391,-0.020625338682484888,0.002987550938238678,0.13676885657189175,26,-0.008818893872123106,0.0055070576095558365,-0.01971316747310839,0.0020753797288621794,0.11170144489264802,131,-0.00012575560405663714,0.0016969845964684594,-0.003613957399021053,0.0033624461909077786,0.9414937816492056,26,-0.00012575560405663714,0.0009951765768507373,-0.0020944522617221293,0.001842941053608855,0.8996366565601613,131,0.027474381794134847,0.052871683101902475,,,,,,
Total,grupo_hidrologico,Grupo | Hidrológico,Grupo,3,Exposição C,C,3564,27,12,-16181.840753642933,-15187.07990867983,1.7767114992758846,3,-0.008801739244633311,0.006890155317187143,-0.022964656335933212,0.0053611778466665875,0.21273755945599587,26,-0.008801739244633311,0.006335158664174338,-0.021334194266242237,0.0037307157769756166,0.16708400348667107,131,-0.008772068215390765,0.006033234232610566,-0.02117355879074973,0.0036294223599681995,0.15792377242180874,26,-0.008772068215390765,0.00576345111967588,-0.020173549339304077,0.0026294129085225448,0.1304151588554863,131,-2.9671029242546746e-05,0.0017414913666275104,-0.003609357800487804,0.0035500157420027103,0.9865366031455289,26,-2.9671029242546746e-05,0.0010220802058011568,-0.002051589482542913,0.00199224742405782,0.9768848117089908,131,0.03380349982058685,0.07083965664263193,,,,,,
Total,grupo_hidrologico,Grupo | Hidrológico,Grupo,3,Irrestrito K3,C_prop,3564,27,3,-16170.709788673477,-15169.770304921783,1.3801201542081705,4,0.05835476862721072,0.07556435013062829,-0.09696997757821318,0.21367951483263464,0.4469281302858282,26,0.05835476862721072,0.05078979262067362,-0.04211955653452457,0.15882909378894602,0.2526714194642647,131,0.023206118279199626,0.06893161363249435,-0.11848484279554894,0.1648970793539482,0.7390798367016115,26,0.023206118279199626,0.04595656459912367,-0.06770692894141739,0.11411916549981663,0.614437016292167,131,0.03514865034801109,0.02678028232725978,-0.019899008350838875,0.09019630904686105,0.200826137146997,26,0.03514865034801109,0.01655984844662322,0.0023893199470866947,0.06790798074893548,0.03567564832974029,131,0.24809083390780032,0.07102334808385216,,,,,,
Total,grupo_hidrologico,Grupo | Hidrológico,Grupo,3,Irrestrito K6,C_prop,3564,27,6,-16175.5892577558,-15156.113857638335,1.4080478754771752,7,-0.059432228997098734,0.0638016336735262,-0.19057836524654032,0.07171390725234283,0.36015650462112353,26,-0.059432228997098734,0.07685843547424716,-0.21147654811720584,0.09261209012300836,0.44075641038960384,131,-0.08984112757730624,0.05388994088086229,-0.20061348750464275,0.020931232350030263,0.10749281143835722,26,-0.08984112757730624,0.07479189838991955,-0.2377973433944477,0.0581150882398352,0.23183522975226603,131,0.030408898580207504,0.02668608255028334,-0.024445129703953794,0.0852629268643688,0.264882696057691,26,0.030408898580207504,0.015420377993132096,-9.62874553064319e-05,0.06091408461572144,0.0507169258369953,131,0.037637726604693576,0.17051896268615382,,,,,,
Total,grupo_hidrologico,Grupo | Hidrológico,Grupo,3,Almon K12 q2,C_prop,3564,27,12,-16176.057398951194,-15181.296553988092,17.488099768215132,3,-0.027091606608030297,0.116517402368745,-0.26659655729118253,0.2124133440751219,0.8179615075289132,26,-0.027091606608030297,0.08734246143210266,-0.19987582992425884,0.14569261670819827,0.7569194120242817,131,-0.0567315679654979,0.10683785016810148,-0.27633991414734693,0.16287677821635116,0.5999216559089453,26,-0.0567315679654979,0.08427510213549096,-0.2234478229075026,0.1099846869765068,0.5020242637940118,131,0.029639961357467597,0.02512245675255224,-0.021999988068435977,0.08127991078337117,0.24875487161522797,26,0.029639961357467597,0.016097218821680827,-0.0022041772900060624,0.061484100004941256,0.06783834083442727,131,0.2596385645226917,0.18743994588466142,,,,,,
Total,grupo_hidrologico,Grupo | Hidrológico,Grupo,3,Somente defasado,C_prop,3564,27,12,-16175.385045393166,-15180.624200430064,1.8723229956238494,3,-0.04783001681421288,0.10736717413591873,-0.26852640399448957,0.17286637036606378,0.6596596022509844,26,-0.04783001681421288,0.08495394144259881,-0.21588917783548278,0.120229144207057,0.5743896210233511,131,-0.04783001681421288,0.10736717413591873,-0.26852640399448957,0.17286637036606378,0.6596596022509844,26,-0.04783001681421288,0.08495394144259881,-0.21588917783548278,0.120229144207057,0.5743896210233511,131,0.0,0.0,0.0,0.0,,26,0.0,0.0,0.0,0.0,,131,0.28493788357283373,0.33393385929926517,4999.0,0.665,0.006674953183356419,0.463,0.007051680650738517,0.665
Total,grupo_hidrologico,Grupo | Hidrológico,Grupo,3,Região × tempo,C_prop,3564,27,12,-16023.584083954029,-11791.2165137694,1.8431930632862283,3,0.05430772014661844,0.167663454944984,-0.2903294472773692,0.3989448875706061,0.748598120930802,26,0.05430772014661844,0.1258938118716371,-0.19474027034847316,0.3033557106417101,0.666903190982144,131,0.014946351048494335,0.15835164935806387,-0.3105501258646598,0.3404428279616485,0.9255253281476808,26,0.014946351048494335,0.1265377790079341,-0.23537556005361782,0.2652682621506065,0.9061553223723126,131,0.0393613690981241,0.02651190569968521,-0.015134633542102642,0.09385737173835085,0.14965587400459007,26,0.0393613690981241,0.022482592309370383,-0.005114561470076939,0.08383729966632514,0.08233011773037924,131,0.3795256475425804,0.21047577910933846,,,,,,
Total,grupo_hidrologico,Grupo | Hidrológico,Grupo,3,Ponderado CA2013,C_prop,3564,27,12,-32036.797648897653,-31042.03680393455,1.9462242267181797,3,0.02651432398481956,0.09509327242154028,-0.16895269689454298,0.2219813448641821,0.7825853468292453,26,0.02651432398481956,0.11892823691489768,-0.20875409768295217,0.2617827456525913,0.823926426933886,131,-0.02391469010929776,0.07467053969290016,-0.17740218264740523,0.12957280242880972,0.7513238494020466,26,-0.02391469010929776,0.10656859115323541,-0.23473278420011376,0.18690340398151825,0.8227906060138214,131,0.05042901409411732,0.026281516840502058,-0.003593417463723103,0.10445144565195774,0.06605074659175389,26,0.05042901409411732,0.018155297346984015,0.014513505191126472,0.08634452299710817,0.0062796634966659735,131,0.008059528921512191,0.002821947665582776,,,,,,
Total,grupo_hidrologico,Grupo | Hidrológico,Grupo,3,Exclui mar2020-dez2021,C_prop,2970,27,12,-13209.800987483603,-12376.312892263855,1.7379332545345019,3,-0.02603355102283889,0.13767814739167686,-0.3090350360442432,0.25696793399856543,0.8514906661512004,26,-0.02603355102283889,0.10869260284124295,-0.24145875622902163,0.18939165418334386,0.8111557765658632,109,-0.048357227429168786,0.1281270148858951,-0.31172607841255984,0.21501162355422224,0.7089275593017783,26,-0.048357227429168786,0.10395488674087669,-0.2543924333488245,0.15767797849048693,0.6427340577261778,109,0.022323676406329897,0.02729171420349563,-0.03377524556998322,0.07842259838264301,0.42081038616227223,26,0.022323676406329897,0.01851260958091172,-0.014367713933221265,0.059015066745881056,0.23048125674058317,109,0.5520751195839249,0.4882100086622734,,,,,,
Total,grupo_meteorologico,Grupo | Meteorológico,Grupo,3,J alternativo,C_prop,3564,27,12,-16170.758854530035,-15169.819370778341,1.877361547777722,4,0.09905908148011598,0.16218712028847337,-0.23432131884155388,0.4324394818017859,0.5466543886429984,26,0.09905908148011598,0.1573370244091707,-0.21219108385393642,0.4103092468141684,0.5300541326540031,131,0.026416403356702922,0.16974384681775104,-0.3224970708056708,0.37532987751907665,0.8775305078065195,26,0.026416403356702922,0.13375854702440726,-0.2381899093184386,0.29102271603184443,0.8437477134896914,131,0.07264267812341307,0.034991906788278,0.0007157836058602346,0.14456957264096593,0.047922287830864455,26,0.07264267812341307,0.036938451025258605,-0.00043038927422743567,0.1457157455210536,0.05134479173922515,131,0.012584733659622663,0.01757798531783032,,,,,,
Total,grupo_meteorologico,Grupo | Meteorológico,Grupo,3,Exposição A,A,3564,27,12,-16177.781984643785,-15183.021139680683,1.8904854875989716,3,-0.008998963331088211,0.008912904649263812,-0.027319701221466913,0.00932177455929049,0.32196488045550037,26,-0.008998963331088211,0.009813698804723756,-0.02841280051899186,0.010414873856815436,0.3608383098138045,131,-0.011542674499310915,0.008415134835646971,-0.028840231884132424,0.005754882885510595,0.1818920875657699,26,-0.011542674499310915,0.009050195046097788,-0.029446119127053423,0.0063607701284315935,0.2044226367727125,131,0.0025437111682227063,0.0017967583012655705,-0.0011495784141546347,0.006237000750600047,0.16872500286804804,26,0.0025437111682227063,0.0016712689599774075,-0.0007624574978240765,0.005849879834269489,0.1304133478994768,131,0.012569987477956667,0.0006756685015957517,,,,,,
Total,grupo_meteorologico,Grupo | Meteorológico,Grupo,3,Exposição B,B,3564,27,12,-16177.761785940704,-15183.000940977601,1.8937204936501402,3,-0.008863601722302503,0.008946543544370932,-0.027253485351857308,0.0095262819072523,0.3309490530906604,26,-0.008863601722302503,0.009832478528321755,-0.02831458968318381,0.010587386238578802,0.36899732587180634,131,-0.011400468078814894,0.008459365067234638,-0.02878894200674284,0.0059880058491130535,0.18939001654621204,26,-0.011400468078814894,0.009069379713118612,-0.029341864554220297,0.00654092839659051,0.2109799402069403,131,0.0025368663565123904,0.0018022920560228043,-0.001167798021674675,0.006241530734699456,0.1711000029733143,26,0.0025368663565123904,0.001675223002815903,-0.0007771243494632723,0.005850857062488053,0.1323473023955054,131,0.01276932491817574,0.0007309850725528819,,,,,,
Total,grupo_meteorologico,Grupo | Meteorológico,Grupo,3,Exposição C,C,3564,27,12,-16177.951943576689,-15183.191098613586,1.9011945178278622,3,-0.009044228387614244,0.009053174854679396,-0.02765329581458916,0.009564839039360673,0.3269964402848524,26,-0.009044228387614244,0.01036847028205755,-0.029555535892445375,0.011467079117216887,0.38465059908436616,131,-0.011917062203069838,0.008567390912365483,-0.029527586435798513,0.005693462029658838,0.17602216221970238,26,-0.011917062203069838,0.009552689646653106,-0.03081456101538605,0.006980436609246375,0.21443658969491397,131,0.002872833815455594,0.0017565713073733865,-0.0007378502179258015,0.00648351784883699,0.11399942588701989,26,0.002872833815455594,0.0017603918084756298,-0.0006096411042163623,0.0063553087351275505,0.10509614066843473,131,0.009501824836371874,0.0008153001840687656,,,,,,
Total,grupo_meteorologico,Grupo | Meteorológico,Grupo,3,Irrestrito K3,C_prop,3564,27,3,-16169.261841543484,-15168.32235779179,1.192690907151608,4,0.11136972555853102,0.08590550358894954,-0.06521156600999577,0.2879510171270578,0.20621963687963848,26,0.11136972555853102,0.08400742053555907,-0.05481699132624558,0.2775564424433076,0.18724194979551512,131,0.02773291740941384,0.09266187072480557,-0.16273628570514428,0.21820212052397195,0.7670970060770929,26,0.02773291740941384,0.05844917439181942,-0.08789349195868074,0.1433593267775084,0.635948209818518,131,0.08363680814911718,0.064913369793972,-0.049794534423903344,0.2170681507221377,0.20894185863321096,26,0.08363680814911718,0.053814058069081044,-0.022820235475520534,0.1900938517737549,0.12255377410961833,131,0.20299934364134048,0.07104855164079221,,,,,,
Total,grupo_meteorologico,Grupo | Meteorológico,Grupo,3,Irrestrito K6,C_prop,3564,27,6,-16164.583584948396,-15145.10818483093,1.2067389938847324,7,0.04690693545649047,0.14027306230674835,-0.24142847356361677,0.33524234447659773,0.7407623016325419,26,0.04690693545649047,0.10408148832272994,-0.15899107596399065,0.2528049468769716,0.65296876571672,131,-0.03613260470748564,0.14538250118633259,-0.33497061575952475,0.26270540634455347,0.8056733319978477,26,-0.03613260470748564,0.06692118037439095,-0.16851866281489356,0.09625345339992228,0.5901634930389489,131,0.08303954016397609,0.06488312757008549,-0.0503296386275557,0.2164087189555079,0.21190649557325497,26,0.08303954016397609,0.054057042343800536,-0.023898184317338672,0.18997726464529086,0.12691422507276937,131,0.0034082413941791735,5.605067613531096e-08,,,,,,
Total,grupo_meteorologico,Grupo | Meteorológico,Grupo,3,Almon K12 q2,C_prop,3564,27,12,-16172.418103719516,-15177.657258756413,19.457546974370285,3,0.09543325358290647,0.16310708777060262,-0.23983816698087426,0.4307046741466872,0.563527307291293,26,0.09543325358290647,0.15528694133062557,-0.21176135839654395,0.40262786556235686,0.5399108060984256,131,0.03381395837755488,0.1664294767535892,-0.30828673054737754,0.37591464730248725,0.8405815956911112,26,0.03381395837755488,0.1357271686553998,-0.23468675747717863,0.3023146742322884,0.8036489943490341,131,0.06161929520535145,0.03497566555451022,-0.010274214978071822,0.13351280538877472,0.08986323600934253,26,0.06161929520535145,0.03109015784378723,0.00011554676801586033,0.12312304364268703,0.04957738198864265,131,0.006087047904098186,0.00546021238880849,,,,,,
Total,grupo_meteorologico,Grupo | Meteorológico,Grupo,3,Somente defasado,C_prop,3564,27,12,-16170.860005643211,-15176.099160680109,1.9601372505251893,3,0.009095216312750922,0.20194796532705367,-0.4060147714910382,0.42420520411654,0.9644216100281431,26,0.009095216312750922,0.13359909890804753,-0.2551956699536001,0.2733861025791019,0.9458270050779408,131,0.009095216312750922,0.20194796532705367,-0.4060147714910382,0.42420520411654,0.9644216100281431,26,0.009095216312750922,0.13359909890804753,-0.2551956699536001,0.2733861025791019,0.9458270050779408,131,0.0,0.0,0.0,0.0,,26,0.0,0.0,0.0,0.0,,131,0.07432952474093685,0.04208386737508655,4999.0,0.9644,0.0026204060754012907,0.3138,0.0065624623427491,0.9644
Total,grupo_meteorologico,Grupo | Meteorológico,Grupo,3,Região × tempo,C_prop,3564,27,12,-16015.811701439743,-11783.444131255113,2.0556555308666766,3,0.014311528333715415,0.126688779422829,-0.24610098731564312,0.27472404398307393,0.9109252095629606,26,0.014311528333715415,0.13939620788617155,-0.2614474223292789,0.29007047899670974,0.9183834759708372,131,-0.01661619096937753,0.14076457080511096,-0.3059619101772123,0.2727295282384572,0.9069412737154637,26,-0.01661619096937753,0.13629043481392575,-0.2862311816467513,0.2529987997079962,0.9031511689019931,131,0.030927719303092925,0.024653777311385003,-0.019748845734204698,0.08160428434039055,0.22082764279284256,26,0.030927719303092925,0.01504959667503253,0.0011560271606701929,0.06069941144551566,0.04186129353410122,131,0.4807265442460068,0.22434977023650374,,,,,,
Total,grupo_meteorologico,Grupo | Meteorológico,Grupo,3,Ponderado CA2013,C_prop,3564,27,12,-32022.940027343273,-31028.17918238017,2.024234960598977,3,0.20562048314125284,0.15176268981612748,-0.10633219346342423,0.5175731597459299,0.18711171071900984,26,0.20562048314125284,0.12261007240059019,-0.03693148737942181,0.4481724536619275,0.09592170751269889,131,0.150878620635939,0.12182856231759671,-0.09954357567541894,0.4013008169472969,0.2266147657025682,26,0.150878620635939,0.10091623914385467,-0.048757772872623756,0.3505150141445017,0.13729665084886436,131,0.05474186250531385,0.036405333201255295,-0.020090371613469216,0.1295740966240969,0.1447155666439002,26,0.05474186250531385,0.028662712575224243,-0.001959820149878,0.1114435451605057,0.05833692523215857,131,0.12982186108854696,0.013451774271503123,,,,,,
Total,grupo_meteorologico,Grupo | Meteorológico,Grupo,3,Exclui mar2020-dez2021,C_prop,2970,27,12,-13208.061092341228,-12374.57299712148,2.1322336555033092,3,0.08862721414875716,0.1454713941592271,-0.21039351902595513,0.3876479473234694,0.5476516358495538,26,0.08862721414875716,0.15961525127293769,-0.22772502474032505,0.40497945303783933,0.5798578170098682,109,0.05025910737233998,0.14234393006873927,-0.2423330312960761,0.34285124604075606,0.7268734643478191,26,0.05025910737233998,0.1482511328264981,-0.24356981820638426,0.3440880329510642,0.7352519470472308,109,0.03836810677641715,0.03573921344786175,-0.035094898579603934,0.11183111213243824,0.2928841365628807,26,0.03836810677641715,0.02973849211509425,-0.020572617789484375,0.09730883134231869,0.1997173771001687,109,0.03661628452858798,0.03979820719024492,,,,,,
Total,grupo_outros,Grupo | Outros,Grupo,3,J alternativo,C_prop,3564,27,12,-16168.692799418062,-15167.753315666369,2.05037303145524,4,0.06509822301169298,0.04348139862877304,-0.024279071903115873,0.15447551792650183,0.1463964653970107,26,0.06509822301169298,0.08519164473442259,-0.10343117182236465,0.2336276178457506,0.44615883387367494,131,0.046788073473170426,0.04015388426022398,-0.035749417699578685,0.12932556464591954,0.2545096642664139,26,0.046788073473170426,0.08082633301183871,-0.1131056934755176,0.20668184042185847,0.5636697630344102,131,0.018310149538522544,0.013546599250908321,-0.00953528401521701,0.0461555830922621,0.18813318352379635,26,0.018310149538522544,0.011404501458006418,-0.0042506747664148095,0.0408709738434599,0.11078751346948681,131,0.013744923836156369,0.18203213428517565,,,,,,
Total,grupo_outros,Grupo | Outros,Grupo,3,Exposição A,A,3564,27,12,-16173.223091376149,-15178.462246413046,2.5184925560955156,3,-0.01726981869654215,0.011349114641835393,-0.04059825794536767,0.0060586205522833725,0.14015738062644145,26,-0.01726981869654215,0.0056105623938440445,-0.028368849450801096,-0.006170787942283203,0.0025379368121386976,131,-0.019197886017344425,0.011194984458739517,-0.04220950613743296,0.0038137341027441075,0.09826726091747433,26,-0.019197886017344425,0.005452099413676436,-0.02998343919719451,-0.008412332837494341,0.0005917269957105494,131,0.0019280673208022783,0.0022438614400402223,-0.00268425592543599,0.0065403905670405466,0.39804874826801906,26,0.0019280673208022783,0.0016147246215766414,-0.0012662431558448247,0.005122377797449382,0.23461478420085718,131,0.18791793543183374,0.004920485536584982,,,,,,
Total,grupo_outros,Grupo | Outros,Grupo,3,Exposição B,B,3564,27,12,-16173.367767931355,-15178.606922968253,2.51181171384649,3,-0.017322063967807187,0.011592565279048363,-0.04115092316828034,0.006506795232665962,0.14715160396690974,26,-0.017322063967807187,0.005636807278319998,-0.02847301336399411,-0.006171114571620262,0.00257840735375741,131,-0.019388711738692513,0.011479789593482134,-0.042985757197521145,0.004208333720136119,0.10318976095807915,26,-0.019388711738692513,0.005479610416648678,-0.030228688244875165,-0.00854873523250986,0.0005577524895502903,131,0.0020666477708853248,0.0022880088118021323,-0.0026364216976482602,0.00676971723941891,0.3746852359003556,26,0.0020666477708853248,0.0016130393206566839,-0.0011243287785317178,0.005257624320302367,0.20238203789460477,131,0.20230860986302676,0.004241035881545738,,,,,,
Total,grupo_outros,Grupo | Outros,Grupo,3,Exposição C,C,3564,27,12,-16173.13133358879,-15178.370488625687,2.4077131646459105,3,-0.017787446633004748,0.011379820750196959,-0.04117900319151363,0.005604109925504131,0.13012747971223546,26,-0.017787446633004748,0.0065005423807260945,-0.030647070096457514,-0.004927823169551983,0.007075951742577049,131,-0.020313868578901287,0.011408704462723403,-0.04376479645880557,0.003137059301002998,0.0866741932001751,26,-0.020313868578901287,0.0063363467293208195,-0.032848673876770096,-0.007779063281032474,0.0016916439905803795,131,0.0025264219458965382,0.002475087855781267,-0.0025611940048893226,0.007614037896682399,0.3167819458468717,26,0.0025264219458965382,0.0019113669246303968,-0.0012547177670175617,0.006307561658810638,0.1885423225260339,131,0.20227962672804742,0.01111491065822369,,,,,,
Total,grupo_outros,Grupo | Outros,Grupo,3,Irrestrito K3,C_prop,3564,27,3,-16170.223598803695,-15169.284115052002,1.6746336120142125,4,0.08270263335807343,0.0619896962296854,-0.04471901213457405,0.2101242788507209,0.19372819954513976,26,0.08270263335807343,0.042428755115467315,-0.0012315651829121338,0.16663683189905898,0.05340699909036837,131,0.011300344373355815,0.05225233905567235,-0.09610587679352747,0.11870656554023909,0.8304691263645245,26,0.011300344373355815,0.05123645269019196,-0.090057580951836,0.11265826969854761,0.8257839994944866,131,0.07140228898471762,0.04487859775535365,-0.02084698986642379,0.16365156783585905,0.1236943704316764,26,0.07140228898471762,0.037020239482983344,-0.0018325754920581888,0.14463715346149342,0.05592654578034819,131,0.5255069157172112,0.11788858177684325,,,,,,
Total,grupo_outros,Grupo | Outros,Grupo,3,Irrestrito K6,C_prop,3564,27,6,-16164.72426559787,-15145.248865480404,1.814301331518421,7,0.08983263282812624,0.07823798317590165,-0.07098784480998545,0.25065311046623795,0.26134202421190666,26,0.08983263282812624,0.05906047001355355,-0.027003065097745582,0.20666833075399807,0.1306628893608273,131,0.018768368244869438,0.06556715712373042,-0.11600685343108122,0.1535435899208201,0.7769578225858553,26,0.018768368244869438,0.060838258817870965,-0.10158422000831539,0.13912095649805428,0.7581948656900833,131,0.0710642645832568,0.0447210887760649,-0.020861249924105985,0.1629897790906196,0.1241357675432901,26,0.0710642645832568,0.037057288945664874,-0.002243892568453379,0.144372421734967,0.057327394075881326,131,0.08551659191596896,0.25599101375532674,,,,,,
Total,grupo_outros,Grupo | Outros,Grupo,3,Almon K12 q2,C_prop,3564,27,12,-16170.453523218152,-15175.692678255049,20.687877792005274,3,0.06655962007058593,0.04364177136317125,-0.023147325720934114,0.15626656586210597,0.13929851602725946,26,0.06655962007058593,0.0839369150546312,-0.09948762015459219,0.23260686029576405,0.4292279882659448,131,0.03743732592280561,0.04023160083937049,-0.04525991396624977,0.120134565811861,0.360649098179208,26,0.03743732592280561,0.07601687385460558,-0.11294218356818939,0.1878168354138006,0.6231994684537271,131,0.02912229414778031,0.01732883384270139,-0.006497633953243306,0.06474222224880392,0.10482377727851376,26,0.02912229414778031,0.015012378460460576,-0.0005757714882148393,0.05882035978377546,0.05454250058503599,131,0.025919924458224917,0.17555271848651574,,,,,,
Total,grupo_outros,Grupo | Outros,Grupo,3,Somente defasado,C_prop,3564,27,12,-16169.3454693719,-15174.584624408797,2.124743815379427,3,0.02615083109318395,0.043200591967616664,-0.06264925746305097,0.11495091964941886,0.55020418575764,26,0.02615083109318395,0.0791102605174226,-0.13034813511093696,0.18264979729730485,0.7415035949189049,131,0.02615083109318395,0.043200591967616664,-0.06264925746305097,0.11495091964941886,0.55020418575764,26,0.02615083109318395,0.0791102605174226,-0.13034813511093696,0.18264979729730485,0.7415035949189049,131,0.0,0.0,0.0,0.0,,26,0.0,0.0,0.0,0.0,,131,0.7725389027370891,0.8275768167258651,4999.0,0.58,0.006979971346646059,0.8906,0.004414332112562444,0.58
Total,grupo_outros,Grupo | Outros,Grupo,3,Região × tempo,C_prop,3564,27,12,-16020.599181380738,-11788.231611196108,2.094803634843396,3,0.26513925272733485,0.06162335341832808,0.13847063566806753,0.3918078697866022,0.0002116058964323695,26,0.26513925272733485,0.08840645585922267,0.09025019462985112,0.4400283108248186,0.003241548702572462,131,0.23692973273506077,0.07081783356441637,0.09136159106249153,0.38249787440763,0.0025051562342472567,26,0.23692973273506077,0.0844276592799181,0.06991168337051534,0.4039477820996062,0.005776574578541225,131,0.02820951999227407,0.022283147333940684,-0.01759414533825747,0.07401318532280561,0.21675451508576693,26,0.02820951999227407,0.017471010018964225,-0.0063523053465210505,0.06277134533106919,0.108793177153556,131,0.0004686953045959799,0.021143886522678314,,,,,,
Total,grupo_outros,Grupo | Outros,Grupo,3,Ponderado CA2013,C_prop,3564,27,12,-32015.476047183616,-31020.715202220512,2.161889624429396,3,0.07281180091835288,0.05388723432132559,-0.0379549955961785,0.18357859743288424,0.18827650265699938,26,0.07281180091835288,0.044189287940709886,-0.014605151507107686,0.16022875334381342,0.10180562598158421,131,0.061903787682567435,0.05255289625833101,-0.04612023766237687,0.16992781302751175,0.2494929617206359,26,0.061903787682567435,0.043220356924357224,-0.023596388064488633,0.1474039634296235,0.15444465707047436,131,0.010908013235785444,0.0048295021839461355,0.0009808293226941135,0.020835197148876775,0.03252381221666294,26,0.010908013235785444,0.0041546967033576215,0.002689032098389988,0.0191269943731809,0.00968271746081924,131,0.014104444661898334,0.006763997670434315,,,,,,
Total,grupo_outros,Grupo | Outros,Grupo,3,Exclui mar2020-dez2021,C_prop,2970,27,12,-13208.519828658485,-12375.031733438738,2.2178368914764217,3,0.2482206696835018,0.10721399029450435,0.027839156398776765,0.4686021829682268,0.028757085995847517,26,0.2482206696835018,0.11336902201246699,0.023526953711572568,0.472914385655431,0.03069286860873887,109,0.18291721967551258,0.08023201907973943,0.017997942535351474,0.3478364968156737,0.031060436334968338,26,0.18291721967551258,0.0931915205454577,-0.0017853443646940748,0.36761978371571924,0.05221639642207975,109,0.06530345000798918,0.036585106881834556,-0.009898314203517736,0.14050521421949608,0.08593879725293939,26,0.06530345000798918,0.03137286934183649,0.003123442912718863,0.12748345710325948,0.03972779633125243,109,0.004348486262422173,0.15559483047757197,,,,,,
Total,tipo_alagamentos,Tipologia | Alagamentos,Tipologia,3,J alternativo,C_prop,3564,27,12,-16173.949606899536,-15173.010123147842,1.7500304549309902,4,-0.11837247916133772,0.3181572790787578,-0.7723541324262408,0.5356091741035653,0.7128661030703473,26,-0.11837247916133772,0.35920494825183347,-0.828965551275369,0.5922205929526935,0.7422737209611278,131,-0.25475248252326754,0.43383417256351176,-1.1465113957168382,0.6370064306703033,0.5621267348251695,26,-0.25475248252326754,0.4165498298442986,-1.078787409431116,0.569282444384581,0.5418772524514776,131,0.13638000336192985,0.1372158722360124,-0.145671261468253,0.4184312681921127,0.32942803293159595,26,0.13638000336192985,0.11926364571878713,-0.09955193692809314,0.37231194365195286,0.254909374778305,131,0.17665746451249173,0.32607376947970146,,,,,,
Total,tipo_alagamentos,Tipologia | Alagamentos,Tipologia,3,Exposição A,A,3564,27,12,-16176.740861337847,-15181.980016374744,1.7257216397693662,3,-0.005201512188057375,0.010524885170996255,-0.02683572349537601,0.016432699119261263,0.6253071084403312,26,-0.005201512188057375,0.009948513067192452,-0.02488204414561452,0.014479019769499767,0.6019665617131186,131,-0.005720341462951797,0.010299359626739888,-0.026890978374885514,0.015450295448981922,0.5833637585470263,26,-0.005720341462951797,0.010185778250689123,-0.025870240550519626,0.01442955762461603,0.5753475481737728,131,0.0005188292748944225,0.0032519151613274256,-0.00616557807118319,0.007203236620972035,0.8744718793764237,26,0.0005188292748944225,0.002137648895199716,-0.003709950152932899,0.004747608702721744,0.8086094751316155,131,0.10294846726458991,0.04714482831109385,,,,,,
Total,tipo_alagamentos,Tipologia | Alagamentos,Tipologia,3,Exposição B,B,3564,27,12,-16176.822363782718,-15182.061518819615,1.7266641586029505,3,-0.004923605757059372,0.010461254612167499,-0.026427022577508202,0.01657981106338946,0.6418141870219901,26,-0.004923605757059372,0.010003835397758032,-0.024713578481021386,0.014866366966902644,0.6234216805513905,131,-0.005495595749190897,0.010282155393172898,-0.026630868852558377,0.015639677354176585,0.597551490618704,26,-0.005495595749190897,0.010234686018366447,-0.02574224606764573,0.014751054569263938,0.5922074957303521,131,0.000571989992131526,0.0032538846501729024,-0.006116465696247042,0.007260445680510095,0.8618233915354637,26,0.000571989992131526,0.0021342204608343534,-0.0036500071747050133,0.004793987158968066,0.7891140446296258,131,0.1036666188270118,0.04096490560120143,,,,,,
Total,tipo_alagamentos,Tipologia | Alagamentos,Tipologia,3,Exposição C,C,3564,27,12,-16177.260035551284,-15182.499190588182,1.7314463588829792,3,-0.004231717019142425,0.01058972474586402,-0.02599920798139084,0.017535773943105994,0.6927106225447657,26,-0.004231717019142425,0.010688918263942302,-0.02537694707155657,0.016913513033271724,0.6928246213298597,131,-0.0050961431454712176,0.010527626011055434,-0.026735988330218105,0.016543702039275673,0.6323863642440288,26,-0.0050961431454712176,0.01089960991533198,-0.02665817154255852,0.01646588525161608,0.6408812637672329,131,0.0008644261263287931,0.00338505802574736,-0.00609366029710923,0.007822512549766817,0.8004503535660176,26,0.0008644261263287931,0.0022341685313655444,-0.003555292165554264,0.00528414441821185,0.6994493266354768,131,0.09824071993080186,0.032867644155964604,,,,,,
Total,tipo_alagamentos,Tipologia | Alagamentos,Tipologia,3,Irrestrito K3,C_prop,3564,27,3,-16169.556104271596,-15168.616620519902,1.0162173621486945,4,0.24376679271579904,0.29639895349366685,-0.3654899817733731,0.8530235672049712,0.4183124142172013,26,0.24376679271579904,0.25731197139920153,-0.2652576657114467,0.7527912511430448,0.3452001916063495,131,0.1534120887687398,0.24199098015342677,-0.3440074948226723,0.6508316723601519,0.5316466816872611,26,0.1534120887687398,0.2177790838802281,-0.277406888001413,0.5842310655388926,0.48240983734199894,131,0.09035470394705925,0.06977560576108793,-0.05307110779399629,0.23378051568811478,0.20672516261922735,26,0.09035470394705925,0.0603422482904301,-0.02901665716487807,0.20972606505899655,0.13670249940993265,131,0.636217558010681,0.4697839513747757,,,,,,
Total,tipo_alagamentos,Tipologia | Alagamentos,Tipologia,3,Irrestrito K6,C_prop,3564,27,6,-16174.359106333064,-15154.883706215598,1.0363364167005786,7,-0.25221972284485816,0.31773547355212417,-0.9053343424323835,0.4008948967426672,0.43449492122570715,26,-0.25221972284485816,0.3872403407767089,-1.0182734889140492,0.5138340432243329,0.51597698438476,131,-0.33547994861581343,0.3590202418099617,-1.073456624724873,0.40249672749324594,0.3586791229773443,26,-0.33547994861581343,0.394517670239334,-1.115930008290646,0.4449701110590193,0.3966794702135437,131,0.08326022577095529,0.061071340826012364,-0.0422737131543055,0.2087941646962161,0.18446932583668763,26,0.08326022577095529,0.055391070345949,-0.02631652431662207,0.19283697585853266,0.13521129833009535,131,0.635684577315583,0.6085198865551702,,,,,,
Total,tipo_alagamentos,Tipologia | Alagamentos,Tipologia,3,Almon K12 q2,C_prop,3564,27,12,-16173.851514936436,-15179.090669973333,18.77173660513157,3,-0.11728647338654105,0.3163193925129033,-0.767490296710444,0.5329173499373618,0.7138016468148175,26,-0.11728647338654105,0.3481857718951646,-0.8060809861612337,0.5715080393881515,0.7367688183895234,131,-0.20661055554691019,0.3796071876982906,-0.9869043049811774,0.573683193887357,0.5908902093788947,26,-0.20661055554691019,0.370667743326535,-0.9398797706450163,0.5266586595511958,0.5782046992061083,131,0.08932408216036934,0.09268866657105784,-0.10120020060499367,0.27984836492573234,0.3440745654873424,26,0.08932408216036934,0.07474945564233663,-0.05854817177779274,0.2371963360985314,0.23425389359870127,131,0.133804836406469,0.2015395761608864,,,,,,
Total,tipo_alagamentos,Tipologia | Alagamentos,Tipologia,3,Somente defasado,C_prop,3564,27,12,-16173.320311949625,-15178.559466986522,1.8276919806463208,3,-0.20444046689486367,0.35281625639400177,-0.9296646683445062,0.520783734554779,0.5672708667236561,26,-0.20444046689486367,0.3508672665320594,-0.8985396157030012,0.48965868191327383,0.5611158542748854,131,-0.20444046689486367,0.35281625639400177,-0.9296646683445062,0.520783734554779,0.5672708667236561,26,-0.20444046689486367,0.3508672665320594,-0.8985396157030012,0.48965868191327383,0.5611158542748854,131,0.0,0.0,0.0,0.0,,26,0.0,0.0,0.0,0.0,,131,0.14286748398836097,0.26044148077912194,9999.0,0.5526,0.004972255423849423,0.2626,0.004400468611409471,0.5526
Total,tipo_alagamentos,Tipologia | Alagamentos,Tipologia,3,Região × tempo,C_prop,3564,27,12,-16022.871769187605,-11790.504199002975,1.8436377690935202,3,0.45594898967389197,0.27845738873300735,-0.1164283702744271,1.028326349622211,0.11359292247554262,26,0.45594898967389197,0.39675502106700034,-0.32892708363400935,1.2408250629817932,0.2525693374330605,131,0.34198360462862953,0.37307859246103986,-0.4248904251024851,1.1088576343597443,0.3677492595455803,26,0.34198360462862953,0.43261548019306095,-0.5138330109569407,1.1978002202141997,0.43066310995641716,131,0.1139653850452624,0.12026980372935252,-0.13325273710022217,0.36118350719074693,0.35206745582764887,26,0.1139653850452624,0.10793705187495138,-0.09955985078467515,0.3274906208751999,0.292979871544547,131,0.017212058630283123,0.01717369863610794,,,,,,
Total,tipo_alagamentos,Tipologia | Alagamentos,Tipologia,3,Ponderado CA2013,C_prop,3564,27,12,-32017.328472301928,-31022.567627338824,1.8488047540577952,3,0.24809166736258578,0.12345801090032796,-0.005679908479331114,0.5018632432045027,0.05496724024329303,26,0.24809166736258578,0.1819402981648636,-0.11182964230621376,0.6080129770313853,0.17503584838616235,131,0.18250407227613324,0.10324580288541811,-0.02972071497116302,0.3947288595234295,0.0888526650618332,26,0.18250407227613324,0.1533022244082113,-0.1207642961979346,0.4857724407502011,0.23600845931774725,131,0.06558759508645254,0.050506750795946506,-0.03823051802481489,0.16940570819771997,0.20548470380251013,26,0.06558759508645254,0.0398185696590993,-0.01318303399020719,0.14435822416311228,0.10192169546063466,131,0.00920437609145624,8.769253340204573e-05,,,,,,
Total,tipo_alagamentos,Tipologia | Alagamentos,Tipologia,3,Exclui mar2020-dez2021,C_prop,2970,27,12,-13217.157646589456,-12383.669551369709,2.467099551432864,3,-1.057975233589543,0.9635371222295888,-3.0385541535576994,0.9226036863786136,0.282264106307401,26,-1.057975233589543,1.493109709870277,-4.017270137162304,1.9013196699832176,0.4801029747522198,109,-1.30965075970553,1.286283285013522,-3.9536439184850862,1.3343423990740262,0.31798011771940193,26,-1.30965075970553,1.5562567634221878,-4.3941010704908265,1.7747995510797665,0.4018885382685392,109,0.251675526115987,0.3861831187782737,-0.5421352432396721,1.0454862954716462,0.5203144169318216,26,0.251675526115987,0.33039400406776137,-0.40315464875017926,0.9065057009821532,0.4478580821175715,109,0.06185250530795025,0.21433117957011188,,,,,,
Total,tipo_alagamentos,Tipologia | Alagamentos,Tipologia,3,Mecanismo K6,C_prop,3564,27,6,-16178.628069619448,-15183.867224656346,1.6633367151607263,3,-0.2529964175779852,0.31923401636484744,-0.90919133603213,0.4031985008761596,0.43523500539697474,26,-0.2529964175779852,0.3878631918361367,-1.0202823316171368,0.5142894964611665,0.5153617844449949,131,-0.34124662455958554,0.384041280733124,-1.1306547827606341,0.44816153364146305,0.38238277670662923,26,-0.34124662455958554,0.41400168769102064,-1.160240718456382,0.477747469337211,0.4112878996509438,131,0.08825020698160035,0.08357211054729644,-0.08353472649788404,0.2600351404610848,0.3006926747884024,26,0.08825020698160035,0.07834877217737074,-0.06674235364105535,0.24324276760425606,0.2620653993216828,131,0.7531694346348671,0.7004097916183416,,,,,,
Total,tipo_chuvas_intensas,Tipologia | Chuvas Intensas,Tipologia,3,J alternativo,C_prop,3564,27,12,-16174.454643911697,-15173.515160160003,2.2289037366427835,4,-0.23050941983972126,0.13555696006162382,-0.5091507418593253,0.04813190217988281,0.10097734116857716,26,-0.23050941983972126,0.13050223533165117,-0.4886739712285061,0.0276551315490636,0.07967051449118108,131,-0.2737688894940438,0.12348395462147481,-0.527593793418526,-0.019943985569561617,0.035571853581301646,26,-0.2737688894940438,0.11883542400837152,-0.5088537050931875,-0.03868407389490014,0.022810390497239,131,0.043259469654322605,0.02706445671143565,-0.012372317856909072,0.09889125716555427,0.12204040199859359,26,0.043259469654322605,0.021490501108992248,0.0007461321331409254,0.08577280717550428,0.04616862342223866,131,0.0006266462148662154,0.0011344931120839598,,,,,,
Total,tipo_chuvas_intensas,Tipologia | Chuvas Intensas,Tipologia,3,Exposição A,A,3564,27,12,-16173.98878612541,-15179.227941162308,1.985642046977621,3,-0.00931089872881241,0.0075297405939960685,-0.024788502185115607,0.006166704727490787,0.22730836246953157,26,-0.00931089872881241,0.005765976845313038,-0.02071737634052067,0.002095578882895849,0.10876009573767531,131,-0.008987009922663844,0.006750120200148808,-0.022862080708447644,0.004888060863119957,0.19461871865133978,26,-0.008987009922663844,0.005207976651933744,-0.019289630046931176,0.0013156102016034909,0.08677303342352476,131,-0.0003238888061485672,0.001856936862340998,-0.004140877192391618,0.0034930995800944837,0.862885675547172,26,-0.0003238888061485672,0.0008740038249693436,-0.0020528768561376863,0.0014050992438405516,0.7115485174312931,131,0.2416377973219782,0.11694879665937463,,,,,,
Total,tipo_chuvas_intensas,Tipologia | Chuvas Intensas,Tipologia,3,Exposição B,B,3564,27,12,-16174.138726657322,-15179.37788169422,1.9820720065225361,3,-0.009483256709590715,0.007516472696409591,-0.024933587611816008,0.005967074192634578,0.2182720260623456,26,-0.009483256709590715,0.005796882050835435,-0.020950872189926216,0.001984358770744786,0.10425598381063804,131,-0.009167677039441177,0.006745751888131294,-0.0230337686312758,0.004698414552393445,0.18581024247436462,26,-0.009167677039441177,0.005235975258038174,-0.019525685085349024,0.0011903310064666703,0.08230367430531058,131,-0.0003155796701495388,0.0018525935442050934,-0.004123640238102846,0.003492480897803768,0.8660576151935143,26,-0.0003155796701495388,0.0008761815466233156,-0.0020488757730422616,0.001417716432743184,0.7192954790324768,131,0.2273344416938816,0.11692511472629767,,,,,,
Total,tipo_chuvas_intensas,Tipologia | Chuvas Intensas,Tipologia,3,Exposição C,C,3564,27,12,-16174.28776428209,-15179.526919318987,1.9682684999520892,3,-0.009899107284391043,0.00779645166095606,-0.025924943190442352,0.006126728621660266,0.21544077995785854,26,-0.009899107284391043,0.0060670605931507395,-0.021901200369607764,0.0021029858008256783,0.10516232160158773,131,-0.009657487010265527,0.006990834977791172,-0.02402735410780958,0.004712380087278527,0.17889811860119853,26,-0.009657487010265527,0.005460375875018142,-0.020459413004910224,0.0011444389843791695,0.07927995041515276,131,-0.0002416202741255158,0.001850646733098718,-0.004045679114538191,0.0035624385662871598,0.8971283955545529,26,-0.0002416202741255158,0.0009291127576221644,-0.0020796269385442963,0.0015963863902932647,0.7952297582474347,131,0.2249762453176792,0.12291487325716688,,,,,,
Total,tipo_chuvas_intensas,Tipologia | Chuvas Intensas,Tipologia,3,Irrestrito K3,C_prop,3564,27,3,-16169.336627926168,-15168.397144174474,1.475248759114203,4,0.026118539525534536,0.1034327607464105,-0.1864905451088173,0.23872762415988635,0.8026270776482379,26,0.026118539525534536,0.07693820364964393,-0.12608358007334655,0.1783206591244156,0.7347961158342802,131,-0.023513845058293452,0.09397757737749585,-0.2166875219300747,0.1696598318134878,0.8043938006706374,26,-0.023513845058293452,0.06511395229586066,-0.15232477493157348,0.10529708481498656,0.7185926698158867,131,0.049632384583827995,0.02089797815817663,0.006675975271580155,0.09258879389607583,0.02521128402866781,26,0.049632384583827995,0.033286250205891196,-0.016215758399931134,0.11548052756758712,0.13834516440999495,131,0.07329392123688015,0.04751722447253664,,,,,,
Total,tipo_chuvas_intensas,Tipologia | Chuvas Intensas,Tipologia,3,Irrestrito K6,C_prop,3564,27,6,-16174.448196034846,-15154.97279591738,1.53263191585082,7,-0.12644287355037948,0.09105348926368301,-0.3136060012230327,0.060720254122273776,0.1767169290008111,26,-0.12644287355037948,0.09772491111646887,-0.3197660589638416,0.06688031186308263,0.1979884799495745,131,-0.17331754498068563,0.083084791782191,-0.3441007803924927,-0.00253430956887854,0.04693019134383781,26,-0.17331754498068563,0.09442285303513205,-0.36010847183887007,0.01347338187749883,0.06869264181983231,131,0.04687467143030616,0.020453828845614443,0.004831224105182885,0.08891811875542943,0.03026812726715373,26,0.04687467143030616,0.0303711162577185,-0.013206641230158925,0.10695598409077124,0.12514690504313536,131,0.01783869334934261,0.014918492620998626,,,,,,
Total,tipo_chuvas_intensas,Tipologia | Chuvas Intensas,Tipologia,3,Almon K12 q2,C_prop,3564,27,12,-16175.716131828663,-15180.955286865561,20.11767372008414,3,-0.2283160132590255,0.13575101508795748,-0.507356221097975,0.050724194579924,0.10456777976126402,26,-0.2283160132590255,0.13094402248670314,-0.4873545250240711,0.0307224985060201,0.08357215180419128,131,-0.25823386463524345,0.1351723052865152,-0.5360845174408971,0.019616788170410238,0.0671690568449563,26,-0.25823386463524345,0.12313893775079551,-0.5018320569737579,-0.014635672296729046,0.03790766234444352,131,0.0299178513762179,0.03754112876486672,-0.047249043959848414,0.10708474671228421,0.4327062437498772,26,0.0299178513762179,0.021670608713601425,-0.012951781949610122,0.07278748470204592,0.1697614275446266,131,0.23365923771172065,0.038426378062899724,,,,,,
Total,tipo_chuvas_intensas,Tipologia | Chuvas Intensas,Tipologia,3,Somente defasado,C_prop,3564,27,12,-16174.995219967994,-15180.234375004891,2.06722787228596,3,-0.2601997278950707,0.13093636613142587,-0.5293432830671383,0.008943827276996885,0.057527981046722465,26,-0.2601997278950707,0.1263210053924706,-0.5100928090767847,-0.01030664671335671,0.04139500995236132,131,-0.2601997278950707,0.13093636613142587,-0.5293432830671383,0.008943827276996885,0.057527981046722465,26,-0.2601997278950707,0.1263210053924706,-0.5100928090767847,-0.01030664671335671,0.04139500995236132,131,0.0,0.0,0.0,0.0,,26,0.0,0.0,0.0,0.0,,131,0.19369336527381595,0.11474702499252067,9999.0,0.0575,0.002327955111251074,0.3319,0.004708953068358188,0.0575
Total,tipo_chuvas_intensas,Tipologia | Chuvas Intensas,Tipologia,3,Região × tempo,C_prop,3564,27,12,-16023.829044595583,-11791.461474410953,2.108502899788193,3,-0.2918488203688859,0.20720736512400795,-0.7177696592849069,0.13407201854713513,0.1708336672972649,26,-0.2918488203688859,0.20809788839444793,-0.7035160831232452,0.1198184423854734,0.16314349249377164,131,-0.32215497495990236,0.2002859151059208,-0.73384856960565,0.08953861968584526,0.11980811438716651,26,-0.32215497495990236,0.20962114567105578,-0.7368356039640104,0.09252565404420565,0.126743389318824,131,0.030306154591016505,0.036788774092258544,-0.0453142535672032,0.1059265627492362,0.41755292054901666,26,0.030306154591016505,0.02486907418105775,-0.018890806388931137,0.07950311557096415,0.22517536478723996,131,0.30385432328569334,0.326381045358145,,,,,,
Total,tipo_chuvas_intensas,Tipologia | Chuvas Intensas,Tipologia,3,Ponderado CA2013,C_prop,3564,27,12,-32030.74740611283,-31035.986561149726,2.2031499383481403,3,-0.04876571509800976,0.13672212466983868,-0.32980206727066425,0.23227063707464474,0.7242116468931812,26,-0.04876571509800976,0.13234019575014094,-0.3105661906202311,0.2130347604242116,0.7131045303811341,131,-0.10414391904424437,0.11317184250652976,-0.33677197294187117,0.12848413485338245,0.36591327029943316,26,-0.10414391904424437,0.1203655003578895,-0.34225559064596944,0.13396775255748072,0.38849393207919436,131,0.055378203946234605,0.03774636262708267,-0.02221055563542297,0.13296696352789217,0.1543380579247088,26,0.055378203946234605,0.024190808835303904,0.007523013613081643,0.10323339427938757,0.023666170185595255,131,0.10129888505594828,0.02906082976716158,,,,,,
Total,tipo_chuvas_intensas,Tipologia | Chuvas Intensas,Tipologia,3,Exclui mar2020-dez2021,C_prop,2970,27,12,-13211.353261915167,-12377.86516669542,2.0080700772300926,3,-0.22822583023004184,0.13749256306950094,-0.510845841213863,0.05439418075377933,0.1089469623054368,26,-0.22822583023004184,0.14532325854152753,-0.5162518041619191,0.05980014370183534,0.11920422491278031,109,-0.2557181622303662,0.13985569738410464,-0.5431956653653224,0.03175934090458998,0.07897870389685188,26,-0.2557181622303662,0.13629969973914344,-0.5258597359741926,0.014423411513460216,0.06331025694223008,109,0.027492332000324367,0.038380464784203996,-0.05139984323240305,0.10638450723305179,0.4801846530141304,26,0.027492332000324367,0.022897598258073602,-0.017889963340224226,0.07287462734087297,0.23248416482245254,109,0.3406561566204551,0.051148919142487904,,,,,,
Total,tipo_doencas_infecciosas,Tipologia | Doenças infecciosas,Tipologia,3,J alternativo,C_prop,3564,27,12,-16172.759356939077,-15171.819873187384,1.6868476098755751,4,-0.004171422938295713,0.18076770958701716,-0.37574477155045505,0.36740192567386365,0.9817657239490926,26,-0.004171422938295713,0.22611385062339354,-0.451478556495274,0.4431357106186826,0.9853092658317355,131,-0.057314300539698534,0.14576648565801417,-0.3569416029772609,0.2423130018978638,0.6973828535637061,26,-0.057314300539698534,0.189604083671829,-0.43239640605477225,0.31776780497537516,0.7629149059151445,131,0.05314287760140281,0.0476544566009027,-0.0448122608242819,0.1510980160270875,0.2749789661897098,26,0.05314287760140281,0.046003310214079794,-0.03786264359626042,0.14414839879906605,0.25011258237868217,131,0.0016567652126730544,0.031864936544274226,,,,,,
Total,tipo_doencas_infecciosas,Tipologia | Doenças infecciosas,Tipologia,3,Exposição A,A,3564,27,12,-16173.400228597031,-15178.639383633928,1.7595238861580325,3,0.027437410657532225,0.022660405361338495,-0.019141719654279854,0.0740165409693443,0.2368606442679464,26,0.027437410657532225,0.02818211794280235,-0.028313541174055372,0.08318836248911982,0.3320618134948363,131,0.012970840726167294,0.016538420159897607,-0.02102436878114702,0.046966050233481604,0.4399601111661502,26,0.012970840726167294,0.02508965075047914,-0.036662473324260966,0.06260415477659555,0.6060420585892881,131,0.014466569931364933,0.009202146593046636,-0.00444871328934965,0.03338185315207952,0.1280219110675072,26,0.014466569931364933,0.005609906440399071,0.003368836809490775,0.02556430305323909,0.011020052130617776,131,0.40370685402385,0.0016831396643663783,,,,,,
Total,tipo_doencas_infecciosas,Tipologia | Doenças infecciosas,Tipologia,3,Exposição B,B,3564,27,12,-16173.388125723777,-15178.627280760675,1.7599099947918315,3,0.02845170405840501,0.02288266128900927,-0.01858427985564723,0.07548768797245725,0.2248253771976656,26,0.02845170405840501,0.028334330392531745,-0.02760036030738794,0.08450376842419796,0.3171611414271468,131,0.013883071812100784,0.016631221912116877,-0.020302894428857875,0.04806903805305945,0.4114579682503367,26,0.013883071812100784,0.025213541489753164,-0.03599532767341309,0.06376147129761466,0.5828321784798979,131,0.014568632246304218,0.009304549981956959,-0.00455714415493233,0.033694408647540766,0.12949770599607457,26,0.014568632246304218,0.005631735041747072,0.0034277169439859492,0.025709547548622487,0.010776054312638532,131,0.4034437797685735,0.0016036563894350334,,,,,,
Total,tipo_doencas_infecciosas,Tipologia | Doenças infecciosas,Tipologia,3,Exposição C,C,3564,27,12,-16173.817415986665,-15179.056571023562,1.747117903459748,3,0.032002931745062815,0.023493905189883,-0.016289482001426284,0.08029534549155191,0.18482650121901464,26,0.032002931745062815,0.028079261947201246,-0.02354454639203577,0.0875504098821614,0.25647616470443424,131,0.016260919380386436,0.017107876784888874,-0.01890482498362764,0.05142666374440051,0.35061431030989854,26,0.016260919380386436,0.025331084883607417,-0.033850008976881854,0.06637184773765473,0.5220368643962711,131,0.015742012364676372,0.009628787652881745,-0.004050244114263073,0.03553426884361582,0.11412329909317381,26,0.015742012364676372,0.005318616102244054,0.005220521015845917,0.026263503713506827,0.0036549019470860163,131,0.2930234017501016,0.0006934409245619283,,,,,,
Total,tipo_doencas_infecciosas,Tipologia | Doenças infecciosas,Tipologia,3,Irrestrito K3,C_prop,3564,27,3,-16169.595992705901,-15168.656508954207,1.0161660828576067,4,0.19022294845762538,0.1911483421006478,-0.2026880958780351,0.5831339927932859,0.32883111868397524,26,0.19022294845762538,0.1698943403613192,-0.14586858324225965,0.5263144801575104,0.2649097247692361,131,0.08740816799873341,0.1790074773087849,-0.28054697134667017,0.455363307344137,0.6294350147218436,26,0.08740816799873341,0.16589929664946157,-0.2407802142644449,0.4155965502619117,0.599171544691808,131,0.10281478045889197,0.07597997107094348,-0.053364286824666235,0.25899384774245016,0.18764682510553202,26,0.10281478045889197,0.0713950367551171,-0.038421632759850166,0.24405119367763412,0.15222949162592006,131,0.5240087879730487,0.5813999205658739,,,,,,
Total,tipo_doencas_infecciosas,Tipologia | Doenças infecciosas,Tipologia,3,Irrestrito K6,C_prop,3564,27,6,-16164.665588968644,-15145.190188851178,1.0275127493710081,7,0.28302136275285905,0.2130440729605721,-0.15489700094597708,0.7209397264516952,0.19556817584276925,26,0.28302136275285905,0.17952538389767675,-0.07212267044365417,0.6381653959493723,0.11732301377305739,131,0.1796314782226047,0.18322199620018567,-0.19698672877378967,0.5562496852189991,0.33592231788862137,26,0.1796314782226047,0.16381162630003127,-0.144426994098122,0.5036899505433314,0.2748396304463968,131,0.10338988453025436,0.07622298674669882,-0.05328870862887067,0.26006847768937935,0.18663027137521726,26,0.10338988453025436,0.07126032470165247,-0.0375800361126252,0.2443598051731339,0.14920478481934454,131,0.10920655868885848,0.0019021917218953672,,,,,,
Total,tipo_doencas_infecciosas,Tipologia | Doenças infecciosas,Tipologia,3,Almon K12 q2,C_prop,3564,27,12,-16174.363599950124,-15179.602754987021,19.10720327256019,3,-0.004027531119242527,0.18082089668618997,-0.37571020737950767,0.3676551451410226,0.9823997767194533,26,-0.004027531119242527,0.22377404892384634,-0.4467059787800199,0.4386509165415348,0.985667669235535,131,-0.07824708849037493,0.14080087611992154,-0.367667434341582,0.21117325736083215,0.5831473019616401,26,-0.07824708849037493,0.1795961202245952,-0.43353105501492184,0.277036878034172,0.6637833454022831,131,0.0742195573711324,0.05309198534151016,-0.03491258145433766,0.18335169619660246,0.17394372927957089,26,0.0742195573711324,0.05161739598644888,-0.02789196466397631,0.1763310794062411,0.15285300620495199,131,0.09570659795246456,0.007133436701955016,,,,,,
Total,tipo_doencas_infecciosas,Tipologia | Doenças infecciosas,Tipologia,3,Somente defasado,C_prop,3564,27,12,-16172.701781341842,-15177.94093637874,1.8536593015545972,3,-0.11486269119653468,0.18455923481351785,-0.4942296315291233,0.2645042491360539,0.5391240696446565,26,-0.11486269119653468,0.20618364675005815,-0.5227431273565624,0.293017744963493,0.5784170286028943,131,-0.11486269119653468,0.18455923481351785,-0.4942296315291233,0.2645042491360539,0.5391240696446565,26,-0.11486269119653468,0.20618364675005815,-0.5227431273565624,0.293017744963493,0.5784170286028943,131,0.0,0.0,0.0,0.0,,26,0.0,0.0,0.0,0.0,,131,0.009643099380655197,0.029497828907267924,4999.0,0.5716,0.006998191766449387,0.6546,0.006724564521216225,0.5716
Total,tipo_doencas_infecciosas,Tipologia | Doenças infecciosas,Tipologia,3,Região × tempo,C_prop,3564,27,12,-16019.12952144348,-11786.76195125885,1.8675033598993347,3,0.2740490191214577,0.1100680608408426,0.047800879808770846,0.5002971584341445,0.01950147352814536,26,0.2740490191214577,0.24536910287752928,-0.2113495965272546,0.75944763477017,0.2660878968198702,131,0.1931562953213832,0.07817557886042012,0.03246409159084215,0.3538484990519243,0.02035593361391966,26,0.1931562953213832,0.1971377231867189,-0.1968291462227146,0.583141736865481,0.32898898719914493,131,0.08089272380007444,0.07009325052604656,-0.06318601610638434,0.2249714637065332,0.2589685619028784,26,0.08089272380007444,0.07008807679838247,-0.05775821086302439,0.21954365846317325,0.25053655922991197,131,0.09232122885989412,0.2811305813271177,,,,,,
Total,tipo_doencas_infecciosas,Tipologia | Doenças infecciosas,Tipologia,3,Ponderado CA2013,C_prop,3564,27,12,-32012.94791648162,-31018.187071518514,1.8706641146694978,3,-0.09043517598961535,0.12082921363061945,-0.3388031816554224,0.1579328296761917,0.46090345864826665,26,-0.09043517598961535,0.11194777671767069,-0.31189458227366895,0.13102423029443822,0.42065085363298,131,-0.09972956059325852,0.09624388980932383,-0.2975617093858245,0.09810258819930748,0.3096428359819001,26,-0.09972956059325852,0.09290506448149909,-0.2835179396402435,0.08405881845372648,0.2850396550332386,131,0.009294384603643159,0.027661061676637944,-0.04756374197680233,0.06615251118408866,0.7395601845146308,26,0.009294384603643159,0.027422289544327415,-0.04495344540687963,0.06354221461416595,0.7352010853704337,131,0.10460617905445534,0.42539485551573686,,,,,,
Total,tipo_doencas_infecciosas,Tipologia | Doenças infecciosas,Tipologia,3,Exclui mar2020-dez2021,C_prop,2970,27,12,-13211.346009125251,-12377.857913905504,2.2681364929097403,3,-0.06898155322977795,0.2570951072300372,-0.5974481146721657,0.45948500821260985,0.7905770046436138,26,-0.06898155322977795,0.28454381216554664,-0.6329381383475756,0.4949750318880197,0.8089036550427963,109,-0.13086241643993268,0.2189224953251797,-0.5808640503619964,0.3191392174821311,0.5551734726774116,26,-0.13086241643993268,0.24451341182889008,-0.6154800494893407,0.35375521660947534,0.5936050681726354,109,0.06188086321015471,0.05613264866323819,-0.05350144858612893,0.17726317500643834,0.2803862818642292,26,0.06188086321015471,0.050540207659431416,-0.03828818529536912,0.16204991171567854,0.22344531280385266,109,0.259932361063085,0.0583048015399039,,,,,,
Total,tipo_enxurradas,Tipologia | Enxurradas,Tipologia,3,J alternativo,C_prop,3564,27,12,-16169.67772320631,-15168.738239454617,2.120426632118776,4,0.5254752051601742,0.3927540380501317,-0.2818422821977348,1.3327926925180833,0.19250634158499758,26,0.5254752051601742,0.33347499707761163,-0.13421788592849537,1.1851682962488437,0.11749399342798053,131,0.4157448039881614,0.35852527789832966,-0.32121445922947245,1.152704067205795,0.2567516497987705,26,0.4157448039881614,0.3379622513078951,-0.2528251463541795,1.0843147543305023,0.22084485009980695,131,0.10973040117201277,0.08672777114482465,-0.06854108556405625,0.2880018879080818,0.2170117801457541,26,0.10973040117201277,0.08698924972116798,-0.062355085125137294,0.28181588746916286,0.2093974322789848,131,0.4550157375936529,0.01999650674546541,,,,,,
Total,tipo_enxurradas,Tipologia | Enxurradas,Tipologia,3,Exposição A,A,3564,27,12,-16173.377016825118,-15178.616171862015,2.023337060753467,3,0.004262111207834021,0.007480088220069066,-0.011113430332163717,0.019637652747831757,0.5737081070687068,26,0.004262111207834021,0.010773373926419525,-0.017050192290948805,0.025574414706616845,0.6930324057041121,131,0.0014991835160068402,0.0063029988846776625,-0.011456816243181293,0.014455183275194974,0.8138600165226172,26,0.0014991835160068402,0.01054022197657569,-0.0193518898100982,0.02235025684211188,0.8871132800856473,131,0.0027629276918271803,0.002440216816397058,-0.002253009810948364,0.007778865194602724,0.2678652122720578,26,0.0027629276918271803,0.0016594160205557036,-0.0005197930326524248,0.006045648416306785,0.09830266207878315,131,0.2945538338399367,0.0648807039887605,,,,,,
Total,tipo_enxurradas,Tipologia | Enxurradas,Tipologia,3,Exposição B,B,3564,27,12,-16173.416975493968,-15178.656130530866,2.0247799742524824,3,0.00420773866139745,0.007507506274813519,-0.011224161497277833,0.019639638820072733,0.5799563324086626,26,0.00420773866139745,0.01080047439205198,-0.017158176022930585,0.025573653345725485,0.6974736256332003,131,0.0014268219357503986,0.0063224097061468035,-0.011569077338395795,0.014422721209896593,0.8232172867025775,26,0.0014268219357503986,0.010557257227204221,-0.01945795117967345,0.02231159505117425,0.8927000756848281,131,0.0027809167256470494,0.002449011953297508,-0.0022530994399442643,0.007814932891238363,0.2665145457454746,26,0.0027809167256470494,0.0016718282146280065,-0.0005263582795027922,0.0060881917307968915,0.09862324156146626,131,0.29179681575761307,0.06548307554100374,,,,,,
Total,tipo_enxurradas,Tipologia | Enxurradas,Tipologia,3,Exposição C,C,3564,27,12,-16173.695497651192,-15178.934652688089,2.036566758515093,3,0.004304588607450585,0.007604372014028052,-0.011326421929776075,0.019935599144677244,0.5762015344029766,26,0.004304588607450585,0.010957216217642547,-0.017371398796970035,0.025980576011871204,0.6950656924896321,131,0.0013799108031151972,0.006412955683022641,-0.011802108392049957,0.014561929998280352,0.8313094720899227,26,0.0013799108031151972,0.0107423892936124,-0.01987109770092467,0.022630919307155065,0.8979861124646403,131,0.002924677804335387,0.0024898260816307136,-0.0021932330035573794,0.008042588612228153,0.2507807414035739,26,0.002924677804335387,0.0016955429175212313,-0.0004295105400242299,0.0062788661486950035,0.08690010211521404,131,0.2699861325067751,0.058251975128384675,,,,,,
Total,tipo_enxurradas,Tipologia | Enxurradas,Tipologia,3,Irrestrito K3,C_prop,3564,27,3,-16169.03376212843,-15168.094278376737,1.512440648260504,4,0.2632010486837808,0.252412091915046,-0.25563943691702706,0.7820415342845887,0.3066663258603557,26,0.2632010486837808,0.2032131917167889,-0.13880311885038277,0.6652052162179444,0.19753028297846925,131,0.15933566376358826,0.1682774320447436,-0.18656355166360783,0.5052348791907844,0.35242640761060356,26,0.15933566376358826,0.15532811202651092,-0.14794039367314948,0.466611721200326,0.3068760504286743,131,0.10386538492019257,0.16130639584671214,-0.22770466038410478,0.43543543022448994,0.5252793725968173,26,0.10386538492019257,0.12655085028335605,-0.14648238428271623,0.3542131541231014,0.4132852155588825,131,0.0968138702576346,0.22745214294340657,,,,,,
Total,tipo_enxurradas,Tipologia | Enxurradas,Tipologia,3,Irrestrito K6,C_prop,3564,27,6,-16164.202542725372,-15144.727142607906,1.560398559262231,7,0.33874800704774727,0.316984483115191,-0.3128229295885227,0.9903189436840172,0.295045699619787,26,0.33874800704774727,0.3408272129179502,-0.3354895207650202,1.0129855348605148,0.3221040916136776,131,0.2352943900959879,0.21028673097437436,-0.1969561759778128,0.6675449561697886,0.27340489793504963,26,0.2352943900959879,0.2908329568015784,-0.34004257352721873,0.8106313537191945,0.41996127692750246,131,0.10345361695175935,0.163684379934015,-0.2330044446486133,0.43991167855213203,0.5328852940666325,26,0.10345361695175935,0.12673981121497882,-0.14726796204849446,0.3541751959520132,0.4158288588619396,131,0.00873498249252473,0.021724116615466173,,,,,,
Total,tipo_enxurradas,Tipologia | Enxurradas,Tipologia,3,Almon K12 q2,C_prop,3564,27,12,-16171.631068532854,-15176.870223569751,20.277893987038873,3,0.5314967662608846,0.3969364116810679,-0.2844177132188175,1.3474112457405867,0.1921614792984299,26,0.5314967662608846,0.3380575236028957,-0.1372616554071474,1.2002551879289167,0.11831447576294249,131,0.40153102020328457,0.35235586592660695,-0.32274683508735746,1.1258088754939266,0.2648593586334267,26,0.40153102020328457,0.32329547868732783,-0.23802455529492128,1.0410865957014903,0.2164577508690839,131,0.1299657460576,0.087426553667979,-0.049742108726021916,0.3096736008412219,0.14915526036102714,26,0.1299657460576,0.06890647902572736,-0.0063477063537636935,0.2662791984689637,0.061492968622423726,131,0.3531587613453612,0.022660818798257792,,,,,,
Total,tipo_enxurradas,Tipologia | Enxurradas,Tipologia,3,Somente defasado,C_prop,3564,27,12,-16171.372903414056,-15176.612058450954,1.9419469068928708,3,0.4462705061227151,0.3481642190391961,-0.26939129559445807,1.1619323078398884,0.21123216786835408,26,0.4462705061227151,0.3196392193445343,-0.1860521162341554,1.0785931284795858,0.16502491826398616,131,0.4462705061227151,0.3481642190391961,-0.26939129559445807,1.1619323078398884,0.21123216786835408,26,0.4462705061227151,0.3196392193445343,-0.1860521162341554,1.0785931284795858,0.16502491826398616,131,0.0,0.0,0.0,0.0,,26,0.0,0.0,0.0,0.0,,131,0.2701848437003786,0.021007024307842553,4999.0,0.2868,0.006396026266362577,0.4158,0.006970084074098389,0.2868
Total,tipo_enxurradas,Tipologia | Enxurradas,Tipologia,3,Região × tempo,C_prop,3564,27,12,-16016.911571219454,-11784.544001034825,1.9682762834379615,3,0.4335147524060515,0.3403710306202724,-0.26612792109513334,1.1331574259072363,0.21405517825741766,26,0.4335147524060515,0.3432930889890522,-0.2456008664835359,1.112630371295639,0.20889980635701735,131,0.3714228530871214,0.3470412472318767,-0.3419306470213408,1.0847763531955836,0.29433963914847844,26,0.3714228530871214,0.32875591810394356,-0.2789347741061663,1.0217804802804091,0.26063210020559446,131,0.06209189931893005,0.0552164389669821,-0.051407116474729155,0.17559091511258926,0.2710681643029031,26,0.06209189931893005,0.0562889736249889,-0.04926111763974537,0.17344491627760547,0.2720096454306814,131,0.3375733615103118,0.46779635077785353,,,,,,
Total,tipo_enxurradas,Tipologia | Enxurradas,Tipologia,3,Ponderado CA2013,C_prop,3564,27,12,-32022.07550524907,-31027.314660285967,2.0125535547366527,3,0.4749472940882342,0.46349158568210425,-0.4777733048445968,1.4276678930210651,0.3149371660550723,26,0.4749472940882342,0.41975538493940084,-0.35542898544837187,1.3053235736248403,0.25991769780487767,131,0.3286394846848199,0.37721269997949847,-0.44673232475300123,1.104011294122641,0.39160177819446473,26,0.3286394846848199,0.37997955103738085,-0.4230507072967839,1.0803296766664237,0.3886816804943089,131,0.14630780940341426,0.09194065421454178,-0.04267891194266135,0.3352945307494899,0.12362247173919987,26,0.14630780940341426,0.06922922623756984,0.009355886019154602,0.2832597327876739,0.03646452866767761,131,0.17490430188206998,0.18665963155112653,,,,,,
Total,tipo_enxurradas,Tipologia | Enxurradas,Tipologia,3,Exclui mar2020-dez2021,C_prop,2970,27,12,-13207.591945454591,-12374.103850234844,2.000156521737702,3,0.5719919983514642,0.38661793684582724,-0.22271255234250498,1.3666965490454333,0.15102852776722878,26,0.5719919983514642,0.33212170523262774,-0.08626242405544704,1.2302464207583754,0.0878631111023096,109,0.49138405775314004,0.33550546624033645,-0.1982573049294743,1.1810254204357544,0.15501584555326364,26,0.49138405775314004,0.30571351674153857,-0.11453019360159927,1.0972983091078794,0.11087387623759991,109,0.0806079405983242,0.08716471352716296,-0.09856169406763195,0.25977757526428036,0.36358595559929024,26,0.0806079405983242,0.06269784212144067,-0.04365714416300186,0.20487302535965024,0.20128738304958213,109,0.5383064613620414,0.08303658786381159,,,,,,
Total,tipo_enxurradas,Tipologia | Enxurradas,Tipologia,3,Mecanismo K6,C_prop,3564,27,6,-16170.637533868274,-15175.876688905171,2.0909487698499305,3,0.3560135643485831,0.2979011413894985,-0.25633100158284405,0.9683581302800103,0.24284609091749465,26,0.3560135643485831,0.3283000091538728,-0.29344216618929453,1.0054692948864608,0.2801724097892354,131,0.22190862760047983,0.23441259962060887,-0.25993337170848696,0.7037506269094467,0.35252875584622134,26,0.22190862760047983,0.3128091676454048,-0.3969025232602368,0.8407197784611964,0.4793334287063105,131,0.1341049367481033,0.10447588134646514,-0.08064831298771563,0.34885818648392225,0.21060555273861165,26,0.1341049367481033,0.08735919980146865,-0.03871239905548893,0.3069222725516956,0.12717144687623913,131,0.5558768859087597,0.38862523656594244,,,,,,
Total,tipo_erosao,Tipologia | Erosão,Tipologia,3,J alternativo,C_prop,3564,27,12,-16167.53509604207,-15166.595612290375,2.2557096923491584,4,0.07459074229085291,0.046160599531120054,-0.02029372895076878,0.1694752135324746,0.11818781280384416,26,0.07459074229085291,0.042014440307849794,-0.008523842730329856,0.15770532731203568,0.07816063774799102,131,0.06528011948155203,0.041716280017761426,-0.020468922165626027,0.1510291611287301,0.12970716299909907,26,0.06528011948155203,0.040013526697133865,-0.013876181121241865,0.14443642008434593,0.10519689163362357,131,0.009310622809300893,0.007365277849096402,-0.005828922633301025,0.024450168251902812,0.2174015457679626,26,0.009310622809300893,0.005369393246899301,-0.001311317843998648,0.019932563462600434,0.08526745962467022,131,0.25431975969268283,0.031079953779440297,,,,,,
Total,tipo_erosao,Tipologia | Erosão,Tipologia,3,Exposição A,A,3564,27,12,-16169.57801662379,-15174.817171660687,1.893481280505357,3,-0.019048544927722632,0.016974527123713466,-0.053940185137557606,0.01584309528211234,0.2720409957087507,26,-0.019048544927722632,0.023120050676806184,-0.06478552020554006,0.02668843035009479,0.4114954663973673,131,-0.016913014192357127,0.01670126622323882,-0.0512429585768364,0.01741693019212215,0.32054561352457006,26,-0.016913014192357127,0.022791310497165585,-0.061999662977416,0.028173634592701745,0.45936629137576496,131,-0.002135530735365505,0.004640592831418808,-0.011674405913101949,0.007403344442370939,0.6492090094502379,26,-0.002135530735365505,0.003889816744405174,-0.009830516129691469,0.005559454658960459,0.5839362469381775,131,0.6646720472701653,0.7426626623876045,,,,,,
Total,tipo_erosao,Tipologia | Erosão,Tipologia,3,Exposição B,B,3564,27,12,-16169.5947198361,-15174.833874872997,1.888025257720109,3,-0.019350786745351563,0.017204263973658096,-0.0547146578133888,0.016013084322685677,0.27096472699095325,26,-0.019350786745351563,0.023188779818028058,-0.0652237246591023,0.026522151168399174,0.40552454719739206,131,-0.017116870847680248,0.016917343210546564,-0.05189096784058385,0.017657226145223356,0.32096032507407213,26,-0.017116870847680248,0.022908584770522433,-0.06243551611995388,0.028201774424593377,0.4562930299697756,131,-0.0022339158976713166,0.004640555928379016,-0.011772715220123095,0.007304883424780461,0.634266433600634,26,-0.0022339158976713166,0.00387234666782089,-0.009894341313214943,0.0054265095178723105,0.5650041659578625,131,0.6617432558305585,0.7313489675992388,,,,,,
Total,tipo_erosao,Tipologia | Erosão,Tipologia,3,Exposição C,C,3564,27,12,-16169.476517417712,-15174.71567245461,1.8797044869612611,3,-0.0188570836072567,0.01781591160695773,-0.05547821439161758,0.017764047177104177,0.2995896126391269,26,-0.0188570836072567,0.024195593002407444,-0.066721738164152,0.0290075709496386,0.43717321996942016,131,-0.01699328670788588,0.017724533282035746,-0.053426586655315744,0.019440013239543984,0.3465190825969703,26,-0.01699328670788588,0.0241955448138803,-0.06485784593637964,0.030871272520607878,0.48371869703786924,131,-0.0018637968993708166,0.004679353868298007,-0.011482346529484778,0.007754752730743145,0.693659435158791,26,-0.0018637968993708166,0.00402151998736595,-0.00981932272466341,0.006091728925921776,0.643806755741238,131,0.7124068839103377,0.7844322322436217,,,,,,
Total,tipo_erosao,Tipologia | Erosão,Tipologia,3,Irrestrito K3,C_prop,3564,27,3,-16167.266527250118,-15166.327043498424,3.2396718607220363,4,0.026194162405780687,0.019056086758113138,-0.012976184910853505,0.06536450972241488,0.18099347892521933,26,0.026194162405780687,0.01359500077683682,-0.000699992071824862,0.053088316883386236,0.05617628997075953,131,-0.013120111478180424,0.028058786213051166,-0.07079577255169389,0.04455554959533304,0.643970763564802,26,-0.013120111478180424,0.03510782864498185,-0.08257177113237982,0.056331548176018965,0.7092249495984012,131,0.03931427388396111,0.03153924117183052,-0.025515564817193873,0.10414411258511609,0.22368783946265308,26,0.03931427388396111,0.0332442552995776,-0.026450793157677094,0.10507934092559931,0.23911421840641475,131,0.6749294374859461,0.06530541479041668,,,,,,
Total,tipo_erosao,Tipologia | Erosão,Tipologia,3,Irrestrito K6,C_prop,3564,27,6,-16161.278837519269,-15141.803437401803,4.448735166328744,7,0.028257515054819403,0.030752073153206466,-0.03495427661089567,0.09146930672053447,0.3666040610878081,26,0.028257515054819403,0.019562874608318417,-0.010442517433487515,0.06695754754312633,0.15100113736883594,131,-0.013582963246084902,0.01747461339899604,-0.049502545516624474,0.022336619024454666,0.4439989768066158,26,-0.013582963246084902,0.03164276545747754,-0.0761799013618948,0.04901397486972499,0.6684394036299405,131,0.04184047830090431,0.025657710271230687,-0.01089970048978,0.09458065709158861,0.11500611870375602,26,0.04184047830090431,0.033309488997330924,-0.024053636555686035,0.10773459315749465,0.211310589230904,131,0.20966307506859772,0.1467573914072917,,,,,,
Total,tipo_erosao,Tipologia | Erosão,Tipologia,3,Almon K12 q2,C_prop,3564,27,12,-16169.527009064961,-15174.766164101859,22.31035439319379,3,0.07512511352079257,0.046192783126521864,-0.019825512048618918,0.17007573909020407,0.11593861428731106,26,0.07512511352079257,0.04237668453750306,-0.008706076996104109,0.15895630403768923,0.078587091183218,131,0.06299897905035148,0.04272137140940194,-0.024816057540870184,0.15081401564157315,0.15231421444067667,26,0.06299897905035148,0.03916743216580917,-0.01448354474274384,0.1404815028434468,0.11014338684623426,131,0.012126134470441079,0.006982138743484015,-0.002225857261479277,0.026478126202361434,0.0942696766118766,26,0.012126134470441079,0.005057378322319767,0.0021214337657598347,0.02213083517512232,0.017908401751304055,131,0.2820401759529765,0.026812848317803263,,,,,,
Total,tipo_erosao,Tipologia | Erosão,Tipologia,3,Somente defasado,C_prop,3564,27,12,-16169.451444244263,-15174.69059928116,2.279268794511626,3,0.0639906724305721,0.04489400600622208,-0.02829027853382736,0.15627162339497158,0.16594507770681396,26,0.0639906724305721,0.0424785938139492,-0.02004211894449541,0.14802346380563963,0.13436657137562055,131,0.0639906724305721,0.04489400600622208,-0.02829027853382736,0.15627162339497158,0.16594507770681396,26,0.0639906724305721,0.0424785938139492,-0.02004211894449541,0.14802346380563963,0.13436657137562055,131,0.0,0.0,0.0,0.0,,26,0.0,0.0,0.0,0.0,,131,0.44512987243854196,0.045157929871462846,4999.0,0.6272,0.0068384232100682394,0.9448,0.0032296427046966053,0.6272
Total,tipo_erosao,Tipologia | Erosão,Tipologia,3,Região × tempo,C_prop,3564,27,12,-16021.900642195069,-11789.53307201044,2.2752710697756906,3,0.29821149246884776,0.042242932897748955,0.21137990032290926,0.38504308461478626,1.698125692383358e-07,26,0.29821149246884776,0.06894698905308021,0.16181790156014939,0.4346050833775461,2.995158190796235e-05,131,0.282626719341433,0.035426544044471944,0.20980641514864257,0.35544702353422347,1.863354040243558e-08,26,0.282626719341433,0.06393350805986048,0.15615098974922093,0.4091024489336451,2.0456674723357784e-05,131,0.015584773127414771,0.014677412186140876,-0.014585079704293456,0.045754625959122996,0.2980811678331258,26,0.015584773127414771,0.00656168103076136,0.002604202830225725,0.028565343424603817,0.01899321427590506,131,1.3302027142286393e-12,1.0241336211350572e-10,,,,,,
Total,tipo_erosao,Tipologia | Erosão,Tipologia,3,Ponderado CA2013,C_prop,3564,27,12,-32016.110362006075,-31021.34951704297,2.2764689949456605,3,0.09855631400864208,0.04454329881770809,0.006996251994576791,0.19011637602270737,0.035912461457734884,26,0.09855631400864208,0.02842220221946319,0.04233041820830075,0.1547822098089834,0.0007109527912670441,131,0.09011367331114198,0.04296760500735902,0.0017924963105365732,0.17843485031174738,0.045844420537564934,26,0.09011367331114198,0.02632058943573727,0.03804526891410651,0.14218207770817745,0.0008249991683958848,131,0.008442640697500102,0.003518676301539186,0.0012098979746312764,0.015675383420368928,0.02388330205815599,26,0.008442640697500102,0.0028781600784821967,0.0027489535081722865,0.014136327886827917,0.003959815331165055,131,3.0219427886305606e-06,2.6582261986407127e-12,,,,,,
Total,tipo_erosao,Tipologia | Erosão,Tipologia,3,Exclui mar2020-dez2021,C_prop,2970,27,12,-13206.799273897454,-12373.311178677706,9.744760733750542,3,-0.21020468738676584,0.8558896460282912,-1.9695110510275469,1.5491016762540153,0.8079218757075642,26,-0.21020468738676584,0.7382459517420088,-1.6733841631689954,1.2529747883954638,0.7763872079119996,109,-0.11488339950705054,0.65806574458385,-1.4675569100615964,1.2377901110474951,0.8627640354805284,26,-0.11488339950705054,0.555235063171274,-1.2153412438742979,0.9855744448601967,0.8364665834331898,109,-0.09532128787971529,0.20572312945328994,-0.5181912366806916,0.327548660921261,0.6469707187524073,26,-0.09532128787971529,0.18705653935512784,-0.46606126762419153,0.275418691864761,0.611372114529844,109,0.11690875877988892,0.060325772505408354,,,,,,
Total,tipo_estiagem_e_seca,Tipologia | Estiagem e Seca,Tipologia,3,J alternativo,C_prop,3564,27,12,-16168.095149961337,-15167.155666209643,1.6937583171374535,4,0.07326095382436011,0.14679918636002404,-0.22848909530749067,0.37501100295621087,0.6219367109137471,26,0.07326095382436011,0.17015698600312007,-0.2633501536062963,0.4098720612550165,0.667503719181416,131,0.06275849004492302,0.13864482009072843,-0.2222300191669142,0.3477469992567602,0.6545506364321572,26,0.06275849004492302,0.16704385265078103,-0.2676940970103729,0.3932110771002189,0.7077471080327592,131,0.010502463779437091,0.013070769107456208,-0.01636488690664298,0.03736981446551717,0.4289665265340711,26,0.010502463779437091,0.014065795163849891,-0.017323034298611057,0.03832796185748524,0.45660260627018334,131,0.9537931322752894,0.8369426592429583,,,,,,
Total,tipo_estiagem_e_seca,Tipologia | Estiagem e Seca,Tipologia,3,Exposição A,A,3564,27,12,-16170.603553471039,-15175.842708507937,2.368190191664626,3,-0.0003644808567049066,0.004558010201225481,-0.00973360500695841,0.009004643293548597,0.9368774962838203,26,-0.0003644808567049066,0.005109273068364437,-0.010471841747995292,0.009742880034585477,0.9432382419312982,131,0.00044638173979395747,0.004442516027930304,-0.008685340737259588,0.009578104216847504,0.920734477393887,26,0.00044638173979395747,0.005128794593103164,-0.009699597384079115,0.01059236086366703,0.9307770366962483,131,-0.000810862596498864,0.0012099710880938324,-0.003297993787982486,0.001676268594984758,0.508670916806485,26,-0.000810862596498864,0.000852419262985076,-0.0024971512341182976,0.0008754260411205698,0.34322997871120137,131,0.3039407852151854,0.2655142374059758,,,,,,
Total,tipo_estiagem_e_seca,Tipologia | Estiagem e Seca,Tipologia,3,Exposição B,B,3564,27,12,-16170.603553471039,-15175.842708507937,2.368190191664626,3,-0.0003644808567049066,0.004558010201225481,-0.00973360500695841,0.009004643293548597,0.9368774962838203,26,-0.0003644808567049066,0.005109273068364437,-0.010471841747995292,0.009742880034585477,0.9432382419312982,131,0.00044638173979395747,0.004442516027930304,-0.008685340737259588,0.009578104216847504,0.920734477393887,26,0.00044638173979395747,0.005128794593103164,-0.009699597384079115,0.01059236086366703,0.9307770366962483,131,-0.000810862596498864,0.0012099710880938324,-0.003297993787982486,0.001676268594984758,0.508670916806485,26,-0.000810862596498864,0.000852419262985076,-0.0024971512341182976,0.0008754260411205698,0.34322997871120137,131,0.3039407852151854,0.2655142374059758,,,,,,
Total,tipo_estiagem_e_seca,Tipologia | Estiagem e Seca,Tipologia,3,Exposição C,C,3564,27,12,-16170.604558862316,-15175.843713899214,2.368319118192084,3,-0.00036264744138403947,0.004557714394681717,-0.009731163552578694,0.009005868669810615,0.9371902516264993,26,-0.00036264744138403947,0.005108686160455626,-0.010468847288830234,0.009743552406062155,0.9435168041652049,131,0.0004482431460880184,0.004442275135797608,-0.008682984170095234,0.00957947046227127,0.9204008006180512,26,0.0004482431460880184,0.005128204571176822,-0.009696568773671374,0.01059305506584741,0.930481139018547,131,-0.000810890587472058,0.0012100172836435798,-0.00329811673526812,0.0016763355603240044,0.508672454547298,26,-0.000810890587472058,0.0008525061162859073,-0.0024973510416384554,0.0008755698666943395,0.3432623778168021,131,0.3036495339166135,0.26531272423216307,,,,,,
Total,tipo_estiagem_e_seca,Tipologia | Estiagem e Seca,Tipologia,3,Irrestrito K3,C_prop,3564,27,3,-16169.53261801065,-15168.593134258956,1.1073477649794945,4,0.038772720469710774,0.04772264889106047,-0.0593225892158817,0.13686803015530324,0.42390502734260516,26,0.038772720469710774,0.039229755354787114,-0.03883309345770846,0.11637853439713,0.3248033700321584,131,0.026764467317572167,0.03696737760114231,-0.049223065611003036,0.10275200024614736,0.47552887113717907,26,0.026764467317572167,0.030594828508305312,-0.03375940153870172,0.08728833617384604,0.38328179801342915,131,0.012008253152138607,0.014807014051748188,-0.018428000129628485,0.042444506433905696,0.42473669403653963,26,0.012008253152138607,0.013169362765051056,-0.014043887806790948,0.038060394111068166,0.36353181431758863,131,0.23956268072712789,0.07591331337569623,,,,,,
Total,tipo_estiagem_e_seca,Tipologia | Estiagem e Seca,Tipologia,3,Irrestrito K6,C_prop,3564,27,6,-16163.892190961058,-15144.416790843592,1.2580397115553341,7,0.05118497499272636,0.08545148303481519,-0.12446306396102833,0.22683301394648106,0.5543602526354232,26,0.05118497499272636,0.08354628944935581,-0.11408951460568578,0.21645946459113852,0.5411671657443092,131,0.039256802684570345,0.07598410612514718,-0.11693076432463395,0.19544436969377466,0.6097709788743731,26,0.039256802684570345,0.07895425633593077,-0.11693355003544229,0.195447155404583,0.6198748304960493,131,0.011928172308156005,0.014469022373661681,-0.01781332912928797,0.041669673745599975,0.4172149806177195,26,0.011928172308156005,0.012890159300111366,-0.013571637596143198,0.037427982212455205,0.356474799035299,131,0.4279690816372749,0.07581546019506881,,,,,,
Total,tipo_estiagem_e_seca,Tipologia | Estiagem e Seca,Tipologia,3,Almon K12 q2,C_prop,3564,27,12,-16170.042218006562,-15175.28137304346,17.68440747221308,3,0.07398109870594967,0.14686572303311962,-0.22790571851619845,0.37586791592809776,0.6186907329713784,26,0.07398109870594967,0.1699414543358215,-0.26220363567403215,0.41016583308593146,0.6640372441988669,131,0.06235133600524779,0.13863566689053994,-0.2226183585341442,0.34732103054463975,0.6566182886836907,26,0.06235133600524779,0.16770087583968535,-0.26940099964350667,0.39410367165400223,0.7106418089155253,131,0.011629762700701877,0.015247118943704568,-0.019711139142572293,0.04297066454397605,0.4524768224002535,26,0.011629762700701877,0.012301819334334852,-0.012706170409128744,0.035965695810532494,0.3462107935750599,131,0.8970067833347235,0.7940860645437398,,,,,,
Total,tipo_estiagem_e_seca,Tipologia | Estiagem e Seca,Tipologia,3,Somente defasado,C_prop,3564,27,12,-16169.895066828587,-15175.134221865485,1.665741004571716,3,0.06607529918244662,0.1418574533670304,-0.22551687230439296,0.35766747066928617,0.6452467309485737,26,0.06607529918244662,0.16863661550132503,-0.26752815272764985,0.399678751092543,0.6958274423984033,131,0.06607529918244662,0.1418574533670304,-0.22551687230439296,0.35766747066928617,0.6452467309485737,26,0.06607529918244662,0.16863661550132503,-0.26752815272764985,0.399678751092543,0.6958274423984033,131,0.0,0.0,0.0,0.0,,26,0.0,0.0,0.0,0.0,,131,0.9169608349335515,0.7770081688438536,4999.0,0.677,0.006613183802072946,0.9322,0.0035553666477594116,0.677
Total,tipo_estiagem_e_seca,Tipologia | Estiagem e Seca,Tipologia,3,Região × tempo,C_prop,3564,27,12,-16016.026024339517,-11783.658454154887,1.3865191708680848,3,-0.062427569590014866,0.09482314020631948,-0.25733932574866525,0.1324841865686355,0.5160960467118302,26,-0.062427569590014866,0.07879492538400044,-0.21830272768042666,0.09344758850039694,0.4296303752324169,131,-0.05073501944311309,0.09455051722971851,-0.2450863910477097,0.14361635216148352,0.5961117483117575,26,-0.05073501944311309,0.07726882979668587,-0.2035911964281498,0.10212115754192361,0.5125873833718491,131,-0.011692550146901775,0.014624154185245469,-0.04175292958992623,0.018367829296122674,0.43122357955896035,26,-0.011692550146901775,0.012111671233896025,-0.03565232495628286,0.012267224662479311,0.336125676415248,131,0.746804425299702,0.5612401566432391,,,,,,
Total,tipo_estiagem_e_seca,Tipologia | Estiagem e Seca,Tipologia,3,Ponderado CA2013,C_prop,3564,27,12,-32015.64950826041,-31020.888663297304,1.735925886294056,3,-0.04428175025292258,0.10204778420534653,-0.2540439748352876,0.16548047432944246,0.6679177343200888,26,-0.04428175025292258,0.19225601711223758,-0.42461001270328635,0.3360465121974412,0.8181969797802349,131,-0.022982849562960758,0.0916738293248023,-0.21142110449321422,0.1654554053672927,0.804014814828422,26,-0.022982849562960758,0.17962817760732006,-0.37833023323748083,0.3323645341115593,0.8983872844872732,131,-0.021298900689961816,0.023375592735766722,-0.06934811970405681,0.026750318324133184,0.37058200581787454,26,-0.021298900689961816,0.018581874360170624,-0.058058280680388194,0.015460479300464566,0.2537938956145566,131,0.8332556241804252,0.5445980194834887,,,,,,
Total,tipo_estiagem_e_seca,Tipologia | Estiagem e Seca,Tipologia,3,Exclui mar2020-dez2021,C_prop,2970,27,12,-13207.033145183099,-12373.545049963352,1.6043533861884929,3,0.0736093713344889,0.1556407358485858,-0.24631474305431839,0.3935334857232962,0.6401994331981411,26,0.0736093713344889,0.20042554141444144,-0.323627535861767,0.47084627853074484,0.714133132734835,109,0.062077590054749346,0.14708177061510452,-0.24025331933231636,0.364408499441815,0.6764495794564307,26,0.062077590054749346,0.19627899959720718,-0.32694100606491544,0.4510961861744141,0.7524007721060711,109,0.011531781279739556,0.014541283219664566,-0.018358254453924586,0.041421817013403694,0.4349335881207787,26,0.011531781279739556,0.014320468945708884,-0.016850922608436333,0.039914485167915445,0.42241954361929546,109,0.8259968728860607,0.764591444710944,,,,,,
Total,tipo_estiagem_e_seca,Tipologia | Estiagem e Seca,Tipologia,3,Mecanismo K6,C_prop,3564,27,6,-16170.021761590553,-15175.26091662745,1.4365416575464518,3,0.05260523916051469,0.08530083264954864,-0.12273313349138174,0.2279436118124111,0.5427938282029967,26,0.05260523916051469,0.08317946591981708,-0.11194358599466742,0.21715406431569678,0.5282078469236472,131,0.042464320488589856,0.07346190310338528,-0.10853878395914884,0.19346742493632857,0.5682066999141286,26,0.042464320488589856,0.07468880843352503,-0.10528795880380437,0.1902165997809841,0.5706349430663862,131,0.01014091867192483,0.0159714578350385,-0.022688883086040185,0.04297072042988985,0.5310158838228378,26,0.01014091867192483,0.014983656424983012,-0.01950032792656346,0.03978216527041312,0.4997270359061105,131,0.8369174391815828,0.5790790632792513,,,,,,
Total,tipo_granizo,Tipologia | Granizo,Tipologia,3,J alternativo,C_prop,3564,27,12,-16171.798228996493,-15170.8587452448,1.9293552774998357,4,-0.5108097588474456,0.8511133597476143,-2.2602983254309095,1.238678807736018,0.5535908258069858,26,-0.5108097588474456,0.8079422063250264,-2.1091121688704364,1.087492651175545,0.5283348940516789,131,-0.8893942328501803,0.7727069143760757,-2.4777160427931024,0.6989275770927417,0.26020339110868035,26,-0.8893942328501803,0.7107661475531897,-2.295459218320207,0.5166707526198464,0.21304858770210217,131,0.37858447400273454,0.11533999081261992,0.14149972743459574,0.6156692205708734,0.002935369744842155,26,0.37858447400273454,0.1503818196000445,0.08109336287033603,0.676075585135133,0.013024895268255185,131,0.00017237044545385705,0.001290017650038586,,,,,,
Total,tipo_granizo,Tipologia | Granizo,Tipologia,3,Exposição A,A,3564,27,12,-16173.73399579759,-15178.973150834487,1.61960983553979,3,-0.011351751803055343,0.015105873074721178,-0.04240231860454746,0.01969881499843678,0.4591129278824903,26,-0.011351751803055343,0.018206712247505676,-0.047368971643748835,0.024665468037638145,0.534044900462697,131,-0.015375403869278869,0.014166661735750366,-0.044495394114409295,0.013744586375851556,0.2877397003920614,26,-0.015375403869278869,0.01667293671366033,-0.048358449838390855,0.01760764209983312,0.3581313856719267,131,0.004023652066223524,0.0015781887088298263,0.0007796387154900297,0.007267665416957019,0.0170284625478265,26,0.004023652066223524,0.002318859669766051,-0.0005636054995747097,0.008610909632021758,0.0850596584470813,131,0.005225786850643305,0.02020199099971879,,,,,,
Total,tipo_granizo,Tipologia | Granizo,Tipologia,3,Exposição B,B,3564,27,12,-16173.74781850717,-15178.986973544068,1.6190631843397114,3,-0.011538400072757818,0.015053527497550859,-0.042481368999393594,0.01940456885387796,0.4502877762288526,26,-0.011538400072757818,0.0182529301147795,-0.047647049879693426,0.02457024973417779,0.5283973626076233,131,-0.015542602310708371,0.01411952131939953,-0.04456569404227977,0.01348048942086303,0.28107610201442895,26,-0.015542602310708371,0.016720520984975097,-0.04861978131919642,0.017534576697779677,0.35431254789655464,131,0.004004202237950552,0.0015748971381946,0.0007669548075571373,0.007241449668343966,0.017303317674916885,26,0.004004202237950552,0.0023158000911110642,-0.0005770027514385807,0.008585407227339685,0.08615063789187767,131,0.005293423633224268,0.020051410224236163,,,,,,
Total,tipo_granizo,Tipologia | Granizo,Tipologia,3,Exposição C,C,3564,27,12,-16173.996762879557,-15179.235917916454,1.623527988300557,3,-0.012713605350571408,0.015472807601130196,-0.044518416873151744,0.019091206172008927,0.418733747632365,26,-0.012713605350571408,0.01789158643033951,-0.04810743115504033,0.02268022045389751,0.47860072052830654,131,-0.01674196904200902,0.014532533115710804,-0.04661401867940502,0.013130080595386978,0.2597904687300888,26,-0.01674196904200902,0.016321254832502737,-0.04902930436026601,0.01554536627624797,0.30688707907722834,131,0.004028363691437612,0.0015883141372131425,0.0007635372245833414,0.007293190158291883,0.017552053152738535,26,0.004028363691437612,0.002307762193222463,-0.0005369404185738905,0.008593667801449115,0.08323005790155621,131,0.0047511022262876745,0.0115299232570706,,,,,,
Total,tipo_granizo,Tipologia | Granizo,Tipologia,3,Irrestrito K3,C_prop,3564,27,3,-16169.158154706201,-15168.218670954508,1.1344619458359386,4,0.48922398454868776,0.330836890464407,-0.19082098318996865,1.1692689522873443,0.15122217380642702,26,0.48922398454868776,0.5020232671682122,-0.5038977901538191,1.4823457592511946,0.33160210876695995,131,0.016090662395640665,0.26247507082829563,-0.5234345726017944,0.5556158973930756,0.9515862589614051,26,0.016090662395640665,0.4422787065736133,-0.858842120029246,0.8910234448205272,0.9710337264552092,131,0.4731333221530471,0.19496306984892922,0.07238099263038628,0.8738856516757079,0.022468227470349853,26,0.4731333221530471,0.1454863928595642,0.18532653286464568,0.7609401114414485,0.001456950270607334,131,0.161085027697861,0.014719192206289384,,,,,,
Total,tipo_granizo,Tipologia | Granizo,Tipologia,3,Irrestrito K6,C_prop,3564,27,6,-16165.16589029937,-15145.690490181903,1.1638346525975805,7,-0.21861180235398098,0.6241278205358398,-1.501524910941416,1.064301306233454,0.7289596191455943,26,-0.21861180235398098,0.6446536195043094,-1.4938904369117632,1.0566668322038013,0.7350659951023678,131,-0.6871323138275633,0.5631539186653595,-1.8447117721313042,0.4704471444761775,0.23335989941045898,26,-0.6871323138275633,0.5969238620620009,-1.8679901027448527,0.493725475089726,0.25177868881342563,131,0.4685205114735823,0.1839837825247756,0.09033643026103783,0.8467045926861267,0.017145651296805186,26,0.4685205114735823,0.13725970804340298,0.1969880671386124,0.7400529558085522,0.0008541704793994205,131,0.00021771579477112201,0.00014617279763067459,,,,,,
Total,tipo_granizo,Tipologia | Granizo,Tipologia,3,Almon K12 q2,C_prop,3564,27,12,-16173.56446770475,-15178.803622741647,18.859900179775156,3,-0.5098652878902145,0.8515693605710734,-2.260291177590344,1.2405606018099147,0.5545300484901331,26,-0.5098652878902145,0.8065539649378171,-2.105421425299273,1.0856908495188438,0.5283888175612914,131,-0.8409499154649894,0.7867600592581178,-2.458158378418462,0.7762585474884832,0.2949487447850348,26,-0.8409499154649894,0.7154251252646386,-2.2562314701972195,0.5743316392672407,0.2419447517804701,131,0.33108462757477525,0.11630051045928201,0.09202550459652767,0.5701437505530228,0.008508376062664094,26,0.33108462757477525,0.15450604133893883,0.025434822054164197,0.6367344330953864,0.03397313334426406,131,0.003902002684134149,0.0035815585329984677,,,,,,
Total,tipo_granizo,Tipologia | Granizo,Tipologia,3,Somente defasado,C_prop,3564,27,12,-16172.279028020479,-15177.518183057377,1.8927433793372603,3,-0.901095273084712,0.8053395039143548,-2.556494331482716,0.754303785313292,0.27341352445908357,26,-0.901095273084712,0.7651564082507726,-2.4147571684254845,0.6125666222560605,0.24106662497513404,131,-0.901095273084712,0.8053395039143548,-2.556494331482716,0.754303785313292,0.27341352445908357,26,-0.901095273084712,0.7651564082507726,-2.4147571684254845,0.6125666222560605,0.24106662497513404,131,0.0,0.0,0.0,0.0,,26,0.0,0.0,0.0,0.0,,131,0.027782883212366667,0.036182410241334305,9999.0,0.2539,0.004352410711318499,0.035,0.0018377975949489106,0.2539
Total,tipo_granizo,Tipologia | Granizo,Tipologia,3,Região × tempo,C_prop,3564,27,12,-16016.101903429011,-11783.734333244382,2.0497130055146155,3,0.6309639986485602,0.9247939976225578,-1.2699772881448348,2.5319052854419555,0.5010987175732246,26,0.6309639986485602,0.7299634309123393,-0.8130777926110622,2.0750057899081824,0.38896051974960183,131,0.36478609207316814,0.8862043270886404,-1.4568329909102302,2.1864051750565667,0.6839861146612856,26,0.36478609207316814,0.7121713484590806,-1.0440587159842534,1.7736309001305894,0.609361812269905,131,0.2661779065753921,0.11383288534150005,0.03219105967027991,0.5001647534805043,0.02733463570767062,26,0.2661779065753921,0.08111994555630493,0.10570330397563948,0.4266525091751447,0.0013244953133946262,131,0.1632519383235536,0.009754932610612591,,,,,,
Total,tipo_granizo,Tipologia | Granizo,Tipologia,3,Ponderado CA2013,C_prop,3564,27,12,-32034.54182283484,-31039.780977871735,1.774332856470195,3,0.7530726432021794,1.1121629701896925,-1.53301108259123,3.039156368995589,0.5043077768783643,26,0.7530726432021794,0.9197741170127963,-1.066459962459127,2.572605248863486,0.4144113017913245,131,0.41938931703225996,1.072240310507849,-1.7846322065161992,2.623410840580719,0.6988853688621421,26,0.41938931703225996,0.8337596884205212,-1.2299862310579284,2.068764865122448,0.6158020243998291,131,0.33368332616991936,0.08049956063693406,0.16821410948288434,0.4991525428569544,0.00031988662429718883,26,0.33368332616991936,0.16438794749466776,0.008484753050987448,0.6588818992888512,0.04439650730903584,131,0.0007374395908540409,0.007810136145151291,,,,,,
Total,tipo_granizo,Tipologia | Granizo,Tipologia,3,Exclui mar2020-dez2021,C_prop,2970,27,12,-13209.498402033996,-12376.010306814249,1.8322996034831494,3,-0.7967262654655207,1.0088388328908147,-2.8704241853187087,1.2769716543876672,0.436819885753906,26,-0.7967262654655207,0.8708683527703016,-2.522759028496621,0.9293064975655794,0.36228237004268765,109,-1.1058660748294393,0.9198541208019161,-2.996653299394736,0.7849211497358572,0.24011406283504214,26,-1.1058660748294393,0.799481795009337,-2.690413001174112,0.47868085151523343,0.1694214914867664,109,0.3091398093639184,0.1558346996482466,-0.011183003325122731,0.6294626220529596,0.05793401460116377,26,0.3091398093639184,0.14613517241864857,0.01950464852312145,0.5987749702047154,0.03667055163146511,109,0.02783524215479742,0.011737626309452,,,,,,
Total,tipo_granizo,Tipologia | Granizo,Tipologia,3,Mecanismo K6,C_prop,3564,27,6,-16172.674915918207,-15177.914070955105,1.7857710502267519,3,-0.2145594919209421,0.6231144144080236,-1.4953895143793499,1.0662705305374656,0.7333646677477005,26,-0.2145594919209421,0.6454336946136018,-1.4913813011234207,1.0622623172815364,0.7400983065572466,131,-0.5989177335603583,0.5414971838660406,-1.7119811359392174,0.514145668818501,0.2788384773849377,26,-0.5989177335603583,0.5683494085094228,-1.7232484372224892,0.5254129701017728,0.2939213972849764,131,0.3843582416394163,0.14882599942397304,0.07844201858799238,0.6902744646908402,0.015787823233678656,26,0.3843582416394163,0.13659588595518868,0.11413899574254427,0.6545774875362883,0.00565062519455334,131,0.002756090252630927,0.001572173611677031,,,,,,
Total,tipo_incendio_florestal,Tipologia | Incêndio Florestal,Tipologia,3,J alternativo,C_prop,3564,27,12,-16173.015694956499,-15172.076211204805,2.241922434445612,4,0.014369090029218577,0.2500800779542185,-0.49967787222378224,0.5284160522822194,0.9546197105886237,26,0.014369090029218577,0.12570773857165385,-0.23431080309272442,0.2630489831511616,0.9091706032626938,131,-0.03449116160115451,0.23108919209421538,-0.5095017989030122,0.4405194757007032,0.8825043206306519,26,-0.03449116160115451,0.11940562852005547,-0.27070397774055444,0.20172165453824542,0.7731473427095643,131,0.04886025163037309,0.030812658857736364,-0.014476075734564102,0.11219657899531027,0.1248917294548543,26,0.04886025163037309,0.02381824029035142,0.0017420907513501158,0.09597841250939607,0.04222295595645018,131,0.031041366462168284,0.0017769403003483585,,,,,,
Total,tipo_incendio_florestal,Tipologia | Incêndio Florestal,Tipologia,3,Exposição A,A,3564,27,12,-16178.649873081667,-15183.889028118565,2.1154315048261174,3,-0.016070712563568876,0.009443509514922836,-0.03548212437559685,0.003340699248459096,0.10072796867694105,26,-0.016070712563568876,0.009283590007422864,-0.03443586809866683,0.00229444297152908,0.08579049048396815,131,-0.019085908468638307,0.008110788096452335,-0.035757872171490276,-0.0024139447657863383,0.026456860015620746,26,-0.019085908468638307,0.008374955638215336,-0.03565356847650065,-0.0025182484607759667,0.02428923051739635,131,0.003015195905069429,0.0030391889976583582,-0.0032319465492168537,0.009262338359355712,0.33029002304411353,26,0.003015195905069429,0.0030529766212595553,-0.0030243201064755745,0.009054711916614434,0.32515700998196495,131,0.05373533877344707,0.05160324451813686,,,,,,
Total,tipo_incendio_florestal,Tipologia | Incêndio Florestal,Tipologia,3,Exposição B,B,3564,27,12,-16178.569650895752,-15183.80880593265,2.115604546780973,3,-0.016072687333712362,0.009455374978781576,-0.03550848895600513,0.003363114288580403,0.10109446205823243,26,-0.016072687333712362,0.009184514177460032,-0.03424184724367161,0.0020964725762468855,0.08246377193286399,131,-0.019072121682419882,0.008111611247891481,-0.03574577739728747,-0.0023984659675522872,0.026570118053119065,26,-0.019072121682419882,0.008292281748936592,-0.035476233016322946,-0.002668010348516818,0.02303022594533104,131,0.0029994343487075204,0.0030491965563763414,-0.0032682789371325234,0.009267147634547564,0.3343386125290065,26,0.0029994343487075204,0.0030491084928071935,-0.003032429582058327,0.009031298279473368,0.3270721335129841,131,0.05454435614270222,0.05095832221129453,,,,,,
Total,tipo_incendio_florestal,Tipologia | Incêndio Florestal,Tipologia,3,Exposição C,C,3564,27,12,-16180.15109668767,-15185.390251724568,2.0168102966020034,3,-0.017599430084324703,0.01271352422659619,-0.04373245340099254,0.008533593232343137,0.17803171549446695,26,-0.017599430084324703,0.012713251104831222,-0.04274927337881503,0.007550413210165627,0.16860878702781157,131,-0.022379317181116683,0.010763711105855368,-0.04450444222824963,-0.00025419213398373414,0.04760826259559166,26,-0.022379317181116683,0.011051081264418165,-0.0442409920385555,-0.0005176423236778714,0.04489119768331356,131,0.004779887096791981,0.0035342114479387553,-0.0024847885768347865,0.012044562770418748,0.1878741351686557,26,0.004779887096791981,0.0038338633252666993,-0.002804409087392541,0.012364183280976503,0.21471207624143232,131,0.01597449749294235,0.018835154222448386,,,,,,
Total,tipo_incendio_florestal,Tipologia | Incêndio Florestal,Tipologia,3,Irrestrito K3,C_prop,3564,27,3,-16172.58200030605,-15171.642516554357,1.1112793063990771,4,0.12365096213232116,0.10490554067255116,-0.09198546499685506,0.3392873892614974,0.24919711792800736,26,0.12365096213232116,0.058704867741004786,0.0075187303266432,0.23978319393799913,0.03708471079328694,131,0.10344843561488067,0.07731295177344655,-0.05547061274381547,0.2623674839735768,0.19246660298057708,26,0.10344843561488067,0.04545844223178514,0.01352079325858542,0.1933760779711759,0.024489190801893122,131,0.020202526517440485,0.04320803061252846,-0.06861285239239423,0.10901790542727521,0.6439916080583421,26,0.020202526517440485,0.03791331809487303,-0.05479906048793786,0.09520411352281882,0.5950326146300944,131,0.04720021447135002,9.466138052317369e-08,,,,,,
Total,tipo_incendio_florestal,Tipologia | Incêndio Florestal,Tipologia,3,Irrestrito K6,C_prop,3564,27,6,-16168.106308029022,-15148.630907911556,1.437760104333156,7,0.08569376634293788,0.1520730583205234,-0.22689688185935256,0.39828441454522834,0.5779199728554887,26,0.08569376634293788,0.06775076001925522,-0.048333398189301574,0.21972093087517733,0.20817470492944398,131,0.06586278465276599,0.12374628247807926,-0.1885013419035427,0.32022691120907465,0.5990787503023173,26,0.06586278465276599,0.06300034324783364,-0.05876692234484096,0.19049249165037294,0.29774703380281137,131,0.019830981690171876,0.04367153475613965,-0.0699371436317886,0.10959910701213235,0.6535292770292698,26,0.019830981690171876,0.03770508254090024,-0.05475866571709952,0.09442062909744327,0.5998123069286672,131,6.736575676797066e-06,1.5974689126684176e-10,,,,,,
Total,tipo_incendio_florestal,Tipologia | Incêndio Florestal,Tipologia,3,Almon K12 q2,C_prop,3564,27,12,-16174.390472708474,-15179.629627745371,17.854227661234788,3,0.006210079756979048,0.2522319986967888,-0.5122602189320012,0.5246803784459594,0.980545654875516,26,0.006210079756979048,0.12269835778527945,-0.23651654031413868,0.24893669982809677,0.9597113336195421,131,-0.03294260948749607,0.2325384133974506,-0.5109321638412622,0.44504694486627006,0.8884364308843632,26,-0.03294260948749607,0.11641983290319137,-0.26324880966735026,0.19736359069235815,0.7776511557828506,131,0.039152689244475125,0.03153607712896284,-0.025670645673420228,0.10397602416237048,0.22549767137661347,26,0.039152689244475125,0.02401616016435769,-0.00835700435698667,0.08666238284593691,0.10544774474417055,131,0.3753166998324474,0.037145260383661595,,,,,,
Total,tipo_incendio_florestal,Tipologia | Incêndio Florestal,Tipologia,3,Somente defasado,C_prop,3564,27,12,-16174.213797521294,-15179.452952558191,1.9921341656726212,3,-0.01859164140852935,0.2301206434606348,-0.49161139848130486,0.4544281156642461,0.9362269818734912,26,-0.01859164140852935,0.11752887041471705,-0.2510917823351358,0.2139084995180771,0.8745523516784369,131,-0.01859164140852935,0.2301206434606348,-0.49161139848130486,0.4544281156642461,0.9362269818734912,26,-0.01859164140852935,0.11752887041471705,-0.2510917823351358,0.2139084995180771,0.8745523516784369,131,0.0,0.0,0.0,0.0,,26,0.0,0.0,0.0,0.0,,131,0.22210966577543279,0.1251586673017419,4999.0,0.9434,0.0032679179916270842,0.565,0.0070110626869255704,0.9434
Total,tipo_incendio_florestal,Tipologia | Incêndio Florestal,Tipologia,3,Região × tempo,C_prop,3564,27,12,-16019.904803746947,-11787.537233562318,1.9698973994919244,3,-0.2315131150995986,0.2358100978292494,-0.7162277131168766,0.25320148291767947,0.33525746576434623,26,-0.2315131150995986,0.117189886682493,-0.4633426653429473,0.00031643514375009896,0.05030896165619768,131,-0.20476807735789965,0.21561930469796742,-0.6479799057042793,0.23844375098848003,0.3510225831923351,26,-0.20476807735789965,0.11847192124975639,-0.43913379779083433,0.02959764307503504,0.08627089306653456,131,-0.02674503774169896,0.027273893221106994,-0.0828073281640867,0.029317252680688778,0.33582260223229254,26,-0.02674503774169896,0.01851894957792276,-0.06337993750280994,0.009889862019412027,0.15107062328217202,131,0.7703827920223284,0.08954130090116794,,,,,,
Total,tipo_incendio_florestal,Tipologia | Incêndio Florestal,Tipologia,3,Ponderado CA2013,C_prop,3564,27,12,-32015.708608017332,-31020.947763054228,2.282198558661209,3,0.0009020611197028182,0.26236358676066684,-0.5383940150947816,0.5401981373341872,0.9972829558395091,26,0.0009020611197028182,0.1269978631814572,-0.25033000622576274,0.25213412846516836,0.9943435085598982,131,-0.020614564996832604,0.23880327049324312,-0.5114817175398909,0.47025258754622573,0.9318698587827446,26,-0.020614564996832604,0.1233423365598593,-0.26461512869827053,0.22338599870460535,0.8675231802653798,131,0.021516626116535417,0.03018027220702305,-0.040519811871255786,0.08355306410432661,0.48223504981588516,26,0.021516626116535417,0.014225900708090829,-0.006625598919474611,0.049658851152545445,0.1328163238706417,131,0.12127294639839423,0.25965213283202265,,,,,,
Total,tipo_incendio_florestal,Tipologia | Incêndio Florestal,Tipologia,3,Exclui mar2020-dez2021,C_prop,2970,27,12,-13212.56599635998,-12379.077901140232,2.4269044030771574,3,-0.018396485112642094,0.37773514097969924,-0.79484218740633,0.7580492171810457,0.9615289187712871,26,-0.018396485112642094,0.24087074170881798,-0.4957944644082327,0.45900149418294856,0.9392608269120164,109,-0.07689574587718766,0.34843632734330576,-0.7931168742239574,0.6393253824695821,0.8270591527577636,26,-0.07689574587718766,0.2355773844614956,-0.5438024631970243,0.390010971442649,0.7447370856428792,109,0.05849926076454554,0.04412407068337382,-0.03219906547788832,0.1491975870069794,0.19644032162232,26,0.05849926076454554,0.027524900201164694,0.003945803407595948,0.11305271812149514,0.03581861040003024,109,0.2987818649668055,0.05922366803436857,,,,,,
Total,tipo_incendio_florestal,Tipologia | Incêndio Florestal,Tipologia,3,Mecanismo K6,C_prop,3564,27,6,-16174.46059834021,-15179.699753377108,1.8276085248726524,3,0.08705509387769053,0.1539495519538587,-0.22939274222934655,0.4035029299847276,0.5765964796307637,26,0.08705509387769053,0.06779338326456981,-0.047056389601097315,0.22116657735647838,0.201365095476939,131,0.05671360781197016,0.13183060576195485,-0.21426808324585084,0.32769529886979115,0.6705946408186534,26,0.05671360781197016,0.06417109268485408,-0.07023212084173289,0.1836593364656732,0.3784300459521637,131,0.03034148606572038,0.032618699759655825,-0.03670721154050539,0.09739018367194616,0.3608311236264663,26,0.03034148606572038,0.02763832944390902,-0.024333722400166194,0.08501669453160696,0.2743035401194253,131,0.151733734850902,0.2625828645554035,,,,,,
Total,tipo_inundacoes,Tipologia | Inundações,Tipologia,3,J alternativo,C_prop,3564,27,12,-16172.914140863526,-15171.974657111832,2.3069336915503906,4,0.3679403900353969,0.36149317300569933,-0.3751194689462394,1.1110002490170332,0.3181347706881604,26,0.3679403900353969,0.17883208828893798,0.014167860931169896,0.7217129191396239,0.04162547705399015,131,0.32008561019974324,0.32693713682540365,-0.35194329913048705,0.9921145195299735,0.33658120264501423,26,0.32008561019974324,0.16389238363746014,-0.004132619398210913,0.6443038397976975,0.052948762382906495,131,0.047854779835653706,0.042705177273870125,-0.03992696923324895,0.13563652890455635,0.2727089314157108,26,0.047854779835653706,0.029653896067889474,-0.01080770020417747,0.10651725987548488,0.10898205913668157,131,0.6419957781516759,0.14591544578891405,,,,,,
Total,tipo_inundacoes,Tipologia | Inundações,Tipologia,3,Exposição A,A,3564,27,12,-16174.64712103163,-15179.886276068528,1.6696254005302913,3,0.00672109442395213,0.013373329366976605,-0.020768177782535546,0.034210366630439804,0.6194939154323011,26,0.00672109442395213,0.01045982708426601,-0.013970938627828625,0.027413127475732886,0.521630912752134,131,0.0036557315992280705,0.012704021465011763,-0.022457758511254575,0.029769221709710712,0.7758104304184613,26,0.0036557315992280705,0.009585606490191152,-0.015306884581564923,0.022618347780021066,0.7035412426435529,131,0.0030653628247240584,0.0020164000882827455,-0.0010794069168232143,0.007210132566271331,0.1405257237965262,26,0.0030653628247240584,0.0016314310034286237,-0.00016199686035373506,0.006292722509801852,0.062474538866287975,131,0.2088562733364259,0.033300929170692196,,,,,,
Total,tipo_inundacoes,Tipologia | Inundações,Tipologia,3,Exposição B,B,3564,27,12,-16174.618083974954,-15179.857239011852,1.671662161891969,3,0.0069368729044479915,0.01336413322684272,-0.0205334963652726,0.03440724217416858,0.6081049322404298,26,0.0069368729044479915,0.010492851757443558,-0.013820490828558078,0.027694236637454062,0.5097062395296497,131,0.0038534435264544007,0.012679161757263663,-0.022208946722915963,0.02991583377582477,0.763608280453669,26,0.0038534435264544007,0.009613343929598148,-0.015164043925953078,0.022870930978861878,0.689188593544979,131,0.0030834293779935895,0.0020299880958530173,-0.001089270913126879,0.007256129669114058,0.1408454154103038,26,0.0030834293779935895,0.0016433284233032563,-0.0001674662415976076,0.006334324997584786,0.06283465182908711,131,0.21240241200273238,0.03404493183198446,,,,,,
Total,tipo_inundacoes,Tipologia | Inundações,Tipologia,3,Exposição C,C,3564,27,12,-16174.839640504106,-15180.078795541003,1.6725068733082453,3,0.007897797591031791,0.013527420886030633,-0.01990821426911664,0.03570380945118022,0.5643618345291327,26,0.007897797591031791,0.01068490320886155,-0.01323948972468448,0.02903508490674806,0.4611353770602409,131,0.004668892617365472,0.012851802799381072,-0.021748366376395215,0.03108615161112616,0.7193276210363254,26,0.004668892617365472,0.009815988415153458,-0.014749473966130036,0.02408725920086098,0.6351219122497739,131,0.0032289049736663193,0.0020785266761079667,-0.001043567798078127,0.007501377745410766,0.13240281603629206,26,0.0032289049736663193,0.0016747670342071722,-8.41837176348728e-05,0.006541993664967511,0.05602245629461818,131,0.2011815341387613,0.029434363396086648,,,,,,
Total,tipo_inundacoes,Tipologia | Inundações,Tipologia,3,Irrestrito K3,C_prop,3564,27,3,-16168.935652039661,-15167.996168287968,1.3233220984451644,4,0.12049579844581022,0.11973040016536533,-0.12561356379458977,0.36660516068621024,0.3235015897926831,26,0.12049579844581022,0.08829085883872531,-0.0541645811707054,0.29515617806232586,0.17466818596277056,131,0.08874544664760693,0.09714335299902797,-0.11093557521037155,0.2884264685055854,0.3693469382793966,26,0.08874544664760693,0.074643580451329,-0.058917360907355484,0.23640825420256933,0.23662077723155403,131,0.031750351798203284,0.07167581269969216,-0.11558139124466668,0.17908209484107326,0.6614500716756997,26,0.031750351798203284,0.028438532972944824,-0.024507850128050075,0.08800855372445665,0.26627091025662086,131,0.24115313983904774,0.39005685596333295,,,,,,
Total,tipo_inundacoes,Tipologia | Inundações,Tipologia,3,Irrestrito K6,C_prop,3564,27,6,-16166.128942817031,-15146.653542699565,1.3924437488140096,7,0.035411661843766776,0.12604070371540804,-0.22366871511051867,0.2944920387980522,0.7809692719520048,26,0.035411661843766776,0.13845182651516025,-0.23847907719536182,0.30930240088289535,0.7985305158498046,131,0.007999208326128493,0.09121830594691512,-0.17950270489088782,0.1955011215431448,0.9307926037435083,26,0.007999208326128493,0.12609006249906277,-0.24143701272348472,0.2574354293757417,0.9495124899910095,131,0.027412453517638265,0.07202941028306696,-0.12064611976729159,0.17547102680256813,0.7066117501939589,26,0.027412453517638265,0.028770626124085052,-0.029502707878815152,0.08432761491409169,0.34244965348005163,131,0.18628790940931075,0.32693059530617474,,,,,,
Total,tipo_inundacoes,Tipologia | Inundações,Tipologia,3,Almon K12 q2,C_prop,3564,27,12,-16174.902469436049,-15180.141624472946,15.667170683607402,3,0.368755541233308,0.36064723717408614,-0.3725654717432445,1.1100765542098605,0.31597257634270487,26,0.368755541233308,0.18010839458751848,0.012458173821366603,0.7250529086452494,0.04261687766841595,131,0.3214592078665187,0.32034962662143085,-0.3370288803120852,0.9799472960451227,0.3248853867503235,26,0.3214592078665187,0.17094751017831125,-0.01671574495369421,0.6596341606867316,0.062266317769293054,131,0.04729633336678936,0.04601545551375162,-0.04728979007428863,0.14188245680786735,0.31349485579314124,26,0.04729633336678936,0.03189563908327469,-0.015800849101127376,0.1103935158347061,0.1405170045783992,131,0.7138721608019012,0.08813035041451263,,,,,,
Total,tipo_inundacoes,Tipologia | Inundações,Tipologia,3,Somente defasado,C_prop,3564,27,12,-16175.132605744166,-15180.371760781063,1.7976589450412235,3,0.3528490366191793,0.3192280622668796,-0.30333364301131194,1.0090317162496705,0.2791447793325356,26,0.3528490366191793,0.16772862873721892,0.021041799118948656,0.68465627411941,0.03731741276968575,131,0.3528490366191793,0.3192280622668796,-0.30333364301131194,1.0090317162496705,0.2791447793325356,26,0.3528490366191793,0.16772862873721892,0.021041799118948656,0.68465627411941,0.03731741276968575,131,0.0,0.0,0.0,0.0,,26,0.0,0.0,0.0,0.0,,131,0.5431187068931871,0.07817489099916114,9999.0,0.4318,0.004953269223452325,0.8676,0.0033892512447441835,0.4318
Total,tipo_inundacoes,Tipologia | Inundações,Tipologia,3,Região × tempo,C_prop,3564,27,12,-16027.002722038964,-11794.635151854334,1.6892453219632273,3,0.560971842411507,0.4548985940664397,-0.3740856092893141,1.496029294112328,0.2285420552398879,26,0.560971842411507,0.24885731074029377,0.06867271953582754,1.0532709652871866,0.02584483009421343,131,0.4935245978068492,0.429097660733205,-0.38849827588304586,1.3755474714967444,0.2605534007708056,26,0.4935245978068492,0.23543151089640527,0.0277849096023432,0.9592642860113552,0.03798321763090671,131,0.06744724460465774,0.03974036211611574,-0.014240239627346163,0.14913472883666165,0.1016002069580457,26,0.06744724460465774,0.036773110573866445,-0.005298739939945049,0.14019322914926052,0.06890164875824618,131,0.4050870981865818,0.03622462184117169,,,,,,
Total,tipo_inundacoes,Tipologia | Inundações,Tipologia,3,Ponderado CA2013,C_prop,3564,27,12,-32031.529619286277,-31036.768774323173,1.6876676190688198,3,0.5366005716521353,0.41582423677857067,-0.3181383883474215,1.3913395316516919,0.20825287776437193,26,0.5366005716521353,0.21711321977295975,0.10709883292087097,0.9661023103833996,0.014737030837560084,131,0.3725887320455263,0.3671651046881448,-0.38212994948334783,1.1273074135744003,0.3195654909984439,26,0.3725887320455263,0.18875821574086835,-0.0008200449294220036,0.7459975090204746,0.05049788937600034,131,0.16401183960660898,0.10022684597996431,-0.0420073928475328,0.37003107206075075,0.11380399413196882,26,0.16401183960660898,0.04042153307098427,0.08404840507081257,0.24397527414240539,8.47251989242889e-05,131,0.04506455876122007,0.0010063340675764696,,,,,,
Total,tipo_inundacoes,Tipologia | Inundações,Tipologia,3,Exclui mar2020-dez2021,C_prop,2970,27,12,-13210.302093639175,-12376.813998419428,1.6079759697429876,3,0.3911258248372883,0.4574576210371031,-0.5491917821360126,1.3314434318105892,0.4003619704652636,26,0.3911258248372883,0.21171052484702513,-0.02847755264456331,0.8107292023191399,0.0673928997121433,109,0.3627939101083434,0.4115568046566131,-0.4831732175371193,1.208761037753806,0.3861154962409006,26,0.3627939101083434,0.20019502915676304,-0.03398612928720818,0.7595739495038949,0.07270787110709447,109,0.028331914728944887,0.05132781669076185,-0.07717392350018112,0.1338377529580709,0.585676068789496,26,0.028331914728944887,0.03716758313078982,-0.04533302670835865,0.10199685616624843,0.44754233827465,109,0.6047414070178978,0.18675608444881642,,,,,,
Total,tipo_inundacoes,Tipologia | Inundações,Tipologia,3,Mecanismo K6,C_prop,3564,27,6,-16173.186128507932,-15178.42528354483,1.8986390492761247,3,0.03661276741091649,0.12604979018880014,-0.22248628705691983,0.29571182187875283,0.7737664920723679,26,0.03661276741091649,0.13817312812180196,-0.23672663972564914,0.30995217454748214,0.7914432958045882,131,0.009588586808253082,0.10158279374329036,-0.19921783619066735,0.21839500980717352,0.9255215901738566,26,0.009588586808253082,0.12723845638284803,-0.24211943128048058,0.26129660489698675,0.9400438909040711,131,0.0270241806026634,0.04542085237273143,-0.06633971857773806,0.12038807978306486,0.5570047443655995,26,0.0270241806026634,0.024948786814498483,-0.022330470980820243,0.07637883218614705,0.2807154808643395,131,0.25057619177028473,0.23442907070672622,,,,,,
Total,tipo_movimento_de_massa,Tipologia | Movimento de Massa,Tipologia,3,J alternativo,C_prop,3564,27,12,-16177.191677800474,-15176.25219404878,2.5860567609183844,4,-1.887194330728312,1.2270690061169558,-4.409470796047967,0.6350821345913429,0.136138496991193,26,-1.887194330728312,1.20833277573622,-4.277564795904922,0.5031761344482983,0.12074375891974097,131,-2.09954404475216,1.2406914506287754,-4.64982184579214,0.4507337562878191,0.10255295633882577,26,-2.09954404475216,1.121922233940254,-4.318973845952213,0.11988575644789234,0.06352266866185746,131,0.21234971402384825,0.13791348526354638,-0.07113551492121148,0.49583494296890795,0.13570921313677023,26,0.21234971402384825,0.2077172875192799,-0.19856462941118883,0.6232640574588854,0.30852234588351,131,0.0009825841047492992,0.0001695109504954646,,,,,,
Total,tipo_movimento_de_massa,Tipologia | Movimento de Massa,Tipologia,3,Exposição A,A,3564,27,12,-16185.281497603333,-15190.52065264023,2.19639982708591,3,-0.023249638529056347,0.01007906120860442,-0.043967445557226155,-0.002531831500886539,0.02929409027870014,26,-0.023249638529056347,0.014198032293175891,-0.05133673319265438,0.004837456134541687,0.10392066529202548,131,-0.02667091321223627,0.009223920258395305,-0.045630952843062206,-0.00771087358141034,0.0076464655275121675,26,-0.02667091321223627,0.012608653571224412,-0.051613837634637165,-0.0017279887898353774,0.036298948181675464,131,0.0034212746831799243,0.00240318821781837,-0.0015185494451454371,0.008361098811505286,0.1664414406877722,26,0.0034212746831799243,0.0022575742974629983,-0.0010447457972373288,0.007887295163597177,0.13206394951533207,131,0.00014727303707754038,5.436142963357463e-06,,,,,,
Total,tipo_movimento_de_massa,Tipologia | Movimento de Massa,Tipologia,3,Exposição B,B,3564,27,12,-16184.623772995536,-15189.862928032433,2.191446935644934,3,-0.023944554273273973,0.00986934591601997,-0.04423128534380284,-0.0036578232027451064,0.022499884064786122,26,-0.023944554273273973,0.014849459920496749,-0.053320328174757535,0.0054312196282095895,0.10926267597039427,131,-0.027104732266768114,0.009146425925717419,-0.04590548001544667,-0.008303984518089561,0.006430789865426642,26,-0.027104732266768114,0.013197555769889326,-0.05321264571440544,-0.000996818819130784,0.041987397567567156,131,0.0031601779934941465,0.002385924057685729,-0.0017441591454451268,0.00806451513243342,0.19685929550861733,26,0.0031601779934941465,0.0023383037788906455,-0.001465544658335361,0.007785900645323654,0.17886992827706688,131,0.00012759049040897825,1.383166269531302e-05,,,,,,
Total,tipo_movimento_de_massa,Tipologia | Movimento de Massa,Tipologia,3,Exposição C,C,3564,27,12,-16183.139052547594,-15188.378207584492,2.1022155191804415,3,-0.02606441392583236,0.01169468058286178,-0.05010317413942995,-0.0020256537122347734,0.03468903960374363,26,-0.02606441392583236,0.01602087781734682,-0.05775753185640893,0.005628704004744214,0.10616074338935604,131,-0.02938331527652711,0.010781903508343415,-0.051545835342533874,-0.007220795210520343,0.011340656013804976,26,-0.02938331527652711,0.01399651987380665,-0.057071770305995355,-0.0016948602470588658,0.03770663955024188,131,0.003318901350694753,0.0026498208769127427,-0.002127883468929864,0.00876568617031937,0.2215368708833803,26,0.003318901350694753,0.002687758426914711,-0.0019981259535691485,0.008635928654958654,0.21910727718414294,131,9.967965247934431e-05,7.430301341310726e-06,,,,,,
Total,tipo_movimento_de_massa,Tipologia | Movimento de Massa,Tipologia,3,Irrestrito K3,C_prop,3564,27,3,-16167.607246226642,-15166.667762474948,1.5062321638216392,4,0.12626222992708436,0.38174539753424447,-0.6584266727709818,0.9109511326251505,0.743484179457359,26,0.12626222992708436,0.5883293628482311,-1.0375935894201405,1.2901180492743092,0.830403970900978,131,-0.07934763945128988,0.44246819974641705,-0.9888540496933653,0.8301587707907856,0.8590691363949554,26,-0.07934763945128988,0.46871604024433255,-1.0065797742180862,0.8478844953155065,0.8658318494853532,131,0.20560986937837422,0.18081900307657695,-0.166068914511586,0.5772886532683345,0.26586667209308235,26,0.20560986937837422,0.2524019509551427,-0.2937013973780252,0.7049211361347736,0.4167723856410752,131,0.7453220954061144,0.639507701374055,,,,,,
Total,tipo_movimento_de_massa,Tipologia | Movimento de Massa,Tipologia,3,Irrestrito K6,C_prop,3564,27,6,-16172.261113246514,-15152.785713129048,1.6161969247918173,7,-1.1142694842871301,0.5132826042061024,-2.169336987576052,-0.05920198099820828,0.03925653686447244,26,-1.1142694842871301,0.7024358088540746,-2.503855072697725,0.27531610412346486,0.11508363612457134,131,-1.232522716659394,0.5582329763818193,-2.379987033233456,-0.08505840008533228,0.036275507064433755,26,-1.232522716659394,0.5746136564139503,-2.3692455969455546,-0.09579983637323353,0.03380137878953025,131,0.11825323237226357,0.19357626600814865,-0.2796484810300498,0.5161549457745769,0.5465782986418999,26,0.11825323237226357,0.23229262229857806,-0.3412769854376698,0.577783450182197,0.6115594638271796,131,1.914926891617259e-05,0.00018577982101495113,,,,,,
Total,tipo_movimento_de_massa,Tipologia | Movimento de Massa,Tipologia,3,Almon K12 q2,C_prop,3564,27,12,-16178.9160931177,-15184.155248154597,19.673725279729446,3,-1.8840489635945996,1.222426511923621,-4.396782645431126,0.6286847182419271,0.13534328653201028,26,-1.8840489635945996,1.2059653180738334,-4.269736032783481,0.5016381055942811,0.1206358946177603,131,-2.1010353874001684,1.1516156931665937,-4.46821534670722,0.2661445719068838,0.07960118474307074,26,-2.1010353874001684,1.0591944904115393,-4.196374748872758,-0.00569602592757823,0.04938946410070241,131,0.2169864238055687,0.1291872757640815,-0.048561824625575845,0.48253467223671326,0.10500887297552303,26,0.2169864238055687,0.20049138681013612,-0.17963336436598804,0.6136062119771255,0.2811193791868426,131,0.0005757581544681169,0.00011110230486932905,,,,,,
Total,tipo_movimento_de_massa,Tipologia | Movimento de Massa,Tipologia,3,Somente defasado,C_prop,3564,27,12,-16179.253397488534,-15184.492552525431,1.9926059177220454,3,-1.944607798721184,1.2915849003299495,-4.599498583856017,0.7102829864136491,0.14422373323786603,26,-1.944607798721184,1.189950469219219,-4.2986136767059175,0.4093980792635492,0.10461944716638523,131,-1.944607798721184,1.2915849003299495,-4.599498583856017,0.7102829864136491,0.14422373323786603,26,-1.944607798721184,1.189950469219219,-4.2986136767059175,0.4093980792635492,0.10461944716638523,131,0.0,0.0,0.0,0.0,,26,0.0,0.0,0.0,0.0,,131,0.00024199470785635514,7.526591722867099e-05,4999.0,0.1562,0.005134229445593564,0.0156,0.001752520470636506,0.1562
Total,tipo_movimento_de_massa,Tipologia | Movimento de Massa,Tipologia,3,Região × tempo,C_prop,3564,27,12,-16021.73255832784,-11789.36498814321,2.0399759676989873,3,-1.2441183160749185,1.0704061938857963,-3.444369758912844,0.9561331267630071,0.2556774394370829,26,-1.2441183160749185,1.2154528620308476,-3.6485740103622066,1.1603373782123696,0.3079181940609747,131,-1.5477243077677545,1.0274616843997555,-3.6597020471290453,0.5642534315935364,0.1440297713691444,26,-1.5477243077677545,0.9937390447326134,-3.5135771839957926,0.4181285684602838,0.12177024565268504,131,0.3036059916928359,0.2132837458597032,-0.13480502670580907,0.7420170100914809,0.16648618390009096,26,0.3036059916928359,0.2642216434698334,-0.21908744631797755,0.8262994297036494,0.25262572591954224,131,0.1653247637663603,0.0006320972277206336,,,,,,
Total,tipo_movimento_de_massa,Tipologia | Movimento de Massa,Tipologia,3,Ponderado CA2013,C_prop,3564,27,12,-32045.08246160764,-31050.321616644535,1.8010945258953115,3,-1.9348798051028504,0.903114649959658,-3.7912585545645814,-0.07850105564111942,0.04169151215604142,26,-1.9348798051028504,1.3773914070083029,-4.659688570051433,0.7899289598457322,0.16246470223423579,131,-2.14514725134316,0.8295695267054126,-3.8503518348871713,-0.43994266779914915,0.01567036271676449,26,-2.14514725134316,1.2034835299613773,-4.525924751641776,0.2356302489554558,0.07699247504205418,131,0.21026744624030985,0.09685723678251869,0.011174544688239335,0.4093603477923804,0.039253921744171194,26,0.21026744624030985,0.2611680212191878,-0.30638519855002505,0.7269200910306448,0.42221846088336856,131,6.048187247243234e-07,0.0041168708880017675,,,,,,
Total,tipo_movimento_de_massa,Tipologia | Movimento de Massa,Tipologia,3,Exclui mar2020-dez2021,C_prop,2970,27,12,-13213.83234766744,-12380.344252447692,1.9372012761865465,3,-1.7555259960615839,1.2507281831083745,-4.326434596181162,0.8153826040579943,0.17226861642394947,26,-1.7555259960615839,1.1659945721046419,-4.066489331182185,0.5554373390590173,0.13506133231984815,109,-1.9682682746424154,1.1860295506269707,-4.406186931056532,0.46965038177170126,0.10902203589995405,26,-1.9682682746424154,1.0225828308884515,-3.9949942010260253,0.05845765174119477,0.05686085255646254,109,0.21274227858083178,0.12434720164070721,-0.04285705500450332,0.4683416121661669,0.09901213146376742,26,0.21274227858083178,0.21272861526222953,-0.20887892100556726,0.6343634781672308,0.31949438347220616,109,0.0011107157036345412,0.0005106391996354527,,,,,,
Total,tipo_movimento_de_massa,Tipologia | Movimento de Massa,Tipologia,3,Mecanismo K6,C_prop,3564,27,6,-16178.164969898939,-15183.404124935836,2.2509333171764436,3,-1.1305680957050133,0.5222640934234067,-2.204097314482958,-0.05703887692706866,0.03977032558105717,26,-1.1305680957050133,0.7060309336277293,-2.5272656984961936,0.2661295070861671,0.11171900784628547,131,-1.1704584794204513,0.5031702468910901,-2.20473973455429,-0.13617722428661283,0.02807378247175095,26,-1.1704584794204513,0.5602620715938593,-2.278790501516474,-0.062126457324428674,0.03863121242769316,131,0.039890383715438016,0.12257289272100556,-0.21206180565220373,0.29184257308307976,0.7474510461227819,26,0.039890383715438016,0.22922639937259967,-0.41357411373245323,0.49335488116332926,0.8621169903209437,131,5.9495296836834415e-05,0.0019573154683141937,,,,,,
Total,tipo_onda_de_calor_e_baixa_umidade,Tipologia | Onda de Calor e Baixa Umidade,Tipologia,3,J alternativo,C_prop,3564,27,12,-16179.214889884675,-15178.275406132982,2.7901393027558044,4,3.4534367153205574,0.381879691294747,2.6684717678443524,4.238401662796763,1.6483344357774212e-09,26,3.4534367153205574,2.9247034806618055,-2.3323244259458606,9.239197856586976,0.23982883404545172,131,2.8778574522707054,0.9892004976082457,0.8445267087167769,4.911188195824634,0.007327101653288393,26,2.8778574522707054,3.184923616632817,-3.4226811906573373,9.178396095198748,0.3678727244485385,131,0.5755792630498523,0.8922969713458287,-1.2585634295633752,2.40972195566308,0.52454419287425,26,0.5755792630498523,0.815029818965364,-1.0367441354493905,2.187902661549095,0.48131389435844557,131,4.855476333593932e-13,0.09004830227675785,,,,,,
Total,tipo_onda_de_calor_e_baixa_umidade,Tipologia | Onda de Calor e Baixa Umidade,Tipologia,3,Exposição A,A,3564,27,12,-16181.200007765827,-15186.439162802724,2.47550097996167,3,0.07060848412612225,0.011884480449569726,0.04617958469905599,0.09503738355318851,2.865181488379715e-06,26,0.07060848412612225,0.04687917496824929,-0.022129706483392617,0.16334667473563713,0.13442847718091921,131,0.055488528114372,0.017746306664373795,0.019010472338567445,0.09196658389017656,0.004317106969756506,26,0.055488528114372,0.05039504445110847,-0.044204891005038875,0.15518194723378287,0.27288473716771366,131,0.015119956011750245,0.009827098990032554,-0.005079935258719319,0.03531984728221981,0.13598515412499493,26,0.015119956011750245,0.01078182718319902,-0.006209070045375785,0.03644898206887628,0.16317437229383375,131,7.0579789800661e-09,0.03670811394422701,,,,,,
Total,tipo_onda_de_calor_e_baixa_umidade,Tipologia | Onda de Calor e Baixa Umidade,Tipologia,3,Exposição B,B,3564,27,12,-16181.200007765827,-15186.439162802724,2.47550097996167,3,0.07060848412612225,0.011884480449569726,0.04617958469905599,0.09503738355318851,2.865181488379715e-06,26,0.07060848412612225,0.04687917496824929,-0.022129706483392617,0.16334667473563713,0.13442847718091921,131,0.055488528114372,0.017746306664373795,0.019010472338567445,0.09196658389017656,0.004317106969756506,26,0.055488528114372,0.05039504445110847,-0.044204891005038875,0.15518194723378287,0.27288473716771366,131,0.015119956011750245,0.009827098990032554,-0.005079935258719319,0.03531984728221981,0.13598515412499493,26,0.015119956011750245,0.01078182718319902,-0.006209070045375785,0.03644898206887628,0.16317437229383375,131,7.0579789800661e-09,0.03670811394422701,,,,,,
Total,tipo_onda_de_calor_e_baixa_umidade,Tipologia | Onda de Calor e Baixa Umidade,Tipologia,3,Exposição C,C,3564,27,12,-16179.655655164752,-15184.89481020165,2.3529657680450393,3,0.07245964483842882,0.013945017116685122,0.043795251632703786,0.10112403804415385,2.0043198988134964e-05,26,0.07245964483842882,0.06744556204584942,-0.06096376530072428,0.20588305497758191,0.2846440056651742,131,0.05192025363560412,0.020589845502793136,0.009597220067504249,0.09424328720370398,0.018144898511799155,26,0.05192025363560412,0.06835022486341312,-0.08329279535426223,0.18713330262547048,0.44884608450484315,131,0.0205393912028247,0.011171362070321978,-0.002423672402460525,0.04350245480810992,0.07742786771063191,26,0.0205393912028247,0.012539395360106642,-0.004266523957184867,0.045345306362834265,0.10382378011242678,131,1.0908735768716988e-08,0.0752903069746425,,,,,,
Total,tipo_onda_de_calor_e_baixa_umidade,Tipologia | Onda de Calor e Baixa Umidade,Tipologia,3,Irrestrito K3,C_prop,3564,27,3,-16173.953921103639,-15173.014437351945,1.614596345318386,4,1.7821323262613376,1.281714177459343,-0.852468897432278,4.416733549954953,0.1761872554245222,26,1.7821323262613376,1.297130706078788,-0.7839016269228354,4.34816627944551,0.17181799195217085,131,0.897891725588617,0.8087238641922939,-0.7644639849916643,2.5602474361688983,0.2770511165200536,26,0.897891725588617,1.0674623702914448,-1.2138034745001296,3.0095869256773637,0.40179892142647855,131,0.8842406006727205,0.4955612448641567,-0.13440012679606317,1.902881328141504,0.08604707741538446,26,0.8842406006727205,0.5719235739527986,-0.24716065481508187,2.015641856160523,0.1244972318982881,131,5.732000706722079e-07,0.15513045033315795,,,,,,
Total,tipo_onda_de_calor_e_baixa_umidade,Tipologia | Onda de Calor e Baixa Umidade,Tipologia,3,Irrestrito K6,C_prop,3564,27,6,-16168.502344267406,-15149.02694414994,1.8973527886024593,7,2.009433958930883,1.0675724548939558,-0.18499264998788423,4.203860567849651,0.07104076062678741,26,2.009433958930883,1.6191428902322136,-1.1936169070473461,5.2124848249091125,0.21680584818404633,131,1.1090220199390646,0.5939530919006099,-0.1118660456355951,2.329910085513724,0.0731895482208335,26,1.1090220199390646,1.4160550805187957,-1.692272714016196,3.910316753894325,0.4349366630770301,131,0.9004119389918187,0.5073028675745118,-0.14236403961553756,1.9431879175991749,0.08762462053752598,26,0.9004119389918187,0.5689435111142828,-0.2250940413395034,2.025917919323141,0.11592321731343985,131,5.379179128797469e-07,0.11861436877977183,,,,,,
Total,tipo_onda_de_calor_e_baixa_umidade,Tipologia | Onda de Calor e Baixa Umidade,Tipologia,3,Almon K12 q2,C_prop,3564,27,12,-16181.123615396664,-15186.362770433561,24.326538094524608,3,3.4670847580507327,0.38193260676872925,2.6820110412599973,4.252158474841468,1.5277326884701049e-09,26,3.4670847580507327,2.9052795067104644,-2.2802511293601353,9.214420645461601,0.23487972681069547,131,2.560761391315809,0.7331127018765502,1.0538266507655434,4.067696131866074,0.001726645193489657,26,2.560761391315809,2.96188990378776,-3.2985633653144997,8.420086147946117,0.388855185715124,131,0.906323366734922,0.6372342105692742,-0.4035303124005729,2.216177045870417,0.16683286427080687,26,0.906323366734922,0.6281091256689152,-0.33622631250562396,2.148873045975468,0.15142444822568063,131,1.7115863479677577e-12,0.046695221048377054,,,,,,
Total,tipo_onda_de_calor_e_baixa_umidade,Tipologia | Onda de Calor e Baixa Umidade,Tipologia,3,Somente defasado,C_prop,3564,27,12,-16180.215892999757,-15185.455048036654,2.296744016773963,3,3.1870686486868562,0.5759986820160885,2.0030864011832907,4.371050896190422,8.278007194123509e-06,26,3.1870686486868562,3.0470815394962316,-2.8407854849220255,9.214922782295737,0.29751420533853046,131,3.1870686486868562,0.5759986820160885,2.0030864011832907,4.371050896190422,8.278007194123509e-06,26,3.1870686486868562,3.0470815394962316,-2.8407854849220255,9.214922782295737,0.29751420533853046,131,0.0,0.0,0.0,0.0,,26,0.0,0.0,0.0,0.0,,131,4.400210963947545e-10,0.08262071624852707,9999.0,0.2297,0.004206398816089601,0.397,0.0048927599573246995,0.2297
Total,tipo_onda_de_calor_e_baixa_umidade,Tipologia | Onda de Calor e Baixa Umidade,Tipologia,3,Região × tempo,C_prop,3564,27,12,-16021.24813372512,-11788.88056354049,2.363268309278052,3,2.1508979013926117,1.4551828596659575,-0.8402733052592852,5.142069108044509,0.15139550859767162,26,2.1508979013926117,1.8414123214651867,-1.4918549195435018,5.793650722328725,0.24490010384326355,131,1.70417541801936,1.523301737007506,-1.427016146335393,4.835366982374113,0.27348188383451394,26,1.70417541801936,1.9121092053235513,-2.0784327031688647,5.486783539207584,0.37442683831971435,131,0.44672248337325177,0.38101449030332496,-0.3364640179947424,1.2299089847412459,0.2516453025608854,26,0.44672248337325177,0.4583836914747361,-0.46006980085675936,1.3535147676032628,0.3315746428566896,131,0.04142739030580186,0.03497732980070344,,,,,,
Total,tipo_onda_de_calor_e_baixa_umidade,Tipologia | Onda de Calor e Baixa Umidade,Tipologia,3,Ponderado CA2013,C_prop,3564,27,12,-32035.07791927495,-31040.317074311846,2.2295721040972105,3,3.9638540312681987,0.7420778975379992,2.438491067112631,5.489216995423766,1.3673965110541297e-05,26,3.9638540312681987,2.7156548868769637,-1.408359125201128,9.336067187737525,0.1467854021162443,131,2.9415166434856115,1.4126298240552737,0.03781445423509355,5.84521883273613,0.04729673829452009,26,2.9415166434856115,2.813466231200155,-2.624190683897785,8.507223970869008,0.29771110644599513,131,1.022337387782587,0.7510215443694972,-0.5214095057239496,2.5660842812891236,0.18511265403671093,26,1.022337387782587,0.6258268238734734,-0.21569735408806134,2.260372129653235,0.1047484721001743,131,1.615151176296399e-13,0.05196736474233845,,,,,,
Total,tipo_onda_de_calor_e_baixa_umidade,Tipologia | Onda de Calor e Baixa Umidade,Tipologia,3,Exclui mar2020-dez2021,C_prop,2970,27,12,-13215.675314855938,-12382.187219636191,2.366387452087395,3,4.049194679820915,0.7446115363030624,2.5186237465968735,5.579765613044957,1.061813189402301e-05,26,4.049194679820915,3.21222499984683,-2.3173308395942795,10.415720199236109,0.2101600309613544,109,3.704227147316627,0.6188754765730085,2.43211038636667,4.976343908266584,2.5563367261436005e-06,26,3.704227147316627,3.2814790928744526,-2.799557733010502,10.208012027643756,0.261448501183949,109,0.3449675325042886,0.17448401623475135,-0.013689499438883868,0.703624564447461,0.058727936062869565,26,0.3449675325042886,0.5760538367658381,-0.7967524443035691,1.486687509312146,0.5505181256565936,109,1.0571565961577274e-12,0.09012875651038094,,,,,,
Total,tipo_onda_de_calor_e_baixa_umidade,Tipologia | Onda de Calor e Baixa Umidade,Tipologia,3,Mecanismo K6,C_prop,3564,27,6,-16174.555597991472,-15179.794753028369,2.532392334013096,3,2.003271095775336,1.0302960060625599,-0.11453267520243227,4.121074866753104,0.0627454053446605,26,2.003271095775336,1.612163785914422,-1.1859734370721289,5.1925156286228,0.21623576947062392,131,0.5682783223786423,0.5137191179022431,-0.48768644766306757,1.6242430924203521,0.2787688135233257,26,0.5682783223786423,1.2424155068623473,-1.8895159150338996,3.026072559791184,0.6481426945540051,131,1.4349927733966936,0.5352895030093803,0.3346894417643995,2.535296105028988,0.012582243685510117,26,1.4349927733966936,0.5817579001991342,0.28413687472102533,2.5858486720723617,0.014929897276159882,131,8.455870552417108e-06,0.035020602851550356,,,,,,
Total,tipo_onda_de_frio,Tipologia | Onda de Frio,Tipologia,3,J alternativo,C_prop,3564,27,12,-16177.463770508475,-15176.524286756781,1.7629685749109774,4,-1.668376575338178,0.21289263550340906,-2.1059836548857023,-1.2307694957906539,2.598297408274567e-08,26,-1.668376575338178,0.35982874734638565,-2.3802036708617895,-0.9565494798145667,8.459693019327107e-06,131,-1.7513414383860793,0.2097894134737919,-2.1825697536970803,-1.3201131230750782,7.886011260185664e-09,26,-1.7513414383860793,0.31944658801049064,-2.3832829900140813,-1.1193998867580772,2.0790756451575875e-07,131,0.08296486304790135,0.0198607127176292,0.042140583384385616,0.12378914271141708,0.00029401364255460174,26,0.08296486304790135,0.07900775704765926,-0.07333132684192886,0.23926105293773156,0.2956123528956087,131,5.7215159645885744e-09,2.8273518414776213e-08,,,,,,
Total,tipo_onda_de_frio,Tipologia | Onda de Frio,Tipologia,3,Exposição A,A,3564,27,12,-16178.196803687712,-15183.435958724609,1.7794331686806515,3,-0.06565304780424797,0.02236485147638859,-0.11162465840484025,-0.019681437203655686,0.006878370001160386,26,-0.06565304780424797,0.04204703955424235,-0.14883212191099435,0.017526026302498415,0.12083750848670269,131,-0.07421478501250785,0.025278290195767494,-0.12617505466846546,-0.022254515356550236,0.006872337735452588,26,-0.07421478501250785,0.0363296394463988,-0.1460834778817182,-0.002346092143297507,0.04307641431207739,131,0.00856173720825987,0.006052981139091961,-0.003880343714693731,0.02100381813121347,0.1690896287829484,26,0.00856173720825987,0.007288291515000842,-0.005856241951860568,0.022979716368380306,0.24223573147925614,131,0.03541226894718259,0.00018173956529144496,,,,,,
Total,tipo_onda_de_frio,Tipologia | Onda de Frio,Tipologia,3,Exposição B,B,3564,27,12,-16178.24099201999,-15183.480147056887,1.7764593624553018,3,-0.06606752945794132,0.022376880776334714,-0.11206386663869913,-0.02007119227718352,0.006602913275144894,26,-0.06606752945794132,0.04202635856686291,-0.14920569163842437,0.017070632722541723,0.11835117789400294,131,-0.07465112001332451,0.025271437763911244,-0.1265973042938753,-0.022704935732773712,0.006579335644723469,26,-0.07465112001332451,0.036302496006126055,-0.1464661166829,-0.0028361233437490113,0.0417329386573883,131,0.00858359055538319,0.0060407676432565685,-0.0038333851673320197,0.021000566278098397,0.16721632344591222,26,0.00858359055538319,0.00728733190413826,-0.005832490265546225,0.022999671376312605,0.24098046681808682,131,0.034043450585157814,0.00015665880364041783,,,,,,
Total,tipo_onda_de_frio,Tipologia | Onda de Frio,Tipologia,3,Exposição C,C,3564,27,12,-16178.16931064834,-15183.408465685237,1.7955382971447809,3,-0.06515652331692659,0.02253956915347671,-0.11148727124622479,-0.018825775387628384,0.007659902805646045,26,-0.06515652331692659,0.04564513990459877,-0.1554534982047664,0.0251404515709132,0.15582731747794168,131,-0.07476912835067814,0.025384795282639316,-0.126948322348066,-0.022589934353290285,0.0067163981560812965,26,-0.07476912835067814,0.03920063419730436,-0.152317333682058,0.0027790769807017057,0.05866506997810183,131,0.009612605033751557,0.006637032222968395,-0.0040300100857813305,0.023255220153284444,0.1594782702709194,26,0.009612605033751557,0.008051320596328156,-0.006314827661604124,0.025540037729107238,0.23466810050876122,131,0.035167682868594896,0.00023097320900920235,,,,,,
Total,tipo_onda_de_frio,Tipologia | Onda de Frio,Tipologia,3,Irrestrito K3,C_prop,3564,27,3,-16168.414105154294,-15167.4746214026,1.0389085929696904,4,-0.06905573018533692,0.05555344955434223,-0.1832474811624492,0.04513602079177535,0.2249426711009615,26,-0.06905573018533692,0.16931894778895576,-0.40400899812338575,0.26589753775271185,0.6840539272366721,131,-0.17439275620841097,0.050148259795729754,-0.2774739805152443,-0.0713115319015776,0.0017957104155609434,26,-0.17439275620841097,0.08556312811068216,-0.3436570337740687,-0.005128478642753231,0.04354499342026601,131,0.10533702602307404,0.023111779229625987,0.057830083437162914,0.15284396860898516,0.00010802992698450584,26,0.10533702602307404,0.1037645164357902,-0.0999339393948103,0.3106079914409584,0.311903401743177,131,4.260021660792286e-07,7.856338167153474e-10,,,,,,
Total,tipo_onda_de_frio,Tipologia | Onda de Frio,Tipologia,3,Irrestrito K6,C_prop,3564,27,6,-16165.430691919963,-15145.955291802497,1.087282621707655,7,-0.5576133371875424,0.08947045693962488,-0.7415224953157709,-0.37370417905931386,1.355721409425766e-06,26,-0.5576133371875424,0.26341767440059216,-1.0787163326012337,-0.03651034177385115,0.03616424956170677,131,-0.6514132412200597,0.08705664265069571,-0.8303607330179775,-0.4724657494221419,6.052438255968686e-08,26,-0.6514132412200597,0.18687473744488003,-1.02109604884208,-0.28173043359803945,0.0006680443417009553,131,0.09379990403251738,0.02299658656911178,0.046529743351408796,0.14107006471362596,0.00038049833559499315,26,0.09379990403251738,0.10355504104737139,-0.11105666909897662,0.2986564771640114,0.36670599270897475,131,2.033174058911952e-08,6.71984419517515e-15,,,,,,
Total,tipo_onda_de_frio,Tipologia | Onda de Frio,Tipologia,3,Almon K12 q2,C_prop,3564,27,12,-16179.121322290815,-15184.360477327713,17.211479315975758,3,-1.6673847716541839,0.21272048369085733,-2.1046379880830925,-1.2301315552252754,2.587995759305542e-08,26,-1.6673847716541839,0.36898175552893897,-2.397318700714413,-0.9374508425939545,1.3735566294885081e-05,131,-1.7199595467212796,0.211537621728405,-2.1547813555645163,-1.2851377378780426,1.3034844753086763e-08,26,-1.7199595467212796,0.3456417504377818,-2.4037213782043487,-1.0361977152382107,1.999996755156774e-06,131,0.05257477506709577,0.018210414994575517,0.01514273095584219,0.09000681917834935,0.007727920835404252,26,0.05257477506709577,0.06847925094498468,-0.08289351828990132,0.18804306842409285,0.4440188495409152,131,6.922966394719706e-08,7.1450343782225776e-06,,,,,,
Total,tipo_onda_de_frio,Tipologia | Onda de Frio,Tipologia,3,Somente defasado,C_prop,3564,27,12,-16178.927025340723,-15184.16618037762,1.6765845545279472,3,-1.7714504316077366,0.21180412978597646,-2.2068200556089472,-1.336080807606526,7.609632825267494e-09,26,-1.7714504316077366,0.32834670970103985,-2.4209985469678235,-1.1219023162476498,3.1009718234888466e-07,131,-1.7714504316077366,0.21180412978597646,-2.2068200556089472,-1.336080807606526,7.609632825267494e-09,26,-1.7714504316077366,0.32834670970103985,-2.4209985469678235,-1.1219023162476498,3.1009718234888466e-07,131,0.0,0.0,0.0,0.0,,26,0.0,0.0,0.0,0.0,,131,1.3149220184343148e-07,5.854445360590396e-06,9999.0,0.2891,0.004533444496186096,0.3267,0.004690065138140407,0.2891
Total,tipo_onda_de_frio,Tipologia | Onda de Frio,Tipologia,3,Região × tempo,C_prop,3564,27,12,-16016.687809156509,-11784.320238971879,1.6758114391424221,3,-0.5501145598063322,0.481929984424572,-1.5407358301557414,0.4405067105430771,0.2640738876415898,26,-0.5501145598063322,0.29761130321744317,-1.1388607095416567,0.038631589928992294,0.06679456571557452,131,-0.5889633431457487,0.5354172543209182,-1.6895292713597345,0.511602585068237,0.2814095270368007,26,-0.5889633431457487,0.27528224523653466,-1.13353728983853,-0.044389396452967245,0.03425029062671933,131,0.03884878333941656,0.07050937287939534,-0.10608530831442799,0.18378287499326112,0.5863558360316579,26,0.03884878333941656,0.0387809305674602,-0.0378691480963507,0.11556671477518382,0.3183113179480967,131,0.19388075666097,0.013568247291438105,,,,,,
Total,tipo_onda_de_frio,Tipologia | Onda de Frio,Tipologia,3,Ponderado CA2013,C_prop,3564,27,12,-32027.533772985727,-31032.772928022623,1.6795636907686735,3,-1.404178166713415,0.25594532807590414,-1.9302813232565443,-0.8780750101702857,9.35788863022347e-06,26,-1.404178166713415,0.37343723633117737,-2.1429260996074335,-0.6654302338193966,0.0002548918274550702,131,-1.501375253404188,0.2798163991884052,-2.0765460993510008,-0.9262044074573753,1.283875010341654e-05,26,-1.501375253404188,0.32324286420992177,-2.1408267449154676,-0.8619237618929083,8.178299979821049e-06,131,0.0971970866907731,0.04604328423531588,0.0025537604932799746,0.1918404128882662,0.04454406775232383,26,0.0971970866907731,0.08224660919125099,-0.06550632533237918,0.2599004987139254,0.23943532135934487,131,2.1402546719555898e-05,4.786832094166728e-08,,,,,,
Total,tipo_onda_de_frio,Tipologia | Onda de Frio,Tipologia,3,Exclui mar2020-dez2021,C_prop,2970,27,12,-13214.16046817509,-12380.672372955343,3.846391052883773,3,0.01904565346241182,0.27825093968051334,-0.5529073443809258,0.5909986513057495,0.945952900651798,26,0.01904565346241182,0.7336442050264247,-1.4350133099335285,1.473104616858352,0.9793364399231876,109,-0.47128695140723,0.23380463903609353,-0.951879269837191,0.009305367022730993,0.05427259596394131,26,-0.47128695140723,0.5466214196066607,-1.5546728342612357,0.6120989314467757,0.39048046797899905,109,0.49033260486964175,0.08166919570150027,0.3224591688749219,0.6582060408643616,2.4374271980938774e-06,26,0.49033260486964175,0.22230833183052318,0.049724718483994734,0.9309404912552888,0.029508208471505624,109,8.559310718028637e-08,2.131751738195269e-05,,,,,,
Total,tipo_outros,Tipologia | Outros,Tipologia,3,J alternativo,C_prop,3564,27,12,-16168.562827232014,-15167.62334348032,1.9298277947068454,4,0.006648983563894179,0.21447850755187292,-0.43421790266516846,0.4475158697929569,0.9755057340652965,26,0.006648983563894179,0.16591599986448266,-0.3215724416429679,0.3348704087707563,0.9680948245850286,131,0.012247125348451487,0.19396868894938732,-0.38646122496197677,0.4109554756588798,0.9501381773299575,26,0.012247125348451487,0.156146241995084,-0.29664738832221693,0.32114163901911985,0.9376027575696989,131,-0.005598141784557302,0.03531814684605611,-0.0781956323449376,0.06699934877582298,0.8752827575823598,26,-0.005598141784557302,0.027227010987435886,-0.05945966422795197,0.04826338065883737,0.8374148501126276,131,0.04392034954625103,0.26653869843516764,,,,,,
Total,tipo_outros,Tipologia | Outros,Tipologia,3,Exposição A,A,3564,27,12,-16174.664369229107,-15179.903524266005,3.131243624628922,3,-0.02825166525426889,0.011408838258198115,-0.0517028681547102,-0.00480046235382758,0.020105481113896383,26,-0.02825166525426889,0.01022976985546001,-0.04848859022979707,-0.008014740278740707,0.006576395007810958,131,-0.02680786409941644,0.012256678694432277,-0.05200182797580889,-0.001613900223023993,0.037915381216499934,26,-0.02680786409941644,0.011291197769565857,-0.049144546681243725,-0.004471181517589157,0.019037222554700223,131,-0.0014438011548524486,0.0034252597682057047,-0.00848452344339834,0.005596921133693443,0.6768430661103729,26,-0.0014438011548524486,0.0022325827308800894,-0.005860382355099648,0.0029727800453947517,0.5189605117739321,131,0.09193891762178265,0.007448885284368138,,,,,,
Total,tipo_outros,Tipologia | Outros,Tipologia,3,Exposição B,B,3564,27,12,-16174.705830171577,-15179.944985208474,3.132263362043383,3,-0.028369801814403888,0.01174376252995,-0.05250945141514722,-0.004230152213660552,0.023029310362522384,26,-0.028369801814403888,0.010202355235731538,-0.04855249413264687,-0.008187109496160912,0.006224036443896314,131,-0.027192299509140903,0.01267498825781378,-0.05324611100752988,-0.0011384880107519271,0.04143704751948387,26,-0.027192299509140903,0.01123458803469131,-0.049416994531743745,-0.00496760448653806,0.016874194540830882,131,-0.0011775023052629854,0.003549074687647889,-0.008472729805665482,0.006117725195139511,0.7427171311914119,26,-0.0011775023052629854,0.0021258880513314307,-0.0053830159784961935,0.0030280113679702226,0.5806002279320673,131,0.10505168959103561,0.008235322732342554,,,,,,
Total,tipo_outros,Tipologia | Outros,Tipologia,3,Exposição C,C,3564,27,12,-16173.536549603661,-15178.775704640559,3.1155889450896854,3,-0.028345299810451606,0.012500331547535593,-0.05404009929920725,-0.002650500321695965,0.03189997606245907,26,-0.028345299810451606,0.010814108444788383,-0.04973818590334869,-0.00695241371755452,0.009800086060586983,131,-0.026532289186548447,0.013683937822970064,-0.05466002621822209,0.0015954478451251919,0.06343488943104617,26,-0.026532289186548447,0.011795540231113651,-0.049866681462779894,-0.003197896910317001,0.026159303057261458,131,-0.0018130106239031575,0.003958831149233251,-0.009950504593768504,0.006324483345962189,0.6507813343758774,26,-0.0018130106239031575,0.0027041652407675068,-0.0071624945196366386,0.003536473271830323,0.503750506425032,131,0.11205619229953635,0.024448972147002087,,,,,,
Total,tipo_outros,Tipologia | Outros,Tipologia,3,Irrestrito K3,C_prop,3564,27,3,-16169.094245609693,-15168.154761857999,1.012153602642934,4,0.07835838879027296,0.05749903636697099,-0.0398325731556331,0.19654935073617902,0.18464046813842072,26,0.07835838879027296,0.07303714551877291,-0.06612650727034106,0.22284328485088697,0.2853077995196745,131,0.03728435992320664,0.05535550121818299,-0.07650050242159993,0.15106922226801323,0.5065452185209643,26,0.03728435992320664,0.06501950089793775,-0.09133972255461809,0.16590844240103136,0.567334324934073,131,0.04107402886706631,0.03651711299526753,-0.03398797190895434,0.11613602964308697,0.27095573991561184,26,0.04107402886706631,0.036399431318411855,-0.030932728973085293,0.11308078670721791,0.2612028043400828,131,0.19436331328622547,0.39499076361211144,,,,,,
Total,tipo_outros,Tipologia | Outros,Tipologia,3,Irrestrito K6,C_prop,3564,27,6,-16164.574836495827,-15145.099436378361,1.0369338230957896,7,0.07501954250362408,0.08732783293629108,-0.10448538890980896,0.2545244739170571,0.3981606266899938,26,0.07501954250362408,0.11789828511277531,-0.15821138881563937,0.3082504738228875,0.5256863448221846,131,0.03470623723642788,0.09521802809986463,-0.16101722261236823,0.23042969708522398,0.718438254430087,26,0.03470623723642788,0.10455606097194699,-0.17213059208839906,0.24154306656125482,0.7404657931203534,131,0.04031330526719619,0.0368698895051193,-0.03547383801008647,0.11610044854447885,0.284248263594833,26,0.04031330526719619,0.036111290468529615,-0.031123441238991773,0.11175005177338415,0.26631030825962654,131,0.1254456709660832,0.12501853323630052,,,,,,
Total,tipo_outros,Tipologia | Outros,Tipologia,3,Almon K12 q2,C_prop,3564,27,12,-16169.211010935614,-15174.450165972512,18.778948946543448,3,0.027816715769504313,0.19941890352559508,-0.38209471104923953,0.4377281425882481,0.8901387634382496,26,0.027816715769504313,0.15965695068873628,-0.28802281713895816,0.34365624867796674,0.8619552231678013,131,-0.0032907403525390404,0.19285416906103006,-0.399708162222496,0.39312668151741786,0.9865163372673754,26,-0.0032907403525390404,0.14596379037324783,-0.29204193580104226,0.2854604550959641,0.9820475933178043,131,0.031107456122043423,0.023152895684027345,-0.016484002546302313,0.07869891479038915,0.1906981136661496,26,0.031107456122043423,0.02142504006167466,-0.011276383832516224,0.07349129607660307,0.148914485509779,131,0.5388302724645969,0.3156408334296594,,,,,,
Total,tipo_outros,Tipologia | Outros,Tipologia,3,Somente defasado,C_prop,3564,27,12,-16169.004920194351,-15174.244075231249,1.934413892055789,3,-0.013325368699697988,0.18976338777622004,-0.4033895986503215,0.37673886125092554,0.9445551141702423,26,-0.013325368699697988,0.14605951113681465,-0.30226592265169355,0.2756151852522976,0.9274472393996709,131,-0.013325368699697988,0.18976338777622004,-0.4033895986503215,0.37673886125092554,0.9445551141702423,26,-0.013325368699697988,0.14605951113681465,-0.30226592265169355,0.2756151852522976,0.9274472393996709,131,0.0,0.0,0.0,0.0,,26,0.0,0.0,0.0,0.0,,131,0.931358401146235,0.8490123621958724,4999.0,0.948,0.00313993630508646,0.9702,0.002404660474994341,0.948
Total,tipo_outros,Tipologia | Outros,Tipologia,3,Região × tempo,C_prop,3564,27,12,-16016.940319075376,-11784.572748890747,1.9269470422329318,3,0.15386887130720112,0.41193534305756263,-0.6928763531650701,1.0006140957794722,0.711784901663974,26,0.15386887130720112,0.3151063516825849,-0.46948665754756996,0.7772244001619721,0.6261482542840624,131,0.16145681371992443,0.38713458242425913,-0.6343097171698562,0.9572233446097052,0.6800609375230466,26,0.16145681371992443,0.3037355469440057,-0.4394045509789258,0.7623181784187747,0.5959238408462654,131,-0.007587942412723321,0.039648154830503,-0.08908589185469287,0.07391000702924624,0.8497130638737167,26,-0.007587942412723321,0.027977885936889168,-0.06293487461926914,0.047758989793822496,0.7866547757494929,131,0.49766861049916944,0.3070856623498135,,,,,,
Total,tipo_outros,Tipologia | Outros,Tipologia,3,Ponderado CA2013,C_prop,3564,27,12,-32013.519218260288,-31018.758373297183,1.9059695314943614,3,0.04288707080742585,0.23680726811967945,-0.44387724009717133,0.529651381712023,0.8576892644581715,26,0.04288707080742585,0.20464654265634266,-0.36195260679560504,0.4477267484104568,0.834331543932835,131,0.024124168054433435,0.2282681612318708,-0.44508775726255484,0.49333609337142176,0.9166446633407694,26,0.024124168054433435,0.199350140283026,-0.3702379622544312,0.4184862983632981,0.9038653254999255,131,0.018762902752992403,0.01369671390064898,-0.009391095882460638,0.04691690138844544,0.18243830576504966,26,0.018762902752992403,0.010205327013398532,-0.001425668450361444,0.03895147395634625,0.06824776989443262,131,0.22659179201208401,0.053021299491741454,,,,,,
Total,tipo_outros,Tipologia | Outros,Tipologia,3,Exclui mar2020-dez2021,C_prop,2970,27,12,-13207.055767170268,-12373.56767195052,1.7892547332616713,3,-0.11818783336746008,0.393769374369174,-0.9275923744192838,0.6912167076843636,0.7664534149088322,26,-0.11818783336746008,0.3716149471875315,-0.8547165773932874,0.6183409106583673,0.751064302101092,109,-0.18218524773640304,0.39747551637565304,-0.9992078727863354,0.6348373773135294,0.6505050121588818,26,-0.18218524773640304,0.3472681014067192,-0.8704593349470326,0.5060888394742264,0.600909807631185,109,0.063997414368943,0.05900744054909297,-0.0572941167786868,0.18528894551657282,0.28806911333145147,26,0.063997414368943,0.06087161758865377,-0.056648152739440225,0.18464298147732622,0.2954228384109241,109,0.3031926626279704,0.039709948768409165,,,,,,
Total,tipo_rompimento_colapso_de_barragens,Tipologia | Rompimento/Colapso de barragens,Tipologia,3,J alternativo,C_prop,3564,27,12,-16187.249734744022,-15186.310250992328,1.8149673777409325,4,16.641620624652113,5.053390713041819,6.254227249030153,27.029014000274074,0.002857045173245278,26,16.641620624652113,4.765766860605006,7.213796952016311,26.069444297287916,0.0006542959602225298,131,10.850745894821694,4.613901423836642,1.3667356911292075,20.33475609851418,0.026538627433655777,26,10.850745894821694,4.899196175017854,1.1589672101513102,20.542524579492078,0.02850198488945693,131,5.790874729830423,1.76097136754175,2.171146243241157,9.41060321641969,0.0028908355089619976,26,5.790874729830423,1.7757322487059395,2.278052760086108,9.303696699574738,0.0014146921020514712,131,0.00019336217135898544,2.2542626524771738e-17,,,,,,
Total,tipo_rompimento_colapso_de_barragens,Tipologia | Rompimento/Colapso de barragens,Tipologia,3,Exposição A,A,3564,27,12,-16178.486394192638,-15183.725549229535,1.937962984852248,3,0.06749821156932181,0.09707416028390489,-0.13204058262578153,0.26703700576442513,0.49301917751106294,26,0.06749821156932181,0.0889321925108777,-0.1084308790339518,0.24342730217259542,0.44922494750310527,131,0.041972416192912206,0.08615607176440615,-0.1351239256366527,0.2190687580224771,0.63022199037835,26,0.041972416192912206,0.08872728265558098,-0.13355131383754534,0.21749614622336974,0.6369649724301527,131,0.02552579537640961,0.01631956962116671,-0.008019560405880491,0.05907115115869971,0.1298802119010386,26,0.02552579537640961,0.015411388545514612,-0.004961607387381026,0.05601319814020024,0.10005561955726884,131,0.0035284638340608086,7.027590880197674e-06,,,,,,
Total,tipo_rompimento_colapso_de_barragens,Tipologia | Rompimento/Colapso de barragens,Tipologia,3,Exposição B,B,3564,27,12,-16178.486394192638,-15183.725549229535,1.937962984852248,3,0.06749821156932181,0.09707416028390489,-0.13204058262578153,0.26703700576442513,0.49301917751106294,26,0.06749821156932181,0.0889321925108777,-0.1084308790339518,0.24342730217259542,0.44922494750310527,131,0.041972416192912206,0.08615607176440615,-0.1351239256366527,0.2190687580224771,0.63022199037835,26,0.041972416192912206,0.08872728265558098,-0.13355131383754534,0.21749614622336974,0.6369649724301527,131,0.02552579537640961,0.01631956962116671,-0.008019560405880491,0.05907115115869971,0.1298802119010386,26,0.02552579537640961,0.015411388545514612,-0.004961607387381026,0.05601319814020024,0.10005561955726884,131,0.0035284638340608086,7.027590880197674e-06,,,,,,
Total,tipo_rompimento_colapso_de_barragens,Tipologia | Rompimento/Colapso de barragens,Tipologia,3,Exposição C,C,3564,27,12,-16178.486394192638,-15183.725549229535,1.937962984852248,3,0.06749821156932181,0.09707416028390489,-0.13204058262578153,0.26703700576442513,0.49301917751106294,26,0.06749821156932181,0.0889321925108777,-0.1084308790339518,0.24342730217259542,0.44922494750310527,131,0.041972416192912206,0.08615607176440615,-0.1351239256366527,0.2190687580224771,0.63022199037835,26,0.041972416192912206,0.08872728265558098,-0.13355131383754534,0.21749614622336974,0.6369649724301527,131,0.02552579537640961,0.01631956962116671,-0.008019560405880491,0.05907115115869971,0.1298802119010386,26,0.02552579537640961,0.015411388545514612,-0.004961607387381026,0.05601319814020024,0.10005561955726884,131,0.0035284638340608086,7.027590880197674e-06,,,,,,
Total,tipo_rompimento_colapso_de_barragens,Tipologia | Rompimento/Colapso de barragens,Tipologia,3,Irrestrito K3,C_prop,3564,27,3,-16178.148481194257,-15177.208997442563,1.101967177101686,4,4.983782426807861,2.3292716435505625,0.19589599289360926,9.771668860722112,0.041940447869962386,26,4.983782426807861,2.1360048407530363,0.7582553308475539,9.209309522768168,0.02115938252693313,131,-1.9354360921899139,2.949571752853908,-7.998367661570583,4.127495477190756,0.5174768749863928,26,-1.9354360921899139,1.8119109199669754,-5.519828103720957,1.6489559193411292,0.28740648117305867,131,6.919218518997775,2.864800988241412,1.030535751814356,12.807901286181195,0.023054014003822385,26,6.919218518997775,2.8618243851297307,1.2578472278248567,12.580589810170693,0.016991886576966916,131,0.0030108375426636776,0.035121031591408176,,,,,,
Total,tipo_rompimento_colapso_de_barragens,Tipologia | Rompimento/Colapso de barragens,Tipologia,3,Irrestrito K6,C_prop,3564,27,6,-16174.523246648925,-15155.047846531459,1.1773422711541517,7,-0.14838727833911358,4.454711402004437,-9.305177705817302,9.008403149139076,0.9736816364562654,26,-0.14838727833911358,3.1090345098819574,-6.298799165584837,6.002024608906609,0.9620058900932483,131,-7.083168899753044,5.115836114412158,-17.59892063619961,3.432582836693518,0.17795618241774716,26,-7.083168899753044,2.9990637451988365,-13.016032382113982,-1.1503054173921061,0.019659959782671734,131,6.934781621413929,2.9104985199216404,0.9521662325884854,12.917397010239373,0.02478535353126389,26,6.934781621413929,2.909470014853965,1.1791559092946304,12.690407333533228,0.018583192743489133,131,9.938031227793726e-06,7.036171506539466e-06,,,,,,
Total,tipo_rompimento_colapso_de_barragens,Tipologia | Rompimento/Colapso de barragens,Tipologia,3,Almon K12 q2,C_prop,3564,27,12,-16184.694608528673,-15189.93376356557,19.68062947400831,3,16.686545490229015,5.063015149033467,6.279368803095888,27.093722177362142,0.0028384416587513167,26,16.686545490229015,4.953446390675307,6.8874469381834995,26.48564404227453,0.0009922672641370577,131,12.638877858280573,4.6399321706848085,3.1013606881318196,22.176395028429326,0.011375472303642864,26,12.638877858280573,4.924942336635637,2.8961671244606357,22.38158859210051,0.011403596665695258,131,4.04766763194845,1.3305170188214623,1.3127507311455795,6.78258453275132,0.005311353581183261,26,4.04766763194845,1.552147351071584,0.977149923494296,7.118185340402603,0.010170651026710989,131,0.0013738904455316034,6.690655964769254e-10,,,,,,
Total,tipo_rompimento_colapso_de_barragens,Tipologia | Rompimento/Colapso de barragens,Tipologia,3,Somente defasado,C_prop,3564,27,12,-16178.51531182168,-15183.754466858578,1.9362672366693916,3,9.488597370302497,4.644528356162912,-0.05836739440196226,19.035562135006955,0.05131571796174504,26,9.488597370302497,4.766220620635224,0.05987605208735758,18.917318688517636,0.04858363749127098,131,9.488597370302497,4.644528356162912,-0.05836739440196226,19.035562135006955,0.05131571796174504,26,9.488597370302497,4.766220620635224,0.05987605208735758,18.917318688517636,0.04858363749127098,131,0.0,0.0,0.0,0.0,,26,0.0,0.0,0.0,0.0,,131,0.0008896352818291643,2.1517568380406456e-11,4999.0,0.2364,0.006008577868347884,0.193,0.005581236422155937,0.2364
Total,tipo_rompimento_colapso_de_barragens,Tipologia | Rompimento/Colapso de barragens,Tipologia,3,Região × tempo,C_prop,3564,27,12,-16019.350679033887,-11786.983108849257,1.9744944541918765,3,10.569235206907008,5.7339729137245,-1.2171149176345555,22.355585331448573,0.07671892631754408,26,10.569235206907008,4.446729294151726,1.7725439436913604,19.365926470122655,0.018907792302936058,131,8.349144752971828,4.847877611562086,-1.6158103925317402,18.314099898475398,0.09690596542896261,26,8.349144752971828,4.369231669210632,-0.2942377218865264,16.99252722783018,0.05820288816360824,131,2.2200904539351796,1.0942044814965786,-0.029079069675999047,4.469259977546358,0.05281844245393124,26,2.2200904539351796,1.0699651419973928,0.10344417440283138,4.336736733467528,0.03995110783511881,131,0.07714127993152031,0.0012402388810337705,,,,,,
Total,tipo_rompimento_colapso_de_barragens,Tipologia | Rompimento/Colapso de barragens,Tipologia,3,Ponderado CA2013,C_prop,3564,27,12,-32029.13948771559,-31034.378642752486,1.9994161996001933,3,11.750324278053561,8.149798475736723,-5.001826407830091,28.502474963937214,0.16129846461975783,26,11.750324278053561,6.43743126268945,-0.9844503394451962,24.48509889555232,0.07023178639260182,131,8.098386506126086,7.526850236823368,-7.37327573592043,23.570048748172603,0.2918402850932127,26,8.098386506126086,6.71016957104566,-5.175929544087424,21.372702556339597,0.22965218221472455,131,3.651937771927475,1.5350971855666318,0.49650031581744125,6.807375228037509,0.024990275180269615,26,3.651937771927475,1.4191983222563191,0.8444249560289285,6.459450587826021,0.011188414746791366,131,0.0007147872529406915,3.5199352450501846e-10,,,,,,
Total,tipo_rompimento_colapso_de_barragens,Tipologia | Rompimento/Colapso de barragens,Tipologia,3,Exclui mar2020-dez2021,C_prop,2970,27,12,-13218.41889998175,-12384.930804762003,2.1631623460995604,3,16.436542571365653,5.0100491101968885,6.138239136309414,26.73484600642189,0.002947268837427022,26,16.436542571365653,4.8176032984866755,6.888209455317819,25.984875687413485,0.0009064973536481166,109,12.226202132835983,4.765630776030572,2.430307779002659,22.022096486669305,0.016418814516544686,26,12.226202132835983,4.764022608894628,2.78406420163725,21.668340064034716,0.011634244262118827,109,4.210340438529665,1.1968637567164115,1.7501517525543795,6.670529124504951,0.0016211288674671134,26,4.210340438529665,1.3921196770066864,1.4512044968799604,6.969476380179371,0.0031070223137347015,109,0.0011716104996539326,1.2722813610557553e-07,,,,,,
Total,tipo_tornado,Tipologia | Tornado,Tipologia,3,J alternativo,C_prop,3564,27,12,-16169.986078574799,-15169.046594823105,1.759127414517347,4,5.800380202839253,3.650277103054082,-1.7028718416924393,13.303632247370945,0.12414261022646128,26,5.800380202839253,2.8106368767066745,0.2402700135560032,11.360490392122502,0.04101806775092123,131,4.535423663515713,3.435730814389268,-2.526822168713881,11.597669495745308,0.19831456736541328,26,4.535423663515713,2.7646371712631956,-0.9336881356660003,10.004535462697426,0.10329749183824599,131,1.2649565393235394,0.49786098356635816,0.24158863125119434,2.288324447395884,0.017371829327078106,26,1.2649565393235394,0.3150719643283276,0.6416690368582222,1.8882440417888566,9.960048694775894e-05,131,0.12979672122529504,0.0016729529282246015,,,,,,
Total,tipo_tornado,Tipologia | Tornado,Tipologia,3,Exposição A,A,3564,27,12,-16169.958500020966,-15175.197655057864,1.705082639414168,3,0.03278618829376726,0.03582239848977998,-0.0408478063647715,0.10642018295230601,0.368475162237725,26,0.03278618829376726,0.0454933833155634,-0.05721057586106062,0.12278295244859513,0.4723902692026754,131,0.022240502599290043,0.0346343950949463,-0.04895151610796042,0.0934325213065405,0.5263973027156063,26,0.022240502599290043,0.042214439995593094,-0.06126972951202056,0.10575073471060065,0.5991916308345638,131,0.010545685694477216,0.005703984077835271,-0.0011790214950634075,0.022270392884017838,0.07588542296553624,26,0.010545685694477216,0.005897769354022296,-0.0011215089371415504,0.02221288032609598,0.07607465667502977,131,0.3312446329365319,0.32793351687162625,,,,,,
Total,tipo_tornado,Tipologia | Tornado,Tipologia,3,Exposição B,B,3564,27,12,-16169.958500020966,-15175.197655057864,1.705082639414168,3,0.03278618829376726,0.03582239848977998,-0.0408478063647715,0.10642018295230601,0.368475162237725,26,0.03278618829376726,0.0454933833155634,-0.05721057586106062,0.12278295244859513,0.4723902692026754,131,0.022240502599290043,0.0346343950949463,-0.04895151610796042,0.0934325213065405,0.5263973027156063,26,0.022240502599290043,0.042214439995593094,-0.06126972951202056,0.10575073471060065,0.5991916308345638,131,0.010545685694477216,0.005703984077835271,-0.0011790214950634075,0.022270392884017838,0.07588542296553624,26,0.010545685694477216,0.005897769354022296,-0.0011215089371415504,0.02221288032609598,0.07607465667502977,131,0.3312446329365319,0.32793351687162625,,,,,,
Total,tipo_tornado,Tipologia | Tornado,Tipologia,3,Exposição C,C,3564,27,12,-16170.048189206143,-15175.287344243041,1.7056950424255557,3,0.03199850729321585,0.0360969371828499,-0.042199809730974674,0.10619682431740637,0.3834957076693116,26,0.03199850729321585,0.045995452243323146,-0.05899146896385643,0.12298848355028813,0.48785626162034584,131,0.021039937562287465,0.03489295171153568,-0.05068355188191838,0.0927634270064933,0.551742484421288,26,0.021039937562287465,0.04255072641215919,-0.06313554929849388,0.1052154244230688,0.6218044803740155,131,0.010958569730928387,0.005810971943149366,-0.0009860541653429165,0.02290319362719969,0.07053590275374859,26,0.010958569730928387,0.006018009229313466,-0.0009464880559436287,0.022863627517800404,0.07089461691590777,131,0.31392167676759614,0.3085161528795939,,,,,,
Total,tipo_tornado,Tipologia | Tornado,Tipologia,3,Irrestrito K3,C_prop,3564,27,3,-16170.535480014416,-15169.595996262722,1.021504143951014,4,3.9361303266812158,1.770093623110742,0.29765077522306216,7.57460987813937,0.03506806467662917,26,3.9361303266812158,1.4104915530745816,1.1458415771301658,6.726419076232266,0.006047372604754351,131,2.899965755042742,1.5860308219718204,-0.36016729011528925,6.160098800200773,0.07897881105103734,26,2.899965755042742,1.3437620189304218,0.2416839416405585,5.5582475684449255,0.032744074131765506,131,1.0361645716384738,0.6109429345458949,-0.21964661565147936,2.2919757589284266,0.10182784947890673,26,1.0361645716384738,0.24023786407820186,0.5609167703365852,1.5114123729403623,3.142942074549164e-05,131,0.010051325276578945,9.449287768405314e-09,,,,,,
Total,tipo_tornado,Tipologia | Tornado,Tipologia,3,Irrestrito K6,C_prop,3564,27,6,-16168.38800216261,-15148.912602045144,1.0405510307334511,7,4.058792501221378,2.7747228860350077,-1.6447320750996957,9.762317077542452,0.15551355810643486,26,4.058792501221378,2.056137339749236,-0.008737626221190453,8.126322628663946,0.05048697037029734,131,3.000026756885985,2.504205970583158,-2.147442336072946,8.147495849844915,0.2417260611178963,26,3.000026756885985,1.9593101441875567,-0.8759560806508717,6.876009594422841,0.12813999496017928,131,1.0587657443353926,0.6208324699607798,-0.2173736741343577,2.3349051628051427,0.10004173687094771,26,1.0587657443353926,0.2517223960988398,0.5607987991852528,1.5567326894855325,4.784227647969118e-05,131,3.671357718092796e-09,1.013074371365537e-12,,,,,,
Total,tipo_tornado,Tipologia | Tornado,Tipologia,3,Almon K12 q2,C_prop,3564,27,12,-16171.739831227955,-15176.978986264852,19.093658534835043,3,5.800729487148931,3.648678425190337,-1.6992364279709262,13.30069540226879,0.12396362956368216,26,5.800729487148931,2.7854175872845612,0.2905090681325122,11.310949906165352,0.03923883170918315,131,4.845472110074416,3.3440332957638628,-2.028286773170155,11.719230993318988,0.15929493904229666,26,4.845472110074416,2.58554925403952,-0.26936106934492177,9.960305289493753,0.06314971837346905,131,0.9552573770745146,0.4771058732130393,-0.025447790664302028,1.9359625448133313,0.0557977638402164,26,0.9552573770745146,0.4516345475650753,0.06181650943340655,1.8486982447156226,0.036314136991682525,131,0.24457177978728795,0.08263232204304617,,,,,,
Total,tipo_tornado,Tipologia | Tornado,Tipologia,3,Somente defasado,C_prop,3564,27,12,-16171.032077369782,-15176.27123240668,1.8598184137794334,3,4.696187654552508,3.509266802285628,-2.51721356559774,11.909588874702756,0.19240974757124352,26,4.696187654552508,2.6812129902497066,-0.6078912146445896,10.000266523749605,0.08219740931778953,131,4.696187654552508,3.509266802285628,-2.51721356559774,11.909588874702756,0.19240974757124352,26,4.696187654552508,2.6812129902497066,-0.6078912146445896,10.000266523749605,0.08219740931778953,131,0.0,0.0,0.0,0.0,,26,0.0,0.0,0.0,0.0,,131,0.3257856887098716,0.1598921598757684,4999.0,0.4534,0.007040290334922275,0.709,0.006423690528037602,0.4534
Total,tipo_tornado,Tipologia | Tornado,Tipologia,3,Região × tempo,C_prop,3564,27,12,-16017.786033368862,-11785.418463184233,1.911376941776412,3,2.8348236526645403,4.986944852024707,-7.415988299560774,13.085635604889855,0.574607581197288,26,2.8348236526645403,3.0310644098124015,-3.1613447777159385,8.830992083045018,0.3513768049316388,131,2.109313308970198,4.813218556074235,-7.784399127662536,12.003025745602933,0.6648366744819405,26,2.109313308970198,2.746057457560136,-3.3230433845162564,7.5416700024566525,0.4437958059354174,131,0.7255103436943415,0.2758158848270735,0.15856267278695968,1.2924580146017233,0.014141836271806596,26,0.7255103436943415,0.45545385999782867,-0.17548603499460103,1.626506722383284,0.11358388998712528,131,0.0457143139138828,0.23121658344248538,,,,,,
Total,tipo_tornado,Tipologia | Tornado,Tipologia,3,Ponderado CA2013,C_prop,3564,27,12,-32015.791997847722,-31021.031152884618,1.769339172211598,3,6.126919045797891,3.786032555040056,-1.6553823267472403,13.909220418343022,0.11766789317027825,26,6.126919045797891,4.773188220865682,-3.315585847719092,15.569423939314873,0.2015438395925448,131,4.922013197369937,3.644972896172793,-2.570335893768613,12.414362288508487,0.18853958370808768,26,4.922013197369937,4.4442880928336725,-3.869848787316318,13.713875182056192,0.2701106731406077,131,1.2049058484279542,0.7346477975949548,-0.3051843265626266,2.714996023418535,0.11302622191414897,26,1.2049058484279542,0.6934021946624346,-0.1668090962401998,2.576620793096108,0.08461861719915342,131,0.21504206716650368,0.3419648611935722,,,,,,
Total,tipo_tornado,Tipologia | Tornado,Tipologia,3,Exclui mar2020-dez2021,C_prop,2970,27,12,-13208.176191631348,-12374.6880964116,1.916847775994252,3,4.6070304143119944,4.120127589055446,-3.862013135956163,13.076073964580152,0.2737170830408344,26,4.6070304143119944,3.0067178014609377,-1.352186518995536,10.566247347619525,0.12835914352828054,109,3.6795665103373865,3.860352724284283,-4.255502157974174,11.614635178648946,0.3492828595000034,26,3.6795665103373865,2.7298924376947764,-1.7309915516511363,9.090124572325909,0.18049176688689658,109,0.927463903974609,0.3625554543598397,0.18222049439741572,1.6727073135518022,0.0166976443719375,26,0.927463903974609,0.4839394824210634,-0.031688417183838635,1.8866162251330567,0.05792188626248077,109,0.05463436222839919,0.19067843096001638,,,,,,
Total,tipo_tornado,Tipologia | Tornado,Tipologia,3,Mecanismo K6,C_prop,3564,27,6,-16173.49916474328,-15178.738319780177,1.6854328883659777,3,4.068032926858556,2.7644291894638195,-1.614332653127983,9.750398506845094,0.15314015488625746,26,4.068032926858556,2.112643403213944,-0.11127967303009445,8.247345526747207,0.056325589126138505,131,3.5682307027938576,2.5710242486789174,-1.716585327830333,8.853046733418047,0.17695841928021333,26,3.5682307027938576,2.0288617885755627,-0.4453418781381995,7.581803283725915,0.08095752469987709,131,0.499802224064698,0.5716874912806437,-0.6753182439665562,1.6749226920959521,0.3899821373091901,26,0.499802224064698,0.30789938467521705,-0.10929620490513614,1.108900653034532,0.10693682246004349,131,0.006017666014159465,0.0024112644219554274,,,,,,
Total,tipo_vendavais_e_ciclones,Tipologia | Vendavais e Ciclones,Tipologia,3,J alternativo,C_prop,3564,27,12,-16169.61774799091,-15168.678264239215,1.868365337169597,4,0.08990342132317694,0.18611701630681488,-0.29266558472785675,0.4724724273742107,0.6331045114436574,26,0.08990342132317694,0.1522278290349265,-0.21123953681708804,0.3910463794634419,0.5558162398943959,131,0.029584069278656686,0.19163562362673314,-0.3643285965787791,0.4234967351360925,0.8785048576048297,26,0.029584069278656686,0.12792168046209204,-0.2234755290145677,0.2826436675718811,0.8174681747166597,131,0.06031935204452027,0.03259309658332792,-0.006676717479040736,0.1273154215680813,0.07560983669209051,26,0.06031935204452027,0.03730839028652212,-0.013485543456926152,0.1341242475459667,0.108332000931052,131,0.005518165973239243,0.020175694781071063,,,,,,
Total,tipo_vendavais_e_ciclones,Tipologia | Vendavais e Ciclones,Tipologia,3,Exposição A,A,3564,27,12,-16176.741867692741,-15181.981022729638,1.8605497014108043,3,-0.011096908840051685,0.008912637840607033,-0.029417098297381893,0.00722328061727852,0.22420938381329553,26,-0.011096908840051685,0.010317668908466181,-0.03150771910979853,0.009313901429695159,0.2841166985300115,131,-0.012923395887989976,0.008113237674645179,-0.029600394770929593,0.00375360299494964,0.12327381926012235,26,-0.012923395887989976,0.00944398946042785,-0.03160585980269387,0.005759068026713917,0.17352124804700386,131,0.0018264870479382887,0.00222239223572665,-0.002741705616809193,0.00639467971268577,0.41863189984681337,26,0.0018264870479382887,0.0017848941426246772,-0.001704459333448414,0.005357433429324991,0.3080506996391316,131,0.003268151161648329,0.00030049717699994437,,,,,,
Total,tipo_vendavais_e_ciclones,Tipologia | Vendavais e Ciclones,Tipologia,3,Exposição B,B,3564,27,12,-16176.735583706228,-15181.974738743125,1.8642284792177175,3,-0.010944041078328243,0.008948699654700385,-0.029338356656138202,0.0074502744994817145,0.23230875128389172,26,-0.010944041078328243,0.01032686382001589,-0.03137304107646754,0.009484958919811054,0.29120193536304917,131,-0.012760385046290857,0.008173030870665217,-0.029560290603880206,0.004039520511298489,0.13054874583800105,26,-0.012760385046290857,0.009454515589972106,-0.03146367215612813,0.005942902063546413,0.17945266367336124,131,0.0018163439679626146,0.0022299761575072536,-0.0027674376712652623,0.006400125607190491,0.4227493421537624,26,0.0018163439679626146,0.001789250805616037,-0.0017232209320560347,0.005355908867981264,0.3119092968228223,131,0.003322547704348032,0.0003205135467927801,,,,,,
Total,tipo_vendavais_e_ciclones,Tipologia | Vendavais e Ciclones,Tipologia,3,Exposição C,C,3564,27,12,-16176.844956170757,-15182.084111207654,1.8798849412683687,3,-0.011050270577550364,0.008994447960518114,-0.029538623144736702,0.007438081989635971,0.23023954881433747,26,-0.011050270577550364,0.010814927739206991,-0.032444777430241316,0.010344236275140589,0.30877726125940685,131,-0.013085112004615812,0.008265854222232041,-0.030075818693944267,0.003905594684712641,0.12550383742421273,26,-0.013085112004615812,0.009939569220892657,-0.03274795090073375,0.006577726891502123,0.1903160905393711,131,0.0020348414270654467,0.0021996700813737744,-0.0024866451805003113,0.006556328034631204,0.36343820986746767,26,0.0020348414270654467,0.0018510069455741356,-0.0016268918490524183,0.005696574703183311,0.2736464725825174,131,0.0029320843201011944,0.00038487014117795913,,,,,,
Total,tipo_vendavais_e_ciclones,Tipologia | Vendavais e Ciclones,Tipologia,3,Irrestrito K3,C_prop,3564,27,3,-16168.433334035195,-15167.493850283501,1.1849632094356213,4,0.0902528414447796,0.09091805980407246,-0.09663190698678467,0.27713758987634385,0.33001356344301813,26,0.0902528414447796,0.0834790213866302,-0.07488857587948936,0.25539425876904853,0.28161935026133983,131,0.02085184466813398,0.10361226344378575,-0.19212621304498848,0.23382990238125642,0.8420701885507369,26,0.02085184466813398,0.05734238111124934,-0.09258506357737564,0.1342887529136436,0.7167148457499908,131,0.06940099677664562,0.0631427927005702,-0.060390872457500785,0.199192866010792,0.28179296294968414,26,0.06940099677664562,0.055384690675121875,-0.040163132800233925,0.17896512635352516,0.21241158610891117,131,0.34648869519963066,0.35091864780288307,,,,,,
Total,tipo_vendavais_e_ciclones,Tipologia | Vendavais e Ciclones,Tipologia,3,Irrestrito K6,C_prop,3564,27,6,-16163.395967305187,-15143.92056718772,1.1955616486593674,7,0.035588060797524586,0.15119934747930866,-0.27520664904978753,0.3463827706448367,0.8157642303066823,26,0.035588060797524586,0.1035106328371746,-0.16918066230109988,0.24035678389614903,0.7315398871603576,131,-0.033374648862050764,0.15921703023231468,-0.36064994163786596,0.2939006439137644,0.8356001975110727,26,-0.033374648862050764,0.0623458427964856,-0.15670959784285735,0.0899603001187558,0.5933398214708703,131,0.06896270965957535,0.06313950950520976,-0.06082241086985485,0.19874783018900555,0.2847508821418238,26,0.06896270965957535,0.05583978062435591,-0.04150169639369536,0.17942711571284606,0.2190371241454574,131,0.01252623136061721,4.5532346404983146e-08,,,,,,
Total,tipo_vendavais_e_ciclones,Tipologia | Vendavais e Ciclones,Tipologia,3,Almon K12 q2,C_prop,3564,27,12,-16171.373313756016,-15176.612468792913,19.244049357752502,3,0.08652802532312937,0.18716318401604992,-0.29819140925199455,0.4712474598982533,0.6477022817049974,26,0.08652802532312937,0.1501680259605834,-0.21054015099224488,0.3835962016385036,0.5654632227631491,131,0.0358060197242534,0.18820881440479253,-0.35106273889687056,0.42267477834537737,0.8505937858838543,26,0.0358060197242534,0.13007998004310883,-0.22152320997934316,0.29313524942784996,0.7835489741148525,131,0.05072200559887605,0.0334942084699627,-0.018126325935173757,0.11957033713292585,0.14199987507118386,26,0.05072200559887605,0.031806581525800626,-0.012198999776635772,0.11364301097438786,0.1131888073059083,131,0.002030839547387369,0.006673371582794291,,,,,,
Total,tipo_vendavais_e_ciclones,Tipologia | Vendavais e Ciclones,Tipologia,3,Somente defasado,C_prop,3564,27,12,-16170.36835426911,-15175.607509306008,1.9375633695846817,3,0.013048658502403268,0.22735683272200857,-0.4542900042342887,0.4803873212390953,0.9546710657861729,26,0.013048658502403268,0.1273696614796639,-0.238918914565395,0.26501623157020154,0.9185584165232229,131,0.013048658502403268,0.22735683272200857,-0.4542900042342887,0.4803873212390953,0.9546710657861729,26,0.013048658502403268,0.1273696614796639,-0.238918914565395,0.26501623157020154,0.9185584165232229,131,0.0,0.0,0.0,0.0,,26,0.0,0.0,0.0,0.0,,131,0.06231659077825438,0.04708038653781719,4999.0,0.9568,0.0028751959933194125,0.3172,0.0065815524004599404,0.9568
Total,tipo_vendavais_e_ciclones,Tipologia | Vendavais e Ciclones,Tipologia,3,Região × tempo,C_prop,3564,27,12,-16015.602900617381,-11783.235330432752,2.0221477571970565,3,-0.01727576251938705,0.13897421117923028,-0.3029413448104664,0.2683898197716923,0.9020266158733506,26,-0.01727576251938705,0.14597762963045016,-0.3060543353198422,0.2715028102810681,0.9059753605783517,131,-0.03966549190689292,0.15205100777175604,-0.35221081455705383,0.27287983074326794,0.7962482101451757,26,-0.03966549190689292,0.14310425889791467,-0.3227598519867497,0.2434288681729639,0.782079589600404,131,0.022389729387505865,0.024297422777102295,-0.027554338413979786,0.07233379718899152,0.36526889674303364,26,0.022389729387505865,0.01661417931764109,-0.010477080436336036,0.055256539211347766,0.18010418826880045,131,0.7879667602099785,0.5518828762629511,,,,,,
Total,tipo_vendavais_e_ciclones,Tipologia | Vendavais e Ciclones,Tipologia,3,Ponderado CA2013,C_prop,3564,27,12,-32017.990753097034,-31023.22990813393,2.0028805882379017,3,0.17294100963332776,0.1531324947714522,-0.14182734138221814,0.48770936064887366,0.26906028008330946,26,0.17294100963332776,0.11290484617960929,-0.05041170834505326,0.3962937276117088,0.1279976890806897,131,0.13598356304026613,0.12406624428376074,-0.1190382544268622,0.3910053805073944,0.28310318351296127,26,0.13598356304026613,0.09117915586873404,-0.044390557073757414,0.3163576831542897,0.13826361494402967,131,0.03695744659306161,0.031991401359698114,-0.02880182068523752,0.10271671387136075,0.25850279410952604,26,0.03695744659306161,0.027437057421149307,-0.017319597800532847,0.09123449098665606,0.18030892807412274,131,0.02934074164178041,0.06565605441722967,,,,,,
Total,tipo_vendavais_e_ciclones,Tipologia | Vendavais e Ciclones,Tipologia,3,Exclui mar2020-dez2021,C_prop,2970,27,12,-13207.615993061734,-12374.127897841987,2.1118747492487517,3,0.08224364846331125,0.15167813637088576,-0.22953522604553275,0.39402252297215523,0.5922811329794495,26,0.08224364846331125,0.15094402641606663,-0.21692250466325766,0.38140980158988014,0.58696157995443,109,0.060747421482414264,0.14179163552739016,-0.23070945949745694,0.35220430246228546,0.6718684724295716,26,0.060747421482414264,0.14018597680952735,-0.21709662707102143,0.33859147003584994,0.6656281169156296,109,0.021496226980896982,0.027114365490680678,-0.03423814949531957,0.07723060345711354,0.4350703486902266,26,0.021496226980896982,0.024585925346117397,-0.027232277760195878,0.07022473172198984,0.3838606048549883,109,0.009605836358366695,0.0782040686816424,,,,,,
Total,tipo_vendavais_e_ciclones,Tipologia | Vendavais e Ciclones,Tipologia,3,Mecanismo K6,C_prop,3564,27,6,-16170.744363455862,-15175.98351849276,1.7132752523892156,3,0.03790860892676479,0.1470409546449313,-0.26433840203204306,0.34015561988557264,0.7985833218375513,26,0.03790860892676479,0.10358895541547243,-0.16701505491474034,0.2428322727682699,0.714991020255333,131,-0.02549925824601038,0.14052687007344797,-0.3143563766023249,0.2633578601103041,0.857417898560944,26,-0.02549925824601038,0.0688443756705833,-0.16168985540681258,0.11069133891479183,0.711690228742897,131,0.06340786717277518,0.043452122380642166,-0.025909249552147656,0.152724983897698,0.15647115566119488,26,0.06340786717277518,0.044261619005155003,-0.02415217335195427,0.15096790769750462,0.15436274946852316,131,0.3413943621984899,0.054744482003125365,,,,,,
Total,analitica_Clima/hidrometeorologia,Clima/hidrometeorologia,Analítica,3,J alternativo,C_prop,3564,27,12,-16176.703290121935,-15175.763806370242,1.9284712565985769,4,0.06164756327115942,0.06911652006118993,-0.08042347841116723,0.20371860495348607,0.38060760943543365,26,0.06164756327115942,0.07308813558895356,-0.08293820331140403,0.20623332985372286,0.40050382205983964,131,0.0292864756082786,0.06414390194650195,-0.10256320315217807,0.16113615436873527,0.6517683009583436,26,0.0292864756082786,0.06813568483988598,-0.10550216203883897,0.16407511325539617,0.6680285526305221,131,0.03236108766288082,0.008288026677952023,0.015324804838092943,0.04939737048766871,0.0005993451138830286,26,0.03236108766288082,0.011884005862773718,0.008851689264702072,0.05587048606105957,0.0073493367939900175,131,0.0013772779871763542,0.057480450499831116,,,,,,
Total,analitica_Clima/hidrometeorologia,Clima/hidrometeorologia,Analítica,3,Exposição A,A,3564,27,12,-16171.955694718406,-15177.194849755304,2.027489844610581,3,-0.003458943656622671,0.003644739696281062,-0.01095081339851868,0.004032926085273338,0.3513471526747133,26,-0.003458943656622671,0.004072796916151645,-0.011515907478612496,0.004598020165367154,0.3972750460971998,131,-0.0043236613780453246,0.003631741397170802,-0.011788812733467907,0.003141489977377259,0.24459864283703597,26,-0.0043236613780453246,0.0035324498942147756,-0.011311689896681272,0.0026643671405906233,0.22315515211002215,131,0.0008647177214226537,0.000972423766782036,-0.0011341279580338135,0.002863563400879121,0.3820282615563483,26,0.0008647177214226537,0.0009775521840684027,-0.0010691136832102906,0.0027985491260555983,0.37800684579680427,131,0.3751512323600435,0.21271414613221334,,,,,,
Total,analitica_Clima/hidrometeorologia,Clima/hidrometeorologia,Analítica,3,Exposição B,B,3564,27,12,-16171.979457907779,-15177.218612944676,2.0236249680231806,3,-0.0034661830042168698,0.0036488111704171,-0.010966421781058179,0.004034055772624438,0.35088573491621194,26,-0.0034661830042168698,0.0040622092234949315,-0.011502201844551658,0.004569835836117919,0.39506411081311094,131,-0.004333321845274922,0.0036396735053070796,-0.011814777882482124,0.0031481341919322786,0.24457561722330445,26,-0.004333321845274922,0.0035239125618980074,-0.011304461484099623,0.0026378177935497777,0.22101695880908848,131,0.0008671388410580514,0.0009721885134641425,-0.0011312232682779474,0.00286550095039405,0.38060317639761204,26,0.0008671388410580514,0.000978395484095821,-0.001068360812189266,0.0028026384943053684,0.3770871935896893,131,0.3712439127310457,0.21071887804474995,,,,,,
Total,analitica_Clima/hidrometeorologia,Clima/hidrometeorologia,Analítica,3,Exposição C,C,3564,27,12,-16171.673956100127,-15176.913111137024,1.9447906626716496,3,-0.0030131927422804906,0.0038852346173121584,-0.01099940687420001,0.0049730213896390305,0.4450122221882218,26,-0.0030131927422804906,0.004689752803216671,-0.012290642477067418,0.0062642569925064374,0.5216677967724672,131,-0.003943616675500722,0.0038627373326302144,-0.011883586976466977,0.003996353625465533,0.31668987813258376,26,-0.003943616675500722,0.004059937686288476,-0.011975141873390405,0.004087908522388961,0.33316457847830466,131,0.0009304239332202314,0.001000737430293513,-0.0011266213150999051,0.0029874691815403682,0.3610590159687227,26,0.0009304239332202314,0.0010368428349560187,-0.0011206985220146486,0.0029815463884551117,0.37117171275610533,131,0.4322157157998574,0.24083878557708566,,,,,,
Total,analitica_Clima/hidrometeorologia,Clima/hidrometeorologia,Analítica,3,Irrestrito K3,C_prop,3564,27,3,-16174.926680712706,-15173.987196961012,1.1905048813052483,4,0.07539956451159162,0.034063261547142634,0.005381527625248142,0.14541760139793508,0.03584171857015352,26,0.07539956451159162,0.02623133923267907,0.02350771830588002,0.1272914107173032,0.004725085406491063,131,0.04885373338478759,0.03303491121759274,-0.01905049912592799,0.11675796589550316,0.1511943122040316,26,0.04885373338478759,0.018180156571383475,0.012889047006034354,0.08481841976354082,0.008140075685934191,131,0.02654583112680404,0.013651057979984888,-0.0015143204196756167,0.05460598267328369,0.06271580432411414,26,0.02654583112680404,0.01429328893101734,-0.0017297038888894646,0.05482136614249754,0.06552502543462968,131,0.056193243410642496,0.023336005285017107,,,,,,
Total,analitica_Clima/hidrometeorologia,Clima/hidrometeorologia,Analítica,3,Irrestrito K6,C_prop,3564,27,6,-16173.40545883005,-15153.930058712584,1.2699964782008044,7,0.038579342783615245,0.05156778979198907,-0.06741976721956575,0.14457845278679624,0.46109660695204374,26,0.038579342783615245,0.0381225223547989,-0.03683610015131962,0.11399478571855011,0.3134117083404135,131,0.009929903195234048,0.0463910614609196,-0.08542828932757707,0.10528809571804515,0.8321796044919099,26,0.009929903195234048,0.03272771675036869,-0.054813327381360945,0.07467313377182905,0.76205906843612,131,0.028649439588381197,0.013290582257160455,0.001330256502083231,0.05596862267467916,0.04054688076486859,26,0.028649439588381197,0.013898833991347505,0.0011542305363323596,0.056144648640430034,0.041253932901280106,131,0.0003860203793698368,0.011221557604951388,,,,,,
Total,analitica_Clima/hidrometeorologia,Clima/hidrometeorologia,Analítica,3,Almon K12 q2,C_prop,3564,27,12,-16177.728759179176,-15182.967914216073,18.423758928452774,3,0.06128490358801674,0.06910239877498175,-0.08075711137479749,0.203326918550831,0.383278776695575,26,0.06128490358801674,0.07253832893879884,-0.08221321429008546,0.20478302146611896,0.39972805809677137,131,0.032970436043785294,0.06388789233535114,-0.09835300742437536,0.16429387951194596,0.6101688859554234,26,0.032970436043785294,0.06840727004378919,-0.10235546192037834,0.16829633400794894,0.6306296049356972,131,0.028314467544231454,0.008778147265207672,0.010270727423854653,0.046358207664608256,0.003381287449467787,26,0.028314467544231454,0.009797888402570036,0.008931907103189026,0.04769702798527388,0.0045124074709637745,131,0.002433254186732898,0.036853253401486236,,,,,,
Total,analitica_Clima/hidrometeorologia,Clima/hidrometeorologia,Analítica,3,Somente defasado,C_prop,3564,27,12,-16176.028396139347,-15181.267551176245,1.8629816757530098,3,0.0430787786934383,0.06406200967370378,-0.08860256808948436,0.17476012547636094,0.5072271567651242,26,0.0430787786934383,0.06864011675973936,-0.0927077456179512,0.17886530300482778,0.5313561629215491,131,0.0430787786934383,0.06406200967370378,-0.08860256808948436,0.17476012547636094,0.5072271567651242,26,0.0430787786934383,0.06864011675973936,-0.0927077456179512,0.17886530300482778,0.5313561629215491,131,0.0,0.0,0.0,0.0,,26,0.0,0.0,0.0,0.0,,131,0.010316316176366837,0.01424941229693856,4999.0,0.5286,0.007059490633183105,0.0528,0.003162662169755094,0.5286
Total,analitica_Clima/hidrometeorologia,Clima/hidrometeorologia,Analítica,3,Região × tempo,C_prop,3564,27,12,-16017.762382540252,-11785.394812355622,1.7322251571686778,3,-0.04564365349515468,0.08499782433615966,-0.2203591836387265,0.12907187664841716,0.5958351006453871,26,-0.04564365349515468,0.04158227944477995,-0.12790332124186563,0.03661601425155626,0.27436178307304393,131,-0.04742635415719151,0.07909434943680332,-0.21000711785484713,0.1151544095404641,0.5539512326645045,26,-0.04742635415719151,0.03845668528972579,-0.12350285108838108,0.02865014277399807,0.21969425015777647,131,0.0017827006620368263,0.01186362198546352,-0.022603323578014253,0.026168724902087905,0.8817143262498048,26,0.0017827006620368263,0.009321149768562803,-0.016656757040072447,0.0202221583641461,0.8486232522576973,131,0.40093495171463056,0.532978336640336,,,,,,
Total,analitica_Clima/hidrometeorologia,Clima/hidrometeorologia,Analítica,3,Ponderado CA2013,C_prop,3564,27,12,-32025.32612723711,-31030.565282274005,1.9850750117911533,3,0.02912128544195361,0.06075638247899244,-0.09576524732906144,0.15400781821296866,0.6357234792635148,26,0.02912128544195361,0.04026201336812416,-0.050526581069878354,0.10876915195378557,0.4707885777603029,131,0.004038051772381042,0.05071471115758045,-0.10020752998429577,0.10828363352905787,0.9371468842795578,26,0.004038051772381042,0.03749500263939328,-0.07013600747741155,0.07821211102217365,0.9144018236552094,131,0.025083233669572567,0.012667254127317491,-0.0009546800958989757,0.05112114743504411,0.058360209706798005,26,0.025083233669572567,0.007044168168259744,0.01114818872230127,0.039018278616843864,0.000515927881340648,131,0.026267858366629086,0.002792550087177961,,,,,,
Total,analitica_Clima/hidrometeorologia,Clima/hidrometeorologia,Analítica,3,Exclui mar2020-dez2021,C_prop,2970,27,12,-13212.97304128416,-12379.484946064413,1.832647407755023,3,0.06817157997509625,0.07950304041061518,-0.09524926005053726,0.23159242000072977,0.3990197125053384,26,0.06817157997509625,0.09606765684604511,-0.12223139270892559,0.2585745526591181,0.47945475408497035,109,0.04133034612660053,0.07546363634186642,-0.11378737992114613,0.19644807217434718,0.5885791769689349,26,0.04133034612660053,0.0918504225776727,-0.1407142053409046,0.22337489759410564,0.6536224675648827,109,0.02684123384849572,0.008719405825836576,0.008918238486014463,0.044764229210976975,0.004862153094660306,26,0.02684123384849572,0.011698436931485458,0.0036553121695589302,0.05002715552743251,0.023681751085215197,109,0.00013172866825936086,0.10537481876891192,,,,,,
Total,analitica_Natural não diretamente climático,Natural não diretamente climático,Analítica,3,J alternativo,C_prop,3564,27,12,-16168.680364788233,-15167.74088103654,2.067930995682093,4,0.04560671854148454,0.04766732880992158,-0.052374879088778845,0.14358831617174794,0.34749533959011875,26,0.04560671854148454,0.08656538264313926,-0.12564025756639816,0.21685369464936724,0.5991907845522597,131,0.022477458932012404,0.04824517170180829,-0.07669191177343464,0.12164682963745944,0.6451661304723548,26,0.022477458932012404,0.08169402797762168,-0.13913281563828367,0.1840877335023085,0.783640626067776,131,0.023129259609472146,0.017135545314044542,-0.012093358230745352,0.05835187744968964,0.18872133808826638,26,0.023129259609472146,0.011849659833154634,-0.0003121941492445837,0.046570713368188875,0.053084375702398545,131,0.07230962555475627,0.07328220412041903,,,,,,
Total,analitica_Natural não diretamente climático,Natural não diretamente climático,Analítica,3,Exposição A,A,3564,27,12,-16181.395973224597,-15186.635128261494,2.1817890180651704,3,-0.023451949935646,0.008367079597659985,-0.04065072836410427,-0.006253171507187731,0.009444323376831236,26,-0.023451949935646,0.011866166874070891,-0.04692605855887193,2.215868757992137e-05,0.050213497878623184,131,-0.025657294760122153,0.006940592572487037,-0.03992388711449533,-0.011390702405748977,0.0010258238907836423,26,-0.025657294760122153,0.010469569284360054,-0.04636860020758584,-0.004945989312658466,0.015578623944950876,131,0.0022053448244761533,0.002836478805448704,-0.0036251208622102298,0.008035810511162537,0.44388486074136096,26,0.0022053448244761533,0.001983013715094814,-0.0017175293305468201,0.006128218979499127,0.26812426767781444,131,0.00011156245339340674,1.8469099124203324e-05,,,,,,
Total,analitica_Natural não diretamente climático,Natural não diretamente climático,Analítica,3,Exposição B,B,3564,27,12,-16180.881430542995,-15186.120585579893,2.1767868235157763,3,-0.023863097640996114,0.008164555095907659,-0.040645580994056,-0.007080614287936229,0.007093281502054159,26,-0.023863097640996114,0.012210304945823267,-0.048017993460579014,0.0002917981785867871,0.05279109987349159,131,-0.025855528908663054,0.006888017278654059,-0.04001405119881724,-0.011697006618508863,0.0008857548221679394,26,-0.025855528908663054,0.010784840467020893,-0.04719051595997516,-0.004520541857350954,0.01792318711401333,131,0.0019924312676669405,0.0028073569817876846,-0.0037781736531772507,0.007763036188511131,0.4841960508584283,26,0.0019924312676669405,0.002053644011638144,-0.002070166462015319,0.0060550289973492,0.3337381530989069,131,0.00013915193641774948,6.917834147351592e-05,,,,,,
Total,analitica_Natural não diretamente climático,Natural não diretamente climático,Analítica,3,Exposição C,C,3564,27,12,-16178.704413482454,-15183.943568519351,2.0838866687673714,3,-0.02200075557774929,0.008599589514965917,-0.03967746498600632,-0.0043240461694922586,0.016689262815244753,26,-0.02200075557774929,0.012365664581945485,-0.046462989816949976,0.0024614786614513932,0.077529109107276,131,-0.024575716803655886,0.007403617571423883,-0.03979407067417134,-0.009357362933140436,0.0026753199726401757,26,-0.024575716803655886,0.010843312780099292,-0.04602637603817762,-0.0031250575691341535,0.02506392658877771,131,0.0025749612259065987,0.0029756057896533927,-0.003541484072522124,0.00869140652433532,0.3947576882706473,26,0.0025749612259065987,0.0023007407444584974,-0.001976452783558796,0.0071263752353719935,0.2651079168200052,131,0.0006013915660095911,0.00019652591844022027,,,,,,
Total,analitica_Natural não diretamente climático,Natural não diretamente climático,Analítica,3,Irrestrito K3,C_prop,3564,27,3,-16170.34505831797,-15169.405574566275,1.6997564975207253,4,0.08147956612860832,0.06282374413772192,-0.04765648939224673,0.21061562164946337,0.20603866255505426,26,0.08147956612860832,0.04169191451999393,-0.00099698594914234,0.16395611820635897,0.05279294905232314,131,0.003893937026491774,0.050220341903217953,-0.099335454174283,0.10712332822726656,0.9387899464954609,26,0.003893937026491774,0.053737142385713664,-0.10241094902903736,0.11019882308202089,0.9423442283462258,131,0.07758562910211655,0.050297460575474386,-0.025802281799750373,0.18097354000398347,0.13502830382950587,26,0.07758562910211655,0.03866818544387027,0.0010907344149451992,0.1540805237892879,0.04686753267173494,131,0.6286195703295971,0.10940737184309243,,,,,,
Total,analitica_Natural não diretamente climático,Natural não diretamente climático,Analítica,3,Irrestrito K6,C_prop,3564,27,6,-16165.07893247949,-15145.603532362024,1.8469222013882052,7,0.07657968778732094,0.07139401007874521,-0.07017280167230586,0.22333217724694773,0.2932904873002739,26,0.07657968778732094,0.049672132271004935,-0.02168363859693008,0.17484301417157194,0.12555790384897741,131,-0.0006099112143304608,0.05630787908494263,-0.11635241430097337,0.11513259187231245,0.9914403932757765,26,-0.0006099112143304608,0.057222593277580024,-0.11380985055074452,0.1125900281220836,0.9915120646989093,131,0.07718959900165141,0.050013479864625704,-0.02561458118905932,0.17999377919236215,0.13482485141629427,26,0.07718959900165141,0.038649329142583434,0.00073200657639301,0.1536471914269098,0.04787778902848758,131,0.026430189578290943,0.1698244836579989,,,,,,
Total,analitica_Natural não diretamente climático,Natural não diretamente climático,Analítica,3,Almon K12 q2,C_prop,3564,27,12,-16170.616664263034,-15175.855819299932,20.790511844005067,3,0.04700523576926388,0.04764763280894472,-0.050935876151168014,0.14494634768969578,0.33297131785044565,26,0.04700523576926388,0.08596965125818737,-0.12306324155387788,0.21707371309240564,0.585470013882547,131,0.015574610962060724,0.04933638694368995,-0.08583778479696987,0.11698700672109132,0.7547639731567044,26,0.015574610962060724,0.079452662139125,-0.14160170732600683,0.17275092925012828,0.8448953070767364,131,0.031430624807203156,0.02030716116233099,-0.010311342777233425,0.07317259239163973,0.13376713359361594,26,0.031430624807203156,0.015084930760823925,0.001589033414519412,0.0612722161998869,0.0391421734626159,131,0.060810295534380984,0.0672581813152902,,,,,,
Total,analitica_Natural não diretamente climático,Natural não diretamente climático,Analítica,3,Somente defasado,C_prop,3564,27,12,-16169.31809817865,-15174.557253215547,2.1376465501123385,3,0.00318337457652348,0.05545113330961975,-0.11079806234751036,0.11716481150055733,0.9546586095873564,26,0.00318337457652348,0.08378877654719225,-0.16257081234409482,0.16893756149714179,0.9697512181497167,131,0.00318337457652348,0.05545113330961975,-0.11079806234751036,0.11716481150055733,0.9546586095873564,26,0.00318337457652348,0.08378877654719225,-0.16257081234409482,0.16893756149714179,0.9697512181497167,131,0.0,0.0,0.0,0.0,,26,0.0,0.0,0.0,0.0,,131,0.7075113386654593,0.5900632664800807,4999.0,0.958,0.002836758713743558,0.8562,0.004962288987957071,0.958
Total,analitica_Natural não diretamente climático,Natural não diretamente climático,Analítica,3,Região × tempo,C_prop,3564,27,12,-16020.475538727318,-11788.107968542688,2.12470801622628,3,0.2568358850730619,0.06030027909559218,0.1328868862336907,0.38078488391243304,0.00023711167466858576,26,0.2568358850730619,0.09473205013771926,0.06943329259032102,0.4442384775558027,0.0076034521215169945,131,0.2241033243222826,0.0718511535146168,0.07641116307253942,0.3717954855720258,0.004400428656724235,26,0.2241033243222826,0.09169695691778056,0.04270487021738134,0.4055017784271839,0.015857664447276237,131,0.03273256075077924,0.026034378776835176,-0.02078187124178471,0.08624699274334319,0.2198284237281069,26,0.03273256075077924,0.018193639776044896,-0.003258798623067549,0.06872392012462603,0.07430160970691627,131,0.00032291662867173535,0.03623719063288382,,,,,,
Total,analitica_Natural não diretamente climático,Natural não diretamente climático,Analítica,3,Ponderado CA2013,C_prop,3564,27,12,-32016.027948444316,-31021.267103481212,2.1610607594933886,3,0.04422189290793097,0.07487832957051344,-0.10969271784066259,0.19813650365652452,0.5598986894529188,26,0.04422189290793097,0.0646637139280761,-0.08369835807435747,0.1721421438902194,0.49526207359892066,131,0.030016438276963205,0.07855871222859985,-0.13146330737079767,0.1914961839247241,0.7055004955962544,26,0.030016438276963205,0.06068397541125225,-0.09003094059528473,0.15006381714921113,0.621686079806519,131,0.014205454630967763,0.007870465994934878,-0.001972519917458549,0.030383429179394076,0.08268460800442716,26,0.014205454630967763,0.0070445615624389005,0.00026963145617015134,0.028141277805765377,0.04579071393281639,131,0.014167285022820709,0.016113865185003858,,,,,,
Total,analitica_Natural não diretamente climático,Natural não diretamente climático,Analítica,3,Exclui mar2020-dez2021,C_prop,2970,27,12,-13208.60571576719,-12375.117620547442,2.2099012002384875,3,0.2026675557054596,0.11332174913964194,-0.030268635689577106,0.4356037471004963,0.08536745326613646,26,0.2026675557054596,0.12339605870560628,-0.041899421010666515,0.44723453242158573,0.10338596625175792,109,0.13315431979781203,0.09332526717925894,-0.05867851425836629,0.32498715385399035,0.16554354192449122,26,0.13315431979781203,0.1047382660478359,-0.07443351844036913,0.34074215803599317,0.20632622033889342,109,0.06951323590764755,0.039826629116200295,-0.012351572682613568,0.15137804449790865,0.09272548171843684,26,0.06951323590764755,0.03027376915937694,0.00951160964197549,0.1295148621733196,0.02357936546275872,109,0.016489452580226313,0.1490015615473174,,,,,,
Total,analitica_Tecnológico/antrópico,Tecnológico/antrópico,Analítica,3,J alternativo,C_prop,3564,27,12,-16167.553805288258,-15166.614321536565,1.7121102121025504,4,-0.06319360402971883,0.2579168420825619,-0.5933492656522299,0.4669620575927922,0.8083680245875133,26,-0.06319360402971883,0.1619231411755888,-0.3835162022965102,0.2571289942370725,0.6969714085420629,131,-0.05801555167763793,0.231499530569138,-0.5338696517945068,0.417838548439231,0.8040873006893753,26,-0.05801555167763793,0.15660047105632957,-0.3678086387829007,0.2517775354276248,0.7116317315406271,131,-0.005178052352080891,0.0430419650634324,-0.09365207863700427,0.08329597393284248,0.9051684301944807,26,-0.005178052352080891,0.026227487120326364,-0.05706227816067892,0.04670617345651713,0.8437982677640098,131,0.05219510542645693,0.03055447097889774,,,,,,
Total,analitica_Tecnológico/antrópico,Tecnológico/antrópico,Analítica,3,Exposição A,A,3564,27,12,-16173.382417001641,-15178.621572038539,2.908397644062975,3,-0.026161585115207844,0.012036359810302297,-0.05090267703938217,-0.0014204931910335207,0.039033876913076124,26,-0.026161585115207844,0.013199054889543104,-0.052272464179119196,-5.0706051296492416e-05,0.0495632051686243,131,-0.026489224332836146,0.013988704349512396,-0.05524341793173049,0.0022649692660581915,0.06945482497914289,26,-0.026489224332836146,0.013970035248561939,-0.05412528645594823,0.0011468377902759397,0.06014310998303845,131,0.000327639217628304,0.004007942127631668,-0.007910803814095542,0.00856608224935215,0.9354735786926662,26,0.000327639217628304,0.001893988029769455,-0.003419120895702648,0.004074399330959256,0.8629270209819387,131,0.15012300292629996,0.21076296908970035,,,,,,
Total,analitica_Tecnológico/antrópico,Tecnológico/antrópico,Analítica,3,Exposição B,B,3564,27,12,-16173.529083158406,-15178.768238195304,2.9098108259618316,3,-0.026281232089007626,0.012491830021315932,-0.05195855644034536,-0.0006039077376698912,0.045213408095313184,26,-0.026281232089007626,0.01322368587381344,-0.052440837115261735,-0.00012162706275351681,0.048959631411575555,131,-0.026929305657046303,0.014541070911220595,-0.056818904984453786,0.0029602936703611825,0.07542135668312278,26,-0.026929305657046303,0.013950131160588429,-0.05452599274624096,0.0006673814321483534,0.05571842909525756,131,0.000648073568038675,0.004144163570114213,-0.00787037664888244,0.009166523784959791,0.8769396904548687,26,0.000648073568038675,0.0017913953333073022,-0.002895733719307282,0.0041918808553846314,0.7181065852847914,131,0.17376055274007995,0.23148210817015477,,,,,,
Total,analitica_Tecnológico/antrópico,Tecnológico/antrópico,Analítica,3,Exposição C,C,3564,27,12,-16173.276634525952,-15178.515789562849,2.949601854970667,3,-0.02817199687985896,0.01322505486624317,-0.055356486485088986,-0.0009875072746289362,0.042782564119176095,26,-0.02817199687985896,0.013909859501702855,-0.05568901702140744,-0.0006549767383104872,0.04486555194011438,131,-0.02798442688207638,0.015454312447275272,-0.0597512210714357,0.0037823673072829335,0.08174539851522504,26,-0.02798442688207638,0.014505895111868613,-0.05668054763840845,0.0007116938742556915,0.05587141785324729,131,-0.0001875699977825809,0.004538363582670859,-0.009516309945227272,0.00914116994966211,0.9673486689641206,26,-0.0001875699977825809,0.002155001745275339,-0.004450677502394987,0.004075537506829825,0.9307731203395464,131,0.11559818757271456,0.15590232215733665,,,,,,
Total,analitica_Tecnológico/antrópico,Tecnológico/antrópico,Analítica,3,Irrestrito K3,C_prop,3564,27,3,-16167.431373383879,-15166.491889632185,1.0039731634996283,4,0.06026791882475614,0.06398247427803579,-0.07124994061095684,0.1917857782604691,0.3548917190838838,26,0.06026791882475614,0.06809066787090086,-0.07443166451939574,0.194967502168908,0.3777175717692588,131,0.05613208636247473,0.06182782493084572,-0.07095682791013645,0.1832210006350859,0.37228151300358275,26,0.05613208636247473,0.06453050723118364,-0.07152464999833745,0.1837888227232869,0.3859715412606857,131,0.004135832462281409,0.05228801553389097,-0.10334372275584736,0.11161538768041018,0.9375610014488159,26,0.004135832462281409,0.033972585115813296,-0.06307004469110483,0.07134170961566766,0.9032912497881478,131,0.11067265577280574,0.16586901218794436,,,,,,
Total,analitica_Tecnológico/antrópico,Tecnológico/antrópico,Analítica,3,Irrestrito K6,C_prop,3564,27,6,-16161.93434559186,-15142.458945474395,1.0167170647126815,7,-0.0011553967640559326,0.10613163095950064,-0.2193120885724909,0.21700129504437904,0.9913971454325103,26,-0.0011553967640559326,0.10138859281491239,-0.201726218508852,0.19941542498074014,0.9909250583094438,131,-0.00491326424214486,0.10115037224109215,-0.2128308321133947,0.203004303629105,0.9616301146152374,26,-0.00491326424214486,0.09538398255830083,-0.19360553456425392,0.1837790060799642,0.9589973005825334,131,0.0037578674780889276,0.05229997490017985,-0.10374627056951415,0.111262005525692,0.9432694154475351,26,0.0037578674780889276,0.033793820934555,-0.06309437148249818,0.07061010643867603,0.9116280721193863,131,0.29243677114930006,0.046936964896553086,,,,,,
Total,analitica_Tecnológico/antrópico,Tecnológico/antrópico,Analítica,3,Almon K12 q2,C_prop,3564,27,12,-16169.113764805876,-15174.352919842773,19.335439839191196,3,-0.06306895711127737,0.25777452613998836,-0.5929320841242404,0.46679416990168565,0.8086348267330657,26,-0.06306895711127737,0.15942638182554192,-0.3784523698086222,0.25231445558606747,0.6930441947117318,131,-0.08334145405703132,0.2436045800144043,-0.5840778396648727,0.4173949315508101,0.7350123773572789,26,-0.08334145405703132,0.15101221684692992,-0.3820796413182433,0.21539673320418068,0.5819670565660272,131,0.020272496945753966,0.030210492560235412,-0.04182605986771144,0.08237105375921937,0.5081121888447664,26,0.020272496945753966,0.013475664677439375,-0.0063855822609021305,0.04693057615241006,0.13489118157710472,131,0.8035943494639961,0.10782103538647288,,,,,,
Total,analitica_Tecnológico/antrópico,Tecnológico/antrópico,Analítica,3,Somente defasado,C_prop,3564,27,12,-16169.204099993462,-15174.443255030359,1.8741166452819413,3,-0.06680328395973109,0.22921983261623696,-0.5379713978231981,0.4043648299037359,0.773029163004268,26,-0.06680328395973109,0.15480941159359796,-0.37305322820976494,0.2394466602903028,0.6667999877455844,131,-0.06680328395973109,0.22921983261623696,-0.5379713978231981,0.4043648299037359,0.773029163004268,26,-0.06680328395973109,0.15480941159359796,-0.37305322820976494,0.2394466602903028,0.6667999877455844,131,0.0,0.0,0.0,0.0,,26,0.0,0.0,0.0,0.0,,131,0.3631882054032379,0.26932470819321636,4999.0,0.79,0.005760208329565867,0.7516,0.006110604552742715,0.79
Total,analitica_Tecnológico/antrópico,Tecnológico/antrópico,Analítica,3,Região × tempo,C_prop,3564,27,12,-16017.450427679687,-11785.082857495057,1.863733786896804,3,0.38858951033904887,0.2884777074836468,-0.2043849097857947,0.9815639304638925,0.18959317636356646,26,0.38858951033904887,0.21088441605566544,-0.02859016882536236,0.8057691895034601,0.06763855871321055,131,0.38999340943509897,0.2680884948172066,-0.16107038382312655,0.9410572026933245,0.15771452578944242,26,0.38999340943509897,0.1981222476075383,-0.0019396562610772272,0.7819264751312751,0.05112792825631177,131,-0.001403899096050142,0.04545454595704631,-0.09483705643090423,0.09202925823880395,0.9755965036557356,26,-0.001403899096050142,0.023196075649077517,-0.047291269903958634,0.044483471711858354,0.9518312313046717,131,0.4242885871412969,0.1501860567932856,,,,,,
Total,analitica_Tecnológico/antrópico,Tecnológico/antrópico,Analítica,3,Ponderado CA2013,C_prop,3564,27,12,-32013.795397869726,-31019.03455290662,1.898884696697775,3,0.06374393984926577,0.22242559768961717,-0.3934584241094786,0.5209463038080102,0.7767011083791001,26,0.06374393984926577,0.20307610485030964,-0.33798903716240625,0.46547691686093773,0.7541024505009555,131,0.0417008190913085,0.21596223462406183,-0.4022159118135498,0.48561754999616685,0.8483865251956676,26,0.0417008190913085,0.1982126971292162,-0.35041117733450583,0.43381281551712286,0.8336947054586329,131,0.02204312075795727,0.0130591163182523,-0.004800277276871871,0.04888651879278641,0.10338262835731181,26,0.02204312075795727,0.011710433605735754,-0.0011229103120077785,0.04520915182792232,0.06200684946319983,131,0.16275292494461507,0.046260988512425,,,,,,
Total,analitica_Tecnológico/antrópico,Tecnológico/antrópico,Analítica,3,Exclui mar2020-dez2021,C_prop,2970,27,12,-13209.420124971111,-12375.932029751364,3.79230325289858,3,-1.3935867951898042,0.6742934873188305,-2.7796169086588254,-0.007556681720782832,0.04885201359517766,26,-1.3935867951898042,0.7395787724955654,-2.859407878375229,0.0722342879956206,0.062188782936186036,109,-1.4289052848151007,0.7185178219646532,-2.9058398200530045,0.04802925042280304,0.057356961931205125,26,-1.4289052848151007,0.6608024019281082,-2.7385941625763914,-0.11921640705380976,0.03277508442791356,109,0.035318489625296504,0.21320130423704117,-0.4029230675909972,0.4735600468415902,0.8697075487936344,26,0.035318489625296504,0.1637067805591907,-0.2891430272924439,0.3597800065430369,0.8295917669496241,109,0.021425577786006907,0.0002255827929578958,,,,,,
Pré,total_desastres,Total de desastres,Total,3,J alternativo,C_prop,1971,27,12,-8234.48111779456,-7659.092598157829,1.9476252062269073,4,-0.07388795837237856,0.070891348787148,-0.21960721274946104,0.07183129600470393,0.3068813579657607,26,-0.07388795837237856,0.07209759568194656,-0.2176118886082573,0.0698359718635002,0.3088731526294004,72,-0.08557079461294284,0.07023247491187953,-0.2299357143430583,0.05879412511717261,0.2340151810793135,26,-0.08557079461294284,0.07297416427295277,-0.2310421323986726,0.059900543172786924,0.24481428593465232,72,0.011682836240564284,0.011982183974701598,-0.012946895658669725,0.036312568139798294,0.33853662468162926,26,0.011682836240564284,0.02180207453740464,-0.03177880502739835,0.05514447750852692,0.5937076217983633,72,0.07939562615207081,0.07625688127329915,,,,,,
Pré,total_desastres,Total de desastres,Total,3,Exposição A,A,1971,27,12,-8236.266245864723,-7666.464022535145,2.084466306995734,3,-0.008959733824810056,0.004476666971937868,-0.018161654572628593,0.00024218692300848055,0.05588472177451743,26,-0.008959733824810056,0.006485490545682072,-0.021888322939557288,0.003968855289937175,0.17139606324942416,72,-0.009765810705073319,0.004235549825882812,-0.018472108061014136,-0.0010595133491325022,0.02936131272613851,26,-0.009765810705073319,0.006060358122032301,-0.021846913822268076,0.002315292412121436,0.11146264204188355,72,0.0008060768802632638,0.0017198443196304795,-0.0027291137486199104,0.004341267509146438,0.6431959708459816,26,0.0008060768802632638,0.0013562752766707927,-0.0018976084701442116,0.0035097622306707395,0.5541535252360674,72,0.04847980696166876,0.3003932952727934,,,,,,
Pré,total_desastres,Total de desastres,Total,3,Exposição B,B,1971,27,12,-8236.24790054636,-7666.445677216781,2.088045738454529,3,-0.008932279766966436,0.004481766151611095,-0.018144682028716223,0.0002801224947833504,0.05685158533060249,26,-0.008932279766966436,0.006479729181492854,-0.021849383812108193,0.003984824278175319,0.17231855486021447,72,-0.009727949980746808,0.004240229229603232,-0.018443865988790244,-0.0010120339727033717,0.030105500216587575,26,-0.009727949980746808,0.006057380840980761,-0.021803117996637603,0.0023472180351439883,0.11265864190018583,72,0.0007956702137803716,0.0017205090676035155,-0.0027408868241306566,0.0043322272516914,0.6475969944927751,26,0.0007956702137803716,0.0013585576190597358,-0.00191256490302611,0.003503905330586853,0.5599267915238362,72,0.04909503674929562,0.30573280902556826,,,,,,
Pré,total_desastres,Total de desastres,Total,3,Exposição C,C,1971,27,12,-8236.345287690761,-7666.5430643611835,1.9829416813075649,3,-0.010049105182182915,0.004879492506050584,-0.02007904567400718,-1.9164690358649053e-05,0.04959497437185721,26,-0.010049105182182915,0.007102731371143621,-0.024208141394344046,0.004109931029978215,0.16143090657754858,72,-0.010898937810894814,0.004573622535942617,-0.020300153574765337,-0.0014977220470242907,0.024767742900544044,26,-0.010898937810894814,0.006672413060902265,-0.0242001501495223,0.002402274527732673,0.1067437534653949,72,0.000849832628711899,0.0017611803189040184,-0.002770325363553755,0.0044699906209775524,0.6334631854423662,26,0.000849832628711899,0.0014069680736160154,-0.0019549069654980662,0.003654572222921864,0.5477308416972485,72,0.03934363462291118,0.2927976053134305,,,,,,
Pré,total_desastres,Total de desastres,Total,3,Irrestrito K3,C_prop,1971,27,3,-8232.869863623411,-7657.481343986681,1.1089580174044509,4,0.04945398394953428,0.04554370726187644,-0.04416244707218596,0.1430704149712545,0.2875074564256042,26,0.04945398394953428,0.04021217194332332,-0.030707515755823478,0.12961548365489203,0.22276566423215097,72,0.043027346309007564,0.046531562020131215,-0.052619649249408804,0.13867434186742394,0.36362964421767274,26,0.043027346309007564,0.029893740898102306,-0.01656473704258933,0.10261942966060446,0.15438693511996102,72,0.006426637640526719,0.013821339676004154,-0.02198353294498257,0.03483680822603601,0.6458170609286372,26,0.006426637640526719,0.0258745237853252,-0.04515328283024509,0.05800655811129853,0.8045497600914291,72,0.8181034760849406,0.5213853715689724,,,,,,
Pré,total_desastres,Total de desastres,Total,3,Irrestrito K6,C_prop,1971,27,6,-8233.47540894887,-7641.328000390682,1.1760613168734317,7,-0.030768731939372178,0.04461912037931009,-0.12248464740539425,0.060947183526649885,0.49656351959909445,26,-0.030768731939372178,0.05217756229525623,-0.13478280137219567,0.07324533749345133,0.5572426681600343,72,-0.04307921146252084,0.04234863741539864,-0.13012808235628578,0.04396965943124411,0.3184069702947707,26,-0.04307921146252084,0.05330831698182965,-0.1493473991658606,0.06318897624081893,0.42168682039494226,72,0.012310479523148668,0.013316071823430406,-0.01506109811699542,0.039682057163292754,0.36373627460276736,26,0.012310479523148668,0.0281411004229246,-0.043787778895724515,0.06840873794202185,0.6630904428690726,72,0.38990773947186874,3.9605381363086595e-06,,,,,,
Pré,total_desastres,Total de desastres,Total,3,Almon K12 q2,C_prop,1971,27,12,-8236.02670669466,-7666.224483365082,16.248718742757557,3,-0.0740616589036364,0.07047282922923517,-0.21892063400878126,0.07079731620150846,0.3029633305389956,26,-0.0740616589036364,0.07243569236223436,-0.2184595725536782,0.07033625474640541,0.3099925135796509,72,-0.09106379400996116,0.07153768412481108,-0.23811160970084527,0.055984021680922966,0.21430135207645384,26,-0.09106379400996116,0.07005129217220822,-0.23070849275284422,0.04858090473292191,0.1977614317555072,72,0.017002135106324708,0.010434961808604737,-0.0044472360823764115,0.03845150629502583,0.11529809999836702,26,0.017002135106324708,0.017024030996088974,-0.01693465044210108,0.050938920654750496,0.3212780499075264,72,0.048875808220144736,0.4376733487453097,,,,,,
Pré,total_desastres,Total de desastres,Total,3,Somente defasado,C_prop,1971,27,12,-8237.318499111725,-7667.516275782147,1.7779346020227695,3,-0.06679459600298432,0.06445086335902592,-0.1992752429834114,0.06568605097744276,0.3095753047561553,26,-0.06679459600298432,0.07775759015877304,-0.2218015190159241,0.08821232700995546,0.393185580288309,72,-0.06679459600298432,0.06445086335902592,-0.1992752429834114,0.06568605097744276,0.3095753047561553,26,-0.06679459600298432,0.07775759015877304,-0.2218015190159241,0.08821232700995546,0.393185580288309,72,0.0,0.0,0.0,0.0,,26,0.0,0.0,0.0,0.0,,72,0.0700482981467273,0.060783566053193176,4999.0,0.322,0.006607813556691804,0.1238,0.004657758259076999,0.322
Pré,total_desastres,Total de desastres,Total,3,Região × tempo,C_prop,1971,27,12,-8039.72834232011,-5861.072782530549,1.6255301166418203,3,-0.06801042076250749,0.08607371877134963,-0.24493748359048437,0.10891664206546939,0.43659285394457,26,-0.06801042076250749,0.07668331337704519,-0.220875812150562,0.08485497062554703,0.37808575115626386,72,-0.07834670382405128,0.08443658840758304,-0.2519085969944098,0.09521518934630725,0.36200609674382145,26,-0.07834670382405128,0.07539914576227826,-0.22865215385858084,0.0719587462104783,0.30223856105372365,72,0.010336283061543789,0.015469309111415051,-0.021461337212436277,0.04213390333552386,0.5099074367595513,26,0.010336283061543789,0.01646530839140451,-0.022486709330573094,0.043159275453660675,0.5321463724018147,72,0.7143563944944845,0.5888679183470993,,,,,,
Pré,total_desastres,Total de desastres,Total,3,Ponderado CA2013,C_prop,1971,27,12,-17556.460286672398,-16986.65806334282,1.7798048647306313,3,-0.03808709871164361,0.06288421204301524,-0.16734744779192215,0.09117325036863491,0.5499848747883133,26,-0.03808709871164361,0.06326405696005281,-0.16420169134073032,0.08802749391744308,0.5490428774757318,72,-0.0434451619369916,0.05598200367711361,-0.15851781852951222,0.07162749465552903,0.44471856975773527,26,-0.0434451619369916,0.056925951434553534,-0.15692497211933717,0.07003464824535399,0.44784516427577614,72,0.005358063225347983,0.016364145856217406,-0.028278920320352684,0.03899504677104865,0.7459667621804186,26,0.005358063225347983,0.009854881153336959,-0.014287283307611972,0.025003409758307938,0.5883300131771467,72,0.22256723505661632,0.01860897709028737,,,,,,
Pré,grupo_climatologico,Grupo | Climatológico,Grupo,3,J alternativo,C_prop,1971,27,12,-8234.280500576586,-7658.891980939856,1.8184300119860912,4,-0.2354783753031525,0.10426887903793211,-0.44980612569991474,-0.02115062490639022,0.03254100241372651,26,-0.2354783753031525,0.20353053468346555,-0.6412090808978516,0.17025233029154654,0.2511094297204788,72,-0.2226293709816306,0.09403914585839551,-0.4159296036783936,-0.02932913828486758,0.025637109986611034,26,-0.2226293709816306,0.19754195298117497,-0.6164220571368355,0.17116331517357425,0.2634853799115465,72,-0.012849004321521881,0.020414882621968423,-0.05481239653741679,0.029114387894373026,0.5345830240593572,26,-0.012849004321521881,0.02651657162264654,-0.06570882376404784,0.04001081512100407,0.629455782815638,72,0.132769533426731,0.5294270099375127,,,,,,
Pré,grupo_climatologico,Grupo | Climatológico,Grupo,3,Exposição A,A,1971,27,12,-8234.45403671573,-7664.651813386152,1.9384634836931411,3,-0.008154414128599623,0.005213045954778212,-0.018869983553644384,0.0025611552964451383,0.12985432332256122,26,-0.008154414128599623,0.009362146612276988,-0.02681751230592067,0.010508684048721424,0.38664999211277523,72,-0.007855551787363515,0.00506422955178926,-0.018265224715111543,0.0025541211403845143,0.13294606349515933,26,-0.007855551787363515,0.009497866693564045,-0.026789203001994694,0.011078099427267665,0.4109211325332614,72,-0.00029886234123610664,0.0015914087240349105,-0.003570049822402958,0.0029723251399307446,0.852493478714906,26,-0.00029886234123610664,0.0013334720085285648,-0.0029570902074012293,0.002359365524929016,0.8232960201226159,72,0.4187416445044323,0.22941357934408393,,,,,,
Pré,grupo_climatologico,Grupo | Climatológico,Grupo,3,Exposição B,B,1971,27,12,-8234.453700795722,-7664.651477466145,1.938147815885615,3,-0.008157049898067217,0.005216173530141923,-0.018879048146343662,0.0025649483502092254,0.12995587086471672,26,-0.008157049898067217,0.009365649198188936,-0.026827130352792834,0.0105130305566584,0.3866740233626902,72,-0.007857845408524959,0.005067360512477391,-0.018273954118138674,0.002558263301088756,0.13306711640744087,26,-0.007857845408524959,0.0095011240944621,-0.02679799013316842,0.011082299316118503,0.4109448682681842,72,-0.00029920448954225696,0.0015911514183618552,-0.0035698630713234133,0.0029714540922388994,0.8523030716442418,26,-0.00029920448954225696,0.0013332520740606136,-0.002956993924358466,0.002358584945273952,0.8230684494853383,72,0.4191872938726987,0.22988871236114586,,,,,,
Pré,grupo_climatologico,Grupo | Climatológico,Grupo,3,Exposição C,C,1971,27,12,-8234.475475711797,-7664.673252382219,1.9045413723131108,3,-0.008776965761191005,0.0056588623690167076,-0.0204089239499332,0.0028549924275511895,0.13298711676153377,26,-0.008776965761191005,0.010149514854154452,-0.02900965384224139,0.011455722319859378,0.3900387577141249,72,-0.008385136880531894,0.005434004107755817,-0.019554892293730277,0.00278461853266649,0.13489496672276471,26,-0.008385136880531894,0.010158144449029816,-0.028635027744561364,0.011864753983497579,0.4118374794723448,72,-0.00039182888065911176,0.001668807196128786,-0.003822111199720903,0.003038453438402679,0.816206561968011,26,-0.00039182888065911176,0.0014545689200297256,-0.003291459027937076,0.002507801266618852,0.7884092958093496,72,0.4258048819522081,0.25171466425776934,,,,,,
Pré,grupo_climatologico,Grupo | Climatológico,Grupo,3,Irrestrito K3,C_prop,1971,27,3,-8233.947508025702,-7658.558988388972,1.1601124172523796,4,0.0023383995054855455,0.04564652168303501,-0.09148936958564317,0.09616616859661427,0.9595350525512005,26,0.0023383995054855455,0.05078940673759768,-0.09890843239828642,0.10358523140925752,0.9634049646278017,72,0.024022583376564113,0.027914779184524376,-0.03335706701044105,0.08140223376356928,0.3973422090553811,26,0.024022583376564113,0.03285369909370315,-0.04147006879680527,0.0895152355499335,0.4670308020596183,72,-0.021684183871078566,0.02694833998726272,-0.077077290037454,0.03370892229529688,0.42831434289738946,26,-0.021684183871078566,0.026605325370029104,-0.07472093067541637,0.031352562933259234,0.4177420092393022,72,0.31375258464949385,0.37455243142491546,,,,,,
Pré,grupo_climatologico,Grupo | Climatológico,Grupo,3,Irrestrito K6,C_prop,1971,27,6,-8230.046448892133,-7637.899040333945,1.3515270922497717,7,-0.07744474933150186,0.058646738900132785,-0.19799484762112696,0.04310534895812325,0.19816512604043018,26,-0.07744474933150186,0.09137161354783084,-0.25959073196621096,0.10470123330320721,0.3994807023507433,72,-0.05981197603195088,0.03878919901336829,-0.1395443165053065,0.019920364441404735,0.13516421609281262,26,-0.05981197603195088,0.08377899094888717,-0.22682234214025218,0.10719839007635043,0.4775811416303249,72,-0.017632773299550975,0.026751265135934704,-0.07262078630740551,0.03735523970830357,0.5156031132137754,26,-0.017632773299550975,0.027631280322270173,-0.07271472392221767,0.037449177323115715,0.525403583905592,72,0.060475349696599096,4.930729558440155e-07,,,,,,
Pré,grupo_climatologico,Grupo | Climatológico,Grupo,3,Almon K12 q2,C_prop,1971,27,12,-8235.809477429946,-7666.007254100368,14.149148914430228,3,-0.2331201274342023,0.10332881125364551,-0.4455155408260437,-0.020724714042360898,0.0327016278426018,26,-0.2331201274342023,0.20427580886617272,-0.6403365099593018,0.1740962550908972,0.25756703437181155,72,-0.22831351260212862,0.09644997313187167,-0.426569271731005,-0.030057753473252208,0.025650788451615524,26,-0.22831351260212862,0.19717678940028124,-0.62137825846295,0.1647512332586928,0.25072628277276143,72,-0.004806614832073615,0.019269752535526038,-0.04441615844421054,0.034802928780063316,0.8049818775717894,26,-0.004806614832073615,0.019755622301617027,-0.044188728127079906,0.03457549846293268,0.8084620429852369,72,0.08949267783127805,0.6879390545560639,,,,,,
Pré,grupo_climatologico,Grupo | Climatológico,Grupo,3,Somente defasado,C_prop,1971,27,12,-8236.40560727486,-7666.603383945283,1.5538699755505383,3,-0.1883432309424706,0.09046070164697156,-0.3742878662181105,-0.0023985956668306774,0.047321716245058265,26,-0.1883432309424706,0.19651748964064839,-0.580093686752955,0.2034072248680138,0.3410661584493732,72,-0.1883432309424706,0.09046070164697156,-0.3742878662181105,-0.0023985956668306774,0.047321716245058265,26,-0.1883432309424706,0.19651748964064839,-0.580093686752955,0.2034072248680138,0.3410661584493732,72,0.0,0.0,0.0,0.0,,26,0.0,0.0,0.0,0.0,,72,0.0810847014445926,0.1694353387700573,4999.0,0.1426,0.004945002325580848,0.2716,0.006290205720006302,0.1426
Pré,grupo_climatologico,Grupo | Climatológico,Grupo,3,Região × tempo,C_prop,1971,27,12,-8041.07583629797,-5862.42027650841,1.3618083747435692,3,-0.2398397574731447,0.15744536570465767,-0.5634733416569616,0.08379382671067223,0.13975023518707302,26,-0.2398397574731447,0.21156471666673313,-0.6615863121394189,0.1819067971931295,0.26070317498006534,72,-0.21908620837651302,0.14710171857215035,-0.5214581213765271,0.08328570462350113,0.14842604666931958,26,-0.21908620837651302,0.19747606088115616,-0.6127475410309995,0.17457512427797348,0.2709358120993682,72,-0.020753549096631685,0.02262033473882333,-0.06725031306423909,0.02574321487097573,0.3673275546095399,26,-0.020753549096631685,0.021042721873847436,-0.06270144849554538,0.021194350302282013,0.32730939174949564,72,0.4641761570922509,0.4237991202809819,,,,,,
Pré,grupo_climatologico,Grupo | Climatológico,Grupo,3,Ponderado CA2013,C_prop,1971,27,12,-17554.293338141804,-16984.491114812226,1.430375132142651,3,-0.07652385490838758,0.15102734035237542,-0.38696499904263204,0.23391728922585686,0.6166434839927473,26,-0.07652385490838758,0.14642599429774394,-0.3684187397531791,0.21537102993640395,0.6028493342405087,72,-0.07360850072880391,0.1428056794497389,-0.3671497788431399,0.21993277738553202,0.610597214645466,26,-0.07360850072880391,0.13891828772220174,-0.35053704604606434,0.20332004458845648,0.597832951230751,72,-0.002915354179583654,0.01978014877995923,-0.043574032297525774,0.03774332393835846,0.8839628752217892,26,-0.002915354179583654,0.012281069748207503,-0.0273972192822686,0.02156651092310129,0.8130315193784905,72,0.8994756795047175,0.8517136414887658,,,,,,
Pré,grupo_hidrologico,Grupo | Hidrológico,Grupo,3,J alternativo,C_prop,1971,27,12,-8234.871805788687,-7659.483286151957,2.349209982115577,4,0.10197495957664732,0.1955180167319254,-0.2999180796008952,0.5038679987541899,0.6063895037728895,26,0.10197495957664732,0.1674407941614518,-0.2318121631571367,0.43576208231043134,0.5444274111319595,72,0.05766577760954802,0.16901836319655356,-0.28975644361220104,0.40508799883129704,0.7357095538626844,26,0.05766577760954802,0.18833862711948707,-0.31778041374826504,0.43311196896736104,0.7603501758165894,72,0.044309181967099306,0.05352014867201786,-0.0657030591887767,0.1543214231229753,0.41526362957731694,26,0.044309181967099306,0.03960360006030755,-0.034639151861771716,0.12325751579597033,0.266937039903926,72,0.6621738854795554,0.15899666421697486,,,,,,
Pré,grupo_hidrologico,Grupo | Hidrológico,Grupo,3,Exposição A,A,1971,27,12,-8238.044129938864,-7668.241906609286,1.780401489494094,3,-0.004598780189178154,0.006809266608467188,-0.018595428158450375,0.009397867780094066,0.5054028599470107,26,-0.004598780189178154,0.0066610606314681875,-0.017877361873335707,0.008679801494979399,0.49216381890351674,72,-0.004873809707735941,0.005898831462682125,-0.016999031432871847,0.007251412017399967,0.41618981312871023,26,-0.004873809707735941,0.005989385873046018,-0.016813432232332483,0.007065812816860603,0.41847629269663705,72,0.0002750295185577862,0.0023585285158651934,-0.004572995277681804,0.005123054314797377,0.9080646858559266,26,0.0002750295185577862,0.0017599988138822188,-0.0032334639942845256,0.003783523031400098,0.8762599936552006,72,0.04421740010795638,0.37608086232691734,,,,,,
Pré,grupo_hidrologico,Grupo | Hidrológico,Grupo,3,Exposição B,B,1971,27,12,-8238.026193241973,-7668.223969912395,1.7822166926894925,3,-0.004687239629829045,0.006821910981341281,-0.018709878479777144,0.009335399220119053,0.4981118549617627,26,-0.004687239629829045,0.006665340429478697,-0.01797435293539322,0.008599873675735132,0.48418281439045924,72,-0.004960914512460001,0.005906690476663897,-0.017102290672194147,0.007180461647274146,0.4086323477508644,26,-0.004960914512460001,0.00598761050114274,-0.016896997897850086,0.006975168872930084,0.410108589474536,72,0.0002736748826309561,0.0023621941640913596,-0.004581884761449228,0.00512923452671114,0.9086567017187124,26,0.0002736748826309561,0.0017647711082682221,-0.0032443320251992385,0.0037916817904611504,0.877194772077437,72,0.04429805513405468,0.38557835446321403,,,,,,
Pré,grupo_hidrologico,Grupo | Hidrológico,Grupo,3,Exposição C,C,1971,27,12,-8237.904692170567,-7668.102468840989,1.762549203307269,3,-0.004965936804464667,0.007201459532906112,-0.01976874887554854,0.009836875266619203,0.4965713102630589,26,-0.004965936804464667,0.0068499954327739445,-0.018621153131499747,0.008689279522570412,0.4708293112633736,72,-0.00529509134905728,0.0062541680405560135,-0.01815071787063958,0.007560535172525022,0.40491597310265276,26,-0.00529509134905728,0.006177340007696997,-0.01760939359328401,0.00701921089516945,0.3941896852774812,72,0.0003291545445926117,0.002433384715708689,-0.004672739374090219,0.005331048463275442,0.8934432471517874,26,0.0003291545445926117,0.0018043773183877513,-0.003267805900124419,0.0039261149893096425,0.8557657717799234,72,0.05669015528083471,0.43681122914368375,,,,,,
Pré,grupo_hidrologico,Grupo | Hidrológico,Grupo,3,Irrestrito K3,C_prop,1971,27,3,-8234.08034320158,-7658.69182356485,1.5639068328286654,4,0.10802812059752945,0.20569184784329198,-0.3147775279332079,0.5308337691282667,0.6038986703464735,26,0.10802812059752945,0.14554866843904427,-0.18211784711185394,0.3981740883069128,0.460372767367638,72,0.05687285130070013,0.19445855984411176,-0.3428424430549685,0.4565881456563688,0.7722503166035823,26,0.05687285130070013,0.12209754268622693,-0.18652415162323593,0.3002698542246362,0.6427657713740443,72,0.05115526929682932,0.058611887217912856,-0.0693231903340065,0.17163372892766515,0.39077254190310573,26,0.05115526929682932,0.041630538591490074,-0.03183369264581718,0.13414423123947583,0.22315098150381316,72,0.500695891515399,0.4450391191451595,,,,,,
Pré,grupo_hidrologico,Grupo | Hidrológico,Grupo,3,Irrestrito K6,C_prop,1971,27,6,-8239.163881670078,-7647.016473111889,1.6108647095627449,7,-0.11466130526792223,0.11650417780557731,-0.3541390724721701,0.12481646193632562,0.3340965867081007,26,-0.11466130526792223,0.19619312994239793,-0.5057651618374509,0.27644255130160644,0.5607573501721081,72,-0.14650969695567376,0.1260941431747579,-0.405699920291838,0.11268052638049045,0.25582860364569865,26,-0.14650969695567376,0.1733211078171696,-0.4920190107226755,0.19899961681132802,0.4007393341036542,72,0.03184839168775154,0.05252416808986366,-0.07611658206118985,0.13981336543669293,0.5495358799121367,26,0.03184839168775154,0.04229383163037503,-0.05246282076193255,0.11615960413743563,0.4538889808023418,72,0.333534986635331,0.23352692028882624,,,,,,
Pré,grupo_hidrologico,Grupo | Hidrológico,Grupo,3,Almon K12 q2,C_prop,1971,27,12,-8236.75759969068,-7666.955376361102,16.584749301775698,3,0.10284067761628957,0.19565696812516742,-0.29933798024060243,0.5050193354731816,0.6036086288497483,26,0.10284067761628957,0.1670616601277628,-0.23019065523445387,0.435872010467033,0.5401094158707629,72,0.06031953358712206,0.16385778503264298,-0.2764949672982912,0.3971340344725353,0.7157629828298717,26,0.06031953358712206,0.17776769446572127,-0.29405388865977256,0.41469295583401666,0.7353589574313765,72,0.04252114402916748,0.058716661108758915,-0.07817268141870357,0.16321496947703854,0.47542459199062803,26,0.04252114402916748,0.04285667679333132,-0.042912079746541855,0.12795436780487682,0.32443695292721486,72,0.5048031475794312,0.20231158804109575,,,,,,
Pré,grupo_hidrologico,Grupo | Hidrológico,Grupo,3,Somente defasado,C_prop,1971,27,12,-8236.923066772608,-7667.12084344303,1.8349788385911665,3,0.08083427356414262,0.18999992161905843,-0.3097161586636705,0.4713847057919558,0.6740141167327112,26,0.08083427356414262,0.15571057780339412,-0.2295690902307923,0.3912376373590776,0.6052611258729613,72,0.08083427356414262,0.18999992161905843,-0.3097161586636705,0.4713847057919558,0.6740141167327112,26,0.08083427356414262,0.15571057780339412,-0.2295690902307923,0.3912376373590776,0.6052611258729613,72,0.0,0.0,0.0,0.0,,26,0.0,0.0,0.0,0.0,,72,0.5066956738398259,0.2532306512256502,4999.0,0.687,0.0065579112528304315,0.7694,0.0059569059082715085,0.687
Pré,grupo_hidrologico,Grupo | Hidrológico,Grupo,3,Região × tempo,C_prop,1971,27,12,-8043.248854855385,-5864.593295065824,1.7962513005953291,3,0.18388981647225558,0.17807976163439604,-0.18215837599375126,0.5499380089382624,0.31128915482849323,26,0.18388981647225558,0.21103261059884826,-0.23679600413409044,0.6045756370786016,0.3864424647582832,72,0.11440529942756433,0.14475458176568431,-0.18314200477023668,0.41195260362536534,0.4364791629821029,26,0.11440529942756433,0.21979461013960622,-0.3237472480343907,0.5525578468895194,0.6043051358124668,72,0.0694845170446912,0.06509615844548652,-0.06432255298256727,0.20329158707194966,0.29559654103066335,26,0.0694845170446912,0.059565361144623685,-0.04925686023217281,0.18822589432155523,0.24725133185553053,72,0.6299957707414299,0.38592325226942503,,,,,,
Pré,grupo_hidrologico,Grupo | Hidrológico,Grupo,3,Ponderado CA2013,C_prop,1971,27,12,-17554.20201191528,-16984.399788585702,1.7378641942518964,3,-0.066655979297978,0.10358586349481229,-0.27957977113880683,0.14626781254285082,0.5255448873738198,26,-0.066655979297978,0.16712417066850496,-0.3998119246342233,0.2664999660382673,0.6911907727323113,72,-0.07449600719157493,0.07802410024967914,-0.23487684217841318,0.08588482779526332,0.3484814873784181,26,-0.07449600719157493,0.1448236280178498,-0.36319663323694995,0.21420461885380013,0.6085538354471004,72,0.007840027893596929,0.03291461956936126,-0.05981694159295596,0.07549699738014982,0.8135987590271664,26,0.007840027893596929,0.029724638548160556,-0.051414956084354174,0.06709501187154804,0.7927219898061921,72,0.4303979678268868,0.7824359809801683,,,,,,
Pré,grupo_meteorologico,Grupo | Meteorológico,Grupo,3,J alternativo,C_prop,1971,27,12,-8232.284051688675,-7656.895532051945,2.0205205703796185,4,0.10378903772600889,0.09427435558851142,-0.08999467549526263,0.2975727509472804,0.2810174582617438,26,0.10378903772600889,0.12363736144546839,-0.1426775377937375,0.35025561324575527,0.4039880569243742,72,0.08586983901576523,0.09235530880334895,-0.10396921704447187,0.2757088950760023,0.3610393743591404,26,0.08586983901576523,0.10758384064670704,-0.12859462767500185,0.3003343057065323,0.42739855325430975,72,0.017919198710243677,0.0274479720315665,-0.03850091583168751,0.07433931325217485,0.5195892887407906,26,0.017919198710243677,0.027244189050711017,-0.036391099565597024,0.07222949698608438,0.5128118904797786,72,0.004887717372344257,0.04559866661130672,,,,,,
Pré,grupo_meteorologico,Grupo | Meteorológico,Grupo,3,Exposição A,A,1971,27,12,-8235.232890208097,-7665.430666878519,1.5606895119009052,3,-0.015503952878622461,0.013180758932058384,-0.04259739088712347,0.011589485129878552,0.2501502611483219,26,-0.015503952878622461,0.008982733244615283,-0.03341070433080541,0.0024027985735604884,0.08864156476347505,72,-0.016587961051304993,0.01209157511103183,-0.041442549651592386,0.008266627548982403,0.18182915349287335,26,-0.016587961051304993,0.008707880853396473,-0.03394680427538335,0.0007708821727733621,0.060782609256239614,72,0.0010840081726825302,0.002841006950200313,-0.004755765248843221,0.006923781594208282,0.7058899767080817,26,0.0010840081726825302,0.0015667619543805473,-0.002039274701007041,0.004207291046372101,0.4912391100338077,72,0.3416641124439893,0.0005414141266183747,,,,,,
Pré,grupo_meteorologico,Grupo | Meteorológico,Grupo,3,Exposição B,B,1971,27,12,-8235.199249726109,-7665.397026396531,1.5641245278481255,3,-0.014956523402339938,0.013064584619340567,-0.041811161691035374,0.011898114886355497,0.2627157158814164,26,-0.014956523402339938,0.00881516549573996,-0.03252923465219239,0.002616187847512507,0.09407653495220679,72,-0.016032606894904742,0.01197291943773536,-0.04064329526566926,0.008578081475859773,0.19213731839297848,26,-0.016032606894904742,0.008544370670711248,-0.033065498527021876,0.0010002847372123924,0.0646540655637439,72,0.0010760834925648034,0.002853858765610545,-0.004790107213876684,0.006942274199006291,0.7091872125911078,26,0.0010760834925648034,0.001569579184159038,-0.0020528154260471033,0.00420498241117671,0.49517500064132225,72,0.3489376086655539,0.0005500567449834982,,,,,,
Pré,grupo_meteorologico,Grupo | Meteorológico,Grupo,3,Exposição C,C,1971,27,12,-8235.093509858634,-7665.291286529056,1.5708524133138873,3,-0.01408677172108683,0.01338998776496655,-0.04161028575504347,0.013436742312869804,0.3024621744609263,26,-0.01408677172108683,0.009164330995003772,-0.03235553167245699,0.004181988230283332,0.12864463095010822,72,-0.01558033841558392,0.01236117491643003,-0.04098909735251971,0.009828420521351869,0.21871091756329525,26,-0.01558033841558392,0.008841278188597028,-0.03320510436727436,0.002044427536106525,0.08227526407572808,72,0.0014935666944970879,0.0028571425994381697,-0.004379374029048694,0.007366507418042869,0.6055757890453904,26,0.0014935666944970879,0.0015981281608273476,-0.001692243568968574,0.00467937695796275,0.35313249688033715,72,0.38844802684671087,0.0008328038237174117,,,,,,
Pré,grupo_meteorologico,Grupo | Meteorológico,Grupo,3,Irrestrito K3,C_prop,1971,27,3,-8231.772312717521,-7656.383793080791,1.3617657066843365,4,0.02495815757458442,0.04994943418019615,-0.07771437482636334,0.12763068997553217,0.6215109319013999,26,0.02495815757458442,0.0513068497612209,-0.0773201781446038,0.12723649329377265,0.628126402671112,72,0.023349912338370662,0.03336160791455164,-0.0452258548504513,0.09192567952719263,0.49020300609567974,26,0.023349912338370662,0.04094136105901628,-0.0582651993023274,0.10496502397906873,0.5702323370357384,72,0.0016082452362137574,0.046986542907559346,-0.09497397693033101,0.09819046740275851,0.9729569351378508,26,0.0016082452362137574,0.0392479324527899,-0.07663107817522903,0.07984756864765653,0.9674280001343631,72,0.5798651386359848,0.3036140030448368,,,,,,
Pré,grupo_meteorologico,Grupo | Meteorológico,Grupo,3,Irrestrito K6,C_prop,1971,27,6,-8226.642260999975,-7634.494852441787,1.377093177192324,7,-0.05400393771019019,0.07995218796258771,-0.2183480137511976,0.11034013833081724,0.5053515867408626,26,-0.05400393771019019,0.07406938751503873,-0.20165856312637961,0.09365068770599924,0.46830605854672225,72,-0.05381039603993175,0.07920941848827796,-0.2166276875603702,0.1090068954805067,0.5029238676317669,26,-0.05381039603993175,0.057373259876144195,-0.16818189930364863,0.06056110722378512,0.35143126237853456,72,-0.00019354167025844617,0.046626640433761204,-0.09603597370687073,0.09564889036635382,0.9967197703812095,26,-0.00019354167025844617,0.04000025249792729,-0.07993258768215203,0.07954550434163513,0.9961528229191506,72,0.003341424895799686,9.008184178402689e-15,,,,,,
Pré,grupo_meteorologico,Grupo | Meteorológico,Grupo,3,Almon K12 q2,C_prop,1971,27,12,-8234.243232519022,-7664.441009189444,18.894627736885624,3,0.10150679232495607,0.09515568763376289,-0.0940885248605492,0.29710210951046134,0.29589300512888705,26,0.10150679232495607,0.12169489400972508,-0.14108754513220895,0.3441011297821211,0.40697849559908383,72,0.08593463054267325,0.09072634948136321,-0.10055605167687043,0.27242531276221693,0.3522654270918281,26,0.08593463054267325,0.10737446063358433,-0.12811244472034652,0.29998170580569306,0.42615451197043974,72,0.015572161782282828,0.024987196223447677,-0.035789755644159905,0.06693407920872556,0.5385783025489969,26,0.015572161782282828,0.020027918977213986,-0.024352765014849148,0.05549708857941481,0.43939778948399255,72,0.0024250190029202244,0.052832968211353165,,,,,,
Pré,grupo_meteorologico,Grupo | Meteorológico,Grupo,3,Somente defasado,C_prop,1971,27,12,-8234.328037332061,-7664.5258140024835,1.971648893652485,3,0.1017979114646974,0.09353237575522151,-0.09046064036636738,0.2940564632957622,0.28641759997881966,26,0.1017979114646974,0.11520113692905995,-0.1278513578414091,0.33144718077080393,0.3798243124285583,72,0.1017979114646974,0.09353237575522151,-0.09046064036636738,0.2940564632957622,0.28641759997881966,26,0.1017979114646974,0.11520113692905995,-0.1278513578414091,0.33144718077080393,0.3798243124285583,72,0.0,0.0,0.0,0.0,,26,0.0,0.0,0.0,0.0,,72,0.015210108454936956,0.04579259276966846,4999.0,0.4172,0.006973437602789603,0.2348,0.005994480127584043,0.4172
Pré,grupo_meteorologico,Grupo | Meteorológico,Grupo,3,Região × tempo,C_prop,1971,27,12,-8038.59140256592,-5859.93584277636,2.1004470455358732,3,0.07524633713687442,0.16395299006273592,-0.26176386049060174,0.41225653476435065,0.6500834320015604,26,0.07524633713687442,0.14766888546033546,-0.21912620595786933,0.36961888023161815,0.6119172285187726,72,0.05904514472322725,0.16266706866128516,-0.275321803607786,0.3934120930542405,0.7195530528374701,26,0.05904514472322725,0.1418888440891113,-0.22380509648418279,0.3418953859306373,0.6785478552248569,72,0.016201192413647175,0.018975045276000784,-0.022802571750753828,0.05520495657804818,0.4010054108738216,26,0.016201192413647175,0.016605965187811902,-0.016902194177511216,0.04930457900480557,0.3325170040433504,72,0.7723110582432284,0.7540582565810169,,,,,,
Pré,grupo_meteorologico,Grupo | Meteorológico,Grupo,3,Ponderado CA2013,C_prop,1971,27,12,-17559.015878638154,-16989.213655308577,1.9938675939939312,3,0.08084668460666644,0.13468850516240866,-0.19600950280146717,0.35770287201480006,0.5535364934068139,26,0.08084668460666644,0.1367591868137951,-0.19177777171293875,0.35347114092627163,0.5562640133273093,72,0.06114772404801159,0.103723909438006,-0.15205982529293713,0.2743552733889603,0.5605982809605312,26,0.06114772404801159,0.1277537856718254,-0.19352479319190183,0.315820241287925,0.6336470180419751,72,0.01969896055865484,0.03638971891683966,-0.05510117793884855,0.09449909905615822,0.5928866875511307,26,0.01969896055865484,0.019678271572567383,-0.01952895687613626,0.05892687799344594,0.32015449728963835,72,0.1494208511176191,0.05079216113601994,,,,,,
Pré,grupo_outros,Grupo | Outros,Grupo,3,J alternativo,C_prop,1971,27,12,-8236.27807391592,-7660.889554279191,2.1428588367760084,4,-0.19115888953467697,0.3107036379381783,-0.8298193640100392,0.44750158494068526,0.543740963788529,26,-0.19115888953467697,0.24492797521856519,-0.6794138845891484,0.29709610551979454,0.4376728095741592,72,-0.240067122629469,0.28658457008427096,-0.8291501430984998,0.3490158978395617,0.409843209571393,26,-0.240067122629469,0.22413466778534458,-0.6868714168854158,0.20673717162647776,0.2877088335786982,72,0.04890823309479206,0.0417740303678541,-0.03695951609709343,0.13477598228667753,0.25230602526275264,26,0.04890823309479206,0.03707731492088492,-0.025004043349640626,0.12282050953922474,0.191319625786929,72,0.22832065457883638,0.039510790131122325,,,,,,
Pré,grupo_outros,Grupo | Outros,Grupo,3,Exposição A,A,1971,27,12,-8235.420878034203,-7665.618654704625,2.5247464059539797,3,-0.006462496355904093,0.010857012092167101,-0.028779404327055225,0.01585441161524704,0.5568308787654322,26,-0.006462496355904093,0.010713038886520393,-0.027818549064414364,0.01489355635260618,0.5482469856700048,72,-0.011755935458816933,0.00879659273878559,-0.029837590793142854,0.0063257198755089904,0.19299097707501317,26,-0.011755935458816933,0.012561415942188858,-0.03679666048525603,0.013284789567622165,0.3524651816344108,72,0.005293439102912839,0.0035556638968754807,-0.0020153327110343493,0.012602210916860028,0.14858767973618062,26,0.005293439102912839,0.002634241139439709,4.2175365637922915e-05,0.010544702840187756,0.048235739089190356,72,0.08498639567795666,0.1463852523967453,,,,,,
Pré,grupo_outros,Grupo | Outros,Grupo,3,Exposição B,B,1971,27,12,-8235.372894851129,-7665.570671521551,2.524379541783283,3,-0.006447170417453707,0.010907418963091659,-0.028867691195700138,0.015973350360792726,0.5595700641873225,26,-0.006447170417453707,0.010856091795092272,-0.02808839388730703,0.015194053052399617,0.5544564990558312,72,-0.011689486488350217,0.008830134753418647,-0.029840088421185778,0.006461115444485344,0.19708575226897865,26,-0.011689486488350217,0.012688160472964229,-0.03698287211916367,0.013603899142463238,0.3599753268247368,72,0.0052423160708965095,0.003571893132529522,-0.002099815414704234,0.012584447556497253,0.15419122408972974,26,0.0052423160708965095,0.002643420123063977,-2.724563581237016e-05,0.01051187777760539,0.051164757920525196,72,0.0894150559459542,0.15703434362403268,,,,,,
Pré,grupo_outros,Grupo | Outros,Grupo,3,Exposição C,C,1971,27,12,-8235.796794870932,-7665.994571541354,2.418302799500553,3,-0.007421166799788319,0.012072262323878305,-0.0322360573975394,0.017393723797962765,0.5440767242479999,26,-0.007421166799788319,0.011897399435255848,-0.03113819911199438,0.016295865512417743,0.5347539854679785,72,-0.013673122498556347,0.009843947916376281,-0.03390764723313497,0.006561402236022274,0.1766201463676024,26,-0.013673122498556347,0.013847054321889561,-0.041276720794830996,0.013930475797718304,0.3267342158924395,72,0.006251955698768025,0.0039015031852831254,-0.001767698953540381,0.014271610351076432,0.12113769784433945,26,0.006251955698768025,0.0027933845510524327,0.0006834453685688711,0.01182046602896718,0.028306056761633332,72,0.05799027927664618,0.08128707592107885,,,,,,
Pré,grupo_outros,Grupo | Outros,Grupo,3,Irrestrito K3,C_prop,1971,27,3,-8233.542225385694,-7658.153705748964,1.0242899558883003,4,0.16646248426960997,0.18937415517825346,-0.2228016666174138,0.5557266351566337,0.3874457056940199,26,0.16646248426960997,0.15619369513396023,-0.14490395632223146,0.4778289248614514,0.29010025153996516,72,0.058488147357856346,0.17901427766988098,-0.3094809703299736,0.4264572650456863,0.746492827329613,26,0.058488147357856346,0.16860197810723912,-0.27761375326604737,0.39459004798176006,0.7296777866349358,72,0.10797433691175361,0.07870378640111432,-0.05380361296839754,0.26975228679190477,0.18181478129497883,26,0.10797433691175361,0.07285564197952611,-0.037260731000192907,0.25320940482370013,0.14269565870000941,72,0.5983774212978594,0.3906125851048861,,,,,,
Pré,grupo_outros,Grupo | Outros,Grupo,3,Irrestrito K6,C_prop,1971,27,6,-8228.888641170402,-7636.741232612214,1.045205907181148,7,0.2665823592976773,0.21445257397260595,-0.17423121969575267,0.7073959382911073,0.22493078795120186,26,0.2665823592976773,0.15808509888566455,-0.04855452576303426,0.581719244358389,0.0960627462823975,72,0.15750596569008324,0.18148771899678787,-0.21554738345995972,0.5305593148401262,0.3934108659570831,26,0.15750596569008324,0.16151259335789855,-0.16446350472596177,0.47947543610612825,0.3327296127375851,72,0.1090763936075941,0.0790876713259323,-0.0534906430365716,0.2716434302517598,0.17958754089364537,26,0.1090763936075941,0.07252113286398074,-0.03549184256979644,0.25364462978498464,0.13693911119619886,72,0.03574664851933635,0.014770200080754402,,,,,,
Pré,grupo_outros,Grupo | Outros,Grupo,3,Almon K12 q2,C_prop,1971,27,12,-8238.052881930527,-7668.2506586009495,17.725678905677835,3,-0.18003642100966305,0.3057426044043514,-0.8084993450101496,0.4484265029908236,0.5610437694336257,26,-0.18003642100966305,0.23985937324237808,-0.6581873426906952,0.2981145006713691,0.45534454882492625,72,-0.24351716228272186,0.27091967089256436,-0.8004005213098266,0.313366196744383,0.3769799606629857,26,-0.24351716228272186,0.21188173016944645,-0.665895671816795,0.17886134725135122,0.25423296614174484,72,0.06348074127305883,0.057463226370544206,-0.05463661217099426,0.1815980947171119,0.27940003972970523,26,0.06348074127305883,0.044984225072135425,-0.026193672482760652,0.15315515502887833,0.1624987820434094,72,0.13772613555107494,0.024005142132635816,,,,,,
Pré,grupo_outros,Grupo | Outros,Grupo,3,Somente defasado,C_prop,1971,27,12,-8237.089044940018,-7667.28682161044,2.1277423189417286,3,-0.30572491435207766,0.3384434937388917,-1.0014054790495146,0.38995565034535934,0.3746463643864963,26,-0.30572491435207766,0.2540436643224828,-0.8121517035202257,0.20070187481607032,0.23275019215508888,72,-0.30572491435207766,0.3384434937388917,-1.0014054790495146,0.38995565034535934,0.3746463643864963,26,-0.30572491435207766,0.2540436643224828,-0.8121517035202257,0.20070187481607032,0.23275019215508888,72,0.0,0.0,0.0,0.0,,26,0.0,0.0,0.0,0.0,,72,0.03388927482443554,0.08198181560739695,4999.0,0.4836,0.007067263119482675,0.5428,0.007045114051596326,0.4836
Pré,grupo_outros,Grupo | Outros,Grupo,3,Região × tempo,C_prop,1971,27,12,-8042.372413297237,-5863.716853507676,2.0806390664610324,3,0.021386957896929723,0.32965166958936404,-0.6562217534417818,0.6989956692356412,0.9487678429343412,26,0.021386957896929723,0.21922992935881036,-0.4156399190017146,0.45841383479557407,0.9225567871327431,72,-0.056556242245788965,0.26950993834627207,-0.6105418545233771,0.49742937003179916,0.8354216775691033,26,-0.056556242245788965,0.1755751292664821,-0.4065588656504696,0.29344638115889166,0.7482952894192246,72,0.07794320014271867,0.07620388483386474,-0.07869612847224149,0.23458252875767882,0.3158139446602188,26,0.07794320014271867,0.06368850879107125,-0.04901752174730621,0.20490392203274355,0.2250103971181649,72,0.19634559274758528,0.047626429661838124,,,,,,
Pré,grupo_outros,Grupo | Outros,Grupo,3,Ponderado CA2013,C_prop,1971,27,12,-17553.771084477343,-16983.968861147765,3.0073260098632373,3,-0.14410441270248472,0.1965665301887932,-0.5481527021574323,0.2599438767524628,0.47005154292006723,26,-0.14410441270248472,0.18294314176095394,-0.5087949005736044,0.22058607516863496,0.4334574455293212,72,-0.1433456312627175,0.18037777122586818,-0.5141174500942789,0.22742618756884397,0.4339845364893206,26,-0.1433456312627175,0.18119243042878025,-0.5045461398774068,0.21785487735197184,0.4314701928550426,72,-0.0007587814397672396,0.03068308030689535,-0.06382875627883404,0.062311193399299566,0.9804594421844967,26,-0.0007587814397672396,0.02486247819389649,-0.05032122589622515,0.048803663016690674,0.9757374704710176,72,0.43358264919456935,0.8250059016722611,,,,,,
Pré,tipo_alagamentos,Tipologia | Alagamentos,Tipologia,4,J alternativo,C_prop,1971,27,12,-8247.392494483864,-7677.590271154286,1.6962942561767858,3,-1.611515609302244,1.9890734694652246,-5.70011468141153,2.477083462807042,0.42518809681468583,26,-1.611515609302244,2.097180559164818,-5.79216864670888,2.5691374281043924,0.4447507985273738,72,-2.123090379145736,2.5717690567959726,-7.409437384780674,3.163256626489202,0.41657763454805496,26,-2.123090379145736,2.28438056552937,-6.676919808918978,2.430739050627506,0.35579029860421096,72,0.5115747698434918,0.6797110833870332,-0.885591371830396,1.9087409115173797,0.45842957173949667,26,0.5115747698434918,0.5342198863869299,-0.5533731102550974,1.576522649942081,0.3414635544009631,72,0.5647252383819042,0.7461346311059679,,,,,,
Pré,tipo_alagamentos,Tipologia | Alagamentos,Tipologia,4,Exposição A,A,1971,27,12,-8236.464672607826,-7661.076152971096,2.3280914572564293,4,0.0036969796733640524,0.01566553134464683,-0.028503981177540185,0.03589794052426829,0.8152860856191304,26,0.0036969796733640524,0.01432948075604746,-0.024868318142998974,0.03226227748972708,0.7971443496698364,72,-0.0031171760965441947,0.01772094475484051,-0.03954309972068288,0.03330874752759449,0.8617326472202341,26,-0.0031171760965441947,0.016089420841151305,-0.03519085035206953,0.028956498158981138,0.846924448013285,72,0.006814155769908248,0.006009628048371839,-0.0055388115988139865,0.019167123138630483,0.26719472237574604,26,0.006814155769908248,0.005510977178724198,-0.004171776452583472,0.017800087992399967,0.22030237425339547,72,0.3653603957203398,0.0797836284237775,,,,,,
Pré,tipo_alagamentos,Tipologia | Alagamentos,Tipologia,4,Exposição B,B,1971,27,12,-8236.43996117163,-7661.051441534901,2.325367950607141,4,0.0034704141554056244,0.01579209475561611,-0.028990701512601025,0.03593152982341227,0.8277771132239494,26,0.0034704141554056244,0.014343839320687161,-0.025123506936436207,0.03206433524724746,0.80951090078418,72,-0.0033556655537173075,0.017844512391507198,-0.0400355860926879,0.03332425498525328,0.852297229720953,26,-0.0033556655537173075,0.016101997073819815,-0.03545441007087318,0.028743078963438563,0.8355046230028241,72,0.006826079709122933,0.006016571317569468,-0.005541159753835449,0.019193319172081315,0.26691748368721147,26,0.006826079709122933,0.005514896791625627,-0.004167666118883204,0.017819825537129068,0.21982883532235553,72,0.37427446293219707,0.08472647988540218,,,,,,
Pré,tipo_alagamentos,Tipologia | Alagamentos,Tipologia,4,Exposição C,C,1971,27,12,-8236.351654500058,-7660.963134863328,2.315872447190232,4,0.003937266747957157,0.015951444882979785,-0.02885139779789702,0.03672593129381133,0.8069796947954149,26,0.003937266747957157,0.015258027641976854,-0.026479055455443455,0.03435358895135777,0.7971078882635314,72,-0.0030696261135839276,0.01813716670274793,-0.040351106204655596,0.034211853977487744,0.8669137670221403,26,-0.0030696261135839276,0.016793821368466938,-0.036547497156650385,0.030408244929482534,0.8554819455573234,72,0.007006892861541086,0.006309133184494843,-0.005961716131506723,0.019975501854588892,0.27690835248278883,26,0.007006892861541086,0.005642778201023949,-0.0042417798969539774,0.01825556562003615,0.21836048808222833,72,0.40270076822023226,0.12322840889678544,,,,,,
Pré,tipo_alagamentos,Tipologia | Alagamentos,Tipologia,4,Irrestrito K3,C_prop,1971,27,3,-8244.220749004111,-7668.832229367381,1.2056054525613369,4,2.016451839467953,2.44004233668284,-2.99912701511857,7.032030694054476,0.4160966617644077,26,2.016451839467953,1.9446056479995315,-1.8600486713440136,5.89295235027992,0.30323090288777094,72,1.7615309428640165,2.063559882759272,-2.4801771445501037,6.003239030278137,0.4011026972694588,26,1.7615309428640165,1.7629757685668264,-1.752897020681664,5.275958906409697,0.32105354781870393,72,0.25492089660393635,0.48343642380068336,-0.7387969042306006,1.2486386974384733,0.6024492976998214,26,0.25492089660393635,0.4160209106317081,-0.5744016317098684,1.084243424917741,0.5419658170848796,72,0.7251990970429297,0.8448901487672831,,,,,,
Pré,tipo_alagamentos,Tipologia | Alagamentos,Tipologia,4,Irrestrito K6,C_prop,1971,27,6,-8301.637481533346,-7709.490072975157,1.2303999944824575,7,-2.440987053927873,1.4599097822309113,-5.441874589066218,0.5599004812104718,0.10651566799561979,26,-2.440987053927873,2.001836198240389,-6.431574581545001,1.5496004736892548,0.22668187553997696,72,-2.477897308487178,1.6598349907776775,-5.8897369953202166,0.9339423783458605,0.14751094129273498,26,-2.477897308487178,1.8950761299730445,-6.25566252963902,1.2998679126646642,0.19518760604372334,72,0.03691025455930461,0.3157762726782056,-0.6121771699556663,0.6859976790742756,0.9078475496981767,26,0.03691025455930461,0.3808316989394483,-0.7222638623064281,0.7960843714250374,0.9230591128744821,72,0.021514798695361527,0.31100936321990985,,,,,,
Pré,tipo_alagamentos,Tipologia | Alagamentos,Tipologia,4,Almon K12 q2,C_prop,1971,27,12,-8245.428720781576,-7675.626497451998,17.766567528632947,3,-1.5849187745193924,1.977479142962668,-5.649685367181436,2.479847818142651,0.4301156486987591,26,-1.5849187745193924,2.0874304026455195,-5.7461352301355575,2.576297681096772,0.45017105355200915,72,-2.090665317030501,2.570475625567027,-7.374353636697482,3.1930230026364796,0.42341036166691587,26,-2.090665317030501,2.2872212536934526,-6.650157555163089,2.468826921102087,0.3637344467230558,72,0.5057465425111087,0.6956031905030743,-0.9240862931818674,1.9355793782040849,0.47368426850885703,26,0.5057465425111087,0.5492406093566469,-0.5891446015725323,1.6006376865947498,0.36022438290556175,72,0.6108015321462765,0.7658822576429564,,,,,,
Pré,tipo_alagamentos,Tipologia | Alagamentos,Tipologia,4,Somente defasado,C_prop,1971,27,12,-8274.655422706335,-7699.266903069605,2.0887045007334373,4,-1.7866743273441423,2.127854505871932,-6.160541905312784,2.587193250624499,0.4087537916415969,26,-1.7866743273441423,2.0389760152780956,-5.851298727098427,2.2779500724101416,0.3838025598709071,72,-1.7866743273441423,2.127854505871932,-6.160541905312784,2.587193250624499,0.4087537916415969,26,-1.7866743273441423,2.0389760152780956,-5.851298727098427,2.2779500724101416,0.3838025598709071,72,0.0,0.0,0.0,0.0,,26,0.0,0.0,0.0,0.0,,72,0.14662766957735562,0.020464220573101502,9999.0,0.6092,0.0048792966706278475,0.6228,0.004846856300737623,0.6092
Pré,tipo_alagamentos,Tipologia | Alagamentos,Tipologia,4,Região × tempo,C_prop,1971,27,12,-8078.223798629031,-5893.981942532318,2.1422568417745103,4,-1.2478501600104819,2.029014644629586,-5.418549493484104,2.92284917346314,0.5438983566349089,26,-1.2478501600104819,1.9408041713398878,-5.116772565601933,2.6210722455809696,0.5222955462790698,72,-2.875567128695062,3.074330997657428,-9.19494499851222,3.443810741122096,0.3582161675013465,26,-2.875567128695062,2.442288720966112,-7.744180713210229,1.9930464558201049,0.24291062656484544,72,1.6277169686845803,1.269742117978361,-0.9822753343046935,4.237709271673854,0.21118187346830058,26,1.6277169686845803,0.8890511268105146,-0.14457406151186425,3.4000079988810246,0.07126116731437142,72,0.3882137088001627,0.0041328875409342,,,,,,
Pré,tipo_alagamentos,Tipologia | Alagamentos,Tipologia,4,Ponderado CA2013,C_prop,1971,27,12,-17552.54859247524,-16977.16007283851,2.1130214991656686,4,-0.1361632217393064,0.7441175709353144,-1.6657187946082717,1.393392351129659,0.8562283133780092,26,-0.1361632217393064,1.164270048024775,-2.457093144232363,2.1847667007537503,0.9072240418834999,72,-0.03532247151593381,0.7927149029395552,-1.6647712909591175,1.59412634792725,0.964799403487924,26,-0.03532247151593381,1.1527561002385367,-2.3332997585886774,2.26265481555681,0.9756400216991686,72,-0.1008407502233726,0.25259149517621565,-0.6200500045089032,0.4183685040621581,0.6929880646061705,26,-0.1008407502233726,0.2464600120286284,-0.59214980484149,0.3904683043947448,0.6836393046812707,72,0.72547406111518,0.9216199476337674,,,,,,
Pré,tipo_alagamentos,Tipologia | Alagamentos,Tipologia,4,Mecanismo K6,C_prop,1971,27,6,-8283.747221292691,-7708.358701655961,1.6833318174199414,4,-2.4638201551239414,1.533672629219502,-5.616329393725444,0.6886890834775614,0.12024610854585256,26,-2.4638201551239414,2.054810798416453,-6.560010618150533,1.63237030790265,0.23444000774572846,72,-2.6094214631803467,1.7620629792622309,-6.23139378979663,1.0125508634359361,0.15065368680094113,26,-2.6094214631803467,1.9581180280735322,-6.512858411368722,1.2940154850080279,0.18685960878857055,72,0.1456013080564051,0.3248366541168915,-0.5221099972311181,0.8133126133439283,0.6577007438240661,26,0.1456013080564051,0.38130913296315455,-0.6145245561410708,0.9057271722538811,0.7037003795552224,72,0.035613296813346455,0.48630823512927535,,,,,,
Pré,tipo_chuvas_intensas,Tipologia | Chuvas Intensas,Tipologia,3,J alternativo,C_prop,1971,27,12,-8233.14406570773,-7657.755546070999,2.1890624828687817,4,-0.29885427736509623,0.23285128321604087,-0.7774869448414374,0.17977839011124502,0.21065434534239852,26,-0.29885427736509623,0.18956113376689643,-0.6767374911845218,0.07902893645432929,0.11928103365480756,72,-0.29881251370961,0.24471456403071284,-0.8018305041393967,0.2042054767201767,0.23301895513284682,26,-0.29881251370961,0.18612893270904526,-0.6698537597667509,0.07222873234753091,0.1127820022898997,72,-4.1763655486257666e-05,0.09073876288978068,-0.18655796200146593,0.18647443469049343,0.9996362769573135,26,-4.1763655486257666e-05,0.06146868814238207,-0.12257735395782554,0.12249382664685302,0.9994597725234173,72,0.7557765166177559,0.5035683917110292,,,,,,
Pré,tipo_chuvas_intensas,Tipologia | Chuvas Intensas,Tipologia,3,Exposição A,A,1971,27,12,-8234.744606324883,-7664.942382995305,1.9626242878458233,3,-0.01094658894343418,0.008315256656662745,-0.028038843791075567,0.006145665904207209,0.19951193185888824,26,-0.01094658894343418,0.007941996025992631,-0.026778668667823864,0.004885490780955503,0.1723734811700457,72,-0.010498501423804917,0.007515429386254219,-0.025946687771292207,0.004949684923682375,0.1742458842751068,26,-0.010498501423804917,0.007086533051806416,-0.024625246876526174,0.0036282440289163408,0.1428441623609108,72,-0.00044808751962926324,0.00299046550176788,-0.006595077393759073,0.005698902354500547,0.8820481708492937,26,-0.00044808751962926324,0.0016730776368438698,-0.00378330683287426,0.0028871317936157333,0.7896018594608503,72,0.4194721222539721,0.4632008829427209,,,,,,
Pré,tipo_chuvas_intensas,Tipologia | Chuvas Intensas,Tipologia,3,Exposição B,B,1971,27,12,-8234.744681044845,-7664.942457715268,1.9628250722535487,3,-0.01094820222129064,0.008317379757236645,-0.028044821164662878,0.0061484167220816,0.19955892025174934,26,-0.01094820222129064,0.00794293518578895,-0.026782154126517556,0.004885749683936277,0.17236114592150953,72,-0.010499407998693268,0.0075158883590304044,-0.02594853777823354,0.0049497217808470075,0.17423537904366693,26,-0.010499407998693268,0.007086901216874206,-0.02462688737506368,0.0036280713776771466,0.14283062111342362,72,-0.00044879422259737236,0.0029917219433924338,-0.006598366749474388,0.005700778304279643,0.8819128154975248,26,-0.00044879422259737236,0.0016739197827308132,-0.003785692322985805,0.00288810387779106,0.7893814736373406,72,0.4194227842600933,0.4632230530247239,,,,,,
Pré,tipo_chuvas_intensas,Tipologia | Chuvas Intensas,Tipologia,3,Exposição C,C,1971,27,12,-8234.832775112984,-7665.030551783406,1.9508631107235561,3,-0.011396050698050225,0.00877722235290612,-0.029437889633963023,0.006645788237862575,0.20556058239892466,26,-0.011396050698050225,0.008217121191921006,-0.027776582416989923,0.004984481020889475,0.169761276520577,72,-0.010984124967671614,0.007986838117492229,-0.02740130583985192,0.005433055904508693,0.18078029159846878,26,-0.010984124967671614,0.00739728562307785,-0.02573034434946897,0.003762094414125743,0.14193927961043912,72,-0.0004119257303786102,0.0030872043120859873,-0.0067577650769765785,0.0059339136162193575,0.8948807092745223,26,-0.0004119257303786102,0.0017059511819448212,-0.0038126772580893693,0.002988825797332149,0.8098819010474945,72,0.41588082024252804,0.4629630296855579,,,,,,
Pré,tipo_chuvas_intensas,Tipologia | Chuvas Intensas,Tipologia,3,Irrestrito K3,C_prop,1971,27,3,-8240.236439437494,-7664.847919800764,1.675353822949749,4,0.10922161701570665,0.3683352676615866,-0.647902368953087,0.8663456029845003,0.7691829453120486,26,0.10922161701570665,0.23707778493339576,-0.36338430971391666,0.58182754374533,0.6464027391599411,72,-0.042725275981410404,0.3112793866852628,-0.6825692189556666,0.5971186669928458,0.8918850498595466,26,-0.042725275981410404,0.2116706788545248,-0.4646830624084911,0.3792325104456703,0.8406048730884991,72,0.15194689299711706,0.13301092526788547,-0.12146097955214874,0.42535476554638285,0.26371400384257154,26,0.15194689299711706,0.09654067872472107,-0.04050343274142329,0.34439721873565743,0.11989118858661275,72,0.28918040116675175,0.2026246587215879,,,,,,
Pré,tipo_chuvas_intensas,Tipologia | Chuvas Intensas,Tipologia,3,Irrestrito K6,C_prop,1971,27,6,-8254.994134013403,-7662.846725455214,1.7627028097478277,7,-0.31531838310000787,0.31730464636682076,-0.9675474247251745,0.3369106585251587,0.3295083678245102,26,-0.31531838310000787,0.3136251380457065,-0.940518669383424,0.3098819031834082,0.3180717865256225,72,-0.42522850660009537,0.3542906411062621,-1.153483349229674,0.30302633602948337,0.24087403639909136,26,-0.42522850660009537,0.3099517149996385,-1.0431059578762387,0.19264894467604798,0.1743484960156191,72,0.10991012350008753,0.10833254365863768,-0.11277060915330656,0.3325908561534816,0.3196633825651192,26,0.10991012350008753,0.08382447797255517,-0.05719091933265183,0.27701116633282685,0.19395866487372065,72,0.23170117716367297,6.52689871620527e-05,,,,,,
Pré,tipo_chuvas_intensas,Tipologia | Chuvas Intensas,Tipologia,3,Almon K12 q2,C_prop,1971,27,12,-8234.86436443714,-7665.062141107563,20.11322217599334,3,-0.3014471472313875,0.23426832702168002,-0.7829925899660666,0.18009829550329154,0.20951719421548748,26,-0.3014471472313875,0.18380938855762083,-0.6678644665314002,0.06497017206862521,0.10536763922851597,72,-0.3275978741674667,0.26994510275644124,-0.8824779797008071,0.22728223136587372,0.2358208730204795,26,-0.3275978741674667,0.18577666164677614,-0.6979368806963848,0.04274113236145144,0.0820763911176185,72,0.026150726936079102,0.11194082244270294,-0.20394692898079164,0.2562483828529499,0.8171157508409108,26,0.026150726936079102,0.05630809278705718,-0.08609740454313553,0.13839885841529373,0.6437466034227676,72,0.6283175064636002,0.3084711402826676,,,,,,
Pré,tipo_chuvas_intensas,Tipologia | Chuvas Intensas,Tipologia,3,Somente defasado,C_prop,1971,27,12,-8234.918977459713,-7665.116754130135,2.039041291972521,3,-0.35442346201421543,0.22941346934362217,-0.8259896018712252,0.11714267784279431,0.13445369337005472,26,-0.35442346201421543,0.1839700502008028,-0.7211610544464714,0.012314130418040525,0.057985891523630276,72,-0.35442346201421543,0.22941346934362217,-0.8259896018712252,0.11714267784279431,0.13445369337005472,26,-0.35442346201421543,0.1839700502008028,-0.7211610544464714,0.012314130418040525,0.057985891523630276,72,0.0,0.0,0.0,0.0,,26,0.0,0.0,0.0,0.0,,72,0.4429923719701008,0.2470749042904452,9999.0,0.3137,0.004639960236898588,0.8273,0.003779877114404647,0.3137
Pré,tipo_chuvas_intensas,Tipologia | Chuvas Intensas,Tipologia,3,Região × tempo,C_prop,1971,27,12,-8040.787729738771,-5862.132169949211,2.076360313294788,3,-0.12182549583307774,0.20803848091828162,-0.5494547177311493,0.30580372606499384,0.5631991895659819,26,-0.12182549583307774,0.2279163566281691,-0.5761684490176469,0.3325174573514914,0.5946296795767775,72,-0.21428358408800702,0.2544425294450318,-0.7372976938050262,0.3087305256290121,0.40737366830291905,26,-0.21428358408800702,0.22994744354858218,-0.6726754350491431,0.24410826687312903,0.35451252974361197,72,0.09245808825492928,0.12174099003076574,-0.15778410064283827,0.34270027715269685,0.4544053681534646,26,0.09245808825492928,0.06889106535576944,-0.044873740600319,0.22978991711017754,0.18378339296225846,72,0.8170302430206119,0.4620188103934221,,,,,,
Pré,tipo_chuvas_intensas,Tipologia | Chuvas Intensas,Tipologia,3,Ponderado CA2013,C_prop,1971,27,12,-17554.284741459593,-16984.482518130015,1.8966989358976707,3,-0.15800244451860496,0.2094291353742717,-0.588490197589944,0.2724853085527341,0.4573623259314515,26,-0.15800244451860496,0.2052983399705871,-0.5672572055461331,0.25125231650892316,0.44404086729865383,72,-0.13413383616401447,0.16409141653454412,-0.4714285734793799,0.20316090115135094,0.4211086523917285,26,-0.13413383616401447,0.1711033968622891,-0.475222223941075,0.20695455161304604,0.43565003794652757,72,-0.023868608354590457,0.05276639089541947,-0.13233147821106248,0.08459426150188157,0.6547721843413817,26,-0.023868608354590457,0.04705116945394822,-0.1176634004298702,0.06992618372068929,0.6135013832489074,72,0.8468744036336476,0.8018678394657026,,,,,,
Pré,tipo_doencas_infecciosas,Tipologia | Doenças infecciosas,Tipologia,3,J alternativo,C_prop,1971,27,12,-8235.635320584255,-7660.246800947525,2.1461147721157663,4,-0.13958804187862303,0.30049052594234327,-0.7572551639863897,0.4780790802291436,0.6461318688992047,26,-0.13958804187862303,0.29698012907442595,-0.7316071092110312,0.4524310254537851,0.639757833273804,72,-0.19275301814202275,0.2777844093692654,-0.763747049196571,0.37824101291252554,0.4939020336657565,26,-0.19275301814202275,0.2661174337474781,-0.7232484267711747,0.3377423904871293,0.4712191017457721,72,0.05316497626339973,0.045169032117435774,-0.03968129896899495,0.14601125149579441,0.24984968169961538,26,0.05316497626339973,0.0438842704208874,-0.034316717970176554,0.14064667049697602,0.2296721269342232,72,0.23778778503743642,0.09048747493165826,,,,,,
Pré,tipo_doencas_infecciosas,Tipologia | Doenças infecciosas,Tipologia,3,Exposição A,A,1971,27,12,-8236.17604916056,-7666.373825830982,1.5758195080294897,3,0.023052719972266673,0.022806300146917178,-0.023826301366246878,0.06993174131078023,0.32142475232018414,26,0.023052719972266673,0.03715183053156455,-0.05100810062720343,0.09711354057173677,0.5368876894676146,72,0.00890362395461425,0.016515629126638277,-0.02504473791289842,0.04285198582212692,0.5944025809993206,26,0.00890362395461425,0.032798746355291376,-0.05647948193684296,0.07428672984607146,0.7868122997539931,72,0.014149096017652416,0.010046202459906036,-0.006501168885250893,0.03479936092055572,0.17085834958253093,26,0.014149096017652416,0.006506304166701671,0.0011790157077123057,0.027119176327592524,0.03294087225810276,72,0.38887851737259654,0.01753299159565176,,,,,,
Pré,tipo_doencas_infecciosas,Tipologia | Doenças infecciosas,Tipologia,3,Exposição B,B,1971,27,12,-8236.166434468923,-7666.364211139346,1.5748634622061803,3,0.024571692556680586,0.022983017605008937,-0.022670576719262713,0.07181396183262388,0.2948396961043237,26,0.024571692556680586,0.03717659209399861,-0.04953848931535543,0.09868187442871659,0.5107568047746551,72,0.0102851087425111,0.016529610007591733,-0.023691991237379556,0.04426220872240176,0.5392139645808929,26,0.0102851087425111,0.03278581192995467,-0.05507221284328168,0.07564243032830388,0.7546513443027687,72,0.014286583814169482,0.010166075888257953,-0.006610084449622239,0.035183252077961205,0.17176323500515145,26,0.014286583814169482,0.006532490540028965,0.001264301923058403,0.02730886570528056,0.031991573338118806,72,0.39130302532670197,0.01711429852664654,,,,,,
Pré,tipo_doencas_infecciosas,Tipologia | Doenças infecciosas,Tipologia,3,Exposição C,C,1971,27,12,-8236.468779670508,-7666.66655634093,1.5484123475165166,3,0.0273686804350102,0.023718516284441646,-0.02138542802858999,0.07612278889861039,0.2590401546681774,26,0.0273686804350102,0.038764564169075574,-0.049907065913568194,0.1046444267835886,0.4824520397341889,72,0.011905230291073746,0.017119018830902773,-0.023283416876528615,0.0470938774586761,0.49294980830509616,26,0.011905230291073746,0.03441491564754071,-0.05669965020204023,0.08051011078418772,0.7304023976533001,72,0.015463450143936451,0.01052275833795326,-0.006166389395451227,0.03709328968332413,0.15368814128891845,26,0.015463450143936451,0.006413826240429889,0.0026777212107395813,0.02824917907713332,0.018464344519513644,72,0.3104181731021591,0.009070830242076925,,,,,,
Pré,tipo_doencas_infecciosas,Tipologia | Doenças infecciosas,Tipologia,3,Irrestrito K3,C_prop,1971,27,3,-8233.309582810176,-7657.921063173446,1.0283532900834165,4,0.18116578269029038,0.19676106959469197,-0.2232823882404582,0.585613953621039,0.36565094277339005,26,0.18116578269029038,0.16792237837273208,-0.15358136062296046,0.5159129260035412,0.28424844056126275,72,0.08038910646138639,0.18344513720807373,-0.2966877734456903,0.45746598636846314,0.6648471527849592,26,0.08038910646138639,0.16573860778995675,-0.2500047697571539,0.41078298267992663,0.6291236918756499,72,0.100776676228904,0.07649561129973877,-0.05646230472469148,0.25801565718249947,0.19919087089614376,26,0.100776676228904,0.0705440754463458,-0.0398503680172327,0.24140372047504072,0.1574537010185599,72,0.5330329778412577,0.5925195353867612,,,,,,
Pré,tipo_doencas_infecciosas,Tipologia | Doenças infecciosas,Tipologia,3,Irrestrito K6,C_prop,1971,27,6,-8228.030195086754,-7635.882786528566,1.0498184808400577,7,0.27189618597913284,0.22350874171071347,-0.187532612401265,0.7313249843595306,0.234726796070019,26,0.27189618597913284,0.17410109807980875,-0.07516800995879108,0.6189603819170568,0.12274027984179892,72,0.1700412621642392,0.1921964719889761,-0.22502424401240162,0.56510676834088,0.38441325595616765,26,0.1700412621642392,0.16146664808913952,-0.15183661803247417,0.4919191423609526,0.2958144880582987,72,0.10185492381489364,0.07709467393486309,-0.056615448020790854,0.26032529565057816,0.19795555719499172,26,0.10185492381489364,0.07035927991862599,-0.03840373727945154,0.24211358490923882,0.1520581319648085,72,0.16737645752376373,0.0005116082800674244,,,,,,
Pré,tipo_doencas_infecciosas,Tipologia | Doenças infecciosas,Tipologia,3,Almon K12 q2,C_prop,1971,27,12,-8237.500891494128,-7667.69866816455,17.36786901936653,3,-0.12986228660016433,0.29715929828555426,-0.7406819721925798,0.4809573989922512,0.6657106106900933,26,-0.12986228660016433,0.29240464064463517,-0.7127602844481017,0.4530357112477731,0.6582889468936161,72,-0.19337481461081132,0.26079014512255877,-0.729436635218178,0.34268700599655544,0.46503831362174347,26,-0.19337481461081132,0.25332658129433083,-0.6983721248880667,0.31162249566644407,0.4477535026658834,72,0.06351252801064702,0.058223938938228775,-0.05616849251062732,0.18319354853192138,0.28535323033315024,26,0.06351252801064702,0.050218094854954855,-0.03659541446987548,0.1636204704911695,0.2100451581739014,72,0.24978287344851657,0.0387164496303391,,,,,,
Pré,tipo_doencas_infecciosas,Tipologia | Doenças infecciosas,Tipologia,3,Somente defasado,C_prop,1971,27,12,-8236.622199511023,-7666.819976181445,2.1256043299581635,3,-0.2513466049211907,0.33521873716869993,-0.9403985875561414,0.43770537771376,0.4601072290446967,26,-0.2513466049211907,0.2863459836567208,-0.8221668908008195,0.31947368095843803,0.3829869346038035,72,-0.2513466049211907,0.33521873716869993,-0.9403985875561414,0.43770537771376,0.4601072290446967,26,-0.2513466049211907,0.2863459836567208,-0.8221668908008195,0.31947368095843803,0.3829869346038035,72,0.0,0.0,0.0,0.0,,26,0.0,0.0,0.0,0.0,,72,0.032101053111499335,0.16579463421342544,4999.0,0.562,0.00701649485141976,0.5586,0.0070223363633480276,0.562
Pré,tipo_doencas_infecciosas,Tipologia | Doenças infecciosas,Tipologia,3,Região × tempo,C_prop,1971,27,12,-8042.413367698278,-5863.757807908718,2.099233123646219,3,0.0007918617227110546,0.35611002236564787,-0.7312027726456503,0.7327864960910724,0.9982427645224167,26,0.0007918617227110546,0.32123395905128954,-0.6395763320205863,0.6411600554660084,0.9980399840873562,72,-0.07192004166771886,0.29851212544966105,-0.6855205033213516,0.541680419985914,0.8115004238875896,26,-0.07192004166771886,0.26136317812693405,-0.5929380149307188,0.44909793159528116,0.7839716020980517,72,0.07271190339042988,0.07526980914718537,-0.0820074051526403,0.22743121193350005,0.3429359548308549,26,0.07271190339042988,0.07203035710341035,-0.07087798918886282,0.21630179596972257,0.3161336225601059,72,0.3445308858281041,0.16599040182304314,,,,,,
Pré,tipo_doencas_infecciosas,Tipologia | Doenças infecciosas,Tipologia,3,Ponderado CA2013,C_prop,1971,27,12,-17553.644257755852,-16983.842034426274,3.100625409444996,3,-0.10879873185660618,0.1871294675896296,-0.49344886132465726,0.27585139761144495,0.5659718824762894,26,-0.10879873185660618,0.19268454857395512,-0.49290835929747545,0.275310895584263,0.5740689587981712,72,-0.1090955617459152,0.17405339759408966,-0.46686744439637917,0.2486763209045488,0.5362599166559521,26,-0.1090955617459152,0.187644749266467,-0.4831585328840191,0.26496740939218877,0.562790599072389,72,0.00029682988930901437,0.03002794430038959,-0.061426493602070274,0.0620201533806883,0.992188402380599,26,0.00029682988930901437,0.02523552292000553,-0.05000926563738262,0.05060292541600065,0.9906477240796907,72,0.410894711497213,0.8786083986289229,,,,,,
Pré,tipo_enxurradas,Tipologia | Enxurradas,Tipologia,3,J alternativo,C_prop,1971,27,12,-8232.611923681381,-7657.223404044651,2.119587337948736,4,0.16592207615162974,0.3808697777394016,-0.6169669642810784,0.948811116584338,0.666693461229026,26,0.16592207615162974,0.3543489413093454,-0.5404596282337564,0.8723037805370157,0.6410239259121031,72,0.17807011963110628,0.36618975016300054,-0.5746436919582203,0.9307839312204329,0.6308435382813566,26,0.17807011963110628,0.3573137185737834,-0.5342217602142043,0.8903619994764169,0.6197507843865564,72,-0.012148043479476529,0.0745582443600369,-0.16540470965506138,0.1411086226961083,0.8718305120783343,26,-0.012148043479476529,0.06782620461915609,-0.14735711125271736,0.1230610242937643,0.858357954722911,72,0.021026005594773602,0.1046855439589797,,,,,,
Pré,tipo_enxurradas,Tipologia | Enxurradas,Tipologia,3,Exposição A,A,1971,27,12,-8235.451290460138,-7665.64906713056,1.8966533295155217,3,-0.006453655956914892,0.007529197081194559,-0.021930142206654304,0.009022830292824522,0.39919368251339915,26,-0.006453655956914892,0.0107209998358882,-0.027825578527945927,0.014918266614116145,0.5490890630063476,72,-0.007548163299179745,0.007002546727835184,-0.021942104243717293,0.006845777645357801,0.29097048398906533,26,-0.007548163299179745,0.009817722954166087,-0.027119436315889804,0.012023109717530312,0.4445087081669117,72,0.0010945073422648538,0.002118649160720325,-0.0032604383777517904,0.005449453062281498,0.609797622471197,26,0.0010945073422648538,0.002067956290369593,-0.003027888180036169,0.005216902864565876,0.5982462163328099,72,0.2843648787823437,0.48085070701147115,,,,,,
Pré,tipo_enxurradas,Tipologia | Enxurradas,Tipologia,3,Exposição B,B,1971,27,12,-8235.487636090016,-7665.685412760438,1.8970364534305373,3,-0.006733736502954981,0.0075067044985759,-0.022163988586970634,0.00869651558106067,0.3779344183926957,26,-0.006733736502954981,0.010724415889316202,-0.028112468852036505,0.014644995846126545,0.5320635480090067,72,-0.007848288054624886,0.006947245782650981,-0.02212855627835153,0.0064319801691017555,0.2689185709156851,26,-0.007848288054624886,0.009808386155739899,-0.027400948503843073,0.0117043723945933,0.42624978565793853,72,0.0011145515516699056,0.002119752678833624,-0.003242662482314701,0.005471765585654513,0.6034880778948186,26,0.0011145515516699056,0.0020840372174266916,-0.0030399007128375896,0.005269003816177401,0.5944331643352769,72,0.2691485218858953,0.47066675416062975,,,,,,
Pré,tipo_enxurradas,Tipologia | Enxurradas,Tipologia,3,Exposição C,C,1971,27,12,-8235.484430057324,-7665.682206727746,1.9013249003602837,3,-0.006281393991275057,0.007890204108528864,-0.02249994081325709,0.009937152830706973,0.43318278871766863,26,-0.006281393991275057,0.010763456061575496,-0.02773795150139169,0.015175163518841572,0.5613231484600717,72,-0.007554763993929291,0.007282932208787402,-0.022525045548732164,0.007415517560873581,0.3091363433287769,26,-0.007554763993929291,0.00985727482542391,-0.02720488222498512,0.012095354237126536,0.4459349588477792,72,0.001273370002654234,0.00217392168197276,-0.003195190011944805,0.005741930017253273,0.563095431149234,26,0.001273370002654234,0.0021168135997269855,-0.0029464207858158785,0.005493160791124346,0.5493629189666909,72,0.28200006073576395,0.46222503180189156,,,,,,
Pré,tipo_enxurradas,Tipologia | Enxurradas,Tipologia,3,Irrestrito K3,C_prop,1971,27,3,-8231.671740914831,-7656.283221278101,1.5884740144222327,4,0.06442417553930115,0.22854731734003475,-0.40536156337599516,0.5342099144545974,0.7802628950785944,26,0.06442417553930115,0.2235764821703621,-0.3812673960297433,0.5101157471083456,0.7740577002354158,72,0.053076268309390565,0.17646577687277143,-0.3096543309655759,0.415806867584357,0.7659791362196544,26,0.053076268309390565,0.1537361756237684,-0.2533911966745227,0.3595437332933038,0.7309186283981947,72,0.011347907229910574,0.1518810150170666,-0.3008479903086302,0.32354380476845135,0.9410127644104747,26,0.011347907229910574,0.16536903524910435,-0.3183092395932018,0.34100505405302295,0.945480951791477,72,0.8441942609333186,0.39646091851842724,,,,,,
Pré,tipo_enxurradas,Tipologia | Enxurradas,Tipologia,3,Irrestrito K6,C_prop,1971,27,6,-8226.365930573595,-7634.218522015406,1.6169701224303688,7,0.2148549553239928,0.2923111854023765,-0.3859992915151871,0.8157092021631727,0.46890502202008844,26,0.2148549553239928,0.421112774335299,-0.6246180177693282,1.054327928417314,0.6114666051085453,72,0.19557106040038164,0.20021632639141568,-0.21597949259410337,0.6071216133948667,0.33767040769245255,26,0.19557106040038164,0.31852692864624804,-0.43940076685661955,0.8305428876573828,0.5411597776852706,72,0.019283894923611152,0.15475337316019333,-0.2988162193364522,0.3373840091836745,0.9017903622378279,26,0.019283894923611152,0.17046731118767713,-0.3205364792358349,0.3591042690830572,0.9102473026160457,72,0.0033666049647718133,0.004219478712075424,,,,,,
Pré,tipo_enxurradas,Tipologia | Enxurradas,Tipologia,3,Almon K12 q2,C_prop,1971,27,12,-8233.924619165698,-7664.122395836121,18.760518475780493,3,0.19260586967325544,0.38783697032053976,-0.6046044402146764,0.9898161795611873,0.6236331505041631,26,0.19260586967325544,0.36079565356001914,-0.5266271207086014,0.9118388600551123,0.5950990492881619,72,0.1251431452329247,0.36430968430146204,-0.6237061356314221,0.8739924260972715,0.7339789313695372,26,0.1251431452329247,0.34474258127136165,-0.5620886304085041,0.8123749208743535,0.7176649839093363,72,0.06746272444033072,0.06939028475864165,-0.07517104863686908,0.2100964975175305,0.3398990635564071,26,0.06746272444033072,0.07001584980058896,-0.07211132122601327,0.2070367701066747,0.338504142096867,72,0.507221550464731,0.3760660380719044,,,,,,
Pré,tipo_enxurradas,Tipologia | Enxurradas,Tipologia,3,Somente defasado,C_prop,1971,27,12,-8234.032568292294,-7664.230344962716,1.8470034192640223,3,0.16548579390712242,0.3702173353453675,-0.5955068375912014,0.9264784254054461,0.6585791777480223,26,0.16548579390712242,0.34278169559556704,-0.5178370275812207,0.8488086153954655,0.6307214897041957,72,0.16548579390712242,0.3702173353453675,-0.5955068375912014,0.9264784254054461,0.6585791777480223,26,0.16548579390712242,0.34278169559556704,-0.5178370275812207,0.8488086153954655,0.6307214897041957,72,0.0,0.0,0.0,0.0,,26,0.0,0.0,0.0,0.0,,72,0.4311376935289164,0.20152373887763106,4999.0,0.6686,0.0066569368331087534,0.4844,0.007067625343777075,0.6686
Pré,tipo_enxurradas,Tipologia | Enxurradas,Tipologia,3,Região × tempo,C_prop,1971,27,12,-8038.868067366564,-5860.212507577004,1.9166138876890315,3,-0.03435448950053082,0.4665017592459305,-0.9932625888092312,0.9245536098081697,0.941858273197805,26,-0.03435448950053082,0.4569132204231188,-0.9451943475401633,0.8764853685391018,0.940273480693501,72,-0.02994485924426509,0.473116034597403,-1.0024487962532072,0.9425590777646771,0.9500174082588292,26,-0.02994485924426509,0.4451960722019885,-0.9174270091998972,0.8575372907113671,0.9465594176690976,72,-0.004409630256265732,0.06531841457675278,-0.13867355430426084,0.12985429379172939,0.9466923826056309,26,-0.004409630256265732,0.05547082973566392,-0.11498870834681574,0.10616944783428428,0.9368597784575204,72,0.9286515711252472,0.94398342016722,,,,,,
Pré,tipo_enxurradas,Tipologia | Enxurradas,Tipologia,3,Ponderado CA2013,C_prop,1971,27,12,-17555.62150116978,-16985.8192778402,1.8597775596057733,3,-0.13014235626130566,0.4199561617643713,-0.9933746097074395,0.7330898971848282,0.7591110021238981,26,-0.13014235626130566,0.4593885940076045,-1.0459167813554875,0.7856320688328763,0.7777638990300203,72,-0.17612071926593387,0.35497832158153386,-0.9057891093568136,0.5535476708249458,0.6239605438078503,26,-0.17612071926593387,0.4049761874470864,-0.9834259943073296,0.6311845557754618,0.6649419043367745,72,0.04597836300462819,0.07621173723713735,-0.11067710645642295,0.20263383246567931,0.5515378692349168,26,0.04597836300462819,0.07521085867812459,-0.10395174358756806,0.19590846959682442,0.5429090701343768,72,0.05863576605863204,0.20562983349896918,,,,,,
Pré,tipo_enxurradas,Tipologia | Enxurradas,Tipologia,3,Mecanismo K6,C_prop,1971,27,6,-8233.809516173824,-7664.007292844246,2.068204425954943,3,0.22576336616501128,0.2729212284715893,-0.3352342533889181,0.7867609857189406,0.41564554572800777,26,0.22576336616501128,0.3952770822536306,-0.5622070960440093,1.0137338283740318,0.5696750442962765,72,0.1977889815763559,0.20964423472941154,-0.23314091455170619,0.628718877704418,0.3541354623211531,26,0.1977889815763559,0.34554701495619367,-0.4910464033075811,0.886624366460293,0.5688382460927577,72,0.027974384588655362,0.08985526164163532,-0.15672575093268382,0.21267452010999455,0.7580344998754874,26,0.027974384588655362,0.08223493974097806,-0.13595797169161888,0.19190674086892962,0.7347141668052961,72,0.8027664474038869,0.9371059817292468,,,,,,
Pré,tipo_erosao,Tipologia | Erosão,Tipologia,3,J alternativo,C_prop,1971,27,12,-8234.54469395811,-7659.156174321381,1.9054149383427283,4,-2.063731612496705,1.5806374363335052,-5.312778394701226,1.1853151697078155,0.20311295371668187,26,-2.063731612496705,2.1888987738938286,-6.427221569364894,2.2997583443714844,0.34892725783667095,72,-2.0556157687621637,1.5012077336213077,-5.14139245873911,1.030160921214783,0.1826158878561985,26,-2.0556157687621637,2.027860710541886,-6.09808221349247,1.9868506759681424,0.3141266153651469,72,-0.008115843734541316,0.3178748109385312,-0.6615168754217299,0.6452851879526472,0.9798259196231601,26,-0.008115843734541316,0.2980537755271611,-0.6022751861539528,0.5860434986848702,0.9783520497147364,72,0.008024212640287616,0.1797552977261054,,,,,,
Pré,tipo_erosao,Tipologia | Erosão,Tipologia,3,Exposição A,A,1971,27,12,-8235.446958726543,-7665.644735396965,1.93441250019535,3,-0.021431477338939773,0.02314882866771186,-0.06901457613552159,0.026151621457642046,0.3630576130330075,26,-0.021431477338939773,0.02633899590876381,-0.07393730606551653,0.03107435138763698,0.4185118966021578,72,-0.02418609710077871,0.020739716408582784,-0.06681719472772527,0.018445000526167855,0.2541307187118721,26,-0.02418609710077871,0.025800833453373355,-0.0756191185795893,0.027246924378031882,0.35167884264421384,72,0.002754619761838934,0.005051088337163704,-0.0076280410123867395,0.013137280536064607,0.5901599556406322,26,0.002754619761838934,0.0037905831008767927,-0.004801769546163135,0.010311009069841004,0.4697653644702708,72,0.18631778051268155,0.150496956879097,,,,,,
Pré,tipo_erosao,Tipologia | Erosão,Tipologia,3,Exposição B,B,1971,27,12,-8235.433872607997,-7665.631649278419,1.924877244471594,3,-0.02234005181813154,0.02336306521562912,-0.0703635201457905,0.025683416509527428,0.34777212828283455,26,-0.02234005181813154,0.02669720464887778,-0.07555995661738535,0.030879852981122266,0.4054773865189191,72,-0.024937695687711262,0.02096119085291479,-0.06802404055488934,0.01814864917946681,0.24491228606860882,26,-0.024937695687711262,0.026205916384507023,-0.07717823523121342,0.027302843855790893,0.3444807054592286,72,0.0025976438695797213,0.005070613452406709,-0.007825151353820845,0.013020439092980287,0.6127700210112821,26,0.0025976438695797213,0.003766901781050661,-0.004911537590138487,0.010106825329297929,0.4926643256613762,72,0.1866754498001808,0.15737931924274043,,,,,,
Pré,tipo_erosao,Tipologia | Erosão,Tipologia,3,Exposição C,C,1971,27,12,-8235.665868389138,-7665.86364505956,1.899133590266742,3,-0.023251945519541618,0.02474702498793181,-0.07412018390106626,0.027616292861983017,0.3560779838128517,26,-0.023251945519541618,0.028831900246503495,-0.08072728821857578,0.03422339717949255,0.422630092026535,72,-0.02711788998497006,0.02239556484635336,-0.07315263282168485,0.01891685285174473,0.2368412865908615,26,-0.02711788998497006,0.02876352422359743,-0.08445692757350774,0.030221147603567627,0.3489424137007183,72,0.0038659444654284415,0.005175062135013712,-0.006771548099898285,0.014503437030755168,0.46174611704795365,26,0.0038659444654284415,0.003920631286685537,-0.003949691162893832,0.011681580093750716,0.3274099114355345,72,0.17397275313183558,0.1423787374723229,,,,,,
Pré,tipo_erosao,Tipologia | Erosão,Tipologia,3,Irrestrito K3,C_prop,1971,27,3,-8233.932233555448,-7658.543713918718,1.0465103303461634,4,-0.23107210540263853,0.8282056845510655,-1.933473271248727,1.47132906044345,0.782449566825664,26,-0.23107210540263853,0.9972957464028949,-2.2191448410436667,1.7570006302383898,0.8174293028629956,72,-0.659884948539105,0.6835176228768273,-2.064875544193621,0.7451056471154112,0.3432266298279673,26,-0.659884948539105,0.9796143406902096,-2.6127104460845283,1.2929405490063184,0.5027115399414783,72,0.4288128431364664,0.391551424059253,-0.37603263575986756,1.2336583220328003,0.2834866984546514,26,0.4288128431364664,0.32490729764383314,-0.21887801725907963,1.0765037035320124,0.1910826652387117,72,0.49773940674391337,0.19923769591622068,,,,,,
Pré,tipo_erosao,Tipologia | Erosão,Tipologia,3,Irrestrito K6,C_prop,1971,27,6,-8231.49364071791,-7639.346232159722,1.101237054999797,7,0.44030671442652936,1.4459817359801261,-2.5319513116205474,3.4125647404736057,0.7631682182989558,26,0.44030671442652936,1.3982719616373886,-2.347097497382432,3.22771092623549,0.753753314735305,72,0.0661034931342386,1.133105758345607,-2.263028750240914,2.3952357365093917,0.9539252066574266,26,0.0661034931342386,1.4018580066319664,-2.728449368719823,2.8606563549883006,0.9625208810251625,72,0.3742032212922908,0.3951048497450064,-0.43794642870913914,1.1863528712937206,0.3523086177615666,26,0.3742032212922908,0.3035303181694044,-0.23087340935570289,0.9792798519402844,0.22164704847947558,72,1.5709326597955083e-07,5.057874812630069e-05,,,,,,
Pré,tipo_erosao,Tipologia | Erosão,Tipologia,3,Almon K12 q2,C_prop,1971,27,12,-8236.39722087983,-7666.594997550252,18.416314612400587,3,-2.070533727406254,1.5772046768266315,-5.312524371388615,1.1714569165761066,0.20072494004168945,26,-2.070533727406254,2.1986203407656393,-6.453403273644266,2.3123358188317575,0.34947372062569554,72,-2.158925101460607,1.399502559638645,-5.035643812253896,0.7177936093326815,0.135003646773149,26,-2.158925101460607,2.0639399797288096,-6.273314254826832,1.9554640519056177,0.299050246378894,72,0.08839137405435281,0.27110601086728364,-0.4688750122763835,0.6456577603850892,0.747003939242763,26,0.08839137405435281,0.32475600570839563,-0.5589978913799688,0.7357806394886744,0.7862643185991008,72,0.09813434373511543,0.2123831010616733,,,,,,
Pré,tipo_erosao,Tipologia | Erosão,Tipologia,3,Somente defasado,C_prop,1971,27,12,-8236.559111913795,-7666.756888584217,1.7859755408139597,3,-2.5727785757603003,1.324205093072526,-5.294721127371703,0.1491639758511032,0.06293266621689673,26,-2.5727785757603003,2.275485483532533,-7.108875983650377,1.9633188321297768,0.2619545331687806,72,-2.5727785757603003,1.324205093072526,-5.294721127371703,0.1491639758511032,0.06293266621689673,26,-2.5727785757603003,2.275485483532533,-7.108875983650377,1.9633188321297768,0.2619545331687806,72,0.0,0.0,0.0,0.0,,26,0.0,0.0,0.0,0.0,,72,0.12337584817397995,0.2666296190808805,4999.0,0.0466,0.002980887116279313,0.2576,0.006184532965390353,0.0466
Pré,tipo_erosao,Tipologia | Erosão,Tipologia,3,Região × tempo,C_prop,1971,27,12,-8041.328972882458,-5862.673413092898,1.795029772880967,3,-1.6623813651911972,1.4405610884365654,-4.623497090635977,1.298734360253583,0.25900523223819316,26,-1.6623813651911972,3.1620186754673925,-7.965750391839873,4.640987661457479,0.6006884214696595,72,-2.1116434362471246,1.346130744099177,-4.878654809005219,0.6553679365109701,0.12881486433608158,26,-2.1116434362471246,2.9131945261014156,-7.918990586629094,3.6957037141348446,0.4708901799191593,72,0.4492620710559271,0.2657145311019756,-0.09692196989937119,0.9954461120112253,0.10283623060325325,26,0.4492620710559271,0.5371273844750004,-0.6214818005513697,1.5200059426632238,0.4056882052081338,72,0.06380594933212456,0.5052738021247545,,,,,,
Pré,tipo_erosao,Tipologia | Erosão,Tipologia,3,Ponderado CA2013,C_prop,1971,27,12,-17554.970549717178,-16985.1683263876,2.0307591206198667,3,-1.1221653650579801,1.7839400061817674,-4.789106564537352,2.5447758344213924,0.5348126718126115,26,-1.1221653650579801,1.8590574334243835,-4.828128626921417,2.5837978968054567,0.5479929565709389,72,-0.9142828640640622,1.5670297460914668,-4.135358638384139,2.306792910256015,0.5646180987743731,26,-0.9142828640640622,1.8361137452980172,-4.574508719562735,2.745942991434611,0.6200406567559382,72,-0.20788250099391783,0.3651661961516765,-0.9584923671809269,0.5427273651930913,0.574050594329622,26,-0.20788250099391783,0.28695765351714325,-0.7799221284551239,0.36415712646728826,0.47114558144395285,72,0.8211526701222946,0.555257464311899,,,,,,
Pré,tipo_estiagem_e_seca,Tipologia | Estiagem e Seca,Tipologia,3,J alternativo,C_prop,1971,27,12,-8234.299827516812,-7658.911307880082,1.7588419692848953,4,-0.24984755469426762,0.12547320379662577,-0.5077614188590687,0.00806630947053344,0.057058791248810775,26,-0.24984755469426762,0.17595952886424257,-0.6006164646921233,0.10092135530358798,0.159948025212919,72,-0.2451222348756058,0.1175341523858422,-0.48671714515064196,-0.003527324600569648,0.046978308761924485,26,-0.2451222348756058,0.16902696841929926,-0.5820713382027857,0.09182686845157406,0.15134632223307362,72,-0.004725319818661831,0.01757089811243535,-0.04084281815216719,0.03139217851484353,0.7901070671274955,26,-0.004725319818661831,0.020343297918814833,-0.04527894304556748,0.03582830340824382,0.8169803327227889,72,0.10998509698273443,0.31580362695580005,,,,,,
Pré,tipo_estiagem_e_seca,Tipologia | Estiagem e Seca,Tipologia,3,Exposição A,A,1971,27,12,-8234.283895759363,-7664.481672429785,1.843285581306592,3,-0.006214687150486874,0.005926368814491761,-0.018396512712929754,0.005967138411956007,0.3039897938702511,26,-0.006214687150486874,0.00889952613770469,-0.023955568266556215,0.011526193965582469,0.48722855128590764,72,-0.005818470211040305,0.005808003483438507,-0.017756992350988512,0.0061200519289079025,0.32567217774194984,26,-0.005818470211040305,0.008560854966054274,-0.02288422268534586,0.011247282263265247,0.49889917402675216,72,-0.00039621693944656884,0.0016958036751146069,-0.0038819913158034186,0.003089557436910281,0.8170900490702143,26,-0.00039621693944656884,0.0014622609264294789,-0.0033111808212369707,0.0025187469423438333,0.7871956720209561,72,0.5321990749895442,0.27441282771824393,,,,,,
Pré,tipo_estiagem_e_seca,Tipologia | Estiagem e Seca,Tipologia,3,Exposição B,B,1971,27,12,-8234.283895759363,-7664.481672429785,1.843285581306592,3,-0.006214687150486874,0.005926368814491761,-0.018396512712929754,0.005967138411956007,0.3039897938702511,26,-0.006214687150486874,0.00889952613770469,-0.023955568266556215,0.011526193965582469,0.48722855128590764,72,-0.005818470211040305,0.005808003483438507,-0.017756992350988512,0.0061200519289079025,0.32567217774194984,26,-0.005818470211040305,0.008560854966054274,-0.02288422268534586,0.011247282263265247,0.49889917402675216,72,-0.00039621693944656884,0.0016958036751146069,-0.0038819913158034186,0.003089557436910281,0.8170900490702143,26,-0.00039621693944656884,0.0014622609264294789,-0.0033111808212369707,0.0025187469423438333,0.7871956720209561,72,0.5321990749895442,0.27441282771824393,,,,,,
Pré,tipo_estiagem_e_seca,Tipologia | Estiagem e Seca,Tipologia,3,Exposição C,C,1971,27,12,-8234.284475501829,-7664.482252172251,1.8432885135388841,3,-0.0062129159000580735,0.005927495922188908,-0.018397058265552962,0.005971226465436815,0.30421491975779913,26,-0.0062129159000580735,0.008899601412468204,-0.02395394707362597,0.011528115273509824,0.48735592333427125,72,-0.0058167717732873336,0.005808890459458,-0.01775711711855498,0.006123573571980312,0.32588328997944815,26,-0.0058167717732873336,0.008561169038770433,-0.022883150340109834,0.011249606793535165,0.49903978549329053,72,-0.0003961441267707407,0.0016961266006325442,-0.0038825822860362,0.0030902940324947182,0.8171571991453785,26,-0.0003961441267707407,0.001462312333206289,-0.0033112104860977933,0.0025189222325563117,0.7872411151792955,72,0.5319848460014549,0.27364483333643985,,,,,,
Pré,tipo_estiagem_e_seca,Tipologia | Estiagem e Seca,Tipologia,3,Irrestrito K3,C_prop,1971,27,3,-8233.249382591623,-7657.860862954893,1.2013982088358126,4,0.01925273107239496,0.0422691850124259,-0.06763282306808861,0.10613828521287853,0.6525457244658587,26,0.01925273107239496,0.04634709712384885,-0.07313851846453695,0.11164398060932687,0.6790821645979626,72,0.019241761215440793,0.034378312037897936,-0.05142387122930909,0.08990739366019068,0.5804701602273914,26,0.019241761215440793,0.03396140866691344,-0.04845906963456587,0.08694259206544747,0.5727634207732678,72,1.0969856954167427e-05,0.01288833479730991,-0.026481381734001688,0.02650332144791002,0.999327380766736,26,1.0969856954167427e-05,0.015042148022828794,-0.029975004190889946,0.02999694390479828,0.9994201399210003,72,0.514379556020874,0.4714216517462232,,,,,,
Pré,tipo_estiagem_e_seca,Tipologia | Estiagem e Seca,Tipologia,3,Irrestrito K6,C_prop,1971,27,6,-8229.324120541289,-7637.1767119831,1.4671081684371519,7,-0.07468312544573044,0.05777884554146675,-0.19344924338701489,0.044082992495554,0.20752981187412878,26,-0.07468312544573044,0.08691455226724722,-0.24794411880321676,0.09857786791175588,0.39304308486716966,72,-0.07941654625063735,0.05031139635187794,-0.18283310255115212,0.024000010049877424,0.1265414188456193,26,-0.07941654625063735,0.07790796388511097,-0.23472323380841495,0.07589014130714025,0.3114434242576366,72,0.004733420804906906,0.013029166182933172,-0.022048413845082427,0.03151525545489624,0.719322274887691,26,0.004733420804906906,0.015488559069677532,-0.026142457400585548,0.03560929901039936,0.7607852914014784,72,0.03599199047461449,2.5627016758514387e-05,,,,,,
Pré,tipo_estiagem_e_seca,Tipologia | Estiagem e Seca,Tipologia,3,Almon K12 q2,C_prop,1971,27,12,-8235.979649632658,-7666.17742630308,13.513032815416976,3,-0.2485859213235645,0.12508169501640085,-0.505695027665126,0.008523185017997037,0.05750856964328066,26,-0.2485859213235645,0.17673179405944042,-0.600894313851848,0.103722471204719,0.1638561147345468,72,-0.2498001300919812,0.12089672441974009,-0.4983069061722517,-0.0012933540117106845,0.048903622365529274,26,-0.2498001300919812,0.16865049631248893,-0.5859987499903703,0.08639848980640785,0.1429243563710474,72,0.001214208768416728,0.015113905605313314,-0.02985286913617433,0.03228128667300779,0.9365842746382124,26,0.001214208768416728,0.017957633861077373,-0.03458368007709457,0.03701209761392803,0.9462793832030861,72,0.10468444380059493,0.4297528286160759,,,,,,
Pré,tipo_estiagem_e_seca,Tipologia | Estiagem e Seca,Tipologia,3,Somente defasado,C_prop,1971,27,12,-8236.410267347139,-7666.608044017561,1.500693551599959,3,-0.22897879488284414,0.12182465261492267,-0.4793929546852592,0.02143536491957096,0.07141760939956424,26,-0.22897879488284414,0.1647489769181722,-0.5573998780140381,0.0994422882483498,0.16885242532954123,72,-0.22897879488284414,0.12182465261492267,-0.4793929546852592,0.02143536491957096,0.07141760939956424,26,-0.22897879488284414,0.1647489769181722,-0.5573998780140381,0.0994422882483498,0.16885242532954123,72,0.0,0.0,0.0,0.0,,26,0.0,0.0,0.0,0.0,,72,0.06846405494304987,0.269700676444282,4999.0,0.1074,0.00437870391782774,0.2262,0.005916647023441571,0.1074
Pré,tipo_estiagem_e_seca,Tipologia | Estiagem e Seca,Tipologia,3,Região × tempo,C_prop,1971,27,12,-8040.4724392957905,-5861.81687950623,1.3018895112895637,3,-0.24727004311194822,0.17771710270627533,-0.6125727794750162,0.11803269325111981,0.17590533157207958,26,-0.24727004311194822,0.1912321872087792,-0.628484441085712,0.1339443548618155,0.2001323393484466,72,-0.23113316975275364,0.17219773406365105,-0.5850906813881851,0.1228243418826778,0.19111744541935524,26,-0.23113316975275364,0.17732244990075197,-0.5846190131811277,0.12235267367562044,0.1965695607777263,72,-0.016136873359194583,0.02065518939123297,-0.05859422321361793,0.02632047649522876,0.44171141896814653,26,-0.016136873359194583,0.019313552168255494,-0.054637735949435315,0.022363989231046145,0.4061886825800704,72,0.5229397045172224,0.45055700196827553,,,,,,
Pré,tipo_estiagem_e_seca,Tipologia | Estiagem e Seca,Tipologia,3,Ponderado CA2013,C_prop,1971,27,12,-17554.61209366411,-16984.80987033453,1.392039399265158,3,-0.08105901045767226,0.1560089946820636,-0.4017400917197335,0.23962207080438896,0.6077524905364414,26,-0.08105901045767226,0.1467106054579467,-0.3735212572809934,0.21140323636564884,0.5823105182522915,72,-0.07911294500456743,0.14795470138556147,-0.3832381892882046,0.22501229927906968,0.5973935651020925,26,-0.07911294500456743,0.13721913582497297,-0.3526542929204779,0.194428402911343,0.5660452929390105,72,-0.0019460654531048302,0.019834275052063616,-0.0427160017167615,0.038823870810551844,0.9225924641291033,26,-0.0019460654531048302,0.013187987869635024,-0.028235838788800968,0.024343707882591305,0.883099727007334,72,0.8246035965329276,0.5586715536946559,,,,,,
Pré,tipo_estiagem_e_seca,Tipologia | Estiagem e Seca,Tipologia,3,Mecanismo K6,C_prop,1971,27,6,-8235.785360635706,-7665.983137306128,1.3234730647199897,3,-0.07112637442687862,0.05589526427203641,-0.1860207356187727,0.043767986765015435,0.214460309690383,26,-0.07112637442687862,0.08459966461535293,-0.23977272358939822,0.09751997473564099,0.40327672039010953,72,-0.06783430212068703,0.04395734844027476,-0.1581899258843542,0.02252132164298014,0.13487115671160144,26,-0.06783430212068703,0.07617833513340794,-0.2196930377780938,0.08402443353671973,0.3761810117538667,72,-0.003292072306191582,0.01934120798379197,-0.04304849469579055,0.03646435008340739,0.8661623343181337,26,-0.003292072306191582,0.020574756432479382,-0.04430709964728122,0.03772295503489806,0.8733248576515694,72,0.0779482605170437,9.210193657844919e-05,,,,,,
Pré,tipo_granizo,Tipologia | Granizo,Tipologia,3,J alternativo,C_prop,1971,27,12,-8233.141576344411,-7657.753056707681,2.195687928394839,4,0.4805188325843302,1.9523108785778525,-3.5325136517151776,4.493551316883838,0.807515701131615,26,0.4805188325843302,2.2501570309622974,-4.005087227907059,4.96612489307572,0.8315023119954381,72,0.14477096714842824,1.7584854865251502,-3.469847717830254,3.7593896521271106,0.9350171598965936,26,0.14477096714842824,2.1214265828373056,-4.084215635085734,4.37375756938259,0.94578194182773,72,0.335747865435902,0.28234315784928304,-0.24461680732269103,0.916112538194495,0.24512860969747352,26,0.335747865435902,0.26214620972083696,-0.18683105278108875,0.8583267836528927,0.20438630816792253,72,0.20718719839084263,0.09304557829055872,,,,,,
Pré,tipo_granizo,Tipologia | Granizo,Tipologia,3,Exposição A,A,1971,27,12,-8235.428624764692,-7665.6264014351145,1.5000363595728716,3,0.02706922407145259,0.026987853785083123,-0.028405103869575274,0.08254355201248045,0.3250976778109156,26,0.02706922407145259,0.022004578623366387,-0.01679610171397495,0.07093454985688014,0.22264021739881118,72,0.019876987033349985,0.024216295955318247,-0.029900322197695017,0.06965429626439498,0.4192168019112126,26,0.019876987033349985,0.020682933362893438,-0.02135368707727339,0.061107661143973355,0.3397518422161119,72,0.007192237038102603,0.00401321686280652,-0.0010570483670541957,0.015441522443259402,0.0847568125560885,26,0.007192237038102603,0.002221057965481942,0.0027646389044702104,0.011619835171734996,0.0018204663636742654,72,0.34596033886484573,0.01187990568023104,,,,,,
Pré,tipo_granizo,Tipologia | Granizo,Tipologia,3,Exposição B,B,1971,27,12,-8235.428624764692,-7665.6264014351145,1.5000363595728716,3,0.02706922407145259,0.026987853785083123,-0.028405103869575274,0.08254355201248045,0.3250976778109156,26,0.02706922407145259,0.022004578623366387,-0.01679610171397495,0.07093454985688014,0.22264021739881118,72,0.019876987033349985,0.024216295955318247,-0.029900322197695017,0.06965429626439498,0.4192168019112126,26,0.019876987033349985,0.020682933362893438,-0.02135368707727339,0.061107661143973355,0.3397518422161119,72,0.007192237038102603,0.00401321686280652,-0.0010570483670541957,0.015441522443259402,0.0847568125560885,26,0.007192237038102603,0.002221057965481942,0.0027646389044702104,0.011619835171734996,0.0018204663636742654,72,0.34596033886484573,0.01187990568023104,,,,,,
Pré,tipo_granizo,Tipologia | Granizo,Tipologia,3,Exposição C,C,1971,27,12,-8235.466151687719,-7665.663928358141,1.5030995580411375,3,0.02743492610235096,0.026824005825825465,-0.027702607534961225,0.08257245973966315,0.31583684821219576,26,0.02743492610235096,0.021886164946983058,-0.01619434633341192,0.07106419853811384,0.214068710189428,72,0.02014103438685503,0.024057375680794302,-0.029309609541508796,0.06959167831521886,0.41010530621300406,26,0.02014103438685503,0.020572919337688168,-0.02087033077269982,0.06115239954640988,0.33085461277041367,72,0.007293891715495929,0.004040156055164857,-0.0010107679926066948,0.015598551423598554,0.08261356867223767,26,0.007293891715495929,0.002222333838002829,0.002863750176477443,0.011724033254514415,0.0015911768865942773,72,0.3414938871255797,0.01045471217159376,,,,,,
Pré,tipo_granizo,Tipologia | Granizo,Tipologia,3,Irrestrito K3,C_prop,1971,27,3,-8232.70955325668,-7657.32103361995,1.1897747850651508,4,0.7367153287377337,0.529843290546854,-0.35239315284873407,1.8258238103242015,0.17618388571759824,26,0.7367153287377337,0.5044322262347766,-0.2688519361114323,1.7422825935868997,0.14850713365141952,72,-0.08977518295499975,0.4525507498525791,-1.0200065717568831,0.8404562058468836,0.8442939281871761,26,-0.08977518295499975,0.43906172274611277,-0.9650287307651716,0.7854783648551721,0.8385627150008227,72,0.8264905116927336,0.3743218651344229,0.05706089838121986,1.5959201250042474,0.03627028282499331,26,0.8264905116927336,0.31266992389909615,0.20319441000894534,1.4497866133765218,0.010067958382883052,72,0.2964436902300901,0.0021199576686951696,,,,,,
Pré,tipo_granizo,Tipologia | Granizo,Tipologia,3,Irrestrito K6,C_prop,1971,27,6,-8228.607958903076,-7636.460550344887,1.2932061815890135,7,-0.08411184358184531,0.8888285053010379,-1.911125002133072,1.7429013149693813,0.9253324827966986,26,-0.08411184358184531,0.5761710277887178,-1.232687795644779,1.0644641084810884,0.8843418410343574,72,-0.8341053038930757,0.7518294262412055,-2.3795128223698545,0.7113022145837031,0.2773993874005998,26,-0.8341053038930757,0.6206848991949175,-2.0714180368153405,0.40320742902918894,0.183217620439269,72,0.7499934603112303,0.41036477803286187,-0.09352342151746573,1.5935103421399264,0.07910485252529133,26,0.7499934603112303,0.2794072146970572,0.19300535755017523,1.3069815630722852,0.009015149527476615,72,5.1738701189988124e-05,1.1299714322893758e-06,,,,,,
Pré,tipo_granizo,Tipologia | Granizo,Tipologia,3,Almon K12 q2,C_prop,1971,27,12,-8235.109246180706,-7665.307022851128,13.97988392047639,3,0.4802119770807691,1.9562854336651772,-3.540990322206243,4.501414276367781,0.8080188117952473,26,0.4802119770807691,2.251070514719227,-4.007215079998797,4.967639034160335,0.8316755562731938,72,0.09113277564074118,1.8692489509788075,-3.751163471248507,3.9334290225299897,0.9614881835787937,26,0.09113277564074118,2.121580578218699,-4.138160810775663,4.320426362057145,0.9658562029086754,72,0.38907920144002794,0.21971957892899519,-0.06256086129473809,0.840719264174794,0.08831901329208534,26,0.38907920144002794,0.20694313376022327,-0.023454396081811546,0.8016127989618674,0.06413633491807123,72,0.1347487902145403,0.07921845505125266,,,,,,
Pré,tipo_granizo,Tipologia | Granizo,Tipologia,3,Somente defasado,C_prop,1971,27,12,-8234.742077605259,-7664.939854275681,1.6607962265382583,3,-0.2502728082654243,1.8986590557721006,-4.153022391350858,3.65247677482001,0.8961449420427784,26,-0.2502728082654243,2.3300156755528034,-4.8950741672309865,4.394528550700138,0.9147604868055141,72,-0.2502728082654243,1.8986590557721006,-4.153022391350858,3.65247677482001,0.8961449420427784,26,-0.2502728082654243,2.3300156755528034,-4.8950741672309865,4.394528550700138,0.9147604868055141,72,0.0,0.0,0.0,0.0,,26,0.0,0.0,0.0,0.0,,72,0.16025847370812937,0.13240906411411937,9999.0,0.8906,0.003121404171202442,0.5228,0.004994798894850523,0.8906
Pré,tipo_granizo,Tipologia | Granizo,Tipologia,3,Região × tempo,C_prop,1971,27,12,-8039.905956060569,-5861.250396271009,1.6319126326799898,3,3.6256909300736893,2.2699139019931667,-1.0401839186579793,8.291565778805358,0.12228709526410896,26,3.6256909300736893,1.9402245358781658,-0.242075993342874,7.493457853490252,0.06573303884920209,72,3.152129116519436,2.2017775689540504,-1.3736894938091537,7.677947726848025,0.16416214149673058,26,3.152129116519436,1.8708130558720606,-0.577268550396878,6.881526783435749,0.0963384189209212,72,0.47356181355425325,0.2683392640953088,-0.07801744333741861,1.0251410704459252,0.08934529912083741,26,0.47356181355425325,0.17347108653138127,0.12775352268469575,0.8193701044238108,0.007958455374760334,72,2.0037003647740755e-05,0.03825439201843275,,,,,,
Pré,tipo_granizo,Tipologia | Granizo,Tipologia,3,Ponderado CA2013,C_prop,1971,27,12,-17575.064867847486,-17005.26264451791,1.47545820234269,3,0.7368689654998202,1.8777310137340002,-3.122862411083143,4.596600342082783,0.6979427207998202,26,0.7368689654998202,2.3012444112323633,-3.850577926276147,5.324315857275787,0.7497406734238793,72,0.2913564729895401,1.7476694094790983,-3.3010294472103534,3.8837423931894333,0.8688868736566572,26,0.2913564729895401,2.10804613569679,-3.91095669536436,4.49366964134344,0.8904589908988921,72,0.4455124925102801,0.14723834245205675,0.14285974510309668,0.7481652399174634,0.005527732168975402,26,0.4455124925102801,0.26678576743578764,-0.08631521497688982,0.97734019999745,0.09927634131570506,72,6.509214684936087e-09,2.4373797526475485e-05,,,,,,
Pré,tipo_granizo,Tipologia | Granizo,Tipologia,3,Mecanismo K6,C_prop,1971,27,6,-8234.795272282165,-7664.993048952587,1.8515864831602393,3,-0.07706748384971995,0.8917877371261294,-1.9101634305331912,1.756028462833751,0.9317953724954827,26,-0.07706748384971995,0.5917033376624897,-1.2566065297521205,1.1024715620526808,0.8967343574282104,72,-0.36778356887977404,0.7062566243421676,-1.8195148514516406,1.0839477136920928,0.6069474467781953,26,-0.36778356887977404,0.5912170976347746,-1.546353313002272,0.8107861752427238,0.535855140869231,72,0.2907160850300541,0.3155213623376622,-0.35784736377571535,0.9392795338358235,0.365321421250827,26,0.2907160850300541,0.23151282370241397,-0.17079629423572124,0.7522284642958295,0.21327605050680656,72,0.06246084574636653,0.08064728523435787,,,,,,
Pré,tipo_incendio_florestal,Tipologia | Incêndio Florestal,Tipologia,3,J alternativo,C_prop,1971,27,12,-8235.90967206704,-7660.52115243031,1.8040487823610045,4,-0.6115454658757108,0.4512811474079224,-1.5391671494772294,0.31607621772580785,0.18703300000401876,26,-0.6115454658757108,0.8174815499029742,-2.2411651520255687,1.0180742202741473,0.4568456599745287,72,-0.41547597262078595,0.439014295655483,-1.3178827813256975,0.4869308360841256,0.35266609983447345,26,-0.41547597262078595,0.7858250099917142,-1.9819894998109697,1.1510375545693978,0.5986306030757325,72,-0.19606949325492481,0.03211057525463465,-0.2620737259825837,-0.1300652605272659,1.8738366147040296e-06,26,-0.19606949325492481,0.08583433509387485,-0.3671771130332109,-0.02496187347663878,0.02530545686732332,72,8.593817524403834e-06,0.005274749261564493,,,,,,
Pré,tipo_incendio_florestal,Tipologia | Incêndio Florestal,Tipologia,3,Exposição A,A,1971,27,12,-8234.31551652816,-7664.513293198583,2.8394234339199653,3,-0.01972581507943388,0.015977463399119676,-0.05256796145116341,0.013116331292295644,0.22802067403743564,26,-0.01972581507943388,0.01844498980129504,-0.056495230235765345,0.01704360007689758,0.2884435745107032,72,-0.017881193071125918,0.015306029772462688,-0.04934318785716725,0.013580801714915419,0.25330899652145944,26,-0.017881193071125918,0.0208676981805232,-0.05948018911409515,0.023717802971843314,0.3943521874071229,72,-0.0018446220083079606,0.0032584449234894747,-0.008542451472737002,0.00485320745612108,0.5761764739622944,26,-0.0018446220083079606,0.0030646965908940785,-0.00795398300512815,0.004264738988512228,0.5491355082888428,72,0.6609417306284993,0.11659691481663188,,,,,,
Pré,tipo_incendio_florestal,Tipologia | Incêndio Florestal,Tipologia,3,Exposição B,B,1971,27,12,-8234.31551652816,-7664.513293198583,2.8394234339199653,3,-0.01972581507943388,0.015977463399119676,-0.05256796145116341,0.013116331292295644,0.22802067403743564,26,-0.01972581507943388,0.01844498980129504,-0.056495230235765345,0.01704360007689758,0.2884435745107032,72,-0.017881193071125918,0.015306029772462688,-0.04934318785716725,0.013580801714915419,0.25330899652145944,26,-0.017881193071125918,0.0208676981805232,-0.05948018911409515,0.023717802971843314,0.3943521874071229,72,-0.0018446220083079606,0.0032584449234894747,-0.008542451472737002,0.00485320745612108,0.5761764739622944,26,-0.0018446220083079606,0.0030646965908940785,-0.00795398300512815,0.004264738988512228,0.5491355082888428,72,0.6609417306284993,0.11659691481663188,,,,,,
Pré,tipo_incendio_florestal,Tipologia | Incêndio Florestal,Tipologia,3,Exposição C,C,1971,27,12,-8234.691776965363,-7664.889553635785,2.6402484550423213,3,-0.029291380348195832,0.02264906928810882,-0.0758472090277657,0.017264448331374034,0.20729055572900576,26,-0.029291380348195832,0.026449318689644674,-0.08201713351903142,0.02343437282263975,0.2717841600392197,72,-0.026412225950699246,0.021397900248847534,-0.07039623983734902,0.01757178793595053,0.2281177934667896,26,-0.026412225950699246,0.029490391065039156,-0.0852002461054656,0.03237579420406711,0.3734395543823638,72,-0.0028791543974965865,0.004461312287045218,-0.012049513138497196,0.006291204343504024,0.5243484424693291,26,-0.0028791543974965865,0.0038590615039370006,-0.010572052907102367,0.0048137441121091935,0.4580503618600749,72,0.6405372963460414,0.05325987828188891,,,,,,
Pré,tipo_incendio_florestal,Tipologia | Incêndio Florestal,Tipologia,3,Irrestrito K3,C_prop,1971,27,3,-8242.927947872224,-7667.539428235494,1.0638571908232035,4,-0.21906441519133674,0.07542836376321732,-0.3741096374152933,-0.06401919296738018,0.007415690748586574,26,-0.21906441519133674,0.19603053568333248,-0.6098441460292701,0.1717153156465966,0.2674950373503678,72,0.2410789082305881,0.05967681468867595,0.11841145883357924,0.363746357627597,0.000421451239907161,26,0.2410789082305881,0.16268409539018452,-0.08322590880508932,0.5653837252662656,0.14273483692629912,72,-0.4601433234219249,0.05455410587188619,-0.5722808940404269,-0.3480057528034228,6.4672960690678475e-09,26,-0.4601433234219249,0.048037656103369644,-0.5559046406918245,-0.3643820061520252,1.7626498036928408e-14,72,3.764356195265862e-10,5.53232931484619e-23,,,,,,
Pré,tipo_incendio_florestal,Tipologia | Incêndio Florestal,Tipologia,3,Irrestrito K6,C_prop,1971,27,6,-8237.67490543729,-7645.527496879102,1.0922622052236817,7,-0.29778991779985214,0.337911478167821,-0.992376908829137,0.39679707322943264,0.386248233212968,26,-0.29778991779985214,0.40005914104558166,-1.0952932399842623,0.49971340438455797,0.4590784490763391,72,0.16263912027351035,0.3063943949352378,-0.46716357835104183,0.7924418188980625,0.6000514826943694,26,0.16263912027351035,0.36966968645124004,-0.5742839313663545,0.8995621719133752,0.6612854326354642,72,-0.46042903807336244,0.05638207561607413,-0.5763240543139914,-0.3445340218327335,1.2003057653370942e-08,26,-0.46042903807336244,0.04930986800971584,-0.5587264634276368,-0.36213161271908817,4.931155202923682e-14,72,1.1438792780650008e-10,3.406451337499508e-24,,,,,,
Pré,tipo_incendio_florestal,Tipologia | Incêndio Florestal,Tipologia,3,Almon K12 q2,C_prop,1971,27,12,-8237.779736658453,-7667.977513328875,18.82491291472847,3,-0.5960379379633752,0.45907525126878446,-1.539680631498736,0.34760475557198545,0.20556791655062728,26,-0.5960379379633752,0.8186288766694514,-2.2279447782212616,1.035868902294511,0.4689180113473401,72,-0.42893458411475904,0.43648156744288985,-1.326135295418604,0.4682661271890859,0.3348072426352328,26,-0.42893458411475904,0.7897670902726414,-2.0033065047218273,1.145437336492309,0.5887279334494824,72,-0.1671033538486161,0.04058538703903569,-0.2505278116860689,-0.08367889601116331,0.00034407020956228645,26,-0.1671033538486161,0.06230426830421496,-0.29130464276059465,-0.042902064936637535,0.0090685765132691,72,7.0066903703281e-05,0.02519496036443979,,,,,,
Pré,tipo_incendio_florestal,Tipologia | Incêndio Florestal,Tipologia,3,Somente defasado,C_prop,1971,27,12,-8235.674844947358,-7665.87262161778,1.8635706864510504,3,-0.17519026862629714,0.3956260701959319,-0.9884113026086271,0.6380307653560328,0.6615599037611065,26,-0.17519026862629714,0.7911660554020202,-1.7523509752498125,1.4019704379972182,0.8253821156857398,72,-0.17519026862629714,0.3956260701959319,-0.9884113026086271,0.6380307653560328,0.6615599037611065,26,-0.17519026862629714,0.7911660554020202,-1.7523509752498125,1.4019704379972182,0.8253821156857398,72,0.0,0.0,0.0,0.0,,26,0.0,0.0,0.0,0.0,,72,7.469035508165545e-07,0.0030936393907447907,4999.0,0.5626,0.0070154292812343285,0.2616,0.0062155521074157205,0.5626
Pré,tipo_incendio_florestal,Tipologia | Incêndio Florestal,Tipologia,3,Região × tempo,C_prop,1971,27,12,-8041.954992920226,-5863.299433130665,1.813794483242211,3,-0.6281935169431709,0.5750561539697153,-1.8102383703006697,0.5538513364143278,0.28467487292595733,26,-0.6281935169431709,0.8468679263829622,-2.3163938739620944,1.0600068400757523,0.4606307906299785,72,-0.47988650647792186,0.5308221155189896,-1.5710069916098932,0.6112339786540495,0.3742728302603115,26,-0.47988650647792186,0.8031404979239251,-2.080917827999941,1.1211448150440975,0.5520398886072252,72,-0.14830701046524902,0.06652768501014757,-0.2850566254883675,-0.011557395442130497,0.03465089923518208,26,-0.14830701046524902,0.08884422728623027,-0.3254147406685756,0.028800719738077574,0.09940222813440273,72,0.0020230762631836033,0.11460976738345921,,,,,,
Pré,tipo_incendio_florestal,Tipologia | Incêndio Florestal,Tipologia,3,Ponderado CA2013,C_prop,1971,27,12,-17556.426065904947,-16986.62384257537,2.4854814138333494,3,-0.3144008597169222,0.597956517787567,-1.5435180850576473,0.9147163656238028,0.6034887806134923,26,-0.3144008597169222,0.6279570729642727,-1.5662104060988304,0.9374086866649861,0.6181287026147979,72,-0.16239430358064352,0.5826508643971653,-1.3600503077997337,1.0352617006384468,0.7826673807615774,26,-0.16239430358064352,0.67665704434496,-1.5112854686074277,1.1864968614461409,0.8110161037327223,72,-0.15200655613627867,0.08081951993123082,-0.3181334585719081,0.014120346299350744,0.07124259737415001,26,-0.15200655613627867,0.08312246022597994,-0.31770815216807025,0.013695039895512878,0.07158520921984333,72,0.2968333236643621,0.012100346671721138,,,,,,
Pré,tipo_incendio_florestal,Tipologia | Incêndio Florestal,Tipologia,3,Mecanismo K6,C_prop,1971,27,6,-8239.957141735193,-7670.154918405615,1.7491007983112108,3,-0.2945928179017306,0.33914999172354865,-0.9917256100049718,0.4025399742015106,0.39300208356553235,26,-0.2945928179017306,0.4080118380298116,-1.1079495517809048,0.5187639159774435,0.4726204972944551,72,-0.008580510774343119,0.29089012649846874,-0.606513729202495,0.5893527076538089,0.9766931305413663,26,-0.008580510774343119,0.3751571128380937,-0.7564425469911397,0.7392815254424535,0.9818158204880147,72,-0.2860123071273875,0.06247352040616246,-0.41442846745791073,-0.1575961467968643,0.00010236290727376776,26,-0.2860123071273875,0.061142505342024984,-0.4078976639011432,-0.16412695035363184,1.3227744819719595e-05,72,6.414806835841972e-06,2.1437410621050494e-07,,,,,,
Pré,tipo_inundacoes,Tipologia | Inundações,Tipologia,3,J alternativo,C_prop,1971,27,12,-8238.20493463779,-7662.81641500106,2.5701333024605644,4,0.977166694864229,0.6646949966642047,-0.38913343849767035,2.3434668282261284,0.15353386532971047,26,0.977166694864229,0.4987664930058323,-0.017106137214611072,1.9714395269430691,0.0539658919564672,72,0.8663543236262256,0.5826646085439425,-0.33132993209117434,2.0640385793436256,0.1490731110812698,26,0.8663543236262256,0.44324201055831675,-0.0172324756357356,1.7499411228881867,0.054515431612534214,72,0.11081237123800347,0.10889229756654728,-0.1130189520514942,0.33464369452750115,0.31822906323598393,26,0.11081237123800347,0.08206470207198661,-0.052780622451462866,0.2744053649274698,0.18114751899808418,72,0.0067549329541410595,0.00043059029586501354,,,,,,
Pré,tipo_inundacoes,Tipologia | Inundações,Tipologia,3,Exposição A,A,1971,27,12,-8235.249369174513,-7665.447145844935,1.6343221922717908,3,0.004455691549043817,0.014004626728533883,-0.024331230968662416,0.033242614066750054,0.7529061737042716,26,0.004455691549043817,0.012070136827627318,-0.019605686461454948,0.028517069559542578,0.7130992862604373,72,0.002580180075941087,0.013489005702515584,-0.02514686824360129,0.030307228395483467,0.849791961931688,26,0.002580180075941087,0.011063138874728635,-0.019473784203751066,0.024634144355633242,0.8162499101245485,72,0.0018755114731027302,0.0030158797052434677,-0.0043237180444308096,0.00807474099063627,0.5394370315896251,26,0.0018755114731027302,0.0027648914528099503,-0.0036361989038487174,0.007387221850054178,0.4997362652487693,72,0.43649972059471975,0.35138256818696656,,,,,,
Pré,tipo_inundacoes,Tipologia | Inundações,Tipologia,3,Exposição B,B,1971,27,12,-8235.220162344505,-7665.4179390149275,1.6363730155797704,3,0.00445943664214301,0.013955401747757723,-0.0242263024784612,0.03314517576274722,0.7518636464406462,26,0.00445943664214301,0.01203466323812288,-0.019531226060099938,0.028450099344385957,0.7120611428221446,72,0.002605270225379172,0.013436446287619322,-0.025013740669566093,0.03022428112032444,0.8477644164109474,26,0.002605270225379172,0.011037466230971474,-0.01939751657432319,0.024608057025081537,0.8140727296755165,72,0.0018541664167638374,0.003013858097357609,-0.004340907626246927,0.008049240459774601,0.5437614573273161,26,0.0018541664167638374,0.0027732286858535267,-0.0036741639305067496,0.007382496764034425,0.5058919218723918,72,0.439094114786846,0.35836625345578216,,,,,,
Pré,tipo_inundacoes,Tipologia | Inundações,Tipologia,3,Exposição C,C,1971,27,12,-8235.295782115936,-7665.493558786358,1.637677880253701,3,0.005273672161712833,0.014109878809661596,-0.023729599107229844,0.03427694343065551,0.711615316680205,26,0.005273672161712833,0.012269327879819571,-0.01918478595413623,0.0297321302775619,0.6686061355799167,72,0.0033182285421148898,0.013619180159465628,-0.024676397205847654,0.031312854290077435,0.8094189205539325,26,0.0033182285421148898,0.011237142614152306,-0.019082605852581275,0.025719062936811057,0.7686213617831407,72,0.001955443619597944,0.003070228747028094,-0.004355501953285927,0.008266389192481814,0.5297552439879484,26,0.001955443619597944,0.0028217915751126642,-0.003669695078102569,0.007580582317298457,0.4905517520810685,72,0.4264573053118731,0.3193125850637635,,,,,,
Pré,tipo_inundacoes,Tipologia | Inundações,Tipologia,3,Irrestrito K3,C_prop,1971,27,3,-8233.437046998244,-7658.048527361514,1.7335200739711867,4,0.16919201247123195,0.3381720975545973,-0.5259306893798525,0.8643147143223164,0.6210630818366635,26,0.16919201247123195,0.2879042568541381,-0.40473463425435385,0.7431186591968177,0.5585940453778794,72,0.11320956684525893,0.3289444235566694,-0.5629453794528854,0.7893645131434033,0.7334938773146658,26,0.11320956684525893,0.24984425584566805,-0.3848458545228277,0.6112649882133456,0.6518245463772616,72,0.05598244562597301,0.07298079350527324,-0.09403172387963277,0.2059966151315788,0.4499411575218487,26,0.05598244562597301,0.07082313667395929,-0.08520089701027908,0.1971657882622251,0.4318584501847246,72,0.16165611596253435,0.4701871893355195,,,,,,
Pré,tipo_inundacoes,Tipologia | Inundações,Tipologia,3,Irrestrito K6,C_prop,1971,27,6,-8236.136748680608,-7643.98934012242,1.9094840568622913,7,-0.06182758388201309,0.1695700909704471,-0.4103838977851172,0.286728730021091,0.7183486682747078,26,-0.06182758388201309,0.42344953109842104,-0.9059587964467688,0.7823036286827425,0.8843220401532943,72,-0.09673284615097633,0.17795359171511912,-0.46252169263363824,0.2690560003316856,0.5913581961850621,26,-0.09673284615097633,0.3682901024286382,-0.8309057473046355,0.6374400550026829,0.793567417122874,72,0.03490526226896323,0.08118827724789497,-0.1319796316867843,0.20179015622471078,0.670789101144083,26,0.03490526226896323,0.08428398333620112,-0.13311178776489002,0.2029223123028165,0.6800036701949141,72,1.584971706247057e-07,0.02353219569057283,,,,,,
Pré,tipo_inundacoes,Tipologia | Inundações,Tipologia,3,Almon K12 q2,C_prop,1971,27,12,-8240.19848304908,-7670.396259719502,14.10528748583679,3,0.9789387832658368,0.6640826816376997,-0.386102718533358,2.3439802850650318,0.1524548179586518,26,0.9789387832658368,0.49989168053739086,-0.01757706916282742,1.975454635694501,0.05406927107809716,72,0.8792220694473892,0.5714805422300994,-0.29547300871817195,2.0539171476129505,0.1360093854145096,26,0.8792220694473892,0.4641260990250989,-0.04599639929604549,1.804440538190824,0.06219366519429415,72,0.09971671381844756,0.09886034460340526,-0.10349363482823108,0.3029270624651262,0.3224320702936237,26,0.09971671381844756,0.09572227459318822,-0.09110215310107651,0.29053558073797164,0.30102249758262467,72,0.014035799840219312,0.0012991632491889903,,,,,,
Pré,tipo_inundacoes,Tipologia | Inundações,Tipologia,3,Somente defasado,C_prop,1971,27,12,-8240.216983660186,-7670.414760330608,1.8245547540563374,3,0.9293854214823025,0.6409563050679963,-0.3881191324687263,2.2468899754333314,0.15901601376944635,26,0.9293854214823025,0.42504104420115535,0.08208158553138101,1.776689257433224,0.03202397547022352,72,0.9293854214823025,0.6409563050679963,-0.3881191324687263,2.2468899754333314,0.15901601376944635,26,0.9293854214823025,0.42504104420115535,0.08208158553138101,1.776689257433224,0.03202397547022352,72,0.0,0.0,0.0,0.0,,26,0.0,0.0,0.0,0.0,,72,0.01780860807533536,0.0008879299192712597,9999.0,0.2232,0.004163913543771052,0.7381,0.004396685001225355,0.2232
Pré,tipo_inundacoes,Tipologia | Inundações,Tipologia,3,Região × tempo,C_prop,1971,27,12,-8045.822761779438,-5867.167201989878,1.6635480975808326,3,1.1191557089916524,0.41802577114993306,0.25989143028157624,1.9784199877017286,0.012686315764333092,26,1.1191557089916524,0.6957505502878865,-0.2677976644921978,2.5061090824755023,0.11208930884745706,72,0.9961188768317527,0.3332430273216963,0.31112802394953454,1.6811097297139708,0.0060422047544492555,26,0.9961188768317527,0.6563288010453346,-0.3122486758029902,2.3044864294664955,0.13346554937513339,72,0.12303683215989969,0.09559019487133709,-0.07345162744374273,0.3195252917635421,0.20939084597993432,26,0.12303683215989969,0.10740261328574388,-0.09106636438950505,0.33714002870930443,0.25576800230107644,72,0.00044485097590304295,0.06375398951533158,,,,,,
Pré,tipo_inundacoes,Tipologia | Inundações,Tipologia,3,Ponderado CA2013,C_prop,1971,27,12,-17555.725060697525,-16985.922837367947,1.6345973564563097,3,0.09220671607619099,0.37262518834128894,-0.6737353281391737,0.8581487602915557,0.8065023931827638,26,0.09220671607619099,0.39079970342900344,-0.6868382545717919,0.871251686724174,0.8141462607517834,72,0.025385730541362957,0.3841945323652246,-0.7643374409009885,0.8151089019837144,0.9478234197531477,26,0.025385730541362957,0.35307822856170873,-0.6784628542779165,0.7292343153606424,0.9428821775100465,72,0.066820985534828,0.06713596096098202,-0.07117895861204925,0.20482092968170523,0.32875973944440023,26,0.066820985534828,0.05810389758146887,-0.04900701737488304,0.18264898844453903,0.253938722445689,72,0.34939291267549294,0.24306795149419724,,,,,,
Pré,tipo_inundacoes,Tipologia | Inundações,Tipologia,3,Mecanismo K6,C_prop,1971,27,6,-8237.815702720809,-7668.013479391231,2.2712127266635598,3,-0.06305996563490344,0.18342870349241513,-0.44010306555565765,0.31398313428585073,0.733773013327637,26,-0.06305996563490344,0.42036291635007444,-0.9010381241545089,0.774918192884702,0.881173685460552,72,-0.06328518047353641,0.23385830599135654,-0.5439878129099228,0.41741745196285,0.7888251128153738,26,-0.06328518047353641,0.3709147983238305,-0.8026903172678285,0.6761199563207557,0.865001768398003,72,0.00022521483863297383,0.0631046031358552,-0.12948815462099278,0.12993858429825872,0.9971796683258858,26,0.00022521483863297383,0.09181870893384911,-0.18281203615892616,0.1832624658361921,0.9980497175129981,72,0.08228002299178018,0.2883761465540276,,,,,,
Pré,tipo_movimento_de_massa,Tipologia | Movimento de Massa,Tipologia,3,J alternativo,C_prop,1971,27,12,-8234.605340809278,-7659.2168211725475,2.7898972492814207,4,-0.47369672204270674,1.203404383577454,-2.947329859078044,1.9999364149926304,0.6970634012005824,26,-0.47369672204270674,1.1034541604958328,-2.673392388472611,1.7259989443871975,0.6689974308773389,72,-0.5030123365637326,1.3556213847126068,-3.289532000494312,2.283507327366847,0.7136017049934179,26,-0.5030123365637326,0.9689204185345619,-2.434519889907154,1.4284952167796887,0.6052502581702386,72,0.029315614521025962,0.3302980661520113,-0.6496217839812446,0.7082530130232965,0.929956730634808,26,0.029315614521025962,0.31450207067555314,-0.5976328050104063,0.6562640340524581,0.9259934097224352,72,0.0985929656033863,0.05262088860766488,,,,,,
Pré,tipo_movimento_de_massa,Tipologia | Movimento de Massa,Tipologia,3,Exposição A,A,1971,27,12,-8239.084985733181,-7669.282762403604,2.240153472046914,3,0.00453698855441005,0.016148252358965345,-0.028656219552077443,0.037730196660897546,0.7809660003285991,26,0.00453698855441005,0.016167878128011116,-0.027693087444009452,0.036767064552829555,0.7798086028715548,72,-0.0019857524436467816,0.013964848917146399,-0.03069091049904126,0.026719405611747696,0.8880209774222156,26,-0.0019857524436467816,0.013963397473904413,-0.029821276574693644,0.02584977168740008,0.8873103309044872,72,0.006522740998056825,0.004572457491252417,-0.0028760799821556564,0.015921561978269307,0.1656144521682641,26,0.006522740998056825,0.004502147008859151,-0.002452125035859616,0.015497607031973264,0.15173292023595278,72,0.029049867230614573,0.008915036397587806,,,,,,
Pré,tipo_movimento_de_massa,Tipologia | Movimento de Massa,Tipologia,3,Exposição B,B,1971,27,12,-8239.083242794835,-7669.2810194652575,2.249141602238754,3,0.004369731060654551,0.01627939427874131,-0.029093043122572583,0.03783250524388169,0.7904935936756441,26,0.004369731060654551,0.01624442291164642,-0.028012934175159945,0.03675239629646905,0.7886999056411853,72,-0.002215742025709713,0.014051706655512862,-0.031099438719290395,0.02666795466787097,0.8759233461181924,26,-0.002215742025709713,0.013996849447866068,-0.030117951448082055,0.02568646739666263,0.8746612763693582,72,0.006585473086364259,0.004615700242886879,-0.0029022346428407824,0.0160731808155693,0.16554976897103077,26,0.006585473086364259,0.004505961348168829,-0.0023969966939969105,0.015567942866725429,0.14822845229718085,72,0.029540184715679787,0.009130525194807415,,,,,,
Pré,tipo_movimento_de_massa,Tipologia | Movimento de Massa,Tipologia,3,Exposição C,C,1971,27,12,-8238.89312319231,-7669.090899862733,2.1469782057486753,3,0.0028145148655498156,0.017986010803416597,-0.03415625982462176,0.039785289555721394,0.8768606358882832,26,0.0028145148655498156,0.017388112701848226,-0.03184805429859514,0.037477084029694775,0.8718660861128299,72,-0.004488238310356112,0.015733341444808584,-0.03682858481838016,0.027852108197667935,0.7776980837948981,26,-0.004488238310356112,0.014997115801083403,-0.03438444226482495,0.025407965644112726,0.7655936074105929,72,0.00730275317590593,0.004676437649669829,-0.0023098020809682917,0.016915308432780152,0.13047179098553915,26,0.00730275317590593,0.004543482983012808,-0.0017545146164783037,0.016360020968290163,0.11236484865219469,72,0.0284416652120782,0.01232971220635972,,,,,,
Pré,tipo_movimento_de_massa,Tipologia | Movimento de Massa,Tipologia,3,Irrestrito K3,C_prop,1971,27,3,-8232.781013796659,-7657.392494159929,1.553476142483777,4,0.4983911805182061,0.5332134421273732,-0.5976447468547076,1.5944271078911196,0.35854671912450975,26,0.4983911805182061,0.8573868929279629,-1.2107783530671115,2.2075607141035234,0.5628598187080989,72,0.5600107907701518,0.5856244390157982,-0.6437574836155396,1.7637790651558434,0.34774719664766873,26,0.5600107907701518,0.6135803460703801,-0.6631392743409338,1.7831608558812375,0.364449792981821,72,-0.061619610251945664,0.38832083519876176,-0.8598245186413882,0.736585298137497,0.8751453889291633,26,-0.061619610251945664,0.3857660749484817,-0.830630225915897,0.7073910054120057,0.8735385900936059,72,0.22144212204282768,0.058934776451617044,,,,,,
Pré,tipo_movimento_de_massa,Tipologia | Movimento de Massa,Tipologia,3,Irrestrito K6,C_prop,1971,27,6,-8230.381964521583,-7638.234555963394,1.7488639303531834,7,-0.3840843025029644,0.5075186168664081,-1.4273037601311798,0.6591351551252511,0.4559801152625692,26,-0.3840843025029644,0.8842687369441496,-2.1468418127392375,1.3786732077333088,0.6653314456195265,72,-0.30007990761603526,0.47977871689845947,-1.2862791842351238,0.6861193690030534,0.5371243770628371,26,-0.30007990761603526,0.6467152525865884,-1.589283201651929,0.9891233864198585,0.6440431499960949,72,-0.08400439488692907,0.42484554298932525,-0.9572869153777035,0.7892781256038455,0.8447946768596519,26,-0.08400439488692907,0.34995259106345344,-0.7816221352308446,0.6136133454569863,0.8109774317653388,72,0.0141884844358684,0.00036275282372684155,,,,,,
Pré,tipo_movimento_de_massa,Tipologia | Movimento de Massa,Tipologia,3,Almon K12 q2,C_prop,1971,27,12,-8235.607799574525,-7665.805576244948,22.721179702312895,3,-0.47889395315202765,1.192086794229499,-2.9292634521081724,1.9714755458041169,0.6911678098498959,26,-0.47889395315202765,1.125933224543542,-2.7234008147736994,1.765612908469644,0.6718642067300953,72,-0.7625634982085429,1.1135178781722113,-3.051432277246672,1.526305280829586,0.49951515548810194,26,-0.7625634982085429,0.9175112128162417,-2.5915886729614677,1.0664616765443822,0.4086526422621995,72,0.28366954505651504,0.23115389390324964,-0.19147408871854604,0.7588131788315762,0.23074781018697937,26,0.28366954505651504,0.2940396342808247,-0.3024877530368902,0.8698268431499203,0.33790807762763764,72,0.07622203514873567,0.1083646045814035,,,,,,
Pré,tipo_movimento_de_massa,Tipologia | Movimento de Massa,Tipologia,3,Somente defasado,C_prop,1971,27,12,-8236.997074561279,-7667.194851231701,2.210498171820324,3,-0.3644889298246407,1.2893137206920235,-3.01471123835327,2.285733378703989,0.7796453227560313,26,-0.3644889298246407,1.0143803291699218,-2.3866191587633567,1.6576412991140754,0.7204060734229784,72,-0.3644889298246407,1.2893137206920235,-3.01471123835327,2.285733378703989,0.7796453227560313,26,-0.3644889298246407,1.0143803291699218,-2.3866191587633567,1.6576412991140754,0.7204060734229784,72,0.0,0.0,0.0,0.0,,26,0.0,0.0,0.0,0.0,,72,0.020832008796412303,0.03968437632441541,4999.0,0.7758,0.00589803967433248,0.22,0.005858327406350724,0.7758
Pré,tipo_movimento_de_massa,Tipologia | Movimento de Massa,Tipologia,3,Região × tempo,C_prop,1971,27,12,-8040.287455998792,-5861.631896209232,2.210597805863945,3,-0.6708482764776175,1.6681240578437666,-4.099726384683887,2.7580298317286522,0.6908553466171677,26,-0.6708482764776175,1.580942012859239,-3.822398580117595,2.48070202716236,0.6725871048366848,72,-1.029748776592134,1.6579896132500231,-4.437795235591669,2.3782976824074007,0.5399525071773151,26,-1.029748776592134,1.2452115516529232,-3.5120326375987343,1.452535084414466,0.4109881288293966,72,0.35890050011451646,0.42409541458280287,-0.512840109353889,1.230641109582922,0.40512237587341904,26,0.35890050011451646,0.4289010357349515,-0.4960980883266508,1.2138990885556837,0.40547891135143543,72,0.7844152403869209,0.07546706513030145,,,,,,
Pré,tipo_movimento_de_massa,Tipologia | Movimento de Massa,Tipologia,3,Ponderado CA2013,C_prop,1971,27,12,-17558.86416592432,-16989.06194259474,2.064764004189083,3,-0.34873640366496406,0.8980523234314132,-2.194709391919865,1.497236584589937,0.7009369009587343,26,-0.34873640366496406,0.9061905439374697,-2.155194237457814,1.457721430127886,0.7014920118183008,72,-0.4178092649804621,0.6778551703088679,-1.8111605226866188,0.9755419927256945,0.5430101631525166,26,-0.4178092649804621,0.8665859076944387,-2.1453166993519335,1.3096981693910092,0.631174234076701,72,0.06907286131549792,0.356724600000447,-0.6641850554735245,0.8023307781045204,0.8479697952256321,26,0.06907286131549792,0.16362549854444644,-0.25710860860974116,0.39525433124073706,0.6741807500209082,72,0.003971371620856302,0.008545245090245877,,,,,,
Pré,tipo_movimento_de_massa,Tipologia | Movimento de Massa,Tipologia,3,Mecanismo K6,C_prop,1971,27,6,-8236.308919639016,-7666.506696309438,2.3431463906691326,3,-0.4163470528014723,0.5079354956838626,-1.4604234171113122,0.6277293115083675,0.4198467679995544,26,-0.4163470528014723,0.9013971003011831,-2.213249331346538,1.3805552257435934,0.6455522217805675,72,-0.28214825178853525,0.3750941551713563,-1.053165330006136,0.48886882642906565,0.4586831271529344,26,-0.28214825178853525,0.6916115687161735,-1.6608507163060906,1.0965542127290202,0.6845153554269697,72,-0.13419880101293696,0.27343301545122284,-0.6962484137698173,0.4278508117439433,0.6276903551388384,26,-0.13419880101293696,0.35573097289224864,-0.8433355350068166,0.5749379329809428,0.7070989888320048,72,0.030922324629962496,0.10416582638046301,,,,,,
Pré,tipo_onda_de_frio,Tipologia | Onda de Frio,Tipologia,3,J alternativo,C_prop,1971,27,12,-8233.489292569857,-7658.100772933127,2.266498251367877,4,-0.4402950539480228,0.6686752323530859,-1.8147766789411546,0.9341865710451089,0.5160323392320632,26,-0.4402950539480228,0.9225394339489789,-2.2793438043341787,1.3987536964381329,0.6346195637037374,72,-0.9098097028269297,0.6670042943838327,-2.2808566656341154,0.4612372599802558,0.18425273493523767,26,-0.9098097028269297,0.818632635163554,-2.541724035505875,0.7221046298520154,0.27010345626813165,72,0.46951464887890687,0.07351734751001814,0.31839757682112624,0.6206317209366875,9.154473082771914e-07,26,0.46951464887890687,0.2092780348028199,0.05232651119689019,0.8867027865609236,0.027941655721123553,72,4.0773150182440934e-07,0.00035257287620069734,,,,,,
Pré,tipo_onda_de_frio,Tipologia | Onda de Frio,Tipologia,3,Exposição A,A,1971,27,12,-8235.219919417028,-7665.41769608745,1.9384163278820592,3,0.02110293361416109,0.029141541308621132,-0.038798362433137015,0.08100422966145919,0.4754379503195293,26,0.02110293361416109,0.023353775755168317,-0.025451967497758295,0.06765783472608047,0.36921048549731383,72,0.003973385481124794,0.028616102068296838,-0.05484785473946858,0.06279462570171816,0.8906374888367345,26,0.003973385481124794,0.02020691387920672,-0.036308361131747915,0.04425513209399751,0.8446672057806283,72,0.017129548133036295,0.004079904570464415,0.008743184181593082,0.02551591208447951,0.00027812495698859496,26,0.017129548133036295,0.006380578939239043,0.00441009648345321,0.02984899978261938,0.009005179170490313,72,0.002698689470122212,0.05484619293304338,,,,,,
Pré,tipo_onda_de_frio,Tipologia | Onda de Frio,Tipologia,3,Exposição B,B,1971,27,12,-8235.223869527712,-7665.421646198134,1.9262024411427145,3,0.02057105723426259,0.029344101655019647,-0.039746607568159356,0.08088872203668454,0.4895122736706463,26,0.02057105723426259,0.023500346547368166,-0.026276027411843966,0.06741814188036914,0.38429368121821267,72,0.003435352371384234,0.028828845325640173,-0.05582318787755114,0.0626938926203196,0.9060616160811296,26,0.003435352371384234,0.020394278383844965,-0.037219898555170466,0.04409060329793893,0.8667040371789324,72,0.01713570486287835,0.004081866543047957,0.008745308019031856,0.025526101706724844,0.0002784971446018519,26,0.01713570486287835,0.006385125317287338,0.004407190174295717,0.029864219551460985,0.009028360560941886,72,0.002691997058143657,0.05465361391064495,,,,,,
Pré,tipo_onda_de_frio,Tipologia | Onda de Frio,Tipologia,3,Exposição C,C,1971,27,12,-8235.148867074538,-7665.346643744961,1.9857698923000184,3,0.026953120997853613,0.030573347169559353,-0.03589129414702441,0.08979753614273164,0.3860768326551082,26,0.026953120997853613,0.02387345932749919,-0.020637750381700053,0.07454399237740728,0.2626457359971039,72,0.008565329410051344,0.029847265507283574,-0.052786603503160064,0.06991726232326276,0.7764083880489948,26,0.008565329410051344,0.020468381319380897,-0.03223764301867693,0.04936830183877962,0.6768517647505055,72,0.018387791587802266,0.004135647347405082,0.009886846717365809,0.02688873645823872,0.00014498590234610876,26,0.018387791587802266,0.006959504001628011,0.004514273918519321,0.03226130925708521,0.010101013083646998,72,0.001187176549222833,0.07167057127712553,,,,,,
Pré,tipo_onda_de_frio,Tipologia | Onda de Frio,Tipologia,3,Irrestrito K3,C_prop,1971,27,3,-8233.318585274037,-7657.930065637307,1.769512491398188,4,1.241792008145323,0.19643771273590238,0.8380085067570036,1.6455755095336426,1.079767744721241e-06,26,1.241792008145323,0.5997514087990802,0.04620942565022634,2.43737459064042,0.04199116178494124,72,0.3641546723956623,0.20942697189445408,-0.06632863357922175,0.7946379783705464,0.09389711123011801,26,0.3641546723956623,0.45097523445122206,-0.5348480269496447,1.2631573717409692,0.4220481264673704,72,0.8776373357496607,0.09843164972395556,0.6753081820478865,1.0799664894514351,2.183806687505045e-09,26,0.8776373357496607,0.21426660187906443,0.4505046713513016,1.3047700001480198,0.00010871979251474685,72,1.1472414784531959e-09,2.564583695646636e-12,,,,,,
Pré,tipo_onda_de_frio,Tipologia | Onda de Frio,Tipologia,3,Irrestrito K6,C_prop,1971,27,6,-8227.633490410879,-7635.48608185269,2.0583543289385187,7,1.7862071820600929,0.2696213362659024,1.2319925880793012,2.3404217760408845,5.010384449464141e-07,26,1.7862071820600929,0.5948888699465442,0.6003178936090043,2.9720964705111816,0.0036786587530100888,72,0.8774572140831973,0.27823495262263953,0.3055370781079566,1.449377350058438,0.004040293413617317,26,0.8774572140831973,0.4557071213968533,-0.030978329489788514,1.7858927576561832,0.058118446416074096,72,0.9087499679768954,0.09711082023265787,0.7091358181779113,1.1083641177758796,8.288566330960561e-10,26,0.9087499679768954,0.2137945729271477,0.4825582760965919,1.334941659857199,6.298345524801926e-05,72,1.1533906723238685e-10,1.1975356958502114e-13,,,,,,
Pré,tipo_onda_de_frio,Tipologia | Onda de Frio,Tipologia,3,Almon K12 q2,C_prop,1971,27,12,-8235.51640713075,-7665.714183801172,16.077861994428346,3,-0.4248538650039377,0.6753219838141546,-1.8129980832966388,0.9632903532887633,0.5347640635574082,26,-0.4248538650039377,0.9075668611074917,-2.2340553369313976,1.3843476069235223,0.6411099154803809,72,-0.9277206949015327,0.6612952096796912,-2.2870324660316497,0.4315910762285843,0.17248062327508457,26,-0.9277206949015327,0.8391527514287074,-2.600541131738727,0.7450997419356614,0.27260425814665395,72,0.5028668298975962,0.07221677427569195,0.35442312441008406,0.6513105353851084,2.1532621000955816e-07,26,0.5028668298975962,0.197833252121058,0.10849344952003459,0.8972402102751579,0.013178753927755082,72,1.357070292800679e-07,0.00040989248222343645,,,,,,
Pré,tipo_onda_de_frio,Tipologia | Onda de Frio,Tipologia,3,Somente defasado,C_prop,1971,27,12,-8234.49370408523,-7664.691480755651,1.924170885478121,3,-1.2044714752805703,0.6789673123848284,-2.600108773763817,0.19116582320267672,0.08778074578933955,26,-1.2044714752805703,0.8942614032423066,-2.9871490017160296,0.5782060511548888,0.18223999208869146,72,-1.2044714752805703,0.6789673123848284,-2.600108773763817,0.19116582320267672,0.08778074578933955,26,-1.2044714752805703,0.8942614032423066,-2.9871490017160296,0.5782060511548888,0.18223999208869146,72,0.0,0.0,0.0,0.0,,26,0.0,0.0,0.0,0.0,,72,0.0007346824638230308,0.00032018275632906466,9999.0,0.5555,0.004969102031554594,0.3204,0.004666303033451643,0.5555
Pré,tipo_onda_de_frio,Tipologia | Onda de Frio,Tipologia,3,Região × tempo,C_prop,1971,27,12,-8039.184533655367,-5860.528973865807,1.8947668077232898,3,0.7281774325832661,1.005917011413116,-1.339514597208053,2.7958694623745854,0.4755941708045913,26,0.7281774325832661,0.8230128094490291,-0.9124686179494029,2.368823483115935,0.3792256355227368,72,0.4610695292427444,1.307168078228195,-2.2258529368095408,3.1479919952950297,0.7271388583136148,26,0.4610695292427444,0.7820960134742748,-1.098010379249715,2.0201494377352036,0.5573508350671128,72,0.2671079033405217,0.307124881258991,-0.36419633142703123,0.8984121381080746,0.3924204217730703,26,0.2671079033405217,0.15646360426044129,-0.044796591261269225,0.5790123979423126,0.09210225438794693,72,9.48826713569771e-16,0.0003708431401402775,,,,,,
Pré,tipo_onda_de_frio,Tipologia | Onda de Frio,Tipologia,3,Ponderado CA2013,C_prop,1971,27,12,-17558.073338448485,-16988.271115118907,1.873354667066002,3,-0.03951390301091652,0.39186772330855735,-0.8450095443256163,0.7659817383037832,0.9204551663150913,26,-0.03951390301091652,0.8578306995939848,-1.7495681490155903,1.670540342993757,0.9633878864652711,72,-0.5723309864959948,0.3785261827079553,-1.350402698349308,0.20574072535731835,0.1425949421027319,26,-0.5723309864959948,0.7452120724924749,-2.0578841024463292,0.9132221294543396,0.4449923084504692,72,0.5328170834850781,0.08503770595460348,0.3580195755007342,0.7076145914694218,1.2452097583641261e-06,26,0.5328170834850781,0.20028886524215456,0.1335485278167936,0.9320856391533625,0.009619774016339925,72,2.938543617994191e-06,2.8741843413023534e-07,,,,,,
Pré,tipo_outros,Tipologia | Outros,Tipologia,3,J alternativo,C_prop,1971,27,12,-8232.725442915927,-7657.336923279197,4.473968250635557,4,0.1503884790606671,1.0560614358784115,-2.0203768914028712,2.3211538495242054,0.8878578845138757,26,0.1503884790606671,0.7243033029784007,-1.29348376663963,1.5942607247609641,0.836102550457435,72,0.5660800679367384,1.1612477506756782,-1.820898869134938,2.9530590050084147,0.6300063866031628,26,0.5660800679367384,0.7835917187569589,-0.9959814745432152,2.1281416104166917,0.4723780443043282,72,-0.41569158887607116,0.3908839247905682,-1.219165003375351,0.38778182562320873,0.2973487551616542,26,-0.41569158887607116,0.3911754210744218,-1.1954855389615475,0.3641023612094053,0.2914815572249632,72,0.11422872122575287,0.5105693278990099,,,,,,
Pré,tipo_outros,Tipologia | Outros,Tipologia,3,Exposição A,A,1971,27,12,-8233.925288469312,-7664.1230651397345,3.7958216616876137,3,-0.0012469399638334218,0.017768647816092387,-0.03777091863468873,0.03527703870702188,0.9445902336775017,26,-0.0012469399638334218,0.01083659260783671,-0.022849292514313266,0.020355412586646422,0.9087118995616555,72,0.0017721321650640415,0.017762575476746797,-0.03473936463350497,0.038283628963633055,0.921294011500047,26,0.0017721321650640415,0.010392960952118916,-0.0189458568427245,0.02249012117285258,0.8650851720441924,72,-0.003019072128897461,0.004682902266392462,-0.0126449155957546,0.006606771337959677,0.5247689771691042,26,-0.003019072128897461,0.0034985835444927586,-0.00999337095976653,0.003955226701971607,0.3910351366494492,72,0.8202913349082017,0.7832449046012746,,,,,,
Pré,tipo_outros,Tipologia | Outros,Tipologia,3,Exposição B,B,1971,27,12,-8233.916790072422,-7664.1145667428445,3.7929491711479706,3,-0.001230655217426366,0.01780333002911428,-0.037825924198145455,0.035364613763292724,0.9454190225180954,26,-0.001230655217426366,0.010885203030240119,-0.02292991087392745,0.020468600439074718,0.9102995085556719,72,0.0017308378704158007,0.017777056208443852,-0.0348104244984496,0.0382721002392812,0.9231843486712882,26,0.0017308378704158007,0.010425585773414257,-0.019052187529993856,0.022513863270825458,0.868607872570969,72,-0.0029614930878421675,0.0046455517994797345,-0.012510561570413137,0.006587575394728803,0.5293800841772069,26,-0.0029614930878421675,0.003526112892699121,-0.009990670671374567,0.004067684495690232,0.4037588842295642,72,0.8217239223004709,0.7940743558817099,,,,,,
Pré,tipo_outros,Tipologia | Outros,Tipologia,3,Exposição C,C,1971,27,12,-8234.068354667746,-7664.266131338169,3.7623237592434147,3,-0.0018474799904220458,0.019839252121727817,-0.042627646767291666,0.03893268678644757,0.926520150720877,26,-0.0018474799904220458,0.01218552596120765,-0.026138882034701882,0.02244392205385779,0.8799164640714078,72,0.00086146723504228,0.01932557625558009,-0.038862823677040303,0.04058575814712487,0.964785448979372,26,0.00086146723504228,0.011112328351183838,-0.021290554473826495,0.023013488943911052,0.9384220851567637,72,-0.002708947225464326,0.005025373940366674,-0.01303875130007676,0.007620856849148108,0.5944359506786928,26,-0.002708947225464326,0.0036920569514201688,-0.010068928244161134,0.00465103379323248,0.46550009349437677,72,0.718007879235204,0.7558608029598911,,,,,,
Pré,tipo_outros,Tipologia | Outros,Tipologia,3,Irrestrito K3,C_prop,1971,27,3,-8232.844500137855,-7657.455980501125,1.3760616046252814,4,-0.28489437219008773,0.6000377007621052,-1.5182895304021784,0.9485007860220028,0.6388977139436809,26,-0.28489437219008773,0.7504041603412136,-1.7807977261017904,1.2110089817216152,0.7053193649227768,72,-0.09047838256828888,0.4380455797178341,-0.9908939671456805,0.8099372020091027,0.8379701948938031,26,-0.09047838256828888,0.37603273754079175,-0.8400859447279831,0.6591291795914054,0.8105388506227934,72,-0.1944159896217988,0.4571006844085057,-1.1339999028472878,0.7451679236036903,0.6741001153583289,26,-0.1944159896217988,0.5238172210816945,-1.2386265354382238,0.8497945561946263,0.711613949772266,72,0.06311432395089385,0.0035245927364740055,,,,,,
Pré,tipo_outros,Tipologia | Outros,Tipologia,3,Irrestrito K6,C_prop,1971,27,6,-8227.717624001772,-7635.570215443584,2.290316276697432,7,0.04020922687620204,0.957553330258907,-1.928069832541503,2.008488286293907,0.9668261855850598,26,0.04020922687620204,0.7954621193767248,-1.5455155267609355,1.6259339805133395,0.9598254628244298,72,0.2875561413606719,0.9654667172929658,-1.696989118064916,2.27210140078626,0.7681911196943307,26,0.2875561413606719,0.45626107717508085,-0.6219836928737523,1.1970959755950963,0.5305297060519465,72,-0.2473469144844699,0.47799160367512444,-1.2298727272628054,0.7351788982938655,0.6092022047356729,26,-0.2473469144844699,0.5412471361929034,-1.3263033610450992,0.8316095320761593,0.6490509060578349,72,0.050831477380883484,6.557988474276511e-05,,,,,,
Pré,tipo_outros,Tipologia | Outros,Tipologia,3,Almon K12 q2,C_prop,1971,27,12,-8233.735255035594,-7663.933031706016,35.10416722350247,3,0.18089561686835087,1.11625523543507,-2.1135998806076675,2.4753911143443688,0.8725147699221552,26,0.18089561686835087,0.6954054473978,-1.2053698065773621,1.567161040314064,0.7955061825523577,72,0.29477501298019493,1.1822756106336536,-2.1354273092667597,2.724977335227149,0.8050659083302505,26,0.29477501298019493,0.6918138330593283,-1.0843306581362744,1.6738806840966642,0.6713133363188847,72,-0.11387939611184406,0.2827202026002216,-0.6950190954556771,0.46726030323198897,0.6903890808567384,26,-0.11387939611184406,0.2666743098616159,-0.645484916985674,0.4177261247619859,0.6706277778180859,72,0.905653014756754,0.948249209851273,,,,,,
Pré,tipo_outros,Tipologia | Outros,Tipologia,3,Somente defasado,C_prop,1971,27,12,-8233.667567898128,-7663.86534456855,3.9210575192003567,3,0.2551707722642349,1.105273379164437,-2.016751196356552,2.527092740885022,0.8192254584231564,26,0.2551707722642349,0.706073391590921,-1.1523608092616469,1.6627023537901167,0.7188631931407033,72,0.2551707722642349,1.105273379164437,-2.016751196356552,2.527092740885022,0.8192254584231564,26,0.2551707722642349,0.706073391590921,-1.1523608092616469,1.6627023537901167,0.7188631931407033,72,0.0,0.0,0.0,0.0,,26,0.0,0.0,0.0,0.0,,72,0.9150885075909772,0.949113942040543,4999.0,0.8244,0.005380792506685237,0.9316,0.0035699142846852784,0.8244
Pré,tipo_outros,Tipologia | Outros,Tipologia,3,Região × tempo,C_prop,1971,27,12,-8040.7111369381655,-5862.055577148605,3.951781480260626,3,1.9924883160486944,1.7328843566611296,-1.5695064928319742,5.554483124929363,0.26068883509041296,26,1.9924883160486944,1.012381153711949,-0.025656629451187962,4.010633261548577,0.05290546783750896,72,2.254776526966721,1.836204455477162,-1.519595786633793,6.029148840567235,0.2304649189406595,26,2.254776526966721,0.9974258167848313,0.26644450075820036,4.243108553175242,0.02680825662737888,72,-0.26228821091802673,0.46219418224728437,-1.2123419588967892,0.6877655370607356,0.5752526194316199,26,-0.26228821091802673,0.30230411801610696,-0.8649204562349868,0.3403440343989333,0.3884793463248022,72,0.21232741834533625,0.11465688001629826,,,,,,
Pré,tipo_outros,Tipologia | Outros,Tipologia,3,Ponderado CA2013,C_prop,1971,27,12,-17553.576388102836,-16983.77416477326,4.031119600532221,3,-0.08428056152965066,0.9388764764640292,-2.0141687981507554,1.8456076750914543,0.9291599544155807,26,-0.08428056152965066,0.9279451433242493,-1.9341053966073705,1.765544273548069,0.9278839002383701,72,-0.11584302540281924,0.990302076838059,-2.1514380974926266,1.919752046686988,0.907776847853993,26,-0.11584302540281924,0.8957481869835181,-1.9014844010578886,1.66979835025225,0.8974607459432323,72,0.031562463873168585,0.19448107701505188,-0.36819911519024245,0.4313240429365796,0.8723316686219583,26,0.031562463873168585,0.1465613304808177,-0.2606022087218316,0.32372713646816875,0.8301007577042179,72,0.9874237796104888,0.9906203565967389,,,,,,
Pré,tipo_tornado,Tipologia | Tornado,Tipologia,3,J alternativo,C_prop,1971,27,12,-8234.326308327294,-7658.937788690564,1.7621277370710777,4,5.050051563454901,4.619994888974217,-4.446483937211215,14.546587064121017,0.28438083775618855,26,5.050051563454901,3.256794534717668,-1.4422496856082727,11.542352812518075,0.12537745111197343,72,3.9735210421845175,4.486139636455162,-5.247871046411706,13.19491313078074,0.3838805236915335,26,3.9735210421845175,2.980020917770194,-1.9670420852806383,9.914084169649673,0.18660817790726406,72,1.0765305212703835,0.42273424262257053,0.20758784083729076,1.9454732017034764,0.01714339210783677,26,1.0765305212703835,0.465232592791856,0.14910629751618,2.003954745024587,0.02352725977853834,72,2.718285038448405e-05,0.0002064261609668483,,,,,,
Pré,tipo_tornado,Tipologia | Tornado,Tipologia,3,Exposição A,A,1971,27,12,-8234.7181068998,-7664.915883570222,1.9200207628072719,3,-0.060583282093517356,0.03500313362879191,-0.1325332537122495,0.01136668952521478,0.09534156705697747,26,-0.060583282093517356,0.047377363186529665,-0.15502832949037165,0.033861765303336934,0.20509536093581004,72,-0.06390176476657893,0.03399247053229733,-0.13377428863791646,0.0059707591047586245,0.0713747222453446,26,-0.06390176476657893,0.03933857393152482,-0.14232177866350812,0.01451824913035027,0.10865958639834757,72,0.0033184826730615615,0.01024724532891383,-0.017745031765516492,0.024381997111639617,0.7486487674044572,26,0.0033184826730615615,0.011253930911149566,-0.019115818580044942,0.025752783926168067,0.7689393215546457,72,0.009175427576134121,0.016981969048884087,,,,,,
Pré,tipo_tornado,Tipologia | Tornado,Tipologia,3,Exposição B,B,1971,27,12,-8234.7181068998,-7664.915883570222,1.9200207628072719,3,-0.060583282093517356,0.03500313362879191,-0.1325332537122495,0.01136668952521478,0.09534156705697747,26,-0.060583282093517356,0.047377363186529665,-0.15502832949037165,0.033861765303336934,0.20509536093581004,72,-0.06390176476657893,0.03399247053229733,-0.13377428863791646,0.0059707591047586245,0.0713747222453446,26,-0.06390176476657893,0.03933857393152482,-0.14232177866350812,0.01451824913035027,0.10865958639834757,72,0.0033184826730615615,0.01024724532891383,-0.017745031765516492,0.024381997111639617,0.7486487674044572,26,0.0033184826730615615,0.011253930911149566,-0.019115818580044942,0.025752783926168067,0.7689393215546457,72,0.009175427576134121,0.016981969048884087,,,,,,
Pré,tipo_tornado,Tipologia | Tornado,Tipologia,3,Exposição C,C,1971,27,12,-8234.7181068998,-7664.915883570222,1.9200207628072719,3,-0.060583282093517356,0.03500313362879191,-0.1325332537122495,0.01136668952521478,0.09534156705697747,26,-0.060583282093517356,0.047377363186529665,-0.15502832949037165,0.033861765303336934,0.20509536093581004,72,-0.06390176476657893,0.03399247053229733,-0.13377428863791646,0.0059707591047586245,0.0713747222453446,26,-0.06390176476657893,0.03933857393152482,-0.14232177866350812,0.01451824913035027,0.10865958639834757,72,0.0033184826730615615,0.01024724532891383,-0.017745031765516492,0.024381997111639617,0.7486487674044572,26,0.0033184826730615615,0.011253930911149566,-0.019115818580044942,0.025752783926168067,0.7689393215546457,72,0.009175427576134121,0.016981969048884087,,,,,,
Pré,tipo_tornado,Tipologia | Tornado,Tipologia,3,Irrestrito K3,C_prop,1971,27,3,-8234.324768667455,-7658.936249030725,1.0293308132192356,4,4.867986533345199,0.7839670166528746,3.2565192516901877,6.479453815000211,1.4376636200123175e-06,26,4.867986533345199,1.1099029221842729,2.6554354954393045,7.080537571251094,3.871744439736704e-05,72,4.048177485330818,0.6690711925311985,2.672881952535046,5.42347301812659,2.161968989248834e-06,26,4.048177485330818,0.9043877489657608,2.245313457632231,5.851041513029405,2.7880462429815154e-05,72,0.819809048014381,0.38526582488242667,0.027883803265522977,1.6117342927632392,0.0429896381210539,26,0.819809048014381,0.33051347500237066,0.1609424773063458,1.4786756187224164,0.01546177405647027,72,3.7606180875158044e-05,4.893188229450954e-13,,,,,,
Pré,tipo_tornado,Tipologia | Tornado,Tipologia,3,Irrestrito K6,C_prop,1971,27,6,-8231.954570119888,-7639.807161561699,1.0527497594347779,7,5.45035364966318,1.8314802420681524,1.6856920957993164,9.215015203527043,0.006239152233314916,26,5.45035364966318,1.4990706605481634,2.46201090400867,8.43869639531769,0.0005169346959671853,72,4.593553312944088,1.6644961041464195,1.1721325703647487,8.014974055523428,0.010458025063885228,26,4.593553312944088,1.2323183529333106,2.1369715738427675,7.050135052045409,0.0003819933174169748,72,0.8568003367190918,0.37351330819145634,0.08903273600666495,1.6245679374315187,0.03012575938845142,26,0.8568003367190918,0.33545955018805196,0.18807394533043054,1.5255267281077531,0.01276228604762826,72,5.3438876636895275e-15,7.521163141676962e-33,,,,,,
Pré,tipo_tornado,Tipologia | Tornado,Tipologia,3,Almon K12 q2,C_prop,1971,27,12,-8236.34518202572,-7666.542958696142,19.117994014382496,3,5.046121455022802,4.622845571018056,-4.4562737065046365,14.548516616550241,0.28503810154905773,26,5.046121455022802,3.241519031341741,-1.4157286345980413,11.507971544643645,0.12392313595674964,72,3.968746039424506,4.5830402573059015,-5.451828127953185,13.389320206802196,0.3944310306499355,26,3.968746039424506,3.00833385584865,-2.028257898565205,9.965749977414218,0.19126550295349345,72,1.0773754155982955,0.38654556700256665,0.28281962324761845,1.8719312079489727,0.009801751679011353,26,1.0773754155982955,0.423372088958824,0.2333985811173509,1.9213522500792402,0.013079779658584548,72,3.447625120389263e-05,0.0008222352325676332,,,,,,
Pré,tipo_tornado,Tipologia | Tornado,Tipologia,3,Somente defasado,C_prop,1971,27,12,-8236.127267832562,-7666.325044502984,1.9181911571315808,3,4.129188476345329,4.3355756490216875,-4.782714903681933,13.04109185637259,0.3496665409767337,26,4.129188476345329,2.9331998063341658,-1.7180384713214893,9.976415424012146,0.16351041291449922,72,4.129188476345329,4.3355756490216875,-4.782714903681933,13.04109185637259,0.3496665409767337,26,4.129188476345329,2.9331998063341658,-1.7180384713214893,9.976415424012146,0.16351041291449922,72,0.0,0.0,0.0,0.0,,26,0.0,0.0,0.0,0.0,,72,1.909761679126892e-06,0.0003694428317013058,4999.0,0.7772,0.005884898639738836,0.2956,0.006453226169909125,0.7772
Pré,tipo_tornado,Tipologia | Tornado,Tipologia,3,Região × tempo,C_prop,1971,27,12,-8041.861102927509,-5863.205543137949,1.9428020782837339,3,2.452906442019277,6.875263499469588,-11.679400079567284,16.585212963605837,0.7241412521587918,26,2.452906442019277,3.244782181490592,-4.015448618535848,8.921261502574403,0.4521429388389002,72,1.6589293474136138,6.540043340783816,-11.784322269567808,15.102180964395034,0.8017555080400843,26,1.6589293474136138,3.0714134969101505,-4.463821556830307,7.7816802516575345,0.5907816299251764,72,0.7939770946056633,0.42727414886384507,-0.08429749675504772,1.6722516859663745,0.07449316580766184,26,0.7939770946056633,0.38924620218955003,0.01802897207929488,1.569925217132032,0.04504194643625649,72,0.0012126593740287887,3.969589186686357e-06,,,,,,
Pré,tipo_tornado,Tipologia | Tornado,Tipologia,3,Ponderado CA2013,C_prop,1971,27,12,-17555.43094064679,-16985.628717317213,2.021572157439193,3,-3.4913476175022624,4.976004974105459,-13.719672328609402,6.736977093604878,0.48913921173747704,26,-3.4913476175022624,6.192096298300648,-15.835065989426445,8.852370754421921,0.5746155387354775,72,-3.410363814892841,4.167729395043089,-11.977254278701166,5.156526648915483,0.42063473310899874,26,-3.410363814892841,5.201244745189888,-13.778855715720395,6.958128085934712,0.5141183549033328,72,-0.08098380260942142,1.1802610204863926,-2.507045075501881,2.345077470283038,0.9458209319848603,26,-0.08098380260942142,1.4114017251596827,-2.8945617196389613,2.7325941144201185,0.9544028068447928,72,0.24189714382005334,0.32721545799688023,,,,,,
Pré,tipo_tornado,Tipologia | Tornado,Tipologia,3,Mecanismo K6,C_prop,1971,27,6,-8237.964542753905,-7668.1623194243275,1.6701641084261762,3,5.479416709124566,1.8044841434884473,1.7702464306197911,9.188586987629341,0.005384651885125883,26,5.479416709124566,1.604478497126788,2.280947281609919,8.677886136639213,0.0010510923013272767,72,5.211793877926028,1.7323391601383074,1.6509197365478663,8.77266801930419,0.005764772274434634,26,5.211793877926028,1.3441345079986253,2.532310707537788,7.891277048314268,0.0002309364559758067,72,0.26762283119853775,0.40970442484062325,-0.5745366752036098,1.1097823376006855,0.5193563481632714,26,0.26762283119853775,0.4760923157474238,-0.6814498546116317,1.2166955170087073,0.5757775381412554,72,4.97060461312704e-08,5.83167089800266e-07,,,,,,
Pré,tipo_vendavais_e_ciclones,Tipologia | Vendavais e Ciclones,Tipologia,3,J alternativo,C_prop,1971,27,12,-8232.197379594141,-7656.808859957411,2.034097904073489,4,0.06188712312554806,0.09874277440692021,-0.14108155652114854,0.26485580277224463,0.5362874959895669,26,0.06188712312554806,0.1155931671311282,-0.16854364410541262,0.29231789035650874,0.5940318991058335,72,0.057642373251475185,0.09542793419989479,-0.13851255476528362,0.25379730126823397,0.5510511540581642,26,0.057642373251475185,0.10356485411315058,-0.1488103902097424,0.2640951367126928,0.579538679738986,72,0.00424474987407288,0.022543101593955544,-0.042093259090619825,0.05058275883876559,0.8521074786387305,26,0.00424474987407288,0.022257962611841663,-0.04012568766075559,0.048615187408901354,0.8492918485094364,72,0.00642600773748078,0.05562570414855546,,,,,,
Pré,tipo_vendavais_e_ciclones,Tipologia | Vendavais e Ciclones,Tipologia,3,Exposição A,A,1971,27,12,-8236.30383079713,-7666.501607467551,1.620574019130847,3,-0.027649807458041506,0.013241756969689817,-0.05486862872859337,-0.00043098618748963965,0.046730528005741886,26,-0.027649807458041506,0.009960260130757025,-0.04750522314318045,-0.007794391772902563,0.007008226488923591,72,-0.0272622383357303,0.011967195510101239,-0.05186116100473821,-0.0026633156667223816,0.031180261538400394,26,-0.0272622383357303,0.009326652125741713,-0.0458545795473259,-0.008669897124134695,0.004629603254411565,72,-0.0003875691223112058,0.0032618840300369344,-0.00709246777149118,0.006317329526868767,0.9063331590705987,26,-0.0003875691223112058,0.002066931752432641,-0.004507922265562252,0.00373278402093984,0.8517886782654928,72,0.06069743929937228,6.465654581665976e-05,,,,,,
Pré,tipo_vendavais_e_ciclones,Tipologia | Vendavais e Ciclones,Tipologia,3,Exposição B,B,1971,27,12,-8236.259469047827,-7666.457245718249,1.6249809584821382,3,-0.027035817279542813,0.013183064875917548,-0.0541339952235302,6.23606644445697e-05,0.05049170195101061,26,-0.027035817279542813,0.009811809809271311,-0.04659530265734074,-0.007476331901744886,0.0074187612009825946,72,-0.02663224407059948,0.011912795417985659,-0.051119345748798936,-0.002145142392400025,0.03418079319229504,26,-0.02663224407059948,0.00917696152322948,-0.04492618251981528,-0.008338305621383678,0.004915700531767567,72,-0.0004035732089433331,0.003280439185387888,-0.007146612526185784,0.006339466108299118,0.9030340472316666,26,-0.0004035732089433331,0.0020799686914340647,-0.00454991501511451,0.003742768597227844,0.8466999511488992,72,0.06204023899535223,4.741968990149472e-05,,,,,,
Pré,tipo_vendavais_e_ciclones,Tipologia | Vendavais e Ciclones,Tipologia,3,Exposição C,C,1971,27,12,-8236.107650774777,-7666.305427445199,1.64760649902468,3,-0.0270227835181976,0.013043492051880599,-0.053834065413542506,-0.0002115016228526924,0.04834659389895812,26,-0.0270227835181976,0.009897836995003923,-0.04675376095649594,-0.007291806079899255,0.00795293819914463,72,-0.026898273866576273,0.011905142893116146,-0.0513696455546265,-0.0024269021785260463,0.032470225766072155,26,-0.026898273866576273,0.009251692308464522,-0.04534118541346617,-0.008455362319686379,0.004841707890034613,72,-0.00012450965162132626,0.0032831207918155086,-0.006873061089818605,0.006624041786575953,0.9700378314834216,26,-0.00012450965162132626,0.00216082010868906,-0.004432025812403313,0.00418300650916066,0.9542097576835076,72,0.0686116545763563,9.585292987014256e-05,,,,,,
Pré,tipo_vendavais_e_ciclones,Tipologia | Vendavais e Ciclones,Tipologia,3,Irrestrito K3,C_prop,1971,27,3,-8231.717141631854,-7656.328621995124,1.375088632762803,4,-0.006646606298989187,0.04685808293836177,-0.10296477521716116,0.0896715626191828,0.8882954877735509,26,-0.006646606298989187,0.04541414578106468,-0.09717805132461257,0.08388483872663421,0.8840498262436612,72,0.01055274913775982,0.04209105018175401,-0.07596664361423003,0.09707214188974966,0.8040071533454876,26,0.01055274913775982,0.04199540657373624,-0.07316356383413584,0.09426906210965548,0.8023107921509767,72,-0.017199355436749008,0.032347293941819066,-0.08369017039459238,0.04929145952109436,0.5994414954512537,26,-0.017199355436749008,0.031039789325336856,-0.07907604457366811,0.0446773337001701,0.5812227914101468,72,0.8109383899844833,0.5492413487128607,,,,,,
Pré,tipo_vendavais_e_ciclones,Tipologia | Vendavais e Ciclones,Tipologia,3,Irrestrito K6,C_prop,1971,27,6,-8226.463888769722,-7634.316480211533,1.391362392966339,7,-0.0855908992759964,0.08634487593659292,-0.2630753336396298,0.091893535087637,0.33069099917920963,26,-0.0855908992759964,0.06917340642267583,-0.223485564761495,0.05230376620950218,0.21998178269115512,72,-0.0667545619550388,0.08754057078675558,-0.24669678228281522,0.11318765837273763,0.4525915914504093,26,-0.0667545619550388,0.05848845124316633,-0.18334915857877015,0.04984003466869255,0.2575149098984132,72,-0.018836337320957606,0.03228044295664045,-0.08518973811076404,0.04751706346884883,0.564570326290572,26,-0.018836337320957606,0.0319756863521115,-0.08257870308289914,0.04490602844098393,0.5576493182839116,72,0.000965503937686265,1.6064092901932081e-15,,,,,,
Pré,tipo_vendavais_e_ciclones,Tipologia | Vendavais e Ciclones,Tipologia,3,Almon K12 q2,C_prop,1971,27,12,-8234.167220909012,-7664.364997579434,19.092559624682252,3,0.05940225127480015,0.0998236170157306,-0.14578813217284578,0.2645926347224461,0.5569394854146,26,0.05940225127480015,0.11528129716070283,-0.17040681453258164,0.28921131708218195,0.6079352418592237,72,0.05808194169702419,0.09365004550515356,-0.13441848376906368,0.25058236716311205,0.5405232256563438,26,0.05808194169702419,0.1024953841741987,-0.14623887240525274,0.2624027557993011,0.5726949031260258,72,0.001320309577775948,0.01951735417581615,-0.03879818649503356,0.04143880565058546,0.9465834102103622,26,0.001320309577775948,0.017673543971296293,-0.03391125642279978,0.036551875578351684,0.9406562663963094,72,0.0027986262613120534,0.05018578936929052,,,,,,
Pré,tipo_vendavais_e_ciclones,Tipologia | Vendavais e Ciclones,Tipologia,3,Somente defasado,C_prop,1971,27,12,-8234.225964139136,-7664.423740809558,1.9911260064485183,3,0.07965099594871398,0.10045154582663916,-0.12683011365512648,0.28613210555255447,0.4349953263047012,26,0.07965099594871398,0.11422010112339512,-0.1480426142212089,0.3073446061186369,0.487831639332261,72,0.07965099594871398,0.10045154582663916,-0.12683011365512648,0.28613210555255447,0.4349953263047012,26,0.07965099594871398,0.11422010112339512,-0.1480426142212089,0.3073446061186369,0.487831639332261,72,0.0,0.0,0.0,0.0,,26,0.0,0.0,0.0,0.0,,72,0.004577872096225804,0.04464864212066275,4999.0,0.5594,0.007020991952708677,0.2136,0.005796120081571809,0.5594
Pré,tipo_vendavais_e_ciclones,Tipologia | Vendavais e Ciclones,Tipologia,3,Região × tempo,C_prop,1971,27,12,-8038.536903815528,-5859.881344025967,2.114301533772458,3,0.029777170744748036,0.15431275866987576,-0.28741724745937486,0.346971588948871,0.8484847731068229,26,0.029777170744748036,0.14434381587139394,-0.2579669672678254,0.31752130875732154,0.8371440032415448,72,0.023679860724672923,0.15586744418968126,-0.296710259333242,0.3440699807825879,0.8804203565740784,26,0.023679860724672923,0.13843250515385236,-0.25228029474126357,0.2996400161906094,0.8646586985462708,72,0.006097310020075112,0.015459071665414912,-0.025679266882275155,0.037873886922425375,0.6964904027182718,26,0.006097310020075112,0.017782773893145518,-0.02935200185009637,0.04154662189024659,0.7326898040512783,72,0.9739296683032929,0.9861002823328412,,,,,,
Pré,tipo_vendavais_e_ciclones,Tipologia | Vendavais e Ciclones,Tipologia,3,Ponderado CA2013,C_prop,1971,27,12,-17556.683311117198,-16986.88108778762,2.044322778391028,3,0.04442634511576121,0.11650478154557707,-0.19505266309382943,0.28390535332535183,0.7060595458759464,26,0.04442634511576121,0.11950311066249962,-0.19379875209269365,0.2826514423242161,0.7111642167371307,72,0.04653281250755634,0.09673303598117483,-0.15230479064104885,0.24537041565616152,0.6345090601821807,26,0.04653281250755634,0.11387695387000835,-0.18047674611473996,0.27354237112985264,0.6840287197602203,72,-0.0021064673917951253,0.02315376426467862,-0.04969971145323939,0.04548677666964914,0.9282079115158773,26,-0.0021064673917951253,0.011992074124667918,-0.026012230248029178,0.021799295464438928,0.8610581003028662,72,0.10727311480958264,0.06206641021395972,,,,,,
Pré,tipo_vendavais_e_ciclones,Tipologia | Vendavais e Ciclones,Tipologia,3,Mecanismo K6,C_prop,1971,27,6,-8233.71735146094,-7663.9151281313625,1.8210951253540797,3,-0.07727420851308064,0.08740071209868608,-0.25692894519028026,0.10238052816411897,0.384725307573076,26,-0.07727420851308064,0.07341385665319082,-0.2236220570393538,0.06907364001319252,0.29605172969481713,72,-0.06824111455384388,0.08370116555625275,-0.2402913244034423,0.10380909529575455,0.4223097246863815,26,-0.06824111455384388,0.05707390238495723,-0.18201585956547223,0.04553363045778447,0.2357514550034023,72,-0.009033093959236755,0.023352146967050968,-0.05703411950552491,0.038967931587051405,0.7020369151814021,26,-0.009033093959236755,0.02615241395555946,-0.061166978359904034,0.04310079044143052,0.7307993338539652,72,0.8388223240956585,0.5191453739691129,,,,,,
Pré,analitica_Clima/hidrometeorologia,Clima/hidrometeorologia,Analítica,3,J alternativo,C_prop,1971,27,12,-8234.281714867557,-7658.893195230827,1.9726179183343293,4,-0.08615671036107593,0.08143013675489463,-0.25353875365347694,0.08122533293132507,0.2997667311430928,26,-0.08615671036107593,0.08444381807335684,-0.2544923851201361,0.08217896439798424,0.31100967889154724,72,-0.09064945328209674,0.07976232613806417,-0.2546032627535216,0.07330435618932808,0.2661165335136444,26,-0.09064945328209674,0.07802268242714934,-0.2461848280738484,0.06488592150965493,0.249139657551395,72,0.004492742921020808,0.012801576247733879,-0.021821273917227553,0.03080675975926917,0.7284519555809131,26,0.004492742921020808,0.026616623640872597,-0.048566526574609775,0.057552012416651394,0.8664314897093555,72,0.07354202570364383,0.3726971517995147,,,,,,
Pré,analitica_Clima/hidrometeorologia,Clima/hidrometeorologia,Analítica,3,Exposição A,A,1971,27,12,-8236.036595984924,-7666.234372655346,1.9701976656665987,3,-0.010216315467513656,0.004783800522331726,-0.020049558269761673,-0.0003830726652656394,0.04229794360094363,26,-0.010216315467513656,0.006612632511221945,-0.023398357458358405,0.002965726523331092,0.1267379146118888,72,-0.009923251569429494,0.00470476062630889,-0.0195940255385753,-0.0002524776002836883,0.04471244511761902,26,-0.009923251569429494,0.006153306314284948,-0.022189643521466983,0.0023431403826079944,0.11119124609243938,72,-0.000293063898084163,0.0016841216470683468,-0.0037548255218888735,0.0031686977257205473,0.8632008339379296,26,-0.000293063898084163,0.001309216373655921,-0.0029029390398444175,0.0023168112436760912,0.8235104629888689,72,0.04966862843259572,0.3727760329016176,,,,,,
Pré,analitica_Clima/hidrometeorologia,Clima/hidrometeorologia,Analítica,3,Exposição B,B,1971,27,12,-8236.025643240318,-7666.223419910741,1.9736493048543735,3,-0.01016309353330668,0.0047872611664086,-0.020003449791331375,-0.000322737275281983,0.04344041251409531,26,-0.01016309353330668,0.006605070732492839,-0.023330061393755798,0.0030038743271424383,0.12826580178428165,72,-0.009869308179803657,0.004705619138416769,-0.01954184684586064,-0.0001967695137466731,0.045834986856494356,26,-0.009869308179803657,0.0061483394007562095,-0.022125798770682846,0.002387182411075533,0.11282761449987994,72,-0.0002937853535030228,0.0016855774057771122,-0.003758539332189161,0.0031709686251831155,0.8629847871291909,26,-0.0002937853535030228,0.001311619779950219,-0.0029084515981468457,0.0023208808911408,0.8234020373087041,72,0.05034431209303813,0.37650989377270216,,,,,,
Pré,analitica_Clima/hidrometeorologia,Clima/hidrometeorologia,Analítica,3,Exposição C,C,1971,27,12,-8236.014360835654,-7666.212137506076,1.9050424721984323,3,-0.011037385942665724,0.005085720992575603,-0.02149123515962893,-0.000583536725702518,0.03930657625127298,26,-0.011037385942665724,0.007120747664628283,-0.025232336979494816,0.003157565094163369,0.12551856017121424,72,-0.010647109063773695,0.004945311321510033,-0.02081234206839146,-0.0004818760591559293,0.04077487690071197,26,-0.010647109063773695,0.0065499704004433655,-0.023704236419771214,0.0024100182922238266,0.10842137916278234,72,-0.0003902768788920296,0.001710696793780949,-0.0039066644991007475,0.0031261107413166882,0.8213227990919435,26,-0.0003902768788920296,0.0013710694275275205,-0.0031234538300320912,0.002342900072248032,0.7767283251993946,72,0.04390596544900792,0.36013721089866696,,,,,,
Pré,analitica_Clima/hidrometeorologia,Clima/hidrometeorologia,Analítica,3,Irrestrito K3,C_prop,1971,27,3,-8232.5058187337,-7657.11729909697,1.1266534023448158,4,0.029381478418376808,0.04090442713947986,-0.054698775737646546,0.11346173257440016,0.4789804797605797,26,0.029381478418376808,0.05139570704312744,-0.07307399105492471,0.13183694789167832,0.5693247521306238,72,0.037004273686139434,0.04711040403591578,-0.05983254867604549,0.13384109604832437,0.43927200149496703,26,0.037004273686139434,0.030352055797101336,-0.023501443718670335,0.09750999109094921,0.22675933746404223,72,-0.0076227952677626306,0.018747005752082522,-0.04615781747757554,0.030912226942050276,0.6876192664922312,26,-0.0076227952677626306,0.02688520904738001,-0.06121747998580281,0.045971889450277546,0.7775833654110644,72,0.8059952200174163,0.29731571640589805,,,,,,
Pré,analitica_Clima/hidrometeorologia,Clima/hidrometeorologia,Analítica,3,Irrestrito K6,C_prop,1971,27,6,-8233.375350684993,-7641.227942126805,1.2029737416281967,7,-0.06863510719981601,0.043112741620653906,-0.157254616781674,0.019984402382041966,0.12347326196826626,26,-0.06863510719981601,0.06621096487937095,-0.20062425340037077,0.06335403900073873,0.30338552833620935,72,-0.06840013505406396,0.03994129698098615,-0.15050064681605874,0.013700376707930798,0.09870487146873,26,-0.06840013505406396,0.05507194411862464,-0.17818404919978076,0.04138377909165282,0.21826182810514952,72,-0.00023497214575205302,0.016792202802145648,-0.03475183934522379,0.034281895053719674,0.9889424432881113,26,-0.00023497214575205302,0.029243274240706548,-0.05853037391450217,0.05806042962299806,0.9936112220972786,72,0.1635251232339925,3.6610300696743893e-09,,,,,,
Pré,analitica_Clima/hidrometeorologia,Clima/hidrometeorologia,Analítica,3,Almon K12 q2,C_prop,1971,27,12,-8235.84162059146,-7666.039397261882,16.15763558264069,3,-0.08612811595836278,0.08078008400010851,-0.25217395667663,0.07991772475990444,0.2961321977635685,26,-0.08612811595836278,0.08457890505126799,-0.2547330816862193,0.08247684976949371,0.3119370863468573,72,-0.0946190535188387,0.0811044477917001,-0.26133163355955225,0.07209352652187487,0.25394847043112256,26,-0.0946190535188387,0.07704650139088283,-0.24820844698032685,0.05897033994264944,0.22341751252603212,72,0.008490937560475866,0.009365707612319184,-0.010760550150367873,0.027742425271319607,0.3729450168079067,26,0.008490937560475866,0.02111216864545091,-0.03359540144745164,0.05057727656840337,0.6887414506104301,72,0.05078700585976127,0.44365643022659873,,,,,,
Pré,analitica_Clima/hidrometeorologia,Clima/hidrometeorologia,Analítica,3,Somente defasado,C_prop,1971,27,12,-8237.516857259941,-7667.714633930364,1.767324394526508,3,-0.05988319615229,0.07455535512241798,-0.2131339234148939,0.09336753111031391,0.42913862095269656,26,-0.05988319615229,0.07748248329114689,-0.21434170364767857,0.09457531134309856,0.4421344256109657,72,-0.05988319615229,0.07455535512241798,-0.2131339234148939,0.09336753111031391,0.42913862095269656,26,-0.05988319615229,0.07748248329114689,-0.21434170364767857,0.09457531134309856,0.4421344256109657,72,0.0,0.0,0.0,0.0,,26,0.0,0.0,0.0,0.0,,72,0.030356136319126398,0.22348684287280676,4999.0,0.4448,0.007027844050631744,0.0746,0.003715772867116611,0.4448
Pré,analitica_Clima/hidrometeorologia,Clima/hidrometeorologia,Analítica,3,Região × tempo,C_prop,1971,27,12,-8039.282426856587,-5860.626867067027,1.6320346538538864,3,-0.08839291595401676,0.09039578033386622,-0.2742041035593733,0.09741827165133977,0.3371631844994149,26,-0.08839291595401676,0.08265292019901431,-0.25315850104896287,0.07637266914092937,0.2884405777431521,72,-0.08840828678196112,0.09032322606940343,-0.27407033696081534,0.09725376339689308,0.33669961539472704,26,-0.08840828678196112,0.07581595647529163,-0.2395446337870772,0.06272806022315495,0.24742593013102268,72,1.537082794436114e-05,0.011627289252725992,-0.023884864522649814,0.023915606178538534,0.998955318668115,26,1.537082794436114e-05,0.021799672358506505,-0.04344148178390424,0.043472223439792956,0.9994393660398514,72,0.7743958855759278,0.7038559286129363,,,,,,
Pré,analitica_Clima/hidrometeorologia,Clima/hidrometeorologia,Analítica,3,Ponderado CA2013,C_prop,1971,27,12,-17556.11185890885,-16986.309635579273,1.787857172735175,3,-0.03826614678095792,0.0703261605117462,-0.18282364001957618,0.10629134645766036,0.5909924044470993,26,-0.03826614678095792,0.07293831214467318,-0.18366601465517504,0.10713372109325922,0.6014470998797455,72,-0.04289140313100553,0.06273451992533603,-0.17184405565666167,0.0860612493946506,0.5002149225799407,26,-0.04289140313100553,0.0649112130548578,-0.17228954142369102,0.08650673516167995,0.5108683549635572,72,0.00462525635004762,0.016833716916257693,-0.029976944333100598,0.039227457033195835,0.7856710585872483,26,0.00462525635004762,0.011214300300264858,-0.017730042724135663,0.026980555424230904,0.6812404841204421,72,0.31386104006550286,0.010247480704228536,,,,,,
Pré,analitica_Natural não diretamente climático,Natural não diretamente climático,Analítica,3,J alternativo,C_prop,1971,27,12,-8236.342908376235,-7660.954388739505,2.143037978918126,4,-0.21071412946109375,0.29872859596246915,-0.8247595526264018,0.4033312937042142,0.4868521269758019,26,-0.21071412946109375,0.21005990626902357,-0.6294608994248,0.2080326405026125,0.31916503729077833,72,-0.26276881252356976,0.2793897046421977,-0.8370625752693447,0.31152495022220517,0.3556126966572637,26,-0.26276881252356976,0.19799923296939528,-0.6574730696750554,0.13193544462791584,0.18866208401300383,72,0.052054683062475994,0.044264737250618254,-0.03893278744996164,0.14304215357491362,0.25025667213782304,26,0.052054683062475994,0.03264563897911474,-0.013023208852785899,0.11713257497773788,0.11519641925583582,72,0.2765177245493097,0.02382990581825622,,,,,,
Pré,analitica_Natural não diretamente climático,Natural não diretamente climático,Analítica,3,Exposição A,A,1971,27,12,-8236.711273570987,-7666.909050241409,2.1275968574296025,3,-0.003574846118812539,0.009359161223408708,-0.02281287753453399,0.01566318529690891,0.7055935546916677,26,-0.003574846118812539,0.01296539215167687,-0.029420883000664155,0.022271190763039076,0.7835512695969765,72,-0.009975113183302593,0.008062609265416302,-0.026548043880640596,0.00659781751403541,0.22706847419408632,26,-0.009975113183302593,0.012471566462036204,-0.03483672654457387,0.014886500177968682,0.42644123664014727,72,0.006400267064490053,0.0038210501859580115,-0.0014540140792784657,0.014254548208258572,0.10592188635558258,26,0.006400267064490053,0.002275608521720321,0.0018639243844553125,0.010936609744524794,0.006330161296305749,72,0.1073379740643745,0.01861854828512341,,,,,,
Pré,analitica_Natural não diretamente climático,Natural não diretamente climático,Analítica,3,Exposição B,B,1971,27,12,-8236.705807221928,-7666.90358389235,2.1287194751651604,3,-0.0038472023944805846,0.009478447492815902,-0.023330430248594408,0.01563602545963324,0.6881449305191332,26,-0.0038472023944805846,0.013045602843534641,-0.029853136368207408,0.02215873157924624,0.7689157782036125,72,-0.010217474118186819,0.008158554041745527,-0.02698762212775355,0.006552673891379913,0.22158593259414572,26,-0.010217474118186819,0.01252849127969882,-0.03519256502950739,0.01475761679313375,0.41745355458521816,72,0.006370271723706232,0.0038357079944655683,-0.0015141389769555598,0.014254682424368025,0.1087711551305971,26,0.006370271723706232,0.002283494469839321,0.0018182086934076793,0.010922334754004785,0.00674672601005799,72,0.10732526356508305,0.019585074462675815,,,,,,
Pré,analitica_Natural não diretamente climático,Natural não diretamente climático,Analítica,3,Exposição C,C,1971,27,12,-8237.30360334664,-7667.501380017062,2.0496010621631284,3,-0.004442922787319116,0.010059379183485026,-0.025120272833443896,0.016234427258805667,0.6623799095002328,26,-0.004442922787319116,0.013861627017584149,-0.03207557122152898,0.023189725646890744,0.7495028932714958,72,-0.011917006255084708,0.008919168092816381,-0.030250618838072993,0.006416606327903578,0.19309005186817052,26,-0.011917006255084708,0.013503182114778819,-0.03883510783489649,0.015001095324727074,0.380425599172617,72,0.007474083467765588,0.0038816530614661222,-0.000504768670676262,0.015452935606207438,0.0651715833571013,26,0.007474083467765588,0.0022064025151633916,0.003075700440396248,0.011872466495134928,0.0011465684129099846,72,0.076526446226086,0.007088547220832178,,,,,,
Pré,analitica_Natural não diretamente climático,Natural não diretamente climático,Analítica,3,Irrestrito K3,C_prop,1971,27,3,-8233.55694872563,-7658.168429088901,1.0164335375763713,4,0.18149762611780357,0.18639141243191829,-0.20163540924622975,0.5646306614818368,0.33915636825047585,26,0.18149762611780357,0.15099344050056465,-0.1195022963249992,0.48249754856060634,0.233293091933313,72,0.0799777205148886,0.1722935288367457,-0.274176700096707,0.43413214112648424,0.64637174563929,26,0.0799777205148886,0.16614275356727373,-0.2512218055863533,0.41117724661613053,0.6317066096648765,72,0.10151990560291495,0.07788056663263158,-0.05856589180864717,0.26160570301447705,0.20381779321448512,26,0.10151990560291495,0.06611851875153121,-0.030284952609912333,0.23332476381574224,0.12906288548994663,72,0.6003419845237398,0.35959448397303445,,,,,,
Pré,analitica_Natural não diretamente climático,Natural não diretamente climático,Analítica,3,Irrestrito K6,C_prop,1971,27,6,-8228.885125103267,-7636.737716545078,1.0359407672953411,7,0.24943430194142557,0.2059849851824543,-0.17397389901952537,0.6728425029023766,0.23681319568902476,26,0.24943430194142557,0.14724446173365802,-0.04409216791735987,0.542960771800211,0.09458448688449929,72,0.14766282635767813,0.17648764198657302,-0.21511271730238674,0.5104383700177431,0.41039956727749627,26,0.14766282635767813,0.15794376496846618,-0.16719231468836487,0.46251796740372114,0.3529609636047843,72,0.10177147558374745,0.07784462654552293,-0.05824044592073542,0.26178339708823034,0.20253209862743077,26,0.10177147558374745,0.06546406101299186,-0.028728744971381684,0.2322716961388766,0.12442248147596441,72,0.23288908591976298,0.0406570316575796,,,,,,
Pré,analitica_Natural não diretamente climático,Natural não diretamente climático,Analítica,3,Almon K12 q2,C_prop,1971,27,12,-8238.075510064393,-7668.273286734815,17.809449913192914,3,-0.20000253898607562,0.2944850477935925,-0.8053252239659587,0.40532014599380745,0.5030380112664515,26,-0.20000253898607562,0.20537734772265004,-0.609414799088825,0.20940972111667377,0.3334016164093041,72,-0.26985096235565914,0.26727538028402864,-0.8192433747539491,0.2795414500426308,0.3219738513856957,26,-0.26985096235565914,0.18778146278902083,-0.6441864669200441,0.10448454220872588,0.15503595402673898,72,0.06984842336958347,0.05954206144346871,-0.05254203676494926,0.1922388835041162,0.2513937328436401,26,0.06984842336958347,0.040634607792162505,-0.011155186809687093,0.15085203354885401,0.08992245288888032,72,0.17640701047078203,0.017552507930995796,,,,,,
Pré,analitica_Natural não diretamente climático,Natural não diretamente climático,Analítica,3,Somente defasado,C_prop,1971,27,12,-8236.926745877992,-7667.1245225484145,2.1176417932411793,3,-0.31348388868742094,0.3266665176017536,-0.9849565322367758,0.35798875486193393,0.3460737437015237,26,-0.31348388868742094,0.22759011570181262,-0.7671764924713445,0.1402087150965025,0.17265379755737129,72,-0.31348388868742094,0.3266665176017536,-0.9849565322367758,0.35798875486193393,0.3460737437015237,26,-0.31348388868742094,0.22759011570181262,-0.7671764924713445,0.1402087150965025,0.17265379755737129,72,0.0,0.0,0.0,0.0,,26,0.0,0.0,0.0,0.0,,72,0.09783373451861709,0.03872578067537152,4999.0,0.4322,0.007005757061160485,0.5532,0.0070309282459715084,0.4322
Pré,analitica_Natural não diretamente climático,Natural não diretamente climático,Analítica,3,Região × tempo,C_prop,1971,27,12,-8043.311023380436,-5864.655463590876,2.08622612956525,3,-0.07791778921964486,0.36934548219888064,-0.8371183009091914,0.6812827224699016,0.8345618233317567,26,-0.07791778921964486,0.23717725396737274,-0.5507220038445123,0.39488642540522256,0.7434710825279811,72,-0.160387558128059,0.3213406232494689,-0.8209126690491908,0.5001375527930729,0.6218918982430024,26,-0.160387558128059,0.21071086349370857,-0.58043198760263,0.2596568713465121,0.44903922531569157,72,0.0824697689084141,0.0764037812491602,-0.07458045267286505,0.23951999048969325,0.290324144228451,26,0.0824697689084141,0.06032353045609569,-0.037782991268230454,0.20272252908505867,0.17583956352698757,72,0.2301888082893471,0.07662210173821944,,,,,,
Pré,analitica_Natural não diretamente climático,Natural não diretamente climático,Analítica,3,Ponderado CA2013,C_prop,1971,27,12,-17553.81367447851,-16984.011451148934,2.8634723606894736,3,-0.06863840803822929,0.20105907685038626,-0.48192125941055813,0.34464444333409955,0.7355579818887629,26,-0.06863840803822929,0.2237487876507069,-0.5146734643046773,0.37739664822821867,0.7599073032031876,72,-0.07255454829090795,0.1941622035972604,-0.471660673656848,0.3265515770750321,0.7116721820883118,26,-0.07255454829090795,0.22884070815741633,-0.5287401625718197,0.38363106599000374,0.7521212005250988,72,0.00391614025267865,0.033268641231904456,-0.06446853118314906,0.07230081168850637,0.9071999962601778,26,0.00391614025267865,0.023336163141424195,-0.042603650755428144,0.05043593126078544,0.8671999059254709,72,0.4706645409133665,0.8366691254148492,,,,,,
Pré,analitica_Tecnológico/antrópico,Tecnológico/antrópico,Analítica,3,J alternativo,C_prop,1971,27,12,-8232.29136726822,-7656.902847631491,4.449955575792157,4,0.9822699433912889,1.4935646777897453,-2.0877962203226907,4.052336107105268,0.516532215258299,26,0.9822699433912889,0.9401357595090846,-0.8918564409060585,2.8563963276886364,0.2996027032956473,72,1.0035256287902552,1.540658498783546,-2.1633432703546593,4.170394527935169,0.520529365579394,26,1.0035256287902552,0.9434068869180702,-0.8771216288188142,2.8841728863993246,0.29100781882920523,72,-0.021255685398966252,0.38140435458907934,-0.805243564283404,0.7627321934854715,0.955982917762197,26,-0.021255685398966252,0.16833961140424814,-0.3568345675593523,0.31432319676141973,0.8998727627410502,72,0.5716579406988391,0.012862974421101117,,,,,,
Pré,analitica_Tecnológico/antrópico,Tecnológico/antrópico,Analítica,3,Exposição A,A,1971,27,12,-8234.227550265572,-7664.425326935994,4.111372908018311,3,0.00953121551012603,0.022754962211908585,-0.03724227919165822,0.05630471021191029,0.6787562871715885,26,0.00953121551012603,0.01373507193717458,-0.017849149982111394,0.036911581002363456,0.4899573097695814,72,0.008974424088255665,0.021811220482735913,-0.035859181706738436,0.05380802988324976,0.6841080764356714,26,0.008974424088255665,0.014036319319411145,-0.019006467085022613,0.03695531526153394,0.524610286663573,72,0.0005567914218703671,0.00596635465628486,-0.011707226215507145,0.01282080905924788,0.9263632708288069,26,0.0005567914218703671,0.0023306450325043734,-0.004089264537248576,0.00520284738098931,0.8118617152552917,72,0.6961668122069821,0.5573289089094904,,,,,,
Pré,analitica_Tecnológico/antrópico,Tecnológico/antrópico,Analítica,3,Exposição B,B,1971,27,12,-8234.222044223603,-7664.419820894025,4.108201277258285,3,0.009611143201762661,0.022796958165793343,-0.037248675419535596,0.056470961823060925,0.6767841008883866,26,0.009611143201762661,0.01373816254053415,-0.01777538329567107,0.03699766969919639,0.48643472030012397,72,0.008975748062592239,0.021831597198069014,-0.035899742670631896,0.05385123879581637,0.6843422156537151,26,0.008975748062592239,0.014039751572214309,-0.01901198518160072,0.0369634813067852,0.5246503833234784,72,0.0006353951391704246,0.005923111105015505,-0.011539734105541467,0.012810524383882315,0.9153952001640512,26,0.0006353951391704246,0.0023326357245243546,-0.004014629191962795,0.0052854194703036445,0.7860990236789044,72,0.697186870813444,0.5498196136397138,,,,,,
Pré,analitica_Tecnológico/antrópico,Tecnológico/antrópico,Analítica,3,Exposição C,C,1971,27,12,-8234.607086881333,-7664.804863551755,4.093576671702993,3,0.011781877831968776,0.026564162246968944,-0.04282153967956151,0.06638529534349906,0.6610548225618585,26,0.011781877831968776,0.015427672537389005,-0.01897262528970612,0.04253638095364367,0.44755046770335305,72,0.009991287031567963,0.024673448697996654,-0.04072571312000883,0.06070828718314476,0.6888334768170925,26,0.009991287031567963,0.015098723529284949,-0.02010746822716194,0.04009004229029786,0.5102562257271811,72,0.0017905908004008117,0.0064366841525782155,-0.011440202962469767,0.01502138456327139,0.783070497235498,26,0.0017905908004008117,0.0023493647200854826,-0.0028927821738903648,0.006473963774691988,0.4484543571561972,72,0.5065323461415505,0.38239195588276753,,,,,,
Pré,analitica_Tecnológico/antrópico,Tecnológico/antrópico,Analítica,3,Irrestrito K3,C_prop,1971,27,3,-8232.51410687233,-7657.1255872356,1.3617709004250036,4,0.0923576628254067,0.6322218781699471,-1.2071930195070077,1.3919083451578214,0.884981616391065,26,0.0923576628254067,0.6257120865954943,-1.1549765850226894,1.3396919106735026,0.8830677962515182,72,0.007392666764998501,0.37766470179101724,-0.7689082457027194,0.7836935792327164,0.9845321085786128,26,0.007392666764998501,0.40730273523787086,-0.8045504965334236,0.8193358300634206,0.9855691547075862,72,0.08496499606040818,0.46848075242262377,-0.8780109819818587,1.047940974102675,0.8574892525305527,26,0.08496499606040818,0.3247096308193072,-0.5623318227221076,0.732261814842924,0.7943271829942151,72,0.2692261345580936,0.0061677461451485555,,,,,,
Pré,analitica_Tecnológico/antrópico,Tecnológico/antrópico,Analítica,3,Irrestrito K6,C_prop,1971,27,6,-8227.50369136157,-7635.356282803381,2.342424706114722,7,0.07995388873165532,0.9322387204847896,-1.8362902450675949,1.9961980225309055,0.9323099147751428,26,0.07995388873165532,0.7181422559300199,-1.351636534145205,1.5115443116085157,0.9116610167856618,72,-0.009986259122445884,0.9466514689444862,-1.9558562216723572,1.9358837034274652,0.991663772967027,26,-0.009986259122445884,0.5311466073043111,-1.0688076693396504,1.0488351510947589,0.9850516030811992,72,0.08994014785410119,0.4826833071304431,-0.9022295994940243,1.0821098952022266,0.8536293475676209,26,0.08994014785410119,0.3327374034294498,-0.57335974314818,0.7532400388563824,0.7876999301914769,72,0.03746013054123374,0.0005684190257340873,,,,,,
Pré,analitica_Tecnológico/antrópico,Tecnológico/antrópico,Analítica,3,Almon K12 q2,C_prop,1971,27,12,-8234.181602112461,-7664.379378782884,34.923340757279774,3,0.9894962401146454,1.5119668902686105,-2.1183962130858025,4.097388693315093,0.5185741730907172,26,0.9894962401146454,0.9012107066847557,-0.8070344695470137,2.7860269497763044,0.27587881233693584,72,0.915671912718576,1.5650506994744833,-2.301335873019845,4.132679698456997,0.5635410619852327,26,0.915671912718576,0.939982957691881,-0.9581498667232566,2.7894936921604083,0.33325017185329125,72,0.07382432739606899,0.3250392066304177,-0.5943033305458784,0.7419519853380164,0.82210344246079,26,0.07382432739606899,0.1640676533815373,-0.2532385620877341,0.40088721687987205,0.6540891668236121,72,0.40537474699027043,0.19268087500022163,,,,,,
Pré,analitica_Tecnológico/antrópico,Tecnológico/antrópico,Analítica,3,Somente defasado,C_prop,1971,27,12,-8234.200705366906,-7664.398482037328,3.985645704628697,3,0.9685233368478718,1.5086684002064354,-2.1325889729267047,4.069635646622448,0.5265113315899339,26,0.9685233368478718,0.9319071875814019,-0.8891996891059837,2.8262463628017276,0.3021467114127594,72,0.9685233368478718,1.5086684002064354,-2.1325889729267047,4.069635646622448,0.5265113315899339,26,0.9685233368478718,0.9319071875814019,-0.8891996891059837,2.8262463628017276,0.3021467114127594,72,0.0,0.0,0.0,0.0,,26,0.0,0.0,0.0,0.0,,72,0.4196885452791562,0.6162286703603225,4999.0,0.563,0.007014713108887633,0.5746,0.006991921624274688,0.563
Pré,analitica_Tecnológico/antrópico,Tecnológico/antrópico,Analítica,3,Região × tempo,C_prop,1971,27,12,-8040.8538991519745,-5862.198339362414,3.92321070639472,3,2.527536678529249,1.9157702702251989,-1.4103855095954603,6.465458866653957,0.19855944128149752,26,2.527536678529249,1.0713630033601398,0.39181356466136963,4.6632597923971275,0.021031070643514966,72,2.5772233851695256,1.9975920883869687,-1.528885958909985,6.683332729249036,0.20835046565184107,26,2.5772233851695256,1.0962249493432163,0.3919388877880676,4.762507882550984,0.021464397163358614,72,-0.0496867066402768,0.44764257410098035,-0.9698291956947158,0.8704557824141623,0.9124716252451912,26,-0.0496867066402768,0.23015863347746524,-0.5084995570302872,0.40912614374973355,0.8296915026106646,72,0.0641783853806885,0.06784559601047656,,,,,,
Pré,analitica_Tecnológico/antrópico,Tecnológico/antrópico,Analítica,3,Ponderado CA2013,C_prop,1971,27,12,-17554.389423586752,-16984.587200257174,4.1717663172986885,3,0.5984704127968715,1.1240845295819155,-1.712118429281782,2.909059254875525,0.5989651292859005,26,0.5984704127968715,0.8089411320484352,-1.0141242615158945,2.2110650871096373,0.461815023381595,72,0.49243791669744275,1.169932517321532,-1.91239281388253,2.897268647277415,0.6772788155877247,26,0.49243791669744275,0.7787960094936427,-1.0600635540897874,2.0449393874846726,0.5291893704411788,72,0.10603249609942868,0.2260919414373902,-0.35870614536504747,0.5707711375639049,0.6429929874766767,26,0.10603249609942868,0.13471192661493286,-0.16251082160226776,0.3745758138011251,0.4338034466655187,72,0.49558701611169387,0.4502551925152213,,,,,,
