periodo,coluna,exposicao,nivel,J,medida,suporte,tipo_perfil,lag,estimate,se,low,high,sim_low,sim_high,p,crit_sim
Total,total_desastres,Total de desastres,Total,3,C_prop,estimável,beta,0,0.02835830647084258,0.009640824460464993,0.008541307979568487,0.04817530496211667,0.0024108147952457484,0.05430579814643941,0.006780659863945404,2.6914183306627013
Total,total_desastres,Total de desastres,Total,3,C_prop,estimável,beta,1,0.020409331161884592,0.008523097941702565,0.0028898524342784865,0.0379288098894907,-0.0025298908724472324,0.043348553196216416,0.024138830767650252,2.6914183306627013
Total,total_desastres,Total de desastres,Total,3,C_prop,estimável,beta,2,0.012822945593927082,0.00764396556486094,-0.0028894506526169813,0.028535341840471143,-0.007750163446294122,0.033396054634148284,0.10542294217438788,2.6914183306627013
Total,total_desastres,Total de desastres,Total,3,C_prop,estimável,beta,3,0.005961739507970534,0.007012400323072772,-0.008452455791654346,0.020375934807595412,-0.012911563263492572,0.02483504227943364,0.402991439685487,2.6914183306627013
Total,total_desastres,Total de desastres,Total,3,C_prop,estimável,beta,4,0.0001883026450154271,0.006568676767994013,-0.01331380582452579,0.013690411114556645,-0.017490754416561886,0.017867359706592742,0.9773492835596335,2.6914183306627013
Total,total_desastres,Total de desastres,Total,3,C_prop,estimável,beta,5,-0.004134775253937757,0.0061978064111527864,-0.01687454878707185,0.008604998279196332,-0.020815665038813175,0.012546114530937662,0.5105637389928511,2.6914183306627013
Total,total_desastres,Total de desastres,Total,3,C_prop,estimável,beta,6,-0.0066449044478885414,0.005775146075429036,-0.018515887218395782,0.0052260783226187,-0.02218823845755301,0.008898429561775927,0.2603680166701922,2.6914183306627013
Total,total_desastres,Total de desastres,Total,3,C_prop,estimável,beta,7,-0.007100358442836603,0.005249690696837962,-0.017891252213956654,0.003690535328283448,-0.021229472214615745,0.007028755328942538,0.18785305491945625,2.6914183306627013
Total,total_desastres,Total de desastres,Total,3,C_prop,estimável,beta,8,-0.005742863732782262,0.004775254679121647,-0.015558540302733938,0.004072812837169413,-0.0185950717097531,0.0071093442441885766,0.2399576867704555,2.6914183306627013
Total,total_desastres,Total de desastres,Total,3,C_prop,estimável,beta,9,-0.002935010058726,0.0046631289464142914,-0.012520208884268302,0.006650188766816303,-0.015485440783349274,0.009615420665897274,0.5345740772285406,2.6914183306627013
Total,total_desastres,Total de desastres,Total,3,C_prop,estimável,beta,10,0.000960612838331703,0.005197969672493386,-0.009723966844651308,0.011645192521314712,-0.013029298020445794,0.014950523697109199,0.8548156734884537,2.6914183306627013
Total,total_desastres,Total de desastres,Total,3,C_prop,estimável,beta,11,0.005581415217390367,0.006379627629524298,-0.007532097182676278,0.018694927617457013,-0.011588831527513563,0.0227516619622943,0.38964912789781875,2.6914183306627013
Total,total_desastres,Total de desastres,Total,3,C_prop,estimável,beta,12,0.010564807337449512,0.007994987340941716,-0.005869124503433295,0.02699873917833232,-0.010953048145377273,0.032082662820276296,0.19786941770031435,2.6914183306627013
Total,total_desastres,Total de desastres,Total,3,C_prop,estimável,C,0,0.02835830647084258,0.009640824460464993,0.008541307979568487,0.04817530496211667,0.005030549597069708,0.05168606334461545,0.006780659863945404,2.419684848472776
Total,total_desastres,Total de desastres,Total,3,C_prop,estimável,C,1,0.04876763763272717,0.018110148920454466,0.011541693388526564,0.08599358187692778,0.004946784686317894,0.09258849057913646,0.012233578148151732,2.419684848472776
Total,total_desastres,Total de desastres,Total,3,C_prop,estimável,C,2,0.061590583226654255,0.02556418247367358,0.009042653577180017,0.1141385128761285,-0.000266681768487001,0.12344784822179551,0.023364313492920827,2.419684848472776
Total,total_desastres,Total de desastres,Total,3,C_prop,estimável,C,3,0.06755232273462479,0.03216184794404789,0.001442697484478575,0.133661947984771,-0.010269213434473193,0.14537385890372279,0.045544451932723,2.419684848472776
Total,total_desastres,Total de desastres,Total,3,C_prop,estimável,C,4,0.0677406253796402,0.03803123396405102,-0.01043369562138137,0.14591494638066177,-0.024282975211897276,0.15976422597117768,0.08656971808023403,2.419684848472776
Total,total_desastres,Total de desastres,Total,3,C_prop,estimável,C,5,0.06360585012570245,0.043236183791737756,-0.02526739847278836,0.15247909872419327,-0.04101208870094962,0.1682237889523545,0.1532577319795656,2.419684848472776
Total,total_desastres,Total de desastres,Total,3,C_prop,estimável,C,6,0.056960945677813915,0.04775153976121946,-0.041193750041898375,0.1551156413975262,-0.05858273157365414,0.17250462292928198,0.243696400194362,2.419684848472776
Total,total_desastres,Total de desastres,Total,3,C_prop,estimável,C,7,0.04986058723497731,0.051466921525457905,-0.055931185076924,0.15565235954687862,-0.07467314297771056,0.1743943174476652,0.341576845595541,2.419684848472776
Total,total_desastres,Total de desastres,Total,3,C_prop,estimável,C,8,0.044117723502195054,0.054256926049767014,-0.06740898524337044,0.15564443224776053,-0.08716693838513406,0.17540238538952418,0.4235296087423303,2.419684848472776
Total,total_desastres,Total de desastres,Total,3,C_prop,estimável,C,9,0.04118271344346905,0.05605028171114036,-0.07403029065800622,0.1563957175449443,-0.09444130396560804,0.17680673085254614,0.46906994152883164,2.419684848472776
Total,total_desastres,Total de desastres,Total,3,C_prop,estimável,C,10,0.04214332628180076,0.05688993986259796,-0.07479561986839206,0.15908227243199358,-0.09551239923425495,0.17979905179785646,0.4654607609443858,2.419684848472776
Total,total_desastres,Total de desastres,Total,3,C_prop,estimável,C,11,0.04772474149919112,0.05699485707371234,-0.06942986506706761,0.16487934806544985,-0.09018485060294207,0.1856343336013243,0.41002616438489475,2.419684848472776
Total,total_desastres,Total de desastres,Total,3,C_prop,estimável,C,12,0.05828954883664063,0.05682298424411113,-0.058511768068669964,0.1750908657419512,-0.07920416518384236,0.1957832628571236,0.3144312095422222,2.419684848472776
Total,grupo_climatologico,Grupo | Climatológico,Grupo,3,C_prop,estimável,beta,0,0.020725380489573186,0.013686181247822617,-0.007406967967928259,0.04885772894707463,-0.015500201437723012,0.05695096241686938,0.1420055735690681,2.6468728764686977
Total,grupo_climatologico,Grupo | Climatológico,Grupo,3,C_prop,estimável,beta,1,0.017478728202638273,0.011719338185064787,-0.006610716438173941,0.04156817284345049,-0.013540870169573609,0.048498326574850155,0.14787956656220194,2.6468728764686977
Total,grupo_climatologico,Grupo | Climatológico,Grupo,3,C_prop,estimável,beta,2,0.014312220086923282,0.010447453200056382,-0.007162827524636307,0.035787267698482866,-0.013340860416482053,0.041965300590328616,0.18242572797156412,2.6468728764686977
Total,grupo_climatologico,Grupo | Climatológico,Grupo,3,C_prop,estimável,beta,3,0.01130600031364814,0.009950708587663608,-0.009147974123650855,0.031759974750947134,-0.015032260348682805,0.03764426097597909,0.2662373279750577,2.6468728764686977
Total,grupo_climatologico,Grupo | Climatológico,Grupo,3,C_prop,estimável,beta,4,0.00854021305403277,0.010011539574413733,-0.012038801267312806,0.029119227375378344,-0.01795905949717591,0.03503948560524145,0.4014292631519818,2.6468728764686977
Total,grupo_climatologico,Grupo | Climatológico,Grupo,3,C_prop,estimável,beta,5,0.006095002479297093,0.010225140099451574,-0.014923074009373337,0.027113078967967524,-0.020969643508033722,0.03315964846662791,0.5562760951221742,2.6468728764686977
Total,grupo_climatologico,Grupo | Climatológico,Grupo,3,C_prop,estimável,beta,6,0.004050512760661035,0.010212036123574726,-0.01694062811983127,0.025041653641153336,-0.022979448668347446,0.03108047418966952,0.6948690679693519,2.6468728764686977
Total,grupo_climatologico,Grupo | Climatológico,Grupo,3,C_prop,estimável,beta,7,0.0024601733456045445,0.009774714989712163,-0.01763204107009258,0.022552387761301668,-0.023412254635876588,0.028332601327085677,0.8032614230358671,2.6468728764686977
Total,grupo_climatologico,Grupo | Climatológico,Grupo,3,C_prop,estimável,beta,8,0.0012705547866476727,0.009054149458068065,-0.017340515966283655,0.019881625539579003,-0.022694627833406446,0.025235737406701795,0.889481981864385,2.6468728764686977
Total,grupo_climatologico,Grupo | Climatológico,Grupo,3,C_prop,estimável,beta,9,0.00040151291257049544,0.008432135634235649,-0.01693099011423048,0.01773401593937147,-0.021917278188393025,0.022720304013534014,0.9623853769127891,2.6468728764686977
Total,grupo_climatologico,Grupo | Climatológico,Grupo,3,C_prop,estimável,beta,10,-0.00022709644784691093,0.008428104688888336,-0.017551313747820922,0.0170971208521271,-0.0225352181489041,0.022081025253210276,0.9787092465969557,2.6468728764686977
Total,grupo_climatologico,Grupo | Climatológico,Grupo,3,C_prop,estimável,beta,11,-0.0006954174658244699,0.009403579186900244,-0.020024751313107336,0.018633916381458396,-0.025585496157356297,0.02419466122570736,0.9416142735192654,2.6468728764686977
Total,grupo_climatologico,Grupo | Climatológico,Grupo,3,C_prop,estimável,beta,12,-0.001083594312582105,0.011269343297303253,-0.02424806121436169,0.022080872589197477,-0.030912113421828404,0.02874492479666419,0.9241354567339238,2.6468728764686977
Total,grupo_climatologico,Grupo | Climatológico,Grupo,3,C_prop,estimável,C,0,0.020725380489573186,0.013686181247822617,-0.007406967967928259,0.04885772894707463,-0.012348040923677934,0.05379880190282431,0.1420055735690681,2.41655585399418
Total,grupo_climatologico,Grupo | Climatológico,Grupo,3,C_prop,estimável,C,1,0.038204108692211455,0.025268689911732187,-0.013736427297292249,0.09014464468171515,-0.02285909183674864,0.09926730922117155,0.14261609866310399,2.41655585399418
Total,grupo_climatologico,Grupo | Climatológico,Grupo,3,C_prop,estimável,C,2,0.05251632877913474,0.03520963024221841,-0.019858102707475615,0.12489076026574508,-0.03256970929966869,0.13760236685793817,0.1478561358743369,2.41655585399418
Total,grupo_climatologico,Grupo | Climatológico,Grupo,3,C_prop,estimável,C,3,0.06382232909278288,0.04406269315786196,-0.026749833839090298,0.15439449202465605,-0.042657630000597746,0.1703022881861635,0.1594464303205237,2.41655585399418
Total,grupo_climatologico,Grupo | Climatológico,Grupo,3,C_prop,estimável,C,4,0.07236254214681564,0.052361149475042106,-0.035267342040313246,0.17999242633394452,-0.05417110013896165,0.19889618443259294,0.17873432800897573,2.41655585399418
Total,grupo_climatologico,Grupo | Climatológico,Grupo,3,C_prop,estimável,C,5,0.07845754462611274,0.06048839232492056,-0.045878126493941115,0.2027932157461666,-0.06771603394537068,0.22463112319759615,0.20600041583930834,2.41655585399418
Total,grupo_climatologico,Grupo | Climatológico,Grupo,3,C_prop,estimável,C,6,0.08250805738677378,0.06857976816630329,-0.05845967497436602,0.22347578974791357,-0.08321878284107015,0.2482348976146177,0.23978028248647928,2.41655585399418
Total,grupo_climatologico,Grupo | Climatológico,Grupo,3,C_prop,estimável,C,7,0.08496823073237833,0.07651106235899928,-0.07230251032838536,0.24223897179314202,-0.09992502490657515,0.2698614863713318,0.27693368815134706,2.41655585399418
Total,grupo_climatologico,Grupo | Climatológico,Grupo,3,C_prop,estimável,C,8,0.086238785519026,0.08402802100814852,-0.08648328533412511,0.25896085637217714,-0.11681962054776124,0.28929719158581324,0.314199769247274,2.41655585399418
Total,grupo_climatologico,Grupo | Climatológico,Grupo,3,C_prop,estimável,C,9,0.08664029843159649,0.09091832558371175,-0.10024499631784053,0.27352559318103353,-0.13306891349307098,0.30634951035626395,0.34939320976937277,2.41655585399418
Total,grupo_climatologico,Grupo | Climatológico,Grupo,3,C_prop,estimável,C,10,0.08641320198374958,0.0971328591856543,-0.1132462495319157,0.28607265349941485,-0.14831377749653568,0.32114018146403484,0.38181754932121814,2.41655585399418
Total,grupo_climatologico,Grupo | Climatológico,Grupo,3,C_prop,estimável,C,11,0.08571778451792511,0.10285535557167286,-0.12570442678172875,0.297139995817579,-0.16283792710345382,0.334273496139304,0.41222026394184863,2.41655585399418
Total,grupo_climatologico,Grupo | Climatológico,Grupo,3,C_prop,estimável,C,12,0.084634190205343,0.1085230898714751,-0.13843821579796034,0.3077065962086463,-0.17761791791710663,0.34688629832779266,0.44250776769662287,2.41655585399418
Total,grupo_hidrologico,Grupo | Hidrológico,Grupo,3,C_prop,estimável,beta,0,0.028011774842280554,0.024549477435868484,-0.022450398730446082,0.07847394841500718,-0.039777319663763466,0.09580086934832457,0.26425724981620763,2.761325355422819
Total,grupo_hidrologico,Grupo | Hidrológico,Grupo,3,C_prop,estimável,beta,1,0.015322369272340522,0.01764543862623823,-0.02094834928165823,0.05159308782633927,-0.0334024278138483,0.06404716635852935,0.393149114733993,2.761325355422819
Total,grupo_hidrologico,Grupo | Hidrológico,Grupo,3,C_prop,estimável,beta,2,0.0033333552965857825,0.011900326260600147,-0.021128115661532682,0.02779482625470425,-0.029527317344613422,0.036194027937784985,0.7816125859215656,2.761325355422819
Total,grupo_hidrologico,Grupo | Hidrológico,Grupo,3,C_prop,estimável,beta,3,-0.007254875490798372,0.008802986620419635,-0.02534967363705027,0.010839922655453527,-0.03156278564921094,0.017053034667614195,0.4173576989698705,2.761325355422819
Total,grupo_hidrologico,Grupo | Hidrológico,Grupo,3,C_prop,estimável,beta,4,-0.015741931495626655,0.009293542237640232,-0.034845081154367116,0.0033612181631138063,-0.04140442531811555,0.00992056232686224,0.10224099429812311,2.761325355422819
Total,grupo_hidrologico,Grupo | Hidrológico,Grupo,3,C_prop,estimável,beta,5,-0.021427421123713767,0.01125245453987277,-0.044557172687412896,0.0017023304399853625,-0.05249910915540706,0.009644266907979523,0.06800008571638966,2.761325355422819
Total,grupo_hidrologico,Grupo | Hidrológico,Grupo,3,C_prop,estimável,beta,6,-0.023610952780874425,0.012581470838673068,-0.04947253647119376,0.0022506309094449083,-0.058352487216215165,0.011130581654466315,0.0718335611806036,2.761325355422819
Total,grupo_hidrologico,Grupo | Hidrológico,Grupo,3,C_prop,estimável,beta,7,-0.02182559873765176,0.012614271172409557,-0.047754604479563756,0.004103407004260238,-0.0566577055662054,0.013006508090901876,0.09544410480742622,2.761325355422819
Total,grupo_hidrologico,Grupo | Hidrológico,Grupo,3,C_prop,estimável,beta,8,-0.01653828672350264,0.011893155692693372,-0.04098501836819694,0.007908444921191665,-0.04937915909372809,0.01630258564672281,0.17614435591869848,2.761325355422819
Total,grupo_hidrologico,Grupo | Hidrológico,Grupo,3,C_prop,estimável,beta,9,-0.008449408332612353,0.011730911718109091,-0.03256264271130624,0.015663826046081533,-0.04084227230205365,0.023943455636828946,0.47778554226183156,2.761325355422819
Total,grupo_hidrologico,Grupo | Hidrológico,Grupo,3,C_prop,estimável,beta,10,0.0017406448408338103,0.013571449638214536,-0.026155869415575343,0.029637159097242967,-0.03573454315501183,0.039215832836679454,0.8989318636106902,2.761325355422819
Total,grupo_hidrologico,Grupo | Hidrológico,Grupo,3,C_prop,estimável,beta,11,0.013331481202650557,0.01764195204835223,-0.022932070587863396,0.049595032993164506,-0.035383688307618,0.06204665071291911,0.45663952830907056,2.761325355422819
Total,grupo_hidrologico,Grupo | Hidrológico,Grupo,3,C_prop,estimável,beta,12,0.025622709158652595,0.023124230180558737,-0.021909826723439902,0.0731552450407451,-0.03823081396355783,0.08947623228086303,0.27798741316806974,2.761325355422819
Total,grupo_hidrologico,Grupo | Hidrológico,Grupo,3,C_prop,estimável,C,0,0.028011774842280554,0.024549477435868484,-0.022450398730446082,0.07847394841500718,-0.03360258582330975,0.08962613550787085,0.26425724981620763,2.509803348219847
Total,grupo_hidrologico,Grupo | Hidrológico,Grupo,3,C_prop,estimável,C,1,0.043334144114621075,0.04207065368312897,-0.04314332303399975,0.1298116112632419,-0.06225492336109365,0.1489232115903358,0.3124820075582044,2.509803348219847
Total,grupo_hidrologico,Grupo | Hidrológico,Grupo,3,C_prop,estimável,C,2,0.046667499411206854,0.053246187121095544,-0.06278160571169206,0.15611660453410578,-0.08696995930525925,0.18030495812767294,0.3888128735848951,2.509803348219847
Total,grupo_hidrologico,Grupo | Hidrológico,Grupo,3,C_prop,estimável,C,3,0.039412623920408486,0.05927346481265566,-0.08242572793236772,0.1612509757731847,-0.10935211652698598,0.18817736436780294,0.511951481136658,2.509803348219847
Total,grupo_hidrologico,Grupo | Hidrológico,Grupo,3,C_prop,estimável,C,4,0.023670692424781835,0.061873139915883266,-0.10351136813358566,0.15085275298314935,-0.13161872130097704,0.17896010615054073,0.7051496227922552,2.509803348219847
Total,grupo_hidrologico,Grupo | Hidrológico,Grupo,3,C_prop,estimável,C,5,0.002243271301068066,0.06315260460629216,-0.127568766594139,0.13205530919627514,-0.15625734718860812,0.16074388979074428,0.9719352691863677,2.509803348219847
Total,grupo_hidrologico,Grupo | Hidrológico,Grupo,3,C_prop,estimável,C,6,-0.02136768147980636,0.06513397265460572,-0.15525247972710832,0.1125171167674956,-0.18484114413119573,0.142105781171583,0.7454955624099883,2.509803348219847
Total,grupo_hidrologico,Grupo | Hidrológico,Grupo,3,C_prop,estimável,C,7,-0.04319328021745812,0.06897437903038339,-0.1849721468265229,0.09858558639160665,-0.21630540764929918,0.1299188472143829,0.5366288612991975,2.509803348219847
Total,grupo_hidrologico,Grupo | Hidrológico,Grupo,3,C_prop,estimável,C,8,-0.05973156694096076,0.07465387803709514,-0.21318481095506447,0.09372167707314294,-0.24709811999605824,0.1276349861141367,0.43089542328932084,2.509803348219847
Total,grupo_hidrologico,Grupo | Hidrológico,Grupo,3,C_prop,estimável,C,9,-0.06818097527357311,0.08175665216662586,-0.23623418060695825,0.09987223005981202,-0.2733740946206161,0.1370121440734699,0.4119056909088287,2.509803348219847
Total,grupo_hidrologico,Grupo | Hidrológico,Grupo,3,C_prop,estimável,C,10,-0.06644033043273931,0.09035495742512238,-0.25216760534740185,0.11928694448192323,-0.2932135051065732,0.16033284424109456,0.4687227703571937,2.509803348219847
Total,grupo_hidrologico,Grupo | Hidrológico,Grupo,3,C_prop,estimável,C,11,-0.05310884923008874,0.10139275716982227,-0.2615246464578267,0.15530694799764921,-0.3075847306601506,0.2013670321999731,0.6048589328568239,2.509803348219847
Total,grupo_hidrologico,Grupo | Hidrológico,Grupo,3,C_prop,estimável,C,12,-0.027486140071436144,0.11648225174118451,-0.266918837604851,0.2119465574619787,-0.31983368549964813,0.2648614053567759,0.8153060827329391,2.509803348219847
Total,grupo_meteorologico,Grupo | Meteorológico,Grupo,3,C_prop,estimável com ressalvas,beta,0,0.058930810132600146,0.03316577358775465,-0.009242413832393818,0.1271040340975941,-0.031769301045695926,0.14963092131089623,0.08729508012106414,2.734750357572966
Total,grupo_meteorologico,Grupo | Meteorológico,Grupo,3,C_prop,estimável com ressalvas,beta,1,0.03849181575857962,0.025018165200121876,-0.012933759311101571,0.08991739082826081,-0.029926620468273206,0.10691025198543244,0.13599573466260126,2.734750357572966
Total,grupo_meteorologico,Grupo | Meteorológico,Grupo,3,C_prop,estimável com ressalvas,beta,2,0.019134720460934545,0.02009350853366187,-0.022168077855629232,0.060437518777498325,-0.0358160091863927,0.07408545010826179,0.349722817097457,2.734750357572966
Total,grupo_meteorologico,Grupo | Meteorológico,Grupo,3,C_prop,estimável com ressalvas,beta,3,0.0019414233160403615,0.019719450814728007,-0.038592488347503257,0.04247533497958397,-0.051986351850679575,0.05586919848276029,0.922328337479408,2.734750357572966
Total,grupo_meteorologico,Grupo | Meteorológico,Grupo,3,C_prop,estimável com ressalvas,beta,4,-0.012006176599727487,0.022405945610884825,-0.058062257403532325,0.03404990420407736,-0.07328084437085519,0.04926849117140021,0.596618480603387,2.734750357572966
Total,grupo_meteorologico,Grupo | Meteorológico,Grupo,3,C_prop,estimável com ressalvas,beta,5,-0.02162618020999354,0.025387129225470095,-0.07381017169557817,0.030557811275591092,-0.09105364093709899,0.047801280517111897,0.4020724702565886,2.734750357572966
Total,grupo_meteorologico,Grupo | Meteorológico,Grupo,3,C_prop,estimável com ressalvas,beta,6,-0.02583668843838237,0.026814802901710313,-0.08095530519425426,0.029281928317489526,-0.09916848026208325,0.04749510338531851,0.3441615709455525,2.734750357572966
Total,grupo_meteorologico,Grupo | Meteorológico,Grupo,3,C_prop,estimável com ressalvas,beta,7,-0.023916435233976997,0.025803238073262635,-0.07695575070587896,0.029122880237924968,-0.09448184978137236,0.04664897931341836,0.3625148563634051,2.734750357572966
Total,grupo_meteorologico,Grupo | Meteorológico,Grupo,3,C_prop,estimável com ressalvas,beta,8,-0.016586686647694394,0.02260045600726535,-0.06304258929738149,0.02986921600199271,-0.07839329179487539,0.0452199184994866,0.469570986343198,2.734750357572966
Total,grupo_meteorologico,Grupo | Meteorológico,Grupo,3,C_prop,estimável com ressalvas,beta,9,-0.004929341755910002,0.01803583879681233,-0.042002539353375015,0.032143855841555005,-0.054252858354620896,0.044394174842800886,0.7867756674106688,2.734750357572966
Total,grupo_meteorologico,Grupo | Meteorológico,Grupo,3,C_prop,estimável com ressalvas,beta,10,0.009973700365000728,0.013813315924197347,-0.018419977162461312,0.038367377892462765,-0.027802270297966315,0.04774967102796777,0.47671705811970233,2.734750357572966
Total,grupo_meteorologico,Grupo | Meteorológico,Grupo,3,C_prop,estimável com ressalvas,beta,11,0.02704054063866235,0.013337636516128694,-0.0003753638621583552,0.054456445139483056,-0.00943456559299884,0.06351564687032354,0.05298900709604455,2.734750357572966
Total,grupo_meteorologico,Grupo | Meteorológico,Grupo,3,C_prop,estimável com ressalvas,beta,12,0.04518927998869942,0.01819833280890433,0.007782071165776117,0.08259648881162272,-0.004578617167683534,0.09495717714508237,0.019796898551535554,2.734750357572966
Total,grupo_meteorologico,Grupo | Meteorológico,Grupo,3,C_prop,estimável com ressalvas,C,0,0.058930810132600146,0.03316577358775465,-0.009242413832393818,0.1271040340975941,-0.02348724745658457,0.14134886772178487,0.08729508012106414,2.485033474980207
Total,grupo_meteorologico,Grupo | Meteorológico,Grupo,3,C_prop,estimável com ressalvas,C,1,0.09742262589117977,0.05766524880625936,-0.021109990616752172,0.2159552423991117,-0.045877447735437185,0.24072269951779673,0.10309131330831604,2.485033474980207
Total,grupo_meteorologico,Grupo | Meteorológico,Grupo,3,C_prop,estimável com ressalvas,C,2,0.11655734635211432,0.075265081275484,-0.03815224391149155,0.2712669366157202,-0.07047890011456939,0.30359359281879805,0.13355955949256368,2.485033474980207
Total,grupo_meteorologico,Grupo | Meteorológico,Grupo,3,C_prop,estimável com ressalvas,C,3,0.11849876966815467,0.08853416669704131,-0.06348581630332925,0.30048335563963857,-0.10151159825347084,0.3385091375897802,0.192336550792135,2.485033474980207
Total,grupo_meteorologico,Grupo | Meteorológico,Grupo,3,C_prop,estimável com ressalvas,C,4,0.10649259306842718,0.10043152710683756,-0.09994736746753716,0.31293255360439154,-0.14308311373544624,0.3560682998723006,0.29873661016914177,2.485033474980207
Total,grupo_meteorologico,Grupo | Meteorológico,Grupo,3,C_prop,estimável com ressalvas,C,5,0.08486641285843365,0.1133748583499405,-0.14817894608183485,0.31791177179870217,-0.19687390536230776,0.3666067310791751,0.46084866346311554,2.485033474980207
Total,grupo_meteorologico,Grupo | Meteorológico,Grupo,3,C_prop,estimável com ressalvas,C,6,0.05902972442005128,0.12816484873094655,-0.20441689514562011,0.32247634398572267,-0.2594642149921254,0.37752366383222796,0.6489316325242832,2.485033474980207
Total,grupo_meteorologico,Grupo | Meteorológico,Grupo,3,C_prop,estimável com ressalvas,C,7,0.03511328918607428,0.14364374338131125,-0.26015065401107346,0.330377232383222,-0.3218462215879508,0.3920727999600993,0.8088034447848056,2.485033474980207
Total,grupo_meteorologico,Grupo | Meteorológico,Grupo,3,C_prop,estimável com ressalvas,C,8,0.018526602538379882,0.15761069085501886,-0.3054468123589525,0.3425000174357123,-0.3731412402510988,0.4101944453278586,0.9073302776799302,2.485033474980207
Total,grupo_meteorologico,Grupo | Meteorológico,Grupo,3,C_prop,estimável com ressalvas,C,9,0.01359726078246988,0.16785350058951992,-0.33143055105854724,0.358625072623487,-0.40352430707509707,0.4307188286400368,0.9360569691068417,2.485033474980207
Total,grupo_meteorologico,Grupo | Meteorológico,Grupo,3,C_prop,estimável com ressalvas,C,10,0.02357096114747061,0.1726791678589883,-0.3313761518270341,0.3785180741219753,-0.4055425514138416,0.4526844737087828,0.8924763292066774,2.485033474980207
Total,grupo_meteorologico,Grupo | Meteorológico,Grupo,3,C_prop,estimável com ressalvas,C,11,0.05061150178613296,0.17116511047799066,-0.3012234216699366,0.4024464252422025,-0.37473952750035927,0.47596253107262515,0.7698169063061994,2.485033474980207
Total,grupo_meteorologico,Grupo | Meteorológico,Grupo,3,C_prop,estimável com ressalvas,C,12,0.09580078177483238,0.1633769292106511,-0.2400253058127338,0.4316268693623985,-0.31019635635310727,0.501797919902772,0.5626777373198206,2.485033474980207
Total,grupo_outros,Grupo | Outros,Grupo,3,C_prop,estimável,beta,0,0.02693048517703095,0.016951142922870553,-0.007913088119572274,0.06177405847363417,-0.017930559758318615,0.07179153011238051,0.12421330741493468,2.6464908672808636
Total,grupo_outros,Grupo | Outros,Grupo,3,C_prop,estimável,beta,1,0.0210730220904749,0.015151331913068276,-0.010070986691486188,0.05221703087243598,-0.01902483944460139,0.06117088362555119,0.17606501207513606,2.6464908672808636
Total,grupo_outros,Grupo | Outros,Grupo,3,C_prop,estimável,beta,2,0.015416837839321565,0.013432549861863104,-0.01219416383777631,0.04302783951641944,-0.02013228269439396,0.05096595837303709,0.2615345228455711,2.6464908672808636
Total,grupo_outros,Grupo | Outros,Grupo,3,C_prop,estimável,beta,3,0.010163211258973676,0.011726710956761874,-0.013941388331106292,0.03426781084905364,-0.020871422191339063,0.04119784470928641,0.39404982339223515,2.6464908672808636
Total,grupo_outros,Grupo | Outros,Grupo,3,C_prop,estimável,beta,4,0.005513421184833951,0.009944823553018225,-0.014928456390504028,0.02595529876017193,-0.02080546352494841,0.03183230589461632,0.5840421813301064,2.6464908672808636
Total,grupo_outros,Grupo | Outros,Grupo,3,C_prop,estimável,beta,5,0.0016687464523051122,0.00800870403243223,-0.01479338045173723,0.018130873356347454,-0.01952621562828221,0.022863708532892435,0.8365664417984339,2.6464908672808636
Total,grupo_outros,Grupo | Outros,Grupo,3,C_prop,estimável,beta,6,-0.0011695341032101196,0.0059639429852714814,-0.01342859447982331,0.011089526273403072,-0.016953054746714866,0.014613986540294626,0.8460559231299504,2.6464908672808636
Total,grupo_outros,Grupo | Outros,Grupo,3,C_prop,estimável,beta,7,-0.0028672345914432635,0.004495046765037882,-0.012106935545055045,0.006372466362168518,-0.014763334803116408,0.00902886562022988,0.5291395638266917,2.6464908672808636
Total,grupo_outros,Grupo | Outros,Grupo,3,C_prop,estimável,beta,8,-0.0035585409026628006,0.005473243525268386,-0.014808954093713468,0.007691872288387866,-0.018043429906689702,0.010926348101364102,0.5212861745577209,2.6464908672808636
Total,grupo_outros,Grupo | Outros,Grupo,3,C_prop,estimável,beta,9,-0.0034447318722714525,0.008774027756719647,-0.02148000422167838,0.014590540477135476,-0.026665116199698802,0.019775652455155897,0.6978111339730941,2.6464908672808636
Total,grupo_outros,Grupo | Outros,Grupo,3,C_prop,estimável,beta,10,-0.0027270863356719396,0.013091828127788701,-0.029637724457994428,0.02418355178665055,-0.03737448991187546,0.031920317240531584,0.8366144481101522,2.6464908672808636
Total,grupo_outros,Grupo | Outros,Grupo,3,C_prop,estimável,beta,11,-0.001606883128266984,0.017886750192710927,-0.038373624711035385,0.03515985845450142,-0.04894400415861068,0.04573023790207671,0.9291056234275924,2.6464908672808636
Total,grupo_outros,Grupo | Outros,Grupo,3,C_prop,estimável,beta,12,-0.0002854010854593074,0.02291375737291724,-0.04738530391541089,0.04681450174449227,-0.06092645070797434,0.06035564853705572,0.9901573321408271,2.6464908672808636
Total,grupo_outros,Grupo | Outros,Grupo,3,C_prop,estimável,C,0,0.02693048517703095,0.016951142922870553,-0.007913088119572274,0.06177405847363417,-0.015245718634972934,0.06910668898903483,0.12421330741493468,2.488103840779938
Total,grupo_outros,Grupo | Outros,Grupo,3,C_prop,estimável,C,1,0.04800350726750585,0.03206685747306414,-0.017910862273142716,0.11391787680815442,-0.03178216397296789,0.1277891785079796,0.14644023498358164,2.488103840779938
Total,grupo_outros,Grupo | Outros,Grupo,3,C_prop,estimável,C,2,0.06342034510682741,0.04537644687149001,-0.029852277258534635,0.15669296747218947,-0.04948096663507369,0.17632165684872853,0.17403102219912106,2.488103840779938
Total,grupo_outros,Grupo | Outros,Grupo,3,C_prop,estimável,C,3,0.07358355636580109,0.05683140514769182,-0.04323506995471958,0.19040218268632175,-0.06781888105909166,0.21498599379069383,0.20678067223873237,2.488103840779938
Total,grupo_outros,Grupo | Outros,Grupo,3,C_prop,estimável,C,4,0.07909697755063505,0.06628431168704087,-0.05715237644225732,0.21534633154352742,-0.08582527294134584,0.24401922804261594,0.24352796465269944,2.488103840779938
Total,grupo_outros,Grupo | Outros,Grupo,3,C_prop,estimável,C,5,0.08076572400294016,0.07347177893624106,-0.07025768050996473,0.23178912851584504,-0.10203969135725574,0.26357113936313603,0.28172296851201206,2.488103840779938
Total,grupo_outros,Grupo | Outros,Grupo,3,C_prop,estimável,C,6,0.07959618989973002,0.07800604516419339,-0.08074753232737505,0.2399399121268351,-0.11449095067735285,0.2736833304768129,0.31694722585727714,2.488103840779938
Total,grupo_outros,Grupo | Outros,Grupo,3,C_prop,estimável,C,7,0.07672895530828677,0.07941481917111358,-0.08651054336243763,0.23996845397901118,-0.12086336128620517,0.2743212719027787,0.3428562001902438,2.488103840779938
Total,grupo_outros,Grupo | Outros,Grupo,3,C_prop,estimável,C,8,0.07317041440562397,0.077314332619195,-0.08575147232215832,0.23209230113340626,-0.11919567353153274,0.2655365023427807,0.3526571033656588,2.488103840779938
Total,grupo_outros,Grupo | Outros,Grupo,3,C_prop,estimável,C,9,0.06972568253335251,0.071549468214616,-0.07734635570103324,0.21679772076773826,-0.10829682413719563,0.24774818920390065,0.33878347733936826,2.488103840779938
Total,grupo_outros,Grupo | Outros,Grupo,3,C_prop,estimável,C,10,0.06699859619768057,0.062442460293411835,-0.06135371915671618,0.19535091155207734,-0.08836472908610617,0.22236192148146733,0.29314484965027265,2.488103840779938
Total,grupo_outros,Grupo | Outros,Grupo,3,C_prop,estimável,C,11,0.06539171306941359,0.05152281737069761,-0.04051495479787576,0.17129838093670294,-0.06280240671842242,0.19358583285724962,0.21562123152685514,2.488103840779938
Total,grupo_outros,Grupo | Outros,Grupo,3,C_prop,estimável,C,12,0.06510631198395428,0.04365986116542239,-0.024637817928632205,0.15485044189654076,-0.043523956269652025,0.17373658023756058,0.14793870346921106,2.488103840779938
Total,tipo_alagamentos,Tipologia | Alagamentos,Tipologia,3,C_prop,estimável,beta,0,0.08780614801497416,0.09204613456316967,-0.10139739129290437,0.2770096873228527,-0.15965383773601188,0.3352661337659602,0.34890136480999123,2.6884343044428287
Total,tipo_alagamentos,Tipologia | Alagamentos,Tipologia,3,C_prop,estimável,beta,1,0.04627905558923046,0.05316958221448601,-0.06301258589298808,0.155570697071449,-0.09666387318908704,0.18922198436754795,0.39204483124671435,2.6884343044428287
Total,tipo_alagamentos,Tipologia | Alagamentos,Tipologia,3,C_prop,estimável,beta,2,0.007069996665277154,0.023875967480358664,-0.04200775736667999,0.0561477506972343,-0.05711897336068048,0.07125896669123478,0.7694957065860188,2.6884343044428287
Total,tipo_alagamentos,Tipologia | Alagamentos,Tipologia,3,C_prop,estimável,beta,3,-0.027502995255095378,0.03314440223736002,-0.09563228978020961,0.04062629927001886,-0.11660954323026569,0.061603552720074936,0.4142100501056342,2.6884343044428287
Total,tipo_alagamentos,Tipologia | Alagamentos,Tipologia,3,C_prop,estimável,beta,4,-0.05512188667009674,0.05751392978837401,-0.1733434624821388,0.06309968914194533,-0.2097443084964777,0.09950053515628424,0.34668447831581817,2.6884343044428287
Total,tipo_alagamentos,Tipologia | Alagamentos,Tipologia,3,C_prop,estimável,beta,5,-0.07346864407793653,0.0762370064608704,-0.23017605517226258,0.0832387670163895,-0.27842682751537007,0.13148953935949698,0.3440808305137156,2.6884343044428287
Total,tipo_alagamentos,Tipologia | Alagamentos,Tipologia,3,C_prop,estimável,beta,6,-0.08022523397682438,0.08516126375213652,-0.25527671865137125,0.09482625069772249,-0.3091756968577718,0.14872522890412304,0.3548440694535883,2.6884343044428287
Total,tipo_alagamentos,Tipologia | Alagamentos,Tipologia,3,C_prop,estimável,beta,7,-0.07384630069890002,0.08250477329228109,-0.24343729102974013,0.09574468963194008,-0.295654963498147,0.14796236210034697,0.3789694829379316,2.6884343044428287
Total,tipo_alagamentos,Tipologia | Alagamentos,Tipologia,3,C_prop,estimável,beta,8,-0.05587719991202371,0.06959041674379501,-0.19892235017632032,0.08716795035227289,-0.24296646354651485,0.1312120637224674,0.42928656154379113,2.6884343044428287
Total,tipo_alagamentos,Tipologia | Alagamentos,Tipologia,3,C_prop,estimável,beta,9,-0.02863596511798583,0.04868408459613313,-0.12870753419871753,0.07143560396274587,-0.15951992822662683,0.10224799799065518,0.5614733361725337,2.6884343044428287
Total,tipo_alagamentos,Tipologia | Alagamentos,Tipologia,3,C_prop,estimável,beta,10,0.005559370181423222,0.02329277076364876,-0.04231960583081685,0.0534383461936633,-0.05706171378509308,0.06818045414793952,0.8132298802600058,2.6884343044428287
Total,tipo_alagamentos,Tipologia | Alagamentos,Tipologia,3,C_prop,estimável,beta,11,0.044390772484413046,0.018669006208750984,0.006016080632118816,0.08276546433670728,-0.0057996242370492584,0.09458116920587535,0.02505582318746286,2.6884343044428287
Total,tipo_alagamentos,Tipologia | Alagamentos,Tipologia,3,C_prop,estimável,beta,12,0.08554020828919326,0.04889976994850402,-0.014974708382820862,0.18605512496120738,-0.045923610719727476,0.217004027298114,0.0920369249407763,2.6884343044428287
Total,tipo_alagamentos,Tipologia | Alagamentos,Tipologia,3,C_prop,estimável,C,0,0.08780614801497416,0.09204613456316967,-0.10139739129290437,0.2770096873228527,-0.14942475271766373,0.3250370487476121,0.34890136480999123,2.5773043252547496
Total,tipo_alagamentos,Tipologia | Alagamentos,Tipologia,3,C_prop,estimável,C,1,0.13408520360420462,0.14463745082290724,-0.16322133449254211,0.43139174170095135,-0.23868952399549537,0.5068599312039046,0.3624301887057414,2.5773043252547496
Total,tipo_alagamentos,Tipologia | Alagamentos,Tipologia,3,C_prop,estimável,C,2,0.14115520026948178,0.16137149272074627,-0.19054865357575637,0.47285905411471996,-0.2747482458925129,0.5570586464314765,0.38973406260606747,2.5773043252547496
Total,tipo_alagamentos,Tipologia | Alagamentos,Tipologia,3,C_prop,estimável,C,3,0.11365220501438639,0.15021789311600348,-0.19512509649646742,0.4224295065252402,-0.27350502064414506,0.5008094306729178,0.45610158368588377,2.5773043252547496
Total,tipo_alagamentos,Tipologia | Alagamentos,Tipologia,3,C_prop,estimável,C,4,0.058530318344289664,0.12821709370914292,-0.20502369231208556,0.3220843290006649,-0.2719241518438779,0.38898478853245727,0.6518255648027265,2.5773043252547496
Total,tipo_alagamentos,Tipologia | Alagamentos,Tipologia,3,C_prop,estimável,C,5,-0.014938325733646868,0.1282397829376621,-0.27853897476718337,0.24866232329988966,-0.34545127296861367,0.31557462150132,0.9081613498623046,2.5773043252547496
Total,tipo_alagamentos,Tipologia | Alagamentos,Tipologia,3,C_prop,estimável,C,6,-0.09516355971047125,0.1708403773737683,-0.4463309847111099,0.2560038652901674,-0.535471203244038,0.34514408382309547,0.5822694523127888,2.5773043252547496
Total,tipo_alagamentos,Tipologia | Alagamentos,Tipologia,3,C_prop,estimável,C,7,-0.16900986040937127,0.23434413971791607,-0.6507111383729864,0.31269141755424384,-0.7729860253024597,0.4349663044837172,0.4772198227137611,2.5773043252547496
Total,tipo_alagamentos,Tipologia | Alagamentos,Tipologia,3,C_prop,estimável,C,8,-0.224887060321395,0.2950923734522159,-0.8314581210714216,0.38168400042863154,-0.9854299107694808,0.535655790126691,0.45286443758650907,2.5773043252547496
Total,tipo_alagamentos,Tipologia | Alagamentos,Tipologia,3,C_prop,estimável,C,9,-0.2535230254393808,0.33959747617592206,-0.9515756350078106,0.4445295841290489,-1.1287690696331816,0.6217230187544198,0.4620390464143001,2.5773043252547496
Total,tipo_alagamentos,Tipologia | Alagamentos,Tipologia,3,C_prop,estimável,C,10,-0.2479636552579576,0.36009152318798443,-0.9881423817766125,0.4922150712606973,-1.176029095457921,0.6801017849420057,0.4971659910352362,2.5773043252547496
Total,tipo_alagamentos,Tipologia | Alagamentos,Tipologia,3,C_prop,estimável,C,11,-0.20357288277354454,0.35270918271200014,-0.928576991117729,0.5214312255706398,-1.1126117849342503,0.7054660193871611,0.5687896632939483,2.5773043252547496
Total,tipo_alagamentos,Tipologia | Alagamentos,Tipologia,3,C_prop,estimável,C,12,-0.11803267448435129,0.317743940192081,-0.7711646974995544,0.5350993485308518,-0.9369555058648882,0.7008901568961856,0.7132967908206367,2.5773043252547496
Total,tipo_chuvas_intensas,Tipologia | Chuvas Intensas,Tipologia,3,C_prop,estimável,beta,0,0.02866836078021281,0.03666359226265933,-0.04669473244208251,0.10403145400250814,-0.0727385603372722,0.13007528189769782,0.4413188871248194,2.7658752145998706
Total,tipo_chuvas_intensas,Tipologia | Chuvas Intensas,Tipologia,3,C_prop,estimável,beta,1,0.012910049486114236,0.025805295801933754,-0.04013349570764796,0.06595359467987642,-0.05846417857787242,0.0842842775501009,0.6210814953800623,2.7658752145998706
Total,tipo_chuvas_intensas,Tipologia | Chuvas Intensas,Tipologia,3,C_prop,estimável,beta,2,-0.0021130309878550427,0.01675086360232921,-0.03654492424513414,0.032318862269424056,-0.0484438294486805,0.04421776747297042,0.9005878883876809,2.7658752145998706
Total,tipo_chuvas_intensas,Tipologia | Chuvas Intensas,Tipologia,3,C_prop,estimável,beta,3,-0.015665649821565715,0.012230047787398423,-0.04080487308457231,0.009473573441440883,-0.049492435870103005,0.018161136226971575,0.2115318538303824,2.7658752145998706
Total,tipo_chuvas_intensas,Tipologia | Chuvas Intensas,Tipologia,3,C_prop,estimável,beta,4,-0.027012576194888477,0.013981966558785251,-0.05575292006659176,0.0017277676768148002,-0.06568495095119685,0.011659798561419896,0.06433105135006534,2.7658752145998706
Total,tipo_chuvas_intensas,Tipologia | Chuvas Intensas,Tipologia,3,C_prop,estimável,beta,5,-0.035418579287694034,0.017849088598981835,-0.07210790635584607,0.0012707477804580133,-0.08478693104681502,0.013949772471426952,0.05786709916201425,2.7658752145998706
Total,tipo_chuvas_intensas,Tipologia | Chuvas Intensas,Tipologia,3,C_prop,estimável,beta,6,-0.04014842827985308,0.020481561190979682,-0.08224888025727721,0.0019520236975710537,-0.09679787073429438,0.016501014174588234,0.06076841420035051,2.7658752145998706
Total,tipo_chuvas_intensas,Tipologia | Chuvas Intensas,Tipologia,3,C_prop,estimável,beta,7,-0.040711969291279404,0.020859227115302532,-0.08358872469412143,0.002164786111562615,-0.09840598856520424,0.01698204998264543,0.061817970770642224,2.7658752145998706
Total,tipo_chuvas_intensas,Tipologia | Chuvas Intensas,Tipologia,3,C_prop,estimável,beta,8,-0.03759935620205923,0.01955372001015003,-0.07779260331790284,0.002593890913784383,-0.09168250573135872,0.016483793327240266,0.06551409374347417,2.7658752145998706
Total,tipo_chuvas_intensas,Tipologia | Chuvas Intensas,Tipologia,3,C_prop,estimável,beta,9,-0.031545819832321846,0.018033469433698077,-0.06861414713415467,0.005522507469510982,-0.08142414597223172,0.01833250630758803,0.09203760314442819,2.7658752145998706
Total,tipo_chuvas_intensas,Tipologia | Chuvas Intensas,Tipologia,3,C_prop,estimável,beta,10,-0.02328659100219655,0.018435415392501632,-0.06118113005509362,0.014607948050700516,-0.07427664950716975,0.027703467502776656,0.2177477107472907,2.7658752145998706
Total,tipo_chuvas_intensas,Tipologia | Chuvas Intensas,Tipologia,3,C_prop,estimável,beta,11,-0.013556900531812653,0.022178776839852667,-0.05914602923922057,0.03203222817559526,-0.0749006296833028,0.047786828619677486,0.5463380759654982,2.7658752145998706
Total,tipo_chuvas_intensas,Tipologia | Chuvas Intensas,Tipologia,3,C_prop,estimável,beta,12,-0.0030919792412994543,0.02863540069190435,-0.06195288835084336,0.05576892986824445,-0.08229392427517368,0.07610996579257479,0.9148424937189475,2.7658752145998706
Total,tipo_chuvas_intensas,Tipologia | Chuvas Intensas,Tipologia,3,C_prop,estimável,C,0,0.02866836078021281,0.03666359226265933,-0.04669473244208251,0.10403145400250814,-0.06549628027681154,0.12283300183723717,0.4413188871248194,2.568341923028856
Total,tipo_chuvas_intensas,Tipologia | Chuvas Intensas,Tipologia,3,C_prop,estimável,C,1,0.04157841026632705,0.06227890710205012,-0.08643771668844169,0.1695945372210958,-0.11837511776428783,0.20153193829694194,0.510261531358996,2.568341923028856
Total,tipo_chuvas_intensas,Tipologia | Chuvas Intensas,Tipologia,3,C_prop,estimável,C,2,0.039465379278472004,0.07785358954674468,-0.12056496593888076,0.19949572449582476,-0.16048925861271346,0.2394200171696575,0.6164848959449429,2.568341923028856
Total,tipo_chuvas_intensas,Tipologia | Chuvas Intensas,Tipologia,3,C_prop,estimável,C,3,0.02379972945690629,0.08517937866709215,-0.1512889909586104,0.19888844987242296,-0.19497003975133628,0.24256949866514885,0.7821430347221034,2.568341923028856
Total,tipo_chuvas_intensas,Tipologia | Chuvas Intensas,Tipologia,3,C_prop,estimável,C,4,-0.0032128467379821876,0.08690574107844118,-0.1818501559117933,0.1754244624358289,-0.22641650490163368,0.21999081142566929,0.9707918532792253,2.568341923028856
Total,tipo_chuvas_intensas,Tipologia | Chuvas Intensas,Tipologia,3,C_prop,estimável,C,5,-0.03863142602567622,0.08643088844047718,-0.2162926616231351,0.13902980957178268,-0.26061550025198393,0.18335264820063146,0.658602799149205,2.568341923028856
Total,tipo_chuvas_intensas,Tipologia | Chuvas Intensas,Tipologia,3,C_prop,estimável,C,6,-0.07877985430552929,0.0871790364278976,-0.25797893011559225,0.10041922150453368,-0.3026854283725585,0.1451257197614999,0.37447475402960195,2.568341923028856
Total,tipo_chuvas_intensas,Tipologia | Chuvas Intensas,Tipologia,3,C_prop,estimável,C,7,-0.1194918235968087,0.09106206129817947,-0.30667257133871845,0.06768892414510107,-0.35337033322634653,0.11438668603272913,0.20091935238186323,2.568341923028856
Total,tipo_chuvas_intensas,Tipologia | Chuvas Intensas,Tipologia,3,C_prop,estimável,C,8,-0.15709117979886794,0.09765881136096197,-0.3578317414941964,0.043649381896460476,-0.4079123991703933,0.09373003957265741,0.11978702467969833,2.568341923028856
Total,tipo_chuvas_intensas,Tipologia | Chuvas Intensas,Tipologia,3,C_prop,estimável,C,9,-0.1886369996311898,0.10549718486957042,-0.40548956882454135,0.028215569562161757,-0.4595898422932331,0.08231584303085349,0.08542519417097466,2.568341923028856
Total,tipo_chuvas_intensas,Tipologia | Chuvas Intensas,Tipologia,3,C_prop,estimável,C,10,-0.21192359063338634,0.11372347472588766,-0.44568554079720724,0.02183835953043453,-0.5040043584043962,0.08015717713762349,0.07372444405953074,2.568341923028856
Total,tipo_chuvas_intensas,Tipologia | Chuvas Intensas,Tipologia,3,C_prop,estimável,C,11,-0.22548049116519897,0.12302717976746354,-0.47836648093042916,0.02740549860003122,-0.541456354633983,0.09049537230358512,0.07831321755851509,2.568341923028856
Total,tipo_chuvas_intensas,Tipologia | Chuvas Intensas,Tipologia,3,C_prop,estimável,C,12,-0.22857247040649842,0.13575539888122776,-0.5076216892615679,0.05047674844857103,-0.5772387526306604,0.12009381181766354,0.1042086686124293,2.568341923028856
Total,tipo_doencas_infecciosas,Tipologia | Doenças infecciosas,Tipologia,3,C_prop,exposição altamente concentrada,beta,0,0.06930332628199955,0.05247927734838882,-0.0385693732263178,0.17717602579031688,-0.07053574391543536,0.20914239647943444,0.19814699805891478,2.664653121442575
Total,tipo_doencas_infecciosas,Tipologia | Doenças infecciosas,Tipologia,3,C_prop,exposição altamente concentrada,beta,1,0.05869670470336082,0.04578472699066099,-0.03541514946616978,0.15280855887289144,-0.0633037109867001,0.18069712039342173,0.2111515597346238,2.664653121442575
Total,tipo_doencas_infecciosas,Tipologia | Doenças infecciosas,Tipologia,3,C_prop,exposição altamente concentrada,beta,2,0.04799911826148164,0.03930875834882704,-0.03280119172103118,0.12879942824399446,-0.056745087372752225,0.15274332389571552,0.23301375398221072,2.664653121442575
Total,tipo_doencas_infecciosas,Tipologia | Doenças infecciosas,Tipologia,3,C_prop,exposição altamente concentrada,beta,3,0.03711960209312155,0.033078725033687,-0.030874691006395068,0.10511389519263817,-0.051023725821233164,0.12526293000747626,0.2720513170979621,2.664653121442575
Total,tipo_doencas_infecciosas,Tipologia | Doenças infecciosas,Tipologia,3,C_prop,exposição altamente concentrada,beta,4,0.025967191335040083,0.027088896422608873,-0.02971483272198008,0.08164921539206024,-0.04621532107389925,0.09814970374397941,0.34659429230596334,2.664653121442575
Total,tipo_doencas_infecciosas,Tipologia | Doenças infecciosas,Tipologia,3,C_prop,exposição altamente concentrada,beta,5,0.01445092112399679,0.021317332903340994,-0.02936748421217098,0.05826932646016456,-0.0423523765377213,0.07125421878571489,0.5038267007081064,2.664653121442575
Total,tipo_doencas_infecciosas,Tipologia | Doenças infecciosas,Tipologia,3,C_prop,exposição altamente concentrada,beta,6,0.0024798265967512154,0.015820422249905344,-0.030039517069689943,0.034999170263192374,-0.03967611093399862,0.04463576412750105,0.8766539516667751,2.664653121442575
Total,tipo_doencas_infecciosas,Tipologia | Doenças infecciosas,Tipologia,3,C_prop,exposição altamente concentrada,beta,7,-0.01000673548885695,0.011189069044258248,-0.03300619630033746,0.012992725322623556,-0.03982172324367618,0.01980825226596228,0.37934917303329535,2.664653121442575
Total,tipo_doencas_infecciosas,Tipologia | Doenças infecciosas,Tipologia,3,C_prop,exposição altamente concentrada,beta,8,-0.0229481218906674,0.009833426299256666,-0.04316101913151452,-0.0027352246498202754,-0.04915079197345718,0.0032545481921223834,0.02761448600865088,2.664653121442575
Total,tipo_doencas_infecciosas,Tipologia | Doenças infecciosas,Tipologia,3,C_prop,exposição altamente concentrada,beta,9,-0.036253367745439684,0.013671980570798143,-0.06435652629326866,-0.008150209197610704,-0.07268445344971919,0.00017771795883982783,0.013463307467420147,2.664653121442575
Total,tipo_doencas_infecciosas,Tipologia | Doenças infecciosas,Tipologia,3,C_prop,exposição altamente concentrada,beta,10,-0.04983150818993333,0.020404625989059202,-0.09177381759494198,-0.00788919878492468,-0.10420275852354821,0.004539742143681559,0.021708103867080813,2.664653121442575
Total,tipo_doencas_infecciosas,Tipologia | Doenças infecciosas,Tipologia,3,C_prop,exposição altamente concentrada,beta,11,-0.0635915783609079,0.02828302149803028,-0.1217281616638784,-0.005454995057937395,-0.13895601987946174,0.011772863157645946,0.03325019330463651,2.664653121442575
Total,tipo_doencas_infecciosas,Tipologia | Doenças infecciosas,Tipologia,3,C_prop,exposição altamente concentrada,beta,12,-0.07744261339512291,0.03666536452496336,-0.15280934955475717,-0.0020758772354886462,-0.1751430914253964,0.02025786463515057,0.04443656038665676,2.664653121442575
Total,tipo_doencas_infecciosas,Tipologia | Doenças infecciosas,Tipologia,3,C_prop,exposição altamente concentrada,C,0,0.06930332628199955,0.05247927734838882,-0.0385693732263178,0.17717602579031688,-0.0522231104098345,0.19082976297383358,0.19814699805891478,2.315703318189176
Total,tipo_doencas_infecciosas,Tipologia | Doenças infecciosas,Tipologia,3,C_prop,exposição altamente concentrada,C,1,0.12800003098536036,0.09821476524284552,-0.07388331028070749,0.3298833722514282,-0.09943622678266795,0.3554362887533887,0.2039074185052436,2.315703318189176
Total,tipo_doencas_infecciosas,Tipologia | Doenças infecciosas,Tipologia,3,C_prop,exposição altamente concentrada,C,2,0.175999149246842,0.1373436337164301,-0.10631473306746397,0.458313031561148,-0.14204795908245393,0.49404625757613796,0.21134641578672206,2.315703318189176
Total,tipo_doencas_infecciosas,Tipologia | Doenças infecciosas,Tipologia,3,C_prop,exposição altamente concentrada,C,3,0.21311875133996355,0.1699998596969545,-0.13632096483228456,0.5625584675122117,-0.1805504878519683,0.6067879905318954,0.2211284964821505,2.315703318189176
Total,tipo_doencas_infecciosas,Tipologia | Doenças infecciosas,Tipologia,3,C_prop,exposição altamente concentrada,C,4,0.23908594267500363,0.19628323973379871,-0.1643800349100162,0.6425519202600235,-0.21544780688147555,0.6936196922314828,0.23413752317083544,2.315703318189176
Total,tipo_doencas_infecciosas,Tipologia | Doenças infecciosas,Tipologia,3,C_prop,exposição altamente concentrada,C,5,0.2535368637990004,0.21622816222737895,-0.190926489123024,0.6980002167210249,-0.2471834089568885,0.7542571365548894,0.25161067660891395,2.315703318189176
Total,tipo_doencas_infecciosas,Tipologia | Doenças infecciosas,Tipologia,3,C_prop,exposição altamente concentrada,C,6,0.25601669039575164,0.2297797897411389,-0.2163024318223291,0.7283358126138324,-0.2760851311606149,0.7881185119521181,0.27539487861574163,2.315703318189176
Total,tipo_doencas_infecciosas,Tipologia | Doenças infecciosas,Tipologia,3,C_prop,exposição altamente concentrada,C,7,0.2460099549068947,0.23680505213675265,-0.2407498009795609,0.7327697107933503,-0.3023602900901442,0.7943801999039336,0.3084299085616382,2.315703318189176
Total,tipo_doencas_infecciosas,Tipologia | Doenças infecciosas,Tipologia,3,C_prop,exposição altamente concentrada,C,8,0.22306183301622728,0.23719742040924507,-0.2645044474051259,0.7106281134375805,-0.32621702049137447,0.772340686523829,0.35566511355581437,2.315703318189176
Total,tipo_doencas_infecciosas,Tipologia | Doenças infecciosas,Tipologia,3,C_prop,exposição altamente concentrada,C,9,0.1868084652707876,0.23100861653038948,-0.28803654658759076,0.661653477129166,-0.34813895455892624,0.7217558851005015,0.4260462706516101,2.315703318189176
Total,tipo_doencas_infecciosas,Tipologia | Doenças infecciosas,Tipologia,3,C_prop,exposição altamente concentrada,C,10,0.13697695708085428,0.21863062930602542,-0.3124247376466983,0.5863786518084069,-0.3693067166608965,0.643260630822605,0.5364350768284729,2.315703318189176
Total,tipo_doencas_infecciosas,Tipologia | Doenças infecciosas,Tipologia,3,C_prop,exposição altamente concentrada,C,11,0.07338537871994638,0.20111357265087257,-0.34000949037456446,0.4867802478144572,-0.39233398880055914,0.5391047462404519,0.7181410439847549,2.315703318189176
Total,tipo_doencas_infecciosas,Tipologia | Doenças infecciosas,Tipologia,3,C_prop,exposição altamente concentrada,C,12,-0.004057234675176533,0.18078752120392524,-0.3756713066491176,0.3675568372987645,-0.42270749741430225,0.41459302806394915,0.9822667227688386,2.315703318189176
Total,tipo_enxurradas,Tipologia | Enxurradas,Tipologia,3,C_prop,estimável com ressalvas,beta,0,0.12386435110092761,0.08378498419560744,-0.04835815042937139,0.2960868526312266,-0.10404668115994861,0.3517753833618038,0.1513250060571352,2.720189476061569
Total,tipo_enxurradas,Tipologia | Enxurradas,Tipologia,3,C_prop,estimável com ressalvas,beta,1,0.09245283281408248,0.06662408852790254,-0.04449494247777014,0.2294006081059351,-0.08877731165171229,0.2736829772798772,0.177014054483257,2.720189476061569
Total,tipo_enxurradas,Tipologia | Enxurradas,Tipologia,3,C_prop,estimável com ressalvas,beta,2,0.06264421234669074,0.05203524638514336,-0.044315768445006606,0.1696041931383881,-0.07890151725444702,0.2041899419478285,0.23948218723646159,2.720189476061569
Total,tipo_enxurradas,Tipologia | Enxurradas,Tipologia,3,C_prop,estimável com ressalvas,beta,3,0.03604138751820582,0.04163376453983759,-0.04953804113495611,0.12162081617136775,-0.07721034063188571,0.14929311566829734,0.39458540146606763,2.720189476061569
Total,tipo_enxurradas,Tipologia | Enxurradas,Tipologia,3,C_prop,estimável com ressalvas,beta,4,0.014247256148081103,0.03636196351164337,-0.060495830296959846,0.08899034259312205,-0.08466417432522597,0.11315868662138817,0.6983861593718009,2.720189476061569
Total,tipo_enxurradas,Tipologia | Enxurradas,Tipologia,3,C_prop,estimável com ressalvas,beta,5,-0.0011352839442299904,0.035039238823135054,-0.07315947085282236,0.07088890296436239,-0.0964486526401299,0.09417808475166993,0.9744002271511643,2.720189476061569
Total,tipo_enxurradas,Tipologia | Enxurradas,Tipologia,3,C_prop,estimável com ressalvas,beta,6,-0.008503334939274066,0.03489694131241164,-0.08023502512552887,0.06322835524698074,-0.10342962744403439,0.08642295756548626,0.8093988892624748,2.720189476061569
Total,tipo_enxurradas,Tipologia | Enxurradas,Tipologia,3,C_prop,estimável com ressalvas,beta,7,-0.0067882982907488485,0.03422815847149492,-0.07714528565944012,0.06356868907794241,-0.09989537474987698,0.08631877816837927,0.8443334025767516,2.720189476061569
Total,tipo_enxurradas,Tipologia | Enxurradas,Tipologia,3,C_prop,estimável com ressalvas,beta,8,0.0029412274550433865,0.03429298979661813,-0.06754902261098487,0.07343147752107164,-0.090342202492404,0.09622465740249077,0.9323082346471923,2.720189476061569
Total,tipo_enxurradas,Tipologia | Enxurradas,Tipologia,3,C_prop,estimável com ressalvas,beta,9,0.019082344478649243,0.037913848661716196,-0.0588506875777591,0.0970153765350576,-0.08405050764794214,0.12221519660524063,0.6189852711758245,2.720189476061569
Total,tipo_enxurradas,Tipologia | Enxurradas,Tipologia,3,C_prop,estimável com ressalvas,beta,10,0.04003215496061531,0.04674434607306006,-0.05605222448267004,0.13611653440390065,-0.08712132329270257,0.1671856332139332,0.39959756619032044,2.720189476061569
Total,tipo_enxurradas,Tipologia | Enxurradas,Tipologia,3,C_prop,estimável com ressalvas,beta,11,0.06418776108148819,0.060031519187552444,-0.059208793854980374,0.18758431601795675,-0.09910934564448012,0.2274848678074565,0.29479086238585184,2.720189476061569
Total,tipo_enxurradas,Tipologia | Enxurradas,Tipologia,3,C_prop,estimável com ressalvas,beta,12,0.08994626502181446,0.0760720346008428,-0.0664220415576772,0.24631457160130613,-0.11698408292198964,0.29687661296561857,0.24775449847088277,2.720189476061569
Total,tipo_enxurradas,Tipologia | Enxurradas,Tipologia,3,C_prop,estimável com ressalvas,C,0,0.12386435110092761,0.08378498419560744,-0.04835815042937139,0.2960868526312266,-0.08370317670883268,0.3314318789106879,0.1513250060571352,2.477383385609594
Total,tipo_enxurradas,Tipologia | Enxurradas,Tipologia,3,C_prop,estimável com ressalvas,C,1,0.2163171839150101,0.15003426202651562,-0.09208265848555136,0.5247170263155716,-0.15537520410167616,0.5880095719316963,0.16130070139786334,2.477383385609594
Total,tipo_enxurradas,Tipologia | Enxurradas,Tipologia,3,C_prop,estimável com ressalvas,C,2,0.2789613962617008,0.200399460733526,-0.13296559476421843,0.69088838728762,-0.21750489824465874,0.7754276907680604,0.175708261011789,2.477383385609594
Total,tipo_enxurradas,Tipologia | Enxurradas,Tipologia,3,C_prop,estimável com ressalvas,C,3,0.31500278377990665,0.23733792635590212,-0.17285231075110447,0.8028578783109177,-0.2729742517492386,0.9029798193090519,0.1959692411077485,2.477383385609594
Total,tipo_enxurradas,Tipologia | Enxurradas,Tipologia,3,C_prop,estimável com ressalvas,C,4,0.32925003992798774,0.2638691631861103,-0.21314079295112243,0.8716408728070979,-0.3244550409239887,0.9829551207799642,0.22323399902087318,2.477383385609594
Total,tipo_enxurradas,Tipologia | Enxurradas,Tipologia,3,C_prop,estimável com ressalvas,C,5,0.3281147559837578,0.2831590345762066,-0.2539269754053302,0.9101564873728458,-0.37337873176058906,1.0296082437281047,0.2570846539333436,2.477383385609594
Total,tipo_enxurradas,Tipologia | Enxurradas,Tipologia,3,C_prop,estimável com ressalvas,C,6,0.3196114210444837,0.29797940157988106,-0.2928940110121486,0.932116853101116,-0.4185977976834029,1.0578206397723702,0.2933076411414011,2.477383385609594
Total,tipo_enxurradas,Tipologia | Enxurradas,Tipologia,3,C_prop,estimável com ressalvas,C,7,0.3128231227537349,0.31022790519730414,-0.32485946906783425,0.9505057145753041,-0.45573033533453466,1.0813765808420044,0.32257183080247254,2.477383385609594
Total,tipo_enxurradas,Tipologia | Enxurradas,Tipologia,3,C_prop,estimável com ressalvas,C,8,0.31576435020877824,0.32096090381619924,-0.3439802362388431,0.9755089366563996,-0.47937886033571275,1.1109075607532692,0.3342762901465473,2.477383385609594
Total,tipo_enxurradas,Tipologia | Enxurradas,Tipologia,3,C_prop,estimável com ressalvas,C,9,0.3348466946874275,0.331402108703022,-0.3463600957799599,1.0160534851548149,-0.48616338336942394,1.155856772744279,0.32161778480666475,2.477383385609594
Total,tipo_enxurradas,Tipologia | Enxurradas,Tipologia,3,C_prop,estimável com ressalvas,C,10,0.3748788496480428,0.3440705607431568,-0.33236831692987695,1.0821260162259625,-0.4775158410144305,1.2272735403105162,0.2859113340347952,2.477383385609594
Total,tipo_enxurradas,Tipologia | Enxurradas,Tipologia,3,C_prop,estimável com ressalvas,C,11,0.439066610729531,0.36344388809539985,-0.30800300054538954,1.1861362220044516,-0.46132323923936513,1.3394564606984272,0.23789329461854597,2.477383385609594
Total,tipo_enxurradas,Tipologia | Enxurradas,Tipologia,3,C_prop,estimável com ressalvas,C,12,0.5290128757513455,0.39556348988923473,-0.28407952256828917,1.3421052740709802,-0.4509495420539933,1.5089752935566842,0.19268625201425654,2.477383385609594
Total,tipo_erosao,Tipologia | Erosão,Tipologia,3,C_prop,exposição altamente concentrada,beta,0,0.011116742767618813,0.006593115664455314,-0.0024356005730465542,0.02466908610828418,-0.007022289402415298,0.029255774937652926,0.1037394153348964,2.7512079407047163
Total,tipo_erosao,Tipologia | Erosão,Tipologia,3,C_prop,exposição altamente concentrada,beta,1,0.007536224982892785,0.004844213357964498,-0.0024211981814702905,0.01749364814725586,-0.005791213274007002,0.020863663239792572,0.13186520872003318,2.7512079407047163
Total,tipo_erosao,Tipologia | Erosão,Tipologia,3,C_prop,exposição altamente concentrada,beta,2,0.004200658931698658,0.0038683976984496063,-0.003750946417842846,0.012152264281240163,-0.006442107534079747,0.014843425397477062,0.28749290718312615,2.7512079407047163
Total,tipo_erosao,Tipologia | Erosão,Tipologia,3,C_prop,exposição altamente concentrada,beta,3,0.0013549963475683337,0.003925714949681892,-0.006714426299223222,0.00942441899435989,-0.009445461794939701,0.01215545449007637,0.7327515615858393,2.7512079407047163
Total,tipo_erosao,Tipologia | Erosão,Tipologia,3,C_prop,exposição altamente concentrada,beta,4,-0.0007558110359662882,0.004518082292946266,-0.010042862195328432,0.008531240123395857,-0.013185994917077426,0.01167437284514485,0.8684394975175795,2.7512079407047163
Total,tipo_erosao,Tipologia | Erosão,Tipologia,3,C_prop,exposição altamente concentrada,beta,5,-0.0018868114853733066,0.00499576503363142,-0.012155753580545395,0.008382130609798782,-0.015631199915795032,0.01185757694504842,0.7087324092696258,2.7512079407047163
Total,tipo_erosao,Tipologia | Erosão,Tipologia,3,C_prop,exposição altamente concentrada,beta,6,-0.0017930532671208204,0.0050125345624305,-0.012096465622411588,0.008510359088169946,-0.015583578158336452,0.01199747162409481,0.7234450605902158,2.7512079407047163
Total,tipo_erosao,Tipologia | Erosão,Tipologia,3,C_prop,exposição altamente concentrada,beta,7,-0.0003112352255208954,0.004536077368049673,-0.009635275791508682,0.009012805340466891,-0.012790927300150105,0.012168456849108314,0.9458224028763866,2.7512079407047163
Total,tipo_erosao,Tipologia | Erosão,Tipologia,3,C_prop,exposição altamente concentrada,beta,8,0.0023953414837385337,0.004062871808574511,-0.0059560111242185874,0.010746694091695656,-0.008782463698076993,0.013573146665554061,0.5605687829971232,2.7512079407047163
Total,tipo_erosao,Tipologia | Erosão,Tipologia,3,C_prop,exposição altamente concentrada,beta,9,0.0060817251271255675,0.004534119217843782,-0.003238290403468726,0.015401740657719862,-0.006392579669108102,0.018556029923359238,0.19141507021882498,2.7512079407047163
Total,tipo_erosao,Tipologia | Erosão,Tipologia,3,C_prop,exposição altamente concentrada,beta,10,0.010502963971108302,0.006342122785608355,-0.002533456118197417,0.02353938406041402,-0.00694553459758172,0.027951462539798324,0.10973025720018909,2.7512079407047163
Total,tipo_erosao,Tipologia | Erosão,Tipologia,3,C_prop,exposição altamente concentrada,beta,11,0.015414106282154841,0.009007411584745573,-0.0031008933962625405,0.03392910596057222,-0.009367155994992833,0.040195368559302516,0.09893799617893684,2.7512079407047163
Total,tipo_erosao,Tipologia | Erosão,Tipologia,3,C_prop,exposição altamente concentrada,beta,12,0.02057020032673328,0.012076559632438548,-0.004253523515270318,0.045393924168736874,-0.012654926430425682,0.053795327083892244,0.10043528155828668,2.7512079407047163
Total,tipo_erosao,Tipologia | Erosão,Tipologia,3,C_prop,exposição altamente concentrada,C,0,0.011116742767618813,0.006593115664455314,-0.0024356005730465542,0.02466908610828418,-0.005476425376638739,0.027709910911876363,0.1037394153348964,2.5167415511477134
Total,tipo_erosao,Tipologia | Erosão,Tipologia,3,C_prop,exposição altamente concentrada,C,1,0.018652967750511597,0.011319541810490103,-0.004614683672899661,0.041920619173922855,-0.00983539346390266,0.04714132896492586,0.11141634396780578,2.5167415511477134
Total,tipo_erosao,Tipologia | Erosão,Tipologia,3,C_prop,exposição altamente concentrada,C,2,0.022853626682210255,0.014607113204827996,-0.0071717245239027415,0.052878977888323256,-0.0139087020626988,0.05961595542711931,0.12977866714873096,2.5167415511477134
Total,tipo_erosao,Tipologia | Erosão,Tipologia,3,C_prop,exposição altamente concentrada,C,3,0.024208623029778588,0.01708961582512348,-0.010919585393859843,0.05933683145341702,-0.018801523210461184,0.06721876927001835,0.16847962193772542,2.5167415511477134
Total,tipo_erosao,Tipologia | Erosão,Tipologia,3,C_prop,exposição altamente concentrada,C,4,0.0234528119938123,0.019465631814716187,-0.016559367243120127,0.06346499123074473,-0.025537152413626793,0.0724427764012514,0.23912090367697528,2.5167415511477134
Total,tipo_erosao,Tipologia | Erosão,Tipologia,3,C_prop,exposição altamente concentrada,C,5,0.021566000508438994,0.022219313869771974,-0.024106453257323204,0.06723845427420119,-0.03435426994560883,0.07748627096248681,0.3406923755243726,2.5167415511477134
Total,tipo_erosao,Tipologia | Erosão,Tipologia,3,C_prop,exposição altamente concentrada,C,6,0.019772947241318173,0.025385696241115384,-0.03240809870274024,0.07195399318537658,-0.04411628929351123,0.08366218377614758,0.4430698773065546,2.5167415511477134
Total,tipo_erosao,Tipologia | Erosão,Tipologia,3,C_prop,exposição altamente concentrada,C,7,0.01946171201579728,0.02860541703032123,-0.03933756479468421,0.07826098882627877,-0.05253072961232059,0.09145415364391515,0.5022964435979574,2.5167415511477134
Total,tipo_erosao,Tipologia | Erosão,Tipologia,3,C_prop,exposição altamente concentrada,C,8,0.021857053499535813,0.03148064620902492,-0.042852341530616095,0.08656644852968773,-0.05737159687169795,0.10108570387076958,0.4936510113389443,2.5167415511477134
Total,tipo_erosao,Tipologia | Erosão,Tipologia,3,C_prop,exposição altamente concentrada,C,9,0.02793877862666138,0.03392445189910845,-0.04179393094178017,0.09767148819510293,-0.05744029906773681,0.11331785632105956,0.41768094272804535,2.5167415511477134
Total,tipo_erosao,Tipologia | Erosão,Tipologia,3,C_prop,exposição altamente concentrada,C,10,0.03844174259776968,0.0363916461709644,-0.036362357427322856,0.11324584262286222,-0.05314662543536201,0.13003011063090136,0.30053244488062336,2.5167415511477134
Total,tipo_erosao,Tipologia | Erosão,Tipologia,3,C_prop,exposição altamente concentrada,C,11,0.05385584887992452,0.03997391431537074,-0.028311708773107833,0.13602340653295686,-0.04674816223958743,0.15445985999943646,0.18951688833048405,2.5167415511477134
Total,tipo_erosao,Tipologia | Erosão,Tipologia,3,C_prop,exposição altamente concentrada,C,12,0.0744260492066578,0.046146610906587046,-0.020429668005430182,0.16928176641874576,-0.04171304390659607,0.19056514231991167,0.1188578893821212,2.5167415511477134
Total,tipo_estiagem_e_seca,Tipologia | Estiagem e Seca,Tipologia,3,C_prop,estimável,beta,0,0.011914608985353452,0.0150374762634732,-0.01899536615710915,0.042824584127816055,-0.027460577643129827,0.05128979561383673,0.4353398694870876,2.618470409434835
Total,tipo_estiagem_e_seca,Tipologia | Estiagem e Seca,Tipologia,3,C_prop,estimável,beta,1,0.010045942638163363,0.01289746773908347,-0.016465181983469454,0.03655706725979618,-0.023725694993267106,0.043817580269593835,0.4430658129122014,2.618470409434835
Total,tipo_estiagem_e_seca,Tipologia | Estiagem e Seca,Tipologia,3,C_prop,estimável,beta,2,0.008252477643724625,0.01180359032091479,-0.016010149742595813,0.03251510503004506,-0.02265487433668218,0.03915982962413143,0.49066619615100926,2.618470409434835
Total,tipo_estiagem_e_seca,Tipologia | Estiagem e Seca,Tipologia,3,C_prop,estimável,beta,3,0.006609415354788589,0.011815035514016628,-0.017676737962883625,0.0308955686724608,-0.024327905525085645,0.03754673623466282,0.5806713532436735,2.618470409434835
Total,tipo_estiagem_e_seca,Tipologia | Estiagem e Seca,Tipologia,3,C_prop,estimável,beta,4,0.005191957124106604,0.012538798959189548,-0.020581913261732133,0.03096582750994534,-0.02764051692038353,0.03802443116859674,0.6822179537678436,2.618470409434835
Total,tipo_estiagem_e_seca,Tipologia | Estiagem e Seca,Tipologia,3,C_prop,estimável,beta,5,0.0040753043044300195,0.013404664120273396,-0.02347837740991182,0.03162898601877186,-0.031024412042918698,0.03917502065177873,0.7635314866835513,2.618470409434835
Total,tipo_estiagem_e_seca,Tipologia | Estiagem e Seca,Tipologia,3,C_prop,estimável,beta,6,0.003334658248510187,0.013946748711339066,-0.02533329430100182,0.0320026107980222,-0.03318449055995457,0.03985380705697495,0.8129032839032497,2.618470409434835
Total,tipo_estiagem_e_seca,Tipologia | Estiagem e Seca,Tipologia,3,C_prop,estimável,beta,7,0.0030201531915146737,0.013919257423387583,-0.025591290206306856,0.0316315965893362,-0.03342701049293187,0.03946731687596122,0.8299201908565389,2.618470409434835
Total,tipo_estiagem_e_seca,Tipologia | Estiagem e Seca,Tipologia,3,C_prop,estimável,beta,8,0.003081654898275912,0.013416641766669705,-0.024496647220839197,0.03065995701739102,-0.03204942456173621,0.03821273435828804,0.8201308631811803,2.618470409434835
Total,tipo_estiagem_e_seca,Tipologia | Estiagem e Seca,Tipologia,3,C_prop,estimável,beta,9,0.0034439620160425515,0.012715333747639505,-0.022692780824399666,0.029580704856484768,-0.029850763148239638,0.03673868718032474,0.7886442466514442,2.618470409434835
Total,tipo_estiagem_e_seca,Tipologia | Estiagem e Seca,Tipologia,3,C_prop,estimável,beta,10,0.004031873192063242,0.01218851606636753,-0.02102198039572685,0.029085726779853334,-0.027883395462641205,0.035947141846767686,0.7434521129389879,2.618470409434835
Total,tipo_estiagem_e_seca,Tipologia | Estiagem e Seca,Tipologia,3,C_prop,estimável,beta,11,0.004770187073586635,0.012215503446570398,-0.020339139868682302,0.029879514015855573,-0.027215747237607193,0.03675612138478046,0.6993461038630497,2.618470409434835
Total,tipo_estiagem_e_seca,Tipologia | Estiagem e Seca,Tipologia,3,C_prop,estimável,beta,12,0.005583702307861376,0.013004858834297696,-0.02114816787143238,0.032315572487155136,-0.02846913572862434,0.0396365403443471,0.6712019205517464,2.618470409434835
Total,tipo_estiagem_e_seca,Tipologia | Estiagem e Seca,Tipologia,3,C_prop,estimável,C,0,0.011914608985353452,0.0150374762634732,-0.01899536615710915,0.042824584127816055,-0.024287140528796512,0.048116358499503416,0.4353398694870876,2.407435189246873
Total,tipo_estiagem_e_seca,Tipologia | Estiagem e Seca,Tipologia,3,C_prop,estimável,C,1,0.021960551623516816,0.027723996390670556,-0.035026939114335284,0.07894804236136892,-0.044783172873936766,0.0887042761209704,0.43546254391827394,2.407435189246873
Total,tipo_estiagem_e_seca,Tipologia | Estiagem e Seca,Tipologia,3,C_prop,estimável,C,2,0.03021302926724144,0.038754568644163996,-0.049448127462743685,0.10987418599722656,-0.06308608303080243,0.12351214156528531,0.44266596082024223,2.407435189246873
Total,tipo_estiagem_e_seca,Tipologia | Estiagem e Seca,Tipologia,3,C_prop,estimável,C,3,0.03682244462203003,0.04895710570844784,-0.06381032739243558,0.13745521663649565,-0.08103861442416627,0.1546835036682263,0.4587242553887001,2.407435189246873
Total,tipo_estiagem_e_seca,Tipologia | Estiagem e Seca,Tipologia,3,C_prop,estimável,C,4,0.04201440174613663,0.05911626542620927,-0.07950082214006242,0.1635296256323357,-0.10030417589777785,0.1843329793900511,0.48359235222933217,2.407435189246873
Total,tipo_estiagem_e_seca,Tipologia | Estiagem e Seca,Tipologia,3,C_prop,estimável,C,5,0.04608970605056665,0.06977246421800526,-0.09732964815619968,0.18950906025733297,-0.12188297954832752,0.2140623916494608,0.5146977226710816,2.407435189246873
Total,tipo_estiagem_e_seca,Tipologia | Estiagem e Seca,Tipologia,3,C_prop,estimável,C,6,0.04942436429907684,0.08108559296040338,-0.11724945908084566,0.21609818767899935,-0.14578394553474677,0.24463267413290046,0.547461275192114,2.407435189246873
Total,tipo_estiagem_e_seca,Tipologia | Estiagem e Seca,Tipologia,3,C_prop,estimável,C,7,0.052444517490591515,0.0928381320332545,-0.13838699593237708,0.2432760309135601,-0.17105726847021271,0.27594630345139576,0.5769820118519055,2.407435189246873
Total,tipo_estiagem_e_seca,Tipologia | Estiagem e Seca,Tipologia,3,C_prop,estimável,C,8,0.05552617238886743,0.1046235622310686,-0.15953063975277876,0.2705829845305136,-0.19634827295056717,0.307400617728302,0.600114916604405,2.407435189246873
Total,tipo_estiagem_e_seca,Tipologia | Estiagem e Seca,Tipologia,3,C_prop,estimável,C,9,0.05897013440490998,0.11605736839122836,-0.17958920289468083,0.2975294717045008,-0.22043045823152094,0.3383707270413409,0.6156588927910612,2.407435189246873
Total,tipo_estiagem_e_seca,Tipologia | Estiagem e Seca,Tipologia,3,C_prop,estimável,C,10,0.06300200759697322,0.12690258267782703,-0.19784998693711142,0.32385400213105786,-0.2425077355479382,0.36851175074188464,0.6237416340024826,2.407435189246873
Total,tipo_estiagem_e_seca,Tipologia | Estiagem e Seca,Tipologia,3,C_prop,estimável,C,11,0.06777219467055985,0.13712747655908028,-0.21409737024344022,0.3496417595845599,-0.2623533178103957,0.3978977071515154,0.6252953682979822,2.407435189246873
Total,tipo_estiagem_e_seca,Tipologia | Estiagem e Seca,Tipologia,3,C_prop,estimável,C,12,0.07335589697842122,0.1469160653256029,-0.22863440030793503,0.37534619426477744,-0.2803350085521275,0.4270468025089699,0.6217635614287884,2.407435189246873
Total,tipo_granizo,Tipologia | Granizo,Tipologia,3,C_prop,estimável com ressalvas,beta,0,0.31272193328888176,0.10977206364805993,0.08708222491971535,0.5383616416580481,0.016195408166934433,0.6092484584108291,0.00846737037291202,2.701293163920473
Total,tipo_granizo,Tipologia | Granizo,Tipologia,3,C_prop,estimável com ressalvas,beta,1,0.17538947932266824,0.09086908079768408,-0.011394591319389219,0.3621735499647257,-0.07007454744785288,0.4208535060931894,0.06456717403649681,2.701293163920473
Total,tipo_granizo,Tipologia | Granizo,Tipologia,3,C_prop,estimável com ressalvas,beta,2,0.04524175553130645,0.0852958984545355,-0.13008647473748447,0.22056998580009735,-0.18516747187438515,0.275650982936998,0.6003294054949718,2.701293163920473
Total,tipo_granizo,Tipologia | Granizo,Tipologia,3,C_prop,estimável com ressalvas,beta,3,-0.07053650791035182,0.09147382539660653,-0.2585636488783547,0.11749063305765103,-0.31763412713186,0.17656111131115634,0.4475924533583382,2.701293163920473
Total,tipo_granizo,Tipologia | Granizo,Tipologia,3,C_prop,estimável com ressalvas,beta,4,-0.16476058082745487,0.10162693115207468,-0.37365772956947685,0.04413656791456713,-0.43928471521877077,0.10976355356386103,0.11703460594663978,2.701293163920473
Total,tipo_granizo,Tipologia | Granizo,Tipologia,3,C_prop,estimável com ressalvas,beta,5,-0.23024573304515092,0.10848597786348088,-0.45324185422349494,-0.007249611866806865,-0.5232981634289996,0.06280669733869773,0.04349436390297399,2.701293163920473
Total,tipo_granizo,Tipologia | Granizo,Tipologia,3,C_prop,estimável com ressalvas,beta,6,-0.25980723438858827,0.1073343209206205,-0.48043609081766536,-0.03917837795951118,-0.5497487017455066,0.030134232968330066,0.022783606479235264,2.701293163920473
Total,tipo_granizo,Tipologia | Granizo,Tipologia,3,C_prop,estimável com ressalvas,beta,7,-0.24865526474119906,0.09623292318628508,-0.4464648713172664,-0.05084565816513173,-0.5086086022883949,0.01129807280599679,0.015741227484120934,2.701293163920473
Total,tipo_granizo,Tipologia | Granizo,Tipologia,3,C_prop,estimável com ressalvas,beta,8,-0.20157964421955113,0.07842108971629608,-0.36277650274185164,-0.04038278569725062,-0.4134179977773758,0.010258709338273553,0.016232652925677216,2.701293163920473
Total,tipo_granizo,Tipologia | Granizo,Tipologia,3,C_prop,estimável com ressalvas,beta,9,-0.12576510299849622,0.06325081714989048,-0.2557790196683136,0.004248813671321183,-0.29662410297787917,0.04509389698088673,0.05739543199827863,2.701293163920473
Total,tipo_granizo,Tipologia | Granizo,Tipologia,3,C_prop,estimável com ressalvas,beta,10,-0.028396371252886066,0.06803927234970777,-0.1682530985515505,0.11146035604577835,-0.21219039252927493,0.15539765002350278,0.6798467207979605,2.701293163920473
Total,tipo_granizo,Tipologia | Granizo,Tipologia,3,C_prop,estimável com ressalvas,beta,11,0.08334182084242757,0.09723888688838227,-0.11653557373750671,0.28321921542236184,-0.17932891957639552,0.3460125612612507,0.3992302335031759,2.701293163920473
Total,tipo_granizo,Tipologia | Granizo,Tipologia,3,C_prop,estimável com ressalvas,beta,12,0.20226474311259296,0.1386213838615334,-0.08267559224020304,0.48720507846538896,-0.17219225348576295,0.5767217397109489,0.1565098683243353,2.701293163920473
Total,tipo_granizo,Tipologia | Granizo,Tipologia,3,C_prop,estimável com ressalvas,C,0,0.31272193328888176,0.10977206364805993,0.08708222491971535,0.5383616416580481,0.04566354241158099,0.5797803241661825,0.00846737037291202,2.4328447694444035
Total,tipo_granizo,Tipologia | Granizo,Tipologia,3,C_prop,estimável com ressalvas,C,1,0.48811141261155,0.19788912952261414,0.08134448129040406,0.8948783439326959,0.006677878922552061,0.9695449463005479,0.02054977584971801,2.4328447694444035
Total,tipo_granizo,Tipologia | Granizo,Tipologia,3,C_prop,estimável com ressalvas,C,2,0.5333531681428565,0.2730252936695289,-0.027858360488975942,1.094564696774689,-0.1308749894870791,1.197581325772792,0.061600571593697896,2.4328447694444035
Total,tipo_granizo,Tipologia | Granizo,Tipologia,3,C_prop,estimável com ressalvas,C,3,0.4628166602325046,0.34507510414470377,-0.24649537487968948,1.1721286953446988,-0.37669750195142077,1.30233082241643,0.19145314715005507,2.4328447694444035
Total,tipo_granizo,Tipologia | Granizo,Tipologia,3,C_prop,estimável com ressalvas,C,4,0.29805607940504975,0.42175769264806534,-0.5688792738071415,1.164991432617241,-0.7280149171267365,1.324127075936836,0.4860387810884524,2.4328447694444035
Total,tipo_granizo,Tipologia | Granizo,Tipologia,3,C_prop,estimável com ressalvas,C,5,0.06781034635989883,0.5055068012716748,-0.9712737650882216,1.1068944578080193,-1.1620092310324668,1.2976299237522646,0.8943222571006105,2.4328447694444035
Total,tipo_granizo,Tipologia | Granizo,Tipologia,3,C_prop,estimável com ressalvas,C,6,-0.19199688802868944,0.5926154878966623,-1.4101354691959884,1.0261416931386094,-1.6337383780498276,1.2497446019924485,0.7485433936697994,2.4328447694444035
Total,tipo_granizo,Tipologia | Granizo,Tipologia,3,C_prop,estimável com ressalvas,C,7,-0.4406521527698885,0.6749811677778472,-1.8280958136667982,0.9467915081270211,-2.0827765562716993,1.2014722507319224,0.519593182948701,2.4328447694444035
Total,tipo_granizo,Tipologia | Granizo,Tipologia,3,C_prop,estimável com ressalvas,C,8,-0.6422317969894397,0.7441771238073834,-2.171909782540099,0.8874461885612194,-2.452699220184413,1.1682356262055333,0.396023492070039,2.4328447694444035
Total,tipo_granizo,Tipologia | Granizo,Tipologia,3,C_prop,estimável com ressalvas,C,9,-0.7679968999879359,0.7944204139645193,-2.4009514475508635,0.8649576475749918,-2.7006984488413748,1.1647046488655028,0.3425817325909324,2.4328447694444035
Total,tipo_granizo,Tipologia | Granizo,Tipologia,3,C_prop,estimável com ressalvas,C,10,-0.7963932712408219,0.8243832318493118,-2.490937273030636,0.898150730548992,-2.801989704863093,1.2092031623814492,0.3429209574403838,2.4328447694444035
Total,tipo_granizo,Tipologia | Granizo,Tipologia,3,C_prop,estimável com ressalvas,C,11,-0.7130514503983943,0.8389067967868035,-2.4374490674712637,1.0113461666744747,-2.7539814630125283,1.3278785622157399,0.40309735537768454,2.4328447694444035
Total,tipo_granizo,Tipologia | Granizo,Tipologia,3,C_prop,estimável com ressalvas,C,12,-0.5107867072858014,0.850772308809561,-2.2595742336260196,1.238000819054417,-2.580583668761281,1.559010254189678,0.5534507195456918,2.4328447694444035
Total,tipo_incendio_florestal,Tipologia | Incêndio Florestal,Tipologia,3,C_prop,estimável com ressalvas,beta,0,0.040730114130574924,0.030993303985187678,-0.022977534611785838,0.10443776287293569,-0.04130580031173302,0.12276602857288287,0.20026963015210478,2.6468915505592614
Total,tipo_incendio_florestal,Tipologia | Incêndio Florestal,Tipologia,3,C_prop,estimável com ressalvas,beta,1,0.03300942836329611,0.027193800227871462,-0.022888228553666963,0.08890708528025917,-0.03896961168745339,0.1049884684140456,0.23571332115511429,2.6468915505592614
Total,tipo_incendio_florestal,Tipologia | Incêndio Florestal,Tipologia,3,C_prop,estimável com ressalvas,beta,2,0.025380437676662072,0.024734277130920343,-0.025461597109495887,0.07622247246282003,-0.04008851147036215,0.09084938682368629,0.3142856535210469,2.6468915505592614
Total,tipo_incendio_florestal,Tipologia | Incêndio Florestal,Tipologia,3,C_prop,estimável com ressalvas,beta,3,0.017934837151317603,0.023628869257338196,-0.030634999208984628,0.06650467351161983,-0.04460821723520035,0.08047789153783556,0.4546659301088067,2.6468915505592614
Total,tipo_incendio_florestal,Tipologia | Incêndio Florestal,Tipologia,3,C_prop,estimável com ressalvas,beta,4,0.010764321867907479,0.023403118602524038,-0.03734147737563134,0.05887012111144631,-0.051181195017849665,0.07270983875366463,0.6493736522336766,2.6468915505592614
Total,tipo_incendio_florestal,Tipologia | Incêndio Florestal,Tipologia,3,C_prop,estimável com ressalvas,beta,5,0.003960586907076484,0.023331677814106232,-0.04399836369274968,0.051919537506902654,-0.05779583395945228,0.06571700777360524,0.8665194986917455,2.6468915505592614
Total,tipo_incendio_florestal,Tipologia | Incêndio Florestal,Tipologia,3,C_prop,estimável com ressalvas,beta,6,-0.0023846726505306007,0.02280373356684809,-0.049258418308155506,0.04448907300709431,-0.06274368234982541,0.057974337048764216,0.9175165677672757,2.6468915505592614
Total,tipo_incendio_florestal,Tipologia | Incêndio Florestal,Tipologia,3,C_prop,estimável com ressalvas,beta,7,-0.008210326751150587,0.021699951687063995,-0.05281521626103872,0.036394562758737536,-0.06564774551918447,0.049227092016883287,0.7082372384333182,2.6468915505592614
Total,tipo_incendio_florestal,Tipologia | Incêndio Florestal,Tipologia,3,C_prop,estimável com ressalvas,beta,8,-0.013577505448546662,0.020808040506091346,-0.05634904526929078,0.029194034372197454,-0.0686541320478147,0.04149912115072138,0.5197986400849632,2.6468915505592614
Total,tipo_incendio_florestal,Tipologia | Incêndio Florestal,Tipologia,3,C_prop,estimável com ressalvas,beta,9,-0.01857790382336361,0.021430159229009618,-0.06262822699339714,0.02547241934666992,-0.07530121121376875,0.03814540356704152,0.3939246544672175,2.6468915505592614
Total,tipo_incendio_florestal,Tipologia | Incêndio Florestal,Tipologia,3,C_prop,estimável com ressalvas,beta,10,-0.02330321695624621,0.024530401963536265,-0.07372618033403795,0.027119746421545535,-0.08823253064535266,0.041626096732860246,0.35087361452483357,2.6468915505592614
Total,tipo_incendio_florestal,Tipologia | Incêndio Florestal,Tipologia,3,C_prop,estimável com ressalvas,beta,11,-0.027845139927839248,0.030001387486958953,-0.08951387510741532,0.03382359525173682,-0.10725555897212524,0.051565279116446754,0.3618777433282889,2.6468915505592614
Total,tipo_incendio_florestal,Tipologia | Incêndio Florestal,Tipologia,3,C_prop,estimável com ressalvas,beta,12,-0.0322953678187875,0.037059224615956496,-0.10847169499016472,0.04388095935258972,-0.13038711632504052,0.06579638068746553,0.39148301920449596,2.6468915505592614
Total,tipo_incendio_florestal,Tipologia | Incêndio Florestal,Tipologia,3,C_prop,estimável com ressalvas,C,0,0.040730114130574924,0.030993303985187678,-0.022977534611785838,0.10443776287293569,-0.03461257144084941,0.11607279970199925,0.20026963015210478,2.430934294950681
Total,tipo_incendio_florestal,Tipologia | Incêndio Florestal,Tipologia,3,C_prop,estimável com ressalvas,C,1,0.07373954249387103,0.057901128683888525,-0.045277932046511135,0.1927570170342532,-0.06701429694014617,0.21449338192788825,0.21409396056454186,2.430934294950681
Total,tipo_incendio_florestal,Tipologia | Incêndio Florestal,Tipologia,3,C_prop,estimável com ressalvas,C,2,0.0991199801705331,0.08163241601959846,-0.06867785410529363,0.2669178144463598,-0.09932305951119015,0.29756301985225636,0.23557642426218847,2.430934294950681
Total,tipo_incendio_florestal,Tipologia | Incêndio Florestal,Tipologia,3,C_prop,estimável com ressalvas,C,3,0.1170548173218507,0.10317754781027014,-0.09502966960914212,0.32913930425284355,-0.1337630221190485,0.3678726567627499,0.2669370492746004,2.430934294950681
Total,tipo_incendio_florestal,Tipologia | Incêndio Florestal,Tipologia,3,C_prop,estimável com ressalvas,C,4,0.12781913918975818,0.12338480094706336,-0.12580195143802164,0.381440229817538,-0.17212120490812138,0.42775948328763774,0.30977005557506554,2.430934294950681
Total,tipo_incendio_florestal,Tipologia | Incêndio Florestal,Tipologia,3,C_prop,estimável com ressalvas,C,5,0.1317797260968347,0.14274753619725297,-0.161642036850358,0.4252014890440274,-0.21523015516478128,0.47878960735845066,0.36440894529122486,2.430934294950681
Total,tipo_incendio_florestal,Tipologia | Incêndio Florestal,Tipologia,3,C_prop,estimável com ressalvas,C,6,0.1293950534463041,0.1612853540962379,-0.20213173992045286,0.46092184681306103,-0.2626790450995049,0.5214691519921131,0.42966696757257444,2.430934294950681
Total,tipo_incendio_florestal,Tipologia | Incêndio Florestal,Tipologia,3,C_prop,estimável com ressalvas,C,7,0.12118472669515348,0.17861734726478454,-0.24596848885990827,0.4883379422502152,-0.3130223084439264,0.5553917618342334,0.5034745455439399,2.430934294950681
Total,tipo_incendio_florestal,Tipologia | Incêndio Florestal,Tipologia,3,C_prop,estimável com ressalvas,C,8,0.10760722124660682,0.19433854702028747,-0.2918613832166764,0.50707582570989,-0.36481701753589546,0.5800314600291091,0.5845082112704012,2.430934294950681
Total,tipo_incendio_florestal,Tipologia | Incêndio Florestal,Tipologia,3,C_prop,estimável com ressalvas,C,9,0.08902931742324321,0.2084138603026719,-0.3393715078501022,0.5174301426965886,-0.41761108312958223,0.5956697179760686,0.6727683259946012,2.430934294950681
Total,tipo_incendio_florestal,Tipologia | Incêndio Florestal,Tipologia,3,C_prop,estimável com ressalvas,C,10,0.065726100466997,0.22146077484609258,-0.3894930417338075,0.5209452426678015,-0.47263049209272057,0.6040826930267146,0.7689891579729219,2.430934294950681
Total,tipo_incendio_florestal,Tipologia | Incêndio Florestal,Tipologia,3,C_prop,estimável com ressalvas,C,11,0.03788096053915775,0.23490693041197133,-0.44497715026388224,0.5207390713421978,-0.5331623527208964,0.608924273799212,0.8731356024682776,2.430934294950681
Total,tipo_incendio_florestal,Tipologia | Incêndio Florestal,Tipologia,3,C_prop,estimável com ressalvas,C,12,0.00558559272037025,0.25095009028366316,-0.5102497054877863,0.5214208909285268,-0.6044575880711561,0.6156287735118967,0.9824122674293975,2.430934294950681
Total,tipo_inundacoes,Tipologia | Inundações,Tipologia,3,C_prop,estimável com ressalvas,beta,0,0.04556864116736184,0.04412888332947647,-0.04513957761081379,0.13627685994553745,-0.06847600873791629,0.15961329107263997,0.31128912557472244,2.5843538585328423
Total,tipo_inundacoes,Tipologia | Inundações,Tipologia,3,C_prop,estimável com ressalvas,beta,1,0.03492623298210144,0.03596716526161398,-0.039005334037679404,0.10885780000188229,-0.058025649342239055,0.12787811530644194,0.3404667358230058,2.5843538585328423
Total,tipo_inundacoes,Tipologia | Inundações,Tipologia,3,C_prop,estimável com ressalvas,beta,2,0.02499356565295329,0.029359358575719495,-0.03535546019911024,0.08534259150501683,-0.05088140596625668,0.10086853727216327,0.40237663091677206,2.5843538585328423
Total,tipo_inundacoes,Tipologia | Inundações,Tipologia,3,C_prop,estimável com ressalvas,beta,3,0.01648038003602964,0.025032673948320844,-0.034975018192692386,0.06793577826475167,-0.048212907471707894,0.08117366754376718,0.5160980729389031,2.5843538585328423
Total,tipo_inundacoes,Tipologia | Inundações,Tipologia,3,C_prop,estimável com ressalvas,beta,4,0.010096416987442732,0.02301114483303462,-0.03720366863373478,0.05739650260862025,-0.049372523951068364,0.06956535792595384,0.6644584927342546,2.5843538585328423
Total,tipo_inundacoes,Tipologia | Inundações,Tipologia,3,C_prop,estimável com ressalvas,beta,5,0.006551417363304824,0.02236238149183432,-0.03941511611132316,0.052517950837932814,-0.05124088953110062,0.06434372425771026,0.7718736589512134,2.5843538585328423
Total,tipo_inundacoes,Tipologia | Inundações,Tipologia,3,C_prop,estimável com ressalvas,beta,6,0.006555122019728155,0.021984799704134948,-0.03863528097478837,0.051745525014244675,-0.05026137992472469,0.063371623964181,0.7679462106847703,2.5843538585328423
Total,tipo_inundacoes,Tipologia | Inundações,Tipologia,3,C_prop,estimável com ressalvas,beta,7,0.01058069152745423,0.021801405692789284,-0.03423273967787047,0.05539412273277893,-0.04576185539614563,0.06692323845105408,0.6315127809894086,2.5843538585328423
Total,tipo_inundacoes,Tipologia | Inundações,Tipologia,3,C_prop,estimável com ressalvas,beta,8,0.018154965315741546,0.023263460599691876,-0.0296637627916337,0.06597369342311679,-0.0419660488478989,0.078275979479382,0.4421988450254886,2.5843538585328423
Total,tipo_inundacoes,Tipologia | Inundações,Tipologia,3,C_prop,estimável com ressalvas,beta,9,0.02856820252847786,0.027980041725169224,-0.028945596932063417,0.08608200198901914,-0.04374212626587315,0.10087853132282887,0.31665158661370724,2.5843538585328423
Total,tipo_inundacoes,Tipologia | Inundações,Tipologia,3,C_prop,estimável com ressalvas,beta,10,0.04111066230955092,0.036085698676088844,-0.033064553633145866,0.1152858782522477,-0.052147552301852765,0.13436887692095462,0.2649863427177455,2.5843538585328423
Total,tipo_inundacoes,Tipologia | Inundações,Tipologia,3,C_prop,estimável com ressalvas,beta,11,0.05507260380284847,0.046613496402560656,-0.04074281029068864,0.1508880178963856,-0.06539316548481591,0.17553837309051287,0.24810906791984425,2.5843538585328423
Total,tipo_inundacoes,Tipologia | Inundações,Tipologia,3,C_prop,estimável com ressalvas,beta,12,0.06974428615225828,0.05848531768487069,-0.050474006077374095,0.18996257838189065,-0.08140247027415637,0.22089104257867292,0.24383176819274097,2.5843538585328423
Total,tipo_inundacoes,Tipologia | Inundações,Tipologia,3,C_prop,estimável com ressalvas,C,0,0.04556864116736184,0.04412888332947647,-0.04513957761081379,0.13627685994553745,-0.05753833715406195,0.14867561948878563,0.31128912557472244,2.3364964291437698
Total,tipo_inundacoes,Tipologia | Inundações,Tipologia,3,C_prop,estimável com ressalvas,C,1,0.08049487414946328,0.0798766578098271,-0.0836939474390395,0.24468369573796606,-0.10613665159513654,0.2671263998940631,0.3228665965702533,2.3364964291437698
Total,tipo_inundacoes,Tipologia | Inundações,Tipologia,3,C_prop,estimável com ressalvas,C,2,0.10548843980241658,0.10832686368658899,-0.11718061750122076,0.3281574971060539,-0.1476168903816425,0.35859376998647563,0.3391305309498837,2.3364964291437698
Total,tipo_inundacoes,Tipologia | Inundações,Tipologia,3,C_prop,estimável com ressalvas,C,3,0.12196881983844622,0.1310974834648737,-0.14750591675559904,0.39144355643249146,-0.18433998214696562,0.42827762182385803,0.36073944623247406,2.3364964291437698
Total,tipo_inundacoes,Tipologia | Inundações,Tipologia,3,C_prop,estimável com ressalvas,C,4,0.13206523682588894,0.15013659722308612,-0.17654495858383246,0.44067543223561034,-0.2187283864696482,0.4828588601214261,0.38711576477539034,2.3364964291437698
Total,tipo_inundacoes,Tipologia | Inundações,Tipologia,3,C_prop,estimável com ressalvas,C,5,0.13861665418919378,0.1674197621597386,-0.20551959554073712,0.4827529039191247,-0.2525590222651347,0.5297923306435223,0.41522941524267254,2.3364964291437698
Total,tipo_inundacoes,Tipologia | Inundações,Tipologia,3,C_prop,estimável com ressalvas,C,6,0.1451717762089219,0.18465468538746208,-0.23439136558834445,0.5247349180061882,-0.2862732368235495,0.5766167892413934,0.4388691218131457,2.3364964291437698
Total,tipo_inundacoes,Tipologia | Inundações,Tipologia,3,C_prop,estimável com ressalvas,C,7,0.15575246773637613,0.2031338443621596,-0.2617951293347426,0.5733000648074948,-0.31886903425405605,0.6303739697268083,0.45013784873609497,2.3364964291437698
Total,tipo_inundacoes,Tipologia | Inundações,Tipologia,3,C_prop,estimável com ressalvas,C,8,0.1739074330521177,0.22380677805091045,-0.28613398779934046,0.6339488539035758,-0.3490163046820068,0.6968311707862422,0.44414629761050284,2.3364964291437698
Total,tipo_inundacoes,Tipologia | Inundações,Tipologia,3,C_prop,estimável com ressalvas,C,9,0.20247563558059556,0.24785387120510732,-0.3069952931631018,0.7119465643242929,-0.37663404943959755,0.7815853206007887,0.42139945947675433,2.3364964291437698
Total,tipo_inundacoes,Tipologia | Inundações,Tipologia,3,C_prop,estimável com ressalvas,C,10,0.24358629789014646,0.27707074240463336,-0.32594076970921376,0.8131133654895066,-0.4037885023584927,0.8909610981387857,0.38737404837111417,2.3364964291437698
Total,tipo_inundacoes,Tipologia | Inundações,Tipologia,3,C_prop,estimável com ressalvas,C,11,0.2986589016929949,0.3137875806177903,-0.3463407077473969,0.9436585111333867,-0.4345046599301349,1.0318224633161246,0.3499700200619637,2.3364964291437698
Total,tipo_inundacoes,Tipologia | Inundações,Tipologia,3,C_prop,estimável com ressalvas,C,12,0.36840318784525317,0.3603794412704114,-0.37236736276774796,1.1091737384582543,-0.47362208981988996,1.2104284655103963,0.3160737319806662,2.3364964291437698
Total,tipo_movimento_de_massa,Tipologia | Movimento de Massa,Tipologia,3,C_prop,estimável com ressalvas,beta,0,0.20363226351253444,0.12680684833705916,-0.05702294626581278,0.46428747329088166,-0.13610857311455954,0.5433731001396285,0.12038664824582392,2.679199436642769
Total,tipo_movimento_de_massa,Tipologia | Movimento de Massa,Tipologia,3,C_prop,estimável com ressalvas,beta,1,0.06994999244767608,0.1031296693816308,-0.14203607896377263,0.2819360638591248,-0.20635495966074419,0.34625494455609634,0.5035916326054304,2.679199436642769
Total,tipo_movimento_de_massa,Tipologia | Movimento de Massa,Tipologia,3,C_prop,estimável com ressalvas,beta,2,-0.056832679295467876,0.08636926182865359,-0.23436723957811956,0.12070188098718382,-0.2882331569300484,0.17456779833911265,0.5163098848300326,2.679199436642769
Total,tipo_movimento_de_massa,Tipologia | Movimento de Massa,Tipologia,3,C_prop,estimável com ressalvas,beta,3,-0.16981615239518302,0.078394184318173,-0.3309577060795831,-0.008674598710782938,-0.3798498068565015,0.040217502066135474,0.03964908514558637,2.679199436642769
Total,tipo_movimento_de_massa,Tipologia | Movimento de Massa,Tipologia,3,C_prop,estimável com ressalvas,beta,4,-0.262100827529755,0.07738238445635558,-0.4211625968121746,-0.10303905824733539,-0.469423668371297,-0.05477798668821296,0.0022570705034102695,2.679199436642769
Total,tipo_movimento_de_massa,Tipologia | Movimento de Massa,Tipologia,3,C_prop,estimável com ressalvas,beta,5,-0.3267871053774693,0.07908816883020349,-0.4893551646563103,-0.1642190460986283,-0.5386800827524587,-0.11489412800247989,0.00033116026132427656,2.679199436642769
Total,tipo_movimento_de_massa,Tipologia | Movimento de Massa,Tipologia,3,C_prop,estimável com ressalvas,beta,6,-0.35697538661661166,0.081062425744157,-0.5236015891015283,-0.19034918413169502,-0.5741577920032533,-0.13979298122996994,0.00016215099266097142,2.679199436642769
Total,tipo_movimento_de_massa,Tipologia | Movimento de Massa,Tipologia,3,C_prop,estimável com ressalvas,beta,7,-0.34806593836603905,0.08607976311530917,-0.5250054255209621,-0.17112645121111605,-0.5786907912109184,-0.1174410855211597,0.00041730429290005015,2.679199436642769
Total,tipo_movimento_de_massa,Tipologia | Movimento de Massa,Tipologia,3,C_prop,estimável com ressalvas,beta,8,-0.30465849350689445,0.10130626423213157,-0.5128965019549745,-0.09642048505881443,-0.5760781795660048,-0.03323880744778401,0.00578200136324546,2.679199436642769
Total,tipo_movimento_de_massa,Tipologia | Movimento de Massa,Tipologia,3,C_prop,estimável com ressalvas,beta,9,-0.2336526513608922,0.13042790890611386,-0.5017510577380402,0.03444575501625585,-0.5830950314246468,0.11578972870286247,0.08487271421522412,2.679199436642769
Total,tipo_movimento_de_massa,Tipologia | Movimento de Massa,Tipologia,3,C_prop,estimável com ressalvas,beta,10,-0.14194801124974676,0.17143691805263345,-0.4943416431771407,0.21044562067764716,-0.6012617055161349,0.31736568301664136,0.41521216468121536,2.679199436642769
Total,tipo_movimento_de_massa,Tipologia | Movimento de Massa,Tipologia,3,C_prop,estimável com ressalvas,beta,11,-0.036444172495172525,0.2204721635315617,-0.4896311950355834,0.41674285004523837,-0.6271330688243452,0.5542447238340001,0.8699859851092746,2.679199436642769
Total,tipo_movimento_de_massa,Tipologia | Movimento de Massa,Tipologia,3,C_prop,estimável com ressalvas,beta,12,0.0759592655811161,0.2739883285484637,-0.4872318095948067,0.6391503407570389,-0.6581101099126219,0.8100286410748541,0.7837917156820391,2.679199436642769
Total,tipo_movimento_de_massa,Tipologia | Movimento de Massa,Tipologia,3,C_prop,estimável com ressalvas,C,0,0.20363226351253444,0.12680684833705916,-0.05702294626581278,0.46428747329088166,-0.11034276454032899,0.5176072915653979,0.12038664824582392,2.476010027615398
Total,tipo_movimento_de_massa,Tipologia | Movimento de Massa,Tipologia,3,C_prop,estimável com ressalvas,C,1,0.2735822559602105,0.22874900945998758,-0.19661806704519114,0.7437825789656122,-0.29280258526980824,0.8399670971902293,0.24249294471490626,2.476010027615398
Total,tipo_movimento_de_massa,Tipologia | Movimento de Massa,Tipologia,3,C_prop,estimável com ressalvas,C,2,0.21674957666474265,0.3102906321468301,-0.4210619522481734,0.8545611055776587,-0.5515331400059296,0.9850322933354148,0.49104269312812787,2.476010027615398
Total,tipo_movimento_de_massa,Tipologia | Movimento de Massa,Tipologia,3,C_prop,estimável com ressalvas,C,3,0.046933424269559626,0.3773369075447752,-0.7286936974751901,0.8225605460143093,-0.8873565426006882,0.9812233911398074,0.9019705145833662,2.476010027615398
Total,tipo_movimento_de_massa,Tipologia | Movimento de Massa,Tipologia,3,C_prop,estimável com ressalvas,C,4,-0.21516740326019537,0.4361075370381366,-1.1115992840561224,0.6812644775357317,-1.2949740380852752,0.8646392315648845,0.6258848677104728,2.476010027615398
Total,tipo_movimento_de_massa,Tipologia | Movimento de Massa,Tipologia,3,C_prop,estimável com ressalvas,C,5,-0.5419545086376647,0.49179089958417904,-1.552845180389606,0.46893616311427655,-1.7596337074980892,0.6757246902227598,0.28055786840321,2.476010027615398
Total,tipo_movimento_de_massa,Tipologia | Movimento de Massa,Tipologia,3,C_prop,estimável com ressalvas,C,6,-0.8989298952542764,0.5477770494309775,-2.024901746172583,0.2270419556640304,-2.2552313625429523,0.4573715720343994,0.11283033526756961,2.476010027615398
Total,tipo_movimento_de_massa,Tipologia | Movimento de Massa,Tipologia,3,C_prop,estimável com ressalvas,C,7,-1.2469958336203155,0.6064421497299413,-2.493555525224079,-0.0004361420165519547,-2.748552677520289,0.2545610102796576,0.0499256171253521,2.476010027615398
Total,tipo_movimento_de_massa,Tipologia | Movimento de Massa,Tipologia,3,C_prop,estimável com ressalvas,C,8,-1.5516543271272099,0.6717507370970943,-2.9324577426603367,-0.17085091159408305,-3.21491588823765,0.11160723398323058,0.029093805646146373,2.476010027615398
Total,tipo_movimento_de_massa,Tipologia | Movimento de Massa,Tipologia,3,C_prop,estimável com ressalvas,C,9,-1.785306978488102,0.7521047308204095,-3.331280393632028,-0.239333563344176,-3.647525833816416,0.07691187684021172,0.02528040030643103,2.476010027615398
Total,tipo_movimento_de_massa,Tipologia | Movimento de Massa,Tipologia,3,C_prop,estimável com ressalvas,C,10,-1.9272549897378486,0.8607852322910663,-3.6966243750611794,-0.1578856044145176,-4.058567856513779,0.20405787703808143,0.0339350135772151,2.476010027615398
Total,tipo_movimento_de_massa,Tipologia | Movimento de Massa,Tipologia,3,C_prop,estimável com ressalvas,C,11,-1.9636991622330213,1.0130270304222675,-4.046006045406962,0.11860772094091931,-4.471964247804005,0.544565923337962,0.06349742364013691,2.476010027615398
Total,tipo_movimento_de_massa,Tipologia | Movimento de Massa,Tipologia,3,C_prop,estimável com ressalvas,C,12,-1.8877398966519052,1.221283386141948,-4.398123849792132,0.6226440564883211,-4.911649807299457,1.1361700139956465,0.13426293791373026,2.476010027615398
Total,tipo_onda_de_calor_e_baixa_umidade,Tipologia | Onda de Calor e Baixa Umidade,Tipologia,3,C_prop,exposição altamente concentrada,beta,0,0.8110474613735112,0.6241599000259652,-0.471931587550253,2.0940265102972755,-0.7500053325248961,2.372100255271919,0.20520340617336524,2.501046276496563
Total,tipo_onda_de_calor_e_baixa_umidade,Tipologia | Onda de Calor e Baixa Umidade,Tipologia,3,C_prop,exposição altamente concentrada,beta,1,0.514019504506793,0.48053690756079875,-0.47373825533883807,1.501777264352424,-0.6878255388673158,1.7158645478809018,0.2945950183524933,2.501046276496563
Total,tipo_onda_de_calor_e_baixa_umidade,Tipologia | Onda de Calor e Baixa Umidade,Tipologia,3,C_prop,exposição altamente concentrada,beta,2,0.23581378996796468,0.34086871429687865,-0.4648518869816164,0.9364794669175457,-0.6167146386984145,1.0883422186343439,0.49519339463248185,2.501046276496563
Total,tipo_onda_de_calor_e_baixa_umidade,Tipologia | Onda de Calor e Baixa Umidade,Tipologia,3,C_prop,exposição altamente concentrada,beta,3,-0.004747439915083522,0.2091476032359205,-0.4346564953881176,0.42516161555795057,-0.527835274226463,0.518340394396296,0.9820636926118362,2.501046276496563
Total,tipo_onda_de_calor_e_baixa_umidade,Tipologia | Onda de Calor e Baixa Umidade,Tipologia,3,C_prop,exposição altamente concentrada,beta,4,-0.18884194281446168,0.09083985565496752,-0.37556594031531676,-0.002117945313606623,-0.41603662555780346,0.03835273992888011,0.047638046574217045,2.501046276496563
Total,tipo_onda_de_calor_e_baixa_umidade,Tipologia | Onda de Calor e Baixa Umidade,Tipologia,3,C_prop,exposição altamente concentrada,beta,5,-0.29764747640227973,0.03823154692890801,-0.3762335465995067,-0.21906140620505277,-0.3932663444935287,-0.20202860831103076,2.9341002965001438e-08,2.501046276496563
Total,tipo_onda_de_calor_e_baixa_umidade,Tipologia | Onda de Calor e Baixa Umidade,Tipologia,3,C_prop,exposição altamente concentrada,beta,6,-0.31234179835064774,0.11480292888246814,-0.5483225983109852,-0.07636099839031027,-0.5994692361630445,-0.025214360538251046,0.011462638999497754,2.501046276496563
Total,tipo_onda_de_calor_e_baixa_umidade,Tipologia | Onda de Calor e Baixa Umidade,Tipologia,3,C_prop,exposição altamente concentrada,beta,7,-0.22037674710763894,0.18167790808725795,-0.5938210355320519,0.15306754131677397,-0.6747616026509602,0.23400810843568237,0.23603287849906587,2.501046276496563
Total,tipo_onda_de_calor_e_baixa_umidade,Tipologia | Onda de Calor e Baixa Umidade,Tipologia,3,C_prop,exposição altamente concentrada,beta,8,-0.03430048422518002,0.23240255732518422,-0.5120107824229841,0.44340981397262413,-0.6155500348716111,0.546949066421251,0.8838043007605616,2.501046276496563
Total,tipo_onda_de_calor_e_baixa_umidade,Tipologia | Onda de Calor e Baixa Umidade,Tipologia,3,C_prop,exposição altamente concentrada,beta,9,0.2270647479688389,0.2703871587233782,-0.32872401661806827,0.7828535125557461,-0.44918604856875133,0.9033155445064291,0.40868971285391914,2.501046276496563
Total,tipo_onda_de_calor_e_baixa_umidade,Tipologia | Onda de Calor e Baixa Umidade,Tipologia,3,C_prop,exposição altamente concentrada,beta,10,0.5448967071465279,0.2995144705872691,-0.07076410444513881,1.1605575187381947,-0.20420284427260083,1.2939962585656568,0.08040618402044888,2.501046276496563
Total,tipo_onda_de_calor_e_baixa_umidade,Tipologia | Onda de Calor e Baixa Umidade,Tipologia,3,C_prop,exposição altamente concentrada,beta,11,0.900373150979997,0.3235777938100596,0.2352494701123058,1.5654968318476883,0.09109011461437488,1.7096561873456193,0.009909679923033494,2.501046276496563
Total,tipo_onda_de_calor_e_baixa_umidade,Tipologia | Onda de Calor e Baixa Umidade,Tipologia,3,C_prop,exposição altamente concentrada,beta,12,1.2746718371413561,0.3460496650857627,0.563356563325064,1.9859871109576481,0.4091856107957267,2.1401580634869855,0.0010612524408850008,2.501046276496563
Total,tipo_onda_de_calor_e_baixa_umidade,Tipologia | Onda de Calor e Baixa Umidade,Tipologia,3,C_prop,exposição altamente concentrada,C,0,0.8110474613735112,0.6241599000259652,-0.471931587550253,2.0940265102972755,-0.760279363078459,2.3823742858254815,0.20520340617336524,2.5175068510274414
Total,tipo_onda_de_calor_e_baixa_umidade,Tipologia | Onda de Calor e Baixa Umidade,Tipologia,3,C_prop,exposição altamente concentrada,C,1,1.3250669658803043,1.104639636063839,-0.945552325140667,3.5956862569012755,-1.45587088582687,4.106004817587479,0.24113295371339263,2.5175068510274414
Total,tipo_onda_de_calor_e_baixa_umidade,Tipologia | Onda de Calor e Baixa Umidade,Tipologia,3,C_prop,exposição altamente concentrada,C,2,1.560880755848269,1.4452306308858003,-1.409833351565906,4.531594863262444,-2.077497258721445,5.199258770417982,0.29004958355897686,2.5175068510274414
Total,tipo_onda_de_calor_e_baixa_umidade,Tipologia | Onda de Calor e Baixa Umidade,Tipologia,3,C_prop,exposição altamente concentrada,C,3,1.5561333159331854,1.6533901437278347,-1.8424587980613505,4.954725429927722,-2.606287698322885,5.718554330189256,0.355277102423989,2.5175068510274414
Total,tipo_onda_de_calor_e_baixa_umidade,Tipologia | Onda de Calor e Baixa Umidade,Tipologia,3,C_prop,exposição altamente concentrada,C,4,1.3672913731187237,1.7402107937924733,-2.2097631429657882,4.944345889203236,-3.01370122248573,5.748283968723177,0.4391426956163656,2.5175068510274414
Total,tipo_onda_de_calor_e_baixa_umidade,Tipologia | Onda de Calor e Baixa Umidade,Tipologia,3,C_prop,exposição altamente concentrada,C,5,1.0696438967164439,1.7203768685170642,-2.4666414020806218,4.605929195513509,-3.261416656124401,5.4007044495572885,0.5395205454015536,2.5175068510274414
Total,tipo_onda_de_calor_e_baixa_umidade,Tipologia | Onda de Calor e Baixa Umidade,Tipologia,3,C_prop,exposição altamente concentrada,C,6,0.7573020983657963,1.6121157831511328,-2.5564493524021685,4.071053549133761,-3.301210430366649,4.815814627098242,0.6424449999588829,2.5175068510274414
Total,tipo_onda_de_calor_e_baixa_umidade,Tipologia | Onda de Calor e Baixa Umidade,Tipologia,3,C_prop,exposição altamente concentrada,C,7,0.5369253512581573,1.436016074381913,-2.4148479639982394,3.488698666514554,-3.0782549541838407,4.152105656700155,0.7115110641723279,2.5175068510274414
Total,tipo_onda_de_calor_e_baixa_umidade,Tipologia | Onda de Calor e Baixa Umidade,Tipologia,3,C_prop,exposição altamente concentrada,C,8,0.5026248670329774,1.2106101154851134,-1.985819864065522,2.9910695981314768,-2.5450943926239176,3.5503441266898723,0.6814141609628475,2.5175068510274414
Total,tipo_onda_de_calor_e_baixa_umidade,Tipologia | Onda de Calor e Baixa Umidade,Tipologia,3,C_prop,exposição altamente concentrada,C,9,0.7296896150018162,0.9524557114521318,-1.228111138891583,2.687490368895215,-1.6681241638791415,3.127503393882774,0.45050843691969605,2.5175068510274414
Total,tipo_onda_de_calor_e_baixa_umidade,Tipologia | Onda de Calor e Baixa Umidade,Tipologia,3,C_prop,exposição altamente concentrada,C,10,1.2745863221483442,0.6807532103313688,-0.12472194213842824,2.6738945864351167,-0.4392145487198016,2.9883871930164903,0.07245127847697408,2.5175068510274414
Total,tipo_onda_de_calor_e_baixa_umidade,Tipologia | Onda de Calor e Baixa Umidade,Tipologia,3,C_prop,exposição altamente concentrada,C,11,2.1749594731283413,0.4394502130189127,1.2716566234500846,3.078262322806598,1.0686405511677601,3.2812783950889224,3.841788466998678e-05,2.5175068510274414
Total,tipo_onda_de_calor_e_baixa_umidade,Tipologia | Onda de Calor e Baixa Umidade,Tipologia,3,C_prop,exposição altamente concentrada,C,12,3.449631310269697,0.38074225154101715,2.6670044036919665,4.232258216847428,2.491110083539573,4.408152536999821,1.5876241215141248e-09,2.5175068510274414
Total,tipo_onda_de_frio,Tipologia | Onda de Frio,Tipologia,3,C_prop,exposição altamente concentrada,beta,0,0.0470457773267277,0.017776001046356325,0.010506683874595746,0.08358487077885965,-0.0004551904714657565,0.09454674512492114,0.013622298963393736,2.6721965010195627
Total,tipo_onda_de_frio,Tipologia | Onda de Frio,Tipologia,3,C_prop,exposição altamente concentrada,beta,1,-0.006708555239497252,0.01404019643290981,-0.035568592331672026,0.022151481852677526,-0.044226719021146194,0.030809608542151687,0.6367777157432704,2.6721965010195627
Total,tipo_onda_de_frio,Tipologia | Onda de Frio,Tipologia,3,C_prop,exposição altamente concentrada,beta,2,-0.05822221307204533,0.01350513085966331,-0.0859824071268076,-0.03046201901728306,-0.09431057650104895,-0.022133849643041714,0.00020690592194490636,2.6721965010195627
Total,tipo_onda_de_frio,Tipologia | Onda de Frio,Tipologia,3,C_prop,exposição altamente concentrada,beta,3,-0.10525452143723965,0.01584744380826571,-0.13782940871236854,-0.07267963416211076,-0.1476020053317914,-0.0629070375426879,4.802435620810196e-07,2.6721965010195627
Total,tipo_onda_de_frio,Tipologia | Onda de Frio,Tipologia,3,C_prop,exposição altamente concentrada,beta,4,-0.14556480560140336,0.019188030442137155,-0.18500636704479193,-0.1061232441580148,-0.1968389934103391,-0.09429061779246761,4.717963867969115e-08,2.6721965010195627
Total,tipo_onda_de_frio,Tipologia | Onda de Frio,Tipologia,3,C_prop,exposição altamente concentrada,beta,5,-0.17691239083085952,0.022131993500154417,-0.22240535500627967,-0.13141942665543938,-0.23605342642255986,-0.11777135523915919,1.796021708168063e-08,2.6721965010195627
Total,tipo_onda_de_frio,Tipologia | Onda de Frio,Tipologia,3,C_prop,exposição altamente concentrada,beta,6,-0.19705660239193135,0.023926160734809583,-0.24623753013603367,-0.14787567464782903,-0.2609920053903212,-0.13312119939354153,1.0210495468359745e-08,2.6721965010195627
Total,tipo_onda_de_frio,Tipologia | Onda de Frio,Tipologia,3,C_prop,exposição altamente concentrada,beta,7,-0.20450365712883417,0.024249282750564285,-0.2543487716885939,-0.15465854256907446,-0.2693025056471261,-0.13970480861054224,6.485556803503061e-09,2.6721965010195627
Total,tipo_onda_de_frio,Tipologia | Onda de Frio,Tipologia,3,C_prop,exposição altamente concentrada,beta,8,-0.20074733819735266,0.023380031950581217,-0.24880568214818333,-0.152688994246522,-0.2632233777694214,-0.13827129862528395,4.579384375386777e-09,2.6721965010195627
Total,tipo_onda_de_frio,Tipologia | Onda de Frio,Tipologia,3,C_prop,exposição altamente concentrada,beta,9,-0.18802832033116362,0.021865805848769262,-0.23297412795295835,-0.1430825127093689,-0.24645805021221795,-0.1295985904501093,4.447280540165068e-09,2.6721965010195627
Total,tipo_onda_de_frio,Tipologia | Onda de Frio,Tipologia,3,C_prop,exposição altamente concentrada,beta,10,-0.16858727826394393,0.020420578204149394,-0.21056237791668203,-0.12661217861120583,-0.22315507588986827,-0.11401948063801957,9.755477757950871e-09,2.6721965010195627
Total,tipo_onda_de_frio,Tipologia | Onda de Frio,Tipologia,3,C_prop,exposição altamente concentrada,beta,11,-0.1446648867293705,0.019847050587923534,-0.18546108348308168,-0.10386868997565932,-0.19770010586597803,-0.09162966759276298,9.676996960676721e-08,2.6721965010195627
Total,tipo_onda_de_frio,Tipologia | Onda de Frio,Tipologia,3,C_prop,exposição altamente concentrada,beta,12,-0.1185018204611202,0.020723386376006424,-0.16109935122537206,-0.07590428969686835,-0.17387878102436105,-0.06312485989787936,5.107559960261557e-06,2.6721965010195627
Total,tipo_onda_de_frio,Tipologia | Onda de Frio,Tipologia,3,C_prop,exposição altamente concentrada,C,0,0.0470457773267277,0.017776001046356325,0.010506683874595746,0.08358487077885965,0.00246867565895683,0.09162287899449856,0.013622298963393736,2.507712592473556
Total,tipo_onda_de_frio,Tipologia | Onda de Frio,Tipologia,3,C_prop,exposição altamente concentrada,C,1,0.040337222087230444,0.031192472227186175,-0.023779822839800978,0.10445426701426186,-0.037884533307265995,0.11855897748172689,0.2073243196664002,2.507712592473556
Total,tipo_onda_de_frio,Tipologia | Onda de Frio,Tipologia,3,C_prop,exposição altamente concentrada,C,2,-0.017884990984814886,0.042207813474017065,-0.10464439412140429,0.06887441215177452,-0.12373005633438251,0.08796007436475274,0.6752430939836327,2.507712592473556
Total,tipo_onda_de_frio,Tipologia | Onda de Frio,Tipologia,3,C_prop,exposição altamente concentrada,C,3,-0.12313951242205454,0.053331582107922076,-0.23276414945428792,-0.013514875389821157,-0.25687979245062814,0.010600767606519068,0.02915265432137033,2.507712592473556
Total,tipo_onda_de_frio,Tipologia | Onda de Frio,Tipologia,3,C_prop,exposição altamente concentrada,C,4,-0.2687043180234579,0.06677133278930834,-0.4059547582293014,-0.13145387781761442,-0.4361476300754489,-0.1012610059714669,0.0004388489225784055,2.507712592473556
Total,tipo_onda_de_frio,Tipologia | Onda de Frio,Tipologia,3,C_prop,exposição altamente concentrada,C,5,-0.44561670885431737,0.08349933453742923,-0.6172520491030928,-0.27398136860554195,-0.6550090415369908,-0.23622437617164396,1.384705061150729e-05,2.507712592473556
Total,tipo_onda_de_frio,Tipologia | Onda de Frio,Tipologia,3,C_prop,exposição altamente concentrada,C,6,-0.6426733112462488,0.1030581199073452,-0.8545123106069841,-0.4308343118855136,-0.9011134562945481,-0.38423316619794956,1.3431171852151664e-06,2.507712592473556
Total,tipo_onda_de_frio,Tipologia | Onda de Frio,Tipologia,3,C_prop,exposição altamente concentrada,C,7,-0.8471769683750829,0.12407376334511593,-1.1022142414941778,-0.5921396952559881,-1.1583183071112142,-0.5360356296389518,3.0131570866968934e-07,2.507712592473556
Total,tipo_onda_de_frio,Tipologia | Onda de Frio,Tipologia,3,C_prop,exposição altamente concentrada,C,8,-1.0479243065724355,0.14506094838158082,-1.3461013563682291,-0.7497472567766419,-1.4116954735050822,-0.6841531396397889,1.1338802342633597e-07,2.507712592473556
Total,tipo_onda_de_frio,Tipologia | Onda de Frio,Tipologia,3,C_prop,exposição altamente concentrada,C,9,-1.2359526269035992,0.16486043469048123,-1.5748281036773442,-0.8970771501298542,-1.6493752149775833,-0.8225300388296151,5.847018992621305e-08,2.507712592473556
Total,tipo_onda_de_frio,Tipologia | Onda de Frio,Tipologia,3,C_prop,exposição altamente concentrada,C,10,-1.4045399051675431,0.18277729829999867,-1.7802440225388003,-1.028835787796286,-1.8628928377327454,-0.946186972602341,3.7304495512442284e-08,2.507712592473556
Total,tipo_onda_de_frio,Tipologia | Onda de Frio,Tipologia,3,C_prop,exposição altamente concentrada,C,11,-1.5492047918969136,0.19862179557585827,-1.9574777398591972,-1.14093184393463,-2.047291169802202,-1.0511184139916254,2.835726975724985e-08,2.507712592473556
Total,tipo_onda_de_frio,Tipologia | Onda de Frio,Tipologia,3,C_prop,exposição altamente concentrada,C,12,-1.6677066123580337,0.21271076440472375,-2.1049398505081722,-1.2304733742078955,-2.2011240748104353,-1.1342891499056322,2.5765686084814223e-08,2.507712592473556
Total,tipo_outros,Tipologia | Outros,Tipologia,3,C_prop,estimável,beta,0,0.029294971680347805,0.021998642551369064,-0.015923885694173075,0.07451382905486868,-0.03093635410250915,0.08952629746320476,0.19452575547561235,2.73795647355107
Total,tipo_outros,Tipologia | Outros,Tipologia,3,C_prop,estimável,beta,1,0.0206914491771308,0.015496472542950137,-0.011162006330024194,0.0525449046842858,-0.02173721813904594,0.06312011649330754,0.19337258365162607,2.73795647355107
Total,tipo_outros,Tipologia | Outros,Tipologia,3,C_prop,estimável,beta,2,0.01246040357669066,0.012656262578955493,-0.01355491673754653,0.03847572389092785,-0.022191892482322687,0.04711269963570401,0.33393127511511456,2.73795647355107
Total,tipo_outros,Tipologia | Outros,Tipologia,3,C_prop,estimável,beta,3,0.00497431178180426,0.014351723965029326,-0.024526079323589946,0.03447470288719846,-0.03432008375486581,0.044268707318474335,0.7316811154844061,2.73795647355107
Total,tipo_outros,Tipologia | Outros,Tipologia,3,C_prop,estimável,beta,4,-0.0013943493047515354,0.017704893551384698,-0.03778727920766115,0.03499858059815809,-0.04986957721729786,0.04708087860779479,0.9378304862771457,2.73795647355107
Total,tipo_outros,Tipologia | Outros,Tipologia,3,C_prop,estimável,beta,5,-0.006273102780199857,0.020261475478464998,-0.04792116209652536,0.03537495653612564,-0.061748140730159363,0.049201935169759646,0.7593273261012321,2.73795647355107
Total,tipo_outros,Tipologia | Outros,Tipologia,3,C_prop,estimável,beta,6,-0.009289471741763837,0.021023741781698482,-0.052504391884471244,0.03392544840094357,-0.0668515616512313,0.048272618167703625,0.6622466286559405,2.73795647355107
Total,tipo_outros,Tipologia | Outros,Tipologia,3,C_prop,estimável,beta,7,-0.010195138254258895,0.02015459560830455,-0.05162350285107127,0.031233226342553478,-0.0653775437718203,0.044987267263302516,0.6172262916195489,2.73795647355107
Total,tipo_outros,Tipologia | Outros,Tipologia,3,C_prop,estimável,beta,8,-0.00923842025286961,0.01958351770979193,-0.049492917417530986,0.031016076911791764,-0.06285723934129644,0.04438039883555722,0.6410440297583618,2.73795647355107
Total,tipo_outros,Tipologia | Outros,Tipologia,3,C_prop,estimável,beta,9,-0.006791794640372852,0.022121416757253997,-0.052263018009396214,0.03867942872865052,-0.06735927085501756,0.053775681574271844,0.7612711001603143,2.73795647355107
Total,tipo_outros,Tipologia | Outros,Tipologia,3,C_prop,estimável,beta,10,-0.0032277383195454877,0.028914462347586174,-0.0626622668775398,0.05620679023844882,-0.08239427768336771,0.07593880104427675,0.9119736604362646,2.73795647355107
Total,tipo_outros,Tipologia | Outros,Tipologia,3,C_prop,estimável,beta,11,0.0010812718068356122,0.03882940704902919,-0.078733717467491,0.08089626108116221,-0.1052319545872034,0.10739449820087461,0.977997044618638,2.73795647355107
Total,tipo_outros,Tipologia | Outros,Tipologia,3,C_prop,estimável,beta,12,0.005762758835993581,0.05042297584484149,-0.09788315239705661,0.10940867006904378,-0.1322931542940994,0.14381867196608658,0.9098872220734389,2.73795647355107
Total,tipo_outros,Tipologia | Outros,Tipologia,3,C_prop,estimável,C,0,0.029294971680347805,0.021998642551369064,-0.015923885694173075,0.07451382905486868,-0.02739189563012021,0.08598183899081582,0.19452575547561235,2.576834783241667
Total,tipo_outros,Tipologia | Outros,Tipologia,3,C_prop,estimável,C,1,0.049986420857478606,0.036953255401112856,-0.02597208347319764,0.12594492518815487,-0.045236013014122,0.1452088547290792,0.18780118295988613,2.576834783241667
Total,tipo_outros,Tipologia | Outros,Tipologia,3,C_prop,estimável,C,2,0.06244682443416927,0.04676639316001456,-0.03368287344538738,0.15857652231372593,-0.05806244414731143,0.18295609301564997,0.19335429930612535,2.576834783241667
Total,tipo_outros,Tipologia | Outros,Tipologia,3,C_prop,estimável,C,3,0.06742113621597352,0.05440196949472133,-0.04440371360057774,0.17924598603252478,-0.0727637510548765,0.20760602348682355,0.2263000060503671,2.576834783241667
Total,tipo_outros,Tipologia | Outros,Tipologia,3,C_prop,estimável,C,4,0.06602678691122199,0.06315294955764399,-0.06378596004164366,0.19583953386408764,-0.09670793017322146,0.22876150399566544,0.30541245204298795,2.576834783241667
Total,tipo_outros,Tipologia | Outros,Tipologia,3,C_prop,estimável,C,5,0.05975368413102214,0.07501426267302125,-0.0944403411114623,0.21394770937350657,-0.13354567716404603,0.2530530454260903,0.4329179445485645,2.576834783241667
Total,tipo_outros,Tipologia | Outros,Tipologia,3,C_prop,estimável,C,6,0.0504642123892583,0.08964638349615618,-0.13380656795495938,0.23473499273347598,-0.18053970679545867,0.28146813157397527,0.578308222618536,2.576834783241667
Total,tipo_outros,Tipologia | Outros,Tipologia,3,C_prop,estimável,C,7,0.0402690741349994,0.10516923576019217,-0.17590938600964845,0.2564475342796472,-0.23073467069880715,0.311272818968806,0.7049081053933878,2.576834783241667
Total,tipo_outros,Tipologia | Outros,Tipologia,3,C_prop,estimável,C,8,0.03103065388212979,0.11997210216914818,-0.21557553394242485,0.2776368417066844,-0.2781176320059543,0.34017893977021385,0.797942800252473,2.576834783241667
Total,tipo_outros,Tipologia | Outros,Tipologia,3,C_prop,estimável,C,9,0.02423885924175694,0.13394713914920353,-0.25109342850142424,0.29957114698493814,-0.32092078803362234,0.36939850651713624,0.857803463084703,2.576834783241667
Total,tipo_outros,Tipologia | Outros,Tipologia,3,C_prop,estimável,C,10,0.02101112092221145,0.1490615425753005,-0.28538926801083675,0.3274115098552597,-0.3630958468294815,0.4051180886739044,0.8889911162849448,2.576834783241667
Total,tipo_outros,Tipologia | Outros,Tipologia,3,C_prop,estimável,C,11,0.02209239272904706,0.16931083077973877,-0.32593100421978793,0.37011578967788206,-0.41419364520372765,0.45837843066182177,0.8971876796424425,2.576834783241667
Total,tipo_outros,Tipologia | Outros,Tipologia,3,C_prop,estimável,C,12,0.02785515156504064,0.19955977910759706,-0.38234584915969416,0.43805615228977546,-0.48637742857543914,0.5420877317055204,0.8900651224531153,2.576834783241667
Total,tipo_rompimento_colapso_de_barragens,Tipologia | Rompimento/Colapso de barragens,Tipologia,3,C_prop,exposição altamente concentrada,beta,0,3.7993078214786222,1.2341695092953957,1.2624360628465068,6.336179580110738,0.41094985711956866,7.187665785837676,0.004860964600922482,2.7454559028066683
Total,tipo_rompimento_colapso_de_barragens,Tipologia | Rompimento/Colapso de barragens,Tipologia,3,C_prop,exposição altamente concentrada,beta,1,2.431388958288111,0.9216140231352771,0.536984202667455,4.325793713908768,-0.09886170163803643,4.961639618214258,0.013889973495686655,2.7454559028066683
Total,tipo_rompimento_colapso_de_barragens,Tipologia | Rompimento/Colapso de barragens,Tipologia,3,C_prop,exposição altamente concentrada,beta,2,1.1500963087568083,0.6753311155302716,-0.23806668004719644,2.5382592975608134,-0.7039954887247879,3.004188106238405,0.10049313273025683,2.7454559028066683
Total,tipo_rompimento_colapso_de_barragens,Tipologia | Rompimento/Colapso de barragens,Tipologia,3,C_prop,exposição altamente concentrada,beta,3,0.042056086543920346,0.5471854977843185,-1.0826998125502012,1.166811985638042,-1.460217568278242,1.5443297413660826,0.939324181731677,2.7454559028066683
Total,tipo_rompimento_colapso_de_barragens,Tipologia | Rompimento/Colapso de barragens,Tipologia,3,C_prop,exposição altamente concentrada,beta,4,-0.806105494691345,0.5453355009464498,-1.9270586708238313,0.3148476814411413,-2.303300064774807,0.691089075392117,0.15137208415131298,2.7454559028066683
Total,tipo_rompimento_colapso_de_barragens,Tipologia | Rompimento/Colapso de barragens,Tipologia,3,C_prop,exposição altamente concentrada,beta,5,-1.30776222128978,0.5922585903470985,-2.525167189037371,-0.09035725354218904,-2.933782064146178,0.3182576215666182,0.036260514877969184,2.7454559028066683
Total,tipo_rompimento_colapso_de_barragens,Tipologia | Rompimento/Colapso de barragens,Tipologia,3,C_prop,exposição altamente concentrada,beta,6,-1.3762878795921771,0.6101950242855101,-2.630561715324446,-0.122014043859908,-3.051551410880089,0.2989756516957349,0.03274489286467478,2.7454559028066683
Total,tipo_rompimento_colapso_de_barragens,Tipologia | Rompimento/Colapso de barragens,Tipologia,3,C_prop,exposição altamente concentrada,beta,7,-0.9539316604923979,0.5744954049477546,-2.134823877727566,0.2269605567427705,-2.5311834611415183,0.6233201401567224,0.10883447277223339,2.7454559028066683
Total,tipo_rompimento_colapso_de_barragens,Tipologia | Rompimento/Colapso de barragens,Tipologia,3,C_prop,exposição altamente concentrada,beta,8,-0.09844437309658102,0.5355686398239604,-1.1993214786686537,1.0024327324754918,-1.5688244566594116,1.3719357104662497,0.8555863650014479,2.7454559028066683
Total,tipo_rompimento_colapso_de_barragens,Tipologia | Rompimento/Colapso de barragens,Tipologia,3,C_prop,exposição altamente concentrada,beta,9,1.1035477689360662,0.5946257241499935,-0.11872291202858198,2.3258184499007144,-0.528970935392223,2.7360664732643554,0.07484150641132425,2.7454559028066683
Total,tipo_rompimento_colapso_de_barragens,Tipologia | Rompimento/Colapso de barragens,Tipologia,3,C_prop,exposição altamente concentrada,beta,10,2.565418551946336,0.8033036286983131,0.9142042949883091,4.216632808904363,0.35998386279053607,4.770853241102136,0.00366047410879049,2.7454559028066683
Total,tipo_rompimento_colapso_de_barragens,Tipologia | Rompimento/Colapso de barragens,Tipologia,3,C_prop,exposição altamente concentrada,beta,11,4.200541762275021,1.1188715440303267,1.9006683654608785,6.5004151590891635,1.1287292772345494,7.2723542473154925,0.0008844545597241423,2.7454559028066683
Total,tipo_rompimento_colapso_de_barragens,Tipologia | Rompimento/Colapso de barragens,Tipologia,3,C_prop,exposição altamente concentrada,beta,12,5.922291186262914,1.489017031764234,2.8615728428309004,8.983009529694927,1.834260587026134,10.010321785499695,0.0004959813461368809,2.7454559028066683
Total,tipo_rompimento_colapso_de_barragens,Tipologia | Rompimento/Colapso de barragens,Tipologia,3,C_prop,exposição altamente concentrada,C,0,3.7993078214786222,1.2341695092953957,1.2624360628465068,6.336179580110738,0.6858774817213642,6.912738161235881,0.004860964600922482,2.522692641738296
Total,tipo_rompimento_colapso_de_barragens,Tipologia | Rompimento/Colapso de barragens,Tipologia,3,C_prop,exposição altamente concentrada,C,1,6.230696779766733,2.146684069771743,1.818124478885223,10.643269080648242,0.8152726728167377,11.646120886716728,0.007447728376627127,2.522692641738296
Total,tipo_rompimento_colapso_de_barragens,Tipologia | Rompimento/Colapso de barragens,Tipologia,3,C_prop,exposição altamente concentrada,C,2,7.380793088523542,2.7759227981079166,1.6748020576128217,13.086784119434263,0.377993071703119,14.383593105343966,0.013240074350278195,2.522692641738296
Total,tipo_rompimento_colapso_de_barragens,Tipologia | Rompimento/Colapso de barragens,Tipologia,3,C_prop,exposição altamente concentrada,C,3,7.422849175067462,3.1810942360597028,0.884016325749581,13.961682024385343,-0.6020738469164559,15.44777219705138,0.027630188340791874,2.522692641738296
Total,tipo_rompimento_colapso_de_barragens,Tipologia | Rompimento/Colapso de barragens,Tipologia,3,C_prop,exposição altamente concentrada,C,4,6.616743680376117,3.435911296301523,-0.44587313773726045,13.679360498489494,-2.0510044644692256,15.284491825221458,0.06513616542835533,2.522692641738296
Total,tipo_rompimento_colapso_de_barragens,Tipologia | Rompimento/Colapso de barragens,Tipologia,3,C_prop,exposição altamente concentrada,C,5,5.308981459086337,3.613862456773761,-2.119419208018388,12.737382126191061,-3.8076827688711115,14.425645687043787,0.1538131176673906,2.522692641738296
Total,tipo_rompimento_colapso_de_barragens,Tipologia | Rompimento/Colapso de barragens,Tipologia,3,C_prop,exposição altamente concentrada,C,6,3.93269357949416,3.765651358026164,-3.8077136425941345,11.673100801582455,-5.566887392750266,13.432274551738585,0.30593240559879015,2.522692641738296
Total,tipo_rompimento_colapso_de_barragens,Tipologia | Rompimento/Colapso de barragens,Tipologia,3,C_prop,exposição altamente concentrada,C,7,2.9787619190017622,3.9015370331760653,-5.040962308647018,10.998486146650542,-6.86361684606096,12.821140684064485,0.4520474513592342,2.522692641738296
Total,tipo_rompimento_colapso_de_barragens,Tipologia | Rompimento/Colapso de barragens,Tipologia,3,C_prop,exposição altamente concentrada,C,8,2.8803175459051813,4.003917094345622,-5.349851911407682,11.110487003218044,-7.220334646130699,12.980969737941063,0.47832666385185063,2.522692641738296
Total,tipo_rompimento_colapso_de_barragens,Tipologia | Rompimento/Colapso de barragens,Tipologia,3,C_prop,exposição altamente concentrada,C,9,3.9838653148412475,4.069836345223212,-4.381803103223785,12.34953373290628,-6.28308088633243,14.250811516014926,0.3366622784631271,2.522692641738296
Total,tipo_rompimento_colapso_de_barragens,Tipologia | Rompimento/Colapso de barragens,Tipologia,3,C_prop,exposição altamente concentrada,C,10,6.549283866787583,4.157027209737695,-1.9956079400676927,15.094175673642859,-3.93761808672358,17.036185820298748,0.12723843053206574,2.522692641738296
Total,tipo_rompimento_colapso_de_barragens,Tipologia | Rompimento/Colapso de barragens,Tipologia,3,C_prop,exposição altamente concentrada,C,11,10.749825629062604,4.415334856734608,1.6739748495786024,19.825676408546606,-0.3887071248324059,21.888358382957612,0.022076206054681007,2.522692641738296
Total,tipo_rompimento_colapso_de_barragens,Tipologia | Rompimento/Colapso de barragens,Tipologia,3,C_prop,exposição altamente concentrada,C,12,16.672116815325516,5.056536588551624,6.278256999982846,27.06597663066819,3.916029170705869,29.428204459945164,0.0028287408666660507,2.522692641738296
Total,tipo_tornado,Tipologia | Tornado,Tipologia,3,C_prop,estimável com ressalvas,beta,0,1.0276563262770648,0.4694385092872249,0.06271165080454799,1.9926010017495817,-0.2457799173136621,2.3010925698677918,0.03776100951819733,2.7126795488598865
Total,tipo_tornado,Tipologia | Tornado,Tipologia,3,C_prop,estimável com ressalvas,beta,1,0.9448298787712331,0.43070516203952447,0.05950273882354151,1.8301570187189249,-0.22353520588176845,2.1131949634242346,0.03739514284046709,2.7126795488598865
Total,tipo_tornado,Tipologia | Tornado,Tipologia,3,C_prop,estimável com ressalvas,beta,2,0.8607193673104059,0.42623526237424814,-0.015419762287530281,1.736858496908342,-0.29552031193514483,2.0169590465559564,0.05387071838790641,2.7126795488598865
Total,tipo_tornado,Tipologia | Tornado,Tipologia,3,C_prop,estimável com ressalvas,beta,3,0.7740407279395878,0.4443109184932094,-0.13925344493365854,1.687334900812834,-0.43123241399209333,1.979313869871269,0.09330799439694648,2.7126795488598865
Total,tipo_tornado,Tipologia | Tornado,Tipologia,3,C_prop,estimável com ressalvas,beta,4,0.6835098967037829,0.4646494966489869,-0.27159082230880294,1.638610615716369,-0.5769352902439642,1.94395508365153,0.15328535874303142,2.7126795488598865
Total,tipo_tornado,Tipologia | Tornado,Tipologia,3,C_prop,estimável com ressalvas,beta,5,0.5878428096479961,0.46835266966780487,-0.37486989052115804,1.5505555098171502,-0.6826478990137882,1.8583335183097804,0.22059661430068073,2.7126795488598865
Total,tipo_tornado,Tipologia | Tornado,Tipologia,3,C_prop,estimável com ressalvas,beta,6,0.4857554028172316,0.44176295363865714,-0.4223013532888551,1.3938121589233183,-0.7126059269622919,1.6841167325967552,0.2815910177626671,2.7126795488598865
Total,tipo_tornado,Tipologia | Tornado,Tipologia,3,C_prop,estimável com ressalvas,beta,7,0.3763916335748259,0.3813298389927585,-0.4074430763077363,1.160226343457388,-0.6580340220308634,1.410817289180515,0.33271525618046494,2.7126795488598865
Total,tipo_tornado,Tipologia | Tornado,Tipologia,3,C_prop,estimável com ressalvas,beta,8,0.26060754455744267,0.3085103170377249,-0.37354449423864694,0.8947595833535322,-0.5762820830830735,1.097497172197959,0.40596852693112395,2.7126795488598865
Total,tipo_tornado,Tipologia | Tornado,Tipologia,3,C_prop,estimável com ressalvas,beta,9,0.13968719972007726,0.2790727865635822,-0.43395512858546537,0.7133295280256199,-0.6173478410342923,0.8967222404744468,0.6209054407709776,2.7126795488598865
Total,tipo_tornado,Tipologia | Tornado,Tipologia,3,C_prop,estimável com ressalvas,beta,10,0.014914663017725392,0.3538009304754053,-0.7123335649937108,0.7421628910291616,-0.9448338854505051,0.9746632114859558,0.9666967898938198,2.7126795488598865
Total,tipo_tornado,Tipologia | Tornado,Tipologia,3,C_prop,estimável com ressalvas,beta,11,-0.11242600159461755,0.5106947721642965,-1.162174139939344,0.9373221367501089,-1.4977772657543638,1.2729252625651288,0.827479001990237,2.7126795488598865
Total,tipo_tornado,Tipologia | Tornado,Tipologia,3,C_prop,estimável com ressalvas,beta,12,-0.241050730161956,0.7044521165368082,-1.6890727938176453,1.2069713334937333,-2.152003579842417,1.6699021195185049,0.7349647112322258,2.7126795488598865
Total,tipo_tornado,Tipologia | Tornado,Tipologia,3,C_prop,estimável com ressalvas,C,0,1.0276563262770648,0.4694385092872249,0.06271165080454799,1.9926010017495817,-0.11763390895445536,2.172946561508585,0.03776100951819733,2.4397023520087417
Total,tipo_tornado,Tipologia | Tornado,Tipologia,3,C_prop,estimável com ressalvas,C,1,1.9724862050482979,0.8913433791873164,0.14030364918935145,3.8046687609072443,-0.20212633360241794,4.147098743699013,0.03588625220478313,2.4397023520087417
Total,tipo_tornado,Tipologia | Tornado,Tipologia,3,C_prop,estimável com ressalvas,C,2,2.833205572358704,1.290606332332296,0.18032626255076156,5.486084882166646,-0.3154897321497745,5.981900876867183,0.03726998809573539,2.4397023520087417
Total,tipo_tornado,Tipologia | Tornado,Tipologia,3,C_prop,estimável com ressalvas,C,3,3.607246300298292,1.6880283542612646,0.13745432485038123,7.077038275746203,-0.5110404458503606,7.7255330464469445,0.0421775627063671,2.4397023520087417
Total,tipo_tornado,Tipologia | Tornado,Tipologia,3,C_prop,estimável com ressalvas,C,4,4.290756197002075,2.0928960686284848,-0.01125328408371118,8.592765678087861,-0.8152872641406885,9.39679965814484,0.05055923853465539,2.4397023520087417
Total,tipo_tornado,Tipologia | Tornado,Tipologia,3,C_prop,estimável com ressalvas,C,5,4.87859900665007,2.498824172280715,-0.25780764146535073,10.015005654765492,-1.2177882037194872,10.974986217019627,0.06174199915903951,2.4397023520087417
Total,tipo_tornado,Tipologia | Tornado,Tipologia,3,C_prop,estimável com ressalvas,C,6,5.364354409467302,2.883855041008702,-0.5634945241047351,11.29220334303934,-1.671393516933894,12.4001023358685,0.07421546658136696,2.4397023520087417
Total,tipo_tornado,Tipologia | Tornado,Tipologia,3,C_prop,estimável com ressalvas,C,7,5.740746043042128,3.2156649231219676,-0.8691478712463496,12.350639957330605,-2.1045192331705467,13.586011319254801,0.08589395414732544,2.4397023520087417
Total,tipo_tornado,Tipologia | Tornado,Tipologia,3,C_prop,estimável com ressalvas,C,8,6.001353587599571,3.4648807943477813,-1.120810886570598,13.12351806176974,-2.451924235800629,14.45463141099977,0.0951140759295224,2.4397023520087417
Total,tipo_tornado,Tipologia | Tornado,Tipologia,3,C_prop,estimável com ressalvas,C,9,6.141040787319648,3.614434202378587,-1.2885351197072108,13.570616694346507,-2.677102837404231,14.959184412043527,0.10124968435943976,2.4397023520087417
Total,tipo_tornado,Tipologia | Tornado,Tipologia,3,C_prop,estimável com ressalvas,C,10,6.155955450337373,3.6670353650425915,-1.3817436950521893,13.693654595726937,-2.790519354656272,15.102430255331019,0.10518578458863265,2.4397023520087417
Total,tipo_tornado,Tipologia | Tornado,Tipologia,3,C_prop,estimável com ressalvas,C,11,6.043529448742756,3.654533115903297,-1.468470955491739,13.555529852977251,-2.872443589620353,14.959502487105865,0.11021212248855748,2.4397023520087417
Total,tipo_tornado,Tipologia | Tornado,Tipologia,3,C_prop,estimável com ressalvas,C,12,5.8024787185808,3.648949900010316,-1.6980452210233743,13.303002658184974,-3.099872934836431,14.704830371998032,0.12388209318134544,2.4397023520087417
Total,tipo_vendavais_e_ciclones,Tipologia | Vendavais e Ciclones,Tipologia,3,C_prop,estimável com ressalvas,beta,0,0.04840846702493072,0.03183489557073066,-0.017029097996827766,0.11384603204668921,-0.037916879418304184,0.13473381346816563,0.14042696864669446,2.7116579117226114
Total,tipo_vendavais_e_ciclones,Tipologia | Vendavais e Ciclones,Tipologia,3,C_prop,estimável com ressalvas,beta,1,0.03126459676325632,0.02498870610167152,-0.020100424262324293,0.08262961778883693,-0.03649622584105235,0.09902541936756498,0.22202142982119513,2.7116579117226114
Total,tipo_vendavais_e_ciclones,Tipologia | Vendavais e Ciclones,Tipologia,3,C_prop,estimável com ressalvas,beta,2,0.01505144143260129,0.021337829001391768,-0.028809094236487153,0.05891197710168973,-0.04280945139800689,0.07291233426320946,0.4868411940314192,2.7116579117226114
Total,tipo_vendavais_e_ciclones,Tipologia | Vendavais e Ciclones,Tipologia,3,C_prop,estimável com ressalvas,beta,3,0.0006997159639850281,0.021553834516746105,-0.043604825400823485,0.04500425732879354,-0.05774690993130946,0.059146341859279514,0.9743502457297675,2.7116579117226114
Total,tipo_vendavais_e_ciclones,Tipologia | Vendavais e Ciclones,Tipologia,3,C_prop,estimável com ressalvas,beta,4,-0.010859864711573096,0.02409603912836595,-0.060389982494619875,0.03867025307147368,-0.07620007985518423,0.05448035043203805,0.6559484888627357,2.7116579117226114
Total,tipo_vendavais_e_ciclones,Tipologia | Vendavais e Ciclones,Tipologia,3,C_prop,estimável com ressalvas,beta,5,-0.018696585663053693,0.02673528002699456,-0.07365174080890186,0.03625856948279446,-0.091193519270373,0.05380034794426561,0.4905599956331672,2.7116579117226114
Total,tipo_vendavais_e_ciclones,Tipologia | Vendavais e Ciclones,Tipologia,3,C_prop,estimável com ressalvas,beta,6,-0.021879731959437397,0.027920350782631515,-0.07927083493037207,0.035511371011497275,-0.09759017205723075,0.05383070813835595,0.44032743308777433,2.7116579117226114
Total,tipo_vendavais_e_ciclones,Tipologia | Vendavais e Ciclones,Tipologia,3,C_prop,estimável com ressalvas,beta,7,-0.019788826980044607,0.026847484245262735,-0.07497462119968291,0.035396967239593694,-0.09259002004355947,0.05301236608347025,0.46767165388496584,2.7116579117226114
Total,tipo_vendavais_e_ciclones,Tipologia | Vendavais e Ciclones,Tipologia,3,C_prop,estimável com ressalvas,beta,8,-0.013044347345554916,0.023716389883224633,-0.06179408492885517,0.03570539023774534,-0.0773550836098991,0.05126638891878926,0.5870041293315427,2.7116579117226114
Total,tipo_vendavais_e_ciclones,Tipologia | Vendavais e Ciclones,Tipologia,3,C_prop,estimável com ressalvas,beta,9,-0.002577007986987707,0.019208369724169696,-0.04206037742335501,0.036906361449379595,-0.05466353572082554,0.049509519746850125,0.8943086420736538,2.7116579117226114
Total,tipo_vendavais_e_ciclones,Tipologia | Vendavais e Ciclones,Tipologia,3,C_prop,estimável com ressalvas,beta,10,0.010682476164637647,0.014613105690372115,-0.019355192771921926,0.04072014510119722,-0.02894326749549861,0.0503082198247739,0.47130392125107806,2.7116579117226114
Total,tipo_vendavais_e_ciclones,Tipologia | Vendavais e Ciclones,Tipologia,3,C_prop,estimável com ressalvas,beta,11,0.02580339017830176,0.012653756446048782,-0.00020677870596853484,0.051813559062572054,-0.00850926860163741,0.060116048958240936,0.05171682845705823,2.7116579117226114
Total,tipo_vendavais_e_ciclones,Tipologia | Vendavais e Ciclones,Tipologia,3,C_prop,estimável com ressalvas,beta,12,0.041855019122985254,0.015817107367942333,0.009342489294004691,0.07436754895196582,-0.001035565211861586,0.0847456034578321,0.013635017462197504,2.7116579117226114
Total,tipo_vendavais_e_ciclones,Tipologia | Vendavais e Ciclones,Tipologia,3,C_prop,estimável com ressalvas,C,0,0.04840846702493072,0.03183489557073066,-0.017029097996827766,0.11384603204668921,-0.03025670152644304,0.12707363557630447,0.14042696864669446,2.471035859897695
Total,tipo_vendavais_e_ciclones,Tipologia | Vendavais e Ciclones,Tipologia,3,C_prop,estimável com ressalvas,C,1,0.07967306378818703,0.05625005923102286,-0.03595058888658577,0.19529671646295982,-0.0593228496930398,0.21866897726941387,0.16852615836683282,2.471035859897695
Total,tipo_vendavais_e_ciclones,Tipologia | Vendavais e Ciclones,Tipologia,3,C_prop,estimável com ressalvas,C,2,0.09472450522078832,0.07509688878625788,-0.059639360429854654,0.2490883708714313,-0.09084259993680399,0.28029161037838063,0.21837807211013355,2.471035859897695
Total,tipo_vendavais_e_ciclones,Tipologia | Vendavais e Ciclones,Tipologia,3,C_prop,estimável com ressalvas,C,3,0.09542422118477335,0.09084253393158419,-0.09130528159251207,0.2821537239620588,-0.12905093776414434,0.319899380133691,0.3031840022635868,2.471035859897695
Total,tipo_vendavais_e_ciclones,Tipologia | Vendavais e Ciclones,Tipologia,3,C_prop,estimável com ressalvas,C,4,0.08456435647320026,0.10603798872544819,-0.1333998509664396,0.3025285639128401,-0.17745931617880967,0.3465880291252102,0.4323892075743186,2.471035859897695
Total,tipo_vendavais_e_ciclones,Tipologia | Vendavais e Ciclones,Tipologia,3,C_prop,estimável com ressalvas,C,5,0.06586777081014657,0.12245571626553357,-0.18584355890375664,0.31757910052404975,-0.23672469533144436,0.36846023695173746,0.5952274385941086,2.471035859897695
Total,tipo_vendavais_e_ciclones,Tipologia | Vendavais e Ciclones,Tipologia,3,C_prop,estimável com ressalvas,C,6,0.04398803885070917,0.14034775090212628,-0.2445008947759283,0.33247697247734664,-0.3028162864844339,0.3907923641858523,0.7564608771432391,2.471035859897695
Total,tipo_vendavais_e_ciclones,Tipologia | Vendavais e Ciclones,Tipologia,3,C_prop,estimável com ressalvas,C,7,0.024199211870664563,0.15838524393272913,-0.30136631967969274,0.3497647434210218,-0.36717640556575293,0.415574829307082,0.8797457830992939,2.471035859897695
Total,tipo_vendavais_e_ciclones,Tipologia | Vendavais e Ciclones,Tipologia,3,C_prop,estimável com ressalvas,C,8,0.011154864525109647,0.17451330323561248,-0.3475623677105024,0.36987209676072175,-0.42007376579928923,0.44238349484950856,0.9495229538690942,2.471035859897695
Total,tipo_vendavais_e_ciclones,Tipologia | Vendavais e Ciclones,Tipologia,3,C_prop,estimável com ressalvas,C,9,0.008577856538121941,0.1867346550228353,-0.3752607240761373,0.39241643715238117,-0.45285017230892927,0.4700058853851731,0.9637122156135938,2.471035859897695
Total,tipo_vendavais_e_ciclones,Tipologia | Vendavais e Ciclones,Tipologia,3,C_prop,estimável com ressalvas,C,10,0.019260332702759588,0.19348961127258468,-0.37846325933960423,0.41698392474512336,-0.45885943526946243,0.49738010067498156,0.9214715336283259,2.471035859897695
Total,tipo_vendavais_e_ciclones,Tipologia | Vendavais e Ciclones,Tipologia,3,C_prop,estimável com ressalvas,C,11,0.04506372288106135,0.19383160448766162,-0.3533628462827092,0.4434902920448319,-0.43390112258945746,0.5240285683515802,0.8179785750322689,2.471035859897695
Total,tipo_vendavais_e_ciclones,Tipologia | Vendavais e Ciclones,Tipologia,3,C_prop,estimável com ressalvas,C,12,0.0869187420040466,0.18755433511525746,-0.29860471517045595,0.4724421991785491,-0.37653474574502405,0.5503722297531173,0.6469106950491065,2.471035859897695
Total,analitica_Clima/hidrometeorologia,Clima/hidrometeorologia,Analítica,3,C_prop,estimável,beta,0,0.028303947904376205,0.008838678514036814,0.010135784020073285,0.046472111788679125,0.004505630868298138,0.05210226494045427,0.003582417328057239,2.6925198148437763
Total,analitica_Clima/hidrometeorologia,Clima/hidrometeorologia,Analítica,3,C_prop,estimável,beta,1,0.02006849063447663,0.00802293465396132,0.0035771122689510597,0.0365598690000022,-0.001533419894511022,0.04167040116346428,0.018997601306134666,2.6925198148437763
Total,analitica_Clima/hidrometeorologia,Clima/hidrometeorologia,Analítica,3,C_prop,estimável,beta,2,0.012225795016432,0.007600009721609101,-0.003396248700307537,0.027847838733171537,-0.008237381752005838,0.03268897178486983,0.11976865193697142,2.6925198148437763
Total,analitica_Clima/hidrometeorologia,Clima/hidrometeorologia,Analítica,3,C_prop,estimável,beta,3,0.0051686227020972695,0.007507123881010672,-0.010262491434859106,0.020599736839053646,-0.015044457100010875,0.025381702504205416,0.49723852132030194,2.6925198148437763
Total,analitica_Clima/hidrometeorologia,Clima/hidrometeorologia,Analítica,3,C_prop,estimável,beta,4,-0.0007102646566726099,0.007566652777491579,-0.016263742192795416,0.014843212879450195,-0.021083627192111383,0.01966309787876616,0.9259338537110291,2.6925198148437763
Total,analitica_Clima/hidrometeorologia,Clima/hidrometeorologia,Analítica,3,C_prop,estimável,beta,5,-0.005018105408022691,0.007564597062031972,-0.0205673573605008,0.010531146544455416,-0.02538593288885279,0.015349722072807409,0.5129347286764745,2.6925198148437763
Total,analitica_Clima/hidrometeorologia,Clima/hidrometeorologia,Analítica,3,C_prop,estimável,beta,6,-0.007362137900098023,0.00732104908028667,-0.02241076980637661,0.007686494006180562,-0.02707420761421369,0.012349931814017641,0.3238698197653869,2.6925198148437763
Total,analitica_Clima/hidrometeorologia,Clima/hidrometeorologia,Analítica,3,C_prop,estimável,beta,7,-0.007480521031661975,0.006765551606997723,-0.021387311528503393,0.0064262694651794445,-0.025696902791851498,0.010735860728527547,0.2789924724442511,2.6925198148437763
Total,analitica_Clima/hidrometeorologia,Clima/hidrometeorologia,Analítica,3,C_prop,estimável,beta,8,-0.005635095903951177,0.006069781969819156,-0.01811171142905818,0.006841519621155828,-0.021978104129470745,0.01070791232156839,0.3617470536992662,2.6925198148437763
Total,analitica_Clima/hidrometeorologia,Clima/hidrometeorologia,Analítica,3,C_prop,estimável,beta,9,-0.0022186241688205805,0.0056016673479728435,-0.013733016308063315,0.009295767970422152,-0.017301224499400848,0.012863976161759688,0.6952887664555987,2.6925198148437763
Total,analitica_Clima/hidrometeorologia,Clima/hidrometeorologia,Analítica,3,C_prop,estimável,beta,10,0.0023761325218748654,0.005820814590110139,-0.009588723224978477,0.014340988268728209,-0.01329652610052844,0.01804879114427817,0.6864596492297712,2.6925198148437763
Total,analitica_Clima/hidrometeorologia,Clima/hidrometeorologia,Analítica,3,C_prop,estimável,beta,11,0.00775641251628021,0.006920322451742678,-0.00646851400817809,0.021981339040738512,-0.010876692810145212,0.026389517842705632,0.27261209698536204,2.6925198148437763
Total,analitica_Clima/hidrometeorologia,Clima/hidrometeorologia,Analítica,3,C_prop,estimável,beta,12,0.013529454162540505,0.00868037723479935,-0.0043133167821149815,0.03137222510719599,-0.009842633542475571,0.03690154186755658,0.1311755853761821,2.6925198148437763
Total,analitica_Clima/hidrometeorologia,Clima/hidrometeorologia,Analítica,3,C_prop,estimável,C,0,0.028303947904376205,0.008838678514036814,0.010135784020073285,0.046472111788679125,0.006945068963758409,0.049662826844994,0.003582417328057239,2.416524020722951
Total,analitica_Clima/hidrometeorologia,Clima/hidrometeorologia,Analítica,3,C_prop,estimável,C,1,0.048372438538852834,0.016766173640100374,0.013909075048228366,0.0828358020294773,0.007856577201938324,0.08888829987576735,0.0077641123685141845,2.416524020722951
Total,analitica_Clima/hidrometeorologia,Clima/hidrometeorologia,Analítica,3,C_prop,estimável,C,2,0.06059823355528483,0.024054003651049025,0.0111545209333304,0.11004194617723927,0.0024711559379673037,0.11872531117260236,0.018243478090418423,2.416524020722951
Total,analitica_Clima/hidrometeorologia,Clima/hidrometeorologia,Analítica,3,C_prop,estimável,C,3,0.0657668562573821,0.03095304518674859,0.002141960660377265,0.12939175185438695,-0.009031920950918787,0.140565633465683,0.043277740178282884,2.416524020722951
Total,analitica_Clima/hidrometeorologia,Clima/hidrometeorologia,Analítica,3,C_prop,estimável,C,4,0.06505659160070949,0.037627029080751676,-0.012286874363447081,0.14240005756486607,-0.025870028001367937,0.1559832112027869,0.09567027280495798,2.416524020722951
Total,analitica_Clima/hidrometeorologia,Clima/hidrometeorologia,Analítica,3,C_prop,estimável,C,5,0.0600384861926868,0.04409967131165846,-0.030609686422901752,0.15068665880827536,-0.04652942883792267,0.16660640122329629,0.18506128580953723,2.416524020722951
Total,analitica_Clima/hidrometeorologia,Clima/hidrometeorologia,Analítica,3,C_prop,estimável,C,6,0.052676348292588784,0.05023117341300948,-0.05057530739542743,0.155928003980605,-0.06870848884904866,0.17406118543422622,0.30397698659665673,2.416524020722951
Total,analitica_Clima/hidrometeorologia,Clima/hidrometeorologia,Analítica,3,C_prop,estimável,C,7,0.0451958272609268,0.05574840965294985,-0.06939666993823417,0.15978832446008778,-0.08952154378252974,0.17991319830438335,0.4248909737471542,2.416524020722951
Total,analitica_Clima/hidrometeorologia,Clima/hidrometeorologia,Analítica,3,C_prop,estimável,C,8,0.03956073135697563,0.06037282203688424,-0.08453738163378713,0.1636588443477384,-0.10633164329398703,0.1854531060079383,0.5180477436064468,2.416524020722951
Total,analitica_Clima/hidrometeorologia,Clima/hidrometeorologia,Analítica,3,C_prop,estimável,C,9,0.037342107188155046,0.06391776889912427,-0.0940427484363668,0.1687269628126769,-0.11711671670759712,0.19180093108390722,0.5641067430216185,2.416524020722951
Total,analitica_Clima/hidrometeorologia,Clima/hidrometeorologia,Analítica,3,C_prop,estimável,C,10,0.03971823971002991,0.06635521559842211,-0.09667685936002154,0.17611333878008137,-0.12063073268380736,0.2000672121038672,0.5546391537910176,2.416524020722951
Total,analitica_Clima/hidrometeorologia,Clima/hidrometeorologia,Analítica,3,C_prop,estimável,C,11,0.04747465222631012,0.06787482180304376,-0.09204404213248549,0.18699334658510572,-0.116546485063035,0.21149578951565523,0.49048526455179364,2.416524020722951
Total,analitica_Clima/hidrometeorologia,Clima/hidrometeorologia,Analítica,3,C_prop,estimável,C,12,0.06100410638885063,0.0689366737108092,-0.08069725582583592,0.20270546860353716,-0.10558302154206015,0.2275912343197614,0.3843055625375166,2.416524020722951
Total,analitica_Natural não diretamente climático,Natural não diretamente climático,Analítica,3,C_prop,estimável,beta,0,0.029138487303662364,0.019676279835666582,-0.011306685141525455,0.06958365974885018,-0.023113095877068036,0.08139007048439276,0.15065259574588488,2.6555621091551855
Total,analitica_Natural não diretamente climático,Natural não diretamente climático,Analítica,3,C_prop,estimável,beta,1,0.021643783909574704,0.01628065156189705,-0.011821574656191759,0.05510914247534117,-0.021590497490557293,0.0648780653097067,0.19525783345206896,2.6555621091551855
Total,analitica_Natural não diretamente climático,Natural não diretamente climático,Analítica,3,C_prop,estimável,beta,2,0.014443362910342906,0.0130804728433907,-0.012443934090615331,0.041330659911301144,-0.020292645142398827,0.04917937096308464,0.2796241716732944,2.6555621091551855
Total,analitica_Natural não diretamente climático,Natural não diretamente climático,Analítica,3,C_prop,estimável,beta,3,0.007831506700822844,0.010177397855652175,-0.013088434200251057,0.028751447601896747,-0.019195205414444312,0.03485821881609,0.44853150230341887,2.6555621091551855
Total,analitica_Natural não diretamente climático,Natural não diretamente climático,Analítica,3,C_prop,estimável,beta,4,0.0021024976758703827,0.007714901759367404,-0.013755710006747014,0.017960705358487778,-0.018384903112160372,0.022589898463901137,0.7873716926174981,2.6555621091551855
Total,analitica_Natural não diretamente climático,Natural não diretamente climático,Analítica,3,C_prop,estimável,beta,5,-0.002449381769658611,0.005945400070396687,-0.014670326638868414,0.00977156309955119,-0.018237760920372624,0.0133389973810554,0.6837314795390368,2.6555621091551855
Total,analitica_Natural não diretamente climático,Natural não diretamente climático,Analítica,3,C_prop,estimável,beta,6,-0.005529849240908271,0.0052800485114579965,-0.016383144393672666,0.005323445911856125,-0.019551346002437367,0.008491647520620824,0.3045954516685578,2.6555621091551855
Total,analitica_Natural não diretamente climático,Natural não diretamente climático,Analítica,3,C_prop,estimável,beta,7,-0.006942716474641351,0.005986106423202464,-0.01924733445038321,0.00536190150110051,-0.02283919387346829,0.008953760924185587,0.25666838974018585,2.6555621091551855
Total,analitica_Natural não diretamente climático,Natural não diretamente climático,Analítica,3,C_prop,estimável,beta,8,-0.006884171734095098,0.007836422614027028,-0.022992169110874396,0.009223825642684199,-0.027694278699232106,0.013925935231041908,0.3877277052944319,2.6555621091551855
Total,analitica_Natural não diretamente climático,Natural não diretamente climático,Analítica,3,C_prop,estimável,beta,9,-0.005648497414125379,0.010416106509861528,-0.027059110981185425,0.015762116152934668,-0.033309115186638316,0.02201212035838756,0.5922403255865275,2.6555621091551855
Total,analitica_Natural não diretamente climático,Natural não diretamente climático,Analítica,3,C_prop,estimável,beta,10,-0.0035299759095880567,0.013458512471535008,-0.03119434449517052,0.02413439267599441,-0.03926989167458893,0.03220993985541282,0.795168145646428,2.6555621091551855
Total,analitica_Natural não diretamente climático,Natural não diretamente climático,Analítica,3,C_prop,estimável,beta,11,-0.0008228896153390022,0.016808769752085444,-0.03537381066812051,0.033728031437442504,-0.04545962167049091,0.04381384243981291,0.961328526631187,2.6555621091551855
Total,analitica_Natural não diretamente climático,Natural não diretamente climático,Analítica,3,C_prop,estimável,beta,12,0.0021784790737659192,0.020356788729090483,-0.039665499435113015,0.04402245758264486,-0.05188023773928411,0.05623719588681595,0.9155986718449235,2.6555621091551855
Total,analitica_Natural não diretamente climático,Natural não diretamente climático,Analítica,3,C_prop,estimável,C,0,0.029138487303662364,0.019676279835666582,-0.011306685141525455,0.06958365974885018,-0.020809427617075903,0.07908640222440064,0.15065259574588488,2.538483663471752
Total,analitica_Natural não diretamente climático,Natural não diretamente climático,Analítica,3,C_prop,estimável,C,1,0.05078227121323707,0.035921716646383585,-0.02305587483999215,0.12462041726646629,-0.04040441965746895,0.1419689620839431,0.16931441448988088,2.538483663471752
Total,analitica_Natural não diretamente climático,Natural não diretamente climático,Analítica,3,C_prop,estimável,C,2,0.06522563412357997,0.04885644163127106,-0.035200219916834946,0.1656514881639949,-0.058795644812762796,0.18924691305992275,0.193433699717754,2.538483663471752
Total,analitica_Natural não diretamente climático,Natural não diretamente climático,Analítica,3,C_prop,estimável,C,3,0.07305714082440282,0.058633838143832245,-0.047466439580865785,0.1935807212296714,-0.0757838994303622,0.22189818107916784,0.2238791833380111,2.538483663471752
Total,analitica_Natural não diretamente climático,Natural não diretamente climático,Analítica,3,C_prop,estimável,C,4,0.0751596385002732,0.06542317097642605,-0.059319615411136575,0.209638892411683,-0.0909160122359036,0.24123528923645,0.2610885114305399,2.538483663471752
Total,analitica_Natural não diretamente climático,Natural não diretamente climático,Analítica,3,C_prop,estimável,C,5,0.0727102567306146,0.06938914523688625,-0.06992117402607101,0.2153416874873002,-0.10343295487548987,0.24885346833671906,0.30434589839535264,2.538483663471752
Total,analitica_Natural não diretamente climático,Natural não diretamente climático,Analítica,3,C_prop,estimável,C,6,0.06718040748970633,0.0706731106641301,-0.07809025200087868,0.21245106698029134,-0.11222212937791917,0.24658294435733183,0.3505712928579602,2.538483663471752
Total,analitica_Natural não diretamente climático,Natural não diretamente climático,Analítica,3,C_prop,estimável,C,7,0.06023769101506497,0.06939251427222262,-0.08240066489293439,0.20287604692306432,-0.11591407283220255,0.23638945486233248,0.39329709683916153,2.538483663471752
Total,analitica_Natural não diretamente climático,Natural não diretamente climático,Analítica,3,C_prop,estimável,C,8,0.053353519280969874,0.06571110929214108,-0.08171760031490538,0.18842463887684513,-0.11345305816573709,0.22016009672767684,0.42419740557785135,2.538483663471752
Total,analitica_Natural não diretamente climático,Natural não diretamente climático,Analítica,3,C_prop,estimável,C,9,0.04770502186684449,0.0600114569877,-0.07565029462722345,0.17106033836091242,-0.10463308131756968,0.20004312505125868,0.4338501543090424,2.538483663471752
Total,analitica_Natural não diretamente climático,Natural não diretamente climático,Analítica,3,C_prop,estimável,C,10,0.04417504595725644,0.053256938930235885,-0.06529615982584913,0.153646251740362,-0.09101682348366014,0.179366915398173,0.41438933643119574,2.538483663471752
Total,analitica_Natural não diretamente climático,Natural não diretamente climático,Analítica,3,C_prop,estimável,C,11,0.04335215634191743,0.04772713189730669,-0.05475236829498778,0.14145668097882264,-0.07780238828375718,0.16450670096759204,0.3720450277969093,2.538483663471752
Total,analitica_Natural não diretamente climático,Natural não diretamente climático,Analítica,3,C_prop,estimável,C,12,0.04553063541568335,0.04768168916726755,-0.05248048035185411,0.14354175118322082,-0.07550855358216334,0.16656982441353002,0.34842927880381697,2.538483663471752
Total,analitica_Tecnológico/antrópico,Tecnológico/antrópico,Analítica,3,C_prop,estimável com ressalvas,beta,0,0.01952923921286656,0.02801909398514419,-0.03806483331769879,0.07712331174343191,-0.057187277292014754,0.09624575571774788,0.4919898959697822,2.7380084647118372
Total,analitica_Tecnológico/antrópico,Tecnológico/antrópico,Analítica,3,C_prop,estimável com ressalvas,beta,1,0.010987638536683818,0.02010096954528143,-0.03033049610890602,0.052305773182273654,-0.04404898622721159,0.06602426330057923,0.5892991001772597,2.7380084647118372
Total,analitica_Tecnológico/antrópico,Tecnológico/antrópico,Analítica,3,C_prop,estimável com ressalvas,beta,2,0.002855030679959275,0.01597558628928621,-0.029983257237247995,0.03569331859716655,-0.04088625980884073,0.04659632116875929,0.8595490530150176,2.7380084647118372
Total,analitica_Tecnológico/antrópico,Tecnológico/antrópico,Analítica,3,C_prop,estimável com ressalvas,beta,3,-0.004459591537848869,0.017060507829442764,-0.0395279676194657,0.03060878454376796,-0.05117140638714573,0.04225222331144799,0.7958447821183693,2.7380084647118372
Total,analitica_Tecnológico/antrópico,Tecnológico/antrópico,Analítica,3,C_prop,estimável com ressalvas,beta,4,-0.010547235297282416,0.02067217438130035,-0.05303949829880432,0.03194502770423949,-0.06714782373728195,0.04605335314271713,0.6142058937640444,2.7380084647118372
Total,analitica_Tecnológico/antrópico,Tecnológico/antrópico,Analítica,3,C_prop,estimável com ressalvas,beta,5,-0.01499890777888316,0.023787888423597997,-0.06389561271674087,0.03389779715897454,-0.0801303476403152,0.05013253208254888,0.5338532010729357,2.7380084647118372
Total,analitica_Tecnológico/antrópico,Tecnológico/antrópico,Analítica,3,C_prop,estimável com ressalvas,beta,6,-0.01740561616319291,0.02502711688696574,-0.06884959168870718,0.03403835936232136,-0.08593007404703767,0.05111884172065185,0.49293042048572705,2.7380084647118372
Total,analitica_Tecnológico/antrópico,Tecnológico/antrópico,Analítica,3,C_prop,estimável com ressalvas,beta,7,-0.017494698570572856,0.02435035252171947,-0.06754756502029896,0.03255816787915324,-0.084166169893758,0.049176772752612286,0.4788823502044984,2.7380084647118372
Total,analitica_Tecnológico/antrópico,Tecnológico/antrópico,Analítica,3,C_prop,estimável com ressalvas,beta,8,-0.01553881688066181,0.023512761549134616,-0.06386999042869823,0.03279235666737461,-0.0799169570309434,0.04883932326961978,0.5145110234821083,2.7380084647118372
Total,analitica_Tecnológico/antrópico,Tecnológico/antrópico,Analítica,3,C_prop,estimável com ressalvas,beta,9,-0.011946963912917961,0.025318458655806765,-0.06398980102099125,0.04009587319515532,-0.08126911802597356,0.05737519020013764,0.6409573508228789,2.7380084647118372
Total,analitica_Tecnológico/antrópico,Tecnológico/antrópico,Analítica,3,C_prop,estimável com ressalvas,beta,10,-0.0071281324867995145,0.031497473795593825,-0.07187211711652511,0.05761585214292608,-0.09336848235617469,0.07911221738257566,0.8227315584821274,2.7380084647118372
Total,analitica_Tecnológico/antrópico,Tecnológico/antrópico,Analítica,3,C_prop,estimável com ressalvas,beta,11,-0.001491315421764669,0.041334050290759254,-0.08645467261276535,0.083472041769236,-0.11466429499868828,0.11168166415515894,0.9714944851324128,2.7380084647118372
Total,analitica_Tecnológico/antrópico,Tecnológico/antrópico,Analítica,3,C_prop,estimável com ressalvas,beta,12,0.0045544944627283765,0.053270843476883684,-0.10494529252534272,0.11405428145079947,-0.14130152589931852,0.15041051482477527,0.9325213066333233,2.7380084647118372
Total,analitica_Tecnológico/antrópico,Tecnológico/antrópico,Analítica,3,C_prop,estimável com ressalvas,C,0,0.01952923921286656,0.02801909398514419,-0.03806483331769879,0.07712331174343191,-0.05127869553691232,0.09033717396264544,0.4919898959697822,2.527131490665668
Total,analitica_Tecnológico/antrópico,Tecnológico/antrópico,Analítica,3,C_prop,estimável com ressalvas,C,1,0.030516877749550378,0.04757696380210486,-0.06727897194692255,0.1283127274460233,-0.0897163657050094,0.15075012120411016,0.526863540701231,2.527131490665668
Total,analitica_Tecnológico/antrópico,Tecnológico/antrópico,Analítica,3,C_prop,estimável com ressalvas,C,2,0.033371908429509656,0.0607121124363423,-0.09142362596558805,0.15816744282460737,-0.12005558277320569,0.186799399632225,0.5872335826132844,2.527131490665668
Total,analitica_Tecnológico/antrópico,Tecnológico/antrópico,Analítica,3,C_prop,estimável com ressalvas,C,3,0.028912316891660784,0.07065088658723145,-0.11631266035461242,0.174137294137934,-0.14963176344638046,0.20745639722970205,0.6857240658851684,2.527131490665668
Total,analitica_Tecnológico/antrópico,Tecnológico/antrópico,Analítica,3,C_prop,estimável com ressalvas,C,4,0.018365081594378368,0.0811870985503828,-0.14851738951393365,0.18524755270269036,-0.18680539178807098,0.2235355549768277,0.8228094154122888,2.527131490665668
Total,analitica_Tecnológico/antrópico,Tecnológico/antrópico,Analítica,3,C_prop,estimável com ressalvas,C,5,0.0033661738154952096,0.09511199757504112,-0.19213933716813142,0.19887168479912182,-0.23699435039650785,0.24372669802749825,0.9720377397472989,2.527131490665668
Total,analitica_Tecnológico/antrópico,Tecnológico/antrópico,Analítica,3,C_prop,estimável com ressalvas,C,6,-0.0140394423476977,0.11285555307192008,-0.24601735400135258,0.2179384693059572,-0.2992402644122375,0.27116137971684207,0.9019539060859338,2.527131490665668
Total,analitica_Tecnológico/antrópico,Tecnológico/antrópico,Analítica,3,C_prop,estimável com ressalvas,C,7,-0.03153414091827056,0.13288861786718034,-0.3046906070048231,0.24162232516828197,-0.36736115188145835,0.30429287004491723,0.8142858646747713,2.527131490665668
Total,analitica_Tecnológico/antrópico,Tecnológico/antrópico,Analítica,3,C_prop,estimável com ressalvas,C,8,-0.04707295779893236,0.1534907531246607,-0.36257771940613803,0.26843180380827336,-0.4349642735462522,0.34081835794838744,0.7615275886746264,2.527131490665668
Total,analitica_Tecnológico/antrópico,Tecnológico/antrópico,Analítica,3,C_prop,estimável com ressalvas,C,9,-0.059019921711850325,0.17417182803952092,-0.41703524162932987,0.2989953982056292,-0.4991750331373292,0.38113518971362853,0.7374365134995086,2.527131490665668
Total,analitica_Tecnológico/antrópico,Tecnológico/antrópico,Analítica,3,C_prop,estimável com ressalvas,C,10,-0.06614805419864984,0.19624168267962255,-0.4695286100354273,0.3372325016381276,-0.5620765902795434,0.4297804818822437,0.738766718838854,2.527131490665668
Total,analitica_Tecnológico/antrópico,Tecnológico/antrópico,Analítica,3,C_prop,estimável com ressalvas,C,11,-0.06763936962041452,0.22275415600706708,-0.5255170948729881,0.39023835563215914,-0.6305684119425267,0.49528967270169766,0.763811010755882,2.527131490665668
Total,analitica_Tecnológico/antrópico,Tecnológico/antrópico,Analítica,3,C_prop,estimável com ressalvas,C,12,-0.06308487515768614,0.257733951281818,-0.5928645993552112,0.46669484903983893,-0.7144124596556594,0.5882427093402871,0.8085580043708938,2.527131490665668
Pré,total_desastres,Total de desastres,Total,3,C_prop,estimável,beta,0,0.017800047919364216,0.010704218625681475,-0.004202788583393416,0.03980288442212185,-0.011116865762430764,0.04671696160115919,0.10834255811639315,2.7014502125748585
Pré,total_desastres,Total de desastres,Total,3,C_prop,estimável,beta,1,0.009126400664234592,0.008332930221018239,-0.008002182715225263,0.026254984043694446,-0.013384595452706592,0.031637396781175775,0.2834619716052461,2.7014502125748585
Pré,total_desastres,Total de desastres,Total,3,C_prop,estimável,beta,2,0.0008875707807884243,0.006660284714817804,-0.012802840520262726,0.014577982081839575,-0.01710485677786521,0.01887999833944206,0.8950113357824273,2.7014502125748585
Pré,total_desastres,Total de desastres,Total,3,C_prop,estimável,beta,3,-0.006481624359290832,0.006042548775848583,-0.018902261252483052,0.005939012533901388,-0.022805269034300937,0.009842020315719274,0.29327756596361265,2.7014502125748585
Pré,total_desastres,Total de desastres,Total,3,C_prop,estimável,beta,4,-0.012546367384319721,0.00639657487648275,-0.025694715349413415,0.0006019805807739725,-0.029826395944145045,0.004733661175505603,0.06062148464223987,2.7014502125748585
Pré,total_desastres,Total de desastres,Total,3,C_prop,estimável,beta,5,-0.016871840922614786,0.00717325856995125,-0.03161668508414686,-0.00212699676108271,-0.03625004181126402,0.0025063599660344466,0.026521308405871677,2.7014502125748585
Pré,total_desastres,Total de desastres,Total,3,C_prop,estimável,beta,6,-0.019023227602492566,0.00789301129855051,-0.03524754468620396,-0.002798910518781176,-0.040345804652817605,0.0022993494478324716,0.023318426629010482,2.7014502125748585
Pré,total_desastres,Total de desastres,Total,3,C_prop,estimável,beta,7,-0.0187106491761641,0.008381664930204941,-0.03593940818504092,-0.0014818901672872774,-0.04135329968359748,0.003932001331269277,0.034422184112538744,2.7014502125748585
Pré,total_desastres,Total de desastres,Total,3,C_prop,estimável,beta,8,-0.016223983891418353,0.008812757225748575,-0.03433886580455725,0.001890898021720544,-0.04003120877228746,0.0075832409894507555,0.07706586076528879,2.7014502125748585
Pré,total_desastres,Total de desastres,Total,3,C_prop,estimável,beta,9,-0.011998049119938781,0.009472109348488113,-0.031468248731800465,0.007472150491922902,-0.0375864809329443,0.013590382693066734,0.21650310067184322,2.7014502125748585
Pré,total_desastres,Total de desastres,Total,3,C_prop,estimável,beta,10,-0.006467662233408841,0.010587940547862534,-0.02823148572414083,0.015296161257323151,-0.035070456477162046,0.022135132010344366,0.546601293165452,2.7014502125748585
Pré,total_desastres,Total de desastres,Total,3,C_prop,estimável,beta,11,-6.764060351198936e-05,0.012230308504308628,-0.025207399777802664,0.02507211857077869,-0.033107210112332634,0.03297192890530865,0.9956294816960817,2.7014502125748585
Pré,total_desastres,Total de desastres,Total,3,C_prop,estimável,beta,12,0.006767198398068318,0.014317179841934648,-0.022662186245372674,0.03619658304150931,-0.03190995012939852,0.04544434692553515,0.6403974800850099,2.7014502125748585
Pré,total_desastres,Total de desastres,Total,3,C_prop,estimável,C,0,0.017800047919364216,0.010704218625681475,-0.004202788583393416,0.03980288442212185,-0.009750845652691461,0.0453509414914199,0.10834255811639315,2.5738350958150082
Pré,total_desastres,Total de desastres,Total,3,C_prop,estimável,C,1,0.026926448583598807,0.01891996975721627,-0.011964106230592096,0.0658170033977897,-0.02177043358928299,0.0756233307564806,0.1665745383863007,2.5738350958150082
Pré,total_desastres,Total de desastres,Total,3,C_prop,estimável,C,2,0.02781401936438723,0.02503829105871439,-0.023652925000108842,0.0792809637288833,-0.03663041290176299,0.09225845163053745,0.2767967090783409,2.5738350958150082
Pré,total_desastres,Total de desastres,Total,3,C_prop,estimável,C,3,0.0213323950050964,0.029610197430157657,-0.03953223749662023,0.08219702750681303,-0.054879370334654745,0.09754416034484754,0.47768136196797356,2.5738350958150082
Pré,total_desastres,Total de desastres,Total,3,C_prop,estimável,C,4,0.008786027620776678,0.033288994893818424,-0.05964048136629939,0.07721253660785275,-0.07689435574133978,0.09446641098289314,0.7939131363681993,2.5738350958150082
Pré,total_desastres,Total de desastres,Total,3,C_prop,estimável,C,5,-0.008085813301838107,0.03670456187391329,-0.08353312076615571,0.0673614941624795,-0.10255730282942963,0.08638567622575341,0.8273624338012494,2.5738350958150082
Pré,total_desastres,Total de desastres,Total,3,C_prop,estimável,C,6,-0.027109040904330674,0.04029154774196538,-0.10992950341642532,0.05571142160776397,-0.13081284054730713,0.07659475873864577,0.5069969826678713,2.5738350958150082
Pré,total_desastres,Total de desastres,Total,3,C_prop,estimável,C,7,-0.045819690080494774,0.044183718348880165,-0.13664062385532325,0.0450012436943337,-0.1595412950304481,0.06790191486945854,0.30927254318724207,2.5738350958150082
Pré,total_desastres,Total de desastres,Total,3,C_prop,estimável,C,8,-0.06204367397191313,0.048339735996677756,-0.16140742436930886,0.0373200764254826,-0.18646218300259443,0.062374835058768174,0.21064171690296252,2.5738350958150082
Pré,total_desastres,Total de desastres,Total,3,C_prop,estimável,C,9,-0.0740417230918519,0.052764760881286225,-0.18250124240628762,0.03441779622258383,-0.20984951647039324,0.061766070286689415,0.1723751371696687,2.5738350958150082
Pré,total_desastres,Total de desastres,Total,3,C_prop,estimável,C,10,-0.08050938532526075,0.05767181854047253,-0.1990555061152719,0.03803673546475041,-0.22894713592420363,0.06792836527368212,0.17452407435708864,2.5738350958150082
Pré,total_desastres,Total de desastres,Total,3,C_prop,estimável,C,11,-0.08057702592877274,0.06354310798816225,-0.21119175502130338,0.0500377031637579,-0.24412650736586772,0.08297245550832226,0.2160114834895731,2.5738350958150082
Pré,total_desastres,Total de desastres,Total,3,C_prop,estimável,C,12,-0.07380982753070442,0.07107214279822233,-0.2199007093198805,0.07228105425847167,-0.25673780299954496,0.1091181479381361,0.30859031555394134,2.5738350958150082
Pré,grupo_climatologico,Grupo | Climatológico,Grupo,3,C_prop,estimável,beta,0,-0.003598405770102984,0.018244704467005168,-0.04110093290137125,0.033904121361165274,-0.0531955690042568,0.04599875746405084,0.8451811999598492,2.7184415797936516
Pré,grupo_climatologico,Grupo | Climatológico,Grupo,3,C_prop,estimável,beta,1,-0.008998234475749305,0.013470000945002857,-0.036686217956750006,0.01868974900525139,-0.04561564512450485,0.02761917617300624,0.5100077150861843,2.7184415797936516
Pré,grupo_climatologico,Grupo | Climatológico,Grupo,3,C_prop,estimável,beta,2,-0.014126106835984871,0.009654328864845957,-0.03397086402801537,0.005718650356045629,-0.040370835847184164,0.012118622175214425,0.15540086274677156,2.7184415797936516
Pré,grupo_climatologico,Grupo | Climatológico,Grupo,3,C_prop,estimável,beta,3,-0.018710066505398925,0.007753934479978257,-0.034648507094302256,-0.002771625916495598,-0.039788684402767484,0.002368551391969634,0.023171258753924135,2.7184415797936516
Pré,grupo_climatologico,Grupo | Climatológico,Grupo,3,C_prop,estimável,beta,4,-0.02247815713858071,0.008103687509134113,-0.03913552537516842,-0.0058207889019930015,-0.04450755821306533,-0.0004487560640960911,0.010116259753270058,2.7184415797936516
Pré,grupo_climatologico,Grupo | Climatológico,Grupo,3,C_prop,estimável,beta,5,-0.025158422390119475,0.009413234724342962,-0.04450760347886176,-0.005809241301377183,-0.05074775106513081,0.0004309062848918653,0.012822120680908529,2.7184415797936516
Pré,grupo_climatologico,Grupo | Climatológico,Grupo,3,C_prop,estimável,beta,6,-0.026478905914604462,0.010405333502772002,-0.04786737524844928,-0.0050904365807596455,-0.05476519716015979,0.001807385330950869,0.017215699995556576,2.7184415797936516
Pré,grupo_climatologico,Grupo | Climatológico,Grupo,3,C_prop,estimável,beta,7,-0.026258303481761832,0.010606992989669497,-0.04806128982750607,-0.004455317136017597,-0.05509279426145917,0.0025761872979355033,0.020138637661610382,2.7184415797936516
Pré,grupo_climatologico,Grupo | Climatológico,Grupo,3,C_prop,estimável,beta,8,-0.024677919321865426,0.010318915695142353,-0.045888754308104525,-0.0034670843356263276,-0.052729288805925714,0.0033734501621948583,0.0243038550260357,2.7184415797936516
Pré,grupo_climatologico,Grupo | Climatológico,Grupo,3,C_prop,estimável,beta,9,-0.022009709780325994,0.010271494062669317,-0.04312306820498826,-0.0008963513556637243,-0.04993216632688988,0.005912746766237896,0.04166130266887147,2.7184415797936516
Pré,grupo_climatologico,Grupo | Climatológico,Grupo,3,C_prop,estimável,beta,10,-0.018525631202554297,0.011280350970419224,-0.04171272470047472,0.0046614622953661256,-0.04919060631520758,0.01213934391009899,0.11257126183687556,2.7184415797936516
Pré,grupo_climatologico,Grupo | Climatológico,Grupo,3,C_prop,estimável,beta,11,-0.01449763993396109,0.013654575058529125,-0.042565020938926446,0.013569741071004263,-0.05161680452747999,0.022621524659557815,0.2981158879039128,2.7184415797936516
Pré,grupo_climatologico,Grupo | Climatológico,Grupo,3,C_prop,estimável,beta,12,-0.010197692319957126,0.01706306123191782,-0.045271316995530136,0.024875932355615887,-0.05658262745136761,0.036187242811453364,0.5552454700735258,2.7184415797936516
Pré,grupo_climatologico,Grupo | Climatológico,Grupo,3,C_prop,estimável,C,0,-0.003598405770102984,0.018244704467005168,-0.04110093290137125,0.033904121361165274,-0.04890242095424008,0.04170560941403412,0.8451811999598492,2.4831323119575672
Pré,grupo_climatologico,Grupo | Climatológico,Grupo,3,C_prop,estimável,C,1,-0.01259664024585229,0.0315970753187707,-0.07754535873860162,0.05235207824689704,-0.09105635893324876,0.06586307844154418,0.6933955287289204,2.4831323119575672
Pré,grupo_climatologico,Grupo | Climatológico,Grupo,3,C_prop,estimável,C,2,-0.02672274708183716,0.04061605251787775,-0.11021023871379987,0.056764744550125555,-0.12757777947314491,0.07413228530947058,0.5163630864578196,2.4831323119575672
Pré,grupo_climatologico,Grupo | Climatológico,Grupo,3,C_prop,estimável,C,3,-0.04543281358723608,0.046239944790886785,-0.14048038134612506,0.0496147541716529,-0.16025271460062107,0.0693870874261489,0.3348868387232115,2.4831323119575672
Pré,grupo_climatologico,Grupo | Climatológico,Grupo,3,C_prop,estimável,C,4,-0.0679109707258168,0.04976562953547736,-0.1702056872685858,0.034383745816952194,-0.1914856134502705,0.05566367199863689,0.18406873391879813,2.4831323119575672
Pré,grupo_climatologico,Grupo | Climatológico,Grupo,3,C_prop,estimável,C,5,-0.09306939311593626,0.05269003705853617,-0.20137531541294132,0.015236529181068798,-0.2239057266542291,0.037766940422356565,0.08907646565217082,2.4831323119575672
Pré,grupo_climatologico,Grupo | Climatológico,Grupo,3,C_prop,estimável,C,6,-0.11954829903054073,0.05632707341097409,-0.23533025661939624,-0.0037663414416852226,-0.2594158750553365,0.02031927699425498,0.043490686730819586,2.4831323119575672
Pré,grupo_climatologico,Grupo | Climatológico,Grupo,3,C_prop,estimável,C,7,-0.14580660251230257,0.06133296452682258,-0.2718783166564255,-0.01973488836817966,-0.298104468517003,0.006491263492397842,0.025082646575487557,2.4831323119575672
Pré,grupo_climatologico,Grupo | Climatológico,Grupo,3,C_prop,estimável,C,8,-0.170484521834168,0.06762435249591747,-0.30948836915868905,-0.03148067450964698,-0.33840473659198905,-0.002564307076346972,0.018169290212327785,2.4831323119575672
Pré,grupo_climatologico,Grupo | Climatológico,Grupo,3,C_prop,estimável,C,9,-0.192494231614494,0.074890665420396,-0.34643419906567186,-0.03855426416331614,-0.3784576627838826,-0.006530800445105428,0.016237882650153163,2.4831323119575672
Pré,grupo_climatologico,Grupo | Climatológico,Grupo,3,C_prop,estimável,C,10,-0.2110198628170483,0.08308236430425457,-0.3817981084764954,-0.04024161715760119,-0.4173243661747728,-0.004715359459323776,0.017407292023110373,2.4831323119575672
Pré,grupo_climatologico,Grupo | Climatológico,Grupo,3,C_prop,estimável,C,11,-0.22551750275100937,0.09261938104408354,-0.41589936707600483,-0.035135638426013915,-0.4555036805350834,0.004468675033064667,0.022064964502672164,2.4831323119575672
Pré,grupo_climatologico,Grupo | Climatológico,Grupo,3,C_prop,estimável,C,12,-0.2357151950709665,0.10432810717083725,-0.45016469063851117,-0.02126569950342186,-0.49477568903224445,0.02334529889031145,0.0324715223659282,2.4831323119575672
Pré,grupo_hidrologico,Grupo | Hidrológico,Grupo,3,C_prop,estimável,beta,0,0.040792835048920485,0.05816812204101067,-0.07877345219694834,0.1603591222947893,-0.12054420864201426,0.20212987873985522,0.4893507264816939,2.7736333584430692
Pré,grupo_hidrologico,Grupo | Hidrológico,Grupo,3,C_prop,estimável,beta,1,0.02428210813157367,0.04139743835929626,-0.06081154510036353,0.10937576136351086,-0.09053920785586117,0.1391034241190085,0.5625574530663949,2.7736333584430692
Pré,grupo_hidrologico,Grupo | Hidrológico,Grupo,3,C_prop,estimável,beta,2,0.008777717745222203,0.026453596894508484,-0.04559842942943169,0.0631538649198761,-0.0645948610521925,0.08215029654263692,0.7426884734130969,2.7736333584430692
Pré,grupo_hidrologico,Grupo | Hidrológico,Grupo,3,C_prop,estimável,beta,3,-0.004713999579138554,0.016227848061929916,-0.03807081899625919,0.028642819837982086,-0.04972410029945308,0.040296101141175975,0.7737471769945528,2.7736333584430692
Pré,grupo_hidrologico,Grupo | Hidrológico,Grupo,3,C_prop,estimável,beta,4,-0.015186707310513258,0.01537580505928369,-0.046792127252704915,0.016418712631678403,-0.05783355313586022,0.027460138514833702,0.3324019994035066,2.7736333584430692
Pré,grupo_hidrologico,Grupo | Hidrológico,Grupo,3,C_prop,estimável,beta,5,-0.02163406891790655,0.020004736113080984,-0.06275439291062673,0.01948625507481363,-0.07711987232799872,0.03385173449218561,0.2894271722696553,2.7736333584430692
Pré,grupo_hidrologico,Grupo | Hidrológico,Grupo,3,C_prop,estimável,beta,6,-0.023049747870323073,0.0232241688715008,-0.0707877106737064,0.02468821493306026,-0.08746507737443282,0.041365581633786674,0.33010618325612245,2.7736333584430692
Pré,grupo_hidrologico,Grupo | Hidrológico,Grupo,3,C_prop,estimável,beta,7,-0.01876285314709927,0.022864591705115872,-0.0657616944995146,0.028235988205316063,-0.08218084742758935,0.04465514113339081,0.4193303710874653,2.7736333584430692
Pré,grupo_hidrologico,Grupo | Hidrológico,Grupo,3,C_prop,estimável,beta,8,-0.0094442757688987,0.019788154320946598,-0.050119409512012617,0.031230857974215213,-0.06432936069549554,0.045440809157698145,0.6371580353206023,2.7736333584430692
Pré,grupo_hidrologico,Grupo | Hidrológico,Grupo,3,C_prop,estimável,beta,9,0.003899647733283285,0.017089164538750687,-0.031227633057930613,0.039026928524497184,-0.043499429099317984,0.05129872456588456,0.8212804621108482,2.7736333584430692
Pré,grupo_hidrologico,Grupo | Hidrológico,Grupo,3,C_prop,estimável,beta,10,0.020262580828451317,0.019925741356833223,-0.020695367117303166,0.0612205287742058,-0.035004120090569975,0.07552928174747262,0.318568758083178,2.7736333584430692
Pré,grupo_hidrologico,Grupo | Hidrológico,Grupo,3,C_prop,estimável,beta,11,0.038638186985610064,0.029181349370029905,-0.021344935703809076,0.0986213096750292,-0.042300177071486526,0.11957655104270665,0.19700261051623771,2.7736333584430692
Pré,grupo_hidrologico,Grupo | Hidrológico,Grupo,3,C_prop,estimável,beta,12,0.05802012967376416,0.04164023917840244,-0.027572607789572393,0.1436128671371007,-0.05747462676500087,0.1735148861125292,0.17530730426165467,2.7736333584430692
Pré,grupo_hidrologico,Grupo | Hidrológico,Grupo,3,C_prop,estimável,C,0,0.040792835048920485,0.05816812204101067,-0.07877345219694834,0.1603591222947893,-0.10395475378691327,0.18554042388475422,0.4893507264816939,2.4884349667293946
Pré,grupo_hidrologico,Grupo | Hidrológico,Grupo,3,C_prop,estimável,C,1,0.06507494318049416,0.09941810632074133,-0.13928190109591676,0.2694317874569051,-0.1823205489140592,0.31247043527504753,0.5185011564748296,2.4884349667293946
Pré,grupo_hidrologico,Grupo | Hidrológico,Grupo,3,C_prop,estimável,C,2,0.07385266092571635,0.12497113638796166,-0.18302918890039244,0.33073451075182514,-0.23712988469399565,0.38483520654542835,0.5596515482116127,2.4884349667293946
Pré,grupo_hidrologico,Grupo | Hidrológico,Grupo,3,C_prop,estimável,C,3,0.0691386613465778,0.13708067363817847,-0.21263469878569413,0.35091202147884976,-0.2719776801974858,0.41025500289064143,0.6182528438706467,2.4884349667293946
Pré,grupo_hidrologico,Grupo | Hidrológico,Grupo,3,C_prop,estimável,C,4,0.05395195403606455,0.13907905805371257,-0.23192914409206283,0.33983305216419196,-0.29213723716458123,0.40004114523671036,0.7012309984482737,2.4884349667293946
Pré,grupo_hidrologico,Grupo | Hidrológico,Grupo,3,C_prop,estimável,C,5,0.032317885118157995,0.13530997237668566,-0.24581574644407336,0.31045151668038934,-0.3043921814911751,0.36902795172749103,0.8130996784854554,2.4884349667293946
Pré,grupo_hidrologico,Grupo | Hidrológico,Grupo,3,C_prop,estimável,C,6,0.009268137247834922,0.1306398478928186,-0.2592659159556809,0.27780219045135074,-0.3158206282968643,0.33435690279253416,0.9439850688081877,2.4884349667293946
Pré,grupo_hidrologico,Grupo | Hidrológico,Grupo,3,C_prop,estimável,C,7,-0.009494715899264346,0.1290424479067811,-0.2747452664061924,0.25575583460766366,-0.33060845546285483,0.3116190236643261,0.9419091397790323,2.4884349667293946
Pré,grupo_hidrologico,Grupo | Hidrológico,Grupo,3,C_prop,estimável,C,8,-0.018938991668163048,0.13193348066670157,-0.2901321451211885,0.25225416178486243,-0.3472468782414998,0.3093688949051737,0.8869629864198564,2.4884349667293946
Pré,grupo_hidrologico,Grupo | Hidrológico,Grupo,3,C_prop,estimável,C,9,-0.015039343934879762,0.13895901851208836,-0.3006736972513974,0.2705950093816379,-0.3608298245427577,0.33075113667299816,0.9146452469309599,2.4884349667293946
Pré,grupo_hidrologico,Grupo | Hidrológico,Grupo,3,C_prop,estimável,C,10,0.005223236893571553,0.15019698289260908,-0.30351108303752644,0.3139575568246696,-0.36853218723365355,0.3789786610207967,0.972524044739329,2.4884349667293946
Pré,grupo_hidrologico,Grupo | Hidrológico,Grupo,3,C_prop,estimável,C,11,0.04386142387918161,0.16769438391568484,-0.30083931895458854,0.3885621667129518,-0.3734351447807519,0.46115799253911516,0.7957248901478383,2.4884349667293946
Pré,grupo_hidrologico,Grupo | Hidrológico,Grupo,3,C_prop,estimável,C,12,0.10188155355294577,0.19516195472081863,-0.29927958967878443,0.503042696784676,-0.3837662787495981,0.5875293858554896,0.6060647859068776,2.4884349667293946
Pré,grupo_meteorologico,Grupo | Meteorológico,Grupo,3,C_prop,estimável com ressalvas,beta,0,0.01623785697110349,0.02431145267526828,-0.0337350496990835,0.06621076364129048,-0.050185200176414306,0.08266091411862128,0.5100771488408307,2.732171459876978
Pré,grupo_meteorologico,Grupo | Meteorológico,Grupo,3,C_prop,estimável com ressalvas,beta,1,0.008198513462833994,0.016294475518940164,-0.025295260653593128,0.04169228757926112,-0.03632078750367844,0.05271781442934642,0.6190970453344485,2.732171459876978
Pré,grupo_meteorologico,Grupo | Meteorológico,Grupo,3,C_prop,estimável com ressalvas,beta,2,0.0007672398460809608,0.010595399778308865,-0.021011916312423086,0.02254639600458501,-0.02818120903420138,0.029715688726363303,0.9428277862434921,2.732171459876978
Pré,grupo_meteorologico,Grupo | Meteorológico,Grupo,3,C_prop,estimável com ressalvas,beta,3,-0.005447893987639137,0.01006076460659851,-0.026128091811758663,0.015232303836480391,-0.03293562791032802,0.022039839935049748,0.5927740204324721,2.732171459876978
Pré,grupo_meteorologico,Grupo | Meteorológico,Grupo,3,C_prop,estimável com ressalvas,beta,4,-0.009838818146809834,0.013279254877019083,-0.03713471746976451,0.01745708117614484,-0.04612001933023354,0.02644238303661387,0.4653835955341686,2.732171459876978
Pré,grupo_meteorologico,Grupo | Meteorológico,Grupo,3,C_prop,estimável com ressalvas,beta,5,-0.011797462739914664,0.016371123586849765,-0.04544878921634507,0.02185386373651574,-0.05652617937002442,0.032931253890195085,0.4775691054602103,2.732171459876978
Pré,grupo_meteorologico,Grupo | Meteorológico,Grupo,3,C_prop,estimável com ressalvas,beta,6,-0.010715757875437163,0.017618554389946185,-0.04693121509030218,0.02549969933942785,-0.058852669343938374,0.03742115359306404,0.5483258978913073,2.732171459876978
Pré,grupo_meteorologico,Grupo | Meteorológico,Grupo,3,C_prop,estimável com ressalvas,beta,7,-0.006188323625699682,0.016391859911245837,-0.03988227422737546,0.027505626975976097,-0.05097369544950713,0.03859704819810777,0.7088483838694124,2.732171459876978
Pré,grupo_meteorologico,Grupo | Meteorológico,Grupo,3,C_prop,estimável com ressalvas,beta,8,0.001379460081620129,0.01302920106246203,-0.025402446264267575,0.028161366427507835,-0.03421855120623743,0.03697747136947768,0.9164945685570398,2.732171459876978
Pré,grupo_meteorologico,Grupo | Meteorológico,Grupo,3,C_prop,estimável com ressalvas,beta,9,0.01137952335500581,0.00856537281814358,-0.006226852625639793,0.028985899335651412,-0.01202254380193212,0.03478159051194374,0.19554024747013804,2.732171459876978
Pré,grupo_meteorologico,Grupo | Meteorológico,Grupo,3,C_prop,estimável com ressalvas,beta,10,0.02320379630294089,0.006712992080104715,0.00940504346090919,0.03700254914497259,0.0048627509312986,0.04154484167458318,0.0018938396997097212,2.732171459876978
Pré,grupo_meteorologico,Grupo | Meteorológico,Grupo,3,C_prop,estimável com ressalvas,beta,11,0.0362442090339089,0.011784323320510867,0.012021185534113077,0.06046723253370473,0.004047417183646408,0.0684410008841714,0.004894445386683281,2.732171459876978
Pré,grupo_meteorologico,Grupo | Meteorológico,Grupo,3,C_prop,estimável com ressalvas,beta,12,0.04989269165639339,0.019618080707987755,0.009567149231452729,0.09021823408133404,-0.0037072685515338946,0.10349265186432066,0.01727641118147563,2.732171459876978
Pré,grupo_meteorologico,Grupo | Meteorológico,Grupo,3,C_prop,estimável com ressalvas,C,0,0.01623785697110349,0.02431145267526828,-0.0337350496990835,0.06621076364129048,-0.04473249068555504,0.07720820462776203,0.5100771488408307,2.507885829409234
Pré,grupo_meteorologico,Grupo | Meteorológico,Grupo,3,C_prop,estimável com ressalvas,C,1,0.024436370433937486,0.04035616600583244,-0.058516916821809886,0.10738965768968485,-0.07677228642137635,0.1256450272892513,0.5500847198095314,2.507885829409234
Pré,grupo_meteorologico,Grupo | Meteorológico,Grupo,3,C_prop,estimável com ressalvas,C,2,0.025203610280018447,0.0492572230240325,-0.07604606171167791,0.1264532822717148,-0.09832788133800294,0.14873510189803982,0.6131982100348307,2.507885829409234
Pré,grupo_meteorologico,Grupo | Meteorológico,Grupo,3,C_prop,estimável com ressalvas,C,3,0.01975571629237931,0.0530658585902929,-0.08932271822682757,0.1288341508115862,-0.11332739849165054,0.15283883107640917,0.7126967279193543,2.507885829409234
Pré,grupo_meteorologico,Grupo | Meteorológico,Grupo,3,C_prop,estimável com ressalvas,C,4,0.009916898145569475,0.054853228160309485,-0.10283552714254093,0.1226693234336799,-0.12764873545502223,0.1474825317461612,0.8579345374034926,2.507885829409234
Pré,grupo_meteorologico,Grupo | Meteorológico,Grupo,3,C_prop,estimável com ressalvas,C,5,-0.0018805645943451898,0.058108253137045096,-0.12132378954565348,0.11756266035696311,-0.14760942920846526,0.1438483000197749,0.9744296368545776,2.507885829409234
Pré,grupo_meteorologico,Grupo | Meteorológico,Grupo,3,C_prop,estimável com ressalvas,C,6,-0.012596322469782352,0.0648474965984726,-0.14589226075023637,0.12069961581067168,-0.17522644026175527,0.15003379532219058,0.8474935401527808,2.507885829409234
Pré,grupo_meteorologico,Grupo | Meteorológico,Grupo,3,C_prop,estimável com ressalvas,C,7,-0.018784646095482034,0.07415452822034067,-0.171211461861066,0.13364216967010195,-0.20475573660580154,0.1671864444148375,0.8020151235783148,2.507885829409234
Pré,grupo_meteorologico,Grupo | Meteorológico,Grupo,3,C_prop,estimável com ressalvas,C,8,-0.017405186013861904,0.08346184935744103,-0.18896347437165872,0.15415310234393492,-0.22671797531367643,0.19190760328595263,0.8364319880459579,2.507885829409234
Pré,grupo_meteorologico,Grupo | Meteorológico,Grupo,3,C_prop,estimável com ressalvas,C,9,-0.006025662658856093,0.09051009195346799,-0.192071821163483,0.18002049584577082,-0.2330146396874852,0.220963314369773,0.9474297601033319,2.507885829409234
Pré,grupo_meteorologico,Grupo | Meteorológico,Grupo,3,C_prop,estimável com ressalvas,C,10,0.017178133644084798,0.09419069457227723,-0.17643361189545056,0.21078987918362016,-0.21904137453594252,0.2533976418241121,0.8567021250775209,2.507885829409234
Pré,grupo_meteorologico,Grupo | Meteorológico,Grupo,3,C_prop,estimável com ressalvas,C,11,0.0534223426779937,0.0949697064265745,-0.14179068466110148,0.24863537001708888,-0.18475083829236755,0.29159552364835495,0.5785803018689424,2.507885829409234
Pré,grupo_meteorologico,Grupo | Meteorológico,Grupo,3,C_prop,estimável com ressalvas,C,12,0.10331503433438709,0.0954300469626855,-0.0928442365284849,0.2994743051972591,-0.1360126281431896,0.3426426968119638,0.2889133119220479,2.507885829409234
Pré,grupo_outros,Grupo | Outros,Grupo,3,C_prop,estimável,beta,0,0.05996475535252648,0.056036981821958126,-0.05522091043520402,0.17515042114025697,-0.08558916984099973,0.2055186805460527,0.29441167280639663,2.597461898572325
Pré,grupo_outros,Grupo | Outros,Grupo,3,C_prop,estimável,beta,1,0.053281743519250364,0.04620604060107572,-0.04169613317938863,0.14825962021788935,-0.0667366864259297,0.17330017346443044,0.259346887904404,2.597461898572325
Pré,grupo_outros,Grupo | Outros,Grupo,3,C_prop,estimável,beta,2,0.04607812752308547,0.036925375402586856,-0.02982306864987127,0.1219793236960422,-0.04983412817561362,0.14199038322178456,0.22320013299466027,2.597461898572325
Pré,grupo_outros,Grupo | Outros,Grupo,3,C_prop,estimável,beta,3,0.03783330320114303,0.028543022791132723,-0.020837720413884757,0.09650432681617083,-0.03630611096890571,0.11197271737119177,0.19654058884641554,2.597461898572325
Pré,grupo_outros,Grupo | Outros,Grupo,3,C_prop,estimável,beta,4,0.028026666390534267,0.02136175235636187,-0.015883044438966324,0.07193637722003486,-0.02745967144185327,0.08351300422292181,0.20098580792466042,2.597461898572325
Pré,grupo_outros,Grupo | Outros,Grupo,3,C_prop,estimável,beta,5,0.016137612928370414,0.015773314929590044,-0.01628490025438706,0.048560126111127894,-0.02483297161542174,0.05710819747216257,0.3156880693012466,2.597461898572325
Pré,grupo_outros,Grupo | Outros,Grupo,3,C_prop,estimável,beta,6,0.0016455386517626883,0.012856465400712341,-0.024781304456295075,0.02807238175982045,-0.031748640376901,0.03503971768042637,0.899139313803552,2.597461898572325
Pré,grupo_outros,Grupo | Outros,Grupo,3,C_prop,estimável,beta,7,-0.015796625881214756,0.014640536411131375,-0.04589067947181818,0.014297427709388667,-0.05382486138378931,0.022231609621359796,0.2905117119330999,2.597461898572325
Pré,grupo_outros,Grupo | Outros,Grupo,3,C_prop,estimável,beta,8,-0.03584181122863607,0.021068863939673114,-0.07914948129539542,0.007465858838123285,-0.0905673825581414,0.01888376010086925,0.10084178183627171,2.597461898572325
Pré,grupo_outros,Grupo | Outros,Grupo,3,C_prop,estimável,beta,9,-0.05796941322761248,0.03039798020146935,-0.12045335640701596,0.0045145299517909965,-0.136927008594485,0.020988182139260042,0.06762519859789858,2.597461898572325
Pré,grupo_outros,Grupo | Outros,Grupo,3,C_prop,estimável,beta,10,-0.0816588277152552,0.041510864931595635,-0.1669856326056781,0.0036679771751677165,-0.18948171775185696,0.026164062321346535,0.05992000724843999,2.597461898572325
Pré,grupo_outros,Grupo | Outros,Grupo,3,C_prop,estimável,beta,11,-0.10638945052867549,0.0537400865842007,-0.21685378053771698,0.0040748794803660005,-0.24597727785711457,0.03319837679976359,0.05841477058333898,2.597461898572325
Pré,grupo_outros,Grupo | Outros,Grupo,3,C_prop,estimável,beta,12,-0.13164067750498454,0.06655423998434681,-0.268444877059312,0.00516352204934295,-0.30451278005276416,0.04123142504279509,0.05862382979213322,2.597461898572325
Pré,grupo_outros,Grupo | Outros,Grupo,3,C_prop,estimável,C,0,0.05996475535252648,0.056036981821958126,-0.05522091043520402,0.17515042114025697,-0.0738035964128036,0.19373310711785657,0.29441167280639663,2.3871441219004566
Pré,grupo_outros,Grupo | Outros,Grupo,3,C_prop,estimável,C,1,0.11324649887177685,0.10219104911188524,-0.09681021094350295,0.32330320868705664,-0.1306982633265009,0.3571912610700546,0.2779288376915173,2.3871441219004566
Pré,grupo_outros,Grupo | Outros,Grupo,3,C_prop,estimável,C,2,0.1593246263948623,0.13891262265058954,-0.12621435886251334,0.444863611652238,-0.17227982422326873,0.4909290770129934,0.26185138494404336,2.3871441219004566
Pré,grupo_outros,Grupo | Outros,Grupo,3,C_prop,estimável,C,3,0.19715792959600534,0.1669511806241724,-0.1460151369931648,0.5403309961851754,-0.20137859987532922,0.5956944590673399,0.2483204502197794,2.3871441219004566
Pré,grupo_outros,Grupo | Outros,Grupo,3,C_prop,estimável,C,4,0.22518459598653962,0.18730733873405894,-0.15983115285517113,0.6102003448282504,-0.2219450166612869,0.6723142086343661,0.24011373783703735,2.3871441219004566
Pré,grupo_outros,Grupo | Outros,Grupo,3,C_prop,estimável,C,5,0.24132220891491002,0.20120648634852675,-0.17226364702038216,0.6549080648502021,-0.23898667226022008,0.7216310900900401,0.241198239438977,2.3871441219004566
Pré,grupo_outros,Grupo | Outros,Grupo,3,C_prop,estimável,C,6,0.24296774756667272,0.2101542650610247,-0.189010530922621,0.6749460260559664,-0.2587007709660628,0.7446362660994083,0.2581373675195945,2.3871441219004566
Pré,grupo_outros,Grupo | Outros,Grupo,3,C_prop,estimável,C,7,0.22717112168545794,0.2160898780749147,-0.21700798409027844,0.6713502274611943,-0.288666560563261,0.7430088039341769,0.30280305535783747,2.3871441219004566
Pré,grupo_outros,Grupo | Outros,Grupo,3,C_prop,estimável,C,8,0.1913293104568219,0.22151034120314522,-0.2639917168500706,0.6466503377637144,-0.3374477984864307,0.7201064194000745,0.39562445644477146,2.3871441219004566
Pré,grupo_outros,Grupo | Outros,Grupo,3,C_prop,estimável,C,9,0.1333598972292094,0.22988597448882367,-0.3391774908636722,0.6058972853220911,-0.41541105547914436,0.6821308499375631,0.5668322376247789,2.3871441219004566
Pré,grupo_outros,Grupo | Outros,Grupo,3,C_prop,estimável,C,10,0.0517010695139542,0.2457384945577516,-0.45342164025728576,0.5568237792851942,-0.5349121332942499,0.6383142723221582,0.8350029422293819,2.3871441219004566
Pré,grupo_outros,Grupo | Outros,Grupo,3,C_prop,estimável,C,11,-0.05468838101472128,0.2738172505077058,-0.6175278002415608,0.5081510382121183,-0.708329621039136,0.5989528590096934,0.8432488760986245,2.3871441219004566
Pré,grupo_outros,Grupo | Outros,Grupo,3,C_prop,estimável,C,12,-0.18632905851970583,0.3176213369760676,-0.839209067015121,0.46655094997570934,-0.9445369660722898,0.5718788490328781,0.5625056134611123,2.3871441219004566
Pré,tipo_alagamentos,Tipologia | Alagamentos,Tipologia,4,C_prop,estimável,beta,0,1.1205753521429787,1.018384089577468,-0.9727431238290281,3.213893828114985,-1.6184620256446849,3.8596127299306424,0.28126487250888926,2.6895916833540694
Pré,tipo_alagamentos,Tipologia | Alagamentos,Tipologia,4,C_prop,estimável,beta,1,0.4726608322646337,0.5082215096383698,-0.5720034421485582,1.5173251066778257,-0.8942475133603756,1.839569177889643,0.36091122863439207,2.6895916833540694
Pré,tipo_alagamentos,Tipologia | Alagamentos,Tipologia,4,C_prop,estimável,beta,2,-0.10309753246380132,0.10320935627706886,-0.31524740263469697,0.10905233770709435,-0.3806885587509328,0.17449349382333018,0.32704171140092125,2.6895916833540694
Pré,tipo_alagamentos,Tipologia | Alagamentos,Tipologia,4,C_prop,estimável,beta,3,-0.5345435868924168,0.3474541579448196,-1.2487458371268643,0.17965866334203062,-1.4690534004475948,0.39996622666276127,0.13601933467317295,2.6895916833540694
Pré,tipo_alagamentos,Tipologia | Alagamentos,Tipologia,4,C_prop,estimável,beta,4,-0.7495211758713026,0.5616783435173528,-1.904067546019386,0.40502519427678074,-2.2602065773156648,0.7611642255730596,0.19363248325342858,2.6895916833540694
Pré,tipo_alagamentos,Tipologia | Alagamentos,Tipologia,4,C_prop,estimável,beta,5,-0.7071821397381983,0.6063770090379582,-1.9536079327319371,0.5392436532555405,-2.338088700223806,0.9237244207474096,0.2541034477231314,2.6895916833540694
Pré,tipo_alagamentos,Tipologia | Alagamentos,Tipologia,4,C_prop,estimável,beta,6,-0.4919103007814391,0.5314949215769889,-1.5844137585721252,0.6005931570092469,-1.9214146215998318,0.9375940200369535,0.3632057957747721,2.6895916833540694
Pré,tipo_alagamentos,Tipologia | Alagamentos,Tipologia,4,C_prop,estimável,beta,7,-0.21939747677700946,0.4090062745998964,-1.0601219148067476,0.6213269612527286,-1.3194573513805217,0.8806623978265027,0.5962314496951863,2.6895916833540694
Pré,tipo_alagamentos,Tipologia | Alagamentos,Tipologia,4,C_prop,estimável,beta,8,-0.005335485500893741,0.30262355512669964,-0.6273871118905893,0.6167161408888019,-0.8192692825567068,0.8085983115549195,0.9860680139329147,2.6895916833540694
Pré,tipo_alagamentos,Tipologia | Alagamentos,Tipologia,4,C_prop,estimável,beta,9,0.061121768671266785,0.23657610021351105,-0.42516736979693176,0.5474109071394653,-0.5751713429433314,0.6974148802858651,0.7981634434361387,2.6895916833540694
Pré,tipo_alagamentos,Tipologia | Alagamentos,Tipologia,4,C_prop,estimável,beta,10,-0.0030279650347964787,0.20128696094181156,-0.4167792388656484,0.41072330879605545,-0.5444077011515083,0.5383517710819152,0.9881126955843068,2.6895916833540694
Pré,tipo_alagamentos,Tipologia | Alagamentos,Tipologia,4,C_prop,estimável,beta,11,-0.1542490239930089,0.21763329981183197,-0.60160067858522,0.2931026305992023,-0.7395937371878148,0.4310956892017971,0.48478255098515216,2.6895916833540694
Pré,tipo_alagamentos,Tipologia | Alagamentos,Tipologia,4,C_prop,estimável,beta,12,-0.34900574557729597,0.2899875230592201,-0.945083636064652,0.24707214491006008,-1.1289537758738208,0.43094228471922885,0.23961919424772188,2.6895916833540694
Pré,tipo_alagamentos,Tipologia | Alagamentos,Tipologia,4,C_prop,estimável,C,0,1.1205753521429787,1.018384089577468,-0.9727431238290281,3.213893828114985,-1.540563317562589,3.781714021848546,0.28126487250888926,2.613099219578033
Pré,tipo_alagamentos,Tipologia | Alagamentos,Tipologia,4,C_prop,estimável,C,1,1.5932361844076124,1.5248099376915403,-1.5410555308525544,4.727527899667779,-2.3912434737789807,5.5777158425942055,0.3056984081538772,2.613099219578033
Pré,tipo_alagamentos,Tipologia | Alagamentos,Tipologia,4,C_prop,estimável,C,2,1.4901386519438111,1.5718515080371052,-1.7408483960016536,4.721125699889276,-2.617265297000503,5.597542600888125,0.35185069953590714,2.613099219578033
Pré,tipo_alagamentos,Tipologia | Alagamentos,Tipologia,4,C_prop,estimável,C,3,0.9555950650513942,1.2663354285875654,-1.6473946876067869,3.5585848177095754,-2.3534650551147873,4.264655185217576,0.4572614448909209,2.613099219578033
Pré,tipo_alagamentos,Tipologia | Alagamentos,Tipologia,4,C_prop,estimável,C,4,0.20607388918009162,0.7866613529887947,-1.410931680131009,1.823079458491192,-1.8495502783871274,2.261698056747311,0.7954164738951996,2.613099219578033
Pré,tipo_alagamentos,Tipologia | Alagamentos,Tipologia,4,C_prop,estimável,C,5,-0.5011082505581068,0.47416459039494485,-1.475767524876956,0.4735510237607422,-1.740147371670675,0.7379308705544614,0.30031329275620916,2.613099219578033
Pré,tipo_alagamentos,Tipologia | Alagamentos,Tipologia,4,C_prop,estimável,C,6,-0.9930185513395459,0.6745573997274297,-2.379591144533666,0.3935540418545741,-2.7557039661278795,0.7696668634487879,0.1529951825247958,2.613099219578033
Pré,tipo_alagamentos,Tipologia | Alagamentos,Tipologia,4,C_prop,estimável,C,7,-1.2124160281165555,0.9910660078611094,-3.2495813829133353,0.8247493266802244,-3.8021698398087374,1.3773377835756264,0.2321714341970311,2.613099219578033
Pré,tipo_alagamentos,Tipologia | Alagamentos,Tipologia,4,C_prop,estimável,C,8,-1.217751513617449,1.2393504600578162,-3.765272869061879,1.329769841826981,-4.456297233578205,2.0207942063433073,0.33487348370933834,2.613099219578033
Pré,tipo_alagamentos,Tipologia | Alagamentos,Tipologia,4,C_prop,estimável,C,9,-1.1566297449461822,1.436151845099397,-4.1086821409092735,1.7954226510169087,-4.909437010570969,2.5961775206786046,0.42791202986249693,2.613099219578033
Pré,tipo_alagamentos,Tipologia | Alagamentos,Tipologia,4,C_prop,estimável,C,10,-1.1596577099809788,1.6110715295275182,-4.471262666684194,2.1519472467222363,-5.369547466473725,3.050232046511767,0.47806609345625883,2.613099219578033
Pré,tipo_alagamentos,Tipologia | Alagamentos,Tipologia,4,C_prop,estimável,C,11,-1.3139067339739878,1.788329527366473,-4.989870723470069,2.3620572555220933,-5.986989226283671,3.359175758335696,0.4690903714966012,2.613099219578033
Pré,tipo_alagamentos,Tipologia | Alagamentos,Tipologia,4,C_prop,estimável,C,12,-1.6629124795512837,1.9943258968441628,-5.762308070762311,2.4364831116597436,-6.874283924179027,3.5484589650764597,0.41197671715506684,2.613099219578033
Pré,tipo_chuvas_intensas,Tipologia | Chuvas Intensas,Tipologia,3,C_prop,estimável com ressalvas,beta,0,0.027163936292353703,0.1104728959812792,-0.19991635356929768,0.2542442261540051,-0.2771788870913713,0.3315067596760787,0.807699842174353,2.754909434394651
Pré,tipo_chuvas_intensas,Tipologia | Chuvas Intensas,Tipologia,3,C_prop,estimável com ressalvas,beta,1,0.007886949418431707,0.07072266795867074,-0.1374855765499811,0.1532594753868445,-0.1869475957664706,0.20272149460333402,0.9120609586751923,2.754909434394651
Pré,tipo_chuvas_intensas,Tipologia | Chuvas Intensas,Tipologia,3,C_prop,estimável com ressalvas,beta,2,-0.010395762229280332,0.036122444031268276,-0.08464650933128183,0.06385498487272116,-0.10990982408441406,0.0891182996258534,0.7757872912104209,2.754909434394651
Pré,tipo_chuvas_intensas,Tipologia | Chuvas Intensas,Tipologia,3,C_prop,estimável com ressalvas,beta,3,-0.02668992342457244,0.02420251487719452,-0.07643890524383788,0.023059058394693004,-0.09336565999583252,0.03998581314668764,0.2802282169782722,2.754909434394651
Pré,tipo_chuvas_intensas,Tipologia | Chuvas Intensas,Tipologia,3,C_prop,estimável com ressalvas,beta,4,-0.04000125894123467,0.04264685653683041,-0.12766312801826885,0.0476606101357995,-0.15748948636182397,0.07748696847935461,0.3568945126730134,2.754909434394651
Pré,tipo_chuvas_intensas,Tipologia | Chuvas Intensas,Tipologia,3,C_prop,estimável com ressalvas,beta,5,-0.049335493553057046,0.06079233294864511,-0.1742959235727762,0.0756249364666621,-0.21681286513214026,0.11814187802602616,0.4244224539225621,2.754909434394651
Pré,tipo_chuvas_intensas,Tipologia | Chuvas Intensas,Tipologia,3,C_prop,estimável com ressalvas,beta,6,-0.05369835203382962,0.07019828657930526,-0.19799299663988051,0.09059629257222129,-0.24708827400949707,0.13969156994183785,0.45118779564048245,2.754909434394651
Pré,tipo_chuvas_intensas,Tipologia | Chuvas Intensas,Tipologia,3,C_prop,estimável com ressalvas,beta,7,-0.052426984232745735,0.06873228559061387,-0.19370822064946192,0.08885425218397046,-0.2417782062538354,0.13692423778834395,0.4524654718668693,2.754909434394651
Pré,tipo_chuvas_intensas,Tipologia | Chuvas Intensas,Tipologia,3,C_prop,estimável com ressalvas,beta,8,-0.046184240300612044,0.05808614900644725,-0.16558202956076087,0.07321354895953677,-0.20620632020612706,0.11383783960490296,0.4337546630240114,2.754909434394651
Pré,tipo_chuvas_intensas,Tipologia | Chuvas Intensas,Tipologia,3,C_prop,estimável com ressalvas,beta,9,-0.035964395463638506,0.04221426688033084,-0.12273706376688542,0.050808272839608405,-0.1522608775583156,0.08033208663103858,0.4020219202670449,2.754909434394651
Pré,tipo_chuvas_intensas,Tipologia | Chuvas Intensas,Tipologia,3,C_prop,estimável com ressalvas,beta,10,-0.022761724948035085,0.031626363130112155,-0.08777064539919019,0.042247195503120026,-0.1098894911107722,0.06436604121470205,0.4781253761010279,2.754909434394651
Pré,tipo_chuvas_intensas,Tipologia | Chuvas Intensas,Tipologia,3,C_prop,estimável com ressalvas,beta,11,-0.0075705039800117386,0.043888675170238804,-0.09778496781547213,0.08264395985544865,-0.12847982926958487,0.1133388213095614,0.8643854238886169,2.754909434394651
Pré,tipo_chuvas_intensas,Tipologia | Chuvas Intensas,Tipologia,3,C_prop,estimável com ressalvas,beta,12,0.00861499221422157,0.07132962804638554,-0.13800515808257027,0.15523514251101342,-0.18789167304262724,0.2051216574710704,0.9047960560402782,2.754909434394651
Pré,tipo_chuvas_intensas,Tipologia | Chuvas Intensas,Tipologia,3,C_prop,estimável com ressalvas,C,0,0.027163936292353703,0.1104728959812792,-0.19991635356929768,0.2542442261540051,-0.262457941211941,0.3167858137966484,0.807699842174353,2.6216555194984132
Pré,tipo_chuvas_intensas,Tipologia | Chuvas Intensas,Tipologia,3,C_prop,estimável com ressalvas,C,1,0.03505088571078541,0.18085536659510715,-0.33670264446200626,0.4068044158835771,-0.4390895843541862,0.509191355775757,0.8478338639327695,2.6216555194984132
Pré,tipo_chuvas_intensas,Tipologia | Chuvas Intensas,Tipologia,3,C_prop,estimável com ressalvas,C,2,0.024655123481505076,0.21404055735486735,-0.4153115432249532,0.4646217901879633,-0.5364854851043995,0.5857957320674098,0.9091803106850939,2.6216555194984132
Pré,tipo_chuvas_intensas,Tipologia | Chuvas Intensas,Tipologia,3,C_prop,estimável com ressalvas,C,3,-0.002034799943067364,0.21575036766178707,-0.4455160320698941,0.44144643218375934,-0.5676579421574034,0.5635883422712687,0.9925470421143868,2.6216555194984132
Pré,tipo_chuvas_intensas,Tipologia | Chuvas Intensas,Tipologia,3,C_prop,estimável com ressalvas,C,4,-0.042036058884302036,0.19551784744152426,-0.4439287500804414,0.3598566323118373,-0.5546165027898229,0.47054438502121876,0.8314459534229537,2.6216555194984132
Pré,tipo_chuvas_intensas,Tipologia | Chuvas Intensas,Tipologia,3,C_prop,estimável com ressalvas,C,5,-0.09137155243735909,0.1686666211059781,-0.43807075743712054,0.2553276525624023,-0.5335573306149941,0.350814225740276,0.5926180008893965,2.6216555194984132
Pré,tipo_chuvas_intensas,Tipologia | Chuvas Intensas,Tipologia,3,C_prop,estimável com ressalvas,C,6,-0.1450699044711887,0.1563470001693647,-0.46644576596282017,0.1763059570204428,-0.554957880422223,0.2648180714798456,0.36200857627993194,2.6216555194984132
Pré,tipo_chuvas_intensas,Tipologia | Chuvas Intensas,Tipologia,3,C_prop,estimável com ressalvas,C,7,-0.19749688870393445,0.17045228829763678,-0.547866585183769,0.15287280777590012,-0.6443640711305687,0.2493702937226998,0.25712516612508896,2.6216555194984132
Pré,tipo_chuvas_intensas,Tipologia | Chuvas Intensas,Tipologia,3,C_prop,estimável com ressalvas,C,8,-0.24368112900454647,0.1989598074172439,-0.652648870257408,0.1652866122483151,-0.7652852062783053,0.2779229482692123,0.23164092874538333,2.6216555194984132
Pré,tipo_chuvas_intensas,Tipologia | Chuvas Intensas,Tipologia,3,C_prop,estimável com ressalvas,C,9,-0.27964552446818497,0.22419875174510576,-0.7404926587872351,0.18120160985086525,-0.8674174194453961,0.3081263705090261,0.22340229374459067,2.6216555194984132
Pré,tipo_chuvas_intensas,Tipologia | Chuvas Intensas,Tipologia,3,C_prop,estimável com ressalvas,C,10,-0.30240724941622005,0.23649680073093798,-0.7885333854635206,0.18371888663108044,-0.9224203923962,0.31760589356375984,0.21230086618476873,2.6216555194984132
Pré,tipo_chuvas_intensas,Tipologia | Chuvas Intensas,Tipologia,3,C_prop,estimável com ressalvas,C,11,-0.3099777533962318,0.23568453811791365,-0.7944342597305518,0.17447875293808818,-0.9278614236134943,0.30790591682103075,0.199916764888629,2.6216555194984132
Pré,tipo_chuvas_intensas,Tipologia | Chuvas Intensas,Tipologia,3,C_prop,estimável com ressalvas,C,12,-0.3013627611820102,0.2337819672977986,-0.7819084771864808,0.17918295482246033,-0.9142585461074815,0.31153302374346103,0.20872302920840846,2.6216555194984132
Pré,tipo_doencas_infecciosas,Tipologia | Doenças infecciosas,Tipologia,3,C_prop,exposição altamente concentrada,beta,0,0.06014712668495314,0.05692586034927525,-0.056865655083055223,0.1771599084529615,-0.0896383575539694,0.2099326109238757,0.30041918084402536,2.631237952661519
Pré,tipo_doencas_infecciosas,Tipologia | Doenças infecciosas,Tipologia,3,C_prop,exposição altamente concentrada,beta,1,0.053926216425836886,0.047572480650085215,-0.043860418019681734,0.1517128508713555,-0.07124830016292305,0.17910073301459684,0.2673241100777971,2.631237952661519
Pré,tipo_doencas_infecciosas,Tipologia | Doenças infecciosas,Tipologia,3,C_prop,exposição altamente concentrada,beta,2,0.04719809000924222,0.03876552188963224,-0.03248558143925156,0.126881761457736,-0.05480322244148902,0.14919940245997346,0.23433875895938872,2.631237952661519
Pré,tipo_doencas_infecciosas,Tipologia | Doenças infecciosas,Tipologia,3,C_prop,exposição altamente concentrada,beta,3,0.03945553127769076,0.030752536372770426,-0.023757212549474577,0.1026682751048561,-0.041461709566946586,0.12037277212232811,0.2108111806826726,2.631237952661519
Pré,tipo_doencas_infecciosas,Tipologia | Doenças infecciosas,Tipologia,3,C_prop,exposição altamente concentrada,beta,4,0.030191324073704087,0.02365128858157134,-0.018424595867553854,0.07880724401496203,-0.03204084407147645,0.09242349221888461,0.21305661065331624,2.631237952661519
Pré,tipo_doencas_infecciosas,Tipologia | Doenças infecciosas,Tipologia,3,C_prop,exposição altamente concentrada,beta,5,0.018898252239803803,0.017535256784252128,-0.01714598429438861,0.05494248877399621,-0.027241180920585775,0.06503768540019338,0.2910528392671312,2.631237952661519
Pré,tipo_doencas_infecciosas,Tipologia | Doenças infecciosas,Tipologia,3,C_prop,exposição altamente concentrada,beta,6,0.005069099618511502,0.013093314838093777,-0.021844594480609804,0.03198279371763281,-0.029382527309627055,0.03952072654665006,0.7017948318292272,2.631237952661519
Pré,tipo_doencas_infecciosas,Tipologia | Doenças infecciosas,Tipologia,3,C_prop,exposição altamente concentrada,beta,7,-0.011634277895158413,0.013227170130592825,-0.038823115488529666,0.015554559698212839,-0.04643810994908507,0.02316955415876825,0.38714749441203083,2.631237952661519
Pré,tipo_doencas_infecciosas,Tipologia | Doenças infecciosas,Tipologia,3,C_prop,exposição altamente concentrada,beta,8,-0.030873736196220344,0.019664458050859653,-0.07129460861472023,0.009547136222279533,-0.08261560453816262,0.020868132145721932,0.1285002393883608,2.631237952661519
Pré,tipo_doencas_infecciosas,Tipologia | Doenças infecciosas,Tipologia,3,C_prop,exposição altamente concentrada,beta,9,-0.05214205912719589,0.029932720011663878,-0.11366964628982565,0.009385528035433868,-0.13090216804827684,0.026618049793885053,0.09333287020405381,2.631237952661519
Pré,tipo_doencas_infecciosas,Tipologia | Doenças infecciosas,Tipologia,3,C_prop,exposição altamente concentrada,beta,10,-0.07493203053060664,0.0422637825449987,-0.1618064797402523,0.011942418679039016,-0.18613809918604066,0.03627403812482738,0.08795239566711349,2.631237952661519
Pré,tipo_doencas_infecciosas,Tipologia | Doenças infecciosas,Tipologia,3,C_prop,exposição altamente concentrada,beta,11,-0.0987364342489742,0.05580024468388355,-0.21343547988017236,0.01596261138222395,-0.24556015582900775,0.04808728733105937,0.08854632596993453,2.631237952661519
Pré,tipo_doencas_infecciosas,Tipologia | Doenças infecciosas,Tipologia,3,C_prop,exposição altamente concentrada,beta,12,-0.12304805412482016,0.06994281308521104,-0.2668175654429674,0.020721457193327117,-0.30708423843053817,0.06098813018089784,0.09029681758955171,2.631237952661519
Pré,tipo_doencas_infecciosas,Tipologia | Doenças infecciosas,Tipologia,3,C_prop,exposição altamente concentrada,C,0,0.06014712668495314,0.05692586034927525,-0.056865655083055223,0.1771599084529615,-0.07414147148218306,0.19443572485208935,0.30041918084402536,2.3590086709835014
Pré,tipo_doencas_infecciosas,Tipologia | Doenças infecciosas,Tipologia,3,C_prop,exposição altamente concentrada,C,1,0.11407334311079002,0.10443200140474151,-0.10058971011305008,0.32873639633463014,-0.13228265373115639,0.36042933995273646,0.2847102588731586,2.3590086709835014
Pré,tipo_doencas_infecciosas,Tipologia | Doenças infecciosas,Tipologia,3,C_prop,exposição altamente concentrada,C,2,0.16127143312003225,0.14294922088442533,-0.13256489863896667,0.45510776487903115,-0.1759470184566629,0.4984898846967274,0.2695501530726762,2.3590086709835014
Pré,tipo_doencas_infecciosas,Tipologia | Doenças infecciosas,Tipologia,3,C_prop,exposição altamente concentrada,C,3,0.200726964397723,0.17313238243911722,-0.15515174448825889,0.5566056732837049,-0.20769382700418618,0.6091477557996322,0.25683672020346654,2.3590086709835014
Pré,tipo_doencas_infecciosas,Tipologia | Doenças infecciosas,Tipologia,3,C_prop,exposição altamente concentrada,C,4,0.2309182884714271,0.1957859758831449,-0.1715255486298009,0.6333621255726551,-0.2309425262938784,0.6927791032367325,0.24890222563841383,2.3590086709835014
Pré,tipo_doencas_infecciosas,Tipologia | Doenças infecciosas,Tipologia,3,C_prop,exposição altamente concentrada,C,5,0.24981654071123088,0.21181134057439666,-0.18556790527785316,0.6852009867003149,-0.24984824831641034,0.749481329738872,0.24890728914451524,2.3590086709835014
Pré,tipo_doencas_infecciosas,Tipologia | Doenças infecciosas,Tipologia,3,C_prop,exposição altamente concentrada,C,6,0.25488564032974237,0.22224362701358422,-0.20194267754744655,0.7117139582069313,-0.2693890028661259,0.7791602835256106,0.2618783375623953,2.3590086709835014
Pré,tipo_doencas_infecciosas,Tipologia | Doenças infecciosas,Tipologia,3,C_prop,exposição altamente concentrada,C,7,0.24325136243458398,0.2284371142216793,-0.22630785072670248,0.7128105755958705,-0.29563377078880604,0.782136495657974,0.29673326182706994,2.3590086709835014
Pré,tipo_doencas_infecciosas,Tipologia | Doenças infecciosas,Tipologia,3,C_prop,exposição altamente concentrada,C,8,0.21237762623836365,0.23236507202410983,-0.2652556198195657,0.690010872296293,-0.3357735935002173,0.7605288459769446,0.3691245633530499,2.3590086709835014
Pré,tipo_doencas_infecciosas,Tipologia | Doenças infecciosas,Tipologia,3,C_prop,exposição altamente concentrada,C,9,0.16023556711116776,0.23726214601890158,-0.3274637587062685,0.647934892928604,-0.3994678926435747,0.7199390268659103,0.5054143708635173,2.3590086709835014
Pré,tipo_doencas_infecciosas,Tipologia | Doenças infecciosas,Tipologia,3,C_prop,exposição altamente concentrada,C,10,0.08530353658056111,0.24806177050930958,-0.42459473530319736,0.5952018084643196,-0.4998763309904196,0.6704834041515418,0.7337019462492711,2.3590086709835014
Pré,tipo_doencas_infecciosas,Tipologia | Doenças infecciosas,Tipologia,3,C_prop,exposição altamente concentrada,C,11,-0.013432897668413102,0.27081713184594447,-0.5701054846665805,0.5432396893297542,-0.6522928599438782,0.6254270646070521,0.9608191495776771,2.3590086709835014
Pré,tipo_doencas_infecciosas,Tipologia | Doenças infecciosas,Tipologia,3,C_prop,exposição altamente concentrada,C,12,-0.13648095179323327,0.31075253868431996,-0.7752419431918613,0.5022800396053948,-0.86954888507968,0.5965869814932134,0.6641488345335973,2.3590086709835014
Pré,tipo_enxurradas,Tipologia | Enxurradas,Tipologia,3,C_prop,estimável com ressalvas,beta,0,0.062140464344726545,0.06710439918692024,-0.07579460364643091,0.200075532335884,-0.11836870261133088,0.24264963130078399,0.36294843452021563,2.6899751602461506
Pré,tipo_enxurradas,Tipologia | Enxurradas,Tipologia,3,C_prop,estimável com ressalvas,beta,1,0.04374604164647896,0.0547582887236143,-0.06881123283461635,0.15630331612757425,-0.1035523948376304,0.19104447813058834,0.4315899386818821,2.6899751602461506
Pré,tipo_enxurradas,Tipologia | Enxurradas,Tipologia,3,C_prop,estimável com ressalvas,beta,2,0.026307890167976352,0.0439866430081761,-0.06410794944240433,0.11672372977835704,-0.09201508690663236,0.14463086724258506,0.554955725445475,2.6899751602461506
Pré,tipo_enxurradas,Tipologia | Enxurradas,Tipologia,3,C_prop,estimável com ressalvas,beta,3,0.01078228112896369,0.03570724146753736,-0.06261500488028891,0.0841795671382163,-0.0852693114596231,0.10683387371755049,0.7650822004400396,2.6899751602461506
Pré,tipo_enxurradas,Tipologia | Enxurradas,Tipologia,3,C_prop,estimável com ressalvas,beta,4,-0.001874514250814052,0.03068569939123553,-0.0649498726948444,0.06120084419321629,-0.08441828338801806,0.08066925488638994,0.9517566465963884,2.6899751602461506
Pré,tipo_enxurradas,Tipologia | Enxurradas,Tipologia,3,C_prop,estimável com ressalvas,beta,5,-0.010706224751611898,0.02895063073366563,-0.07021509849194074,0.04880264898871694,-0.08858270229863123,0.06717025279540743,0.7145195005280396,2.6899751602461506
Pré,tipo_enxurradas,Tipologia | Enxurradas,Tipologia,3,C_prop,estimável com ressalvas,beta,6,-0.014756579153684876,0.02964361464213344,-0.07568990171837509,0.04617674341100534,-0.0944971662009329,0.06498400789356315,0.6228096802361924,2.6899751602461506
Pré,tipo_enxurradas,Tipologia | Enxurradas,Tipologia,3,C_prop,estimável com ressalvas,beta,7,-0.013388063310536335,0.032089203448694904,-0.07934836566192914,0.052572239040856464,-0.09970722349961074,0.07293109687853806,0.6799468908339311,2.6899751602461506
Pré,tipo_enxurradas,Tipologia | Enxurradas,Tipologia,3,C_prop,estimável com ressalvas,beta,8,-0.007238191368662929,0.03665894501471141,-0.08259173203599264,0.06811534929866679,-0.10584984285906608,0.09137346012174023,0.8450134156947431,2.6899751602461506
Pré,tipo_enxurradas,Tipologia | Enxurradas,Tipologia,3,C_prop,estimável com ressalvas,beta,9,0.0027367654521903775,0.043837302788947013,-0.08737210094119155,0.09284563184557232,-0.1151844901422664,0.12065802104664713,0.9506978265918699,2.6899751602461506
Pré,tipo_enxurradas,Tipologia | Enxurradas,Tipologia,3,C_prop,estimável com ressalvas,beta,10,0.0155805359322786,0.053567423632215116,-0.09452888029599354,0.12568995216055073,-0.1285145030367627,0.1596755749013199,0.7734672078005065,2.6899751602461506
Pré,tipo_enxurradas,Tipologia | Enxurradas,Tipologia,3,C_prop,estimável com ressalvas,beta,11,0.030336848851856772,0.06534096532439136,-0.10397342892177286,0.16464712662548642,-0.14542872481726105,0.2061024225209746,0.6463076163582798,2.6899751602461506
Pré,tipo_enxurradas,Tipologia | Enxurradas,Tipologia,3,C_prop,estimável com ressalvas,beta,12,0.04604943299117992,0.0784772882762061,-0.11526294332542497,0.2073618093077848,-0.16505252311529095,0.2571513890976508,0.5624078388249882,2.6899751602461506
Pré,tipo_enxurradas,Tipologia | Enxurradas,Tipologia,3,C_prop,estimável com ressalvas,C,0,0.062140464344726545,0.06710439918692024,-0.07579460364643091,0.200075532335884,-0.10314551518358726,0.22742644387304034,0.36294843452021563,2.463116897416925
Pré,tipo_enxurradas,Tipologia | Enxurradas,Tipologia,3,C_prop,estimável com ressalvas,C,1,0.1058865059912055,0.12161628126590417,-0.1440993403691323,0.3558723523515433,-0.19366861139585248,0.4054416233782635,0.3919076266355155,2.463116897416925
Pré,tipo_enxurradas,Tipologia | Enxurradas,Tipologia,3,C_prop,estimável com ressalvas,C,2,0.13219439615918185,0.16455138430739344,-0.20604581845410233,0.47043461077246607,-0.27311489902170516,0.5375036913400689,0.42904899009763897,2.463116897416925
Pré,tipo_enxurradas,Tipologia | Enxurradas,Tipologia,3,C_prop,estimável com ressalvas,C,3,0.14297667728814556,0.19737478514860177,-0.2627330040306176,0.5486863586069087,-0.3431804911354106,0.6291338457117017,0.47529381880146104,2.463116897416925
Pré,tipo_enxurradas,Tipologia | Enxurradas,Tipologia,3,C_prop,estimável com ressalvas,C,4,0.1411021630373315,0.2218929623850017,-0.3150053533727153,0.5972096794473782,-0.4054461420310643,0.6876504681057273,0.5303985415644203,2.463116897416925
Pré,tipo_enxurradas,Tipologia | Enxurradas,Tipologia,3,C_prop,estimável com ressalvas,C,5,0.1303959382857196,0.24010353974944287,-0.3631439559916196,0.6239358325630588,-0.46100714760074946,0.7217990241721887,0.5916992021939654,2.463116897416925
Pré,tipo_enxurradas,Tipologia | Enxurradas,Tipologia,3,C_prop,estimável com ressalvas,C,6,0.11563935913203471,0.25404446627993493,-0.4065565200306883,0.6378352382947577,-0.5101018584573372,0.7413805767214067,0.6527485698918949,2.463116897416925
Pré,tipo_enxurradas,Tipologia | Enxurradas,Tipologia,3,C_prop,estimável com ressalvas,C,7,0.10225129582149839,0.26571536189327377,-0.4439344528497706,0.6484370444927674,-0.5522367019610775,0.7567392936040743,0.7035042510702595,2.463116897416925
Pré,tipo_enxurradas,Tipologia | Enxurradas,Tipologia,3,C_prop,estimável com ressalvas,C,8,0.09501310445283545,0.27720587192501295,-0.4747917258536947,0.6648179347593657,-0.5877773627488558,0.7778035716545268,0.7345400755330349,2.463116897416925
Pré,tipo_enxurradas,Tipologia | Enxurradas,Tipologia,3,C_prop,estimável com ressalvas,C,9,0.09774986990502584,0.2912001784400983,-0.500820669416654,0.6963204092267058,-0.619510210141604,0.8150099499516558,0.7398064565150729,2.463116897416925
Pré,tipo_enxurradas,Tipologia | Enxurradas,Tipologia,3,C_prop,estimável com ressalvas,C,10,0.11333040583730443,0.31131098361259135,-0.5265784855512462,0.7532392972258551,-0.6534649382503528,0.8801257499249617,0.7187701502398307,2.463116897416925
Pré,tipo_enxurradas,Tipologia | Enxurradas,Tipologia,3,C_prop,estimável com ressalvas,C,11,0.1436672546891612,0.34183098956974683,-0.5589764074118785,0.8463109167902009,-0.698302431780831,0.9856369411591533,0.6777287917243645,2.463116897416925
Pré,tipo_enxurradas,Tipologia | Enxurradas,Tipologia,3,C_prop,estimável com ressalvas,C,12,0.1897166876803411,0.3868172900421414,-0.6053976393773394,0.9848310147380216,-0.763059515635481,1.1424928909961634,0.6279252948125039,2.463116897416925
Pré,tipo_erosao,Tipologia | Erosão,Tipologia,3,C_prop,estimável com ressalvas,beta,0,0.09088537872816792,0.26410534594649276,-0.4519909347678083,0.6337616922241441,-0.6278909848991964,0.8096617423555322,0.7335196560584334,2.7215517393312707
Pré,tipo_erosao,Tipologia | Erosão,Tipologia,3,C_prop,estimável com ressalvas,beta,1,0.08414110791821341,0.22661209379500286,-0.38166672202991503,0.5499489378663418,-0.5325954301030776,0.7008776459395044,0.7134225219591356,2.7215517393312707
Pré,tipo_erosao,Tipologia | Erosão,Tipologia,3,C_prop,estimável com ressalvas,beta,2,0.07420432274130542,0.20368595228805542,-0.3444781484248003,0.4928867939074111,-0.4801375349855981,0.6285461804682089,0.71857457099233,2.7215517393312707
Pré,tipo_erosao,Tipologia | Erosão,Tipologia,3,C_prop,estimável com ressalvas,beta,3,0.05788250883049048,0.1948526974601404,-0.3426429469978015,0.45840796465878253,-0.47241918885554446,0.5881842065165255,0.7687827639068697,2.7215517393312707
Pré,tipo_erosao,Tipologia | Erosão,Tipologia,3,C_prop,estimável com ressalvas,beta,4,0.03198315181881509,0.1932270711453059,-0.3652007812631021,0.42916708490073235,-0.4938943197425794,0.5578606233802096,0.8698141840349901,2.7215517393312707
Pré,tipo_erosao,Tipologia | Erosão,Tipologia,3,C_prop,estimável com ressalvas,beta,5,-0.006686262660674199,0.18927605335906025,-0.3957487623703619,0.3823762370490135,-0.521810834893783,0.5084383095724346,0.9720900439573402,2.7215517393312707
Pré,tipo_erosao,Tipologia | Erosão,Tipologia,3,C_prop,estimável com ressalvas,beta,6,-0.06131824897493087,0.17516059124609948,-0.4213660007713796,0.29872950282151783,-0.5380268607430466,0.4153903627931849,0.7291071485595173,2.7215517393312707
Pré,tipo_erosao,Tipologia | Erosão,Tipologia,3,C_prop,estimável com ressalvas,beta,7,-0.13404115003525727,0.14885451263131577,-0.4400159828237643,0.17193368275324974,-0.5391564077943233,0.2710741077238088,0.37612811718581485,2.7215517393312707
Pré,tipo_erosao,Tipologia | Erosão,Tipologia,3,C_prop,estimável com ressalvas,beta,8,-0.22272662293035103,0.12283634065984637,-0.4752203372918298,0.02976709143112774,-0.5570320795062444,0.11157883364554236,0.08136236832454469,2.7215517393312707
Pré,tipo_erosao,Tipologia | Erosão,Tipologia,3,C_prop,estimável com ressalvas,beta,9,-0.3241821532932587,0.12697998817296086,-0.5851932571013037,-0.06317104948521379,-0.6697647609656445,0.021400454379127076,0.016893754540719758,2.7215517393312707
Pré,tipo_erosao,Tipologia | Erosão,Tipologia,3,C_prop,estimável com ressalvas,beta,10,-0.43521522675702684,0.1778509419022971,-0.8007930735275619,-0.06963737998649178,-0.9192457670329284,0.04881531351887464,0.02147044703935842,2.7215517393312707
Pré,tipo_erosao,Tipologia | Erosão,Tipologia,3,C_prop,estimável com ressalvas,beta,11,-0.552633328954702,0.2576121190874127,-1.0821626234900525,-0.023104034419351382,-1.2537380397298645,0.1484713818204606,0.041448977197030556,2.7215517393312707
Pré,tipo_erosao,Tipologia | Erosão,Tipologia,3,C_prop,estimável com ressalvas,beta,12,-0.6732439455193305,0.350016992241746,-1.3927141770974738,0.04622628605881263,-1.6258332995503542,0.2793454085116931,0.06543721521310632,2.7215517393312707
Pré,tipo_erosao,Tipologia | Erosão,Tipologia,3,C_prop,estimável com ressalvas,C,0,0.09088537872816792,0.26410534594649276,-0.4519909347678083,0.6337616922241441,-0.5504373558644751,0.7322081133208109,0.7335196560584334,2.4282838058210823
Pré,tipo_erosao,Tipologia | Erosão,Tipologia,3,C_prop,estimável com ressalvas,C,1,0.17502648664638132,0.48761336996209265,-0.8272771499865588,1.1773301232793214,-1.0090371631344124,1.359090136427175,0.7225346161838063,2.4282838058210823
Pré,tipo_erosao,Tipologia | Erosão,Tipologia,3,C_prop,estimável com ressalvas,C,2,0.24923080938768674,0.68017187440976,-1.1488825017984783,1.6473441205738517,-1.4024195384165046,1.900881157191878,0.7170142724553151,2.4282838058210823
Pré,tipo_erosao,Tipologia | Erosão,Tipologia,3,C_prop,estimável com ressalvas,C,3,0.3071133182181772,0.8520552146587177,-1.44431125886199,2.058537895298344,-1.761918561202993,2.3761451976393477,0.7214311936060429,2.4282838058210823
Pré,tipo_erosao,Tipologia | Erosão,Tipologia,3,C_prop,estimável com ressalvas,C,4,0.33909647003699234,1.011174901993307,-1.7394033086270728,2.4175962487010576,-2.116323169326075,2.79451610940006,0.7400526991688663,2.4282838058210823
Pré,tipo_erosao,Tipologia | Erosão,Tipologia,3,C_prop,estimável com ressalvas,C,5,0.33241020737631816,1.160254805030882,-2.0525277006915075,2.717348115444144,-2.4850177463062697,3.149838161058906,0.776767644724593,2.4282838058210823
Pré,tipo_erosao,Tipologia | Erosão,Tipologia,3,C_prop,estimável com ressalvas,C,6,0.2710919584013873,1.2953605213558261,-2.391559726901294,2.9337436437040685,-2.8744110183069194,3.416594935109694,0.835861425921439,2.4282838058210823
Pré,tipo_erosao,Tipologia | Erosão,Tipologia,3,C_prop,estimável com ressalvas,C,7,0.13705080836612998,1.4070739210656587,-2.7552310587309905,3.0293326754632504,-3.2797240077507808,3.5538256244830406,0.9231546999734886,2.4282838058210823
Pré,tipo_erosao,Tipologia | Erosão,Tipologia,3,C_prop,estimável com ressalvas,C,8,-0.08567581456422103,1.4858583086605668,-3.1399013096681254,2.968549680539683,-3.6937614832293786,3.5224098541009363,0.954459669086696,2.4282838058210823
Pré,tipo_erosao,Tipologia | Erosão,Tipologia,3,C_prop,estimável com ressalvas,C,9,-0.40985796785747974,1.5275232919504014,-3.5497270626742026,2.7300111269592433,-4.119118040715149,3.299402105000189,0.7905740020167524,2.4282838058210823
Pré,tipo_erosao,Tipologia | Erosão,Tipologia,3,C_prop,estimável com ressalvas,C,10,-0.8450731946145066,1.5383192901631841,-4.00713378157714,2.316987392348127,-4.580549015099949,2.890402625870936,0.5874542000080437,2.4282838058210823
Pré,tipo_erosao,Tipologia | Erosão,Tipologia,3,C_prop,estimável com ressalvas,C,11,-1.3977065235692085,1.5406517662301134,-4.564561583752345,1.7691485366139281,-5.13884625791544,2.3434332107770235,0.3726237203780915,2.4282838058210823
Pré,tipo_erosao,Tipologia | Erosão,Tipologia,3,C_prop,estimável com ressalvas,C,12,-2.070950469088539,1.5773779689842418,-5.313297320202354,1.1713963820252755,-5.901271846831923,1.7593709086548448,0.20068508040424413,2.4282838058210823
Pré,tipo_estiagem_e_seca,Tipologia | Estiagem e Seca,Tipologia,3,C_prop,estimável,beta,0,0.0019727389754941407,0.014715500290436848,-0.028275405075856554,0.03222088302684484,-0.03731600626799086,0.041261484218979134,0.8943885839508287,2.669888516737521
Pré,tipo_estiagem_e_seca,Tipologia | Estiagem e Seca,Tipologia,3,C_prop,estimável,beta,1,-0.0062646445979428235,0.01170338528459309,-0.030321297582203727,0.01779200838631808,-0.037511378576232796,0.024982089380347152,0.5970021194327304,2.669888516737521
Pré,tipo_estiagem_e_seca,Tipologia | Estiagem e Seca,Tipologia,3,C_prop,estimável,beta,2,-0.014073046592222391,0.009842286088849293,-0.03430415539139734,0.006158062206952558,-0.040350853199286565,0.012204760014841786,0.16466602247673562,2.669888516737521
Pré,tipo_estiagem_e_seca,Tipologia | Estiagem e Seca,Tipologia,3,C_prop,estimável,beta,3,-0.021023485428187175,0.00950567935717953,-0.040562689181169564,-0.001484281675204785,-0.04640258958770971,0.0043556187313353555,0.03598329493420211,2.669888516737521
Pré,tipo_estiagem_e_seca,Tipologia | Estiagem e Seca,Tipologia,3,C_prop,estimável,beta,4,-0.02668697952667977,0.010319027071677056,-0.04789804345066472,-0.0054759156026948155,-0.05423763140925395,0.000863672355894414,0.01565829834216504,2.669888516737521
Pré,tipo_estiagem_e_seca,Tipologia | Estiagem e Seca,Tipologia,3,C_prop,estimável,beta,5,-0.030634547308542787,0.011467696078360992,-0.05420673419102324,-0.007062360426062335,-0.061252017381594706,-1.7077235490870618e-05,0.012860568032761156,2.669888516737521
Pré,tipo_estiagem_e_seca,Tipologia | Estiagem e Seca,Tipologia,3,C_prop,estimável,beta,6,-0.03243720719461883,0.01233251160169872,-0.05778704784431532,-0.007087366544922338,-0.06536363830252649,0.0004892239132888304,0.014148253992489878,2.669888516737521
Pré,tipo_estiagem_e_seca,Tipologia | Estiagem e Seca,Tipologia,3,C_prop,estimável,beta,7,-0.03180897146546963,0.012665506763632652,-0.05784329347344698,-0.00577464945749229,-0.06562446253235385,0.00200651960141459,0.01856892519812852,2.669888516737521
Pré,tipo_estiagem_e_seca,Tipologia | Estiagem e Seca,Tipologia,3,C_prop,estimável,beta,8,-0.029035827840533473,0.012668319674644888,-0.055075931869904754,-0.002995723811162195,-0.06285882906622786,0.004787173385160919,0.03025018750022619,2.669888516737521
Pré,tipo_estiagem_e_seca,Tipologia | Estiagem e Seca,Tipologia,3,C_prop,estimável,beta,9,-0.02454675789896773,0.012756591185965465,-0.05076830661845195,0.0016747908205164905,-0.058605434219092,0.009511918421156541,0.06533493689206674,2.669888516737521
Pré,tipo_estiagem_e_seca,Tipologia | Estiagem e Seca,Tipologia,3,C_prop,estimável,beta,10,-0.0187707432199298,0.013376774280606572,-0.046267096547797454,0.008725610107937855,-0.054485239262711094,0.016943752822851498,0.17237749385871648,2.669888516737521
Pré,tipo_estiagem_e_seca,Tipologia | Estiagem e Seca,Tipologia,3,C_prop,estimável,beta,11,-0.012136765382577084,0.014801517142981484,-0.04256171960655268,0.018288188841398517,-0.05165516603291691,0.027381635267762744,0.41968843990891586,2.669888516737521
Pré,tipo_estiagem_e_seca,Tipologia | Estiagem e Seca,Tipologia,3,C_prop,estimável,beta,12,-0.00507380596606697,0.01700185846272695,-0.040021626547841686,0.029874014615707746,-0.05046687263889829,0.04031926070676435,0.7677496682197111,2.669888516737521
Pré,tipo_estiagem_e_seca,Tipologia | Estiagem e Seca,Tipologia,3,C_prop,estimável,C,0,0.0019727389754941407,0.014715500290436848,-0.028275405075856554,0.03222088302684484,-0.034684392496233236,0.038629870447221513,0.8943885839508287,2.4910557404256055
Pré,tipo_estiagem_e_seca,Tipologia | Estiagem e Seca,Tipologia,3,C_prop,estimável,C,1,-0.004291905622448683,0.026221264078959815,-0.0581904858551795,0.049606674610282134,-0.06961053602755726,0.06102672478265989,0.8712485082695248,2.4910557404256055
Pré,tipo_estiagem_e_seca,Tipologia | Estiagem e Seca,Tipologia,3,C_prop,estimável,C,2,-0.018364952214671076,0.03520561481742134,-0.0907311298774024,0.05400122544806024,-0.10606410110082126,0.06933419667147911,0.606330859358725,2.4910557404256055
Pré,tipo_estiagem_e_seca,Tipologia | Estiagem e Seca,Tipologia,3,C_prop,estimável,C,3,-0.03938843764285825,0.0426236247582241,-0.12700255311505512,0.04822567782933862,-0.14556626277457935,0.06678938748886286,0.363932446108498,2.4910557404256055
Pré,tipo_estiagem_e_seca,Tipologia | Estiagem e Seca,Tipologia,3,C_prop,estimável,C,4,-0.06607541716953802,0.049547083222384415,-0.16792090533203757,0.03577007099296155,-0.1894999632520039,0.057349128912927885,0.1939049910592725,2.4910557404256055
Pré,tipo_estiagem_e_seca,Tipologia | Estiagem e Seca,Tipologia,3,C_prop,estimável,C,5,-0.0967099644780808,0.05689349772991556,-0.21365622392928374,0.020236294973122126,-0.2384348385910781,0.0450149096349165,0.1010953197976168,2.4910557404256055
Pré,tipo_estiagem_e_seca,Tipologia | Estiagem e Seca,Tipologia,3,C_prop,estimável,C,6,-0.12914717167269962,0.06514677105246934,-0.26305827740357773,0.004763934058178487,-0.29143140967314607,0.033137066327746795,0.058095017106614355,2.4910557404256055
Pré,tipo_estiagem_e_seca,Tipologia | Estiagem e Seca,Tipologia,3,C_prop,estimável,C,7,-0.16095614313816925,0.07426797193883655,-0.3136161458067506,-0.008296140469587876,-0.3459618009661758,0.02404951468983732,0.0395606682469315,2.4910557404256055
Pré,tipo_estiagem_e_seca,Tipologia | Estiagem e Seca,Tipologia,3,C_prop,estimável,C,8,-0.18999197097870274,0.0839239028887462,-0.3625000239723263,-0.017483917985079228,-0.399051091028635,0.019067149071229528,0.03215700654697033,2.4910557404256055
Pré,tipo_estiagem_e_seca,Tipologia | Estiagem e Seca,Tipologia,3,C_prop,estimável,C,9,-0.21453872887767045,0.09381272533936277,-0.4073735475320489,-0.021703910223292017,-0.44823145685926075,0.01915399910391985,0.030589260349421964,2.4910557404256055
Pré,tipo_estiagem_e_seca,Tipologia | Estiagem e Seca,Tipologia,3,C_prop,estimável,C,10,-0.23330947209760028,0.10386303708612897,-0.44680300241499493,-0.019815941780205654,-0.4920380868490394,0.025419142653838822,0.03340000759911074,2.4910557404256055
Pré,tipo_estiagem_e_seca,Tipologia | Estiagem e Seca,Tipologia,3,C_prop,estimável,C,11,-0.24544623748017735,0.11430869323473968,-0.48041112151698223,-0.010481353443372476,-0.5301955639431253,0.03930308898277052,0.04127349111130746,2.4910557404256055
Pré,tipo_estiagem_e_seca,Tipologia | Estiagem e Seca,Tipologia,3,C_prop,estimável,C,12,-0.25052004344624434,0.12566780868302346,-0.5088339236839396,0.007793836791450903,-0.5635655596527966,0.06252547276030801,0.05679557335922846,2.4910557404256055
Pré,tipo_granizo,Tipologia | Granizo,Tipologia,3,C_prop,exposição altamente concentrada,beta,0,0.36852411410194186,0.20922032606094856,-0.06153442527879871,0.7985826534826824,-0.18800815395639792,0.9250563821602816,0.08992528871280958,2.660029637350889
Pré,tipo_granizo,Tipologia | Granizo,Tipologia,3,C_prop,exposição altamente concentrada,beta,1,0.22071401723511636,0.17319063216328462,-0.13528442567368448,0.5767124601439172,-0.23997819723075686,0.6814062317009896,0.21379496234903578,2.660029637350889
Pré,tipo_granizo,Tipologia | Granizo,Tipologia,3,C_prop,exposição altamente concentrada,beta,2,0.0813509085698974,0.16096407211792405,-0.24951548023233,0.4122172973721248,-0.3468182938124665,0.5095201109522614,0.6175371382882998,2.660029637350889
Pré,tipo_granizo,Tipologia | Granizo,Tipologia,3,C_prop,exposição altamente concentrada,beta,3,-0.041118223692108345,0.17163115125566838,-0.3939111076863025,0.31167466030208585,-0.4976621727248395,0.41542572534062283,0.8125397701380558,2.660029637350889
Pré,tipo_granizo,Tipologia | Granizo,Tipologia,3,C_prop,exposição altamente concentrada,beta,4,-0.13824639134929437,0.19265106160862008,-0.5342463198716149,0.25775353717302607,-0.6507039248953359,0.3742111421967471,0.4794023612229276,2.660029637350889
Pré,tipo_granizo,Tipologia | Granizo,Tipologia,3,C_prop,exposição altamente concentrada,beta,5,-0.20158660620005403,0.21118360455779306,-0.635680722327313,0.23250750992720493,-0.7633412532463739,0.3601680408462658,0.348593592514012,2.660029637350889
Pré,tipo_granizo,Tipologia | Granizo,Tipologia,3,C_prop,exposição altamente concentrada,beta,6,-0.2226918800427808,0.2187636824668181,-0.6723670694592472,0.22698330937368566,-0.8046097589805361,0.3592259988949745,0.3180781677323961,2.660029637350889
Pré,tipo_granizo,Tipologia | Granizo,Tipologia,3,C_prop,exposição altamente concentrada,beta,7,-0.1959308874097369,0.21150613786125635,-0.6306879802372074,0.23882620541773358,-0.7585434826023019,0.366681707782828,0.36277834385662827,2.660029637350889
Pré,tipo_granizo,Tipologia | Granizo,Tipologia,3,C_prop,exposição altamente concentrada,beta,8,-0.1269349537686601,0.1924919312992005,-0.5226077852553883,0.26873787771806806,-0.6389691959754447,0.3850992884381245,0.5154185875096464,2.660029637350889
Pré,tipo_granizo,Tipologia | Granizo,Tipologia,3,C_prop,exposição altamente concentrada,beta,9,-0.02415106732115696,0.16914077429079166,-0.37182490815072894,0.323522773508415,-0.4740705398191401,0.4257684051768262,0.88755938329676,2.660029637350889
Pré,tipo_granizo,Tipologia | Granizo,Tipologia,3,C_prop,exposição altamente concentrada,beta,10,0.10397378373116595,0.15333997518940787,-0.21122104939142977,0.41916861685376167,-0.303915094863309,0.5118626623256408,0.5037236802054321,2.660029637350889
Pré,tipo_granizo,Tipologia | Granizo,Tipologia,3,C_prop,exposição altamente concentrada,beta,11,0.248992611186702,0.158762530737197,-0.07734844449705056,0.5753336668704545,-0.17332042587507354,0.6713056482484775,0.12889478258321863,2.660029637350889
Pré,tipo_granizo,Tipologia | Granizo,Tipologia,3,C_prop,exposição altamente concentrada,beta,12,0.40245842684384464,0.18906344474637068,0.013832950396449384,0.7910839032912399,-0.10045593952115367,0.9053727932088429,0.04291820908614702,2.660029637350889
Pré,tipo_granizo,Tipologia | Granizo,Tipologia,3,C_prop,exposição altamente concentrada,C,0,0.36852411410194186,0.20922032606094856,-0.06153442527879871,0.7985826534826824,-0.1420948099815722,0.8791430381854559,0.08992528871280958,2.440579907779917
Pré,tipo_granizo,Tipologia | Granizo,Tipologia,3,C_prop,exposição altamente concentrada,C,1,0.5892381313370583,0.37763038442084446,-0.18699224076601262,1.365468503440129,-0.3323989974476609,1.5108752601217774,0.13076636092967842,2.440579907779917
Pré,tipo_granizo,Tipologia | Granizo,Tipologia,3,C_prop,exposição altamente concentrada,C,2,0.6705890399069556,0.5205368967119626,-0.39938987518428815,1.7405679549981994,-0.5998228514663702,1.9410009312802814,0.20900119502401165,2.440579907779917
Pré,tipo_granizo,Tipologia | Granizo,Tipologia,3,C_prop,exposição altamente concentrada,C,3,0.6294708162148472,0.6562610161476078,-0.7194930219102467,1.9784346543399411,-0.972186634054236,2.2311282664839305,0.34630470810485614,2.440579907779917
Pré,tipo_granizo,Tipologia | Granizo,Tipologia,3,C_prop,exposição altamente concentrada,C,4,0.49122442486555296,0.8008289867069168,-1.154903132629057,2.1373519823601628,-1.4632627096590984,2.4457115593902046,0.5449445886826733,2.440579907779917
Pré,tipo_granizo,Tipologia | Granizo,Tipologia,3,C_prop,exposição altamente concentrada,C,5,0.2896378186654989,0.9623186814788629,-1.6884365604702984,2.267712197801296,-2.0589778202330757,2.6382534575640735,0.7658242684864925,2.440579907779917
Pré,tipo_granizo,Tipologia | Granizo,Tipologia,3,C_prop,exposição altamente concentrada,C,6,0.06694593862271808,1.138411653545398,-2.2730927285339595,2.406984605779396,-2.711438669802692,2.8453305470481287,0.9535559359384606,2.440579907779917
Pré,tipo_granizo,Tipologia | Granizo,Tipologia,3,C_prop,exposição altamente concentrada,C,7,-0.12898494878701883,1.3184680169855785,-2.8391347716099675,2.58116487403593,-3.346811500092452,3.0888416025184147,0.9228180429967898,2.440579907779917
Pré,tipo_granizo,Tipologia | Granizo,Tipologia,3,C_prop,exposição altamente concentrada,C,8,-0.2559199025556789,1.489659686161525,-3.3179592410201977,2.8061194359088395,-3.891553402031234,3.379713596919876,0.864926868991591,2.440579907779917
Pré,tipo_granizo,Tipologia | Granizo,Tipologia,3,C_prop,exposição altamente concentrada,C,9,-0.2800709698768359,1.641672554776754,-3.6545772348325087,3.0944352950788367,-4.286704022218707,3.726562082465035,0.8658581850339044,2.440579907779917
Pré,tipo_granizo,Tipologia | Granizo,Tipologia,3,C_prop,exposição altamente concentrada,C,10,-0.17609718614566994,1.7689846197265708,-3.812297148500105,3.4601027762087653,-4.493445506222036,4.141251133930696,0.9214675282920471,2.440579907779917
Pré,tipo_granizo,Tipologia | Granizo,Tipologia,3,C_prop,exposição altamente concentrada,C,11,0.07289542504103205,1.8720325428013511,-3.77512257678462,3.9209134268666843,-4.495949585630093,4.6417404357121566,0.9692363330181047,2.440579907779917
Pré,tipo_granizo,Tipologia | Granizo,Tipologia,3,C_prop,exposição altamente concentrada,C,12,0.47535385188487667,1.9577894214368747,-3.548939938542219,4.499647642311972,-4.302787673738028,5.2534953775077815,0.8100645614553749,2.440579907779917
Pré,tipo_incendio_florestal,Tipologia | Incêndio Florestal,Tipologia,3,C_prop,estimável com ressalvas,beta,0,-0.14581527540470152,0.036754860134563604,-0.22136597242449838,-0.07026457838490466,-0.24417422909605413,-0.04745632171334892,0.0005091748693716378,2.6760802062978772
Pré,tipo_incendio_florestal,Tipologia | Incêndio Florestal,Tipologia,3,C_prop,estimável com ressalvas,beta,1,-0.1017528157247081,0.03565916039841195,-0.175051269680932,-0.02845436176848419,-0.19717958904009944,-0.006326042409316751,0.008373939825563375,2.6760802062978772
Pré,tipo_incendio_florestal,Tipologia | Incêndio Florestal,Tipologia,3,C_prop,estimável com ressalvas,beta,2,-0.06019117268689536,0.03920001334816107,-0.14076795411923404,0.020385608745443304,-0.1650935524945218,0.04471120712073105,0.1367446941562204,2.6760802062978772
Pré,tipo_incendio_florestal,Tipologia | Incêndio Florestal,Tipologia,3,C_prop,estimável com ressalvas,beta,3,-0.023631162933444035,0.045060886854363845,-0.11625514239394458,0.06899281652705652,-0.14421771032263533,0.09695538445574728,0.6044241453556467,2.6760802062978772
Pré,tipo_incendio_florestal,Tipologia | Incêndio Florestal,Tipologia,3,C_prop,estimável com ressalvas,beta,4,0.005426396893465216,0.050773761496141497,-0.09894056457248565,0.10979335835941609,-0.13044826124564834,0.14130105503257878,0.9157093050473465,2.6760802062978772
Pré,tipo_incendio_florestal,Tipologia | Incêndio Florestal,Tipologia,3,C_prop,estimável com ressalvas,beta,5,0.024480690151651677,0.05456313356570044,-0.08767543715724867,0.136636817460552,-0.12153463157710657,0.17049601188040991,0.6573888606217964,2.6760802062978772
Pré,tipo_incendio_florestal,Tipologia | Incêndio Florestal,Tipologia,3,C_prop,estimável com ressalvas,beta,6,0.03103090019893466,0.05518004840134038,-0.08239331371575911,0.14445511411362844,-0.11663533511045114,0.17869713550832045,0.5786894258998403,2.6760802062978772
Pré,tipo_incendio_florestal,Tipologia | Incêndio Florestal,Tipologia,3,C_prop,estimável com ressalvas,beta,7,0.023409815940527032,0.0519603714036982,-0.08339625712259194,0.130215889003646,-0.11564030548479597,0.16245993736585002,0.6560614353574865,2.6760802062978772
Pré,tipo_incendio_florestal,Tipologia | Incêndio Florestal,Tipologia,3,C_prop,estimável com ressalvas,beta,8,0.0032846484712159285,0.0455220570044415,-0.0902872798089926,0.09685657675142445,-0.1185360272283336,0.12510532417076548,0.9430306818604943,2.6760802062978772
Pré,tipo_incendio_florestal,Tipologia | Incêndio Florestal,Tipologia,3,C_prop,estimável com ressalvas,beta,9,-0.02684378556681797,0.03718160534288977,-0.10327166992512904,0.04958409879149311,-0.12634474366330467,0.07265717252966875,0.47676001647099475,2.6760802062978772
Pré,tipo_incendio_florestal,Tipologia | Incêndio Florestal,Tipologia,3,C_prop,estimável com ressalvas,beta,10,-0.06447466953139394,0.02928169800617586,-0.12466406179653876,-0.004285277266249124,-0.14283484197251317,0.013885502909725289,0.03674612602533531,2.6760802062978772
Pré,tipo_incendio_florestal,Tipologia | Incêndio Florestal,Tipologia,3,C_prop,estimável com ressalvas,beta,11,-0.10710718678033132,0.026166430320439558,-0.1608930546081923,-0.05332131895247033,-0.17713065303033224,-0.037083720530330405,0.0003663938918017533,2.6760802062978772
Pré,tipo_incendio_florestal,Tipologia | Incêndio Florestal,Tipologia,3,C_prop,estimável com ressalvas,beta,12,-0.1522405206714494,0.03130330152845817,-0.2165853784899096,-0.08789566285298915,-0.2360106662835304,-0.06847037505936839,4.8193433003102894e-05,2.6760802062978772
Pré,tipo_incendio_florestal,Tipologia | Incêndio Florestal,Tipologia,3,C_prop,estimável com ressalvas,C,0,-0.14581527540470152,0.036754860134563604,-0.22136597242449838,-0.07026457838490466,-0.23472167969676355,-0.056908871112639495,0.0005091748693716378,2.4189019891945134
Pré,tipo_incendio_florestal,Tipologia | Incêndio Florestal,Tipologia,3,C_prop,estimável com ressalvas,C,1,-0.2475680911294096,0.07109508894621201,-0.39370613940128196,-0.10143004285753726,-0.41954014320336275,-0.0755960390554565,0.001774574499612684,2.4189019891945134
Pré,tipo_incendio_florestal,Tipologia | Incêndio Florestal,Tipologia,3,C_prop,estimável com ressalvas,C,2,-0.307759263816305,0.10676336713266345,-0.5272145079261317,-0.08830401970647828,-0.5660093849466088,-0.049509142686001206,0.0078105608738824675,2.4189019891945134
Pré,tipo_incendio_florestal,Tipologia | Incêndio Florestal,Tipologia,3,C_prop,estimável com ressalvas,C,3,-0.331390426749749,0.14658030629892743,-0.6326905614724838,-0.030090292027014243,-0.6859538212329657,0.02317296773346761,0.032369980197264996,2.4189019891945134
Pré,tipo_incendio_florestal,Tipologia | Incêndio Florestal,Tipologia,3,C_prop,estimável com ressalvas,C,4,-0.3259640298562838,0.19153720991111045,-0.719674403424091,0.06774634371152327,-0.7892737679150359,0.13734570820246833,0.10071694680591561,2.4189019891945134
Pré,tipo_incendio_florestal,Tipologia | Incêndio Florestal,Tipologia,3,C_prop,estimável com ressalvas,C,5,-0.30148333970463215,0.2406504167862647,-0.7961473558304764,0.19318067642121206,-0.8835931115694166,0.28062643216015226,0.22143470219826153,2.4189019891945134
Pré,tipo_incendio_florestal,Tipologia | Incêndio Florestal,Tipologia,3,C_prop,estimável com ressalvas,C,6,-0.2704524395056974,0.29129908332103666,-0.8692262807217715,0.3283214017103767,-0.9750763716014913,0.43417149259009646,0.3617214225784931,2.4189019891945134
Pré,tipo_incendio_florestal,Tipologia | Incêndio Florestal,Tipologia,3,C_prop,estimável com ressalvas,C,7,-0.2470426235651704,0.3398475197688891,-0.9456092050998879,0.45152395796954714,-1.069100465156958,0.5750152180266171,0.47376852072901565,2.4189019891945134
Pré,tipo_incendio_florestal,Tipologia | Incêndio Florestal,Tipologia,3,C_prop,estimável com ressalvas,C,8,-0.2437579750939545,0.3828413732883113,-1.030699688218544,0.5431837380306349,-1.1698137344870099,0.6822977842991009,0.529881800303777,2.4189019891945134
Pré,tipo_incendio_florestal,Tipologia | Incêndio Florestal,Tipologia,3,C_prop,estimável com ressalvas,C,9,-0.27060176066077246,0.41756908616570504,-1.1289273099415817,0.5877237886200369,-1.2806604538131314,0.7394569324915865,0.522640845651716,2.4189019891945134
Pré,tipo_incendio_florestal,Tipologia | Incêndio Florestal,Tipologia,3,C_prop,estimável com ressalvas,C,10,-0.3350764301921664,0.4422684759878899,-1.2441723023689928,0.57401944198466,-1.404880526517299,0.7347276661329664,0.45548405021991595,2.4189019891945134
Pré,tipo_incendio_florestal,Tipologia | Incêndio Florestal,Tipologia,3,C_prop,estimável com ressalvas,C,11,-0.44218361697249775,0.4562757100583888,-1.3800717711351962,0.4957045371902007,-1.5458698396538735,0.661502605708878,0.34141727414136147,2.4189019891945134
Pré,tipo_incendio_florestal,Tipologia | Incêndio Florestal,Tipologia,3,C_prop,estimável com ressalvas,C,12,-0.5944241376439472,0.4601853087640017,-1.540348587039313,0.3515003117514187,-1.7075672964112822,0.5187190211233879,0.20782404526361448,2.4189019891945134
Pré,tipo_inundacoes,Tipologia | Inundações,Tipologia,3,C_prop,estimável com ressalvas,beta,0,0.095461546778812,0.10052998918508091,-0.1111808054575715,0.3021038990151955,-0.15386890316148552,0.34479199671910954,0.351068144646882,2.480159920053978
Pré,tipo_inundacoes,Tipologia | Inundações,Tipologia,3,C_prop,estimável com ressalvas,beta,1,0.07679519661597574,0.0858242424988909,-0.09961906038971931,0.2532094536216708,-0.1360626497987667,0.2896530430307182,0.37910526835678493,2.480159920053978
Pré,tipo_inundacoes,Tipologia | Inundações,Tipologia,3,C_prop,estimável com ressalvas,beta,2,0.059524930066953044,0.0720985682642399,-0.08867579948419489,0.20772565961810097,-0.11929104923529045,0.23834090936919655,0.41653977740662385,2.480159920053978
Pré,tipo_inundacoes,Tipologia | Inundações,Tipologia,3,C_prop,estimável com ressalvas,beta,3,0.045046830745557466,0.0600193639630209,-0.07832473876905319,0.16841840026016813,-0.10381079018265904,0.19390445167377396,0.4596695517674281,2.480159920053978
Pré,tipo_inundacoes,Tipologia | Inundações,Tipologia,3,C_prop,estimável com ressalvas,beta,4,0.034756982265602546,0.05015316066410359,-0.06833431592044814,0.13784828045165323,-0.08963087667753492,0.15914484120874,0.4944434993206911,2.480159920053978
Pré,tipo_inundacoes,Tipologia | Inundações,Tipologia,3,C_prop,estimável com ressalvas,beta,5,0.03005146824090185,0.04283728306216587,-0.05800182816485784,0.11810476464666154,-0.07619184429388909,0.1362947807756928,0.4892071081403063,2.480159920053978
Pré,tipo_inundacoes,Tipologia | Inundações,Tipologia,3,C_prop,estimável com ressalvas,beta,6,0.03232637228526892,0.038091502495361564,-0.04597183245608525,0.1106245770266231,-0.062146645498362914,0.12679939006890076,0.4038218219988113,2.480159920053978
Pré,tipo_inundacoes,Tipologia | Inundações,Tipologia,3,C_prop,estimável com ressalvas,beta,7,0.0425124168079128,0.03573484001813758,-0.03094159883456242,0.11596643245038803,-0.046115701154612984,0.13114053477043858,0.24492966000133193,2.480159920053978
Pré,tipo_inundacoes,Tipologia | Inundações,Tipologia,3,C_prop,estimável com ressalvas,beta,8,0.059678879399624456,0.035600162811801415,-0.01349830328051261,0.13285606207976153,-0.028615217553601545,0.14797297635285045,0.10565206711070399,2.480159920053978
Pré,tipo_inundacoes,Tipologia | Inundações,Tipologia,3,C_prop,estimável com ressalvas,beta,9,0.08242967644659034,0.037836269475407754,0.004656110691464946,0.16020324220171572,-0.011410322630677719,0.17626967552385842,0.038617523328951416,2.480159920053978
Pré,tipo_inundacoes,Tipologia | Inundações,Tipologia,3,C_prop,estimável com ressalvas,beta,10,0.10936872433499688,0.042479387047539695,0.022051093723274254,0.1966863549467195,0.004013051151228839,0.21472439751876493,0.016078983005431775,2.480159920053978
Pré,tipo_inundacoes,Tipologia | Inundações,Tipologia,3,C_prop,estimável com ressalvas,beta,11,0.13909993945103052,0.04914542643949209,0.038080068629996716,0.24011981027206433,0.017211422541841173,0.2609884563602199,0.008847726046207276,2.480159920053978
Pré,tipo_inundacoes,Tipologia | Inundações,Tipologia,3,C_prop,estimável com ressalvas,beta,12,0.17022723818087773,0.057140796691432384,0.05277264843413115,0.2876818279276243,0.028508924426834198,0.31194555193492124,0.006191653745002909,2.480159920053978
Pré,tipo_inundacoes,Tipologia | Inundações,Tipologia,3,C_prop,estimável com ressalvas,C,0,0.095461546778812,0.10052998918508091,-0.1111808054575715,0.3021038990151955,-0.13038782934710222,0.3213109229047262,0.351068144646882,2.2465870926347544
Pré,tipo_inundacoes,Tipologia | Inundações,Tipologia,3,C_prop,estimável com ressalvas,C,1,0.17225674339478775,0.18626498666654492,-0.21061642008671766,0.5551299068762932,-0.24620377146005673,0.5907172582496323,0.3635773803727017,2.2465870926347544
Pré,tipo_inundacoes,Tipologia | Inundações,Tipologia,3,C_prop,estimável com ressalvas,C,2,0.23178167346174078,0.25801772928916855,-0.29858136478393277,0.7621447117074143,-0.34787762683023354,0.8114409737537152,0.37726073010072153,2.2465870926347544
Pré,tipo_inundacoes,Tipologia | Inundações,Tipologia,3,C_prop,estimável com ressalvas,C,3,0.27682850420729826,0.317180328238968,-0.37514499784631,0.9288020062609066,-0.435744727252022,0.9894017356666185,0.39077265817848017,2.2465870926347544
Pré,tipo_inundacoes,Tipologia | Inundações,Tipologia,3,C_prop,estimável com ressalvas,C,4,0.3115854864729008,0.3656700648132145,-0.4400600965811092,1.0632310695269107,-0.509924161299381,1.1330951342451827,0.401942495563747,2.2465870926347544
Pré,tipo_inundacoes,Tipologia | Inundações,Tipologia,3,C_prop,estimável com ressalvas,C,5,0.3416369547138026,0.40585612785910624,-0.4926122639541963,1.1758861733818016,-0.5701541836011861,1.2534280930287913,0.407593657218099,2.2465870926347544
Pré,tipo_inundacoes,Tipologia | Inundações,Tipologia,3,C_prop,estimável com ressalvas,C,6,0.3739633269990716,0.44047971969438143,-0.5314557039578907,1.2793823579560337,-0.6156127258337003,1.3635393798318436,0.40363575895192794,2.2465870926347544
Pré,tipo_inundacoes,Tipologia | Inundações,Tipologia,3,C_prop,estimável com ressalvas,C,7,0.4164757438069844,0.4724390114306107,-0.5546365521519729,1.3875880397659417,-0.6448996413301489,1.4778511289441176,0.38610066660693876,2.2465870926347544
Pré,tipo_inundacoes,Tipologia | Inundações,Tipologia,3,C_prop,estimável com ressalvas,C,8,0.47615462320660884,0.5041878162426616,-0.5602182756852457,1.5125275220984635,-0.6565472170278582,1.608856463441076,0.3536597566050405,2.2465870926347544
Pré,tipo_inundacoes,Tipologia | Inundações,Tipologia,3,C_prop,estimável com ressalvas,C,9,0.5585842996531991,0.5377252228574756,-0.5467257258311418,1.66389432513754,-0.6494622454025525,1.7666308447089507,0.3084663715657153,2.2465870926347544
Pré,tipo_inundacoes,Tipologia | Inundações,Tipologia,3,C_prop,estimável com ressalvas,C,10,0.6679530239881961,0.5747344232593706,-0.5134305024228736,1.8493365503992658,-0.6232379129991856,1.9591439609755779,0.2557141144457886,2.2465870926347544
Pré,tipo_inundacoes,Tipologia | Inundações,Tipologia,3,C_prop,estimável com ressalvas,C,11,0.8070529634392266,0.6166485452951195,-0.46048627471119497,2.074592201589648,-0.5783016991127866,2.19240762599124,0.2020620366933791,2.2465870926347544
Pré,tipo_inundacoes,Tipologia | Inundações,Tipologia,3,C_prop,estimável com ressalvas,C,12,0.9772802016201043,0.6646219609817909,-0.3888698047465222,2.3434302079867306,-0.5158509174031867,2.4704113206433953,0.15344451623874314,2.2465870926347544
Pré,tipo_movimento_de_massa,Tipologia | Movimento de Massa,Tipologia,3,C_prop,estimável com ressalvas,beta,0,0.28712051419211415,0.21719978274432272,-0.15934003330567764,0.7335810616899059,-0.308560453171968,0.8828014815561963,0.19770843172587033,2.7425486335098666
Pré,tipo_movimento_de_massa,Tipologia | Movimento de Massa,Tipologia,3,C_prop,estimável com ressalvas,beta,1,0.1482664150379675,0.1549822793078755,-0.17030422254734284,0.46683705262327785,-0.2767800232960909,0.573312853372026,0.3475469181432246,2.7425486335098666
Pré,tipo_movimento_de_massa,Tipologia | Movimento de Massa,Tipologia,3,C_prop,estimável com ressalvas,beta,2,0.017160892835405398,0.10690607554292893,-0.20258769261286394,0.23690947828367473,-0.27603421855875687,0.31035600422956766,0.8737097459855071,2.7425486335098666
Pré,tipo_movimento_de_massa,Tipologia | Movimento de Massa,Tipologia,3,C_prop,estimável com ressalvas,beta,3,-0.09844747546398763,0.085552912095661,-0.2743040048382448,0.07740905391026953,-0.33308049762473246,0.13618554669675717,0.2603208788785862,2.7425486335098666
Pré,tipo_movimento_de_massa,Tipologia | Movimento de Massa,Tipologia,3,C_prop,estimável com ressalvas,beta,4,-0.190810112908627,0.08985231528866976,-0.37550419211470887,-0.006116033702545182,-0.43723445742126593,0.05561423160401191,0.04338093339983989,2.7425486335098666
Pré,tipo_movimento_de_massa,Tipologia | Movimento de Massa,Tipologia,3,C_prop,estimável com ressalvas,beta,5,-0.25217844254692817,0.0985352567959441,-0.4547205636352265,-0.04963632145862981,-0.5224161764251884,0.018059291331332106,0.016654147908591346,2.7425486335098666
Pré,tipo_movimento_de_massa,Tipologia | Movimento de Massa,Tipologia,3,C_prop,estimável com ressalvas,beta,6,-0.27480388742730666,0.09754159697533657,-0.4753035115023496,-0.07430426335226367,-0.5423164609223861,-0.007291313932227206,0.009126889405843426,2.7425486335098666
Pré,tipo_movimento_de_massa,Tipologia | Movimento de Massa,Tipologia,3,C_prop,estimável com ressalvas,beta,7,-0.2535207295820393,0.09102067217120322,-0.44061640075500963,-0.06642505840906895,-0.5031493496663222,-0.0038921094977563964,0.009845394648663524,2.7425486335098666
Pré,tipo_movimento_de_massa,Tipologia | Movimento de Massa,Tipologia,3,C_prop,estimável com ressalvas,beta,8,-0.19349468697884933,0.10786731266888915,-0.4152191236370464,0.028229749679347688,-0.48932603793929275,0.1023366639815941,0.08448105195745029,2.7425486335098666
Pré,tipo_movimento_de_massa,Tipologia | Movimento de Massa,Tipologia,3,C_prop,estimável com ressalvas,beta,9,-0.10247433656932112,0.1648901105037369,-0.44141081285082884,0.23646213971218658,-0.5546934838106357,0.34974481067199337,0.5397013883940847,2.7425486335098666
Pré,tipo_movimento_de_massa,Tipologia | Movimento de Massa,Tipologia,3,C_prop,estimável com ressalvas,beta,10,0.011791744694960747,0.24940059286050817,-0.5008585159447995,0.5244420053347209,-0.6722015104511766,0.695784999841098,0.9626511040814736,2.7425486335098666
Pré,tipo_movimento_de_massa,Tipologia | Movimento de Massa,Tipologia,3,C_prop,estimável com ressalvas,beta,11,0.1415549798624117,0.34917777558139235,-0.576190217164975,0.8593001768897984,-0.8160820514103507,1.099192011135174,0.6885036965303054,2.7425486335098666
Pré,tipo_movimento_de_massa,Tipologia | Movimento de Massa,Tipologia,3,C_prop,estimável com ressalvas,beta,12,0.2790667919814472,0.45655973254989823,-0.6594051787737856,1.21753876273668,-0.9730704786389064,1.5312040626018006,0.5463493262983236,2.7425486335098666
Pré,tipo_movimento_de_massa,Tipologia | Movimento de Massa,Tipologia,3,C_prop,estimável com ressalvas,C,0,0.28712051419211415,0.21719978274432272,-0.15934003330567764,0.7335810616899059,-0.2824097052397988,0.8566507336240271,0.19770843172587033,2.622149121126594
Pré,tipo_movimento_de_massa,Tipologia | Movimento de Massa,Tipologia,3,C_prop,estimável com ressalvas,C,1,0.43538692923008165,0.3703808425998498,-0.3259417962432622,1.1967156547034254,-0.535806871675242,1.4065807301354052,0.25044276151452094,2.622149121126594
Pré,tipo_movimento_de_massa,Tipologia | Movimento de Massa,Tipologia,3,C_prop,estimável com ressalvas,C,2,0.45254782206548705,0.46739668309222865,-0.5081998195546228,1.4132954636855968,-0.7730359797222854,1.6781316238532595,0.341850264108498,2.622149121126594
Pré,tipo_movimento_de_massa,Tipologia | Movimento de Massa,Tipologia,3,C_prop,estimável com ressalvas,C,3,0.3541003466014994,0.5205155523745951,-0.7158346945759373,1.424035387778936,-1.0107690515902688,1.7189697447932675,0.5023355787362317,2.622149121126594
Pré,tipo_movimento_de_massa,Tipologia | Movimento de Massa,Tipologia,3,C_prop,estimável com ressalvas,C,4,0.1632902336928724,0.5446597554491791,-0.9562739276769435,1.2828543950626883,-1.2648888653712183,1.591469332756963,0.7667117669120237,2.622149121126594
Pré,tipo_movimento_de_massa,Tipologia | Movimento de Massa,Tipologia,3,C_prop,estimável com ressalvas,C,5,-0.08888820885405577,0.5534825943806969,-1.2265879753800109,1.0488115576718995,-1.5402021072682672,1.3624256895601559,0.873651313797433,2.622149121126594
Pré,tipo_movimento_de_massa,Tipologia | Movimento de Massa,Tipologia,3,C_prop,estimável com ressalvas,C,6,-0.36369209628136245,0.5539354470424533,-1.5023227147849259,0.7749385222222008,-1.8161934419045984,1.0888092493418733,0.5172330738243945,2.622149121126594
Pré,tipo_movimento_de_massa,Tipologia | Movimento de Massa,Tipologia,3,C_prop,estimável com ressalvas,C,7,-0.6172128258634018,0.5441933858085207,-1.735818350707555,0.5013926989807516,-2.0441690341841197,0.8097433824573164,0.267068669879535,2.622149121126594
Pré,tipo_movimento_de_massa,Tipologia | Movimento de Massa,Tipologia,3,C_prop,estimável com ressalvas,C,8,-0.8107075128422511,0.5234427826829876,-1.8866595620922761,0.2652445364077741,-2.1832525454145055,0.5618375197300035,0.13351771851904604,2.622149121126594
Pré,tipo_movimento_de_massa,Tipologia | Movimento de Massa,Tipologia,3,C_prop,estimável com ressalvas,C,9,-0.9131818494115722,0.5148225627355903,-1.9714147827921458,0.14505108396900135,-2.263123379824841,0.4367596810016967,0.08781385329243684,2.622149121126594
Pré,tipo_movimento_de_massa,Tipologia | Movimento de Massa,Tipologia,3,C_prop,estimável com ressalvas,C,10,-0.9013901047166114,0.5862805414584252,-2.106507016987888,0.3037268075546654,-2.4387051112354445,0.6359249018022218,0.13625974353393322,2.622149121126594
Pré,tipo_movimento_de_massa,Tipologia | Movimento de Massa,Tipologia,3,C_prop,estimável com ressalvas,C,11,-0.7598351248541997,0.8085800773121674,-2.42189527726949,0.902225027561091,-2.880052663938773,1.3603824142303735,0.35601259332308177,2.622149121126594
Pré,tipo_movimento_de_massa,Tipologia | Movimento de Massa,Tipologia,3,C_prop,estimável com ressalvas,C,12,-0.4807683328727525,1.190688753893466,-2.928264118761771,1.9667274530162662,-3.602931802429824,2.641395136684319,0.6896812513860213,2.622149121126594
Pré,tipo_onda_de_frio,Tipologia | Onda de Frio,Tipologia,3,C_prop,exposição altamente concentrada,beta,0,0.47866784541902063,0.06902320720230933,0.33678861106512703,0.6205470797729142,0.29423441691475744,0.6631012739232838,2.3102931512742486e-07,2.67204953203178
Pré,tipo_onda_de_frio,Tipologia | Onda de Frio,Tipologia,3,C_prop,exposição altamente concentrada,beta,1,0.36687551716063443,0.05386273714171986,0.25615907531994636,0.4775919590013225,0.22295161558715113,0.5107994187341177,3.1412774936370913e-07,2.67204953203178
Pré,tipo_onda_de_frio,Tipologia | Onda de Frio,Tipologia,3,C_prop,exposição altamente concentrada,beta,2,0.25750139988205173,0.04552114848600946,0.16393133908822582,0.35107146067587763,0.135866636372461,0.37913616339164247,5.994922365368551e-06,2.67204953203178
Pré,tipo_onda_de_frio,Tipologia | Onda de Frio,Tipologia,3,C_prop,exposição altamente concentrada,beta,3,0.15296370456307617,0.045927035923383513,0.05855933019295258,0.2473680789331998,0.03024438971639251,0.2756830194097598,0.002601516066638417,2.67204953203178
Pré,tipo_onda_de_frio,Tipologia | Onda de Frio,Tipologia,3,C_prop,exposição altamente concentrada,beta,4,0.05568064218351123,0.05206458423989492,-0.05133964343229457,0.16270092779931702,-0.08343850577012918,0.19479979013715165,0.2946940714977164,2.67204953203178
Pré,tipo_onda_de_frio,Tipologia | Onda de Frio,Tipologia,3,C_prop,exposição altamente concentrada,beta,5,-0.03192957627683952,0.05923804044580924,-0.15369511230071764,0.08983595974703859,-0.19021655452854375,0.12635740197486472,0.5944694561024388,2.67204953203178
Pré,tipo_onda_de_frio,Tipologia | Onda de Frio,Tipologia,3,C_prop,exposição altamente concentrada,beta,6,-0.10744873983817255,0.06455730041378635,-0.24014817131802216,0.025250691641677064,-0.27994904419806543,0.06505156452172031,0.10804142344186056,2.67204953203178
Pré,tipo_onda_de_frio,Tipologia | Onda de Frio,Tipologia,3,C_prop,exposição altamente concentrada,beta,7,-0.16926470784728548,0.06730399805108274,-0.3076100571796486,-0.030919358514922335,-0.34910432434354893,0.010574908648977976,0.01842363222365883,2.67204953203178
Pré,tipo_onda_de_frio,Tipologia | Onda de Frio,Tipologia,3,C_prop,exposição altamente concentrada,beta,8,-0.21898962095738067,0.06915727844733176,-0.3611444427022934,-0.07683479921246794,-0.403781294469165,-0.034197947445596344,0.003913730490896934,2.67204953203178
Pré,tipo_onda_de_frio,Tipologia | Onda de Frio,Tipologia,3,C_prop,exposição altamente concentrada,beta,9,-0.2590416901482617,0.07270997347338895,-0.4084991811057551,-0.10958419919076831,-0.45332634074187383,-0.06475703955464965,0.0014460686304566346,2.67204953203178
Pré,tipo_onda_de_frio,Tipologia | Onda de Frio,Tipologia,3,C_prop,exposição altamente concentrada,beta,10,-0.2918391263997321,0.08015499493243954,-0.4566000781376319,-0.12707817466183227,-0.5060172430989669,-0.07766100970049733,0.0011837530506771637,2.67204953203178
Pré,tipo_onda_de_frio,Tipologia | Onda de Frio,Tipologia,3,C_prop,exposição altamente concentrada,beta,11,-0.3198001406915954,0.09223138453270295,-0.5093844667653573,-0.1302158146178335,-0.5662469685708474,-0.07335331281234334,0.0018426420300570118,2.67204953203178
Pré,tipo_onda_de_frio,Tipologia | Onda de Frio,Tipologia,3,C_prop,exposição altamente concentrada,beta,12,-0.3453429440036552,0.10816657297033937,-0.5676825190213003,-0.12300336898601008,-0.6343693846905318,-0.05631650331677851,0.003668548895348293,2.67204953203178
Pré,tipo_onda_de_frio,Tipologia | Onda de Frio,Tipologia,3,C_prop,exposição altamente concentrada,C,0,0.47866784541902063,0.06902320720230933,0.33678861106512703,0.6205470797729142,0.30575348433942195,0.6515822064986193,2.3102931512742486e-07,2.505162655985847
Pré,tipo_onda_de_frio,Tipologia | Onda de Frio,Tipologia,3,C_prop,exposição altamente concentrada,C,1,0.8455433625796551,0.12172677517417572,0.5953303927380744,1.0957563324212358,0.540597991179725,1.1504887339795853,2.246173090129086e-07,2.505162655985847
Pré,tipo_onda_de_frio,Tipologia | Onda de Frio,Tipologia,3,C_prop,exposição altamente concentrada,C,2,1.1030447624617068,0.16209034934205463,0.769863277669206,1.4362262472542076,0.6969820723942914,1.5091074525291222,3.19008176100834e-07,2.505162655985847
Pré,tipo_onda_de_frio,Tipologia | Onda de Frio,Tipologia,3,C_prop,exposição altamente concentrada,C,3,1.256008467024783,0.19571812843760397,0.8537040923452012,1.6583128417043649,0.765702720563456,1.74631421348611,8.461784341186875e-07,2.505162655985847
Pré,tipo_onda_de_frio,Tipologia | Onda de Frio,Tipologia,3,C_prop,exposição altamente concentrada,C,4,1.3116891092082943,0.22884613955698674,0.8412891324291327,1.7820890859874559,0.7383923064236056,1.8849859119929828,4.93151098910719e-06,2.505162655985847
Pré,tipo_onda_de_frio,Tipologia | Onda de Frio,Tipologia,3,C_prop,exposição altamente concentrada,C,5,1.2797595329314548,0.26650736689805676,0.7319457946573019,1.8275732712056079,0.6121152298333243,1.9474038360295853,5.6682158100741866e-05,2.505162655985847
Pré,tipo_onda_de_frio,Tipologia | Onda de Frio,Tipologia,3,C_prop,exposição altamente concentrada,C,6,1.1723107930932821,0.310863330211299,0.5333220664493964,1.811299519737168,0.3935475871325389,1.9510739990540253,0.0008467522957758209,2.505162655985847
Pré,tipo_onda_de_frio,Tipologia | Onda de Frio,Tipologia,3,C_prop,exposição altamente concentrada,C,7,1.0030460852459966,0.36111230702538716,0.26076910749906956,1.7453230629929237,0.09840101906910115,1.907691151422892,0.010025006802358367,2.505162655985847
Pré,tipo_onda_de_frio,Tipologia | Onda de Frio,Tipologia,3,C_prop,exposição altamente concentrada,C,8,0.784056464288616,0.41532303831522804,-0.06965226751493736,1.6377651960921693,-0.25639530146927225,1.8245082300465043,0.0702588946312801,2.505162655985847
Pré,tipo_onda_de_frio,Tipologia | Onda de Frio,Tipologia,3,C_prop,exposição altamente concentrada,C,9,0.5250147741403542,0.4723745946648568,-0.44596511126025384,1.4959946595409623,-0.6583604200504963,1.708389968331205,0.27655252911180156,2.505162655985847
Pré,tipo_onda_de_frio,Tipologia | Onda de Frio,Tipologia,3,C_prop,exposição altamente concentrada,C,10,0.23317564774062216,0.532896321805617,-0.8622084294753298,1.3285597249565742,-1.1018163171590258,1.5681676126402702,0.6653165412515232,2.505162655985847
Pré,tipo_onda_de_frio,Tipologia | Onda de Frio,Tipologia,3,C_prop,exposição altamente concentrada,C,11,-0.08662449295097324,0.5994019621035472,-1.3187128716351146,1.1454638857331683,-1.5882239043374236,1.4149749184354772,0.8862057066158459,2.505162655985847
Pré,tipo_onda_de_frio,Tipologia | Onda de Frio,Tipologia,3,C_prop,exposição altamente concentrada,C,12,-0.4319674369546284,0.6758104981962098,-1.8211158109408443,0.9571809370315874,-2.1249826595589636,1.2610477856497067,0.5282947607562175,2.505162655985847
Pré,tipo_outros,Tipologia | Outros,Tipologia,3,C_prop,estimável com ressalvas,beta,0,-0.12767337277408408,0.2686346417259417,-0.6798597870810384,0.4245130415328703,-0.8670699622903714,0.6117232167422032,0.6385646648027271,2.752424574752396
Pré,tipo_outros,Tipologia | Outros,Tipologia,3,C_prop,estimável com ressalvas,beta,1,-0.10746916289509059,0.19307553245226708,-0.504341603732373,0.2894032779421919,-0.6388950032001142,0.42395667740993304,0.5825487795923325,2.752424574752396
Pré,tipo_outros,Tipologia | Outros,Tipologia,3,C_prop,estimável com ressalvas,beta,2,-0.08697124721281282,0.14305108240104106,-0.3810169583178802,0.20707446389225456,-0.4807085618583682,0.3067660674327426,0.5484795877002737,2.752424574752396
Pré,tipo_outros,Tipologia | Outros,Tipologia,3,C_prop,estimável com ressalvas,beta,3,-0.06588591992396653,0.13571573728001143,-0.3448536131901521,0.21308177334221906,-0.43943325039410985,0.3076614105461768,0.6314088992392539,2.752424574752396
Pré,tipo_outros,Tipologia | Outros,Tipologia,3,C_prop,estimável com ressalvas,beta,4,-0.04391947522526738,0.159210412716144,-0.3711811655017831,0.2833422150512483,-0.4821341277416535,0.3942951772911187,0.7848378527102805,2.752424574752396
Pré,tipo_outros,Tipologia | Outros,Tipologia,3,C_prop,estimável com ressalvas,beta,5,-0.020778207313431146,0.18509581817746393,-0.40124811054689696,0.35969169592003464,-0.5302404859489841,0.48868407132212177,0.9114822427169611,2.752424574752396
Pré,tipo_outros,Tipologia | Outros,Tipologia,3,C_prop,estimável com ressalvas,beta,6,0.0038315896148264656,0.19694731320748268,-0.40099941054477256,0.40866258977442554,-0.538251035188906,0.5459142144185589,0.9846267510989944,2.752424574752396
Pré,tipo_outros,Tipologia | Outros,Tipologia,3,C_prop,estimável com ressalvas,beta,7,0.030105719428361634,0.18991692211943562,-0.36027410488458417,0.4204855437413075,-0.49262628417450977,0.552837723031233,0.8752715516549301,2.752424574752396
Pré,tipo_outros,Tipologia | Outros,Tipologia,3,C_prop,estimável com ressalvas,beta,8,0.05784837825831818,0.17294204579160855,-0.2976390880454571,0.41333584456209344,-0.41816155858645937,0.5338583151030958,0.7406888980736103,2.752424574752396
Pré,tipo_outros,Tipologia | Outros,Tipologia,3,C_prop,estimável com ressalvas,beta,9,0.08676586030141183,0.16553454735055842,-0.2534952748900837,0.42702699549290735,-0.3688554957967793,0.542387216399603,0.604610492622009,2.752424574752396
Pré,tipo_outros,Tipologia | Outros,Tipologia,3,C_prop,estimável com ressalvas,beta,10,0.11656445975435828,0.18978922966024128,-0.27355288894962093,0.5066818084583374,-0.40581607998581615,0.6389449994945327,0.5444346752045879,2.752424574752396
Pré,tipo_outros,Tipologia | Outros,Tipologia,3,C_prop,estimável com ressalvas,beta,11,0.1469504708138733,0.24859744259764763,-0.3640488908169233,0.65794983244467,-0.5372952394124901,0.8311961810402366,0.5595456596030203,2.752424574752396
Pré,tipo_outros,Tipologia | Outros,Tipologia,3,C_prop,estimável com ressalvas,beta,12,0.1776301876766726,0.3287036034220799,-0.49802974574540493,0.8532901210987501,-0.7271016881919258,1.082362063545271,0.5935232815453041,2.752424574752396
Pré,tipo_outros,Tipologia | Outros,Tipologia,3,C_prop,estimável com ressalvas,C,0,-0.12767337277408408,0.2686346417259417,-0.6798597870810384,0.4245130415328703,-0.837028882093918,0.5816821365457499,0.6385646648027271,2.6405958098416478
Pré,tipo_outros,Tipologia | Outros,Tipologia,3,C_prop,estimável com ressalvas,C,1,-0.23514253566917467,0.4580772004035352,-1.1767337062697525,0.7064486349314032,-1.4447392716387426,0.9744542003003932,0.6120585537900561,2.6405958098416478
Pré,tipo_outros,Tipologia | Outros,Tipologia,3,C_prop,estimável com ressalvas,C,2,-0.3221137828819875,0.5814213265789324,-1.5172424359197754,0.8730148701558003,-1.8574125015988887,1.2131849358349136,0.5843052970836771,2.6405958098416478
Pré,tipo_outros,Tipologia | Outros,Tipologia,3,C_prop,estimável com ressalvas,C,3,-0.387999702805954,0.6591403173653642,-1.7428820293468665,0.9668826237349584,-2.1285228629386284,1.3525234573267204,0.5611789564695547,2.6405958098416478
Pré,tipo_outros,Tipologia | Outros,Tipologia,3,C_prop,estimável com ressalvas,C,4,-0.4319191780312214,0.7169409464334593,-1.9056123991936804,1.0417740431312374,-2.3250704370873194,1.4612320810248765,0.5520949903314161,2.6405958098416478
Pré,tipo_outros,Tipologia | Outros,Tipologia,3,C_prop,estimável com ressalvas,C,5,-0.45269738534465254,0.7784924156405436,-2.052911463453994,1.1475166927646887,-2.5083811960785747,1.6029864253892694,0.5659079421707591,2.6405958098416478
Pré,tipo_outros,Tipologia | Outros,Tipologia,3,C_prop,estimável com ressalvas,C,6,-0.4488657957298261,0.8541807791672406,-2.2046595332309966,1.3069279417713442,-2.7044119820461154,1.8066803905864632,0.6036939436738686,2.6405958098416478
Pré,tipo_outros,Tipologia | Outros,Tipologia,3,C_prop,estimável com ressalvas,C,7,-0.4187600763014645,0.9356118715630285,-2.3419378214430244,1.5044176688400956,-2.8893328639888995,2.0518127113859705,0.6581641098347252,2.6405958098416478
Pré,tipo_outros,Tipologia | Outros,Tipologia,3,C_prop,estimável com ressalvas,C,8,-0.36091169804314627,1.0049661323814791,-2.426649167992348,1.7048257719060556,-3.0146210562424467,2.2927976601561544,0.7223993381261024,2.6405958098416478
Pré,tipo_outros,Tipologia | Outros,Tipologia,3,C_prop,estimável com ressalvas,C,9,-0.2741458377417344,1.0479539858147757,-2.4282461059271423,1.8799544304436733,-3.041368741591085,2.493077066107616,0.7956903286086077,2.6405958098416478
Pré,tipo_outros,Tipologia | Outros,Tipologia,3,C_prop,estimável com ressalvas,C,10,-0.15758137798737615,1.062885242125922,-2.342373283076267,2.027210527101515,-2.9642316946876113,2.649068938712859,0.8832829143341507,2.6405958098416478
Pré,tipo_outros,Tipologia | Outros,Tipologia,3,C_prop,estimável com ressalvas,C,11,-0.01063090717350286,1.0689297433771718,-2.2078474625262516,2.186585648179246,-2.833242308550371,2.811980494203365,0.9921407896914486,2.6405958098416478
Pré,tipo_outros,Tipologia | Outros,Tipologia,3,C_prop,estimável com ressalvas,C,12,0.16699928050316976,1.1130167765148475,-2.1208394693264956,2.454838030332835,-2.7720281558453945,3.106026716851734,0.8818893790849209,2.6405958098416478
Pré,tipo_tornado,Tipologia | Tornado,Tipologia,3,C_prop,exposição altamente concentrada,beta,0,1.151492357860529,0.3639257826575902,0.40343219812670417,1.8995525175943537,0.17422431050067833,2.1287604052203797,0.0039375796789154795,2.6853498540919283
Pré,tipo_tornado,Tipologia | Tornado,Tipologia,3,C_prop,exposição altamente concentrada,beta,1,1.1019978674360842,0.260010857422697,0.5675378956369557,1.6364578392352127,0.4037777493937277,1.8002179854784406,0.0002505622063530379,2.6853498540919283
Pré,tipo_tornado,Tipologia | Tornado,Tipologia,3,C_prop,exposição altamente concentrada,beta,2,1.0454185700065652,0.2665571305234441,0.497502541135455,1.5933345988776755,0.3296194184482716,1.7612177215648588,0.0005728878343438298,2.6853498540919283
Pré,tipo_tornado,Tipologia | Tornado,Tipologia,3,C_prop,exposição altamente concentrada,beta,3,0.9746696585668985,0.35525319489675494,0.2444362582846844,1.7049030588491125,0.02069054348520627,1.9286487736485907,0.010862653150671414,2.6853498540919283
Pré,tipo_tornado,Tipologia | Tornado,Tipologia,3,C_prop,exposição altamente concentrada,beta,4,0.8826663261120096,0.4533936276710607,-0.04929762285894179,1.814630275082961,-0.33485418580068327,2.1001868380247024,0.06243829371496105,2.6853498540919283
Pré,tipo_tornado,Tipologia | Tornado,Tipologia,3,C_prop,exposição altamente concentrada,beta,5,0.7623237656368247,0.5260571057662957,-0.319002101673064,1.8436496329467134,-0.6503236065767195,2.1749711378503687,0.15925699290648646,2.6853498540919283
Pré,tipo_tornado,Tipologia | Tornado,Tipologia,3,C_prop,exposição altamente concentrada,beta,6,0.6065571701362698,0.5575245504753129,-0.5394509561318706,1.75256529640441,-0.8905913001352797,2.103705640407819,0.28660119243549015,2.6853498540919283
Pré,tipo_tornado,Tipologia | Tornado,Tipologia,3,C_prop,exposição altamente concentrada,beta,7,0.4106433349402954,0.5442616967103937,-0.7081026049736381,1.5293892748542288,-1.0508897329087856,1.8721764027893764,0.4573312731743151,2.6853498540919283
Pré,tipo_tornado,Tipologia | Tornado,Tipologia,3,C_prop,exposição altamente concentrada,beta,8,0.17930546471895112,0.5038552195581484,-0.8563837718966913,1.2149947013345936,-1.173722075604979,1.5323330050428814,0.7248114129128397,2.6853498540919283
Pré,tipo_tornado,Tipologia | Tornado,Tipologia,3,C_prop,exposição altamente concentrada,beta,9,-0.08037163352268938,0.46884293610711275,-1.0440920907906195,0.8833488237452407,-1.339378943589956,1.1786356765445771,0.8652164342369839,2.6853498540919283
Pré,tipo_tornado,Tipologia | Tornado,Tipologia,3,C_prop,exposição altamente concentrada,beta,10,-0.3613031527795517,0.48085118077028416,-1.3497069104590569,0.6271006048999533,-1.6525568009009657,0.9299504953418624,0.45917021089264676,2.6853498540919283
Pré,tipo_tornado,Tipologia | Tornado,Tipologia,3,C_prop,exposição altamente concentrada,beta,11,-0.6564042860465622,0.5638813538862346,-1.8154790088615176,0.5026704367683932,-2.1706229974301214,0.8578144253369968,0.254961841470765,2.6853498540919283
Pré,tipo_tornado,Tipologia | Tornado,Tipologia,3,C_prop,exposição altamente concentrada,beta,12,-0.9585902263186467,0.7047162441287516,-2.4071552120151334,0.4899747593778402,-2.850999889666001,0.933819437028708,0.18542873217319678,2.6853498540919283
Pré,tipo_tornado,Tipologia | Tornado,Tipologia,3,C_prop,exposição altamente concentrada,C,0,1.151492357860529,0.3639257826575902,0.40343219812670417,1.8995525175943537,0.22722955600450512,2.075755159716553,0.0039375796789154795,2.5397013509362774
Pré,tipo_tornado,Tipologia | Tornado,Tipologia,3,C_prop,exposição altamente concentrada,C,1,2.253490225296613,0.6040925187515456,1.0117602693388892,3.495220181254337,0.7192756393328144,3.787704811260412,0.0009406518756422675,2.5397013509362774
Pré,tipo_tornado,Tipologia | Tornado,Tipologia,3,C_prop,exposição altamente concentrada,C,2,3.2989087953031784,0.7836027550508501,1.6881902640944955,4.9096273265118615,1.3087918197031456,5.289025770903211,0.00026992283392080206,2.5397013509362774
Pré,tipo_tornado,Tipologia | Tornado,Tipologia,3,C_prop,exposição altamente concentrada,C,3,4.273578453870076,0.9922224791403623,2.234035938313847,6.313120969426306,1.7536296831679556,6.7935272245721965,0.00020911678610968437,2.5397013509362774
Pré,tipo_tornado,Tipologia | Tornado,Tipologia,3,C_prop,exposição altamente concentrada,C,4,5.156244779982087,1.3006859565743945,2.4826465058140528,7.829843054150121,1.8528908989262534,8.459598661037921,0.0005131520447920089,2.5397013509362774
Pré,tipo_tornado,Tipologia | Tornado,Tipologia,3,C_prop,exposição altamente concentrada,C,5,5.918568545618911,1.7182263941522526,2.3867036101857626,9.45043348105206,1.5547866511760668,10.282350440061755,0.001952104776871213,2.5397013509362774
Pré,tipo_tornado,Tipologia | Tornado,Tipologia,3,C_prop,exposição altamente concentrada,C,6,6.525125715755181,2.206088756465453,1.9904453325813938,11.05980609892897,0.9223191206745378,12.127932310835824,0.006519093899924455,2.5397013509362774
Pré,tipo_tornado,Tipologia | Tornado,Tipologia,3,C_prop,exposição altamente concentrada,C,7,6.935769050695477,2.7096493510159703,1.3660050412825928,12.50553306010836,0.05406893335660978,13.817469168034343,0.0166395231579068,2.5397013509362774
Pré,tipo_tornado,Tipologia | Tornado,Tipologia,3,C_prop,exposição altamente concentrada,C,8,7.1150745154144275,3.18364826426183,0.5709917859399498,13.659157244888906,-0.9704412822372763,15.200590313066131,0.03423375675085935,2.5397013509362774
Pré,tipo_tornado,Tipologia | Tornado,Tipologia,3,C_prop,exposição altamente concentrada,C,9,7.034702881891738,3.6019180719032704,-0.36914575048521314,14.438551514268688,-2.113093311282789,16.182499075066264,0.06165658013507673,2.5397013509362774
Pré,tipo_tornado,Tipologia | Tornado,Tipologia,3,C_prop,exposição altamente concentrada,C,10,6.6733997291121865,3.960757495936353,-1.4680539031104187,14.81485336133479,-3.3857414340483567,16.73254089227273,0.1039799200443968,2.5397013509362774
Pré,tipo_tornado,Tipologia | Tornado,Tipologia,3,C_prop,exposição altamente concentrada,C,11,6.016995443065625,4.2814122579702625,-2.783573492158707,14.817564378289957,-4.856513052416588,16.890503938547837,0.17174649583401055,2.5397013509362774
Pré,tipo_tornado,Tipologia | Tornado,Tipologia,3,C_prop,exposição altamente concentrada,C,12,5.058405216746978,4.610443553339954,-4.418497232344553,14.53530766583851,-6.650744504085955,16.76755493757991,0.28262834891651517,2.5397013509362774
Pré,tipo_vendavais_e_ciclones,Tipologia | Vendavais e Ciclones,Tipologia,3,C_prop,estimável com ressalvas,beta,0,0.002180201377350355,0.018880744236084726,-0.03662972422340856,0.04099012697810926,-0.04986337147836387,0.05422377423306458,0.9089580598482153,2.7564365156882413
Pré,tipo_vendavais_e_ciclones,Tipologia | Vendavais e Ciclones,Tipologia,3,C_prop,estimável com ressalvas,beta,1,-0.002576268928062107,0.014178562041030424,-0.03172072060102453,0.026568182744900318,-0.04165857507790957,0.03650603722178536,0.8572259964750473,2.7564365156882413
Pré,tipo_vendavais_e_ciclones,Tipologia | Vendavais e Ciclones,Tipologia,3,C_prop,estimável com ressalvas,beta,2,-0.006859893796565664,0.011759296953110187,-0.0310314748614271,0.017311687268295774,-0.039273649316940065,0.025553861723808736,0.5646780426923023,2.7564365156882413
Pré,tipo_vendavais_e_ciclones,Tipologia | Vendavais e Ciclones,Tipologia,3,C_prop,estimável com ressalvas,beta,3,-0.010197827791251411,0.012196952887267498,-0.03526902351276995,0.014873367930267126,-0.04381795410984467,0.023422298527341845,0.41071919259862033,2.7564365156882413
Pré,tipo_vendavais_e_ciclones,Tipologia | Vendavais e Ciclones,Tipologia,3,C_prop,estimável com ressalvas,beta,4,-0.012117225475210443,0.014094850879830086,-0.04108960639198259,0.016855155441561707,-0.050968787123554626,0.02673433617313374,0.3978167363324656,2.7564365156882413
Pré,tipo_vendavais_e_ciclones,Tipologia | Vendavais e Ciclones,Tipologia,3,C_prop,estimável com ressalvas,beta,5,-0.012145241411533853,0.01572328866076449,-0.04446492412601494,0.020174441302947235,-0.055485488422771956,0.031195005599704253,0.446821183271885,2.7564365156882413
Pré,tipo_vendavais_e_ciclones,Tipologia | Vendavais e Ciclones,Tipologia,3,C_prop,estimável com ressalvas,beta,6,-0.00980903016331274,0.01603529444776288,-0.042770049957995965,0.02315198963137048,-0.05400930131893926,0.034391240992313776,0.5460386539293481,2.7564365156882413
Pré,tipo_vendavais_e_ciclones,Tipologia | Vendavais e Ciclones,Tipologia,3,C_prop,estimável com ressalvas,beta,7,-0.0047933614392744964,0.014533227990175245,-0.03466683941158832,0.02508011653303932,-0.044853281762215966,0.035266558883666976,0.7441779801649421,2.7564365156882413
Pré,tipo_vendavais_e_ciclones,Tipologia | Vendavais e Ciclones,Tipologia,3,C_prop,estimável com ressalvas,beta,8,0.0025865344693082725,0.011454684016683266,-0.020958905737336178,0.02613197467595272,-0.028987574829947932,0.03416064376856448,0.8231180687786198,2.7564365156882413
Pré,tipo_vendavais_e_ciclones,Tipologia | Vendavais e Ciclones,Tipologia,3,C_prop,estimável com ressalvas,beta,9,0.011857812125526663,0.007610120664393916,-0.0037850149317594974,0.02750063918281282,-0.009119002362602388,0.032834626613655715,0.13128486132361256,2.7564365156882413
Pré,tipo_vendavais_e_ciclones,Tipologia | Vendavais e Ciclones,Tipologia,3,C_prop,estimável com ressalvas,beta,10,0.022547626092471768,0.005866172965736873,0.010489534869228653,0.03460571731571488,0.006377892722371464,0.03871735946257207,0.0007019201408603492,2.7564365156882413
Pré,tipo_vendavais_e_ciclones,Tipologia | Vendavais e Ciclones,Tipologia,3,C_prop,estimável com ressalvas,beta,11,0.03418313093323468,0.009782052659870739,0.014075833720515556,0.054290428145953806,0.007219523783181688,0.061146738083287674,0.0017201860116461457,2.7564365156882413
Pré,tipo_vendavais_e_ciclones,Tipologia | Vendavais e Ciclones,Tipologia,3,C_prop,estimável com ressalvas,beta,12,0.0462914812109065,0.01616195583680138,0.013070105202315246,0.07951285721949776,0.001742075977406471,0.09084088644440654,0.008161972157376228,2.7564365156882413
Pré,tipo_vendavais_e_ciclones,Tipologia | Vendavais e Ciclones,Tipologia,3,C_prop,estimável com ressalvas,C,0,0.002180201377350355,0.018880744236084726,-0.03662972422340856,0.04099012697810926,-0.04433313568695451,0.048693538441655214,0.9089580598482153,2.463533030409307
Pré,tipo_vendavais_e_ciclones,Tipologia | Vendavais e Ciclones,Tipologia,3,C_prop,estimável com ressalvas,C,1,-0.00039606755071175176,0.03268560818040438,-0.06758229738547927,0.06679016228405577,-0.08091814292215459,0.08012600782073108,0.9904243814729963,2.463533030409307
Pré,tipo_vendavais_e_ciclones,Tipologia | Vendavais e Ciclones,Tipologia,3,C_prop,estimável com ressalvas,C,2,-0.007255961347277416,0.04269020831099476,-0.09500694127232381,0.08049501857776897,-0.11242469959646692,0.09791277690191208,0.8663510840669291,2.463533030409307
Pré,tipo_vendavais_e_ciclones,Tipologia | Vendavais e Ciclones,Tipologia,3,C_prop,estimável com ressalvas,C,3,-0.017453789138528825,0.05071584371812322,-0.12170169890674234,0.0867941206296847,-0.14239394530320174,0.10748636702614409,0.733502435099575,2.463533030409307
Pré,tipo_vendavais_e_ciclones,Tipologia | Vendavais e Ciclones,Tipologia,3,C_prop,estimável com ressalvas,C,4,-0.029571014613739267,0.058705825381007694,-0.15024256690422857,0.09110053767675003,-0.17419475451729274,0.11505272528981422,0.6187030348554083,2.463533030409307
Pré,tipo_vendavais_e_ciclones,Tipologia | Vendavais e Ciclones,Tipologia,3,C_prop,estimável com ressalvas,C,5,-0.041716256025273124,0.06794449692704169,-0.18137816965258757,0.09794565760204132,-0.20909976843958397,0.12566725638903772,0.5445667440113122,2.463533030409307
Pré,tipo_vendavais_e_ciclones,Tipologia | Vendavais e Ciclones,Tipologia,3,C_prop,estimável com ressalvas,C,6,-0.05152528618858586,0.07842157958794543,-0.21272315165648276,0.10967257927931105,-0.2447194378003617,0.14166886542319002,0.5169362736210397,2.463533030409307
Pré,tipo_vendavais_e_ciclones,Tipologia | Vendavais e Ciclones,Tipologia,3,C_prop,estimável com ressalvas,C,7,-0.05631864762786036,0.0889110247731232,-0.23907787646892092,0.12644058121320018,-0.2753538939239895,0.16271659866826882,0.5319877683375285,2.463533030409307
Pré,tipo_vendavais_e_ciclones,Tipologia | Vendavais e Ciclones,Tipologia,3,C_prop,estimável com ressalvas,C,8,-0.053732113158552086,0.09777206349761385,-0.2547054679547577,0.14724124163765348,-0.2945968210361999,0.18713259471909574,0.5873076508299583,2.463533030409307
Pré,tipo_vendavais_e_ciclones,Tipologia | Vendavais e Ciclones,Tipologia,3,C_prop,estimável com ressalvas,C,9,-0.04187430103302542,0.10362285852076975,-0.25487413723879315,0.17112553517274232,-0.29715263570437217,0.21340403363832133,0.6894418587618336,2.463533030409307
Pré,tipo_vendavais_e_ciclones,Tipologia | Vendavais e Ciclones,Tipologia,3,C_prop,estimável com ressalvas,C,10,-0.019326674940553658,0.10567651081682879,-0.23654785389760727,0.19789450401649997,-0.2796642498762178,0.24101089999511047,0.8563066910423485,2.463533030409307
Pré,tipo_vendavais_e_ciclones,Tipologia | Vendavais e Ciclones,Tipologia,3,C_prop,estimável com ressalvas,C,11,0.01485645599268103,0.10400289267652708,-0.1989245516079357,0.22863746359329779,-0.24135810537405766,0.27107101735941974,0.8875126391341357,2.463533030409307
Pré,tipo_vendavais_e_ciclones,Tipologia | Vendavais e Ciclones,Tipologia,3,C_prop,estimável com ressalvas,C,12,0.061147937203587535,0.0999182865223024,-0.14423704220175854,0.2665329166089336,-0.18500406198600555,0.3072999363931806,0.5458663568594528,2.463533030409307
Pré,analitica_Clima/hidrometeorologia,Clima/hidrometeorologia,Analítica,3,C_prop,estimável,beta,0,0.009773801535091007,0.00928289986976575,-0.009307472423186589,0.028855075493368604,-0.015204162010570071,0.03475176508075208,0.3020821154300573,2.69075007767927
Pré,analitica_Clima/hidrometeorologia,Clima/hidrometeorologia,Analítica,3,C_prop,estimável,beta,1,0.002133475296110644,0.007201974131151031,-0.012670394546814732,0.01693734513903602,-0.017245237156728085,0.021512187748949377,0.7694041291528051,2.69075007767927
Pré,analitica_Clima/hidrometeorologia,Clima/hidrometeorologia,Analítica,3,C_prop,estimável,beta,2,-0.005058743871879862,0.0060114017953518855,-0.017415357229736285,0.007297869485976562,-0.02123392371968425,0.01111643597592453,0.4077276839219519,2.69075007767927
Pré,analitica_Clima/hidrometeorologia,Clima/hidrometeorologia,Analítica,3,C_prop,estimável,beta,3,-0.01135474889789065,0.0060034028691664555,-0.023694920227495392,0.0009854224317140895,-0.027508405634440243,0.004798907838658944,0.06976342201924592,2.69075007767927
Pré,analitica_Clima/hidrometeorologia,Clima/hidrometeorologia,Analítica,3,C_prop,estimável,beta,4,-0.016306432710931865,0.006819954741763384,-0.030325050452838558,-0.0022878149690251735,-0.034657226462100794,0.002044361040237065,0.024332688515141008,2.69075007767927
Pré,analitica_Clima/hidrometeorologia,Clima/hidrometeorologia,Analítica,3,C_prop,estimável,beta,5,-0.019465688240013643,0.007833882859997338,-0.035568465077618,-0.003362911402409286,-0.04054470915408178,0.0016133326740544948,0.0197232175325051,2.69075007767927
Pré,analitica_Clima/hidrometeorologia,Clima/hidrometeorologia,Analítica,3,C_prop,estimável,beta,6,-0.020384408414146134,0.008645834873699042,-0.0381561765186797,-0.002612640309612564,-0.04364818927215397,0.002879372443861706,0.02619197290007356,2.69075007767927
Pré,analitica_Clima/hidrometeorologia,Clima/hidrometeorologia,Analítica,3,C_prop,estimável,beta,7,-0.018763855186002758,0.00913774148514814,-0.03754675181143301,1.9041439427495283e-05,-0.04335123379697821,0.00582352342497269,0.05021607921764128,2.69075007767927
Pré,analitica_Clima/hidrometeorologia,Clima/hidrometeorologia,Analítica,3,C_prop,estimável,beta,8,-0.014902766602910093,0.009494976503052989,-0.034419970324157875,0.004614437118337691,-0.04045137536606277,0.01064584216024258,0.12861313514318146,2.69075007767927
Pré,analitica_Clima/hidrometeorologia,Clima/hidrometeorologia,Analítica,3,C_prop,estimável,beta,9,-0.009249249735857994,0.01000564004070893,-0.02981613739199908,0.011317637920283091,-0.03617192645262636,0.017673426980910376,0.36377672388094134,2.69075007767927
Pré,analitica_Clima/hidrometeorologia,Clima/hidrometeorologia,Analítica,3,C_prop,estimável,beta,10,-0.002251411655836321,0.010919678791935571,-0.024697132873184136,0.020194309561511494,-0.031633538213469634,0.027130714901796995,0.838256864973747,2.69075007767927
Pré,analitica_Clima/hidrometeorologia,Clima/hidrometeorologia,Analítica,3,C_prop,estimável,beta,11,0.00564264056616507,0.012346890269216673,-0.019736755857903035,0.031022036990233176,-0.027579755384827112,0.03886503651715725,0.6514600884706528,2.69075007767927
Pré,analitica_Clima/hidrometeorologia,Clima/hidrometeorologia,Analítica,3,C_prop,estimável,beta,12,0.013984799859156318,0.014236176463084534,-0.015278079954428724,0.04324767967274136,-0.02432119306474419,0.05229079278305683,0.3349845802526606,2.69075007767927
Pré,analitica_Clima/hidrometeorologia,Clima/hidrometeorologia,Analítica,3,C_prop,estimável,C,0,0.009773801535091007,0.00928289986976575,-0.009307472423186589,0.028855075493368604,-0.013957538388159196,0.03350514145834121,0.3020821154300573,2.5564576001237267
Pré,analitica_Clima/hidrometeorologia,Clima/hidrometeorologia,Analítica,3,C_prop,estimável,C,1,0.01190727683120165,0.016330899810343403,-0.021661368488486536,0.04547592215088984,-0.029841976105809867,0.05365652976821317,0.47244238977035535,2.5564576001237267
Pré,analitica_Clima/hidrometeorologia,Clima/hidrometeorologia,Analítica,3,C_prop,estimável,C,2,0.006848532959321789,0.021643354295844228,-0.03764001894676373,0.0513370848654073,-0.0484817846224597,0.062178850541103274,0.7542052648295463,2.5564576001237267
Pré,analitica_Clima/hidrometeorologia,Clima/hidrometeorologia,Analítica,3,C_prop,estimável,C,3,-0.0045062159385688616,0.025918288818244508,-0.05778202160371886,0.04876958972658114,-0.07076522237017183,0.06175279049303411,0.8633202254058824,2.5564576001237267
Pré,analitica_Clima/hidrometeorologia,Clima/hidrometeorologia,Analítica,3,C_prop,estimável,C,4,-0.020812648649500727,0.02994654152698029,-0.08236864634375002,0.040743349044748564,-0.09736971233357028,0.05574441503456882,0.4932243132956949,2.5564576001237267
Pré,analitica_Clima/hidrometeorologia,Clima/hidrometeorologia,Analítica,3,C_prop,estimável,C,5,-0.04027833688951436,0.034396907600623285,-0.11098219306087433,0.0304255192818456,-0.12821257274588133,0.047655898966852614,0.2522245402569864,2.5564576001237267
Pré,analitica_Clima/hidrometeorologia,Clima/hidrometeorologia,Analítica,3,C_prop,estimável,C,6,-0.0606627453036605,0.03959004148433375,-0.14204124105180113,0.02071575044448013,-0.16187300774549915,0.04054751713817815,0.13753381356584432,2.5564576001237267
Pré,analitica_Clima/hidrometeorologia,Clima/hidrometeorologia,Analítica,3,C_prop,estimável,C,7,-0.07942660048966325,0.045451054531991254,-0.17285258109753388,0.013999380118207366,-0.19562029428161026,0.03676709330228374,0.09235010932500441,2.5564576001237267
Pré,analitica_Clima/hidrometeorologia,Clima/hidrometeorologia,Analítica,3,C_prop,estimável,C,8,-0.09432936709257335,0.05174436556597229,-0.200691433797328,0.012032699612181313,-0.22661164370728365,0.037952909522136966,0.0798246089682079,2.5564576001237267
Pré,analitica_Clima/hidrometeorologia,Clima/hidrometeorologia,Analítica,3,C_prop,estimável,C,9,-0.10357861682843134,0.0583233287234294,-0.22346393597908595,0.016306702322223282,-0.2526797338079569,0.045522500151094214,0.08744963609220074,2.5564576001237267
Pré,analitica_Clima/hidrometeorologia,Clima/hidrometeorologia,Analítica,3,C_prop,estimável,C,10,-0.10583002848426766,0.06526001672986641,-0.2399739140388345,0.028313857070299167,-0.2726644942375362,0.06100443726900086,0.11694038286428113,2.5564576001237267
Pré,analitica_Clima/hidrometeorologia,Clima/hidrometeorologia,Analítica,3,C_prop,estimável,C,11,-0.10018738791810258,0.07287735163050929,-0.24998892960494265,0.049614153768737485,-0.28649524737080734,0.08612047153460217,0.18094528575930252,2.5564576001237267
Pré,analitica_Clima/hidrometeorologia,Clima/hidrometeorologia,Analítica,3,C_prop,estimável,C,12,-0.08620258805894626,0.08170140348647408,-0.25414222810383325,0.0817370519859407,-0.295068761942718,0.12266358582482553,0.30108898986563054,2.5564576001237267
Pré,analitica_Natural não diretamente climático,Natural não diretamente climático,Analítica,3,C_prop,estimável,beta,0,0.06700939553431538,0.057785157162831634,-0.05176969613049015,0.18578848719912092,-0.08612084876977501,0.2201396398384058,0.25673845497654607,2.6499926940163503
Pré,analitica_Natural não diretamente climático,Natural não diretamente climático,Analítica,3,C_prop,estimável,beta,1,0.05618785797411156,0.04666732191021495,-0.039738196034958845,0.15211391198318197,-0.0674802041372672,0.17985592008549034,0.23943346620334516,2.6499926940163503
Pré,analitica_Natural não diretamente climático,Natural não diretamente climático,Analítica,3,C_prop,estimável,beta,2,0.045095712336855484,0.03632731851405333,-0.029576160295737425,0.11976758496944839,-0.05117141631859075,0.14136284099230173,0.22555167729810638,2.6499926940163503
Pré,analitica_Natural não diretamente climático,Natural não diretamente climático,Analítica,3,C_prop,estimável,beta,3,0.0334623505454949,0.027362307549843517,-0.022781678132408605,0.08970637922339841,-0.039047564553018846,0.10597226564400865,0.23232345393269635,2.6499926940163503
Pré,analitica_Natural não diretamente climático,Natural não diretamente climático,Analítica,3,C_prop,estimável,beta,4,0.021017164522977545,0.020505832594395527,-0.021133178038685033,0.06316750708464013,-0.03332314203689295,0.07535747108284803,0.31483538864356,2.6499926940163503
Pré,analitica_Natural não diretamente climático,Natural não diretamente climático,Analítica,3,C_prop,estimável,beta,5,0.00748954619225117,0.016626088093049822,-0.02668586733248249,0.041664959716984834,-0.03656946578440309,0.05154855816890543,0.6561059592925778,2.6499926940163503
Pré,analitica_Natural não diretamente climático,Natural não diretamente climático,Analítica,3,C_prop,estimável,beta,6,-0.007391112523736478,0.016237199158436074,-0.040767153395009116,0.025984928347536164,-0.0504195716648805,0.03563734661740755,0.6527465163592502,2.6499926940163503
Pré,analitica_Natural não diretamente climático,Natural não diretamente climático,Analítica,3,C_prop,estimável,beta,7,-0.023805217009686908,0.01897455694720475,-0.06280797739987193,0.015197543380498106,-0.07408765429197667,0.02647722027260286,0.22079039595392627,2.6499926940163503
Pré,analitica_Natural não diretamente climático,Natural não diretamente climático,Analítica,3,C_prop,estimável,beta,8,-0.041572361880898606,0.02428255292814095,-0.09148586427009603,0.008341140508298824,-0.10592094973253745,0.022776225970740235,0.09879650899983464,2.6499926940163503
Pré,analitica_Natural não diretamente climático,Natural não diretamente climático,Analítica,3,C_prop,estimável,beta,9,-0.06042193906031934,0.03173042412958236,-0.12564475995930005,0.004800881838661369,-0.14450733118175269,0.023663453061114018,0.06800237896239955,2.6499926940163503
Pré,analitica_Natural não diretamente climático,Natural não diretamente climático,Analítica,3,C_prop,estimável,beta,10,-0.08008334047089682,0.04088011139078868,-0.1641136128896628,0.003946931947869173,-0.18841533698706142,0.028248656045267773,0.06092132262779366,2.6499926940163503
Pré,analitica_Natural não diretamente climático,Natural não diretamente climático,Analítica,3,C_prop,estimável,beta,11,-0.10028595803557883,0.051260547614444124,-0.20565352269802345,0.005081606626865798,-0.23612603470513302,0.03555411863397537,0.061240380858499074,2.6499926940163503
Pré,analitica_Natural não diretamente climático,Natural não diretamente climático,Analítica,3,C_prop,estimável,beta,12,-0.12075918367731309,0.062386973327785984,-0.24899744394040493,0.00747907658577876,-0.28608420719773886,0.04456583984311269,0.06385592776259279,2.6499926940163503
Pré,analitica_Natural não diretamente climático,Natural não diretamente climático,Analítica,3,C_prop,estimável,C,0,0.06700939553431538,0.057785157162831634,-0.05176969613049015,0.18578848719912092,-0.07316739206436036,0.20718618313299114,0.25673845497654607,2.425826881523821
Pré,analitica_Natural não diretamente climático,Natural não diretamente climático,Analítica,3,C_prop,estimável,C,1,0.12319725350842695,0.10436915635742025,-0.0913366198705714,0.3377311268874253,-0.1299842515853659,0.3763787586022198,0.24852839247128503,2.425826881523821
Pré,analitica_Natural não diretamente climático,Natural não diretamente climático,Analítica,3,C_prop,estimável,C,2,0.16829296584528242,0.14033409034815322,-0.12016788811051526,0.4567538198010801,-0.17213324291546023,0.5087191746060251,0.24125365953518813,2.425826881523821
Pré,analitica_Natural não diretamente climático,Natural não diretamente climático,Analítica,3,C_prop,estimável,C,3,0.20175531639077732,0.16664928131334067,-0.14079718727747215,0.5443078200590268,-0.20250699000574984,0.6060176227873044,0.236917281149976,2.425826881523821
Pré,analitica_Natural não diretamente climático,Natural não diretamente climático,Analítica,3,C_prop,estimável,C,4,0.2227724809137549,0.18463505749478804,-0.15675031517230142,0.6022952769998112,-0.22512020482879813,0.6706651666563079,0.23846730852255127,2.425826881523821
Pré,analitica_Natural não diretamente climático,Natural não diretamente climático,Analítica,3,C_prop,estimável,C,5,0.23026202710600607,0.19593070376615723,-0.17247930241934623,0.6330033566313584,-0.24503194100581865,0.7055559952178307,0.25055657572792817,2.425826881523821
Pré,analitica_Natural não diretamente climático,Natural não diretamente climático,Analítica,3,C_prop,estimável,C,6,0.2228709145822696,0.202505555187672,-0.19338521559470928,0.6391270447592485,-0.2683725048498908,0.71411433401443,0.28117065517060275,2.425826881523821
Pré,analitica_Natural não diretamente climático,Natural não diretamente climático,Analítica,3,C_prop,estimável,C,7,0.1990656975725827,0.20669899989251672,-0.2258101816445256,0.623941576789691,-0.3023502927507737,0.700481687895939,0.34438449708592395,2.425826881523821
Pré,analitica_Natural não diretamente climático,Natural não diretamente climático,Analítica,3,C_prop,estimável,C,8,0.15749333569168406,0.21118127819212573,-0.27659599852246064,0.5915826699058288,-0.35479588582133476,0.6697825572047029,0.46249414671442773,2.425826881523821
Pré,analitica_Natural não diretamente climático,Natural não diretamente climático,Analítica,3,C_prop,estimável,C,9,0.09707139663136471,0.2192424178354812,-0.3535878474287083,0.5477306406914377,-0.43477275412422317,0.6289155473869525,0.6616024051777898,2.425826881523821
Pré,analitica_Natural não diretamente climático,Natural não diretamente climático,Analítica,3,C_prop,estimável,C,10,0.01698805616046789,0.23480803071662593,-0.4656667634073168,0.49964287572825256,-0.5526155767495944,0.58659168907053,0.9428781002079378,2.425826881523821
Pré,analitica_Natural não diretamente climático,Natural não diretamente climático,Analítica,3,C_prop,estimável,C,11,-0.08329790187511094,0.26175927211314276,-0.6213517915414064,0.4547559877911846,-0.7182805806552812,0.5516847769050595,0.7528576034111106,2.425826881523821
Pré,analitica_Natural não diretamente climático,Natural não diretamente climático,Analítica,3,C_prop,estimável,C,12,-0.20405708555242402,0.3028489559239248,-0.8265720299163095,0.4184578588114614,-0.9387162238741036,0.5306020527692556,0.5063902435592343,2.425826881523821
Pré,analitica_Tecnológico/antrópico,Tecnológico/antrópico,Analítica,3,C_prop,estimável com ressalvas,beta,0,0.062003173838608795,0.31292873868685356,-0.5812310607296018,0.7052374084068194,-0.7980458943260795,0.922052242003297,0.8444779231672319,2.748386331577349
Pré,analitica_Tecnológico/antrópico,Tecnológico/antrópico,Analítica,3,C_prop,estimável com ressalvas,beta,1,-0.007719218993415761,0.21806490877951296,-0.45595805852467747,0.44051962053784594,-0.6070458336796907,0.5916073956928591,0.9720321823409853,2.748386331577349
Pré,analitica_Tecnológico/antrópico,Tecnológico/antrópico,Analítica,3,C_prop,estimável com ressalvas,beta,2,-0.07085364603565635,0.14555928632032097,-0.370055044134923,0.2283477520636103,-0.47090679899258037,0.32919950692126765,0.6305008910427705,2.748386331577349
Pré,analitica_Tecnológico/antrópico,Tecnológico/antrópico,Analítica,3,C_prop,estimável com ressalvas,beta,3,-0.120812141498329,0.12294142735986105,-0.3735218646652978,0.13189758166863977,-0.4587026800387807,0.21707839704212264,0.3348212581749813,2.748386331577349
Pré,analitica_Tecnológico/antrópico,Tecnológico/antrópico,Analítica,3,C_prop,estimável com ressalvas,beta,4,-0.15100673959164976,0.14977198051366977,-0.4588674546213448,0.15685397543804527,-0.5626380036886889,0.2606245245053893,0.32262892487116135,2.748386331577349
Pré,analitica_Tecnológico/antrópico,Tecnológico/antrópico,Analítica,3,C_prop,estimável com ressalvas,beta,5,-0.15484947452583464,0.18603381863356286,-0.5372474653102722,0.22754851625860295,-0.6661422788694583,0.35644332981778903,0.4127791607606751,2.748386331577349
Pré,analitica_Tecnológico/antrópico,Tecnológico/antrópico,Analítica,3,C_prop,estimável com ressalvas,beta,6,-0.1257523805110997,0.20897099961573318,-0.5552984220438678,0.3037936610216685,-0.7000854195510362,0.4485806585288368,0.5525393108980516,2.748386331577349
Pré,analitica_Tecnológico/antrópico,Tecnológico/antrópico,Analítica,3,C_prop,estimável com ressalvas,beta,7,-0.05932348035425558,0.21350097748067356,-0.4981810247448093,0.3795340640362981,-0.6461066486405422,0.527459687932031,0.7833171032335967,2.748386331577349
Pré,analitica_Tecnológico/antrópico,Tecnológico/antrópico,Analítica,3,C_prop,estimável com ressalvas,beta,8,0.04004524875150835,0.2097519858334108,-0.3911061329428705,0.47119663044588717,-0.5364342421342436,0.6165247396372604,0.8500735082251312,2.748386331577349
Pré,analitica_Tecnológico/antrópico,Tecnológico/antrópico,Analítica,3,C_prop,estimável com ressalvas,beta,9,0.16576584101640818,0.215849525723104,-0.2779192134245343,0.6094508954573506,-0.42747204515842435,0.7590037271912407,0.4494244364762231,2.748386331577349
Pré,analitica_Tecnológico/antrópico,Tecnológico/antrópico,Analítica,3,C_prop,estimável com ressalvas,beta,10,0.3112503306506599,0.2483990088608898,-0.1993411445926111,0.8218418058939309,-0.3714461100799705,0.9939467713812903,0.2213486729877563,2.748386331577349
Pré,analitica_Tecnológico/antrópico,Tecnológico/antrópico,Analítica,3,C_prop,estimável com ressalvas,beta,11,0.46991075186447956,0.31005313567438436,-0.16741259605775044,1.1072340997867096,-0.3822350482856958,1.322056552014655,0.1416896726007802,2.748386331577349
Pré,analitica_Tecnológico/antrópico,Tecnológico/antrópico,Analítica,3,C_prop,estimável com ressalvas,beta,12,0.6351591388680832,0.3919171607422708,-0.17043812254698554,1.4407564002831519,-0.44198062882657674,1.7122989065627432,0.11716023596951038,2.748386331577349
Pré,analitica_Tecnológico/antrópico,Tecnológico/antrópico,Analítica,3,C_prop,estimável com ressalvas,C,0,0.062003173838608795,0.31292873868685356,-0.5812310607296018,0.7052374084068194,-0.7528067139278273,0.8768130616050448,0.8444779231672319,2.6038192950434405
Pré,analitica_Tecnológico/antrópico,Tecnológico/antrópico,Analítica,3,C_prop,estimável com ressalvas,C,1,0.054283954845193036,0.5283491461622697,-1.0317532689731788,1.1403211786635647,-1.3214417464518518,1.4300096561422377,0.9189556266410491,2.6038192950434405
Pré,analitica_Tecnológico/antrópico,Tecnológico/antrópico,Analítica,3,C_prop,estimável com ressalvas,C,2,-0.01656969119046331,0.6576461543983743,-1.3683807217665982,1.3352413393856715,-1.7289614373240678,1.695822054943141,0.9800914515483392,2.6038192950434405
Pré,analitica_Tecnológico/antrópico,Tecnológico/antrópico,Analítica,3,C_prop,estimável com ressalvas,C,3,-0.1373818326887923,0.7204057629837083,-1.6181970862697852,1.3434334208922005,-2.0131882586062635,1.7384245932286788,0.8502414020247485,2.6038192950434405
Pré,analitica_Tecnológico/antrópico,Tecnológico/antrópico,Analítica,3,C_prop,estimável com ressalvas,C,4,-0.2883885722804421,0.7447613044682296,-1.8192673583769565,1.242490213816072,-2.227612427056541,1.6508352824956565,0.7017428557319446,2.6038192950434405
Pré,analitica_Tecnológico/antrópico,Tecnológico/antrópico,Analítica,3,C_prop,estimável com ressalvas,C,5,-0.4432380468062767,0.7640569300435851,-2.0137795593099646,1.127303465697411,-2.4327042237654197,1.5462281301528664,0.5668335361796001,2.6038192950434405
Pré,analitica_Tecnológico/antrópico,Tecnológico/antrópico,Analítica,3,C_prop,estimável com ressalvas,C,6,-0.5689904273173764,0.8054297521645601,-2.2245749936504633,1.0865941390157108,-2.6661839568055146,1.5282031021707616,0.48619560139672385,2.6038192950434405
Pré,analitica_Tecnológico/antrópico,Tecnológico/antrópico,Analítica,3,C_prop,estimável com ressalvas,C,7,-0.628313907671632,0.8754883563172737,-2.42790599727085,1.1712781819275857,-2.9079273824364162,1.6512995670931523,0.4793583701437929,2.6038192950434405
Pré,analitica_Tecnológico/antrópico,Tecnológico/antrópico,Analítica,3,C_prop,estimável com ressalvas,C,8,-0.5882686589201236,0.9632912185238903,-2.568342116582145,1.3918047987418982,-3.0965049204585364,1.9199676026182892,0.5467092407232241,2.6038192950434405
Pré,analitica_Tecnológico/antrópico,Tecnológico/antrópico,Analítica,3,C_prop,estimável com ressalvas,C,9,-0.42250281790371547,1.0583796433238422,-2.5980333320162177,1.7530276962087865,-3.1783321546715304,2.3333265188640993,0.6930076046989762,2.6038192950434405
Pré,analitica_Tecnológico/antrópico,Tecnológico/antrópico,Analítica,3,C_prop,estimável com ressalvas,C,10,-0.11125248725305557,1.164391534764727,-2.5046935650685085,2.2821885905623973,-3.1431176324586967,2.9206126579525855,0.9246140893379896,2.6038192950434405
Pré,analitica_Tecnológico/antrópico,Tecnológico/antrópico,Analítica,3,C_prop,estimável com ressalvas,C,11,0.35865826461142397,1.303640195811869,-2.321012535278033,3.038329064500881,-3.0357852310377296,3.7531017602605776,0.7853981478563802,2.6038192950434405
Pré,analitica_Tecnológico/antrópico,Tecnológico/antrópico,Analítica,3,C_prop,estimável com ressalvas,C,12,0.9938174034795071,1.5116188451952635,-2.1133596328267017,4.100994439785715,-2.9421649123912035,4.929799719350218,0.5166687032100554,2.6038192950434405
