Período,Chave,Nível,Categoria,Especificação,Máximo lag,n transformado,Defasagem,n comum IC,Parâmetros/equação,GL comum,AIC,BIC
Total (2013–2024),Total nacional,Referência,Total nacional,Principal: 11 dummies,12,143,0,131,12,119,-5.84045036378828,-5.313696655720893
Total (2013–2024),Total nacional,Referência,Total nacional,Principal: 11 dummies,12,143,1,131,14,117,-6.156429345342409,-5.541883352597124
Total (2013–2024),Total nacional,Referência,Total nacional,Principal: 11 dummies,12,143,2,131,16,115,-6.234024996694238,-5.531686719271056
Total (2013–2024),Total nacional,Referência,Total nacional,Principal: 11 dummies,12,143,3,131,18,113,-6.200683167903673,-5.410552605802593
Total (2013–2024),Total nacional,Referência,Total nacional,Principal: 11 dummies,12,143,4,131,20,111,-6.183814032051552,-5.305891185272574
Total (2013–2024),Total nacional,Referência,Total nacional,Principal: 11 dummies,12,143,5,131,22,109,-6.204790736601293,-5.239075605144418
Total (2013–2024),Total nacional,Referência,Total nacional,Principal: 11 dummies,12,143,6,131,24,107,-6.176306731982031,-5.122799315847258
Total (2013–2024),Total nacional,Referência,Total nacional,Principal: 11 dummies,12,143,7,131,26,105,-6.175783708211295,-5.034484007398625
Total (2013–2024),Total nacional,Referência,Total nacional,Principal: 11 dummies,12,143,8,131,28,103,-6.147797631736592,-4.918705646246023
Total (2013–2024),Total nacional,Referência,Total nacional,Principal: 11 dummies,12,143,9,131,30,101,-6.145514003115335,-4.828629732946869
Total (2013–2024),Total nacional,Referência,Total nacional,Principal: 11 dummies,12,143,10,131,32,99,-6.143915446252051,-4.739238891405687
Total (2013–2024),Total nacional,Referência,Total nacional,Principal: 11 dummies,12,143,11,131,34,97,-6.170041468184875,-4.677572628660613
Total (2013–2024),Total nacional,Referência,Total nacional,Principal: 11 dummies,12,143,12,131,36,95,-6.190324642369442,-4.610063518167282
Total (2013–2024),Total nacional,Referência,Total nacional,Comparação: sem dummies,12,143,0,131,1,130,-5.391349073612213,-5.3474529312732635
Total (2013–2024),Total nacional,Referência,Total nacional,Comparação: sem dummies,12,143,1,131,3,128,-5.60764645066219,-5.475958023645343
Total (2013–2024),Total nacional,Referência,Total nacional,Comparação: sem dummies,12,143,2,131,5,126,-5.666982962927981,-5.447502251233236
Total (2013–2024),Total nacional,Referência,Total nacional,Comparação: sem dummies,12,143,3,131,7,124,-5.73105193211243,-5.423778935739787
Total (2013–2024),Total nacional,Referência,Total nacional,Comparação: sem dummies,12,143,4,131,9,122,-5.789561738772041,-5.394496457721501
Total (2013–2024),Total nacional,Referência,Total nacional,Comparação: sem dummies,12,143,5,131,11,120,-5.83893136477102,-5.356073799042583
Total (2013–2024),Total nacional,Referência,Total nacional,Comparação: sem dummies,12,143,6,131,13,118,-5.9158456427195425,-5.345195792313207
Total (2013–2024),Total nacional,Referência,Total nacional,Comparação: sem dummies,12,143,7,131,15,116,-5.9522945019127915,-5.293852366828559
Total (2013–2024),Total nacional,Referência,Total nacional,Comparação: sem dummies,12,143,8,131,17,114,-5.932361461496312,-5.1861270417341805
Total (2013–2024),Total nacional,Referência,Total nacional,Comparação: sem dummies,12,143,9,131,19,112,-5.94738894090827,-5.113362236468241
Total (2013–2024),Total nacional,Referência,Total nacional,Comparação: sem dummies,12,143,10,131,21,110,-5.925251132532466,-5.003432143414539
Total (2013–2024),Total nacional,Referência,Total nacional,Comparação: sem dummies,12,143,11,131,23,108,-5.936054470351394,-4.926443196555569
Total (2013–2024),Total nacional,Referência,Total nacional,Comparação: sem dummies,12,143,12,131,25,106,-5.932013511997073,-4.834609953523351
Total (2013–2024),Total nacional,Referência,Total nacional,Robustez: diferença sazonal,12,131,0,119,1,118,-4.7249940981187795,-4.678286140251359
Total (2013–2024),Total nacional,Referência,Total nacional,Robustez: diferença sazonal,12,131,1,119,3,116,-5.098680674532815,-4.958556800930553
Total (2013–2024),Total nacional,Referência,Total nacional,Robustez: diferença sazonal,12,131,2,119,5,114,-5.199028993707888,-4.965489204370785
Total (2013–2024),Total nacional,Referência,Total nacional,Robustez: diferença sazonal,12,131,3,119,7,112,-5.163887075763143,-4.8369313706911985
Total (2013–2024),Total nacional,Referência,Total nacional,Robustez: diferença sazonal,12,131,4,119,9,110,-5.138075359336578,-4.717703738529792
Total (2013–2024),Total nacional,Referência,Total nacional,Robustez: diferença sazonal,12,131,5,119,11,108,-5.122165240326943,-4.608377703785315
Total (2013–2024),Total nacional,Referência,Total nacional,Robustez: diferença sazonal,12,131,6,119,13,106,-5.083799799367716,-4.476596347091247
Total (2013–2024),Total nacional,Referência,Total nacional,Robustez: diferença sazonal,12,131,7,119,15,104,-5.080922377795795,-4.380303009784485
Total (2013–2024),Total nacional,Referência,Total nacional,Robustez: diferença sazonal,12,131,8,119,17,102,-5.034197173976437,-4.240161890230285
Total (2013–2024),Total nacional,Referência,Total nacional,Robustez: diferença sazonal,12,131,9,119,19,100,-5.033402118538884,-4.145950919057892
Total (2013–2024),Total nacional,Referência,Total nacional,Robustez: diferença sazonal,12,131,10,119,21,98,-5.0888950931656565,-4.108027977949822
Total (2013–2024),Total nacional,Referência,Total nacional,Robustez: diferença sazonal,12,131,11,119,23,96,-5.1756478839286215,-4.101364852977946
Total (2013–2024),Total nacional,Referência,Total nacional,Robustez: diferença sazonal,12,131,12,119,25,94,-5.455528187808189,-4.2878292411226715
Total (2013–2024),Grupo | Climatológico,Grupo,Climatológico,Principal: 11 dummies,12,143,0,131,12,119,-4.9791516719579985,-4.452397963890611
Total (2013–2024),Grupo | Climatológico,Grupo,Climatológico,Principal: 11 dummies,12,143,1,131,14,117,-5.383523506519015,-4.76897751377373
Total (2013–2024),Grupo | Climatológico,Grupo,Climatológico,Principal: 11 dummies,12,143,2,131,16,115,-5.412027081229522,-4.70968880380634
Total (2013–2024),Grupo | Climatológico,Grupo,Climatológico,Principal: 11 dummies,12,143,3,131,18,113,-5.380253241797481,-4.590122679696401
Total (2013–2024),Grupo | Climatológico,Grupo,Climatológico,Principal: 11 dummies,12,143,4,131,20,111,-5.375775745008839,-4.497852898229861
Total (2013–2024),Grupo | Climatológico,Grupo,Climatológico,Principal: 11 dummies,12,143,5,131,22,109,-5.539709696126936,-4.573994564670061
Total (2013–2024),Grupo | Climatológico,Grupo,Climatológico,Principal: 11 dummies,12,143,6,131,24,107,-5.539921858856805,-4.486414442722032
Total (2013–2024),Grupo | Climatológico,Grupo,Climatológico,Principal: 11 dummies,12,143,7,131,26,105,-5.540607097612055,-4.399307396799385
Total (2013–2024),Grupo | Climatológico,Grupo,Climatológico,Principal: 11 dummies,12,143,8,131,28,103,-5.509966623591679,-4.2808746381011105
Total (2013–2024),Grupo | Climatológico,Grupo,Climatológico,Principal: 11 dummies,12,143,9,131,30,101,-5.470273772058886,-4.15338950189042
Total (2013–2024),Grupo | Climatológico,Grupo,Climatológico,Principal: 11 dummies,12,143,10,131,32,99,-5.469276144622205,-4.06459958977584
Total (2013–2024),Grupo | Climatológico,Grupo,Climatológico,Principal: 11 dummies,12,143,11,131,34,97,-5.459413929726224,-3.966945090201962
Total (2013–2024),Grupo | Climatológico,Grupo,Climatológico,Principal: 11 dummies,12,143,12,131,36,95,-5.489975018532302,-3.909713894330143
Total (2013–2024),Grupo | Climatológico,Grupo,Climatológico,Comparação: sem dummies,12,143,0,131,1,130,-4.631225506281311,-4.587329363942361
Total (2013–2024),Grupo | Climatológico,Grupo,Climatológico,Comparação: sem dummies,12,143,1,131,3,128,-4.825128278263994,-4.693439851247147
Total (2013–2024),Grupo | Climatológico,Grupo,Climatológico,Comparação: sem dummies,12,143,2,131,5,126,-4.8264037841438885,-4.606923072449144
Total (2013–2024),Grupo | Climatológico,Grupo,Climatológico,Comparação: sem dummies,12,143,3,131,7,124,-4.89598565609634,-4.588712659723698
Total (2013–2024),Grupo | Climatológico,Grupo,Climatológico,Comparação: sem dummies,12,143,4,131,9,122,-4.942182027221013,-4.547116746170473
Total (2013–2024),Grupo | Climatológico,Grupo,Climatológico,Comparação: sem dummies,12,143,5,131,11,120,-5.140266122157804,-4.657408556429367
Total (2013–2024),Grupo | Climatológico,Grupo,Climatológico,Comparação: sem dummies,12,143,6,131,13,118,-5.2551495955716465,-4.684499745165311
Total (2013–2024),Grupo | Climatológico,Grupo,Climatológico,Comparação: sem dummies,12,143,7,131,15,116,-5.294090888765122,-4.635648753680889
Total (2013–2024),Grupo | Climatológico,Grupo,Climatológico,Comparação: sem dummies,12,143,8,131,17,114,-5.252392454228714,-4.5061580344665835
Total (2013–2024),Grupo | Climatológico,Grupo,Climatológico,Comparação: sem dummies,12,143,9,131,19,112,-5.247106928974105,-4.413080224534077
Total (2013–2024),Grupo | Climatológico,Grupo,Climatológico,Comparação: sem dummies,12,143,10,131,21,110,-5.258804382518772,-4.336985393400845
Total (2013–2024),Grupo | Climatológico,Grupo,Climatológico,Comparação: sem dummies,12,143,11,131,23,108,-5.240832394880341,-4.231221121084516
Total (2013–2024),Grupo | Climatológico,Grupo,Climatológico,Comparação: sem dummies,12,143,12,131,25,106,-5.254097446428426,-4.156693887954704
Total (2013–2024),Grupo | Climatológico,Grupo,Climatológico,Robustez: diferença sazonal,12,131,0,119,1,118,-3.886432201836461,-3.83972424396904
Total (2013–2024),Grupo | Climatológico,Grupo,Climatológico,Robustez: diferença sazonal,12,131,1,119,3,116,-4.302252554520638,-4.162128680918375
Total (2013–2024),Grupo | Climatológico,Grupo,Climatológico,Robustez: diferença sazonal,12,131,2,119,5,114,-4.327864054514931,-4.094324265177828
Total (2013–2024),Grupo | Climatológico,Grupo,Climatológico,Robustez: diferença sazonal,12,131,3,119,7,112,-4.302493694447724,-3.9755379893757796
Total (2013–2024),Grupo | Climatológico,Grupo,Climatológico,Robustez: diferença sazonal,12,131,4,119,9,110,-4.354952152663107,-3.9345805318563207
Total (2013–2024),Grupo | Climatológico,Grupo,Climatológico,Robustez: diferença sazonal,12,131,5,119,11,108,-4.453581062199538,-3.93979352565791
Total (2013–2024),Grupo | Climatológico,Grupo,Climatológico,Robustez: diferença sazonal,12,131,6,119,13,106,-4.438346904137124,-3.831143451860656
Total (2013–2024),Grupo | Climatológico,Grupo,Climatológico,Robustez: diferença sazonal,12,131,7,119,15,104,-4.420561962580374,-3.719942594569064
Total (2013–2024),Grupo | Climatológico,Grupo,Climatológico,Robustez: diferença sazonal,12,131,8,119,17,102,-4.381505190945651,-3.5874699071994995
Total (2013–2024),Grupo | Climatológico,Grupo,Climatológico,Robustez: diferença sazonal,12,131,9,119,19,100,-4.367545628103288,-3.480094428622296
Total (2013–2024),Grupo | Climatológico,Grupo,Climatológico,Robustez: diferença sazonal,12,131,10,119,21,98,-4.366152111274906,-3.385284996059072
Total (2013–2024),Grupo | Climatológico,Grupo,Climatológico,Robustez: diferença sazonal,12,131,11,119,23,96,-4.3437950474927725,-3.269512016542097
Total (2013–2024),Grupo | Climatológico,Grupo,Climatológico,Robustez: diferença sazonal,12,131,12,119,25,94,-4.7571089239995334,-3.5894099773140162
Total (2013–2024),Grupo | Hidrológico,Grupo,Hidrológico,Principal: 11 dummies,12,143,0,131,12,119,-5.246458920201488,-4.719705212134102
Total (2013–2024),Grupo | Hidrológico,Grupo,Hidrológico,Principal: 11 dummies,12,143,1,131,14,117,-5.482801307400315,-4.8682553146550305
Total (2013–2024),Grupo | Hidrológico,Grupo,Hidrológico,Principal: 11 dummies,12,143,2,131,16,115,-5.537009390290287,-4.834671112867104
Total (2013–2024),Grupo | Hidrológico,Grupo,Hidrológico,Principal: 11 dummies,12,143,3,131,18,113,-5.513383808019286,-4.723253245918206
Total (2013–2024),Grupo | Hidrológico,Grupo,Hidrológico,Principal: 11 dummies,12,143,4,131,20,111,-5.501079098086698,-4.62315625130772
Total (2013–2024),Grupo | Hidrológico,Grupo,Hidrológico,Principal: 11 dummies,12,143,5,131,22,109,-5.5035668568230856,-4.5378517253662105
Total (2013–2024),Grupo | Hidrológico,Grupo,Hidrológico,Principal: 11 dummies,12,143,6,131,24,107,-5.530823391017777,-4.4773159748830045
Total (2013–2024),Grupo | Hidrológico,Grupo,Hidrológico,Principal: 11 dummies,12,143,7,131,26,105,-5.4897692555638,-4.34846955475113
Total (2013–2024),Grupo | Hidrológico,Grupo,Hidrológico,Principal: 11 dummies,12,143,8,131,28,103,-5.454890574022792,-4.225798588532223
Total (2013–2024),Grupo | Hidrológico,Grupo,Hidrológico,Principal: 11 dummies,12,143,9,131,30,101,-5.450260366030843,-4.133376095862376
Total (2013–2024),Grupo | Hidrológico,Grupo,Hidrológico,Principal: 11 dummies,12,143,10,131,32,99,-5.416042474881422,-4.0113659200350575
Total (2013–2024),Grupo | Hidrológico,Grupo,Hidrológico,Principal: 11 dummies,12,143,11,131,34,97,-5.43734395616358,-3.944875116639318
Total (2013–2024),Grupo | Hidrológico,Grupo,Hidrológico,Principal: 11 dummies,12,143,12,131,36,95,-5.40996830343982,-3.8297071792376607
Total (2013–2024),Grupo | Hidrológico,Grupo,Hidrológico,Comparação: sem dummies,12,143,0,131,1,130,-4.592379204263529,-4.548483061924579
Total (2013–2024),Grupo | Hidrológico,Grupo,Hidrológico,Comparação: sem dummies,12,143,1,131,3,128,-4.59592673713783,-4.464238310120983
Total (2013–2024),Grupo | Hidrológico,Grupo,Hidrológico,Comparação: sem dummies,12,143,2,131,5,126,-4.581068898650994,-4.361588186956249
Total (2013–2024),Grupo | Hidrológico,Grupo,Hidrológico,Comparação: sem dummies,12,143,3,131,7,124,-4.636519723396305,-4.329246727023663
Total (2013–2024),Grupo | Hidrológico,Grupo,Hidrológico,Comparação: sem dummies,12,143,4,131,9,122,-4.721991340872695,-4.326926059822155
Total (2013–2024),Grupo | Hidrológico,Grupo,Hidrológico,Comparação: sem dummies,12,143,5,131,11,120,-4.759932206996949,-4.277074641268512
Total (2013–2024),Grupo | Hidrológico,Grupo,Hidrológico,Comparação: sem dummies,12,143,6,131,13,118,-4.962162691923687,-4.391512841517352
Total (2013–2024),Grupo | Hidrológico,Grupo,Hidrológico,Comparação: sem dummies,12,143,7,131,15,116,-4.952179263718696,-4.293737128634463
Total (2013–2024),Grupo | Hidrológico,Grupo,Hidrológico,Comparação: sem dummies,12,143,8,131,17,114,-5.013755078332002,-4.267520658569871
Total (2013–2024),Grupo | Hidrológico,Grupo,Hidrológico,Comparação: sem dummies,12,143,9,131,19,112,-5.07151507535847,-4.237488370918442
Total (2013–2024),Grupo | Hidrológico,Grupo,Hidrológico,Comparação: sem dummies,12,143,10,131,21,110,-5.021261165514189,-4.099442176396263
Total (2013–2024),Grupo | Hidrológico,Grupo,Hidrológico,Comparação: sem dummies,12,143,11,131,23,108,-5.0556582108039665,-4.046046937008143
Total (2013–2024),Grupo | Hidrológico,Grupo,Hidrológico,Comparação: sem dummies,12,143,12,131,25,106,-5.035149477362043,-3.937745918888321
Total (2013–2024),Grupo | Hidrológico,Grupo,Hidrológico,Robustez: diferença sazonal,12,131,0,119,1,118,-3.9568933766322725,-3.9101854187648515
Total (2013–2024),Grupo | Hidrológico,Grupo,Hidrológico,Robustez: diferença sazonal,12,131,1,119,3,116,-4.317697274465974,-4.177573400863712
Total (2013–2024),Grupo | Hidrológico,Grupo,Hidrológico,Robustez: diferença sazonal,12,131,2,119,5,114,-4.401714360483059,-4.168174571145956
Total (2013–2024),Grupo | Hidrológico,Grupo,Hidrológico,Robustez: diferença sazonal,12,131,3,119,7,112,-4.357696429951025,-4.03074072487908
Total (2013–2024),Grupo | Hidrológico,Grupo,Hidrológico,Robustez: diferença sazonal,12,131,4,119,9,110,-4.357827860462399,-3.9374562396556123
Total (2013–2024),Grupo | Hidrológico,Grupo,Hidrológico,Robustez: diferença sazonal,12,131,5,119,11,108,-4.3501846917400115,-3.8363971551983846
Total (2013–2024),Grupo | Hidrológico,Grupo,Hidrológico,Robustez: diferença sazonal,12,131,6,119,13,106,-4.419347181378814,-3.812143729102346
Total (2013–2024),Grupo | Hidrológico,Grupo,Hidrológico,Robustez: diferença sazonal,12,131,7,119,15,104,-4.369964902871933,-3.669345534860623
Total (2013–2024),Grupo | Hidrológico,Grupo,Hidrológico,Robustez: diferença sazonal,12,131,8,119,17,102,-4.339477307894897,-3.545442024148745
Total (2013–2024),Grupo | Hidrológico,Grupo,Hidrológico,Robustez: diferença sazonal,12,131,9,119,19,100,-4.302468242143497,-3.4150170426625053
Total (2013–2024),Grupo | Hidrológico,Grupo,Hidrológico,Robustez: diferença sazonal,12,131,10,119,21,98,-4.288973288306673,-3.308106173090839
Total (2013–2024),Grupo | Hidrológico,Grupo,Hidrológico,Robustez: diferença sazonal,12,131,11,119,23,96,-4.427190037951365,-3.35290700700069
Total (2013–2024),Grupo | Hidrológico,Grupo,Hidrológico,Robustez: diferença sazonal,12,131,12,119,25,94,-4.719928927303527,-3.5522299806180095
Total (2013–2024),Grupo | Meteorológico,Grupo,Meteorológico,Principal: 11 dummies,12,143,0,131,12,119,-4.875475045754191,-4.348721337686804
Total (2013–2024),Grupo | Meteorológico,Grupo,Meteorológico,Principal: 11 dummies,12,143,1,131,14,117,-5.316586618127633,-4.702040625382348
Total (2013–2024),Grupo | Meteorológico,Grupo,Meteorológico,Principal: 11 dummies,12,143,2,131,16,115,-5.40350413565287,-4.701165858229688
Total (2013–2024),Grupo | Meteorológico,Grupo,Meteorológico,Principal: 11 dummies,12,143,3,131,18,113,-5.509683560388262,-4.719552998287182
Total (2013–2024),Grupo | Meteorológico,Grupo,Meteorológico,Principal: 11 dummies,12,143,4,131,20,111,-5.495788098334114,-4.617865251555137
Total (2013–2024),Grupo | Meteorológico,Grupo,Meteorológico,Principal: 11 dummies,12,143,5,131,22,109,-5.445621628498714,-4.4799064970418385
Total (2013–2024),Grupo | Meteorológico,Grupo,Meteorológico,Principal: 11 dummies,12,143,6,131,24,107,-5.469196611429459,-4.415689195294687
Total (2013–2024),Grupo | Meteorológico,Grupo,Meteorológico,Principal: 11 dummies,12,143,7,131,26,105,-5.461841231319914,-4.320541530507244
Total (2013–2024),Grupo | Meteorológico,Grupo,Meteorológico,Principal: 11 dummies,12,143,8,131,28,103,-5.471254131849193,-4.242162146358623
Total (2013–2024),Grupo | Meteorológico,Grupo,Meteorológico,Principal: 11 dummies,12,143,9,131,30,101,-5.478788645597554,-4.161904375429087
Total (2013–2024),Grupo | Meteorológico,Grupo,Meteorológico,Principal: 11 dummies,12,143,10,131,32,99,-5.46893771436808,-4.064261159521715
Total (2013–2024),Grupo | Meteorológico,Grupo,Meteorológico,Principal: 11 dummies,12,143,11,131,34,97,-5.469965663892603,-3.9774968243683415
Total (2013–2024),Grupo | Meteorológico,Grupo,Meteorológico,Principal: 11 dummies,12,143,12,131,36,95,-5.433403939105388,-3.853142814903229
Total (2013–2024),Grupo | Meteorológico,Grupo,Meteorológico,Comparação: sem dummies,12,143,0,131,1,130,-4.4308328731108535,-4.386936730771904
Total (2013–2024),Grupo | Meteorológico,Grupo,Meteorológico,Comparação: sem dummies,12,143,1,131,3,128,-4.58289398567871,-4.451205558661862
Total (2013–2024),Grupo | Meteorológico,Grupo,Meteorológico,Comparação: sem dummies,12,143,2,131,5,126,-4.6284676865721295,-4.408986974877385
Total (2013–2024),Grupo | Meteorológico,Grupo,Meteorológico,Comparação: sem dummies,12,143,3,131,7,124,-4.704291994272445,-4.397018997899803
Total (2013–2024),Grupo | Meteorológico,Grupo,Meteorológico,Comparação: sem dummies,12,143,4,131,9,122,-4.666537251176336,-4.271471970125796
Total (2013–2024),Grupo | Meteorológico,Grupo,Meteorológico,Comparação: sem dummies,12,143,5,131,11,120,-4.701408442077558,-4.218550876349121
Total (2013–2024),Grupo | Meteorológico,Grupo,Meteorológico,Comparação: sem dummies,12,143,6,131,13,118,-4.854487119507491,-4.283837269101156
Total (2013–2024),Grupo | Meteorológico,Grupo,Meteorológico,Comparação: sem dummies,12,143,7,131,15,116,-4.974802744741702,-4.316360609657469
Total (2013–2024),Grupo | Meteorológico,Grupo,Meteorológico,Comparação: sem dummies,12,143,8,131,17,114,-5.009718756042631,-4.2634843362804995
Total (2013–2024),Grupo | Meteorológico,Grupo,Meteorológico,Comparação: sem dummies,12,143,9,131,19,112,-5.045948841670381,-4.211922137230352
Total (2013–2024),Grupo | Meteorológico,Grupo,Meteorológico,Comparação: sem dummies,12,143,10,131,21,110,-5.013132350956882,-4.091313361838955
Total (2013–2024),Grupo | Meteorológico,Grupo,Meteorológico,Comparação: sem dummies,12,143,11,131,23,108,-5.019470736404348,-4.009859462608524
Total (2013–2024),Grupo | Meteorológico,Grupo,Meteorológico,Comparação: sem dummies,12,143,12,131,25,106,-5.015505532832155,-3.9181019743584335
Total (2013–2024),Grupo | Meteorológico,Grupo,Meteorológico,Robustez: diferença sazonal,12,131,0,119,1,118,-3.6004802190673235,-3.5537722611999025
Total (2013–2024),Grupo | Meteorológico,Grupo,Meteorológico,Robustez: diferença sazonal,12,131,1,119,3,116,-4.064457408500523,-3.9243335348982606
Total (2013–2024),Grupo | Meteorológico,Grupo,Meteorológico,Robustez: diferença sazonal,12,131,2,119,5,114,-4.1379101260615725,-3.9043703367244693
Total (2013–2024),Grupo | Meteorológico,Grupo,Meteorológico,Robustez: diferença sazonal,12,131,3,119,7,112,-4.256950271991162,-3.929994566919217
Total (2013–2024),Grupo | Meteorológico,Grupo,Meteorológico,Robustez: diferença sazonal,12,131,4,119,9,110,-4.217634685052243,-3.7972630642454566
Total (2013–2024),Grupo | Meteorológico,Grupo,Meteorológico,Robustez: diferença sazonal,12,131,5,119,11,108,-4.18671576006656,-3.6729282235249334
Total (2013–2024),Grupo | Meteorológico,Grupo,Meteorológico,Robustez: diferença sazonal,12,131,6,119,13,106,-4.19307127597777,-3.5858678237013017
Total (2013–2024),Grupo | Meteorológico,Grupo,Meteorológico,Robustez: diferença sazonal,12,131,7,119,15,104,-4.19160295411188,-3.49098358610057
Total (2013–2024),Grupo | Meteorológico,Grupo,Meteorológico,Robustez: diferença sazonal,12,131,8,119,17,102,-4.216820862277958,-3.422785578531806
Total (2013–2024),Grupo | Meteorológico,Grupo,Meteorológico,Robustez: diferença sazonal,12,131,9,119,19,100,-4.225034992473335,-3.3375837929923415
Total (2013–2024),Grupo | Meteorológico,Grupo,Meteorológico,Robustez: diferença sazonal,12,131,10,119,21,98,-4.201671125088077,-3.220804009872243
Total (2013–2024),Grupo | Meteorológico,Grupo,Meteorológico,Robustez: diferença sazonal,12,131,11,119,23,96,-4.32991634493053,-3.255633313979855
Total (2013–2024),Grupo | Meteorológico,Grupo,Meteorológico,Robustez: diferença sazonal,12,131,12,119,25,94,-4.413720032815342,-3.246021086129825
Total (2013–2024),Grupo | Outros,Grupo,Outros,Principal: 11 dummies,12,143,0,131,12,119,-5.453223346526507,-4.926469638459121
Total (2013–2024),Grupo | Outros,Grupo,Outros,Principal: 11 dummies,12,143,1,131,14,117,-5.8756047714179465,-5.261058778672662
Total (2013–2024),Grupo | Outros,Grupo,Outros,Principal: 11 dummies,12,143,2,131,16,115,-5.863596385221087,-5.161258107797905
Total (2013–2024),Grupo | Outros,Grupo,Outros,Principal: 11 dummies,12,143,3,131,18,113,-5.87657144344589,-5.08644088134481
Total (2013–2024),Grupo | Outros,Grupo,Outros,Principal: 11 dummies,12,143,4,131,20,111,-6.015222414946616,-5.137299568167639
Total (2013–2024),Grupo | Outros,Grupo,Outros,Principal: 11 dummies,12,143,5,131,22,109,-6.0186733944872906,-5.0529582630304155
Total (2013–2024),Grupo | Outros,Grupo,Outros,Principal: 11 dummies,12,143,6,131,24,107,-5.99438176280533,-4.940874346670557
Total (2013–2024),Grupo | Outros,Grupo,Outros,Principal: 11 dummies,12,143,7,131,26,105,-5.961308636865228,-4.820008936052558
Total (2013–2024),Grupo | Outros,Grupo,Outros,Principal: 11 dummies,12,143,8,131,28,103,-5.952812499694989,-4.72372051420442
Total (2013–2024),Grupo | Outros,Grupo,Outros,Principal: 11 dummies,12,143,9,131,30,101,-5.961316150129078,-4.644431879960612
Total (2013–2024),Grupo | Outros,Grupo,Outros,Principal: 11 dummies,12,143,10,131,32,99,-5.960832498601894,-4.556155943755529
Total (2013–2024),Grupo | Outros,Grupo,Outros,Principal: 11 dummies,12,143,11,131,34,97,-5.996465513329802,-4.50399667380554
Total (2013–2024),Grupo | Outros,Grupo,Outros,Principal: 11 dummies,12,143,12,131,36,95,-5.985900312482714,-4.405639188280555
Total (2013–2024),Grupo | Outros,Grupo,Outros,Comparação: sem dummies,12,143,0,131,1,130,-5.139256360944727,-5.095360218605777
Total (2013–2024),Grupo | Outros,Grupo,Outros,Comparação: sem dummies,12,143,1,131,3,128,-5.326327061399664,-5.194638634382817
Total (2013–2024),Grupo | Outros,Grupo,Outros,Comparação: sem dummies,12,143,2,131,5,126,-5.295404399025301,-5.075923687330556
Total (2013–2024),Grupo | Outros,Grupo,Outros,Comparação: sem dummies,12,143,3,131,7,124,-5.3524404622250925,-5.04516746585245
Total (2013–2024),Grupo | Outros,Grupo,Outros,Comparação: sem dummies,12,143,4,131,9,122,-5.474193593382616,-5.079128312332076
Total (2013–2024),Grupo | Outros,Grupo,Outros,Comparação: sem dummies,12,143,5,131,11,120,-5.513268588396227,-5.030411022667789
Total (2013–2024),Grupo | Outros,Grupo,Outros,Comparação: sem dummies,12,143,6,131,13,118,-5.635978447496171,-5.065328597089836
Total (2013–2024),Grupo | Outros,Grupo,Outros,Comparação: sem dummies,12,143,7,131,15,116,-5.69747990890827,-5.039037773824037
Total (2013–2024),Grupo | Outros,Grupo,Outros,Comparação: sem dummies,12,143,8,131,17,114,-5.6851293440842205,-4.938894924322089
Total (2013–2024),Grupo | Outros,Grupo,Outros,Comparação: sem dummies,12,143,9,131,19,112,-5.661704519882249,-4.82767781544222
Total (2013–2024),Grupo | Outros,Grupo,Outros,Comparação: sem dummies,12,143,10,131,21,110,-5.648888200097487,-4.727069210979561
Total (2013–2024),Grupo | Outros,Grupo,Outros,Comparação: sem dummies,12,143,11,131,23,108,-5.71805935755123,-4.708448083755405
Total (2013–2024),Grupo | Outros,Grupo,Outros,Comparação: sem dummies,12,143,12,131,25,106,-5.724614954278058,-4.627211395804336
Total (2013–2024),Grupo | Outros,Grupo,Outros,Robustez: diferença sazonal,12,131,0,119,1,118,-4.425808376872396,-4.379100419004976
Total (2013–2024),Grupo | Outros,Grupo,Outros,Robustez: diferença sazonal,12,131,1,119,3,116,-4.930056483807635,-4.789932610205373
Total (2013–2024),Grupo | Outros,Grupo,Outros,Robustez: diferença sazonal,12,131,2,119,5,114,-4.910013967843908,-4.676474178506806
Total (2013–2024),Grupo | Outros,Grupo,Outros,Robustez: diferença sazonal,12,131,3,119,7,112,-4.9544223387102155,-4.627466633638271
Total (2013–2024),Grupo | Outros,Grupo,Outros,Robustez: diferença sazonal,12,131,4,119,9,110,-5.086144348890336,-4.66577272808355
Total (2013–2024),Grupo | Outros,Grupo,Outros,Robustez: diferença sazonal,12,131,5,119,11,108,-5.101721060770082,-4.587933524228455
Total (2013–2024),Grupo | Outros,Grupo,Outros,Robustez: diferença sazonal,12,131,6,119,13,106,-5.074643908186677,-4.467440455910209
Total (2013–2024),Grupo | Outros,Grupo,Outros,Robustez: diferença sazonal,12,131,7,119,15,104,-5.047352120089918,-4.346732752078608
Total (2013–2024),Grupo | Outros,Grupo,Outros,Robustez: diferença sazonal,12,131,8,119,17,102,-5.024175432376923,-4.230140148630772
Total (2013–2024),Grupo | Outros,Grupo,Outros,Robustez: diferença sazonal,12,131,9,119,19,100,-5.052100707420909,-4.164649507939916
Total (2013–2024),Grupo | Outros,Grupo,Outros,Robustez: diferença sazonal,12,131,10,119,21,98,-5.0041135680738185,-4.023246452857984
Total (2013–2024),Grupo | Outros,Grupo,Outros,Robustez: diferença sazonal,12,131,11,119,23,96,-5.088876772694713,-4.014593741744037
Total (2013–2024),Grupo | Outros,Grupo,Outros,Robustez: diferença sazonal,12,131,12,119,25,94,-5.271452102928667,-4.10375315624315
Total (2013–2024),Tipologia | Alagamentos,Tipologia,Alagamentos,Principal: 11 dummies,12,143,0,131,12,119,-5.621034366490911,-5.094280658423525
Total (2013–2024),Tipologia | Alagamentos,Tipologia,Alagamentos,Principal: 11 dummies,12,143,1,131,14,117,-5.866614413478572,-5.252068420733287
Total (2013–2024),Tipologia | Alagamentos,Tipologia,Alagamentos,Principal: 11 dummies,12,143,2,131,16,115,-5.979330587694366,-5.276992310271184
Total (2013–2024),Tipologia | Alagamentos,Tipologia,Alagamentos,Principal: 11 dummies,12,143,3,131,18,113,-5.964312325920026,-5.174181763818946
Total (2013–2024),Tipologia | Alagamentos,Tipologia,Alagamentos,Principal: 11 dummies,12,143,4,131,20,111,-5.990355948323448,-5.112433101544471
Total (2013–2024),Tipologia | Alagamentos,Tipologia,Alagamentos,Principal: 11 dummies,12,143,5,131,22,109,-5.992851096109914,-5.027135964653039
Total (2013–2024),Tipologia | Alagamentos,Tipologia,Alagamentos,Principal: 11 dummies,12,143,6,131,24,107,-6.001206335895154,-4.947698919760382
Total (2013–2024),Tipologia | Alagamentos,Tipologia,Alagamentos,Principal: 11 dummies,12,143,7,131,26,105,-5.996522020316114,-4.855222319503444
Total (2013–2024),Tipologia | Alagamentos,Tipologia,Alagamentos,Principal: 11 dummies,12,143,8,131,28,103,-6.017845932306686,-4.788753946816117
Total (2013–2024),Tipologia | Alagamentos,Tipologia,Alagamentos,Principal: 11 dummies,12,143,9,131,30,101,-6.00879674860533,-4.691912478436864
Total (2013–2024),Tipologia | Alagamentos,Tipologia,Alagamentos,Principal: 11 dummies,12,143,10,131,32,99,-5.964995928342837,-4.560319373496473
Total (2013–2024),Tipologia | Alagamentos,Tipologia,Alagamentos,Principal: 11 dummies,12,143,11,131,34,97,-5.932594014125054,-4.440125174600793
Total (2013–2024),Tipologia | Alagamentos,Tipologia,Alagamentos,Principal: 11 dummies,12,143,12,131,36,95,-5.943261017029581,-4.362999892827421
Total (2013–2024),Tipologia | Alagamentos,Tipologia,Alagamentos,Comparação: sem dummies,12,143,0,131,1,130,-5.035555479644714,-4.991659337305764
Total (2013–2024),Tipologia | Alagamentos,Tipologia,Alagamentos,Comparação: sem dummies,12,143,1,131,3,128,-5.014425060858828,-4.882736633841981
Total (2013–2024),Tipologia | Alagamentos,Tipologia,Alagamentos,Comparação: sem dummies,12,143,2,131,5,126,-5.009689420143518,-4.790208708448773
Total (2013–2024),Tipologia | Alagamentos,Tipologia,Alagamentos,Comparação: sem dummies,12,143,3,131,7,124,-5.103876308513357,-4.796603312140714
Total (2013–2024),Tipologia | Alagamentos,Tipologia,Alagamentos,Comparação: sem dummies,12,143,4,131,9,122,-5.171181990125684,-4.776116709075144
Total (2013–2024),Tipologia | Alagamentos,Tipologia,Alagamentos,Comparação: sem dummies,12,143,5,131,11,120,-5.218212854006019,-4.735355288277582
Total (2013–2024),Tipologia | Alagamentos,Tipologia,Alagamentos,Comparação: sem dummies,12,143,6,131,13,118,-5.4257438350084835,-4.855093984602148
Total (2013–2024),Tipologia | Alagamentos,Tipologia,Alagamentos,Comparação: sem dummies,12,143,7,131,15,116,-5.438660455694437,-4.780218320610205
Total (2013–2024),Tipologia | Alagamentos,Tipologia,Alagamentos,Comparação: sem dummies,12,143,8,131,17,114,-5.5382912734273475,-4.792056853665216
Total (2013–2024),Tipologia | Alagamentos,Tipologia,Alagamentos,Comparação: sem dummies,12,143,9,131,19,112,-5.537846948305894,-4.703820243865866
Total (2013–2024),Tipologia | Alagamentos,Tipologia,Alagamentos,Comparação: sem dummies,12,143,10,131,21,110,-5.501099674675441,-4.579280685557514
Total (2013–2024),Tipologia | Alagamentos,Tipologia,Alagamentos,Comparação: sem dummies,12,143,11,131,23,108,-5.493217621150876,-4.483606347355051
Total (2013–2024),Tipologia | Alagamentos,Tipologia,Alagamentos,Comparação: sem dummies,12,143,12,131,25,106,-5.491270678954741,-4.393867120481019
Total (2013–2024),Tipologia | Alagamentos,Tipologia,Alagamentos,Robustez: diferença sazonal,12,131,0,119,1,118,-4.188421434288192,-4.1417134764207715
Total (2013–2024),Tipologia | Alagamentos,Tipologia,Alagamentos,Robustez: diferença sazonal,12,131,1,119,3,116,-4.550856662760095,-4.410732789157833
Total (2013–2024),Tipologia | Alagamentos,Tipologia,Alagamentos,Robustez: diferença sazonal,12,131,2,119,5,114,-4.7223193735143205,-4.488779584177218
Total (2013–2024),Tipologia | Alagamentos,Tipologia,Alagamentos,Robustez: diferença sazonal,12,131,3,119,7,112,-4.690700736754746,-4.363745031682801
Total (2013–2024),Tipologia | Alagamentos,Tipologia,Alagamentos,Robustez: diferença sazonal,12,131,4,119,9,110,-4.6946563135246135,-4.274284692717828
Total (2013–2024),Tipologia | Alagamentos,Tipologia,Alagamentos,Robustez: diferença sazonal,12,131,5,119,11,108,-4.685927879076946,-4.172140342535319
Total (2013–2024),Tipologia | Alagamentos,Tipologia,Alagamentos,Robustez: diferença sazonal,12,131,6,119,13,106,-4.693034345901999,-4.0858308936255305
Total (2013–2024),Tipologia | Alagamentos,Tipologia,Alagamentos,Robustez: diferença sazonal,12,131,7,119,15,104,-4.658996871150731,-3.9583775031394213
Total (2013–2024),Tipologia | Alagamentos,Tipologia,Alagamentos,Robustez: diferença sazonal,12,131,8,119,17,102,-4.6354097446499845,-3.841374460903833
Total (2013–2024),Tipologia | Alagamentos,Tipologia,Alagamentos,Robustez: diferença sazonal,12,131,9,119,19,100,-4.6323234412148615,-3.7448722417338693
Total (2013–2024),Tipologia | Alagamentos,Tipologia,Alagamentos,Robustez: diferença sazonal,12,131,10,119,21,98,-4.614858459518588,-3.6339913443027543
Total (2013–2024),Tipologia | Alagamentos,Tipologia,Alagamentos,Robustez: diferença sazonal,12,131,11,119,23,96,-4.7057437728341975,-3.6314607418835223
Total (2013–2024),Tipologia | Alagamentos,Tipologia,Alagamentos,Robustez: diferença sazonal,12,131,12,119,25,94,-4.986623804740518,-3.8189248580550004
Total (2013–2024),Tipologia | Chuvas Intensas,Tipologia,Chuvas Intensas,Principal: 11 dummies,12,143,0,131,12,119,-5.041170105376672,-4.514416397309285
Total (2013–2024),Tipologia | Chuvas Intensas,Tipologia,Chuvas Intensas,Principal: 11 dummies,12,143,1,131,14,117,-5.295341156596198,-4.680795163850913
Total (2013–2024),Tipologia | Chuvas Intensas,Tipologia,Chuvas Intensas,Principal: 11 dummies,12,143,2,131,16,115,-5.351355552351159,-4.649017274927977
Total (2013–2024),Tipologia | Chuvas Intensas,Tipologia,Chuvas Intensas,Principal: 11 dummies,12,143,3,131,18,113,-5.337027794382498,-4.5468972322814185
Total (2013–2024),Tipologia | Chuvas Intensas,Tipologia,Chuvas Intensas,Principal: 11 dummies,12,143,4,131,20,111,-5.317172670478588,-4.439249823699611
Total (2013–2024),Tipologia | Chuvas Intensas,Tipologia,Chuvas Intensas,Principal: 11 dummies,12,143,5,131,22,109,-5.318136855911059,-4.352421724454184
Total (2013–2024),Tipologia | Chuvas Intensas,Tipologia,Chuvas Intensas,Principal: 11 dummies,12,143,6,131,24,107,-5.301869328290173,-4.2483619121554
Total (2013–2024),Tipologia | Chuvas Intensas,Tipologia,Chuvas Intensas,Principal: 11 dummies,12,143,7,131,26,105,-5.250873090943923,-4.109573390131253
Total (2013–2024),Tipologia | Chuvas Intensas,Tipologia,Chuvas Intensas,Principal: 11 dummies,12,143,8,131,28,103,-5.20425609886966,-3.975164113379091
Total (2013–2024),Tipologia | Chuvas Intensas,Tipologia,Chuvas Intensas,Principal: 11 dummies,12,143,9,131,30,101,-5.191440778872356,-3.8745565087038893
Total (2013–2024),Tipologia | Chuvas Intensas,Tipologia,Chuvas Intensas,Principal: 11 dummies,12,143,10,131,32,99,-5.173147407136772,-3.7684708522904073
Total (2013–2024),Tipologia | Chuvas Intensas,Tipologia,Chuvas Intensas,Principal: 11 dummies,12,143,11,131,34,97,-5.186589207810987,-3.694120368286725
Total (2013–2024),Tipologia | Chuvas Intensas,Tipologia,Chuvas Intensas,Principal: 11 dummies,12,143,12,131,36,95,-5.163061767173224,-3.582800642971065
Total (2013–2024),Tipologia | Chuvas Intensas,Tipologia,Chuvas Intensas,Comparação: sem dummies,12,143,0,131,1,130,-4.449387975288737,-4.405491832949787
Total (2013–2024),Tipologia | Chuvas Intensas,Tipologia,Chuvas Intensas,Comparação: sem dummies,12,143,1,131,3,128,-4.448612679166844,-4.316924252149997
Total (2013–2024),Tipologia | Chuvas Intensas,Tipologia,Chuvas Intensas,Comparação: sem dummies,12,143,2,131,5,126,-4.430796227656224,-4.211315515961479
Total (2013–2024),Tipologia | Chuvas Intensas,Tipologia,Chuvas Intensas,Comparação: sem dummies,12,143,3,131,7,124,-4.489184972192967,-4.1819119758203245
Total (2013–2024),Tipologia | Chuvas Intensas,Tipologia,Chuvas Intensas,Comparação: sem dummies,12,143,4,131,9,122,-4.579384407957825,-4.184319126907285
Total (2013–2024),Tipologia | Chuvas Intensas,Tipologia,Chuvas Intensas,Comparação: sem dummies,12,143,5,131,11,120,-4.615190192991464,-4.132332627263026
Total (2013–2024),Tipologia | Chuvas Intensas,Tipologia,Chuvas Intensas,Comparação: sem dummies,12,143,6,131,13,118,-4.788453437097219,-4.217803586690884
Total (2013–2024),Tipologia | Chuvas Intensas,Tipologia,Chuvas Intensas,Comparação: sem dummies,12,143,7,131,15,116,-4.789538365058844,-4.131096229974611
Total (2013–2024),Tipologia | Chuvas Intensas,Tipologia,Chuvas Intensas,Comparação: sem dummies,12,143,8,131,17,114,-4.816859896074305,-4.070625476312174
Total (2013–2024),Tipologia | Chuvas Intensas,Tipologia,Chuvas Intensas,Comparação: sem dummies,12,143,9,131,19,112,-4.852770444310458,-4.0187437398704295
Total (2013–2024),Tipologia | Chuvas Intensas,Tipologia,Chuvas Intensas,Comparação: sem dummies,12,143,10,131,21,110,-4.856057391780184,-3.9342384026622574
Total (2013–2024),Tipologia | Chuvas Intensas,Tipologia,Chuvas Intensas,Comparação: sem dummies,12,143,11,131,23,108,-4.860655262514322,-3.8510439887184975
Total (2013–2024),Tipologia | Chuvas Intensas,Tipologia,Chuvas Intensas,Comparação: sem dummies,12,143,12,131,25,106,-4.846731905560108,-3.749328347086386
Total (2013–2024),Tipologia | Chuvas Intensas,Tipologia,Chuvas Intensas,Robustez: diferença sazonal,12,131,0,119,1,118,-3.674247994439606,-3.627540036572185
Total (2013–2024),Tipologia | Chuvas Intensas,Tipologia,Chuvas Intensas,Robustez: diferença sazonal,12,131,1,119,3,116,-4.081924699150681,-3.9418008255484187
Total (2013–2024),Tipologia | Chuvas Intensas,Tipologia,Chuvas Intensas,Robustez: diferença sazonal,12,131,2,119,5,114,-4.155420166463097,-3.921880377125994
Total (2013–2024),Tipologia | Chuvas Intensas,Tipologia,Chuvas Intensas,Robustez: diferença sazonal,12,131,3,119,7,112,-4.117375308941378,-3.7904196038694336
Total (2013–2024),Tipologia | Chuvas Intensas,Tipologia,Chuvas Intensas,Robustez: diferença sazonal,12,131,4,119,9,110,-4.155038696175949,-3.734667075369163
Total (2013–2024),Tipologia | Chuvas Intensas,Tipologia,Chuvas Intensas,Robustez: diferença sazonal,12,131,5,119,11,108,-4.141999042341915,-3.6282115058002873
Total (2013–2024),Tipologia | Chuvas Intensas,Tipologia,Chuvas Intensas,Robustez: diferença sazonal,12,131,6,119,13,106,-4.151429860520034,-3.5442264082435657
Total (2013–2024),Tipologia | Chuvas Intensas,Tipologia,Chuvas Intensas,Robustez: diferença sazonal,12,131,7,119,15,104,-4.092927232562004,-3.392307864550694
Total (2013–2024),Tipologia | Chuvas Intensas,Tipologia,Chuvas Intensas,Robustez: diferença sazonal,12,131,8,119,17,102,-4.075015529804709,-3.2809802460585575
Total (2013–2024),Tipologia | Chuvas Intensas,Tipologia,Chuvas Intensas,Robustez: diferença sazonal,12,131,9,119,19,100,-4.025847107009321,-3.138395907528329
Total (2013–2024),Tipologia | Chuvas Intensas,Tipologia,Chuvas Intensas,Robustez: diferença sazonal,12,131,10,119,21,98,-4.016620685837419,-3.0357535706215852
Total (2013–2024),Tipologia | Chuvas Intensas,Tipologia,Chuvas Intensas,Robustez: diferença sazonal,12,131,11,119,23,96,-4.147010618440196,-3.0727275874895206
Total (2013–2024),Tipologia | Chuvas Intensas,Tipologia,Chuvas Intensas,Robustez: diferença sazonal,12,131,12,119,25,94,-4.410391613328205,-3.2426926666426876
Total (2013–2024),Tipologia | Doenças infecciosas,Tipologia,Doenças infecciosas,Principal: 11 dummies,12,143,0,131,12,119,-5.350813782158419,-4.824060074091033
Total (2013–2024),Tipologia | Doenças infecciosas,Tipologia,Doenças infecciosas,Principal: 11 dummies,12,143,1,131,14,117,-5.674851447538417,-5.0603054547931325
Total (2013–2024),Tipologia | Doenças infecciosas,Tipologia,Doenças infecciosas,Principal: 11 dummies,12,143,2,131,16,115,-5.726579084429143,-5.0242408070059605
Total (2013–2024),Tipologia | Doenças infecciosas,Tipologia,Doenças infecciosas,Principal: 11 dummies,12,143,3,131,18,113,-5.774195209252778,-4.9840646471516985
Total (2013–2024),Tipologia | Doenças infecciosas,Tipologia,Doenças infecciosas,Principal: 11 dummies,12,143,4,131,20,111,-5.752386343849303,-4.874463497070326
Total (2013–2024),Tipologia | Doenças infecciosas,Tipologia,Doenças infecciosas,Principal: 11 dummies,12,143,5,131,22,109,-5.781687679939205,-4.81597254848233
Total (2013–2024),Tipologia | Doenças infecciosas,Tipologia,Doenças infecciosas,Principal: 11 dummies,12,143,6,131,24,107,-5.75600798575549,-4.702500569620717
Total (2013–2024),Tipologia | Doenças infecciosas,Tipologia,Doenças infecciosas,Principal: 11 dummies,12,143,7,131,26,105,-5.709592120874607,-4.568292420061937
Total (2013–2024),Tipologia | Doenças infecciosas,Tipologia,Doenças infecciosas,Principal: 11 dummies,12,143,8,131,28,103,-5.673658151406812,-4.4445661659162425
Total (2013–2024),Tipologia | Doenças infecciosas,Tipologia,Doenças infecciosas,Principal: 11 dummies,12,143,9,131,30,101,-5.659912394266037,-4.34302812409757
Total (2013–2024),Tipologia | Doenças infecciosas,Tipologia,Doenças infecciosas,Principal: 11 dummies,12,143,10,131,32,99,-5.716554669579549,-4.311878114733185
Total (2013–2024),Tipologia | Doenças infecciosas,Tipologia,Doenças infecciosas,Principal: 11 dummies,12,143,11,131,34,97,-5.807718352153292,-4.3152495126290304
Total (2013–2024),Tipologia | Doenças infecciosas,Tipologia,Doenças infecciosas,Principal: 11 dummies,12,143,12,131,36,95,-5.791725303042821,-4.211464178840661
Total (2013–2024),Tipologia | Doenças infecciosas,Tipologia,Doenças infecciosas,Comparação: sem dummies,12,143,0,131,1,130,-4.964322747365988,-4.920426605027038
Total (2013–2024),Tipologia | Doenças infecciosas,Tipologia,Doenças infecciosas,Comparação: sem dummies,12,143,1,131,3,128,-5.08400460360012,-4.952316176583273
Total (2013–2024),Tipologia | Doenças infecciosas,Tipologia,Doenças infecciosas,Comparação: sem dummies,12,143,2,131,5,126,-5.103412346983109,-4.883931635288365
Total (2013–2024),Tipologia | Doenças infecciosas,Tipologia,Doenças infecciosas,Comparação: sem dummies,12,143,3,131,7,124,-5.220564250997244,-4.9132912546246015
Total (2013–2024),Tipologia | Doenças infecciosas,Tipologia,Doenças infecciosas,Comparação: sem dummies,12,143,4,131,9,122,-5.247898737563804,-4.852833456513264
Total (2013–2024),Tipologia | Doenças infecciosas,Tipologia,Doenças infecciosas,Comparação: sem dummies,12,143,5,131,11,120,-5.293125013150491,-4.810267447422054
Total (2013–2024),Tipologia | Doenças infecciosas,Tipologia,Doenças infecciosas,Comparação: sem dummies,12,143,6,131,13,118,-5.3975852677452885,-4.826935417338953
Total (2013–2024),Tipologia | Doenças infecciosas,Tipologia,Doenças infecciosas,Comparação: sem dummies,12,143,7,131,15,116,-5.4641994590608265,-4.805757323976594
Total (2013–2024),Tipologia | Doenças infecciosas,Tipologia,Doenças infecciosas,Comparação: sem dummies,12,143,8,131,17,114,-5.4446131218142995,-4.698378702052169
Total (2013–2024),Tipologia | Doenças infecciosas,Tipologia,Doenças infecciosas,Comparação: sem dummies,12,143,9,131,19,112,-5.4213040854399805,-4.587277380999952
Total (2013–2024),Tipologia | Doenças infecciosas,Tipologia,Doenças infecciosas,Comparação: sem dummies,12,143,10,131,21,110,-5.461007307937591,-4.539188318819665
Total (2013–2024),Tipologia | Doenças infecciosas,Tipologia,Doenças infecciosas,Comparação: sem dummies,12,143,11,131,23,108,-5.596094838373542,-4.586483564577717
Total (2013–2024),Tipologia | Doenças infecciosas,Tipologia,Doenças infecciosas,Comparação: sem dummies,12,143,12,131,25,106,-5.584295207727794,-4.486891649254073
Total (2013–2024),Tipologia | Doenças infecciosas,Tipologia,Doenças infecciosas,Robustez: diferença sazonal,12,131,0,119,1,118,-4.3645746890702535,-4.317866731202833
Total (2013–2024),Tipologia | Doenças infecciosas,Tipologia,Doenças infecciosas,Robustez: diferença sazonal,12,131,1,119,3,116,-4.822262633127042,-4.682138759524779
Total (2013–2024),Tipologia | Doenças infecciosas,Tipologia,Doenças infecciosas,Robustez: diferença sazonal,12,131,2,119,5,114,-4.831417670060184,-4.597877880723082
Total (2013–2024),Tipologia | Doenças infecciosas,Tipologia,Doenças infecciosas,Robustez: diferença sazonal,12,131,3,119,7,112,-4.897655780206939,-4.570700075134995
Total (2013–2024),Tipologia | Doenças infecciosas,Tipologia,Doenças infecciosas,Robustez: diferença sazonal,12,131,4,119,9,110,-4.894704628384186,-4.474333007577401
Total (2013–2024),Tipologia | Doenças infecciosas,Tipologia,Doenças infecciosas,Robustez: diferença sazonal,12,131,5,119,11,108,-4.924771828998676,-4.410984292457049
Total (2013–2024),Tipologia | Doenças infecciosas,Tipologia,Doenças infecciosas,Robustez: diferença sazonal,12,131,6,119,13,106,-4.8983372513627925,-4.2911337990863245
Total (2013–2024),Tipologia | Doenças infecciosas,Tipologia,Doenças infecciosas,Robustez: diferença sazonal,12,131,7,119,15,104,-4.857111960089767,-4.1564925920784574
Total (2013–2024),Tipologia | Doenças infecciosas,Tipologia,Doenças infecciosas,Robustez: diferença sazonal,12,131,8,119,17,102,-4.858663978687973,-4.064628694941822
Total (2013–2024),Tipologia | Doenças infecciosas,Tipologia,Doenças infecciosas,Robustez: diferença sazonal,12,131,9,119,19,100,-4.831329442375742,-3.9438782428947494
Total (2013–2024),Tipologia | Doenças infecciosas,Tipologia,Doenças infecciosas,Robustez: diferença sazonal,12,131,10,119,21,98,-4.814629643871298,-3.8337625286554635
Total (2013–2024),Tipologia | Doenças infecciosas,Tipologia,Doenças infecciosas,Robustez: diferença sazonal,12,131,11,119,23,96,-4.789672109972633,-3.715389079021958
Total (2013–2024),Tipologia | Doenças infecciosas,Tipologia,Doenças infecciosas,Robustez: diferença sazonal,12,131,12,119,25,94,-4.888129602121818,-3.720430655436301
Total (2013–2024),Tipologia | Enxurradas,Tipologia,Enxurradas,Principal: 11 dummies,12,143,0,131,12,119,-4.7856820786472385,-4.258928370579852
Total (2013–2024),Tipologia | Enxurradas,Tipologia,Enxurradas,Principal: 11 dummies,12,143,1,131,14,117,-5.09082313131021,-4.476277138564925
Total (2013–2024),Tipologia | Enxurradas,Tipologia,Enxurradas,Principal: 11 dummies,12,143,2,131,16,115,-5.105460295716335,-4.4031220182931525
Total (2013–2024),Tipologia | Enxurradas,Tipologia,Enxurradas,Principal: 11 dummies,12,143,3,131,18,113,-5.075743406649697,-4.285612844548617
Total (2013–2024),Tipologia | Enxurradas,Tipologia,Enxurradas,Principal: 11 dummies,12,143,4,131,20,111,-5.106109105355993,-4.228186258577016
Total (2013–2024),Tipologia | Enxurradas,Tipologia,Enxurradas,Principal: 11 dummies,12,143,5,131,22,109,-5.085809408096985,-4.12009427664011
Total (2013–2024),Tipologia | Enxurradas,Tipologia,Enxurradas,Principal: 11 dummies,12,143,6,131,24,107,-5.083512854598966,-4.030005438464193
Total (2013–2024),Tipologia | Enxurradas,Tipologia,Enxurradas,Principal: 11 dummies,12,143,7,131,26,105,-5.053885135648311,-3.9125854348356404
Total (2013–2024),Tipologia | Enxurradas,Tipologia,Enxurradas,Principal: 11 dummies,12,143,8,131,28,103,-5.016608080492751,-3.787516095002182
Total (2013–2024),Tipologia | Enxurradas,Tipologia,Enxurradas,Principal: 11 dummies,12,143,9,131,30,101,-4.994896815329871,-3.6780125451614043
Total (2013–2024),Tipologia | Enxurradas,Tipologia,Enxurradas,Principal: 11 dummies,12,143,10,131,32,99,-4.983195641744671,-3.578519086898307
Total (2013–2024),Tipologia | Enxurradas,Tipologia,Enxurradas,Principal: 11 dummies,12,143,11,131,34,97,-4.9758791267715985,-3.4834102872473367
Total (2013–2024),Tipologia | Enxurradas,Tipologia,Enxurradas,Principal: 11 dummies,12,143,12,131,36,95,-5.060111036227593,-3.479849912025434
Total (2013–2024),Tipologia | Enxurradas,Tipologia,Enxurradas,Comparação: sem dummies,12,143,0,131,1,130,-4.2689510647303885,-4.225054922391439
Total (2013–2024),Tipologia | Enxurradas,Tipologia,Enxurradas,Comparação: sem dummies,12,143,1,131,3,128,-4.329728815352699,-4.198040388335852
Total (2013–2024),Tipologia | Enxurradas,Tipologia,Enxurradas,Comparação: sem dummies,12,143,2,131,5,126,-4.318009216893105,-4.09852850519836
Total (2013–2024),Tipologia | Enxurradas,Tipologia,Enxurradas,Comparação: sem dummies,12,143,3,131,7,124,-4.340453282658741,-4.033180286286099
Total (2013–2024),Tipologia | Enxurradas,Tipologia,Enxurradas,Comparação: sem dummies,12,143,4,131,9,122,-4.450571738564834,-4.055506457514294
Total (2013–2024),Tipologia | Enxurradas,Tipologia,Enxurradas,Comparação: sem dummies,12,143,5,131,11,120,-4.469188325874455,-3.986330760146018
Total (2013–2024),Tipologia | Enxurradas,Tipologia,Enxurradas,Comparação: sem dummies,12,143,6,131,13,118,-4.6284784930933345,-4.057828642686999
Total (2013–2024),Tipologia | Enxurradas,Tipologia,Enxurradas,Comparação: sem dummies,12,143,7,131,15,116,-4.6327946900017185,-3.974352554917486
Total (2013–2024),Tipologia | Enxurradas,Tipologia,Enxurradas,Comparação: sem dummies,12,143,8,131,17,114,-4.6652426607137425,-3.9190082409516123
Total (2013–2024),Tipologia | Enxurradas,Tipologia,Enxurradas,Comparação: sem dummies,12,143,9,131,19,112,-4.690053863024339,-3.85602715858431
Total (2013–2024),Tipologia | Enxurradas,Tipologia,Enxurradas,Comparação: sem dummies,12,143,10,131,21,110,-4.6792746956577815,-3.757455706539855
Total (2013–2024),Tipologia | Enxurradas,Tipologia,Enxurradas,Comparação: sem dummies,12,143,11,131,23,108,-4.638350754516064,-3.6287394807202396
Total (2013–2024),Tipologia | Enxurradas,Tipologia,Enxurradas,Comparação: sem dummies,12,143,12,131,25,106,-4.6520866072741045,-3.5546830488003827
Total (2013–2024),Tipologia | Enxurradas,Tipologia,Enxurradas,Robustez: diferença sazonal,12,131,0,119,1,118,-3.3171362164332123,-3.2704282585657913
Total (2013–2024),Tipologia | Enxurradas,Tipologia,Enxurradas,Robustez: diferença sazonal,12,131,1,119,3,116,-3.8199689846087836,-3.6798451110065216
Total (2013–2024),Tipologia | Enxurradas,Tipologia,Enxurradas,Robustez: diferença sazonal,12,131,2,119,5,114,-3.820955142168736,-3.5874153528316324
Total (2013–2024),Tipologia | Enxurradas,Tipologia,Enxurradas,Robustez: diferença sazonal,12,131,3,119,7,112,-3.7969019574364316,-3.469946252364487
Total (2013–2024),Tipologia | Enxurradas,Tipologia,Enxurradas,Robustez: diferença sazonal,12,131,4,119,9,110,-3.804230852055004,-3.3838592312482176
Total (2013–2024),Tipologia | Enxurradas,Tipologia,Enxurradas,Robustez: diferença sazonal,12,131,5,119,11,108,-3.7763365537397626,-3.2625490171981353
Total (2013–2024),Tipologia | Enxurradas,Tipologia,Enxurradas,Robustez: diferença sazonal,12,131,6,119,13,106,-3.792470718282372,-3.1852672660059036
Total (2013–2024),Tipologia | Enxurradas,Tipologia,Enxurradas,Robustez: diferença sazonal,12,131,7,119,15,104,-3.7649225173316703,-3.0643031493203603
Total (2013–2024),Tipologia | Enxurradas,Tipologia,Enxurradas,Robustez: diferença sazonal,12,131,8,119,17,102,-3.738722446022283,-2.9446871622761317
Total (2013–2024),Tipologia | Enxurradas,Tipologia,Enxurradas,Robustez: diferença sazonal,12,131,9,119,19,100,-3.6932629029275152,-2.8058117034465226
Total (2013–2024),Tipologia | Enxurradas,Tipologia,Enxurradas,Robustez: diferença sazonal,12,131,10,119,21,98,-3.688888945366421,-2.708021830150587
Total (2013–2024),Tipologia | Enxurradas,Tipologia,Enxurradas,Robustez: diferença sazonal,12,131,11,119,23,96,-3.815896593389424,-2.741613562438749
Total (2013–2024),Tipologia | Enxurradas,Tipologia,Enxurradas,Robustez: diferença sazonal,12,131,12,119,25,94,-4.296084837147882,-3.128385890462365
Total (2013–2024),Tipologia | Erosão,Tipologia,Erosão,Principal: 11 dummies,12,143,0,131,12,119,-5.33215920111952,-4.805405493052133
Total (2013–2024),Tipologia | Erosão,Tipologia,Erosão,Principal: 11 dummies,12,143,1,131,14,117,-5.806436448090576,-5.191890455345291
Total (2013–2024),Tipologia | Erosão,Tipologia,Erosão,Principal: 11 dummies,12,143,2,131,16,115,-5.927471883405408,-5.225133605982226
Total (2013–2024),Tipologia | Erosão,Tipologia,Erosão,Principal: 11 dummies,12,143,3,131,18,113,-5.95492118599283,-5.16479062389175
Total (2013–2024),Tipologia | Erosão,Tipologia,Erosão,Principal: 11 dummies,12,143,4,131,20,111,-5.929238178870382,-5.051315332091405
Total (2013–2024),Tipologia | Erosão,Tipologia,Erosão,Principal: 11 dummies,12,143,5,131,22,109,-5.9050837964935665,-4.9393686650366915
Total (2013–2024),Tipologia | Erosão,Tipologia,Erosão,Principal: 11 dummies,12,143,6,131,24,107,-5.967154642641954,-4.913647226507181
Total (2013–2024),Tipologia | Erosão,Tipologia,Erosão,Principal: 11 dummies,12,143,7,131,26,105,-6.0444060947081795,-4.903106393895509
Total (2013–2024),Tipologia | Erosão,Tipologia,Erosão,Principal: 11 dummies,12,143,8,131,28,103,-6.03540412245243,-4.806312136961861
Total (2013–2024),Tipologia | Erosão,Tipologia,Erosão,Principal: 11 dummies,12,143,9,131,30,101,-6.008428346426432,-4.691544076257966
Total (2013–2024),Tipologia | Erosão,Tipologia,Erosão,Principal: 11 dummies,12,143,10,131,32,99,-5.99325614933809,-4.588579594491726
Total (2013–2024),Tipologia | Erosão,Tipologia,Erosão,Principal: 11 dummies,12,143,11,131,34,97,-5.951121060655149,-4.458652221130887
Total (2013–2024),Tipologia | Erosão,Tipologia,Erosão,Principal: 11 dummies,12,143,12,131,36,95,-5.935117947832087,-4.354856823629927
Total (2013–2024),Tipologia | Erosão,Tipologia,Erosão,Comparação: sem dummies,12,143,0,131,1,130,-5.097673465721542,-5.053777323382592
Total (2013–2024),Tipologia | Erosão,Tipologia,Erosão,Comparação: sem dummies,12,143,1,131,3,128,-5.3241619718172215,-5.192473544800374
Total (2013–2024),Tipologia | Erosão,Tipologia,Erosão,Comparação: sem dummies,12,143,2,131,5,126,-5.4082257708762524,-5.188745059181508
Total (2013–2024),Tipologia | Erosão,Tipologia,Erosão,Comparação: sem dummies,12,143,3,131,7,124,-5.461710854720919,-5.154437858348277
Total (2013–2024),Tipologia | Erosão,Tipologia,Erosão,Comparação: sem dummies,12,143,4,131,9,122,-5.452605168683765,-5.057539887633225
Total (2013–2024),Tipologia | Erosão,Tipologia,Erosão,Comparação: sem dummies,12,143,5,131,11,120,-5.462890512610162,-4.980032946881725
Total (2013–2024),Tipologia | Erosão,Tipologia,Erosão,Comparação: sem dummies,12,143,6,131,13,118,-5.626588162157613,-5.0559383117512775
Total (2013–2024),Tipologia | Erosão,Tipologia,Erosão,Comparação: sem dummies,12,143,7,131,15,116,-5.715931727014692,-5.05748959193046
Total (2013–2024),Tipologia | Erosão,Tipologia,Erosão,Comparação: sem dummies,12,143,8,131,17,114,-5.67083973490845,-4.9246053151463185
Total (2013–2024),Tipologia | Erosão,Tipologia,Erosão,Comparação: sem dummies,12,143,9,131,19,112,-5.636067000058182,-4.802040295618153
Total (2013–2024),Tipologia | Erosão,Tipologia,Erosão,Comparação: sem dummies,12,143,10,131,21,110,-5.651323169225801,-4.729504180107874
Total (2013–2024),Tipologia | Erosão,Tipologia,Erosão,Comparação: sem dummies,12,143,11,131,23,108,-5.605149806328873,-4.595538532533048
Total (2013–2024),Tipologia | Erosão,Tipologia,Erosão,Comparação: sem dummies,12,143,12,131,25,106,-5.635333264777537,-4.5379297063038155
Total (2013–2024),Tipologia | Erosão,Tipologia,Erosão,Robustez: diferença sazonal,12,131,0,119,1,118,-3.990005181386092,-3.943297223518671
Total (2013–2024),Tipologia | Erosão,Tipologia,Erosão,Robustez: diferença sazonal,12,131,1,119,3,116,-4.59465623962019,-4.4545323660179275
Total (2013–2024),Tipologia | Erosão,Tipologia,Erosão,Robustez: diferença sazonal,12,131,2,119,5,114,-4.755133516554675,-4.521593727217573
Total (2013–2024),Tipologia | Erosão,Tipologia,Erosão,Robustez: diferença sazonal,12,131,3,119,7,112,-4.763152231106806,-4.436196526034862
Total (2013–2024),Tipologia | Erosão,Tipologia,Erosão,Robustez: diferença sazonal,12,131,4,119,9,110,-4.74345334229633,-4.323081721489544
Total (2013–2024),Tipologia | Erosão,Tipologia,Erosão,Robustez: diferença sazonal,12,131,5,119,11,108,-4.699802233482295,-4.186014696940668
Total (2013–2024),Tipologia | Erosão,Tipologia,Erosão,Robustez: diferença sazonal,12,131,6,119,13,106,-4.818436368033128,-4.211232915756659
Total (2013–2024),Tipologia | Erosão,Tipologia,Erosão,Robustez: diferença sazonal,12,131,7,119,15,104,-4.890422032712836,-4.189802664701526
Total (2013–2024),Tipologia | Erosão,Tipologia,Erosão,Robustez: diferença sazonal,12,131,8,119,17,102,-4.9235314806879895,-4.1294961969418384
Total (2013–2024),Tipologia | Erosão,Tipologia,Erosão,Robustez: diferença sazonal,12,131,9,119,19,100,-4.911490671879511,-4.024039472398518
Total (2013–2024),Tipologia | Erosão,Tipologia,Erosão,Robustez: diferença sazonal,12,131,10,119,21,98,-4.905494149930202,-3.9246270347143675
Total (2013–2024),Tipologia | Erosão,Tipologia,Erosão,Robustez: diferença sazonal,12,131,11,119,23,96,-5.135025620964168,-4.060742590013493
Total (2013–2024),Tipologia | Erosão,Tipologia,Erosão,Robustez: diferença sazonal,12,131,12,119,25,94,-5.2279849764351916,-4.060286029749674
Total (2013–2024),Tipologia | Estiagem e Seca,Tipologia,Estiagem e Seca,Principal: 11 dummies,12,143,0,131,12,119,-4.781394498839936,-4.25464079077255
Total (2013–2024),Tipologia | Estiagem e Seca,Tipologia,Estiagem e Seca,Principal: 11 dummies,12,143,1,131,14,117,-5.255170389584287,-4.640624396839002
Total (2013–2024),Tipologia | Estiagem e Seca,Tipologia,Estiagem e Seca,Principal: 11 dummies,12,143,2,131,16,115,-5.311210095417583,-4.608871817994401
Total (2013–2024),Tipologia | Estiagem e Seca,Tipologia,Estiagem e Seca,Principal: 11 dummies,12,143,3,131,18,113,-5.291227053552189,-4.501096491451109
Total (2013–2024),Tipologia | Estiagem e Seca,Tipologia,Estiagem e Seca,Principal: 11 dummies,12,143,4,131,20,111,-5.276851022309739,-4.398928175530761
Total (2013–2024),Tipologia | Estiagem e Seca,Tipologia,Estiagem e Seca,Principal: 11 dummies,12,143,5,131,22,109,-5.45489876939645,-4.489183637939575
Total (2013–2024),Tipologia | Estiagem e Seca,Tipologia,Estiagem e Seca,Principal: 11 dummies,12,143,6,131,24,107,-5.428779316063623,-4.37527189992885
Total (2013–2024),Tipologia | Estiagem e Seca,Tipologia,Estiagem e Seca,Principal: 11 dummies,12,143,7,131,26,105,-5.392347541749327,-4.251047840936656
Total (2013–2024),Tipologia | Estiagem e Seca,Tipologia,Estiagem e Seca,Principal: 11 dummies,12,143,8,131,28,103,-5.357488195285643,-4.128396209795074
Total (2013–2024),Tipologia | Estiagem e Seca,Tipologia,Estiagem e Seca,Principal: 11 dummies,12,143,9,131,30,101,-5.320283662613115,-4.003399392444649
Total (2013–2024),Tipologia | Estiagem e Seca,Tipologia,Estiagem e Seca,Principal: 11 dummies,12,143,10,131,32,99,-5.355943392472681,-3.9512668376263167
Total (2013–2024),Tipologia | Estiagem e Seca,Tipologia,Estiagem e Seca,Principal: 11 dummies,12,143,11,131,34,97,-5.336584965120553,-3.844116125596291
Total (2013–2024),Tipologia | Estiagem e Seca,Tipologia,Estiagem e Seca,Principal: 11 dummies,12,143,12,131,36,95,-5.360993743288878,-3.7807326190867188
Total (2013–2024),Tipologia | Estiagem e Seca,Tipologia,Estiagem e Seca,Comparação: sem dummies,12,143,0,131,1,130,-4.47440474481384,-4.43050860247489
Total (2013–2024),Tipologia | Estiagem e Seca,Tipologia,Estiagem e Seca,Comparação: sem dummies,12,143,1,131,3,128,-4.73199857478456,-4.600310147767713
Total (2013–2024),Tipologia | Estiagem e Seca,Tipologia,Estiagem e Seca,Comparação: sem dummies,12,143,2,131,5,126,-4.759789092257506,-4.540308380562761
Total (2013–2024),Tipologia | Estiagem e Seca,Tipologia,Estiagem e Seca,Comparação: sem dummies,12,143,3,131,7,124,-4.834702935173136,-4.527429938800494
Total (2013–2024),Tipologia | Estiagem e Seca,Tipologia,Estiagem e Seca,Comparação: sem dummies,12,143,4,131,9,122,-4.876954460626651,-4.481889179576111
Total (2013–2024),Tipologia | Estiagem e Seca,Tipologia,Estiagem e Seca,Comparação: sem dummies,12,143,5,131,11,120,-5.050338741437463,-4.567481175709026
Total (2013–2024),Tipologia | Estiagem e Seca,Tipologia,Estiagem e Seca,Comparação: sem dummies,12,143,6,131,13,118,-5.130087425493568,-4.559437575087233
Total (2013–2024),Tipologia | Estiagem e Seca,Tipologia,Estiagem e Seca,Comparação: sem dummies,12,143,7,131,15,116,-5.144831264342675,-4.486389129258442
Total (2013–2024),Tipologia | Estiagem e Seca,Tipologia,Estiagem e Seca,Comparação: sem dummies,12,143,8,131,17,114,-5.097444143106394,-4.351209723344263
Total (2013–2024),Tipologia | Estiagem e Seca,Tipologia,Estiagem e Seca,Comparação: sem dummies,12,143,9,131,19,112,-5.072349376223597,-4.2383226717835685
Total (2013–2024),Tipologia | Estiagem e Seca,Tipologia,Estiagem e Seca,Comparação: sem dummies,12,143,10,131,21,110,-5.108829944534617,-4.1870109554166905
Total (2013–2024),Tipologia | Estiagem e Seca,Tipologia,Estiagem e Seca,Comparação: sem dummies,12,143,11,131,23,108,-5.0835519149175274,-4.073940641121704
Total (2013–2024),Tipologia | Estiagem e Seca,Tipologia,Estiagem e Seca,Comparação: sem dummies,12,143,12,131,25,106,-5.116508107083588,-4.0191045486098655
Total (2013–2024),Tipologia | Estiagem e Seca,Tipologia,Estiagem e Seca,Robustez: diferença sazonal,12,131,0,119,1,118,-3.6098800720828077,-3.5631721142153867
Total (2013–2024),Tipologia | Estiagem e Seca,Tipologia,Estiagem e Seca,Robustez: diferença sazonal,12,131,1,119,3,116,-4.114427772287936,-3.9743038986856734
Total (2013–2024),Tipologia | Estiagem e Seca,Tipologia,Estiagem e Seca,Robustez: diferença sazonal,12,131,2,119,5,114,-4.185143395179419,-3.951603605842316
Total (2013–2024),Tipologia | Estiagem e Seca,Tipologia,Estiagem e Seca,Robustez: diferença sazonal,12,131,3,119,7,112,-4.175199263653312,-3.848243558581367
Total (2013–2024),Tipologia | Estiagem e Seca,Tipologia,Estiagem e Seca,Robustez: diferença sazonal,12,131,4,119,9,110,-4.179394926798522,-3.7590233059917355
Total (2013–2024),Tipologia | Estiagem e Seca,Tipologia,Estiagem e Seca,Robustez: diferença sazonal,12,131,5,119,11,108,-4.3275091699110995,-3.8137216333694726
Total (2013–2024),Tipologia | Estiagem e Seca,Tipologia,Estiagem e Seca,Robustez: diferença sazonal,12,131,6,119,13,106,-4.298038832766403,-3.690835380489935
Total (2013–2024),Tipologia | Estiagem e Seca,Tipologia,Estiagem e Seca,Robustez: diferença sazonal,12,131,7,119,15,104,-4.257305562023212,-3.5566861940119017
Total (2013–2024),Tipologia | Estiagem e Seca,Tipologia,Estiagem e Seca,Robustez: diferença sazonal,12,131,8,119,17,102,-4.233158639888457,-3.439123356142306
Total (2013–2024),Tipologia | Estiagem e Seca,Tipologia,Estiagem e Seca,Robustez: diferença sazonal,12,131,9,119,19,100,-4.2383019403416125,-3.3508507408606203
Total (2013–2024),Tipologia | Estiagem e Seca,Tipologia,Estiagem e Seca,Robustez: diferença sazonal,12,131,10,119,21,98,-4.251710453283422,-3.2708433380675874
Total (2013–2024),Tipologia | Estiagem e Seca,Tipologia,Estiagem e Seca,Robustez: diferença sazonal,12,131,11,119,23,96,-4.251633192911572,-3.177350161960897
Total (2013–2024),Tipologia | Estiagem e Seca,Tipologia,Estiagem e Seca,Robustez: diferença sazonal,12,131,12,119,25,94,-4.642679121420112,-3.474980174734595
Total (2013–2024),Tipologia | Granizo,Tipologia,Granizo,Principal: 11 dummies,12,143,0,131,12,119,-4.4615614641370485,-3.9348077560696617
Total (2013–2024),Tipologia | Granizo,Tipologia,Granizo,Principal: 11 dummies,12,143,1,131,14,117,-4.96231648582106,-4.3477704930757755
Total (2013–2024),Tipologia | Granizo,Tipologia,Granizo,Principal: 11 dummies,12,143,2,131,16,115,-5.117278670419786,-4.414940392996604
Total (2013–2024),Tipologia | Granizo,Tipologia,Granizo,Principal: 11 dummies,12,143,3,131,18,113,-5.175148489960543,-4.385017927859463
Total (2013–2024),Tipologia | Granizo,Tipologia,Granizo,Principal: 11 dummies,12,143,4,131,20,111,-5.142933839753386,-4.265010992974409
Total (2013–2024),Tipologia | Granizo,Tipologia,Granizo,Principal: 11 dummies,12,143,5,131,22,109,-5.1033376564502975,-4.137622524993422
Total (2013–2024),Tipologia | Granizo,Tipologia,Granizo,Principal: 11 dummies,12,143,6,131,24,107,-5.080196607120617,-4.026689190985844
Total (2013–2024),Tipologia | Granizo,Tipologia,Granizo,Principal: 11 dummies,12,143,7,131,26,105,-5.077281289449761,-3.93598158863709
Total (2013–2024),Tipologia | Granizo,Tipologia,Granizo,Principal: 11 dummies,12,143,8,131,28,103,-5.042491592252908,-3.813399606762339
Total (2013–2024),Tipologia | Granizo,Tipologia,Granizo,Principal: 11 dummies,12,143,9,131,30,101,-5.046118371507634,-3.7292341013391677
Total (2013–2024),Tipologia | Granizo,Tipologia,Granizo,Principal: 11 dummies,12,143,10,131,32,99,-5.04524021862294,-3.6405636637765757
Total (2013–2024),Tipologia | Granizo,Tipologia,Granizo,Principal: 11 dummies,12,143,11,131,34,97,-5.0109860709842655,-3.5185172314600037
Total (2013–2024),Tipologia | Granizo,Tipologia,Granizo,Principal: 11 dummies,12,143,12,131,36,95,-4.966519048300962,-3.386257924098803
Total (2013–2024),Tipologia | Granizo,Tipologia,Granizo,Comparação: sem dummies,12,143,0,131,1,130,-3.9711006347946562,-3.9272044924557075
Total (2013–2024),Tipologia | Granizo,Tipologia,Granizo,Comparação: sem dummies,12,143,1,131,3,128,-4.21547591303554,-4.083787486018693
Total (2013–2024),Tipologia | Granizo,Tipologia,Granizo,Comparação: sem dummies,12,143,2,131,5,126,-4.240916783528959,-4.021436071834215
Total (2013–2024),Tipologia | Granizo,Tipologia,Granizo,Comparação: sem dummies,12,143,3,131,7,124,-4.2916564203634,-3.9843834239907574
Total (2013–2024),Tipologia | Granizo,Tipologia,Granizo,Comparação: sem dummies,12,143,4,131,9,122,-4.285883261419625,-3.8908179803690848
Total (2013–2024),Tipologia | Granizo,Tipologia,Granizo,Comparação: sem dummies,12,143,5,131,11,120,-4.338451848030449,-3.855594282302011
Total (2013–2024),Tipologia | Granizo,Tipologia,Granizo,Comparação: sem dummies,12,143,6,131,13,118,-4.483790682046411,-3.913140831640076
Total (2013–2024),Tipologia | Granizo,Tipologia,Granizo,Comparação: sem dummies,12,143,7,131,15,116,-4.56123101770066,-3.902788882616427
Total (2013–2024),Tipologia | Granizo,Tipologia,Granizo,Comparação: sem dummies,12,143,8,131,17,114,-4.527212217697484,-3.7809777979353534
Total (2013–2024),Tipologia | Granizo,Tipologia,Granizo,Comparação: sem dummies,12,143,9,131,19,112,-4.592740554291987,-3.758713849851958
Total (2013–2024),Tipologia | Granizo,Tipologia,Granizo,Comparação: sem dummies,12,143,10,131,21,110,-4.628651429871045,-3.7068324407531184
Total (2013–2024),Tipologia | Granizo,Tipologia,Granizo,Comparação: sem dummies,12,143,11,131,23,108,-4.681958081867137,-3.6723468080713126
Total (2013–2024),Tipologia | Granizo,Tipologia,Granizo,Comparação: sem dummies,12,143,12,131,25,106,-4.711363144515339,-3.613959586041617
Total (2013–2024),Tipologia | Granizo,Tipologia,Granizo,Robustez: diferença sazonal,12,131,0,119,1,118,-3.2229845684465808,-3.1762766105791598
Total (2013–2024),Tipologia | Granizo,Tipologia,Granizo,Robustez: diferença sazonal,12,131,1,119,3,116,-3.8015141416586586,-3.6613902680563966
Total (2013–2024),Tipologia | Granizo,Tipologia,Granizo,Robustez: diferença sazonal,12,131,2,119,5,114,-3.9406726241144665,-3.707132834777363
Total (2013–2024),Tipologia | Granizo,Tipologia,Granizo,Robustez: diferença sazonal,12,131,3,119,7,112,-4.035618014970361,-3.7086623098984166
Total (2013–2024),Tipologia | Granizo,Tipologia,Granizo,Robustez: diferença sazonal,12,131,4,119,9,110,-3.9898713852777625,-3.5694997644709763
Total (2013–2024),Tipologia | Granizo,Tipologia,Granizo,Robustez: diferença sazonal,12,131,5,119,11,108,-3.9823800691194617,-3.4685925325778344
Total (2013–2024),Tipologia | Granizo,Tipologia,Granizo,Robustez: diferença sazonal,12,131,6,119,13,106,-3.963689461368336,-3.3564860090918676
Total (2013–2024),Tipologia | Granizo,Tipologia,Granizo,Robustez: diferença sazonal,12,131,7,119,15,104,-3.9520994605745106,-3.2514800925632006
Total (2013–2024),Tipologia | Granizo,Tipologia,Granizo,Robustez: diferença sazonal,12,131,8,119,17,102,-3.9350168372296777,-3.140981553483526
Total (2013–2024),Tipologia | Granizo,Tipologia,Granizo,Robustez: diferença sazonal,12,131,9,119,19,100,-3.9731672531860114,-3.085716053705019
Total (2013–2024),Tipologia | Granizo,Tipologia,Granizo,Robustez: diferença sazonal,12,131,10,119,21,98,-3.989867693968008,-3.0090005787521736
Total (2013–2024),Tipologia | Granizo,Tipologia,Granizo,Robustez: diferença sazonal,12,131,11,119,23,96,-4.135649479164878,-3.061366448214203
Total (2013–2024),Tipologia | Granizo,Tipologia,Granizo,Robustez: diferença sazonal,12,131,12,119,25,94,-4.183530119788443,-3.015831173102926
Total (2013–2024),Tipologia | Incêndio Florestal,Tipologia,Incêndio Florestal,Principal: 11 dummies,12,143,0,131,12,119,-4.853393296232064,-4.326639588164678
Total (2013–2024),Tipologia | Incêndio Florestal,Tipologia,Incêndio Florestal,Principal: 11 dummies,12,143,1,131,14,117,-5.0490016407063525,-4.434455647961068
Total (2013–2024),Tipologia | Incêndio Florestal,Tipologia,Incêndio Florestal,Principal: 11 dummies,12,143,2,131,16,115,-5.1082868631046,-4.405948585681418
Total (2013–2024),Tipologia | Incêndio Florestal,Tipologia,Incêndio Florestal,Principal: 11 dummies,12,143,3,131,18,113,-5.0908250627435,-4.30069450064242
Total (2013–2024),Tipologia | Incêndio Florestal,Tipologia,Incêndio Florestal,Principal: 11 dummies,12,143,4,131,20,111,-5.094731295016486,-4.216808448237509
Total (2013–2024),Tipologia | Incêndio Florestal,Tipologia,Incêndio Florestal,Principal: 11 dummies,12,143,5,131,22,109,-5.055509690521256,-4.089794559064381
Total (2013–2024),Tipologia | Incêndio Florestal,Tipologia,Incêndio Florestal,Principal: 11 dummies,12,143,6,131,24,107,-5.069634721431431,-4.016127305296658
Total (2013–2024),Tipologia | Incêndio Florestal,Tipologia,Incêndio Florestal,Principal: 11 dummies,12,143,7,131,26,105,-5.136721987457065,-3.995422286644395
Total (2013–2024),Tipologia | Incêndio Florestal,Tipologia,Incêndio Florestal,Principal: 11 dummies,12,143,8,131,28,103,-5.117563165709427,-3.888471180218858
Total (2013–2024),Tipologia | Incêndio Florestal,Tipologia,Incêndio Florestal,Principal: 11 dummies,12,143,9,131,30,101,-5.1130668712441425,-3.796182601075676
Total (2013–2024),Tipologia | Incêndio Florestal,Tipologia,Incêndio Florestal,Principal: 11 dummies,12,143,10,131,32,99,-5.065358610214875,-3.6606820553685107
Total (2013–2024),Tipologia | Incêndio Florestal,Tipologia,Incêndio Florestal,Principal: 11 dummies,12,143,11,131,34,97,-5.031041372011763,-3.538572532487501
Total (2013–2024),Tipologia | Incêndio Florestal,Tipologia,Incêndio Florestal,Principal: 11 dummies,12,143,12,131,36,95,-4.987153582478068,-3.4068924582759084
Total (2013–2024),Tipologia | Incêndio Florestal,Tipologia,Incêndio Florestal,Comparação: sem dummies,12,143,0,131,1,130,-4.376652825549802,-4.332756683210852
Total (2013–2024),Tipologia | Incêndio Florestal,Tipologia,Incêndio Florestal,Comparação: sem dummies,12,143,1,131,3,128,-4.35600042798442,-4.224312000967573
Total (2013–2024),Tipologia | Incêndio Florestal,Tipologia,Incêndio Florestal,Comparação: sem dummies,12,143,2,131,5,126,-4.368020418588772,-4.148539706894027
Total (2013–2024),Tipologia | Incêndio Florestal,Tipologia,Incêndio Florestal,Comparação: sem dummies,12,143,3,131,7,124,-4.419239357697173,-4.111966361324531
Total (2013–2024),Tipologia | Incêndio Florestal,Tipologia,Incêndio Florestal,Comparação: sem dummies,12,143,4,131,9,122,-4.448431709598302,-4.053366428547762
Total (2013–2024),Tipologia | Incêndio Florestal,Tipologia,Incêndio Florestal,Comparação: sem dummies,12,143,5,131,11,120,-4.481601739229522,-3.998744173501085
Total (2013–2024),Tipologia | Incêndio Florestal,Tipologia,Incêndio Florestal,Comparação: sem dummies,12,143,6,131,13,118,-4.727887404763994,-4.157237554357659
Total (2013–2024),Tipologia | Incêndio Florestal,Tipologia,Incêndio Florestal,Comparação: sem dummies,12,143,7,131,15,116,-4.895638729381289,-4.237196594297056
Total (2013–2024),Tipologia | Incêndio Florestal,Tipologia,Incêndio Florestal,Comparação: sem dummies,12,143,8,131,17,114,-4.89129171119483,-4.1450572914327
Total (2013–2024),Tipologia | Incêndio Florestal,Tipologia,Incêndio Florestal,Comparação: sem dummies,12,143,9,131,19,112,-4.923934400214188,-4.089907695774159
Total (2013–2024),Tipologia | Incêndio Florestal,Tipologia,Incêndio Florestal,Comparação: sem dummies,12,143,10,131,21,110,-4.887666491439499,-3.9658475023215725
Total (2013–2024),Tipologia | Incêndio Florestal,Tipologia,Incêndio Florestal,Comparação: sem dummies,12,143,11,131,23,108,-4.871857660962645,-3.8622463871668207
Total (2013–2024),Tipologia | Incêndio Florestal,Tipologia,Incêndio Florestal,Comparação: sem dummies,12,143,12,131,25,106,-4.890271192380974,-3.792867633907252
Total (2013–2024),Tipologia | Incêndio Florestal,Tipologia,Incêndio Florestal,Robustez: diferença sazonal,12,131,0,119,1,118,-3.5483399077133324,-3.5016319498459114
Total (2013–2024),Tipologia | Incêndio Florestal,Tipologia,Incêndio Florestal,Robustez: diferença sazonal,12,131,1,119,3,116,-3.863578501473598,-3.723454627871336
Total (2013–2024),Tipologia | Incêndio Florestal,Tipologia,Incêndio Florestal,Robustez: diferença sazonal,12,131,2,119,5,114,-3.957378505456226,-3.7238387161191224
Total (2013–2024),Tipologia | Incêndio Florestal,Tipologia,Incêndio Florestal,Robustez: diferença sazonal,12,131,3,119,7,112,-3.942823162983056,-3.6158674579111114
Total (2013–2024),Tipologia | Incêndio Florestal,Tipologia,Incêndio Florestal,Robustez: diferença sazonal,12,131,4,119,9,110,-4.025433559620791,-3.605061938814005
Total (2013–2024),Tipologia | Incêndio Florestal,Tipologia,Incêndio Florestal,Robustez: diferença sazonal,12,131,5,119,11,108,-3.9679304484197524,-3.454142911878125
Total (2013–2024),Tipologia | Incêndio Florestal,Tipologia,Incêndio Florestal,Robustez: diferença sazonal,12,131,6,119,13,106,-4.015603248821601,-3.4083997965451327
Total (2013–2024),Tipologia | Incêndio Florestal,Tipologia,Incêndio Florestal,Robustez: diferença sazonal,12,131,7,119,15,104,-4.054615854414113,-3.353996486402803
Total (2013–2024),Tipologia | Incêndio Florestal,Tipologia,Incêndio Florestal,Robustez: diferença sazonal,12,131,8,119,17,102,-4.044527525122882,-3.25049224137673
Total (2013–2024),Tipologia | Incêndio Florestal,Tipologia,Incêndio Florestal,Robustez: diferença sazonal,12,131,9,119,19,100,-4.007900665283737,-3.1204494658027446
Total (2013–2024),Tipologia | Incêndio Florestal,Tipologia,Incêndio Florestal,Robustez: diferença sazonal,12,131,10,119,21,98,-4.000824078348911,-3.019956963133077
Total (2013–2024),Tipologia | Incêndio Florestal,Tipologia,Incêndio Florestal,Robustez: diferença sazonal,12,131,11,119,23,96,-3.997062622623911,-2.922779591673236
Total (2013–2024),Tipologia | Incêndio Florestal,Tipologia,Incêndio Florestal,Robustez: diferença sazonal,12,131,12,119,25,94,-4.187617685747959,-3.019918739062442
Total (2013–2024),Tipologia | Inundações,Tipologia,Inundações,Principal: 11 dummies,12,143,0,131,12,119,-5.070172627319172,-4.543418919251785
Total (2013–2024),Tipologia | Inundações,Tipologia,Inundações,Principal: 11 dummies,12,143,1,131,14,117,-5.344119928250534,-4.7295739355052495
Total (2013–2024),Tipologia | Inundações,Tipologia,Inundações,Principal: 11 dummies,12,143,2,131,16,115,-5.351737122477767,-4.649398845054584
Total (2013–2024),Tipologia | Inundações,Tipologia,Inundações,Principal: 11 dummies,12,143,3,131,18,113,-5.318037426015989,-4.527906863914909
Total (2013–2024),Tipologia | Inundações,Tipologia,Inundações,Principal: 11 dummies,12,143,4,131,20,111,-5.318106250797578,-4.4401834040186
Total (2013–2024),Tipologia | Inundações,Tipologia,Inundações,Principal: 11 dummies,12,143,5,131,22,109,-5.342863151784196,-4.377148020327321
Total (2013–2024),Tipologia | Inundações,Tipologia,Inundações,Principal: 11 dummies,12,143,6,131,24,107,-5.4295899791144935,-4.376082562979721
Total (2013–2024),Tipologia | Inundações,Tipologia,Inundações,Principal: 11 dummies,12,143,7,131,26,105,-5.395051722566336,-4.253752021753666
Total (2013–2024),Tipologia | Inundações,Tipologia,Inundações,Principal: 11 dummies,12,143,8,131,28,103,-5.339531076156865,-4.110439090666295
Total (2013–2024),Tipologia | Inundações,Tipologia,Inundações,Principal: 11 dummies,12,143,9,131,30,101,-5.304448940372011,-3.9875646702035445
Total (2013–2024),Tipologia | Inundações,Tipologia,Inundações,Principal: 11 dummies,12,143,10,131,32,99,-5.272346608858986,-3.867670054012622
Total (2013–2024),Tipologia | Inundações,Tipologia,Inundações,Principal: 11 dummies,12,143,11,131,34,97,-5.298680292760346,-3.806211453236084
Total (2013–2024),Tipologia | Inundações,Tipologia,Inundações,Principal: 11 dummies,12,143,12,131,36,95,-5.290902883257919,-3.71064175905576
Total (2013–2024),Tipologia | Inundações,Tipologia,Inundações,Comparação: sem dummies,12,143,0,131,1,130,-4.507682125226285,-4.463785982887336
Total (2013–2024),Tipologia | Inundações,Tipologia,Inundações,Comparação: sem dummies,12,143,1,131,3,128,-4.515234884945996,-4.383546457929149
Total (2013–2024),Tipologia | Inundações,Tipologia,Inundações,Comparação: sem dummies,12,143,2,131,5,126,-4.494365059683131,-4.274884347988386
Total (2013–2024),Tipologia | Inundações,Tipologia,Inundações,Comparação: sem dummies,12,143,3,131,7,124,-4.5343559183581705,-4.227082921985528
Total (2013–2024),Tipologia | Inundações,Tipologia,Inundações,Comparação: sem dummies,12,143,4,131,9,122,-4.57676462092486,-4.18169933987432
Total (2013–2024),Tipologia | Inundações,Tipologia,Inundações,Comparação: sem dummies,12,143,5,131,11,120,-4.6257853133428055,-4.142927747614368
Total (2013–2024),Tipologia | Inundações,Tipologia,Inundações,Comparação: sem dummies,12,143,6,131,13,118,-4.896941464188487,-4.326291613782152
Total (2013–2024),Tipologia | Inundações,Tipologia,Inundações,Comparação: sem dummies,12,143,7,131,15,116,-4.911884965101876,-4.253442830017644
Total (2013–2024),Tipologia | Inundações,Tipologia,Inundações,Comparação: sem dummies,12,143,8,131,17,114,-4.8935514802396405,-4.14731706047751
Total (2013–2024),Tipologia | Inundações,Tipologia,Inundações,Comparação: sem dummies,12,143,9,131,19,112,-4.907802510063457,-4.073775805623428
Total (2013–2024),Tipologia | Inundações,Tipologia,Inundações,Comparação: sem dummies,12,143,10,131,21,110,-4.883184733471905,-3.9613657443539787
Total (2013–2024),Tipologia | Inundações,Tipologia,Inundações,Comparação: sem dummies,12,143,11,131,23,108,-4.865799076782425,-3.8561878029866006
Total (2013–2024),Tipologia | Inundações,Tipologia,Inundações,Comparação: sem dummies,12,143,12,131,25,106,-4.87044429447942,-3.7730407360056986
Total (2013–2024),Tipologia | Inundações,Tipologia,Inundações,Robustez: diferença sazonal,12,131,0,119,1,118,-3.601321387118044,-3.554613429250623
Total (2013–2024),Tipologia | Inundações,Tipologia,Inundações,Robustez: diferença sazonal,12,131,1,119,3,116,-4.010319515764619,-3.870195642162357
Total (2013–2024),Tipologia | Inundações,Tipologia,Inundações,Robustez: diferença sazonal,12,131,2,119,5,114,-3.9961658715503448,-3.762626082213241
Total (2013–2024),Tipologia | Inundações,Tipologia,Inundações,Robustez: diferença sazonal,12,131,3,119,7,112,-3.9718075903282326,-3.644851885256288
Total (2013–2024),Tipologia | Inundações,Tipologia,Inundações,Robustez: diferença sazonal,12,131,4,119,9,110,-3.971655317384771,-3.551283696577985
Total (2013–2024),Tipologia | Inundações,Tipologia,Inundações,Robustez: diferença sazonal,12,131,5,119,11,108,-3.989817853041074,-3.476030316499447
Total (2013–2024),Tipologia | Inundações,Tipologia,Inundações,Robustez: diferença sazonal,12,131,6,119,13,106,-4.130662515766337,-3.523459063489869
Total (2013–2024),Tipologia | Inundações,Tipologia,Inundações,Robustez: diferença sazonal,12,131,7,119,15,104,-4.079160604175814,-3.378541236164504
Total (2013–2024),Tipologia | Inundações,Tipologia,Inundações,Robustez: diferença sazonal,12,131,8,119,17,102,-4.039124363212968,-3.245089079466817
Total (2013–2024),Tipologia | Inundações,Tipologia,Inundações,Robustez: diferença sazonal,12,131,9,119,19,100,-4.000959407151825,-3.113508207670833
Total (2013–2024),Tipologia | Inundações,Tipologia,Inundações,Robustez: diferença sazonal,12,131,10,119,21,98,-3.971319355623997,-2.990452240408163
Total (2013–2024),Tipologia | Inundações,Tipologia,Inundações,Robustez: diferença sazonal,12,131,11,119,23,96,-4.161207257846844,-3.086924226896169
Total (2013–2024),Tipologia | Inundações,Tipologia,Inundações,Robustez: diferença sazonal,12,131,12,119,25,94,-4.394321846576454,-3.2266228998909368
Total (2013–2024),Tipologia | Movimento de Massa,Tipologia,Movimento de Massa,Principal: 11 dummies,12,143,0,131,12,119,-5.515979727461364,-4.989226019393977
Total (2013–2024),Tipologia | Movimento de Massa,Tipologia,Movimento de Massa,Principal: 11 dummies,12,143,1,131,14,117,-5.950722753756505,-5.33617676101122
Total (2013–2024),Tipologia | Movimento de Massa,Tipologia,Movimento de Massa,Principal: 11 dummies,12,143,2,131,16,115,-6.142634998134248,-5.440296720711066
Total (2013–2024),Tipologia | Movimento de Massa,Tipologia,Movimento de Massa,Principal: 11 dummies,12,143,3,131,18,113,-6.108928250084193,-5.318797687983113
Total (2013–2024),Tipologia | Movimento de Massa,Tipologia,Movimento de Massa,Principal: 11 dummies,12,143,4,131,20,111,-6.192534169661909,-5.314611322882931
Total (2013–2024),Tipologia | Movimento de Massa,Tipologia,Movimento de Massa,Principal: 11 dummies,12,143,5,131,22,109,-6.144869127659411,-5.179153996202536
Total (2013–2024),Tipologia | Movimento de Massa,Tipologia,Movimento de Massa,Principal: 11 dummies,12,143,6,131,24,107,-6.135936278141657,-5.082428862006885
Total (2013–2024),Tipologia | Movimento de Massa,Tipologia,Movimento de Massa,Principal: 11 dummies,12,143,7,131,26,105,-6.182123809861391,-5.040824109048721
Total (2013–2024),Tipologia | Movimento de Massa,Tipologia,Movimento de Massa,Principal: 11 dummies,12,143,8,131,28,103,-6.1486478017917685,-4.9195558163012
Total (2013–2024),Tipologia | Movimento de Massa,Tipologia,Movimento de Massa,Principal: 11 dummies,12,143,9,131,30,101,-6.120230633008409,-4.803346362839942
Total (2013–2024),Tipologia | Movimento de Massa,Tipologia,Movimento de Massa,Principal: 11 dummies,12,143,10,131,32,99,-6.087977810111477,-4.683301255265112
Total (2013–2024),Tipologia | Movimento de Massa,Tipologia,Movimento de Massa,Principal: 11 dummies,12,143,11,131,34,97,-6.040196660549192,-4.54772782102493
Total (2013–2024),Tipologia | Movimento de Massa,Tipologia,Movimento de Massa,Principal: 11 dummies,12,143,12,131,36,95,-5.993396278044765,-4.413135153842605
Total (2013–2024),Tipologia | Movimento de Massa,Tipologia,Movimento de Massa,Comparação: sem dummies,12,143,0,131,1,130,-5.022391707567711,-4.978495565228761
Total (2013–2024),Tipologia | Movimento de Massa,Tipologia,Movimento de Massa,Comparação: sem dummies,12,143,1,131,3,128,-5.19285942405127,-5.061170997034423
Total (2013–2024),Tipologia | Movimento de Massa,Tipologia,Movimento de Massa,Comparação: sem dummies,12,143,2,131,5,126,-5.2647540564809,-5.045273344786155
Total (2013–2024),Tipologia | Movimento de Massa,Tipologia,Movimento de Massa,Comparação: sem dummies,12,143,3,131,7,124,-5.298726397266127,-4.9914534008934845
Total (2013–2024),Tipologia | Movimento de Massa,Tipologia,Movimento de Massa,Comparação: sem dummies,12,143,4,131,9,122,-5.295200782161185,-4.900135501110645
Total (2013–2024),Tipologia | Movimento de Massa,Tipologia,Movimento de Massa,Comparação: sem dummies,12,143,5,131,11,120,-5.289195396731134,-4.806337831002696
Total (2013–2024),Tipologia | Movimento de Massa,Tipologia,Movimento de Massa,Comparação: sem dummies,12,143,6,131,13,118,-5.434071008946064,-4.863421158539729
Total (2013–2024),Tipologia | Movimento de Massa,Tipologia,Movimento de Massa,Comparação: sem dummies,12,143,7,131,15,116,-5.542587906376934,-4.884145771292701
Total (2013–2024),Tipologia | Movimento de Massa,Tipologia,Movimento de Massa,Comparação: sem dummies,12,143,8,131,17,114,-5.574662228913754,-4.8284278091516235
Total (2013–2024),Tipologia | Movimento de Massa,Tipologia,Movimento de Massa,Comparação: sem dummies,12,143,9,131,19,112,-5.553203358357797,-4.719176653917768
Total (2013–2024),Tipologia | Movimento de Massa,Tipologia,Movimento de Massa,Comparação: sem dummies,12,143,10,131,21,110,-5.520452412287473,-4.598633423169547
Total (2013–2024),Tipologia | Movimento de Massa,Tipologia,Movimento de Massa,Comparação: sem dummies,12,143,11,131,23,108,-5.505331238277294,-4.49571996448147
Total (2013–2024),Tipologia | Movimento de Massa,Tipologia,Movimento de Massa,Comparação: sem dummies,12,143,12,131,25,106,-5.52937463090385,-4.4319710724301284
Total (2013–2024),Tipologia | Movimento de Massa,Tipologia,Movimento de Massa,Robustez: diferença sazonal,12,131,0,119,1,118,-4.157677911142623,-4.110969953275203
Total (2013–2024),Tipologia | Movimento de Massa,Tipologia,Movimento de Massa,Robustez: diferença sazonal,12,131,1,119,3,116,-4.724891436181812,-4.584767562579549
Total (2013–2024),Tipologia | Movimento de Massa,Tipologia,Movimento de Massa,Robustez: diferença sazonal,12,131,2,119,5,114,-4.899602446986178,-4.666062657649075
Total (2013–2024),Tipologia | Movimento de Massa,Tipologia,Movimento de Massa,Robustez: diferença sazonal,12,131,3,119,7,112,-4.862674092022761,-4.535718386950816
Total (2013–2024),Tipologia | Movimento de Massa,Tipologia,Movimento de Massa,Robustez: diferença sazonal,12,131,4,119,9,110,-4.900585730182608,-4.480214109375822
Total (2013–2024),Tipologia | Movimento de Massa,Tipologia,Movimento de Massa,Robustez: diferença sazonal,12,131,5,119,11,108,-4.868821411279047,-4.35503387473742
Total (2013–2024),Tipologia | Movimento de Massa,Tipologia,Movimento de Massa,Robustez: diferença sazonal,12,131,6,119,13,106,-4.823615148374809,-4.216411696098341
Total (2013–2024),Tipologia | Movimento de Massa,Tipologia,Movimento de Massa,Robustez: diferença sazonal,12,131,7,119,15,104,-4.957030431785728,-4.256411063774418
Total (2013–2024),Tipologia | Movimento de Massa,Tipologia,Movimento de Massa,Robustez: diferença sazonal,12,131,8,119,17,102,-4.9268248711569305,-4.1327895874107785
Total (2013–2024),Tipologia | Movimento de Massa,Tipologia,Movimento de Massa,Robustez: diferença sazonal,12,131,9,119,19,100,-4.9075236750386715,-4.020072475557678
Total (2013–2024),Tipologia | Movimento de Massa,Tipologia,Movimento de Massa,Robustez: diferença sazonal,12,131,10,119,21,98,-4.901604132298862,-3.9207370170830282
Total (2013–2024),Tipologia | Movimento de Massa,Tipologia,Movimento de Massa,Robustez: diferença sazonal,12,131,11,119,23,96,-4.964334379765404,-3.890051348814729
Total (2013–2024),Tipologia | Movimento de Massa,Tipologia,Movimento de Massa,Robustez: diferença sazonal,12,131,12,119,25,94,-5.088915794593284,-3.9212168479077665
Total (2013–2024),Tipologia | Onda de Calor e Baixa Umidade,Tipologia,Onda de Calor e Baixa Umidade,Principal: 11 dummies,12,143,0,131,12,119,-6.015892899629127,-5.4891391915617405
Total (2013–2024),Tipologia | Onda de Calor e Baixa Umidade,Tipologia,Onda de Calor e Baixa Umidade,Principal: 11 dummies,12,143,1,131,14,117,-6.438410074172877,-5.823864081427592
Total (2013–2024),Tipologia | Onda de Calor e Baixa Umidade,Tipologia,Onda de Calor e Baixa Umidade,Principal: 11 dummies,12,143,2,131,16,115,-6.438554656843675,-5.736216379420493
Total (2013–2024),Tipologia | Onda de Calor e Baixa Umidade,Tipologia,Onda de Calor e Baixa Umidade,Principal: 11 dummies,12,143,3,131,18,113,-6.442950440949271,-5.652819878848191
Total (2013–2024),Tipologia | Onda de Calor e Baixa Umidade,Tipologia,Onda de Calor e Baixa Umidade,Principal: 11 dummies,12,143,4,131,20,111,-6.549702277543381,-5.671779430764404
Total (2013–2024),Tipologia | Onda de Calor e Baixa Umidade,Tipologia,Onda de Calor e Baixa Umidade,Principal: 11 dummies,12,143,5,131,22,109,-6.577987458761168,-5.612272327304293
Total (2013–2024),Tipologia | Onda de Calor e Baixa Umidade,Tipologia,Onda de Calor e Baixa Umidade,Principal: 11 dummies,12,143,6,131,24,107,-6.562769066976268,-5.509261650841496
Total (2013–2024),Tipologia | Onda de Calor e Baixa Umidade,Tipologia,Onda de Calor e Baixa Umidade,Principal: 11 dummies,12,143,7,131,26,105,-6.531846332215931,-5.39054663140326
Total (2013–2024),Tipologia | Onda de Calor e Baixa Umidade,Tipologia,Onda de Calor e Baixa Umidade,Principal: 11 dummies,12,143,8,131,28,103,-6.515948342092846,-5.286856356602277
Total (2013–2024),Tipologia | Onda de Calor e Baixa Umidade,Tipologia,Onda de Calor e Baixa Umidade,Principal: 11 dummies,12,143,9,131,30,101,-6.545024201435107,-5.228139931266641
Total (2013–2024),Tipologia | Onda de Calor e Baixa Umidade,Tipologia,Onda de Calor e Baixa Umidade,Principal: 11 dummies,12,143,10,131,32,99,-6.494551918384212,-5.089875363537848
Total (2013–2024),Tipologia | Onda de Calor e Baixa Umidade,Tipologia,Onda de Calor e Baixa Umidade,Principal: 11 dummies,12,143,11,131,34,97,-6.482847728647486,-4.990378889123225
Total (2013–2024),Tipologia | Onda de Calor e Baixa Umidade,Tipologia,Onda de Calor e Baixa Umidade,Principal: 11 dummies,12,143,12,131,36,95,-6.442095173017146,-4.861834048814986
Total (2013–2024),Tipologia | Onda de Calor e Baixa Umidade,Tipologia,Onda de Calor e Baixa Umidade,Comparação: sem dummies,12,143,0,131,1,130,-5.610384816378106,-5.566488674039157
Total (2013–2024),Tipologia | Onda de Calor e Baixa Umidade,Tipologia,Onda de Calor e Baixa Umidade,Comparação: sem dummies,12,143,1,131,3,128,-5.7799831598177684,-5.648294732800921
Total (2013–2024),Tipologia | Onda de Calor e Baixa Umidade,Tipologia,Onda de Calor e Baixa Umidade,Comparação: sem dummies,12,143,2,131,5,126,-5.73614650785629,-5.516665796161545
Total (2013–2024),Tipologia | Onda de Calor e Baixa Umidade,Tipologia,Onda de Calor e Baixa Umidade,Comparação: sem dummies,12,143,3,131,7,124,-5.807370969887112,-5.500097973514469
Total (2013–2024),Tipologia | Onda de Calor e Baixa Umidade,Tipologia,Onda de Calor e Baixa Umidade,Comparação: sem dummies,12,143,4,131,9,122,-5.942803021212174,-5.547737740161634
Total (2013–2024),Tipologia | Onda de Calor e Baixa Umidade,Tipologia,Onda de Calor e Baixa Umidade,Comparação: sem dummies,12,143,5,131,11,120,-6.053037175619372,-5.570179609890935
Total (2013–2024),Tipologia | Onda de Calor e Baixa Umidade,Tipologia,Onda de Calor e Baixa Umidade,Comparação: sem dummies,12,143,6,131,13,118,-6.249506272950518,-5.678856422544183
Total (2013–2024),Tipologia | Onda de Calor e Baixa Umidade,Tipologia,Onda de Calor e Baixa Umidade,Comparação: sem dummies,12,143,7,131,15,116,-6.2630045158397385,-5.604562380755506
Total (2013–2024),Tipologia | Onda de Calor e Baixa Umidade,Tipologia,Onda de Calor e Baixa Umidade,Comparação: sem dummies,12,143,8,131,17,114,-6.270890138576263,-5.524655718814132
Total (2013–2024),Tipologia | Onda de Calor e Baixa Umidade,Tipologia,Onda de Calor e Baixa Umidade,Comparação: sem dummies,12,143,9,131,19,112,-6.248855136833795,-5.414828432393766
Total (2013–2024),Tipologia | Onda de Calor e Baixa Umidade,Tipologia,Onda de Calor e Baixa Umidade,Comparação: sem dummies,12,143,10,131,21,110,-6.24699230839123,-5.325173319273304
Total (2013–2024),Tipologia | Onda de Calor e Baixa Umidade,Tipologia,Onda de Calor e Baixa Umidade,Comparação: sem dummies,12,143,11,131,23,108,-6.277797145588664,-5.26818587179284
Total (2013–2024),Tipologia | Onda de Calor e Baixa Umidade,Tipologia,Onda de Calor e Baixa Umidade,Comparação: sem dummies,12,143,12,131,25,106,-6.2963769123224,-5.198973353848679
Total (2013–2024),Tipologia | Onda de Calor e Baixa Umidade,Tipologia,Onda de Calor e Baixa Umidade,Robustez: diferença sazonal,12,131,0,119,1,118,-4.834916873965371,-4.78820891609795
Total (2013–2024),Tipologia | Onda de Calor e Baixa Umidade,Tipologia,Onda de Calor e Baixa Umidade,Robustez: diferença sazonal,12,131,1,119,3,116,-5.367024618309207,-5.226900744706945
Total (2013–2024),Tipologia | Onda de Calor e Baixa Umidade,Tipologia,Onda de Calor e Baixa Umidade,Robustez: diferença sazonal,12,131,2,119,5,114,-5.3694237712478,-5.135883981910697
Total (2013–2024),Tipologia | Onda de Calor e Baixa Umidade,Tipologia,Onda de Calor e Baixa Umidade,Robustez: diferença sazonal,12,131,3,119,7,112,-5.415015329354018,-5.0880596242820735
Total (2013–2024),Tipologia | Onda de Calor e Baixa Umidade,Tipologia,Onda de Calor e Baixa Umidade,Robustez: diferença sazonal,12,131,4,119,9,110,-5.470215749116964,-5.049844128310178
Total (2013–2024),Tipologia | Onda de Calor e Baixa Umidade,Tipologia,Onda de Calor e Baixa Umidade,Robustez: diferença sazonal,12,131,5,119,11,108,-5.5251890706474445,-5.011401534105818
Total (2013–2024),Tipologia | Onda de Calor e Baixa Umidade,Tipologia,Onda de Calor e Baixa Umidade,Robustez: diferença sazonal,12,131,6,119,13,106,-5.518199111758417,-4.910995659481948
Total (2013–2024),Tipologia | Onda de Calor e Baixa Umidade,Tipologia,Onda de Calor e Baixa Umidade,Robustez: diferença sazonal,12,131,7,119,15,104,-5.502332231868552,-4.801712863857242
Total (2013–2024),Tipologia | Onda de Calor e Baixa Umidade,Tipologia,Onda de Calor e Baixa Umidade,Robustez: diferença sazonal,12,131,8,119,17,102,-5.489184261761972,-4.695148978015821
Total (2013–2024),Tipologia | Onda de Calor e Baixa Umidade,Tipologia,Onda de Calor e Baixa Umidade,Robustez: diferença sazonal,12,131,9,119,19,100,-5.513436427178323,-4.62598522769733
Total (2013–2024),Tipologia | Onda de Calor e Baixa Umidade,Tipologia,Onda de Calor e Baixa Umidade,Robustez: diferença sazonal,12,131,10,119,21,98,-5.475306278572913,-4.494439163357079
Total (2013–2024),Tipologia | Onda de Calor e Baixa Umidade,Tipologia,Onda de Calor e Baixa Umidade,Robustez: diferença sazonal,12,131,11,119,23,96,-5.528402962091431,-4.454119931140756
Total (2013–2024),Tipologia | Onda de Calor e Baixa Umidade,Tipologia,Onda de Calor e Baixa Umidade,Robustez: diferença sazonal,12,131,12,119,25,94,-5.5801134577637495,-4.412414511078232
Total (2013–2024),Tipologia | Onda de Frio,Tipologia,Onda de Frio,Principal: 11 dummies,12,143,0,131,12,119,-5.466810064991659,-4.940056356924272
Total (2013–2024),Tipologia | Onda de Frio,Tipologia,Onda de Frio,Principal: 11 dummies,12,143,1,131,14,117,-5.727504422166022,-5.112958429420737
Total (2013–2024),Tipologia | Onda de Frio,Tipologia,Onda de Frio,Principal: 11 dummies,12,143,2,131,16,115,-5.828999902852492,-5.12666162542931
Total (2013–2024),Tipologia | Onda de Frio,Tipologia,Onda de Frio,Principal: 11 dummies,12,143,3,131,18,113,-5.827241610940819,-5.037111048839739
Total (2013–2024),Tipologia | Onda de Frio,Tipologia,Onda de Frio,Principal: 11 dummies,12,143,4,131,20,111,-5.876957014006822,-4.999034167227845
Total (2013–2024),Tipologia | Onda de Frio,Tipologia,Onda de Frio,Principal: 11 dummies,12,143,5,131,22,109,-5.835739261380535,-4.87002412992366
Total (2013–2024),Tipologia | Onda de Frio,Tipologia,Onda de Frio,Principal: 11 dummies,12,143,6,131,24,107,-5.830138340508639,-4.776630924373866
Total (2013–2024),Tipologia | Onda de Frio,Tipologia,Onda de Frio,Principal: 11 dummies,12,143,7,131,26,105,-5.785972599549046,-4.644672898736375
Total (2013–2024),Tipologia | Onda de Frio,Tipologia,Onda de Frio,Principal: 11 dummies,12,143,8,131,28,103,-5.858620474838396,-4.629528489347827
Total (2013–2024),Tipologia | Onda de Frio,Tipologia,Onda de Frio,Principal: 11 dummies,12,143,9,131,30,101,-5.83670419765128,-4.519819927482814
Total (2013–2024),Tipologia | Onda de Frio,Tipologia,Onda de Frio,Principal: 11 dummies,12,143,10,131,32,99,-5.7985254751647455,-4.393848920318382
Total (2013–2024),Tipologia | Onda de Frio,Tipologia,Onda de Frio,Principal: 11 dummies,12,143,11,131,34,97,-5.768189717964292,-4.27572087844003
Total (2013–2024),Tipologia | Onda de Frio,Tipologia,Onda de Frio,Principal: 11 dummies,12,143,12,131,36,95,-5.814162178379685,-4.233901054177526
Total (2013–2024),Tipologia | Onda de Frio,Tipologia,Onda de Frio,Comparação: sem dummies,12,143,0,131,1,130,-5.107766026107387,-5.0638698837684375
Total (2013–2024),Tipologia | Onda de Frio,Tipologia,Onda de Frio,Comparação: sem dummies,12,143,1,131,3,128,-5.122560574959349,-4.990872147942501
Total (2013–2024),Tipologia | Onda de Frio,Tipologia,Onda de Frio,Comparação: sem dummies,12,143,2,131,5,126,-5.178417177980667,-4.958936466285922
Total (2013–2024),Tipologia | Onda de Frio,Tipologia,Onda de Frio,Comparação: sem dummies,12,143,3,131,7,124,-5.215367771996537,-4.908094775623894
Total (2013–2024),Tipologia | Onda de Frio,Tipologia,Onda de Frio,Comparação: sem dummies,12,143,4,131,9,122,-5.264287276976834,-4.869221995926294
Total (2013–2024),Tipologia | Onda de Frio,Tipologia,Onda de Frio,Comparação: sem dummies,12,143,5,131,11,120,-5.31233460267619,-4.829477036947752
Total (2013–2024),Tipologia | Onda de Frio,Tipologia,Onda de Frio,Comparação: sem dummies,12,143,6,131,13,118,-5.4563709671279215,-4.885721116721586
Total (2013–2024),Tipologia | Onda de Frio,Tipologia,Onda de Frio,Comparação: sem dummies,12,143,7,131,15,116,-5.489664110679085,-4.831221975594852
Total (2013–2024),Tipologia | Onda de Frio,Tipologia,Onda de Frio,Comparação: sem dummies,12,143,8,131,17,114,-5.535974078525992,-4.789739658763861
Total (2013–2024),Tipologia | Onda de Frio,Tipologia,Onda de Frio,Comparação: sem dummies,12,143,9,131,19,112,-5.540312046804604,-4.706285342364575
Total (2013–2024),Tipologia | Onda de Frio,Tipologia,Onda de Frio,Comparação: sem dummies,12,143,10,131,21,110,-5.533096409238612,-4.611277420120686
Total (2013–2024),Tipologia | Onda de Frio,Tipologia,Onda de Frio,Comparação: sem dummies,12,143,11,131,23,108,-5.494461891812321,-4.484850618016496
Total (2013–2024),Tipologia | Onda de Frio,Tipologia,Onda de Frio,Comparação: sem dummies,12,143,12,131,25,106,-5.58349888284689,-4.486095324373169
Total (2013–2024),Tipologia | Onda de Frio,Tipologia,Onda de Frio,Robustez: diferença sazonal,12,131,0,119,1,118,-3.9433688289017987,-3.8966608710343777
Total (2013–2024),Tipologia | Onda de Frio,Tipologia,Onda de Frio,Robustez: diferença sazonal,12,131,1,119,3,116,-4.357475854736246,-4.217351981133984
Total (2013–2024),Tipologia | Onda de Frio,Tipologia,Onda de Frio,Robustez: diferença sazonal,12,131,2,119,5,114,-4.451084738084901,-4.217544948747798
Total (2013–2024),Tipologia | Onda de Frio,Tipologia,Onda de Frio,Robustez: diferença sazonal,12,131,3,119,7,112,-4.510823237669974,-4.183867532598029
Total (2013–2024),Tipologia | Onda de Frio,Tipologia,Onda de Frio,Robustez: diferença sazonal,12,131,4,119,9,110,-4.622435760558185,-4.202064139751399
Total (2013–2024),Tipologia | Onda de Frio,Tipologia,Onda de Frio,Robustez: diferença sazonal,12,131,5,119,11,108,-4.568563478265373,-4.0547759417237454
Total (2013–2024),Tipologia | Onda de Frio,Tipologia,Onda de Frio,Robustez: diferença sazonal,12,131,6,119,13,106,-4.56869920949107,-3.961495757214602
Total (2013–2024),Tipologia | Onda de Frio,Tipologia,Onda de Frio,Robustez: diferença sazonal,12,131,7,119,15,104,-4.519227614001121,-3.818608245989811
Total (2013–2024),Tipologia | Onda de Frio,Tipologia,Onda de Frio,Robustez: diferença sazonal,12,131,8,119,17,102,-4.6196285668878,-3.825593283141649
Total (2013–2024),Tipologia | Onda de Frio,Tipologia,Onda de Frio,Robustez: diferença sazonal,12,131,9,119,19,100,-4.707942510915009,-3.820491311434016
Total (2013–2024),Tipologia | Onda de Frio,Tipologia,Onda de Frio,Robustez: diferença sazonal,12,131,10,119,21,98,-4.659084615351408,-3.678217500135574
Total (2013–2024),Tipologia | Onda de Frio,Tipologia,Onda de Frio,Robustez: diferença sazonal,12,131,11,119,23,96,-4.8966667293559025,-3.8223836984052273
Total (2013–2024),Tipologia | Onda de Frio,Tipologia,Onda de Frio,Robustez: diferença sazonal,12,131,12,119,25,94,-5.164296003988255,-3.996597057302738
Total (2013–2024),Tipologia | Outros,Tipologia,Outros,Principal: 11 dummies,12,143,0,131,12,119,-5.848067069767072,-5.321313361699685
Total (2013–2024),Tipologia | Outros,Tipologia,Outros,Principal: 11 dummies,12,143,1,131,14,117,-6.170044888097808,-5.555498895352523
Total (2013–2024),Tipologia | Outros,Tipologia,Outros,Principal: 11 dummies,12,143,2,131,16,115,-6.293918667863604,-5.591580390440422
Total (2013–2024),Tipologia | Outros,Tipologia,Outros,Principal: 11 dummies,12,143,3,131,18,113,-6.347713474283896,-5.557582912182816
Total (2013–2024),Tipologia | Outros,Tipologia,Outros,Principal: 11 dummies,12,143,4,131,20,111,-6.333233767776074,-5.455310920997096
Total (2013–2024),Tipologia | Outros,Tipologia,Outros,Principal: 11 dummies,12,143,5,131,22,109,-6.307485004996099,-5.341769873539224
Total (2013–2024),Tipologia | Outros,Tipologia,Outros,Principal: 11 dummies,12,143,6,131,24,107,-6.28659168629298,-5.233084270158208
Total (2013–2024),Tipologia | Outros,Tipologia,Outros,Principal: 11 dummies,12,143,7,131,26,105,-6.241361047620259,-5.100061346807589
Total (2013–2024),Tipologia | Outros,Tipologia,Outros,Principal: 11 dummies,12,143,8,131,28,103,-6.181417648291652,-4.952325662801083
Total (2013–2024),Tipologia | Outros,Tipologia,Outros,Principal: 11 dummies,12,143,9,131,30,101,-6.145432282196901,-4.828548012028435
Total (2013–2024),Tipologia | Outros,Tipologia,Outros,Principal: 11 dummies,12,143,10,131,32,99,-6.193058440445142,-4.788381885598778
Total (2013–2024),Tipologia | Outros,Tipologia,Outros,Principal: 11 dummies,12,143,11,131,34,97,-6.192802631541153,-4.700333792016892
Total (2013–2024),Tipologia | Outros,Tipologia,Outros,Principal: 11 dummies,12,143,12,131,36,95,-6.1517958341911,-4.57153470998894
Total (2013–2024),Tipologia | Outros,Tipologia,Outros,Comparação: sem dummies,12,143,0,131,1,130,-5.588734909910152,-5.5448387675712025
Total (2013–2024),Tipologia | Outros,Tipologia,Outros,Comparação: sem dummies,12,143,1,131,3,128,-5.677593862501527,-5.54590543548468
Total (2013–2024),Tipologia | Outros,Tipologia,Outros,Comparação: sem dummies,12,143,2,131,5,126,-5.766281015614994,-5.546800303920249
Total (2013–2024),Tipologia | Outros,Tipologia,Outros,Comparação: sem dummies,12,143,3,131,7,124,-5.862521782021147,-5.555248785648504
Total (2013–2024),Tipologia | Outros,Tipologia,Outros,Comparação: sem dummies,12,143,4,131,9,122,-5.869306531888517,-5.474241250837977
Total (2013–2024),Tipologia | Outros,Tipologia,Outros,Comparação: sem dummies,12,143,5,131,11,120,-5.91511665246918,-5.432259086740743
Total (2013–2024),Tipologia | Outros,Tipologia,Outros,Comparação: sem dummies,12,143,6,131,13,118,-6.023485858484138,-5.452836008077803
Total (2013–2024),Tipologia | Outros,Tipologia,Outros,Comparação: sem dummies,12,143,7,131,15,116,-6.060561382425965,-5.402119247341733
Total (2013–2024),Tipologia | Outros,Tipologia,Outros,Comparação: sem dummies,12,143,8,131,17,114,-6.004274825299294,-5.258040405537163
Total (2013–2024),Tipologia | Outros,Tipologia,Outros,Comparação: sem dummies,12,143,9,131,19,112,-5.958965836502668,-5.124939132062639
Total (2013–2024),Tipologia | Outros,Tipologia,Outros,Comparação: sem dummies,12,143,10,131,21,110,-6.00804818721025,-5.086229198092322
Total (2013–2024),Tipologia | Outros,Tipologia,Outros,Comparação: sem dummies,12,143,11,131,23,108,-6.016007860131631,-5.006396586335807
Total (2013–2024),Tipologia | Outros,Tipologia,Outros,Comparação: sem dummies,12,143,12,131,25,106,-6.042375838131743,-4.944972279658021
Total (2013–2024),Tipologia | Outros,Tipologia,Outros,Robustez: diferença sazonal,12,131,0,119,1,118,-4.62096320845091,-4.574255250583489
Total (2013–2024),Tipologia | Outros,Tipologia,Outros,Robustez: diferença sazonal,12,131,1,119,3,116,-5.091737430051213,-4.95161355644895
Total (2013–2024),Tipologia | Outros,Tipologia,Outros,Robustez: diferença sazonal,12,131,2,119,5,114,-5.296101311012445,-5.062561521675343
Total (2013–2024),Tipologia | Outros,Tipologia,Outros,Robustez: diferença sazonal,12,131,3,119,7,112,-5.350329738318464,-5.023374033246519
Total (2013–2024),Tipologia | Outros,Tipologia,Outros,Robustez: diferença sazonal,12,131,4,119,9,110,-5.314481928292465,-4.894110307485679
Total (2013–2024),Tipologia | Outros,Tipologia,Outros,Robustez: diferença sazonal,12,131,5,119,11,108,-5.3032482089171715,-4.789460672375545
Total (2013–2024),Tipologia | Outros,Tipologia,Outros,Robustez: diferença sazonal,12,131,6,119,13,106,-5.26327067931667,-4.656067227040202
Total (2013–2024),Tipologia | Outros,Tipologia,Outros,Robustez: diferença sazonal,12,131,7,119,15,104,-5.2543739876158835,-4.5537546196045735
Total (2013–2024),Tipologia | Outros,Tipologia,Outros,Robustez: diferença sazonal,12,131,8,119,17,102,-5.202837378313804,-4.408802094567653
Total (2013–2024),Tipologia | Outros,Tipologia,Outros,Robustez: diferença sazonal,12,131,9,119,19,100,-5.243779434163274,-4.356328234682281
Total (2013–2024),Tipologia | Outros,Tipologia,Outros,Robustez: diferença sazonal,12,131,10,119,21,98,-5.283860506480039,-4.302993391264205
Total (2013–2024),Tipologia | Outros,Tipologia,Outros,Robustez: diferença sazonal,12,131,11,119,23,96,-5.316187502576022,-4.241904471625347
Total (2013–2024),Tipologia | Outros,Tipologia,Outros,Robustez: diferença sazonal,12,131,12,119,25,94,-5.4465413018925455,-4.278842355207028
Total (2013–2024),Tipologia | Rompimento/Colapso de barragens,Tipologia,Rompimento/Colapso de barragens,Principal: 11 dummies,12,143,0,131,12,119,-6.405616623011955,-5.878862914944568
Total (2013–2024),Tipologia | Rompimento/Colapso de barragens,Tipologia,Rompimento/Colapso de barragens,Principal: 11 dummies,12,143,1,131,14,117,-6.837569521220252,-6.223023528474967
Total (2013–2024),Tipologia | Rompimento/Colapso de barragens,Tipologia,Rompimento/Colapso de barragens,Principal: 11 dummies,12,143,2,131,16,115,-6.978770589306972,-6.27643231188379
Total (2013–2024),Tipologia | Rompimento/Colapso de barragens,Tipologia,Rompimento/Colapso de barragens,Principal: 11 dummies,12,143,3,131,18,113,-6.965827088127405,-6.175696526026325
Total (2013–2024),Tipologia | Rompimento/Colapso de barragens,Tipologia,Rompimento/Colapso de barragens,Principal: 11 dummies,12,143,4,131,20,111,-6.958859757830706,-6.080936911051729
Total (2013–2024),Tipologia | Rompimento/Colapso de barragens,Tipologia,Rompimento/Colapso de barragens,Principal: 11 dummies,12,143,5,131,22,109,-6.929182210957123,-5.963467079500248
Total (2013–2024),Tipologia | Rompimento/Colapso de barragens,Tipologia,Rompimento/Colapso de barragens,Principal: 11 dummies,12,143,6,131,24,107,-6.911372363238661,-5.857864947103889
Total (2013–2024),Tipologia | Rompimento/Colapso de barragens,Tipologia,Rompimento/Colapso de barragens,Principal: 11 dummies,12,143,7,131,26,105,-6.8801108493501,-5.738811148537429
Total (2013–2024),Tipologia | Rompimento/Colapso de barragens,Tipologia,Rompimento/Colapso de barragens,Principal: 11 dummies,12,143,8,131,28,103,-6.822682322171689,-5.593590336681119
Total (2013–2024),Tipologia | Rompimento/Colapso de barragens,Tipologia,Rompimento/Colapso de barragens,Principal: 11 dummies,12,143,9,131,30,101,-6.8189923338015115,-5.502108063633045
Total (2013–2024),Tipologia | Rompimento/Colapso de barragens,Tipologia,Rompimento/Colapso de barragens,Principal: 11 dummies,12,143,10,131,32,99,-6.8756941337968795,-5.471017578950516
Total (2013–2024),Tipologia | Rompimento/Colapso de barragens,Tipologia,Rompimento/Colapso de barragens,Principal: 11 dummies,12,143,11,131,34,97,-6.835040990721167,-5.342572151196904
Total (2013–2024),Tipologia | Rompimento/Colapso de barragens,Tipologia,Rompimento/Colapso de barragens,Principal: 11 dummies,12,143,12,131,36,95,-6.832419027380547,-5.252157903178388
Total (2013–2024),Tipologia | Rompimento/Colapso de barragens,Tipologia,Rompimento/Colapso de barragens,Comparação: sem dummies,12,143,0,131,1,130,-6.109119920346347,-6.065223778007398
Total (2013–2024),Tipologia | Rompimento/Colapso de barragens,Tipologia,Rompimento/Colapso de barragens,Comparação: sem dummies,12,143,1,131,3,128,-6.332953527465359,-6.201265100448512
Total (2013–2024),Tipologia | Rompimento/Colapso de barragens,Tipologia,Rompimento/Colapso de barragens,Comparação: sem dummies,12,143,2,131,5,126,-6.442186880795385,-6.22270616910064
Total (2013–2024),Tipologia | Rompimento/Colapso de barragens,Tipologia,Rompimento/Colapso de barragens,Comparação: sem dummies,12,143,3,131,7,124,-6.493124483281451,-6.185851486908809
Total (2013–2024),Tipologia | Rompimento/Colapso de barragens,Tipologia,Rompimento/Colapso de barragens,Comparação: sem dummies,12,143,4,131,9,122,-6.5028438855832436,-6.107778604532704
Total (2013–2024),Tipologia | Rompimento/Colapso de barragens,Tipologia,Rompimento/Colapso de barragens,Comparação: sem dummies,12,143,5,131,11,120,-6.508938099236345,-6.0260805335079075
Total (2013–2024),Tipologia | Rompimento/Colapso de barragens,Tipologia,Rompimento/Colapso de barragens,Comparação: sem dummies,12,143,6,131,13,118,-6.609316735255908,-6.038666884849573
Total (2013–2024),Tipologia | Rompimento/Colapso de barragens,Tipologia,Rompimento/Colapso de barragens,Comparação: sem dummies,12,143,7,131,15,116,-6.626678283289776,-5.968236148205543
Total (2013–2024),Tipologia | Rompimento/Colapso de barragens,Tipologia,Rompimento/Colapso de barragens,Comparação: sem dummies,12,143,8,131,17,114,-6.584510245651069,-5.838275825888939
Total (2013–2024),Tipologia | Rompimento/Colapso de barragens,Tipologia,Rompimento/Colapso de barragens,Comparação: sem dummies,12,143,9,131,19,112,-6.54867878688777,-5.714652082447741
Total (2013–2024),Tipologia | Rompimento/Colapso de barragens,Tipologia,Rompimento/Colapso de barragens,Comparação: sem dummies,12,143,10,131,21,110,-6.58336344470101,-5.661544455583083
Total (2013–2024),Tipologia | Rompimento/Colapso de barragens,Tipologia,Rompimento/Colapso de barragens,Comparação: sem dummies,12,143,11,131,23,108,-6.573721371488475,-5.56411009769265
Total (2013–2024),Tipologia | Rompimento/Colapso de barragens,Tipologia,Rompimento/Colapso de barragens,Comparação: sem dummies,12,143,12,131,25,106,-6.597738405551804,-5.500334847078083
Total (2013–2024),Tipologia | Rompimento/Colapso de barragens,Tipologia,Rompimento/Colapso de barragens,Robustez: diferença sazonal,12,131,0,119,1,118,-5.083466187716919,-5.036758229849498
Total (2013–2024),Tipologia | Rompimento/Colapso de barragens,Tipologia,Rompimento/Colapso de barragens,Robustez: diferença sazonal,12,131,1,119,3,116,-5.652549145176891,-5.512425271574629
Total (2013–2024),Tipologia | Rompimento/Colapso de barragens,Tipologia,Rompimento/Colapso de barragens,Robustez: diferença sazonal,12,131,2,119,5,114,-5.875484066856109,-5.6419442775190065
Total (2013–2024),Tipologia | Rompimento/Colapso de barragens,Tipologia,Rompimento/Colapso de barragens,Robustez: diferença sazonal,12,131,3,119,7,112,-5.883080876153567,-5.556125171081622
Total (2013–2024),Tipologia | Rompimento/Colapso de barragens,Tipologia,Rompimento/Colapso de barragens,Robustez: diferença sazonal,12,131,4,119,9,110,-5.874458363636964,-5.454086742830178
Total (2013–2024),Tipologia | Rompimento/Colapso de barragens,Tipologia,Rompimento/Colapso de barragens,Robustez: diferença sazonal,12,131,5,119,11,108,-5.8335963968513145,-5.319808860309687
Total (2013–2024),Tipologia | Rompimento/Colapso de barragens,Tipologia,Rompimento/Colapso de barragens,Robustez: diferença sazonal,12,131,6,119,13,106,-5.821810890793189,-5.214607438516721
Total (2013–2024),Tipologia | Rompimento/Colapso de barragens,Tipologia,Rompimento/Colapso de barragens,Robustez: diferença sazonal,12,131,7,119,15,104,-5.771287236767139,-5.070667868755829
Total (2013–2024),Tipologia | Rompimento/Colapso de barragens,Tipologia,Rompimento/Colapso de barragens,Robustez: diferença sazonal,12,131,8,119,17,102,-5.712441126661785,-4.918405842915634
Total (2013–2024),Tipologia | Rompimento/Colapso de barragens,Tipologia,Rompimento/Colapso de barragens,Robustez: diferença sazonal,12,131,9,119,19,100,-5.69764354456302,-4.810192345082027
Total (2013–2024),Tipologia | Rompimento/Colapso de barragens,Tipologia,Rompimento/Colapso de barragens,Robustez: diferença sazonal,12,131,10,119,21,98,-5.713399003653781,-4.732531888437947
Total (2013–2024),Tipologia | Rompimento/Colapso de barragens,Tipologia,Rompimento/Colapso de barragens,Robustez: diferença sazonal,12,131,11,119,23,96,-5.7351298247675695,-4.660846793816894
Total (2013–2024),Tipologia | Rompimento/Colapso de barragens,Tipologia,Rompimento/Colapso de barragens,Robustez: diferença sazonal,12,131,12,119,25,94,-5.905340468877935,-4.737641522192418
Total (2013–2024),Tipologia | Tornado,Tipologia,Tornado,Principal: 11 dummies,12,143,0,131,12,119,-5.637704248983522,-5.110950540916136
Total (2013–2024),Tipologia | Tornado,Tipologia,Tornado,Principal: 11 dummies,12,143,1,131,14,117,-6.151524934523916,-5.5369789417786315
Total (2013–2024),Tipologia | Tornado,Tipologia,Tornado,Principal: 11 dummies,12,143,2,131,16,115,-6.176498598436735,-5.474160321013553
Total (2013–2024),Tipologia | Tornado,Tipologia,Tornado,Principal: 11 dummies,12,143,3,131,18,113,-6.237034424389792,-5.446903862288712
Total (2013–2024),Tipologia | Tornado,Tipologia,Tornado,Principal: 11 dummies,12,143,4,131,20,111,-6.303892886572712,-5.425970039793735
Total (2013–2024),Tipologia | Tornado,Tipologia,Tornado,Principal: 11 dummies,12,143,5,131,22,109,-6.311644758809609,-5.345929627352734
Total (2013–2024),Tipologia | Tornado,Tipologia,Tornado,Principal: 11 dummies,12,143,6,131,24,107,-6.276732215566131,-5.2232247994313585
Total (2013–2024),Tipologia | Tornado,Tipologia,Tornado,Principal: 11 dummies,12,143,7,131,26,105,-6.247152201565617,-5.105852500752947
Total (2013–2024),Tipologia | Tornado,Tipologia,Tornado,Principal: 11 dummies,12,143,8,131,28,103,-6.188755314092212,-4.959663328601643
Total (2013–2024),Tipologia | Tornado,Tipologia,Tornado,Principal: 11 dummies,12,143,9,131,30,101,-6.178377696433732,-4.861493426265266
Total (2013–2024),Tipologia | Tornado,Tipologia,Tornado,Principal: 11 dummies,12,143,10,131,32,99,-6.144371022442272,-4.739694467595907
Total (2013–2024),Tipologia | Tornado,Tipologia,Tornado,Principal: 11 dummies,12,143,11,131,34,97,-6.141786362110794,-4.649317522586532
Total (2013–2024),Tipologia | Tornado,Tipologia,Tornado,Principal: 11 dummies,12,143,12,131,36,95,-6.130403210734286,-4.5501420865321265
Total (2013–2024),Tipologia | Tornado,Tipologia,Tornado,Comparação: sem dummies,12,143,0,131,1,130,-5.389085034955004,-5.345188892616054
Total (2013–2024),Tipologia | Tornado,Tipologia,Tornado,Comparação: sem dummies,12,143,1,131,3,128,-5.679743939829197,-5.54805551281235
Total (2013–2024),Tipologia | Tornado,Tipologia,Tornado,Comparação: sem dummies,12,143,2,131,5,126,-5.6960817968218915,-5.476601085127147
Total (2013–2024),Tipologia | Tornado,Tipologia,Tornado,Comparação: sem dummies,12,143,3,131,7,124,-5.803778114686285,-5.496505118313642
Total (2013–2024),Tipologia | Tornado,Tipologia,Tornado,Comparação: sem dummies,12,143,4,131,9,122,-5.884261378656718,-5.489196097606178
Total (2013–2024),Tipologia | Tornado,Tipologia,Tornado,Comparação: sem dummies,12,143,5,131,11,120,-5.9307108640304245,-5.447853298301987
Total (2013–2024),Tipologia | Tornado,Tipologia,Tornado,Comparação: sem dummies,12,143,6,131,13,118,-6.015398222121949,-5.4447483717156135
Total (2013–2024),Tipologia | Tornado,Tipologia,Tornado,Comparação: sem dummies,12,143,7,131,15,116,-6.029295326954875,-5.370853191870642
Total (2013–2024),Tipologia | Tornado,Tipologia,Tornado,Comparação: sem dummies,12,143,8,131,17,114,-5.973291087712488,-5.227056667950357
Total (2013–2024),Tipologia | Tornado,Tipologia,Tornado,Comparação: sem dummies,12,143,9,131,19,112,-5.948989709308881,-5.114963004868852
Total (2013–2024),Tipologia | Tornado,Tipologia,Tornado,Comparação: sem dummies,12,143,10,131,21,110,-5.905006303947952,-4.983187314830026
Total (2013–2024),Tipologia | Tornado,Tipologia,Tornado,Comparação: sem dummies,12,143,11,131,23,108,-5.872219384057063,-4.862608110261238
Total (2013–2024),Tipologia | Tornado,Tipologia,Tornado,Comparação: sem dummies,12,143,12,131,25,106,-5.901660337542986,-4.804256779069265
Total (2013–2024),Tipologia | Tornado,Tipologia,Tornado,Robustez: diferença sazonal,12,131,0,119,1,118,-4.3964904806646015,-4.349782522797181
Total (2013–2024),Tipologia | Tornado,Tipologia,Tornado,Robustez: diferença sazonal,12,131,1,119,3,116,-4.9523831310654405,-4.812259257463178
Total (2013–2024),Tipologia | Tornado,Tipologia,Tornado,Robustez: diferença sazonal,12,131,2,119,5,114,-4.971109937035145,-4.737570147698042
Total (2013–2024),Tipologia | Tornado,Tipologia,Tornado,Robustez: diferença sazonal,12,131,3,119,7,112,-5.0742307344369015,-4.747275029364957
Total (2013–2024),Tipologia | Tornado,Tipologia,Tornado,Robustez: diferença sazonal,12,131,4,119,9,110,-5.146453147195538,-4.726081526388752
Total (2013–2024),Tipologia | Tornado,Tipologia,Tornado,Robustez: diferença sazonal,12,131,5,119,11,108,-5.115328212229917,-4.601540675688289
Total (2013–2024),Tipologia | Tornado,Tipologia,Tornado,Robustez: diferença sazonal,12,131,6,119,13,106,-5.07293728351525,-4.465733831238781
Total (2013–2024),Tipologia | Tornado,Tipologia,Tornado,Robustez: diferença sazonal,12,131,7,119,15,104,-5.012617544853689,-4.311998176842379
Total (2013–2024),Tipologia | Tornado,Tipologia,Tornado,Robustez: diferença sazonal,12,131,8,119,17,102,-4.959531318765325,-4.165496035019174
Total (2013–2024),Tipologia | Tornado,Tipologia,Tornado,Robustez: diferença sazonal,12,131,9,119,19,100,-4.987797449664271,-4.100346250183278
Total (2013–2024),Tipologia | Tornado,Tipologia,Tornado,Robustez: diferença sazonal,12,131,10,119,21,98,-4.977295863595665,-3.996428748379831
Total (2013–2024),Tipologia | Tornado,Tipologia,Tornado,Robustez: diferença sazonal,12,131,11,119,23,96,-5.189556175686412,-4.1152731447357365
Total (2013–2024),Tipologia | Tornado,Tipologia,Tornado,Robustez: diferença sazonal,12,131,12,119,25,94,-5.279033851859142,-4.111334905173625
Total (2013–2024),Tipologia | Vendavais e Ciclones,Tipologia,Vendavais e Ciclones,Principal: 11 dummies,12,143,0,131,12,119,-4.935348309926743,-4.408594601859356
Total (2013–2024),Tipologia | Vendavais e Ciclones,Tipologia,Vendavais e Ciclones,Principal: 11 dummies,12,143,1,131,14,117,-5.341853365684394,-4.7273073729391095
Total (2013–2024),Tipologia | Vendavais e Ciclones,Tipologia,Vendavais e Ciclones,Principal: 11 dummies,12,143,2,131,16,115,-5.4490294590333805,-4.746691181610198
Total (2013–2024),Tipologia | Vendavais e Ciclones,Tipologia,Vendavais e Ciclones,Principal: 11 dummies,12,143,3,131,18,113,-5.585740317196536,-4.795609755095456
Total (2013–2024),Tipologia | Vendavais e Ciclones,Tipologia,Vendavais e Ciclones,Principal: 11 dummies,12,143,4,131,20,111,-5.582186910751064,-4.7042640639720865
Total (2013–2024),Tipologia | Vendavais e Ciclones,Tipologia,Vendavais e Ciclones,Principal: 11 dummies,12,143,5,131,22,109,-5.5466416755070105,-4.580926544050135
Total (2013–2024),Tipologia | Vendavais e Ciclones,Tipologia,Vendavais e Ciclones,Principal: 11 dummies,12,143,6,131,24,107,-5.516763709508614,-4.463256293373841
Total (2013–2024),Tipologia | Vendavais e Ciclones,Tipologia,Vendavais e Ciclones,Principal: 11 dummies,12,143,7,131,26,105,-5.495965848184397,-4.354666147371726
Total (2013–2024),Tipologia | Vendavais e Ciclones,Tipologia,Vendavais e Ciclones,Principal: 11 dummies,12,143,8,131,28,103,-5.482985253343996,-4.253893267853426
Total (2013–2024),Tipologia | Vendavais e Ciclones,Tipologia,Vendavais e Ciclones,Principal: 11 dummies,12,143,9,131,30,101,-5.515537547045601,-4.198653276877135
Total (2013–2024),Tipologia | Vendavais e Ciclones,Tipologia,Vendavais e Ciclones,Principal: 11 dummies,12,143,10,131,32,99,-5.481113084802205,-4.07643652995584
Total (2013–2024),Tipologia | Vendavais e Ciclones,Tipologia,Vendavais e Ciclones,Principal: 11 dummies,12,143,11,131,34,97,-5.491034221631135,-3.998565382106873
Total (2013–2024),Tipologia | Vendavais e Ciclones,Tipologia,Vendavais e Ciclones,Principal: 11 dummies,12,143,12,131,36,95,-5.468063506603146,-3.8878023824009866
Total (2013–2024),Tipologia | Vendavais e Ciclones,Tipologia,Vendavais e Ciclones,Comparação: sem dummies,12,143,0,131,1,130,-4.476761606594458,-4.432865464255508
Total (2013–2024),Tipologia | Vendavais e Ciclones,Tipologia,Vendavais e Ciclones,Comparação: sem dummies,12,143,1,131,3,128,-4.601791258771689,-4.470102831754842
Total (2013–2024),Tipologia | Vendavais e Ciclones,Tipologia,Vendavais e Ciclones,Comparação: sem dummies,12,143,2,131,5,126,-4.662715155948045,-4.4432344442533
Total (2013–2024),Tipologia | Vendavais e Ciclones,Tipologia,Vendavais e Ciclones,Comparação: sem dummies,12,143,3,131,7,124,-4.7352256696169635,-4.427952673244321
Total (2013–2024),Tipologia | Vendavais e Ciclones,Tipologia,Vendavais e Ciclones,Comparação: sem dummies,12,143,4,131,9,122,-4.697042436253491,-4.301977155202951
Total (2013–2024),Tipologia | Vendavais e Ciclones,Tipologia,Vendavais e Ciclones,Comparação: sem dummies,12,143,5,131,11,120,-4.734282054987848,-4.251424489259411
Total (2013–2024),Tipologia | Vendavais e Ciclones,Tipologia,Vendavais e Ciclones,Comparação: sem dummies,12,143,6,131,13,118,-4.84730858507256,-4.276658734666225
Total (2013–2024),Tipologia | Vendavais e Ciclones,Tipologia,Vendavais e Ciclones,Comparação: sem dummies,12,143,7,131,15,116,-4.9532509952825565,-4.294808860198324
Total (2013–2024),Tipologia | Vendavais e Ciclones,Tipologia,Vendavais e Ciclones,Comparação: sem dummies,12,143,8,131,17,114,-4.997264277148153,-4.251029857386022
Total (2013–2024),Tipologia | Vendavais e Ciclones,Tipologia,Vendavais e Ciclones,Comparação: sem dummies,12,143,9,131,19,112,-5.0235018318632,-4.189475127423171
Total (2013–2024),Tipologia | Vendavais e Ciclones,Tipologia,Vendavais e Ciclones,Comparação: sem dummies,12,143,10,131,21,110,-4.990375087658581,-4.068556098540654
Total (2013–2024),Tipologia | Vendavais e Ciclones,Tipologia,Vendavais e Ciclones,Comparação: sem dummies,12,143,11,131,23,108,-4.989909743360021,-3.9802984695641963
Total (2013–2024),Tipologia | Vendavais e Ciclones,Tipologia,Vendavais e Ciclones,Comparação: sem dummies,12,143,12,131,25,106,-5.002977649049812,-3.90557409057609
Total (2013–2024),Tipologia | Vendavais e Ciclones,Tipologia,Vendavais e Ciclones,Robustez: diferença sazonal,12,131,0,119,1,118,-3.6078173608090793,-3.5611094029416583
Total (2013–2024),Tipologia | Vendavais e Ciclones,Tipologia,Vendavais e Ciclones,Robustez: diferença sazonal,12,131,1,119,3,116,-4.079401067285203,-3.9392771936829405
Total (2013–2024),Tipologia | Vendavais e Ciclones,Tipologia,Vendavais e Ciclones,Robustez: diferença sazonal,12,131,2,119,5,114,-4.2052603365699515,-3.9717205472328483
Total (2013–2024),Tipologia | Vendavais e Ciclones,Tipologia,Vendavais e Ciclones,Robustez: diferença sazonal,12,131,3,119,7,112,-4.304043172161588,-3.9770874670896434
Total (2013–2024),Tipologia | Vendavais e Ciclones,Tipologia,Vendavais e Ciclones,Robustez: diferença sazonal,12,131,4,119,9,110,-4.287963082622726,-3.8675914618159397
Total (2013–2024),Tipologia | Vendavais e Ciclones,Tipologia,Vendavais e Ciclones,Robustez: diferença sazonal,12,131,5,119,11,108,-4.256011469666872,-3.7422239331252447
Total (2013–2024),Tipologia | Vendavais e Ciclones,Tipologia,Vendavais e Ciclones,Robustez: diferença sazonal,12,131,6,119,13,106,-4.225490975791685,-3.618287523515217
Total (2013–2024),Tipologia | Vendavais e Ciclones,Tipologia,Vendavais e Ciclones,Robustez: diferença sazonal,12,131,7,119,15,104,-4.189747234873033,-3.4891278668617227
Total (2013–2024),Tipologia | Vendavais e Ciclones,Tipologia,Vendavais e Ciclones,Robustez: diferença sazonal,12,131,8,119,17,102,-4.179494347320938,-3.3854590635747868
Total (2013–2024),Tipologia | Vendavais e Ciclones,Tipologia,Vendavais e Ciclones,Robustez: diferença sazonal,12,131,9,119,19,100,-4.169852937748157,-3.282401738267165
Total (2013–2024),Tipologia | Vendavais e Ciclones,Tipologia,Vendavais e Ciclones,Robustez: diferença sazonal,12,131,10,119,21,98,-4.13992883639039,-3.159061721174556
Total (2013–2024),Tipologia | Vendavais e Ciclones,Tipologia,Vendavais e Ciclones,Robustez: diferença sazonal,12,131,11,119,23,96,-4.264142270432828,-3.1898592394821526
Total (2013–2024),Tipologia | Vendavais e Ciclones,Tipologia,Vendavais e Ciclones,Robustez: diferença sazonal,12,131,12,119,25,94,-4.387588453202883,-3.219889506517366
Pré-pandemia (até jan/2020),Total nacional,Referência,Total nacional,Principal: 11 dummies,6,84,0,78,12,66,-5.78246474614587,-5.057323568702918
Pré-pandemia (até jan/2020),Total nacional,Referência,Total nacional,Principal: 11 dummies,6,84,1,78,14,64,-5.942553000133384,-5.096554959783274
Pré-pandemia (até jan/2020),Total nacional,Referência,Total nacional,Principal: 11 dummies,6,84,2,78,16,62,-6.111214598354463,-5.144359695097195
Pré-pandemia (até jan/2020),Total nacional,Referência,Total nacional,Principal: 11 dummies,6,84,3,78,18,60,-6.185499186942732,-5.097787420778305
Pré-pandemia (até jan/2020),Total nacional,Referência,Total nacional,Principal: 11 dummies,6,84,4,78,20,58,-6.217016721076419,-5.0084480920048335
Pré-pandemia (até jan/2020),Total nacional,Referência,Total nacional,Principal: 11 dummies,6,84,5,78,22,56,-6.181167109061965,-4.8517416170832215
Pré-pandemia (até jan/2020),Total nacional,Referência,Total nacional,Principal: 11 dummies,6,84,6,78,24,54,-6.116919957761611,-4.666637602875708
Pré-pandemia (até jan/2020),Total nacional,Referência,Total nacional,Comparação: sem dummies,11,84,0,73,1,72,-5.356909112758349,-5.294156799302229
Pré-pandemia (até jan/2020),Total nacional,Referência,Total nacional,Comparação: sem dummies,11,84,1,73,3,70,-5.593016785847913,-5.4047598454795525
Pré-pandemia (até jan/2020),Total nacional,Referência,Total nacional,Comparação: sem dummies,11,84,2,73,5,68,-5.801660982954476,-5.4878994156738745
Pré-pandemia (até jan/2020),Total nacional,Referência,Total nacional,Comparação: sem dummies,11,84,3,73,7,66,-5.873238954479005,-5.433972760286163
Pré-pandemia (até jan/2020),Total nacional,Referência,Total nacional,Comparação: sem dummies,11,84,4,73,9,64,-5.99261672468233,-5.427845903577247
Pré-pandemia (até jan/2020),Total nacional,Referência,Total nacional,Comparação: sem dummies,11,84,5,73,11,62,-5.970325494441991,-5.280050046424668
Pré-pandemia (até jan/2020),Total nacional,Referência,Total nacional,Comparação: sem dummies,11,84,6,73,13,60,-6.065443775365198,-5.249663700435634
Pré-pandemia (até jan/2020),Total nacional,Referência,Total nacional,Comparação: sem dummies,11,84,7,73,15,58,-6.073854736753549,-5.132570034911744
Pré-pandemia (até jan/2020),Total nacional,Referência,Total nacional,Comparação: sem dummies,11,84,8,73,17,56,-6.021971020646742,-4.955181691892697
Pré-pandemia (até jan/2020),Total nacional,Referência,Total nacional,Comparação: sem dummies,11,84,9,73,19,54,-6.058856661876006,-4.86656270620972
Pré-pandemia (até jan/2020),Total nacional,Referência,Total nacional,Comparação: sem dummies,11,84,10,73,21,52,-6.017876357769828,-4.700077775191302
Pré-pandemia (até jan/2020),Total nacional,Referência,Total nacional,Comparação: sem dummies,11,84,11,73,23,50,-5.9833399705774815,-4.540036761086714
Pré-pandemia (até jan/2020),Total nacional,Referência,Total nacional,Robustez: diferença sazonal,9,72,0,63,1,62,-4.957158508511892,-4.889122485451843
Pré-pandemia (até jan/2020),Total nacional,Referência,Total nacional,Robustez: diferença sazonal,9,72,1,63,3,60,-5.069353929395032,-4.865245860214886
Pré-pandemia (até jan/2020),Total nacional,Referência,Total nacional,Robustez: diferença sazonal,9,72,2,63,5,58,-5.2156692925429455,-4.875489177242702
Pré-pandemia (até jan/2020),Total nacional,Referência,Total nacional,Robustez: diferença sazonal,9,72,3,63,7,56,-5.255255168516975,-4.779003007096634
Pré-pandemia (até jan/2020),Total nacional,Referência,Total nacional,Robustez: diferença sazonal,9,72,4,63,9,54,-5.40928823853963,-4.796964030999192
Pré-pandemia (até jan/2020),Total nacional,Referência,Total nacional,Robustez: diferença sazonal,9,72,5,63,11,52,-5.321509249535762,-4.573112995875227
Pré-pandemia (até jan/2020),Total nacional,Referência,Total nacional,Robustez: diferença sazonal,9,72,6,63,13,50,-5.251046099463348,-4.366577799682716
Pré-pandemia (até jan/2020),Total nacional,Referência,Total nacional,Robustez: diferença sazonal,9,72,7,63,15,48,-5.230534654908611,-4.2099943090078815
Pré-pandemia (até jan/2020),Total nacional,Referência,Total nacional,Robustez: diferença sazonal,9,72,8,63,17,46,-5.166573409612009,-4.0099610175911815
Pré-pandemia (até jan/2020),Total nacional,Referência,Total nacional,Robustez: diferença sazonal,9,72,9,63,19,44,-5.245307453661451,-3.9526230155205266
Pré-pandemia (até jan/2020),Grupo | Climatológico,Grupo,Climatológico,Principal: 11 dummies,6,84,0,78,12,66,-5.051318604959757,-4.3261774275168055
Pré-pandemia (até jan/2020),Grupo | Climatológico,Grupo,Climatológico,Principal: 11 dummies,6,84,1,78,14,64,-5.3976846335035775,-4.551686593153468
Pré-pandemia (até jan/2020),Grupo | Climatológico,Grupo,Climatológico,Principal: 11 dummies,6,84,2,78,16,62,-5.496916238637822,-4.5300613353805534
Pré-pandemia (até jan/2020),Grupo | Climatológico,Grupo,Climatológico,Principal: 11 dummies,6,84,3,78,18,60,-5.557906257166047,-4.47019449100162
Pré-pandemia (até jan/2020),Grupo | Climatológico,Grupo,Climatológico,Principal: 11 dummies,6,84,4,78,20,58,-5.554034356123598,-4.345465727052012
Pré-pandemia (até jan/2020),Grupo | Climatológico,Grupo,Climatológico,Principal: 11 dummies,6,84,5,78,22,56,-5.636062663490785,-4.30663717151204
Pré-pandemia (até jan/2020),Grupo | Climatológico,Grupo,Climatológico,Principal: 11 dummies,6,84,6,78,24,54,-5.571264106431216,-4.1209817515453135
Pré-pandemia (até jan/2020),Grupo | Climatológico,Grupo,Climatológico,Comparação: sem dummies,11,84,0,73,1,72,-4.654449439526323,-4.591697126070203
Pré-pandemia (até jan/2020),Grupo | Climatológico,Grupo,Climatológico,Comparação: sem dummies,11,84,1,73,3,70,-4.989623771281875,-4.801366830913514
Pré-pandemia (até jan/2020),Grupo | Climatológico,Grupo,Climatológico,Comparação: sem dummies,11,84,2,73,5,68,-5.01951216441998,-4.705750597139378
Pré-pandemia (até jan/2020),Grupo | Climatológico,Grupo,Climatológico,Comparação: sem dummies,11,84,3,73,7,66,-5.155043713199643,-4.715777519006801
Pré-pandemia (até jan/2020),Grupo | Climatológico,Grupo,Climatológico,Comparação: sem dummies,11,84,4,73,9,64,-5.215039498105805,-4.650268677000722
Pré-pandemia (até jan/2020),Grupo | Climatológico,Grupo,Climatológico,Comparação: sem dummies,11,84,5,73,11,62,-5.26536900980316,-4.575093561785836
Pré-pandemia (até jan/2020),Grupo | Climatológico,Grupo,Climatológico,Comparação: sem dummies,11,84,6,73,13,60,-5.378151913461027,-4.562371838531463
Pré-pandemia (até jan/2020),Grupo | Climatológico,Grupo,Climatológico,Comparação: sem dummies,11,84,7,73,15,58,-5.415952104312364,-4.474667402470559
Pré-pandemia (até jan/2020),Grupo | Climatológico,Grupo,Climatológico,Comparação: sem dummies,11,84,8,73,17,56,-5.347621397912343,-4.280832069158299
Pré-pandemia (até jan/2020),Grupo | Climatológico,Grupo,Climatológico,Comparação: sem dummies,11,84,9,73,19,54,-5.286685739192341,-4.0943917835260555
Pré-pandemia (até jan/2020),Grupo | Climatológico,Grupo,Climatológico,Comparação: sem dummies,11,84,10,73,21,52,-5.325346279279118,-4.007547696700591
Pré-pandemia (até jan/2020),Grupo | Climatológico,Grupo,Climatológico,Comparação: sem dummies,11,84,11,73,23,50,-5.304523945402513,-3.861220735911746
Pré-pandemia (até jan/2020),Grupo | Climatológico,Grupo,Climatológico,Robustez: diferença sazonal,9,72,0,63,1,62,-4.282146509475963,-4.214110486415914
Pré-pandemia (até jan/2020),Grupo | Climatológico,Grupo,Climatológico,Robustez: diferença sazonal,9,72,1,63,3,60,-4.456924124936219,-4.252816055756073
Pré-pandemia (até jan/2020),Grupo | Climatológico,Grupo,Climatológico,Robustez: diferença sazonal,9,72,2,63,5,58,-4.5225367029282975,-4.182356587628054
Pré-pandemia (até jan/2020),Grupo | Climatológico,Grupo,Climatológico,Robustez: diferença sazonal,9,72,3,63,7,56,-4.563139711842259,-4.086887550421919
Pré-pandemia (até jan/2020),Grupo | Climatológico,Grupo,Climatológico,Robustez: diferença sazonal,9,72,4,63,9,54,-4.661984855214934,-4.049660647674496
Pré-pandemia (até jan/2020),Grupo | Climatológico,Grupo,Climatológico,Robustez: diferença sazonal,9,72,5,63,11,52,-4.635208801268923,-3.886812547608388
Pré-pandemia (até jan/2020),Grupo | Climatológico,Grupo,Climatológico,Robustez: diferença sazonal,9,72,6,63,13,50,-4.5329207921867924,-3.6484524924061597
Pré-pandemia (até jan/2020),Grupo | Climatológico,Grupo,Climatológico,Robustez: diferença sazonal,9,72,7,63,15,48,-4.5521502158543194,-3.5316098699535896
Pré-pandemia (até jan/2020),Grupo | Climatológico,Grupo,Climatológico,Robustez: diferença sazonal,9,72,8,63,17,46,-4.467567895942549,-3.310955503921722
Pré-pandemia (até jan/2020),Grupo | Climatológico,Grupo,Climatológico,Robustez: diferença sazonal,9,72,9,63,19,44,-4.400423464032438,-3.107739025891514
Pré-pandemia (até jan/2020),Grupo | Hidrológico,Grupo,Hidrológico,Principal: 11 dummies,6,84,0,78,12,66,-5.24414853803083,-4.519007360587878
Pré-pandemia (até jan/2020),Grupo | Hidrológico,Grupo,Hidrológico,Principal: 11 dummies,6,84,1,78,14,64,-5.301320141370224,-4.455322101020114
Pré-pandemia (até jan/2020),Grupo | Hidrológico,Grupo,Hidrológico,Principal: 11 dummies,6,84,2,78,16,62,-5.3249923816546465,-4.358137478397378
Pré-pandemia (até jan/2020),Grupo | Hidrológico,Grupo,Hidrológico,Principal: 11 dummies,6,84,3,78,18,60,-5.409427271927319,-4.321715505762892
Pré-pandemia (até jan/2020),Grupo | Hidrológico,Grupo,Hidrológico,Principal: 11 dummies,6,84,4,78,20,58,-5.360313468570821,-4.151744839499235
Pré-pandemia (até jan/2020),Grupo | Hidrológico,Grupo,Hidrológico,Principal: 11 dummies,6,84,5,78,22,56,-5.3339454134147175,-4.004519921435973
Pré-pandemia (até jan/2020),Grupo | Hidrológico,Grupo,Hidrológico,Principal: 11 dummies,6,84,6,78,24,54,-5.357357677266969,-3.9070753223810666
Pré-pandemia (até jan/2020),Grupo | Hidrológico,Grupo,Hidrológico,Comparação: sem dummies,11,84,0,73,1,72,-4.677099242580849,-4.6143469291247285
Pré-pandemia (até jan/2020),Grupo | Hidrológico,Grupo,Hidrológico,Comparação: sem dummies,11,84,1,73,3,70,-4.650446613395833,-4.462189673027472
Pré-pandemia (até jan/2020),Grupo | Hidrológico,Grupo,Hidrológico,Comparação: sem dummies,11,84,2,73,5,68,-4.616466860755429,-4.302705293474827
Pré-pandemia (até jan/2020),Grupo | Hidrológico,Grupo,Hidrológico,Comparação: sem dummies,11,84,3,73,7,66,-4.639898470159395,-4.200632275966552
Pré-pandemia (até jan/2020),Grupo | Hidrológico,Grupo,Hidrológico,Comparação: sem dummies,11,84,4,73,9,64,-4.733634515052671,-4.168863693947588
Pré-pandemia (até jan/2020),Grupo | Hidrológico,Grupo,Hidrológico,Comparação: sem dummies,11,84,5,73,11,62,-4.741211089338208,-4.050935641320884
Pré-pandemia (até jan/2020),Grupo | Hidrológico,Grupo,Hidrológico,Comparação: sem dummies,11,84,6,73,13,60,-5.112776024947425,-4.296995950017861
Pré-pandemia (até jan/2020),Grupo | Hidrológico,Grupo,Hidrológico,Comparação: sem dummies,11,84,7,73,15,58,-5.01945528092657,-4.078170579084765
Pré-pandemia (até jan/2020),Grupo | Hidrológico,Grupo,Hidrológico,Comparação: sem dummies,11,84,8,73,17,56,-4.976993608346598,-3.9102042795925533
Pré-pandemia (até jan/2020),Grupo | Hidrológico,Grupo,Hidrológico,Comparação: sem dummies,11,84,9,73,19,54,-4.981686785290208,-3.789392829623922
Pré-pandemia (até jan/2020),Grupo | Hidrológico,Grupo,Hidrológico,Comparação: sem dummies,11,84,10,73,21,52,-4.90782132514485,-3.590022742566324
Pré-pandemia (até jan/2020),Grupo | Hidrológico,Grupo,Hidrológico,Comparação: sem dummies,11,84,11,73,23,50,-4.930516205775433,-3.487212996284666
Pré-pandemia (até jan/2020),Grupo | Hidrológico,Grupo,Hidrológico,Robustez: diferença sazonal,9,72,0,63,1,62,-4.440884279834813,-4.3728482567747635
Pré-pandemia (até jan/2020),Grupo | Hidrológico,Grupo,Hidrológico,Robustez: diferença sazonal,9,72,1,63,3,60,-4.487582550198139,-4.283474481017993
Pré-pandemia (até jan/2020),Grupo | Hidrológico,Grupo,Hidrológico,Robustez: diferença sazonal,9,72,2,63,5,58,-4.446428256116081,-4.106248140815838
Pré-pandemia (até jan/2020),Grupo | Hidrológico,Grupo,Hidrológico,Robustez: diferença sazonal,9,72,3,63,7,56,-4.5292971125088055,-4.053044951088465
Pré-pandemia (até jan/2020),Grupo | Hidrológico,Grupo,Hidrológico,Robustez: diferença sazonal,9,72,4,63,9,54,-4.474250013254802,-3.861925805714364
Pré-pandemia (até jan/2020),Grupo | Hidrológico,Grupo,Hidrológico,Robustez: diferença sazonal,9,72,5,63,11,52,-4.46890063931788,-3.720504385657345
Pré-pandemia (até jan/2020),Grupo | Hidrológico,Grupo,Hidrológico,Robustez: diferença sazonal,9,72,6,63,13,50,-4.43756531494554,-3.5530970151649073
Pré-pandemia (até jan/2020),Grupo | Hidrológico,Grupo,Hidrológico,Robustez: diferença sazonal,9,72,7,63,15,48,-4.393512240126952,-3.3729718942262226
Pré-pandemia (até jan/2020),Grupo | Hidrológico,Grupo,Hidrológico,Robustez: diferença sazonal,9,72,8,63,17,46,-4.284091081694261,-3.127478689673434
Pré-pandemia (até jan/2020),Grupo | Hidrológico,Grupo,Hidrológico,Robustez: diferença sazonal,9,72,9,63,19,44,-4.24604787676622,-2.953363438625296
Pré-pandemia (até jan/2020),Grupo | Meteorológico,Grupo,Meteorológico,Principal: 11 dummies,6,84,0,78,12,66,-5.136636628150782,-4.411495450707831
Pré-pandemia (até jan/2020),Grupo | Meteorológico,Grupo,Meteorológico,Principal: 11 dummies,6,84,1,78,14,64,-5.662476346584559,-4.816478306234449
Pré-pandemia (até jan/2020),Grupo | Meteorológico,Grupo,Meteorológico,Principal: 11 dummies,6,84,2,78,16,62,-5.706910392212586,-4.740055488955317
Pré-pandemia (até jan/2020),Grupo | Meteorológico,Grupo,Meteorológico,Principal: 11 dummies,6,84,3,78,18,60,-5.791926334020398,-4.7042145678559715
Pré-pandemia (até jan/2020),Grupo | Meteorológico,Grupo,Meteorológico,Principal: 11 dummies,6,84,4,78,20,58,-5.787909301234573,-4.579340672162988
Pré-pandemia (até jan/2020),Grupo | Meteorológico,Grupo,Meteorológico,Principal: 11 dummies,6,84,5,78,22,56,-5.783112642143406,-4.4536871501646615
Pré-pandemia (até jan/2020),Grupo | Meteorológico,Grupo,Meteorológico,Principal: 11 dummies,6,84,6,78,24,54,-5.967378951475094,-4.517096596589192
Pré-pandemia (até jan/2020),Grupo | Meteorológico,Grupo,Meteorológico,Comparação: sem dummies,11,84,0,73,1,72,-4.623554287128907,-4.5608019736727865
Pré-pandemia (até jan/2020),Grupo | Meteorológico,Grupo,Meteorológico,Comparação: sem dummies,11,84,1,73,3,70,-4.8280471985894176,-4.639790258221057
Pré-pandemia (até jan/2020),Grupo | Meteorológico,Grupo,Meteorológico,Comparação: sem dummies,11,84,2,73,5,68,-4.790102199792229,-4.4763406325116275
Pré-pandemia (até jan/2020),Grupo | Meteorológico,Grupo,Meteorológico,Comparação: sem dummies,11,84,3,73,7,66,-4.857231420672738,-4.417965226479896
Pré-pandemia (até jan/2020),Grupo | Meteorológico,Grupo,Meteorológico,Comparação: sem dummies,11,84,4,73,9,64,-4.859386234532541,-4.294615413427458
Pré-pandemia (até jan/2020),Grupo | Meteorológico,Grupo,Meteorológico,Comparação: sem dummies,11,84,5,73,11,62,-4.92549355869684,-4.235218110679517
Pré-pandemia (até jan/2020),Grupo | Meteorológico,Grupo,Meteorológico,Comparação: sem dummies,11,84,6,73,13,60,-5.483696993495784,-4.66791691856622
Pré-pandemia (até jan/2020),Grupo | Meteorológico,Grupo,Meteorológico,Comparação: sem dummies,11,84,7,73,15,58,-5.530691119174046,-4.589406417332241
Pré-pandemia (até jan/2020),Grupo | Meteorológico,Grupo,Meteorológico,Comparação: sem dummies,11,84,8,73,17,56,-5.51375194546381,-4.446962616709765
Pré-pandemia (até jan/2020),Grupo | Meteorológico,Grupo,Meteorológico,Comparação: sem dummies,11,84,9,73,19,54,-5.4932024022388815,-4.3009084465725955
Pré-pandemia (até jan/2020),Grupo | Meteorológico,Grupo,Meteorológico,Comparação: sem dummies,11,84,10,73,21,52,-5.548881764746292,-4.231083182167765
Pré-pandemia (até jan/2020),Grupo | Meteorológico,Grupo,Meteorológico,Comparação: sem dummies,11,84,11,73,23,50,-5.643456793900242,-4.200153584409475
Pré-pandemia (até jan/2020),Grupo | Meteorológico,Grupo,Meteorológico,Robustez: diferença sazonal,9,72,0,63,1,62,-4.350794616202438,-4.282758593142389
Pré-pandemia (até jan/2020),Grupo | Meteorológico,Grupo,Meteorológico,Robustez: diferença sazonal,9,72,1,63,3,60,-4.649934541662309,-4.445826472482163
Pré-pandemia (até jan/2020),Grupo | Meteorológico,Grupo,Meteorológico,Robustez: diferença sazonal,9,72,2,63,5,58,-4.6480909853754095,-4.307910870075166
Pré-pandemia (até jan/2020),Grupo | Meteorológico,Grupo,Meteorológico,Robustez: diferença sazonal,9,72,3,63,7,56,-4.7101083469491485,-4.233856185528808
Pré-pandemia (até jan/2020),Grupo | Meteorológico,Grupo,Meteorológico,Robustez: diferença sazonal,9,72,4,63,9,54,-4.735825037946581,-4.123500830406143
Pré-pandemia (até jan/2020),Grupo | Meteorológico,Grupo,Meteorológico,Robustez: diferença sazonal,9,72,5,63,11,52,-4.835325137742349,-4.086928884081814
Pré-pandemia (até jan/2020),Grupo | Meteorológico,Grupo,Meteorológico,Robustez: diferença sazonal,9,72,6,63,13,50,-5.143503892572366,-4.259035592791733
Pré-pandemia (até jan/2020),Grupo | Meteorológico,Grupo,Meteorológico,Robustez: diferença sazonal,9,72,7,63,15,48,-5.075851310997474,-4.055310965096744
Pré-pandemia (até jan/2020),Grupo | Meteorológico,Grupo,Meteorológico,Robustez: diferença sazonal,9,72,8,63,17,46,-5.0145905142449125,-3.857978122224085
Pré-pandemia (até jan/2020),Grupo | Meteorológico,Grupo,Meteorológico,Robustez: diferença sazonal,9,72,9,63,19,44,-4.947551696033648,-3.654867257892724
Pré-pandemia (até jan/2020),Grupo | Outros,Grupo,Outros,Principal: 11 dummies,6,84,0,78,12,66,-5.296661421249016,-4.571520243806065
Pré-pandemia (até jan/2020),Grupo | Outros,Grupo,Outros,Principal: 11 dummies,6,84,1,78,14,64,-5.508300614924299,-4.6623025745741895
Pré-pandemia (até jan/2020),Grupo | Outros,Grupo,Outros,Principal: 11 dummies,6,84,2,78,16,62,-5.482898631216986,-4.516043727959717
Pré-pandemia (até jan/2020),Grupo | Outros,Grupo,Outros,Principal: 11 dummies,6,84,3,78,18,60,-5.675811017846879,-4.588099251682452
Pré-pandemia (até jan/2020),Grupo | Outros,Grupo,Outros,Principal: 11 dummies,6,84,4,78,20,58,-5.842824104271343,-4.634255475199757
Pré-pandemia (até jan/2020),Grupo | Outros,Grupo,Outros,Principal: 11 dummies,6,84,5,78,22,56,-5.834953438264311,-4.505527946285566
Pré-pandemia (até jan/2020),Grupo | Outros,Grupo,Outros,Principal: 11 dummies,6,84,6,78,24,54,-5.8072857589145475,-4.357003404028645
Pré-pandemia (até jan/2020),Grupo | Outros,Grupo,Outros,Comparação: sem dummies,11,84,0,73,1,72,-4.949881992232985,-4.887129678776865
Pré-pandemia (até jan/2020),Grupo | Outros,Grupo,Outros,Comparação: sem dummies,11,84,1,73,3,70,-5.128562716369679,-4.940305776001318
Pré-pandemia (até jan/2020),Grupo | Outros,Grupo,Outros,Comparação: sem dummies,11,84,2,73,5,68,-5.051380443281322,-4.73761887600072
Pré-pandemia (até jan/2020),Grupo | Outros,Grupo,Outros,Comparação: sem dummies,11,84,3,73,7,66,-5.114775667303982,-4.6755094731111395
Pré-pandemia (até jan/2020),Grupo | Outros,Grupo,Outros,Comparação: sem dummies,11,84,4,73,9,64,-5.28770466030973,-4.722933839204647
Pré-pandemia (até jan/2020),Grupo | Outros,Grupo,Outros,Comparação: sem dummies,11,84,5,73,11,62,-5.287887572754953,-4.59761212473763
Pré-pandemia (até jan/2020),Grupo | Outros,Grupo,Outros,Comparação: sem dummies,11,84,6,73,13,60,-5.485296337452244,-4.66951626252268
Pré-pandemia (até jan/2020),Grupo | Outros,Grupo,Outros,Comparação: sem dummies,11,84,7,73,15,58,-5.489913608845632,-4.5486289070038275
Pré-pandemia (até jan/2020),Grupo | Outros,Grupo,Outros,Comparação: sem dummies,11,84,8,73,17,56,-5.453695464782078,-4.386906136028033
Pré-pandemia (até jan/2020),Grupo | Outros,Grupo,Outros,Comparação: sem dummies,11,84,9,73,19,54,-5.470135977195945,-4.277842021529659
Pré-pandemia (até jan/2020),Grupo | Outros,Grupo,Outros,Comparação: sem dummies,11,84,10,73,21,52,-5.438256771949288,-4.120458189370762
Pré-pandemia (até jan/2020),Grupo | Outros,Grupo,Outros,Comparação: sem dummies,11,84,11,73,23,50,-5.51227312334232,-4.068969913851553
Pré-pandemia (até jan/2020),Grupo | Outros,Grupo,Outros,Robustez: diferença sazonal,9,72,0,63,1,62,-4.530056899967929,-4.4620208769078795
Pré-pandemia (até jan/2020),Grupo | Outros,Grupo,Outros,Robustez: diferença sazonal,9,72,1,63,3,60,-4.6936329130182175,-4.489524843838072
Pré-pandemia (até jan/2020),Grupo | Outros,Grupo,Outros,Robustez: diferença sazonal,9,72,2,63,5,58,-4.6200045016725335,-4.27982438637229
Pré-pandemia (até jan/2020),Grupo | Outros,Grupo,Outros,Robustez: diferença sazonal,9,72,3,63,7,56,-4.753374085619248,-4.277121924198907
Pré-pandemia (até jan/2020),Grupo | Outros,Grupo,Outros,Robustez: diferença sazonal,9,72,4,63,9,54,-4.90826199680548,-4.295937789265042
Pré-pandemia (até jan/2020),Grupo | Outros,Grupo,Outros,Robustez: diferença sazonal,9,72,5,63,11,52,-4.892326083061193,-4.143929829400658
Pré-pandemia (até jan/2020),Grupo | Outros,Grupo,Outros,Robustez: diferença sazonal,9,72,6,63,13,50,-4.794634392015495,-3.9101660922348622
Pré-pandemia (até jan/2020),Grupo | Outros,Grupo,Outros,Robustez: diferença sazonal,9,72,7,63,15,48,-4.701195342938691,-3.680654997037961
Pré-pandemia (até jan/2020),Grupo | Outros,Grupo,Outros,Robustez: diferença sazonal,9,72,8,63,17,46,-4.6992301846013405,-3.542617792580513
Pré-pandemia (até jan/2020),Grupo | Outros,Grupo,Outros,Robustez: diferença sazonal,9,72,9,63,19,44,-4.702224647288674,-3.40954020914775
Pré-pandemia (até jan/2020),Tipologia | Alagamentos,Tipologia,Alagamentos,Principal: 11 dummies,6,84,0,78,12,66,-5.798596280057053,-5.073455102614101
Pré-pandemia (até jan/2020),Tipologia | Alagamentos,Tipologia,Alagamentos,Principal: 11 dummies,6,84,1,78,14,64,-5.849466862447755,-5.003468822097645
Pré-pandemia (até jan/2020),Tipologia | Alagamentos,Tipologia,Alagamentos,Principal: 11 dummies,6,84,2,78,16,62,-5.917463616035792,-4.950608712778523
Pré-pandemia (até jan/2020),Tipologia | Alagamentos,Tipologia,Alagamentos,Principal: 11 dummies,6,84,3,78,18,60,-5.990318513936606,-4.90260674777218
Pré-pandemia (até jan/2020),Tipologia | Alagamentos,Tipologia,Alagamentos,Principal: 11 dummies,6,84,4,78,20,58,-5.967146136561099,-4.758577507489513
Pré-pandemia (até jan/2020),Tipologia | Alagamentos,Tipologia,Alagamentos,Principal: 11 dummies,6,84,5,78,22,56,-6.039203815516517,-4.7097783235377735
Pré-pandemia (até jan/2020),Tipologia | Alagamentos,Tipologia,Alagamentos,Principal: 11 dummies,6,84,6,78,24,54,-6.073040345727562,-4.622757990841659
Pré-pandemia (até jan/2020),Tipologia | Alagamentos,Tipologia,Alagamentos,Comparação: sem dummies,11,84,0,73,1,72,-5.280035588954416,-5.217283275498295
Pré-pandemia (até jan/2020),Tipologia | Alagamentos,Tipologia,Alagamentos,Comparação: sem dummies,11,84,1,73,3,70,-5.2242131990365115,-5.0359562586681506
Pré-pandemia (até jan/2020),Tipologia | Alagamentos,Tipologia,Alagamentos,Comparação: sem dummies,11,84,2,73,5,68,-5.143221841818659,-4.829460274538057
Pré-pandemia (até jan/2020),Tipologia | Alagamentos,Tipologia,Alagamentos,Comparação: sem dummies,11,84,3,73,7,66,-5.216078849428237,-4.7768126552353944
Pré-pandemia (até jan/2020),Tipologia | Alagamentos,Tipologia,Alagamentos,Comparação: sem dummies,11,84,4,73,9,64,-5.270072763436069,-4.705301942330986
Pré-pandemia (até jan/2020),Tipologia | Alagamentos,Tipologia,Alagamentos,Comparação: sem dummies,11,84,5,73,11,62,-5.354107626424901,-4.663832178407578
Pré-pandemia (até jan/2020),Tipologia | Alagamentos,Tipologia,Alagamentos,Comparação: sem dummies,11,84,6,73,13,60,-5.76361861689493,-4.947838541965366
Pré-pandemia (até jan/2020),Tipologia | Alagamentos,Tipologia,Alagamentos,Comparação: sem dummies,11,84,7,73,15,58,-5.674539614210753,-4.733254912368948
Pré-pandemia (até jan/2020),Tipologia | Alagamentos,Tipologia,Alagamentos,Comparação: sem dummies,11,84,8,73,17,56,-5.677154054647929,-4.610364725893884
Pré-pandemia (até jan/2020),Tipologia | Alagamentos,Tipologia,Alagamentos,Comparação: sem dummies,11,84,9,73,19,54,-5.688751909376048,-4.496457953709762
Pré-pandemia (até jan/2020),Tipologia | Alagamentos,Tipologia,Alagamentos,Comparação: sem dummies,11,84,10,73,21,52,-5.620302743073905,-4.3025041604953795
Pré-pandemia (até jan/2020),Tipologia | Alagamentos,Tipologia,Alagamentos,Comparação: sem dummies,11,84,11,73,23,50,-5.637416262540459,-4.1941130530496915
Pré-pandemia (até jan/2020),Tipologia | Alagamentos,Tipologia,Alagamentos,Robustez: diferença sazonal,9,72,0,63,1,62,-4.6729888125243395,-4.60495278946429
Pré-pandemia (até jan/2020),Tipologia | Alagamentos,Tipologia,Alagamentos,Robustez: diferença sazonal,9,72,1,63,3,60,-4.7934269389736,-4.589318869793455
Pré-pandemia (até jan/2020),Tipologia | Alagamentos,Tipologia,Alagamentos,Robustez: diferença sazonal,9,72,2,63,5,58,-4.962827292841249,-4.622647177541006
Pré-pandemia (até jan/2020),Tipologia | Alagamentos,Tipologia,Alagamentos,Robustez: diferença sazonal,9,72,3,63,7,56,-4.989070729699051,-4.5128185682787105
Pré-pandemia (até jan/2020),Tipologia | Alagamentos,Tipologia,Alagamentos,Robustez: diferença sazonal,9,72,4,63,9,54,-4.935174883424273,-4.322850675883835
Pré-pandemia (até jan/2020),Tipologia | Alagamentos,Tipologia,Alagamentos,Robustez: diferença sazonal,9,72,5,63,11,52,-5.05103948712755,-4.302643233467015
Pré-pandemia (até jan/2020),Tipologia | Alagamentos,Tipologia,Alagamentos,Robustez: diferença sazonal,9,72,6,63,13,50,-5.084092980424177,-4.199624680643543
Pré-pandemia (até jan/2020),Tipologia | Alagamentos,Tipologia,Alagamentos,Robustez: diferença sazonal,9,72,7,63,15,48,-5.038960178251552,-4.018419832350822
Pré-pandemia (até jan/2020),Tipologia | Alagamentos,Tipologia,Alagamentos,Robustez: diferença sazonal,9,72,8,63,17,46,-5.070193385064584,-3.913580993043757
Pré-pandemia (até jan/2020),Tipologia | Alagamentos,Tipologia,Alagamentos,Robustez: diferença sazonal,9,72,9,63,19,44,-4.959203941182369,-3.6665195030414446
Pré-pandemia (até jan/2020),Tipologia | Chuvas Intensas,Tipologia,Chuvas Intensas,Principal: 11 dummies,6,84,0,78,12,66,-5.1037330319656675,-4.378591854522716
Pré-pandemia (até jan/2020),Tipologia | Chuvas Intensas,Tipologia,Chuvas Intensas,Principal: 11 dummies,6,84,1,78,14,64,-5.229664667390647,-4.3836666270405376
Pré-pandemia (até jan/2020),Tipologia | Chuvas Intensas,Tipologia,Chuvas Intensas,Principal: 11 dummies,6,84,2,78,16,62,-5.266694249596522,-4.299839346339254
Pré-pandemia (até jan/2020),Tipologia | Chuvas Intensas,Tipologia,Chuvas Intensas,Principal: 11 dummies,6,84,3,78,18,60,-5.362000038403181,-4.2742882722387545
Pré-pandemia (até jan/2020),Tipologia | Chuvas Intensas,Tipologia,Chuvas Intensas,Principal: 11 dummies,6,84,4,78,20,58,-5.307328649223258,-4.098760020151673
Pré-pandemia (até jan/2020),Tipologia | Chuvas Intensas,Tipologia,Chuvas Intensas,Principal: 11 dummies,6,84,5,78,22,56,-5.267342259152667,-3.937916767173922
Pré-pandemia (até jan/2020),Tipologia | Chuvas Intensas,Tipologia,Chuvas Intensas,Principal: 11 dummies,6,84,6,78,24,54,-5.281580137900047,-3.8312977830141444
Pré-pandemia (até jan/2020),Tipologia | Chuvas Intensas,Tipologia,Chuvas Intensas,Comparação: sem dummies,11,84,0,73,1,72,-4.602888810020239,-4.540136496564119
Pré-pandemia (até jan/2020),Tipologia | Chuvas Intensas,Tipologia,Chuvas Intensas,Comparação: sem dummies,11,84,1,73,3,70,-4.577575926122627,-4.389318985754266
Pré-pandemia (até jan/2020),Tipologia | Chuvas Intensas,Tipologia,Chuvas Intensas,Comparação: sem dummies,11,84,2,73,5,68,-4.5399409150391925,-4.226179347758591
Pré-pandemia (até jan/2020),Tipologia | Chuvas Intensas,Tipologia,Chuvas Intensas,Comparação: sem dummies,11,84,3,73,7,66,-4.567356944885562,-4.12809075069272
Pré-pandemia (até jan/2020),Tipologia | Chuvas Intensas,Tipologia,Chuvas Intensas,Comparação: sem dummies,11,84,4,73,9,64,-4.6591290675026205,-4.094358246397538
Pré-pandemia (até jan/2020),Tipologia | Chuvas Intensas,Tipologia,Chuvas Intensas,Comparação: sem dummies,11,84,5,73,11,62,-4.699852982739268,-4.009577534721944
Pré-pandemia (até jan/2020),Tipologia | Chuvas Intensas,Tipologia,Chuvas Intensas,Comparação: sem dummies,11,84,6,73,13,60,-5.077816995737819,-4.262036920808255
Pré-pandemia (até jan/2020),Tipologia | Chuvas Intensas,Tipologia,Chuvas Intensas,Comparação: sem dummies,11,84,7,73,15,58,-5.001653008740292,-4.0603683068984875
Pré-pandemia (até jan/2020),Tipologia | Chuvas Intensas,Tipologia,Chuvas Intensas,Comparação: sem dummies,11,84,8,73,17,56,-4.990270827022234,-3.9234814982681887
Pré-pandemia (até jan/2020),Tipologia | Chuvas Intensas,Tipologia,Chuvas Intensas,Comparação: sem dummies,11,84,9,73,19,54,-4.952471247608985,-3.760177291942699
Pré-pandemia (até jan/2020),Tipologia | Chuvas Intensas,Tipologia,Chuvas Intensas,Comparação: sem dummies,11,84,10,73,21,52,-4.948890569471062,-3.6310919868925358
Pré-pandemia (até jan/2020),Tipologia | Chuvas Intensas,Tipologia,Chuvas Intensas,Comparação: sem dummies,11,84,11,73,23,50,-4.936600795354465,-3.493297585863698
Pré-pandemia (até jan/2020),Tipologia | Chuvas Intensas,Tipologia,Chuvas Intensas,Robustez: diferença sazonal,9,72,0,63,1,62,-4.192783598398178,-4.124747575338128
Pré-pandemia (até jan/2020),Tipologia | Chuvas Intensas,Tipologia,Chuvas Intensas,Robustez: diferença sazonal,9,72,1,63,3,60,-4.320896579527548,-4.116788510347402
Pré-pandemia (até jan/2020),Tipologia | Chuvas Intensas,Tipologia,Chuvas Intensas,Robustez: diferença sazonal,9,72,2,63,5,58,-4.306484782488163,-3.96630466718792
Pré-pandemia (até jan/2020),Tipologia | Chuvas Intensas,Tipologia,Chuvas Intensas,Robustez: diferença sazonal,9,72,3,63,7,56,-4.357704593520439,-3.8814524321000987
Pré-pandemia (até jan/2020),Tipologia | Chuvas Intensas,Tipologia,Chuvas Intensas,Robustez: diferença sazonal,9,72,4,63,9,54,-4.3288298593567704,-3.716505651816332
Pré-pandemia (até jan/2020),Tipologia | Chuvas Intensas,Tipologia,Chuvas Intensas,Robustez: diferença sazonal,9,72,5,63,11,52,-4.23076905605857,-3.482372802398035
Pré-pandemia (até jan/2020),Tipologia | Chuvas Intensas,Tipologia,Chuvas Intensas,Robustez: diferença sazonal,9,72,6,63,13,50,-4.180872585337108,-3.296404285556475
Pré-pandemia (até jan/2020),Tipologia | Chuvas Intensas,Tipologia,Chuvas Intensas,Robustez: diferença sazonal,9,72,7,63,15,48,-4.113566675869979,-3.0930263299692493
Pré-pandemia (até jan/2020),Tipologia | Chuvas Intensas,Tipologia,Chuvas Intensas,Robustez: diferença sazonal,9,72,8,63,17,46,-4.034105852595699,-2.877493460574872
Pré-pandemia (até jan/2020),Tipologia | Chuvas Intensas,Tipologia,Chuvas Intensas,Robustez: diferença sazonal,9,72,9,63,19,44,-3.974366859219871,-2.6816824210789467
Pré-pandemia (até jan/2020),Tipologia | Doenças infecciosas,Tipologia,Doenças infecciosas,Principal: 11 dummies,6,84,0,78,12,66,-5.215554009294973,-4.490412831852021
Pré-pandemia (até jan/2020),Tipologia | Doenças infecciosas,Tipologia,Doenças infecciosas,Principal: 11 dummies,6,84,1,78,14,64,-5.269151882659716,-4.423153842309606
Pré-pandemia (até jan/2020),Tipologia | Doenças infecciosas,Tipologia,Doenças infecciosas,Principal: 11 dummies,6,84,2,78,16,62,-5.3513406794637115,-4.384485776206443
Pré-pandemia (até jan/2020),Tipologia | Doenças infecciosas,Tipologia,Doenças infecciosas,Principal: 11 dummies,6,84,3,78,18,60,-5.525075043145067,-4.437363276980641
Pré-pandemia (até jan/2020),Tipologia | Doenças infecciosas,Tipologia,Doenças infecciosas,Principal: 11 dummies,6,84,4,78,20,58,-5.480498938297762,-4.2719303092261764
Pré-pandemia (até jan/2020),Tipologia | Doenças infecciosas,Tipologia,Doenças infecciosas,Principal: 11 dummies,6,84,5,78,22,56,-5.554512823842334,-4.22508733186359
Pré-pandemia (até jan/2020),Tipologia | Doenças infecciosas,Tipologia,Doenças infecciosas,Principal: 11 dummies,6,84,6,78,24,54,-5.571122534904496,-4.120840180018593
Pré-pandemia (até jan/2020),Tipologia | Doenças infecciosas,Tipologia,Doenças infecciosas,Comparação: sem dummies,11,84,0,73,1,72,-4.7257606198819815,-4.663008306425861
Pré-pandemia (até jan/2020),Tipologia | Doenças infecciosas,Tipologia,Doenças infecciosas,Comparação: sem dummies,11,84,1,73,3,70,-4.810164427172467,-4.621907486804106
Pré-pandemia (até jan/2020),Tipologia | Doenças infecciosas,Tipologia,Doenças infecciosas,Comparação: sem dummies,11,84,2,73,5,68,-4.769972685987209,-4.456211118706608
Pré-pandemia (até jan/2020),Tipologia | Doenças infecciosas,Tipologia,Doenças infecciosas,Comparação: sem dummies,11,84,3,73,7,66,-4.892645353366007,-4.453379159173164
Pré-pandemia (até jan/2020),Tipologia | Doenças infecciosas,Tipologia,Doenças infecciosas,Comparação: sem dummies,11,84,4,73,9,64,-4.922553768118477,-4.357782947013394
Pré-pandemia (até jan/2020),Tipologia | Doenças infecciosas,Tipologia,Doenças infecciosas,Comparação: sem dummies,11,84,5,73,11,62,-4.898779189979007,-4.2085037419616835
Pré-pandemia (até jan/2020),Tipologia | Doenças infecciosas,Tipologia,Doenças infecciosas,Comparação: sem dummies,11,84,6,73,13,60,-5.145146092261478,-4.329366017331914
Pré-pandemia (até jan/2020),Tipologia | Doenças infecciosas,Tipologia,Doenças infecciosas,Comparação: sem dummies,11,84,7,73,15,58,-5.18664850629684,-4.245363804455035
Pré-pandemia (até jan/2020),Tipologia | Doenças infecciosas,Tipologia,Doenças infecciosas,Comparação: sem dummies,11,84,8,73,17,56,-5.147589723010499,-4.080800394256455
Pré-pandemia (até jan/2020),Tipologia | Doenças infecciosas,Tipologia,Doenças infecciosas,Comparação: sem dummies,11,84,9,73,19,54,-5.124479359982355,-3.932185404316069
Pré-pandemia (até jan/2020),Tipologia | Doenças infecciosas,Tipologia,Doenças infecciosas,Comparação: sem dummies,11,84,10,73,21,52,-5.157643466796005,-3.8398448842174786
Pré-pandemia (até jan/2020),Tipologia | Doenças infecciosas,Tipologia,Doenças infecciosas,Comparação: sem dummies,11,84,11,73,23,50,-5.478732028038475,-4.035428818547707
Pré-pandemia (até jan/2020),Tipologia | Doenças infecciosas,Tipologia,Doenças infecciosas,Robustez: diferença sazonal,9,72,0,63,1,62,-4.4671981393722024,-4.399162116312153
Pré-pandemia (até jan/2020),Tipologia | Doenças infecciosas,Tipologia,Doenças infecciosas,Robustez: diferença sazonal,9,72,1,63,3,60,-4.512869088789211,-4.308761019609065
Pré-pandemia (até jan/2020),Tipologia | Doenças infecciosas,Tipologia,Doenças infecciosas,Robustez: diferença sazonal,9,72,2,63,5,58,-4.506359593764302,-4.166179478464059
Pré-pandemia (até jan/2020),Tipologia | Doenças infecciosas,Tipologia,Doenças infecciosas,Robustez: diferença sazonal,9,72,3,63,7,56,-4.6924235371652525,-4.216171375744912
Pré-pandemia (até jan/2020),Tipologia | Doenças infecciosas,Tipologia,Doenças infecciosas,Robustez: diferença sazonal,9,72,4,63,9,54,-4.6056209640875325,-3.9932967565470943
Pré-pandemia (até jan/2020),Tipologia | Doenças infecciosas,Tipologia,Doenças infecciosas,Robustez: diferença sazonal,9,72,5,63,11,52,-4.715256000310586,-3.9668597466500515
Pré-pandemia (até jan/2020),Tipologia | Doenças infecciosas,Tipologia,Doenças infecciosas,Robustez: diferença sazonal,9,72,6,63,13,50,-4.659308978505124,-3.7748406787244915
Pré-pandemia (até jan/2020),Tipologia | Doenças infecciosas,Tipologia,Doenças infecciosas,Robustez: diferença sazonal,9,72,7,63,15,48,-4.616969681526834,-3.5964293356261043
Pré-pandemia (até jan/2020),Tipologia | Doenças infecciosas,Tipologia,Doenças infecciosas,Robustez: diferença sazonal,9,72,8,63,17,46,-4.548405172957478,-3.391792780936651
Pré-pandemia (até jan/2020),Tipologia | Doenças infecciosas,Tipologia,Doenças infecciosas,Robustez: diferença sazonal,9,72,9,63,19,44,-4.567767373393663,-3.275082935252738
Pré-pandemia (até jan/2020),Tipologia | Enxurradas,Tipologia,Enxurradas,Principal: 11 dummies,6,84,0,78,12,66,-5.011485112161532,-4.28634393471858
Pré-pandemia (até jan/2020),Tipologia | Enxurradas,Tipologia,Enxurradas,Principal: 11 dummies,6,84,1,78,14,64,-5.003918253704497,-4.157920213354387
Pré-pandemia (até jan/2020),Tipologia | Enxurradas,Tipologia,Enxurradas,Principal: 11 dummies,6,84,2,78,16,62,-5.064871737296564,-4.098016834039296
Pré-pandemia (até jan/2020),Tipologia | Enxurradas,Tipologia,Enxurradas,Principal: 11 dummies,6,84,3,78,18,60,-5.147659503578061,-4.059947737413634
Pré-pandemia (até jan/2020),Tipologia | Enxurradas,Tipologia,Enxurradas,Principal: 11 dummies,6,84,4,78,20,58,-5.176713966469805,-3.9681453373982194
Pré-pandemia (até jan/2020),Tipologia | Enxurradas,Tipologia,Enxurradas,Principal: 11 dummies,6,84,5,78,22,56,-5.175948562284287,-3.846523070305543
Pré-pandemia (até jan/2020),Tipologia | Enxurradas,Tipologia,Enxurradas,Principal: 11 dummies,6,84,6,78,24,54,-5.168486656383281,-3.7182043014973782
Pré-pandemia (até jan/2020),Tipologia | Enxurradas,Tipologia,Enxurradas,Comparação: sem dummies,11,84,0,73,1,72,-4.439399328458739,-4.376647015002619
Pré-pandemia (até jan/2020),Tipologia | Enxurradas,Tipologia,Enxurradas,Comparação: sem dummies,11,84,1,73,3,70,-4.4360829341626165,-4.2478259937942555
Pré-pandemia (até jan/2020),Tipologia | Enxurradas,Tipologia,Enxurradas,Comparação: sem dummies,11,84,2,73,5,68,-4.429951525736596,-4.116189958455994
Pré-pandemia (até jan/2020),Tipologia | Enxurradas,Tipologia,Enxurradas,Comparação: sem dummies,11,84,3,73,7,66,-4.472312272664098,-4.033046078471256
Pré-pandemia (até jan/2020),Tipologia | Enxurradas,Tipologia,Enxurradas,Comparação: sem dummies,11,84,4,73,9,64,-4.60903375629955,-4.0442629351944674
Pré-pandemia (até jan/2020),Tipologia | Enxurradas,Tipologia,Enxurradas,Comparação: sem dummies,11,84,5,73,11,62,-4.608118199118384,-3.9178427511010607
Pré-pandemia (até jan/2020),Tipologia | Enxurradas,Tipologia,Enxurradas,Comparação: sem dummies,11,84,6,73,13,60,-4.884709670593981,-4.068929595664417
Pré-pandemia (até jan/2020),Tipologia | Enxurradas,Tipologia,Enxurradas,Comparação: sem dummies,11,84,7,73,15,58,-4.794632841732988,-3.8533481398911835
Pré-pandemia (até jan/2020),Tipologia | Enxurradas,Tipologia,Enxurradas,Comparação: sem dummies,11,84,8,73,17,56,-4.742446755819302,-3.6756574270652576
Pré-pandemia (até jan/2020),Tipologia | Enxurradas,Tipologia,Enxurradas,Comparação: sem dummies,11,84,9,73,19,54,-4.744263742702435,-3.551969787036149
Pré-pandemia (até jan/2020),Tipologia | Enxurradas,Tipologia,Enxurradas,Comparação: sem dummies,11,84,10,73,21,52,-4.684357677028936,-3.3665590944504102
Pré-pandemia (até jan/2020),Tipologia | Enxurradas,Tipologia,Enxurradas,Comparação: sem dummies,11,84,11,73,23,50,-4.654183106851271,-3.2108798973605035
Pré-pandemia (até jan/2020),Tipologia | Enxurradas,Tipologia,Enxurradas,Robustez: diferença sazonal,9,72,0,63,1,62,-4.076990060742514,-4.008954037682464
Pré-pandemia (até jan/2020),Tipologia | Enxurradas,Tipologia,Enxurradas,Robustez: diferença sazonal,9,72,1,63,3,60,-4.161459287472048,-3.957351218291902
Pré-pandemia (até jan/2020),Tipologia | Enxurradas,Tipologia,Enxurradas,Robustez: diferença sazonal,9,72,2,63,5,58,-4.094927832703093,-3.75474771740285
Pré-pandemia (até jan/2020),Tipologia | Enxurradas,Tipologia,Enxurradas,Robustez: diferença sazonal,9,72,3,63,7,56,-4.166694412093584,-3.6904422506732435
Pré-pandemia (até jan/2020),Tipologia | Enxurradas,Tipologia,Enxurradas,Robustez: diferença sazonal,9,72,4,63,9,54,-4.210589909140195,-3.5982657015997566
Pré-pandemia (até jan/2020),Tipologia | Enxurradas,Tipologia,Enxurradas,Robustez: diferença sazonal,9,72,5,63,11,52,-4.219557207105925,-3.4711609534453904
Pré-pandemia (até jan/2020),Tipologia | Enxurradas,Tipologia,Enxurradas,Robustez: diferença sazonal,9,72,6,63,13,50,-4.186850262408094,-3.3023819626274613
Pré-pandemia (até jan/2020),Tipologia | Enxurradas,Tipologia,Enxurradas,Robustez: diferença sazonal,9,72,7,63,15,48,-4.135783444505618,-3.1152430986048882
Pré-pandemia (até jan/2020),Tipologia | Enxurradas,Tipologia,Enxurradas,Robustez: diferença sazonal,9,72,8,63,17,46,-4.042284218990507,-2.8856718269696797
Pré-pandemia (até jan/2020),Tipologia | Enxurradas,Tipologia,Enxurradas,Robustez: diferença sazonal,9,72,9,63,19,44,-4.0052384213843935,-2.712553983243469
Pré-pandemia (até jan/2020),Tipologia | Erosão,Tipologia,Erosão,Principal: 11 dummies,6,84,0,78,12,66,-5.448288832756102,-4.72314765531315
Pré-pandemia (até jan/2020),Tipologia | Erosão,Tipologia,Erosão,Principal: 11 dummies,6,84,1,78,14,64,-5.704664458925393,-4.858666418575283
Pré-pandemia (até jan/2020),Tipologia | Erosão,Tipologia,Erosão,Principal: 11 dummies,6,84,2,78,16,62,-5.962481582628548,-4.99562667937128
Pré-pandemia (até jan/2020),Tipologia | Erosão,Tipologia,Erosão,Principal: 11 dummies,6,84,3,78,18,60,-6.136920148968159,-5.049208382803732
Pré-pandemia (até jan/2020),Tipologia | Erosão,Tipologia,Erosão,Principal: 11 dummies,6,84,4,78,20,58,-6.128091346435681,-4.919522717364096
Pré-pandemia (até jan/2020),Tipologia | Erosão,Tipologia,Erosão,Principal: 11 dummies,6,84,5,78,22,56,-6.059573877075126,-4.730148385096381
Pré-pandemia (até jan/2020),Tipologia | Erosão,Tipologia,Erosão,Principal: 11 dummies,6,84,6,78,24,54,-6.072092839754322,-4.621810484868419
Pré-pandemia (até jan/2020),Tipologia | Erosão,Tipologia,Erosão,Comparação: sem dummies,11,84,0,73,1,72,-5.2129747685375545,-5.150222455081434
Pré-pandemia (até jan/2020),Tipologia | Erosão,Tipologia,Erosão,Comparação: sem dummies,11,84,1,73,3,70,-5.444311830768326,-5.256054890399965
Pré-pandemia (até jan/2020),Tipologia | Erosão,Tipologia,Erosão,Comparação: sem dummies,11,84,2,73,5,68,-5.578247476585753,-5.264485909305152
Pré-pandemia (até jan/2020),Tipologia | Erosão,Tipologia,Erosão,Comparação: sem dummies,11,84,3,73,7,66,-5.655041481632383,-5.21577528743954
Pré-pandemia (até jan/2020),Tipologia | Erosão,Tipologia,Erosão,Comparação: sem dummies,11,84,4,73,9,64,-5.576876773410842,-5.01210595230576
Pré-pandemia (até jan/2020),Tipologia | Erosão,Tipologia,Erosão,Comparação: sem dummies,11,84,5,73,11,62,-5.588834862911501,-4.898559414894177
Pré-pandemia (até jan/2020),Tipologia | Erosão,Tipologia,Erosão,Comparação: sem dummies,11,84,6,73,13,60,-5.838597622375423,-5.022817547445859
Pré-pandemia (até jan/2020),Tipologia | Erosão,Tipologia,Erosão,Comparação: sem dummies,11,84,7,73,15,58,-5.822060670260571,-4.880775968418766
Pré-pandemia (até jan/2020),Tipologia | Erosão,Tipologia,Erosão,Comparação: sem dummies,11,84,8,73,17,56,-5.798877484627216,-4.732088155873171
Pré-pandemia (até jan/2020),Tipologia | Erosão,Tipologia,Erosão,Comparação: sem dummies,11,84,9,73,19,54,-5.7484427333135155,-4.55614877764723
Pré-pandemia (até jan/2020),Tipologia | Erosão,Tipologia,Erosão,Comparação: sem dummies,11,84,10,73,21,52,-5.787474068579349,-4.469675486000822
Pré-pandemia (até jan/2020),Tipologia | Erosão,Tipologia,Erosão,Comparação: sem dummies,11,84,11,73,23,50,-5.694107010677997,-4.25080380118723
Pré-pandemia (até jan/2020),Tipologia | Erosão,Tipologia,Erosão,Robustez: diferença sazonal,9,72,0,63,1,62,-4.240485454310697,-4.172449431250648
Pré-pandemia (até jan/2020),Tipologia | Erosão,Tipologia,Erosão,Robustez: diferença sazonal,9,72,1,63,3,60,-4.50304391930941,-4.298935850129264
Pré-pandemia (até jan/2020),Tipologia | Erosão,Tipologia,Erosão,Robustez: diferença sazonal,9,72,2,63,5,58,-4.747109333156056,-4.406929217855812
Pré-pandemia (até jan/2020),Tipologia | Erosão,Tipologia,Erosão,Robustez: diferença sazonal,9,72,3,63,7,56,-4.861062396048909,-4.384810234628569
Pré-pandemia (até jan/2020),Tipologia | Erosão,Tipologia,Erosão,Robustez: diferença sazonal,9,72,4,63,9,54,-4.937684855110547,-4.3253606475701085
Pré-pandemia (até jan/2020),Tipologia | Erosão,Tipologia,Erosão,Robustez: diferença sazonal,9,72,5,63,11,52,-4.859496460222106,-4.111100206561571
Pré-pandemia (até jan/2020),Tipologia | Erosão,Tipologia,Erosão,Robustez: diferença sazonal,9,72,6,63,13,50,-4.852117504540949,-3.9676492047603165
Pré-pandemia (até jan/2020),Tipologia | Erosão,Tipologia,Erosão,Robustez: diferença sazonal,9,72,7,63,15,48,-4.811512302884704,-3.7909719569839746
Pré-pandemia (até jan/2020),Tipologia | Erosão,Tipologia,Erosão,Robustez: diferença sazonal,9,72,8,63,17,46,-4.820288602174251,-3.6636762101534233
Pré-pandemia (até jan/2020),Tipologia | Erosão,Tipologia,Erosão,Robustez: diferença sazonal,9,72,9,63,19,44,-4.758577405002484,-3.4658929668615595
Pré-pandemia (até jan/2020),Tipologia | Estiagem e Seca,Tipologia,Estiagem e Seca,Principal: 11 dummies,6,84,0,78,12,66,-4.84469898375297,-4.119557806310018
Pré-pandemia (até jan/2020),Tipologia | Estiagem e Seca,Tipologia,Estiagem e Seca,Principal: 11 dummies,6,84,1,78,14,64,-5.214744644243768,-4.368746603893658
Pré-pandemia (até jan/2020),Tipologia | Estiagem e Seca,Tipologia,Estiagem e Seca,Principal: 11 dummies,6,84,2,78,16,62,-5.3379389855483925,-4.371084082291124
Pré-pandemia (até jan/2020),Tipologia | Estiagem e Seca,Tipologia,Estiagem e Seca,Principal: 11 dummies,6,84,3,78,18,60,-5.403770030479485,-4.316058264315059
Pré-pandemia (até jan/2020),Tipologia | Estiagem e Seca,Tipologia,Estiagem e Seca,Principal: 11 dummies,6,84,4,78,20,58,-5.378970250094745,-4.170401621023159
Pré-pandemia (até jan/2020),Tipologia | Estiagem e Seca,Tipologia,Estiagem e Seca,Principal: 11 dummies,6,84,5,78,22,56,-5.435703035144375,-4.10627754316563
Pré-pandemia (até jan/2020),Tipologia | Estiagem e Seca,Tipologia,Estiagem e Seca,Principal: 11 dummies,6,84,6,78,24,54,-5.372091131812687,-3.9218087769267846
Pré-pandemia (até jan/2020),Tipologia | Estiagem e Seca,Tipologia,Estiagem e Seca,Comparação: sem dummies,11,84,0,73,1,72,-4.466791670989832,-4.404039357533712
Pré-pandemia (até jan/2020),Tipologia | Estiagem e Seca,Tipologia,Estiagem e Seca,Comparação: sem dummies,11,84,1,73,3,70,-4.812005877053331,-4.6237489366849704
Pré-pandemia (até jan/2020),Tipologia | Estiagem e Seca,Tipologia,Estiagem e Seca,Comparação: sem dummies,11,84,2,73,5,68,-4.8799576541937935,-4.566196086913192
Pré-pandemia (até jan/2020),Tipologia | Estiagem e Seca,Tipologia,Estiagem e Seca,Comparação: sem dummies,11,84,3,73,7,66,-5.020603564943877,-4.581337370751035
Pré-pandemia (até jan/2020),Tipologia | Estiagem e Seca,Tipologia,Estiagem e Seca,Comparação: sem dummies,11,84,4,73,9,64,-5.038137334413689,-4.473366513308606
Pré-pandemia (até jan/2020),Tipologia | Estiagem e Seca,Tipologia,Estiagem e Seca,Comparação: sem dummies,11,84,5,73,11,62,-5.083120920018444,-4.39284547200112
Pré-pandemia (até jan/2020),Tipologia | Estiagem e Seca,Tipologia,Estiagem e Seca,Comparação: sem dummies,11,84,6,73,13,60,-5.17787439350251,-4.362094318572946
Pré-pandemia (até jan/2020),Tipologia | Estiagem e Seca,Tipologia,Estiagem e Seca,Comparação: sem dummies,11,84,7,73,15,58,-5.196003173697478,-4.254718471855673
Pré-pandemia (até jan/2020),Tipologia | Estiagem e Seca,Tipologia,Estiagem e Seca,Comparação: sem dummies,11,84,8,73,17,56,-5.130066625050763,-4.063277296296718
Pré-pandemia (até jan/2020),Tipologia | Estiagem e Seca,Tipologia,Estiagem e Seca,Comparação: sem dummies,11,84,9,73,19,54,-5.083714076519973,-3.891420120853687
Pré-pandemia (até jan/2020),Tipologia | Estiagem e Seca,Tipologia,Estiagem e Seca,Comparação: sem dummies,11,84,10,73,21,52,-5.133721286726723,-3.8159227041481967
Pré-pandemia (até jan/2020),Tipologia | Estiagem e Seca,Tipologia,Estiagem e Seca,Comparação: sem dummies,11,84,11,73,23,50,-5.110063251687316,-3.6667600421965485
Pré-pandemia (até jan/2020),Tipologia | Estiagem e Seca,Tipologia,Estiagem e Seca,Robustez: diferença sazonal,9,72,0,63,1,62,-4.064078866317253,-3.996042843257204
Pré-pandemia (até jan/2020),Tipologia | Estiagem e Seca,Tipologia,Estiagem e Seca,Robustez: diferença sazonal,9,72,1,63,3,60,-4.259156570109504,-4.055048500929359
Pré-pandemia (até jan/2020),Tipologia | Estiagem e Seca,Tipologia,Estiagem e Seca,Robustez: diferença sazonal,9,72,2,63,5,58,-4.371797055886025,-4.031616940585781
Pré-pandemia (até jan/2020),Tipologia | Estiagem e Seca,Tipologia,Estiagem e Seca,Robustez: diferença sazonal,9,72,3,63,7,56,-4.419552139225327,-3.9432999778049864
Pré-pandemia (até jan/2020),Tipologia | Estiagem e Seca,Tipologia,Estiagem e Seca,Robustez: diferença sazonal,9,72,4,63,9,54,-4.48102576701363,-3.868701559473192
Pré-pandemia (até jan/2020),Tipologia | Estiagem e Seca,Tipologia,Estiagem e Seca,Robustez: diferença sazonal,9,72,5,63,11,52,-4.448039060527148,-3.6996428068666134
Pré-pandemia (até jan/2020),Tipologia | Estiagem e Seca,Tipologia,Estiagem e Seca,Robustez: diferença sazonal,9,72,6,63,13,50,-4.3369778736465925,-3.4525095738659597
Pré-pandemia (até jan/2020),Tipologia | Estiagem e Seca,Tipologia,Estiagem e Seca,Robustez: diferença sazonal,9,72,7,63,15,48,-4.338953327802791,-3.3184129819020614
Pré-pandemia (até jan/2020),Tipologia | Estiagem e Seca,Tipologia,Estiagem e Seca,Robustez: diferença sazonal,9,72,8,63,17,46,-4.261656834011372,-3.105044441990545
Pré-pandemia (até jan/2020),Tipologia | Estiagem e Seca,Tipologia,Estiagem e Seca,Robustez: diferença sazonal,9,72,9,63,19,44,-4.190105350418103,-2.897420912277179
Pré-pandemia (até jan/2020),Tipologia | Granizo,Tipologia,Granizo,Principal: 11 dummies,6,84,0,78,12,66,-4.7434765474306495,-4.018335369987699
Pré-pandemia (até jan/2020),Tipologia | Granizo,Tipologia,Granizo,Principal: 11 dummies,6,84,1,78,14,64,-4.966898676928693,-4.120900636578583
Pré-pandemia (até jan/2020),Tipologia | Granizo,Tipologia,Granizo,Principal: 11 dummies,6,84,2,78,16,62,-5.140098776924182,-4.173243873666913
Pré-pandemia (até jan/2020),Tipologia | Granizo,Tipologia,Granizo,Principal: 11 dummies,6,84,3,78,18,60,-5.273329023980064,-4.185617257815637
Pré-pandemia (até jan/2020),Tipologia | Granizo,Tipologia,Granizo,Principal: 11 dummies,6,84,4,78,20,58,-5.196877394712531,-3.9883087656409453
Pré-pandemia (até jan/2020),Tipologia | Granizo,Tipologia,Granizo,Principal: 11 dummies,6,84,5,78,22,56,-5.140982980267948,-3.8115574882892043
Pré-pandemia (até jan/2020),Tipologia | Granizo,Tipologia,Granizo,Principal: 11 dummies,6,84,6,78,24,54,-5.147552530717501,-3.6972701758315987
Pré-pandemia (até jan/2020),Tipologia | Granizo,Tipologia,Granizo,Comparação: sem dummies,11,84,0,73,1,72,-4.10158511641437,-4.038832802958249
Pré-pandemia (até jan/2020),Tipologia | Granizo,Tipologia,Granizo,Comparação: sem dummies,11,84,1,73,3,70,-4.285633994124662,-4.0973770537563015
Pré-pandemia (até jan/2020),Tipologia | Granizo,Tipologia,Granizo,Comparação: sem dummies,11,84,2,73,5,68,-4.252507186759774,-3.938745619479173
Pré-pandemia (até jan/2020),Tipologia | Granizo,Tipologia,Granizo,Comparação: sem dummies,11,84,3,73,7,66,-4.289717621360611,-3.8504514271677692
Pré-pandemia (até jan/2020),Tipologia | Granizo,Tipologia,Granizo,Comparação: sem dummies,11,84,4,73,9,64,-4.263370528631167,-3.6985997075260846
Pré-pandemia (até jan/2020),Tipologia | Granizo,Tipologia,Granizo,Comparação: sem dummies,11,84,5,73,11,62,-4.24448147914942,-3.5542060311320967
Pré-pandemia (até jan/2020),Tipologia | Granizo,Tipologia,Granizo,Comparação: sem dummies,11,84,6,73,13,60,-4.604218927193375,-3.788438852263811
Pré-pandemia (até jan/2020),Tipologia | Granizo,Tipologia,Granizo,Comparação: sem dummies,11,84,7,73,15,58,-4.538671460449283,-3.5973867586074784
Pré-pandemia (até jan/2020),Tipologia | Granizo,Tipologia,Granizo,Comparação: sem dummies,11,84,8,73,17,56,-4.556149248728582,-3.4893599199745373
Pré-pandemia (até jan/2020),Tipologia | Granizo,Tipologia,Granizo,Comparação: sem dummies,11,84,9,73,19,54,-4.599706998313824,-3.407413042647538
Pré-pandemia (até jan/2020),Tipologia | Granizo,Tipologia,Granizo,Comparação: sem dummies,11,84,10,73,21,52,-4.604170256962364,-3.286371674383838
Pré-pandemia (até jan/2020),Tipologia | Granizo,Tipologia,Granizo,Comparação: sem dummies,11,84,11,73,23,50,-4.819771137304063,-3.3764679278132954
Pré-pandemia (até jan/2020),Tipologia | Granizo,Tipologia,Granizo,Robustez: diferença sazonal,9,72,0,63,1,62,-3.874096609277732,-3.8060605862176833
Pré-pandemia (até jan/2020),Tipologia | Granizo,Tipologia,Granizo,Robustez: diferença sazonal,9,72,1,63,3,60,-4.058270916790583,-3.8541628476104375
Pré-pandemia (até jan/2020),Tipologia | Granizo,Tipologia,Granizo,Robustez: diferença sazonal,9,72,2,63,5,58,-4.248720168938897,-3.908540053638654
Pré-pandemia (até jan/2020),Tipologia | Granizo,Tipologia,Granizo,Robustez: diferença sazonal,9,72,3,63,7,56,-4.284733862472583,-3.808481701052243
Pré-pandemia (até jan/2020),Tipologia | Granizo,Tipologia,Granizo,Robustez: diferença sazonal,9,72,4,63,9,54,-4.213759012708542,-3.601434805168104
Pré-pandemia (até jan/2020),Tipologia | Granizo,Tipologia,Granizo,Robustez: diferença sazonal,9,72,5,63,11,52,-4.273504295264544,-3.5251080416040095
Pré-pandemia (até jan/2020),Tipologia | Granizo,Tipologia,Granizo,Robustez: diferença sazonal,9,72,6,63,13,50,-4.231443241277611,-3.346974941496978
Pré-pandemia (até jan/2020),Tipologia | Granizo,Tipologia,Granizo,Robustez: diferença sazonal,9,72,7,63,15,48,-4.164792498366832,-3.144252152466102
Pré-pandemia (até jan/2020),Tipologia | Granizo,Tipologia,Granizo,Robustez: diferença sazonal,9,72,8,63,17,46,-4.141075601155419,-2.9844632091345913
Pré-pandemia (até jan/2020),Tipologia | Granizo,Tipologia,Granizo,Robustez: diferença sazonal,9,72,9,63,19,44,-4.065820090561074,-2.7731356524201494
Pré-pandemia (até jan/2020),Tipologia | Incêndio Florestal,Tipologia,Incêndio Florestal,Principal: 11 dummies,6,84,0,78,12,66,-5.300244187827332,-4.57510301038438
Pré-pandemia (até jan/2020),Tipologia | Incêndio Florestal,Tipologia,Incêndio Florestal,Principal: 11 dummies,6,84,1,78,14,64,-5.295869083329781,-4.449871042979671
Pré-pandemia (até jan/2020),Tipologia | Incêndio Florestal,Tipologia,Incêndio Florestal,Principal: 11 dummies,6,84,2,78,16,62,-5.3989426440940775,-4.432087740836809
Pré-pandemia (até jan/2020),Tipologia | Incêndio Florestal,Tipologia,Incêndio Florestal,Principal: 11 dummies,6,84,3,78,18,60,-5.478322968288369,-4.390611202123942
Pré-pandemia (até jan/2020),Tipologia | Incêndio Florestal,Tipologia,Incêndio Florestal,Principal: 11 dummies,6,84,4,78,20,58,-5.4528535829494675,-4.244284953877882
Pré-pandemia (até jan/2020),Tipologia | Incêndio Florestal,Tipologia,Incêndio Florestal,Principal: 11 dummies,6,84,5,78,22,56,-5.408185154583432,-4.078759662604688
Pré-pandemia (até jan/2020),Tipologia | Incêndio Florestal,Tipologia,Incêndio Florestal,Principal: 11 dummies,6,84,6,78,24,54,-5.361527008041872,-3.9112446531559693
Pré-pandemia (até jan/2020),Tipologia | Incêndio Florestal,Tipologia,Incêndio Florestal,Comparação: sem dummies,11,84,0,73,1,72,-4.927463656560916,-4.864711343104796
Pré-pandemia (até jan/2020),Tipologia | Incêndio Florestal,Tipologia,Incêndio Florestal,Comparação: sem dummies,11,84,1,73,3,70,-4.876030672349004,-4.687773731980643
Pré-pandemia (até jan/2020),Tipologia | Incêndio Florestal,Tipologia,Incêndio Florestal,Comparação: sem dummies,11,84,2,73,5,68,-4.844367059109604,-4.530605491829003
Pré-pandemia (até jan/2020),Tipologia | Incêndio Florestal,Tipologia,Incêndio Florestal,Comparação: sem dummies,11,84,3,73,7,66,-4.864788620619207,-4.425522426426364
Pré-pandemia (até jan/2020),Tipologia | Incêndio Florestal,Tipologia,Incêndio Florestal,Comparação: sem dummies,11,84,4,73,9,64,-4.8636712122794865,-4.298900391174404
Pré-pandemia (até jan/2020),Tipologia | Incêndio Florestal,Tipologia,Incêndio Florestal,Comparação: sem dummies,11,84,5,73,11,62,-4.800475286266491,-4.110199838249168
Pré-pandemia (até jan/2020),Tipologia | Incêndio Florestal,Tipologia,Incêndio Florestal,Comparação: sem dummies,11,84,6,73,13,60,-5.029230267691446,-4.213450192761882
Pré-pandemia (até jan/2020),Tipologia | Incêndio Florestal,Tipologia,Incêndio Florestal,Comparação: sem dummies,11,84,7,73,15,58,-5.171366951930434,-4.230082250088629
Pré-pandemia (até jan/2020),Tipologia | Incêndio Florestal,Tipologia,Incêndio Florestal,Comparação: sem dummies,11,84,8,73,17,56,-5.151453335486674,-4.084664006732629
Pré-pandemia (até jan/2020),Tipologia | Incêndio Florestal,Tipologia,Incêndio Florestal,Comparação: sem dummies,11,84,9,73,19,54,-5.161343306901203,-3.9690493512349168
Pré-pandemia (até jan/2020),Tipologia | Incêndio Florestal,Tipologia,Incêndio Florestal,Comparação: sem dummies,11,84,10,73,21,52,-5.118888865990722,-3.801090283412196
Pré-pandemia (até jan/2020),Tipologia | Incêndio Florestal,Tipologia,Incêndio Florestal,Comparação: sem dummies,11,84,11,73,23,50,-5.058038216395424,-3.614735006904657
Pré-pandemia (até jan/2020),Tipologia | Incêndio Florestal,Tipologia,Incêndio Florestal,Robustez: diferença sazonal,9,72,0,63,1,62,-4.045453144383465,-3.9774171213234166
Pré-pandemia (até jan/2020),Tipologia | Incêndio Florestal,Tipologia,Incêndio Florestal,Robustez: diferença sazonal,9,72,1,63,3,60,-4.056378862214631,-3.852270793034485
Pré-pandemia (até jan/2020),Tipologia | Incêndio Florestal,Tipologia,Incêndio Florestal,Robustez: diferença sazonal,9,72,2,63,5,58,-4.156426170616892,-3.8162460553166486
Pré-pandemia (até jan/2020),Tipologia | Incêndio Florestal,Tipologia,Incêndio Florestal,Robustez: diferença sazonal,9,72,3,63,7,56,-4.236691748748779,-3.7604395873284386
Pré-pandemia (até jan/2020),Tipologia | Incêndio Florestal,Tipologia,Incêndio Florestal,Robustez: diferença sazonal,9,72,4,63,9,54,-4.220630989204518,-3.60830678166408
Pré-pandemia (até jan/2020),Tipologia | Incêndio Florestal,Tipologia,Incêndio Florestal,Robustez: diferença sazonal,9,72,5,63,11,52,-4.163587762382833,-3.415191508722298
Pré-pandemia (até jan/2020),Tipologia | Incêndio Florestal,Tipologia,Incêndio Florestal,Robustez: diferença sazonal,9,72,6,63,13,50,-4.0771327265997,-3.1926644268190674
Pré-pandemia (até jan/2020),Tipologia | Incêndio Florestal,Tipologia,Incêndio Florestal,Robustez: diferença sazonal,9,72,7,63,15,48,-4.1048326800405786,-3.0842923341398487
Pré-pandemia (até jan/2020),Tipologia | Incêndio Florestal,Tipologia,Incêndio Florestal,Robustez: diferença sazonal,9,72,8,63,17,46,-4.076695507688699,-2.9200831156678717
Pré-pandemia (até jan/2020),Tipologia | Incêndio Florestal,Tipologia,Incêndio Florestal,Robustez: diferença sazonal,9,72,9,63,19,44,-4.0146945601642114,-2.722010122023287
Pré-pandemia (até jan/2020),Tipologia | Inundações,Tipologia,Inundações,Principal: 11 dummies,6,84,0,78,12,66,-5.066920010478977,-4.3417788330360265
Pré-pandemia (até jan/2020),Tipologia | Inundações,Tipologia,Inundações,Principal: 11 dummies,6,84,1,78,14,64,-5.131950583454567,-4.285952543104457
Pré-pandemia (até jan/2020),Tipologia | Inundações,Tipologia,Inundações,Principal: 11 dummies,6,84,2,78,16,62,-5.133435464698705,-4.166580561441436
Pré-pandemia (até jan/2020),Tipologia | Inundações,Tipologia,Inundações,Principal: 11 dummies,6,84,3,78,18,60,-5.2183867718046475,-4.130675005640221
Pré-pandemia (até jan/2020),Tipologia | Inundações,Tipologia,Inundações,Principal: 11 dummies,6,84,4,78,20,58,-5.149942802239987,-3.941374173168401
Pré-pandemia (até jan/2020),Tipologia | Inundações,Tipologia,Inundações,Principal: 11 dummies,6,84,5,78,22,56,-5.208405623895118,-3.8789801319163733
Pré-pandemia (até jan/2020),Tipologia | Inundações,Tipologia,Inundações,Principal: 11 dummies,6,84,6,78,24,54,-5.286898235528952,-3.8366158806430493
Pré-pandemia (até jan/2020),Tipologia | Inundações,Tipologia,Inundações,Comparação: sem dummies,11,84,0,73,1,72,-4.711211743935513,-4.6484594304793925
Pré-pandemia (até jan/2020),Tipologia | Inundações,Tipologia,Inundações,Comparação: sem dummies,11,84,1,73,3,70,-4.6835996508428765,-4.495342710474516
Pré-pandemia (até jan/2020),Tipologia | Inundações,Tipologia,Inundações,Comparação: sem dummies,11,84,2,73,5,68,-4.625595461108491,-4.311833893827889
Pré-pandemia (até jan/2020),Tipologia | Inundações,Tipologia,Inundações,Comparação: sem dummies,11,84,3,73,7,66,-4.653444373341964,-4.214178179149122
Pré-pandemia (até jan/2020),Tipologia | Inundações,Tipologia,Inundações,Comparação: sem dummies,11,84,4,73,9,64,-4.678324304721111,-4.113553483616029
Pré-pandemia (até jan/2020),Tipologia | Inundações,Tipologia,Inundações,Comparação: sem dummies,11,84,5,73,11,62,-4.697325082875721,-4.007049634858397
Pré-pandemia (até jan/2020),Tipologia | Inundações,Tipologia,Inundações,Comparação: sem dummies,11,84,6,73,13,60,-5.119888732723156,-4.304108657793592
Pré-pandemia (até jan/2020),Tipologia | Inundações,Tipologia,Inundações,Comparação: sem dummies,11,84,7,73,15,58,-5.045801166661596,-4.104516464819791
Pré-pandemia (até jan/2020),Tipologia | Inundações,Tipologia,Inundações,Comparação: sem dummies,11,84,8,73,17,56,-4.976715613195235,-3.9099262844411897
Pré-pandemia (até jan/2020),Tipologia | Inundações,Tipologia,Inundações,Comparação: sem dummies,11,84,9,73,19,54,-4.9542509256542635,-3.7619569699879776
Pré-pandemia (até jan/2020),Tipologia | Inundações,Tipologia,Inundações,Comparação: sem dummies,11,84,10,73,21,52,-4.929327465395471,-3.611528882816945
Pré-pandemia (até jan/2020),Tipologia | Inundações,Tipologia,Inundações,Comparação: sem dummies,11,84,11,73,23,50,-4.930900837757123,-3.4875976282663554
Pré-pandemia (até jan/2020),Tipologia | Inundações,Tipologia,Inundações,Robustez: diferença sazonal,9,72,0,63,1,62,-4.256177075655162,-4.188141052595113
Pré-pandemia (até jan/2020),Tipologia | Inundações,Tipologia,Inundações,Robustez: diferença sazonal,9,72,1,63,3,60,-4.257629881965538,-4.053521812785392
Pré-pandemia (até jan/2020),Tipologia | Inundações,Tipologia,Inundações,Robustez: diferença sazonal,9,72,2,63,5,58,-4.178964277354102,-3.8387841620538588
Pré-pandemia (até jan/2020),Tipologia | Inundações,Tipologia,Inundações,Robustez: diferença sazonal,9,72,3,63,7,56,-4.2584798289214145,-3.782227667501074
Pré-pandemia (até jan/2020),Tipologia | Inundações,Tipologia,Inundações,Robustez: diferença sazonal,9,72,4,63,9,54,-4.2442234741671925,-3.631899266626754
Pré-pandemia (até jan/2020),Tipologia | Inundações,Tipologia,Inundações,Robustez: diferença sazonal,9,72,5,63,11,52,-4.429180957959342,-3.680784704298807
Pré-pandemia (até jan/2020),Tipologia | Inundações,Tipologia,Inundações,Robustez: diferença sazonal,9,72,6,63,13,50,-4.3696906011114125,-3.4852223013307797
Pré-pandemia (até jan/2020),Tipologia | Inundações,Tipologia,Inundações,Robustez: diferença sazonal,9,72,7,63,15,48,-4.291458019711869,-3.270917673811139
Pré-pandemia (até jan/2020),Tipologia | Inundações,Tipologia,Inundações,Robustez: diferença sazonal,9,72,8,63,17,46,-4.233778186795504,-3.077165794774677
Pré-pandemia (até jan/2020),Tipologia | Inundações,Tipologia,Inundações,Robustez: diferença sazonal,9,72,9,63,19,44,-4.174069995849341,-2.8813855577084166
Pré-pandemia (até jan/2020),Tipologia | Movimento de Massa,Tipologia,Movimento de Massa,Principal: 11 dummies,6,84,0,78,12,66,-5.150787599430206,-4.425646421987254
Pré-pandemia (até jan/2020),Tipologia | Movimento de Massa,Tipologia,Movimento de Massa,Principal: 11 dummies,6,84,1,78,14,64,-5.453522129552451,-4.607524089202341
Pré-pandemia (até jan/2020),Tipologia | Movimento de Massa,Tipologia,Movimento de Massa,Principal: 11 dummies,6,84,2,78,16,62,-5.656956578064492,-4.690101674807224
Pré-pandemia (até jan/2020),Tipologia | Movimento de Massa,Tipologia,Movimento de Massa,Principal: 11 dummies,6,84,3,78,18,60,-5.74050620464313,-4.652794438478703
Pré-pandemia (até jan/2020),Tipologia | Movimento de Massa,Tipologia,Movimento de Massa,Principal: 11 dummies,6,84,4,78,20,58,-5.741410050286642,-4.532841421215056
Pré-pandemia (até jan/2020),Tipologia | Movimento de Massa,Tipologia,Movimento de Massa,Principal: 11 dummies,6,84,5,78,22,56,-5.6695694558153455,-4.340143963836601
Pré-pandemia (até jan/2020),Tipologia | Movimento de Massa,Tipologia,Movimento de Massa,Principal: 11 dummies,6,84,6,78,24,54,-5.6051053025392,-4.154822947653297
Pré-pandemia (até jan/2020),Tipologia | Movimento de Massa,Tipologia,Movimento de Massa,Comparação: sem dummies,11,84,0,73,1,72,-4.936196673192405,-4.873444359736284
Pré-pandemia (até jan/2020),Tipologia | Movimento de Massa,Tipologia,Movimento de Massa,Comparação: sem dummies,11,84,1,73,3,70,-5.2167828643380805,-5.0285259239697195
Pré-pandemia (até jan/2020),Tipologia | Movimento de Massa,Tipologia,Movimento de Massa,Comparação: sem dummies,11,84,2,73,5,68,-5.223988721594619,-4.9102271543140175
Pré-pandemia (até jan/2020),Tipologia | Movimento de Massa,Tipologia,Movimento de Massa,Comparação: sem dummies,11,84,3,73,7,66,-5.251860817033017,-4.812594622840175
Pré-pandemia (até jan/2020),Tipologia | Movimento de Massa,Tipologia,Movimento de Massa,Comparação: sem dummies,11,84,4,73,9,64,-5.204852526110791,-4.640081705005708
Pré-pandemia (até jan/2020),Tipologia | Movimento de Massa,Tipologia,Movimento de Massa,Comparação: sem dummies,11,84,5,73,11,62,-5.137861276942673,-4.44758582892535
Pré-pandemia (até jan/2020),Tipologia | Movimento de Massa,Tipologia,Movimento de Massa,Comparação: sem dummies,11,84,6,73,13,60,-5.360555171630164,-4.5447750967006
Pré-pandemia (até jan/2020),Tipologia | Movimento de Massa,Tipologia,Movimento de Massa,Comparação: sem dummies,11,84,7,73,15,58,-5.390919118145857,-4.449634416304052
Pré-pandemia (até jan/2020),Tipologia | Movimento de Massa,Tipologia,Movimento de Massa,Comparação: sem dummies,11,84,8,73,17,56,-5.416327968492828,-4.349538639738784
Pré-pandemia (até jan/2020),Tipologia | Movimento de Massa,Tipologia,Movimento de Massa,Comparação: sem dummies,11,84,9,73,19,54,-5.381544154119977,-4.189250198453691
Pré-pandemia (até jan/2020),Tipologia | Movimento de Massa,Tipologia,Movimento de Massa,Comparação: sem dummies,11,84,10,73,21,52,-5.306294981982336,-3.9884963994038096
Pré-pandemia (até jan/2020),Tipologia | Movimento de Massa,Tipologia,Movimento de Massa,Comparação: sem dummies,11,84,11,73,23,50,-5.244448611925589,-3.8011454024348215
Pré-pandemia (até jan/2020),Tipologia | Movimento de Massa,Tipologia,Movimento de Massa,Robustez: diferença sazonal,9,72,0,63,1,62,-4.261803724856117,-4.193767701796068
Pré-pandemia (até jan/2020),Tipologia | Movimento de Massa,Tipologia,Movimento de Massa,Robustez: diferença sazonal,9,72,1,63,3,60,-4.489077022930077,-4.284968953749932
Pré-pandemia (até jan/2020),Tipologia | Movimento de Massa,Tipologia,Movimento de Massa,Robustez: diferença sazonal,9,72,2,63,5,58,-4.591427805171036,-4.251247689870793
Pré-pandemia (até jan/2020),Tipologia | Movimento de Massa,Tipologia,Movimento de Massa,Robustez: diferença sazonal,9,72,3,63,7,56,-4.689275399186416,-4.213023237766075
Pré-pandemia (até jan/2020),Tipologia | Movimento de Massa,Tipologia,Movimento de Massa,Robustez: diferença sazonal,9,72,4,63,9,54,-4.720437128441317,-4.108112920900878
Pré-pandemia (até jan/2020),Tipologia | Movimento de Massa,Tipologia,Movimento de Massa,Robustez: diferença sazonal,9,72,5,63,11,52,-4.68394938968454,-3.935553136024005
Pré-pandemia (até jan/2020),Tipologia | Movimento de Massa,Tipologia,Movimento de Massa,Robustez: diferença sazonal,9,72,6,63,13,50,-4.590390748006361,-3.7059224482257282
Pré-pandemia (até jan/2020),Tipologia | Movimento de Massa,Tipologia,Movimento de Massa,Robustez: diferença sazonal,9,72,7,63,15,48,-4.702229852320331,-3.681689506419601
Pré-pandemia (até jan/2020),Tipologia | Movimento de Massa,Tipologia,Movimento de Massa,Robustez: diferença sazonal,9,72,8,63,17,46,-4.644146406775643,-3.4875340147548153
Pré-pandemia (até jan/2020),Tipologia | Movimento de Massa,Tipologia,Movimento de Massa,Robustez: diferença sazonal,9,72,9,63,19,44,-4.622861878867081,-3.3301774407261564
Pré-pandemia (até jan/2020),Tipologia | Onda de Frio,Tipologia,Onda de Frio,Principal: 11 dummies,6,84,0,78,12,66,-6.241159430377083,-5.516018252934132
Pré-pandemia (até jan/2020),Tipologia | Onda de Frio,Tipologia,Onda de Frio,Principal: 11 dummies,6,84,1,78,14,64,-6.181195041464719,-5.33519700111461
Pré-pandemia (até jan/2020),Tipologia | Onda de Frio,Tipologia,Onda de Frio,Principal: 11 dummies,6,84,2,78,16,62,-6.413820921954236,-5.446966018696967
Pré-pandemia (até jan/2020),Tipologia | Onda de Frio,Tipologia,Onda de Frio,Principal: 11 dummies,6,84,3,78,18,60,-6.522175959454076,-5.434464193289649
Pré-pandemia (até jan/2020),Tipologia | Onda de Frio,Tipologia,Onda de Frio,Principal: 11 dummies,6,84,4,78,20,58,-6.519569428264368,-5.311000799192782
Pré-pandemia (até jan/2020),Tipologia | Onda de Frio,Tipologia,Onda de Frio,Principal: 11 dummies,6,84,5,78,22,56,-6.520679673338918,-5.191254181360174
Pré-pandemia (até jan/2020),Tipologia | Onda de Frio,Tipologia,Onda de Frio,Principal: 11 dummies,6,84,6,78,24,54,-6.5347584081416565,-5.084476053255754
Pré-pandemia (até jan/2020),Tipologia | Onda de Frio,Tipologia,Onda de Frio,Comparação: sem dummies,11,84,0,73,1,72,-5.919752019742931,-5.85699970628681
Pré-pandemia (até jan/2020),Tipologia | Onda de Frio,Tipologia,Onda de Frio,Comparação: sem dummies,11,84,1,73,3,70,-5.912419855595005,-5.724162915226644
Pré-pandemia (até jan/2020),Tipologia | Onda de Frio,Tipologia,Onda de Frio,Comparação: sem dummies,11,84,2,73,5,68,-6.005815951894314,-5.692054384613712
Pré-pandemia (até jan/2020),Tipologia | Onda de Frio,Tipologia,Onda de Frio,Comparação: sem dummies,11,84,3,73,7,66,-6.04350198875659,-5.604235794563748
Pré-pandemia (até jan/2020),Tipologia | Onda de Frio,Tipologia,Onda de Frio,Comparação: sem dummies,11,84,4,73,9,64,-6.032141371658458,-5.467370550553375
Pré-pandemia (até jan/2020),Tipologia | Onda de Frio,Tipologia,Onda de Frio,Comparação: sem dummies,11,84,5,73,11,62,-6.064957524034388,-5.374682076017065
Pré-pandemia (até jan/2020),Tipologia | Onda de Frio,Tipologia,Onda de Frio,Comparação: sem dummies,11,84,6,73,13,60,-6.369749349986072,-5.553969275056508
Pré-pandemia (até jan/2020),Tipologia | Onda de Frio,Tipologia,Onda de Frio,Comparação: sem dummies,11,84,7,73,15,58,-6.2636133242340915,-5.322328622392287
Pré-pandemia (até jan/2020),Tipologia | Onda de Frio,Tipologia,Onda de Frio,Comparação: sem dummies,11,84,8,73,17,56,-6.228246911124133,-5.161457582370089
Pré-pandemia (até jan/2020),Tipologia | Onda de Frio,Tipologia,Onda de Frio,Comparação: sem dummies,11,84,9,73,19,54,-6.193593052492697,-5.001299096826411
Pré-pandemia (até jan/2020),Tipologia | Onda de Frio,Tipologia,Onda de Frio,Comparação: sem dummies,11,84,10,73,21,52,-6.1046228502086946,-4.786824267630168
Pré-pandemia (até jan/2020),Tipologia | Onda de Frio,Tipologia,Onda de Frio,Comparação: sem dummies,11,84,11,73,23,50,-6.0539614622812,-4.610658252790433
Pré-pandemia (até jan/2020),Tipologia | Onda de Frio,Tipologia,Onda de Frio,Robustez: diferença sazonal,9,72,0,63,1,62,-5.244102467696415,-5.176066444636366
Pré-pandemia (até jan/2020),Tipologia | Onda de Frio,Tipologia,Onda de Frio,Robustez: diferença sazonal,9,72,1,63,3,60,-5.250128289192752,-5.046020220012606
Pré-pandemia (até jan/2020),Tipologia | Onda de Frio,Tipologia,Onda de Frio,Robustez: diferença sazonal,9,72,2,63,5,58,-5.451440560605611,-5.111260445305367
Pré-pandemia (até jan/2020),Tipologia | Onda de Frio,Tipologia,Onda de Frio,Robustez: diferença sazonal,9,72,3,63,7,56,-5.4708276138251115,-4.994575452404771
Pré-pandemia (até jan/2020),Tipologia | Onda de Frio,Tipologia,Onda de Frio,Robustez: diferença sazonal,9,72,4,63,9,54,-5.51867216034784,-4.906347952807402
Pré-pandemia (até jan/2020),Tipologia | Onda de Frio,Tipologia,Onda de Frio,Robustez: diferença sazonal,9,72,5,63,11,52,-5.463385945857111,-4.714989692196576
Pré-pandemia (até jan/2020),Tipologia | Onda de Frio,Tipologia,Onda de Frio,Robustez: diferença sazonal,9,72,6,63,13,50,-5.532429130885361,-4.647960831104728
Pré-pandemia (até jan/2020),Tipologia | Onda de Frio,Tipologia,Onda de Frio,Robustez: diferença sazonal,9,72,7,63,15,48,-5.467150224264191,-4.4466098783634616
Pré-pandemia (até jan/2020),Tipologia | Onda de Frio,Tipologia,Onda de Frio,Robustez: diferença sazonal,9,72,8,63,17,46,-5.485814641240977,-4.32920224922015
Pré-pandemia (até jan/2020),Tipologia | Onda de Frio,Tipologia,Onda de Frio,Robustez: diferença sazonal,9,72,9,63,19,44,-5.4598175867520675,-4.167133148611143
Pré-pandemia (até jan/2020),Tipologia | Outros,Tipologia,Outros,Principal: 11 dummies,6,84,0,78,12,66,-5.770931442282436,-5.045790264839485
Pré-pandemia (até jan/2020),Tipologia | Outros,Tipologia,Outros,Principal: 11 dummies,6,84,1,78,14,64,-5.931884943776294,-5.085886903426184
Pré-pandemia (até jan/2020),Tipologia | Outros,Tipologia,Outros,Principal: 11 dummies,6,84,2,78,16,62,-6.034684476275126,-5.067829573017858
Pré-pandemia (até jan/2020),Tipologia | Outros,Tipologia,Outros,Principal: 11 dummies,6,84,3,78,18,60,-6.243309423060336,-5.155597656895909
Pré-pandemia (até jan/2020),Tipologia | Outros,Tipologia,Outros,Principal: 11 dummies,6,84,4,78,20,58,-6.315599419333567,-5.107030790261981
Pré-pandemia (até jan/2020),Tipologia | Outros,Tipologia,Outros,Principal: 11 dummies,6,84,5,78,22,56,-6.2971448952833935,-4.967719403304649
Pré-pandemia (até jan/2020),Tipologia | Outros,Tipologia,Outros,Principal: 11 dummies,6,84,6,78,24,54,-6.346246200461071,-4.895963845575168
Pré-pandemia (até jan/2020),Tipologia | Outros,Tipologia,Outros,Comparação: sem dummies,11,84,0,73,1,72,-5.559054227795971,-5.496301914339851
Pré-pandemia (até jan/2020),Tipologia | Outros,Tipologia,Outros,Comparação: sem dummies,11,84,1,73,3,70,-5.663292763261182,-5.475035822892821
Pré-pandemia (até jan/2020),Tipologia | Outros,Tipologia,Outros,Comparação: sem dummies,11,84,2,73,5,68,-5.7278588123331735,-5.414097245052572
Pré-pandemia (até jan/2020),Tipologia | Outros,Tipologia,Outros,Comparação: sem dummies,11,84,3,73,7,66,-5.845570971532594,-5.406304777339752
Pré-pandemia (até jan/2020),Tipologia | Outros,Tipologia,Outros,Comparação: sem dummies,11,84,4,73,9,64,-5.840543439446508,-5.275772618341425
Pré-pandemia (até jan/2020),Tipologia | Outros,Tipologia,Outros,Comparação: sem dummies,11,84,5,73,11,62,-5.802048473924871,-5.111773025907548
Pré-pandemia (até jan/2020),Tipologia | Outros,Tipologia,Outros,Comparação: sem dummies,11,84,6,73,13,60,-6.0603582967927885,-5.244578221863224
Pré-pandemia (até jan/2020),Tipologia | Outros,Tipologia,Outros,Comparação: sem dummies,11,84,7,73,15,58,-6.059666779405224,-5.118382077563419
Pré-pandemia (até jan/2020),Tipologia | Outros,Tipologia,Outros,Comparação: sem dummies,11,84,8,73,17,56,-6.0268081730043805,-4.960018844250335
Pré-pandemia (até jan/2020),Tipologia | Outros,Tipologia,Outros,Comparação: sem dummies,11,84,9,73,19,54,-5.98334865992641,-4.791054704260124
Pré-pandemia (até jan/2020),Tipologia | Outros,Tipologia,Outros,Comparação: sem dummies,11,84,10,73,21,52,-6.010205067267797,-4.69240648468927
Pré-pandemia (até jan/2020),Tipologia | Outros,Tipologia,Outros,Comparação: sem dummies,11,84,11,73,23,50,-5.976083171035679,-4.532779961544912
Pré-pandemia (até jan/2020),Tipologia | Outros,Tipologia,Outros,Robustez: diferença sazonal,9,72,0,63,1,62,-4.794321517386571,-4.726285494326522
Pré-pandemia (até jan/2020),Tipologia | Outros,Tipologia,Outros,Robustez: diferença sazonal,9,72,1,63,3,60,-4.972134967718672,-4.768026898538526
Pré-pandemia (até jan/2020),Tipologia | Outros,Tipologia,Outros,Robustez: diferença sazonal,9,72,2,63,5,58,-5.2059197710220895,-4.865739655721846
Pré-pandemia (até jan/2020),Tipologia | Outros,Tipologia,Outros,Robustez: diferença sazonal,9,72,3,63,7,56,-5.331573719023356,-4.855321557603016
Pré-pandemia (até jan/2020),Tipologia | Outros,Tipologia,Outros,Robustez: diferença sazonal,9,72,4,63,9,54,-5.349765076656483,-4.737440869116044
Pré-pandemia (até jan/2020),Tipologia | Outros,Tipologia,Outros,Robustez: diferença sazonal,9,72,5,63,11,52,-5.326646572429457,-4.578250318768922
Pré-pandemia (até jan/2020),Tipologia | Outros,Tipologia,Outros,Robustez: diferença sazonal,9,72,6,63,13,50,-5.358750569966689,-4.474282270186055
Pré-pandemia (até jan/2020),Tipologia | Outros,Tipologia,Outros,Robustez: diferença sazonal,9,72,7,63,15,48,-5.325401719539919,-4.304861373639189
Pré-pandemia (até jan/2020),Tipologia | Outros,Tipologia,Outros,Robustez: diferença sazonal,9,72,8,63,17,46,-5.220808750391022,-4.064196358370195
Pré-pandemia (até jan/2020),Tipologia | Outros,Tipologia,Outros,Robustez: diferença sazonal,9,72,9,63,19,44,-5.142447705439977,-3.849763267299053
Pré-pandemia (até jan/2020),Tipologia | Tornado,Tipologia,Tornado,Principal: 11 dummies,6,84,0,78,12,66,-5.865703198462393,-5.140562021019442
Pré-pandemia (até jan/2020),Tipologia | Tornado,Tipologia,Tornado,Principal: 11 dummies,6,84,1,78,14,64,-6.203920564373005,-5.357922524022896
Pré-pandemia (até jan/2020),Tipologia | Tornado,Tipologia,Tornado,Principal: 11 dummies,6,84,2,78,16,62,-6.336520350111051,-5.369665446853783
Pré-pandemia (até jan/2020),Tipologia | Tornado,Tipologia,Tornado,Principal: 11 dummies,6,84,3,78,18,60,-6.460770221867579,-5.373058455703152
Pré-pandemia (até jan/2020),Tipologia | Tornado,Tipologia,Tornado,Principal: 11 dummies,6,84,4,78,20,58,-6.529363368634224,-5.320794739562638
Pré-pandemia (até jan/2020),Tipologia | Tornado,Tipologia,Tornado,Principal: 11 dummies,6,84,5,78,22,56,-6.4596406561767274,-5.130215164197983
Pré-pandemia (até jan/2020),Tipologia | Tornado,Tipologia,Tornado,Principal: 11 dummies,6,84,6,78,24,54,-6.429478326800312,-4.979195971914409
Pré-pandemia (até jan/2020),Tipologia | Tornado,Tipologia,Tornado,Comparação: sem dummies,11,84,0,73,1,72,-5.579442547237385,-5.516690233781265
Pré-pandemia (até jan/2020),Tipologia | Tornado,Tipologia,Tornado,Comparação: sem dummies,11,84,1,73,3,70,-5.86981384043023,-5.681556900061869
Pré-pandemia (até jan/2020),Tipologia | Tornado,Tipologia,Tornado,Comparação: sem dummies,11,84,2,73,5,68,-5.869936045431152,-5.556174478150551
Pré-pandemia (até jan/2020),Tipologia | Tornado,Tipologia,Tornado,Comparação: sem dummies,11,84,3,73,7,66,-5.925537033850052,-5.48627083965721
Pré-pandemia (até jan/2020),Tipologia | Tornado,Tipologia,Tornado,Comparação: sem dummies,11,84,4,73,9,64,-6.03976152624424,-5.474990705139157
Pré-pandemia (até jan/2020),Tipologia | Tornado,Tipologia,Tornado,Comparação: sem dummies,11,84,5,73,11,62,-6.001876589600045,-5.311601141582722
Pré-pandemia (até jan/2020),Tipologia | Tornado,Tipologia,Tornado,Comparação: sem dummies,11,84,6,73,13,60,-6.178369187444966,-5.362589112515402
Pré-pandemia (até jan/2020),Tipologia | Tornado,Tipologia,Tornado,Comparação: sem dummies,11,84,7,73,15,58,-6.1588739720029775,-5.217589270161173
Pré-pandemia (até jan/2020),Tipologia | Tornado,Tipologia,Tornado,Comparação: sem dummies,11,84,8,73,17,56,-6.096289775578228,-5.0295004468241835
Pré-pandemia (até jan/2020),Tipologia | Tornado,Tipologia,Tornado,Comparação: sem dummies,11,84,9,73,19,54,-6.067044332304023,-4.874750376637737
Pré-pandemia (até jan/2020),Tipologia | Tornado,Tipologia,Tornado,Comparação: sem dummies,11,84,10,73,21,52,-5.9944426371126776,-4.676644054534151
Pré-pandemia (até jan/2020),Tipologia | Tornado,Tipologia,Tornado,Comparação: sem dummies,11,84,11,73,23,50,-5.952132613276533,-4.508829403785766
Pré-pandemia (até jan/2020),Tipologia | Tornado,Tipologia,Tornado,Robustez: diferença sazonal,9,72,0,63,1,62,-4.867220358427118,-4.799184335367069
Pré-pandemia (até jan/2020),Tipologia | Tornado,Tipologia,Tornado,Robustez: diferença sazonal,9,72,1,63,3,60,-5.251408820989912,-5.047300751809766
Pré-pandemia (até jan/2020),Tipologia | Tornado,Tipologia,Tornado,Robustez: diferença sazonal,9,72,2,63,5,58,-5.3239511144257765,-4.983770999125533
Pré-pandemia (até jan/2020),Tipologia | Tornado,Tipologia,Tornado,Robustez: diferença sazonal,9,72,3,63,7,56,-5.478299347048187,-5.002047185627847
Pré-pandemia (até jan/2020),Tipologia | Tornado,Tipologia,Tornado,Robustez: diferença sazonal,9,72,4,63,9,54,-5.5093932558685985,-4.89706904832816
Pré-pandemia (até jan/2020),Tipologia | Tornado,Tipologia,Tornado,Robustez: diferença sazonal,9,72,5,63,11,52,-5.401421857395477,-4.6530256037349425
Pré-pandemia (até jan/2020),Tipologia | Tornado,Tipologia,Tornado,Robustez: diferença sazonal,9,72,6,63,13,50,-5.320097423346541,-4.435629123565908
Pré-pandemia (até jan/2020),Tipologia | Tornado,Tipologia,Tornado,Robustez: diferença sazonal,9,72,7,63,15,48,-5.236244879371801,-4.215704533471071
Pré-pandemia (até jan/2020),Tipologia | Tornado,Tipologia,Tornado,Robustez: diferença sazonal,9,72,8,63,17,46,-5.229771063222577,-4.07315867120175
Pré-pandemia (até jan/2020),Tipologia | Tornado,Tipologia,Tornado,Robustez: diferença sazonal,9,72,9,63,19,44,-5.137931660192122,-3.845247222051198
Pré-pandemia (até jan/2020),Tipologia | Vendavais e Ciclones,Tipologia,Vendavais e Ciclones,Principal: 11 dummies,6,84,0,78,12,66,-5.502349414810476,-4.7772082373675255
Pré-pandemia (até jan/2020),Tipologia | Vendavais e Ciclones,Tipologia,Vendavais e Ciclones,Principal: 11 dummies,6,84,1,78,14,64,-5.904985933860398,-5.058987893510288
Pré-pandemia (até jan/2020),Tipologia | Vendavais e Ciclones,Tipologia,Vendavais e Ciclones,Principal: 11 dummies,6,84,2,78,16,62,-5.964873715210351,-4.998018811953083
Pré-pandemia (até jan/2020),Tipologia | Vendavais e Ciclones,Tipologia,Vendavais e Ciclones,Principal: 11 dummies,6,84,3,78,18,60,-6.039376261271713,-4.951664495107286
Pré-pandemia (até jan/2020),Tipologia | Vendavais e Ciclones,Tipologia,Vendavais e Ciclones,Principal: 11 dummies,6,84,4,78,20,58,-6.148663733777437,-4.9400951047058514
Pré-pandemia (até jan/2020),Tipologia | Vendavais e Ciclones,Tipologia,Vendavais e Ciclones,Principal: 11 dummies,6,84,5,78,22,56,-6.104237361673656,-4.774811869694911
Pré-pandemia (até jan/2020),Tipologia | Vendavais e Ciclones,Tipologia,Vendavais e Ciclones,Principal: 11 dummies,6,84,6,78,24,54,-6.101612252296037,-4.651329897410134
Pré-pandemia (até jan/2020),Tipologia | Vendavais e Ciclones,Tipologia,Vendavais e Ciclones,Comparação: sem dummies,11,84,0,73,1,72,-4.884042221148853,-4.821289907692733
Pré-pandemia (até jan/2020),Tipologia | Vendavais e Ciclones,Tipologia,Vendavais e Ciclones,Comparação: sem dummies,11,84,1,73,3,70,-5.047894455367353,-4.859637514998992
Pré-pandemia (até jan/2020),Tipologia | Vendavais e Ciclones,Tipologia,Vendavais e Ciclones,Comparação: sem dummies,11,84,2,73,5,68,-5.018634220890153,-4.704872653609551
Pré-pandemia (até jan/2020),Tipologia | Vendavais e Ciclones,Tipologia,Vendavais e Ciclones,Comparação: sem dummies,11,84,3,73,7,66,-5.114834192476544,-4.675567998283702
Pré-pandemia (até jan/2020),Tipologia | Vendavais e Ciclones,Tipologia,Vendavais e Ciclones,Comparação: sem dummies,11,84,4,73,9,64,-5.107404440149598,-4.542633619044516
Pré-pandemia (até jan/2020),Tipologia | Vendavais e Ciclones,Tipologia,Vendavais e Ciclones,Comparação: sem dummies,11,84,5,73,11,62,-5.197210184597492,-4.506934736580169
Pré-pandemia (até jan/2020),Tipologia | Vendavais e Ciclones,Tipologia,Vendavais e Ciclones,Comparação: sem dummies,11,84,6,73,13,60,-5.672892403085109,-4.857112328155545
Pré-pandemia (até jan/2020),Tipologia | Vendavais e Ciclones,Tipologia,Vendavais e Ciclones,Comparação: sem dummies,11,84,7,73,15,58,-5.655970274205646,-4.714685572363841
Pré-pandemia (até jan/2020),Tipologia | Vendavais e Ciclones,Tipologia,Vendavais e Ciclones,Comparação: sem dummies,11,84,8,73,17,56,-5.672992340311202,-4.606203011557158
Pré-pandemia (até jan/2020),Tipologia | Vendavais e Ciclones,Tipologia,Vendavais e Ciclones,Comparação: sem dummies,11,84,9,73,19,54,-5.635873136373699,-4.443579180707413
Pré-pandemia (até jan/2020),Tipologia | Vendavais e Ciclones,Tipologia,Vendavais e Ciclones,Comparação: sem dummies,11,84,10,73,21,52,-5.655573392753415,-4.3377748101748885
Pré-pandemia (até jan/2020),Tipologia | Vendavais e Ciclones,Tipologia,Vendavais e Ciclones,Comparação: sem dummies,11,84,11,73,23,50,-5.758262714462276,-4.314959504971509
Pré-pandemia (até jan/2020),Tipologia | Vendavais e Ciclones,Tipologia,Vendavais e Ciclones,Robustez: diferença sazonal,9,72,0,63,1,62,-4.639984192267366,-4.5719481692073165
Pré-pandemia (até jan/2020),Tipologia | Vendavais e Ciclones,Tipologia,Vendavais e Ciclones,Robustez: diferença sazonal,9,72,1,63,3,60,-5.01447936248545,-4.810371293305304
Pré-pandemia (até jan/2020),Tipologia | Vendavais e Ciclones,Tipologia,Vendavais e Ciclones,Robustez: diferença sazonal,9,72,2,63,5,58,-4.981097390416743,-4.640917275116499
Pré-pandemia (até jan/2020),Tipologia | Vendavais e Ciclones,Tipologia,Vendavais e Ciclones,Robustez: diferença sazonal,9,72,3,63,7,56,-5.022990283700517,-4.546738122280177
Pré-pandemia (até jan/2020),Tipologia | Vendavais e Ciclones,Tipologia,Vendavais e Ciclones,Robustez: diferença sazonal,9,72,4,63,9,54,-5.07146865484464,-4.459144447304202
Pré-pandemia (até jan/2020),Tipologia | Vendavais e Ciclones,Tipologia,Vendavais e Ciclones,Robustez: diferença sazonal,9,72,5,63,11,52,-4.98323098721975,-4.234834733559215
Pré-pandemia (até jan/2020),Tipologia | Vendavais e Ciclones,Tipologia,Vendavais e Ciclones,Robustez: diferença sazonal,9,72,6,63,13,50,-5.003810504321184,-4.119342204540551
Pré-pandemia (até jan/2020),Tipologia | Vendavais e Ciclones,Tipologia,Vendavais e Ciclones,Robustez: diferença sazonal,9,72,7,63,15,48,-4.937969685504978,-3.917429339604248
Pré-pandemia (até jan/2020),Tipologia | Vendavais e Ciclones,Tipologia,Vendavais e Ciclones,Robustez: diferença sazonal,9,72,8,63,17,46,-4.868279017958535,-3.711666625937708
Pré-pandemia (até jan/2020),Tipologia | Vendavais e Ciclones,Tipologia,Vendavais e Ciclones,Robustez: diferença sazonal,9,72,9,63,19,44,-4.833746261932187,-3.5410618237912623
