Período,Chave,Nível,Categoria,Especificação,Máximo lag,n transformado,Critério,Defasagem,Equação,Portmanteau horizonte,Portmanteau p,Ljung–Box horizonte,Ljung–Box p,ACF(12),ACF(24),Limite ACF,Pico sazonal,Jarque–Bera p,Breusch–Pagan p
Total (2013–2024),Total nacional,Referência,Total nacional,Principal: 11 dummies,12,143,AIC,2,Inadimplência,12,0.0790604508946763,12,0.2811273646203004,-0.07871971549435305,-0.14011154050247915,0.16506177652903772,False,7.184306644395306e-10,0.1336790476431616
Total (2013–2024),Total nacional,Referência,Total nacional,Principal: 11 dummies,12,143,AIC,2,Desastres,12,0.0790604508946763,12,0.06311810666504494,0.10823550477770151,-0.11359166566732593,0.16506177652903772,False,0.39020990674240147,0.560359019201536
Total (2013–2024),Total nacional,Referência,Total nacional,Principal: 11 dummies,12,143,BIC,1,Inadimplência,12,0.009766746052439814,12,0.1358282570193199,-0.054826373389682576,-0.13733752806014654,0.16447954622615107,False,5.575510753331435e-06,0.5184567093178494
Total (2013–2024),Total nacional,Referência,Total nacional,Principal: 11 dummies,12,143,BIC,1,Desastres,12,0.009766746052439814,12,0.02079077333107222,0.0627699334270604,-0.12849191488397635,0.16447954622615107,False,0.09382271668494534,0.646149753313861
Total (2013–2024),Total nacional,Referência,Total nacional,Comparação: sem dummies,12,143,AIC,7,Inadimplência,12,0.026141275869143818,18,0.00292578460864701,0.18709844512814963,0.09981655446715962,0.16806861343965865,True,5.957321738165376e-17,0.3813405432204869
Total (2013–2024),Total nacional,Referência,Total nacional,Comparação: sem dummies,12,143,AIC,7,Desastres,12,0.026141275869143818,18,0.0008027764376816272,0.09320533930295043,-0.04155819896934558,0.16806861343965865,False,0.7047707884330403,0.1815043315163275
Total (2013–2024),Total nacional,Referência,Total nacional,Comparação: sem dummies,12,143,BIC,1,Inadimplência,12,1.7416908233551737e-11,12,8.741103755068646e-13,0.39105998251709395,0.31357364297704415,0.16447954622615107,True,0.00016923839847589347,0.19787999380112087
Total (2013–2024),Total nacional,Referência,Total nacional,Comparação: sem dummies,12,143,BIC,1,Desastres,12,1.7416908233551737e-11,12,0.005142618902416458,0.1890923595466082,0.026531679523466533,0.16447954622615107,True,0.8701194663920142,0.07937787651246613
Total (2013–2024),Total nacional,Referência,Total nacional,Robustez: diferença sazonal,12,131,AIC,12,Inadimplência,16,0.0007267171467745411,28,7.1387958021038504e-06,-0.13097780326141378,-0.2150430731564397,0.17967290541752942,False,0.4525938563925975,0.9788567655789036
Total (2013–2024),Total nacional,Referência,Total nacional,Robustez: diferença sazonal,12,131,AIC,12,Desastres,16,0.0007267171467745411,28,3.3641588132408004e-06,-0.09205700509414974,-0.22880033250128978,0.17967290541752942,False,0.015815768685481013,0.4866632963441224
Total (2013–2024),Total nacional,Referência,Total nacional,Robustez: diferença sazonal,12,131,BIC,2,Inadimplência,12,2.250076270924946e-05,12,5.397149225653568e-05,-0.37937987237587717,-0.08715795657983516,0.17256837763982227,True,0.03838420644439718,0.8458376631572353
Total (2013–2024),Total nacional,Referência,Total nacional,Robustez: diferença sazonal,12,131,BIC,2,Desastres,12,2.250076270924946e-05,12,0.0016155827498953047,-0.30103587187058795,-0.14433550900527292,0.17256837763982227,True,0.6496527843891626,0.5950037357658455
Total (2013–2024),Grupo | Climatológico,Grupo,Climatológico,Principal: 11 dummies,12,143,AIC,7,Inadimplência,12,0.19029712719549302,18,0.07259302895473681,-0.11305507117842432,-0.15607156847284573,0.16806861343965865,False,2.2711649995020327e-12,0.04766449395377759
Total (2013–2024),Grupo | Climatológico,Grupo,Climatológico,Principal: 11 dummies,12,143,AIC,7,Desastres,12,0.19029712719549302,18,0.03902185897594945,-0.008900621409561176,-0.03465980932774741,0.16806861343965865,False,0.4508972982042472,0.722053687080728
Total (2013–2024),Grupo | Climatológico,Grupo,Climatológico,Principal: 11 dummies,12,143,BIC,1,Inadimplência,12,0.0003550147903818359,12,0.1515765375736503,-0.036946200413894376,-0.14530976843489277,0.16447954622615107,False,4.2136672874386577e-07,0.4583530341665959
Total (2013–2024),Grupo | Climatológico,Grupo,Climatológico,Principal: 11 dummies,12,143,BIC,1,Desastres,12,0.0003550147903818359,12,1.8013488006588144e-05,0.08755715088940164,-0.06151546237574504,0.16447954622615107,False,0.44453878765084354,0.35980755851037494
Total (2013–2024),Grupo | Climatológico,Grupo,Climatológico,Comparação: sem dummies,12,143,AIC,7,Inadimplência,12,0.03404450076543329,18,0.008798337478894252,0.1620645211133914,0.10198393066931297,0.16806861343965865,False,2.0614265170970766e-18,0.2655187044509068
Total (2013–2024),Grupo | Climatológico,Grupo,Climatológico,Comparação: sem dummies,12,143,AIC,7,Desastres,12,0.03404450076543329,18,0.010194642770370636,0.08991539827372659,0.04372001233408605,0.16806861343965865,False,0.47229469019069203,0.5748680090793398
Total (2013–2024),Grupo | Climatológico,Grupo,Climatológico,Comparação: sem dummies,12,143,BIC,1,Inadimplência,12,8.377105601292906e-13,12,8.377885706890125e-14,0.4020701643300957,0.30998634116348317,0.16447954622615107,True,0.0002127192045505454,0.13663531616176341
Total (2013–2024),Grupo | Climatológico,Grupo,Climatológico,Comparação: sem dummies,12,143,BIC,1,Desastres,12,8.377105601292906e-13,12,1.6069895843049644e-06,0.22826041638456118,0.08728702873881315,0.16447954622615107,True,0.3066653921595546,0.05846411553710538
Total (2013–2024),Grupo | Climatológico,Grupo,Climatológico,Robustez: diferença sazonal,12,131,AIC,12,Inadimplência,16,0.004038295737084425,28,0.0003671196840666687,-0.09928238357230768,-0.2191208893489807,0.17967290541752942,False,0.007583889977617736,0.9476464830787832
Total (2013–2024),Grupo | Climatológico,Grupo,Climatológico,Robustez: diferença sazonal,12,131,AIC,12,Desastres,16,0.004038295737084425,28,0.0002786216421629802,-0.13482121363974756,-0.05553094232060404,0.17967290541752942,False,0.7876593926828583,0.3088330059634972
Total (2013–2024),Grupo | Climatológico,Grupo,Climatológico,Robustez: diferença sazonal,12,131,BIC,1,Inadimplência,12,5.961732127308373e-09,12,0.00018913211219080757,-0.40424331048339146,-0.0788335530268493,0.17190337178417772,True,0.02217753745668503,0.9736187724743263
Total (2013–2024),Grupo | Climatológico,Grupo,Climatológico,Robustez: diferença sazonal,12,131,BIC,1,Desastres,12,5.961732127308373e-09,12,5.340637504549611e-07,-0.3616346574647083,-0.06032566703693472,0.17190337178417772,True,0.7513476938856264,0.3946515125830914
Total (2013–2024),Grupo | Hidrológico,Grupo,Hidrológico,Principal: 11 dummies,12,143,AIC,2,Inadimplência,12,0.1023387061089243,12,0.1951059055843997,-0.046373413948977066,-0.15287871582560336,0.16506177652903772,False,5.145534982096385e-07,0.12503062342433457
Total (2013–2024),Grupo | Hidrológico,Grupo,Hidrológico,Principal: 11 dummies,12,143,AIC,2,Desastres,12,0.1023387061089243,12,0.00841147665154202,-0.10654012451107941,-0.028599912727128415,0.16506177652903772,False,9.845354037216626e-09,0.22290810412486015
Total (2013–2024),Grupo | Hidrológico,Grupo,Hidrológico,Principal: 11 dummies,12,143,BIC,1,Inadimplência,12,0.01825747911167582,12,0.1641249723231813,-0.03935335763240802,-0.1568729921368123,0.16447954622615107,False,1.6399933045202324e-06,0.4819769935625584
Total (2013–2024),Grupo | Hidrológico,Grupo,Hidrológico,Principal: 11 dummies,12,143,BIC,1,Desastres,12,0.01825747911167582,12,0.00025456554957626584,-0.13192810458852378,-0.054579121312935304,0.16447954622615107,False,1.5316327269540263e-06,0.13464808204800022
Total (2013–2024),Grupo | Hidrológico,Grupo,Hidrológico,Comparação: sem dummies,12,143,AIC,9,Inadimplência,13,0.04541242449832274,22,0.008731814106230005,0.10612313924708597,-0.07457267343873572,0.16931821141394657,False,4.746867783522743e-17,0.3373291586122065
Total (2013–2024),Grupo | Hidrológico,Grupo,Hidrológico,Comparação: sem dummies,12,143,AIC,9,Desastres,13,0.04541242449832274,22,0.0001857098894024638,0.024803150450438398,0.05199673309926055,0.16931821141394657,False,0.34183306649044204,0.1387928285200079
Total (2013–2024),Grupo | Hidrológico,Grupo,Hidrológico,Comparação: sem dummies,12,143,BIC,1,Inadimplência,12,6.634272534270326e-14,12,1.40056391946933e-14,0.4074004988654672,0.30765396913576276,0.16447954622615107,True,0.0002248078950215968,0.25141358386086254
Total (2013–2024),Grupo | Hidrológico,Grupo,Hidrológico,Comparação: sem dummies,12,143,BIC,1,Desastres,12,6.634272534270326e-14,12,0.00040992177530060024,0.22885162923495933,0.22929654577530842,0.16447954622615107,True,0.06533049430424241,0.02233674744191879
Total (2013–2024),Grupo | Hidrológico,Grupo,Hidrológico,Robustez: diferença sazonal,12,131,AIC,12,Inadimplência,16,0.0003185547381222262,28,2.3262345800360497e-06,-0.13131392200399258,-0.29588488099725463,0.17967290541752942,False,0.6020003261454576,0.9035250336046814
Total (2013–2024),Grupo | Hidrológico,Grupo,Hidrológico,Robustez: diferença sazonal,12,131,AIC,12,Desastres,16,0.0003185547381222262,28,8.221661395787425e-10,-0.12591346575001283,-0.2486792753200016,0.17967290541752942,False,0.6031602803460725,0.15500887131038674
Total (2013–2024),Grupo | Hidrológico,Grupo,Hidrológico,Robustez: diferença sazonal,12,131,BIC,1,Inadimplência,12,7.798626092637825e-10,12,0.0006537250278563669,-0.3747480643924897,-0.1129281089131138,0.17190337178417772,True,0.01626020266883575,0.5688776556602897
Total (2013–2024),Grupo | Hidrológico,Grupo,Hidrológico,Robustez: diferença sazonal,12,131,BIC,1,Desastres,12,7.798626092637825e-10,12,1.3248975584889813e-10,-0.45954641299327764,0.017776326160236985,0.17190337178417772,True,0.4100933525543591,0.15013080575062407
Total (2013–2024),Grupo | Meteorológico,Grupo,Meteorológico,Principal: 11 dummies,12,143,AIC,3,Inadimplência,12,0.058384173409221723,12,0.4803009359740641,-0.08007837622358698,-0.14308545550212318,0.16565023392678924,False,2.416450299049627e-19,0.015888719077572548
Total (2013–2024),Grupo | Meteorológico,Grupo,Meteorológico,Principal: 11 dummies,12,143,AIC,3,Desastres,12,0.058384173409221723,12,0.0006013590241729729,-0.08194314558434106,-0.13000666435917657,0.16565023392678924,False,0.003928514089610192,8.934432067734375e-06
Total (2013–2024),Grupo | Meteorológico,Grupo,Meteorológico,Principal: 11 dummies,12,143,BIC,3,Inadimplência,12,0.058384173409221723,12,0.4803009359740641,-0.08007837622358698,-0.14308545550212318,0.16565023392678924,False,2.416450299049627e-19,0.015888719077572548
Total (2013–2024),Grupo | Meteorológico,Grupo,Meteorológico,Principal: 11 dummies,12,143,BIC,3,Desastres,12,0.058384173409221723,12,0.0006013590241729729,-0.08194314558434106,-0.13000666435917657,0.16565023392678924,False,0.003928514089610192,8.934432067734375e-06
Total (2013–2024),Grupo | Meteorológico,Grupo,Meteorológico,Comparação: sem dummies,12,143,AIC,9,Inadimplência,13,0.013977561501752446,22,0.007846091244476312,0.1315927366532514,-0.039087140480712136,0.16931821141394657,False,1.1834457710982655e-15,0.2159783771717387
Total (2013–2024),Grupo | Meteorológico,Grupo,Meteorológico,Comparação: sem dummies,12,143,AIC,9,Desastres,13,0.013977561501752446,22,0.06803906829382089,0.00898059281610673,0.03486041775223641,0.16931821141394657,False,0.003143009452852069,0.0011443505871436828
Total (2013–2024),Grupo | Meteorológico,Grupo,Meteorológico,Comparação: sem dummies,12,143,BIC,1,Inadimplência,12,1.0861863286274747e-12,12,7.461879398796482e-13,0.3908274324160214,0.3088285430044682,0.16447954622615107,True,0.0006901620652266676,0.17678057216957344
Total (2013–2024),Grupo | Meteorológico,Grupo,Meteorológico,Comparação: sem dummies,12,143,BIC,1,Desastres,12,1.0861863286274747e-12,12,0.010407593205568893,0.162189179511859,0.14590887808168856,0.16447954622615107,False,0.0019408056868962394,3.447517241823502e-05
Total (2013–2024),Grupo | Meteorológico,Grupo,Meteorológico,Robustez: diferença sazonal,12,131,AIC,12,Inadimplência,16,0.00020211877759578284,28,3.2425947069179946e-06,-0.13742310430437546,-0.2874571818251733,0.17967290541752942,False,0.05904339787474936,0.9293104351886188
Total (2013–2024),Grupo | Meteorológico,Grupo,Meteorológico,Robustez: diferença sazonal,12,131,AIC,12,Desastres,16,0.00020211877759578284,28,1.0454259937509909e-07,-0.28498708651304167,-0.10146379057829653,0.17967290541752942,True,0.012481967829120717,0.7863045751921757
Total (2013–2024),Grupo | Meteorológico,Grupo,Meteorológico,Robustez: diferença sazonal,12,131,BIC,3,Inadimplência,12,1.0210136089951994e-06,12,0.00014158369381869296,-0.40046821155313983,-0.10481897891449428,0.17324116139070414,True,0.00010783515845613722,0.9645231766368348
Total (2013–2024),Grupo | Meteorológico,Grupo,Meteorológico,Robustez: diferença sazonal,12,131,BIC,3,Desastres,12,1.0210136089951994e-06,12,8.603921034471232e-09,-0.390002014254135,-0.06574407218101085,0.17324116139070414,True,0.0005056887481011996,0.8871294061493386
Total (2013–2024),Grupo | Outros,Grupo,Outros,Principal: 11 dummies,12,143,AIC,5,Inadimplência,12,0.045185261158071,14,0.054234729676808084,-0.06842424370768634,-0.14381069358364137,0.16684628002871474,False,3.7132804423108996e-17,0.018506499290402507
Total (2013–2024),Grupo | Outros,Grupo,Outros,Principal: 11 dummies,12,143,AIC,5,Desastres,12,0.045185261158071,14,0.009551675326676579,0.15095486146626252,-0.060257564463141434,0.16684628002871474,False,4.468892749471597e-12,0.03232036456064927
Total (2013–2024),Grupo | Outros,Grupo,Outros,Principal: 11 dummies,12,143,BIC,1,Inadimplência,12,0.0019392849097287447,12,0.09640887047623621,-0.04223734756908927,-0.14853065802759893,0.16447954622615107,False,4.242965756547496e-06,0.5022648417627096
Total (2013–2024),Grupo | Outros,Grupo,Outros,Principal: 11 dummies,12,143,BIC,1,Desastres,12,0.0019392849097287447,12,0.001397616011934268,0.1392236615785433,-0.14102507050023178,0.16447954622615107,False,0.017446675485606564,0.023727684590618324
Total (2013–2024),Grupo | Outros,Grupo,Outros,Comparação: sem dummies,12,143,AIC,12,Inadimplência,16,0.25860872823768916,28,0.00016340151151781842,0.04991510295147045,0.07558364307691734,0.17124599510556343,False,1.3802234551652878e-20,0.37845776202295034
Total (2013–2024),Grupo | Outros,Grupo,Outros,Comparação: sem dummies,12,143,AIC,12,Desastres,16,0.25860872823768916,28,0.04531412583341397,0.08385529359256928,0.034277031117333205,0.17124599510556343,False,5.52197202726709e-13,0.6995911117604805
Total (2013–2024),Grupo | Outros,Grupo,Outros,Comparação: sem dummies,12,143,BIC,1,Inadimplência,12,4.241588497594061e-12,12,1.0785513378896058e-14,0.4009667165369069,0.3124772379916589,0.16447954622615107,True,0.000251599639125258,0.15183642518624577
Total (2013–2024),Grupo | Outros,Grupo,Outros,Comparação: sem dummies,12,143,BIC,1,Desastres,12,4.241588497594061e-12,12,0.0002786853747179574,0.2047714238488114,-0.048194707398668116,0.16447954622615107,True,4.224555783873409e-10,0.2417999794237461
Total (2013–2024),Grupo | Outros,Grupo,Outros,Robustez: diferença sazonal,12,131,AIC,12,Inadimplência,16,0.0077422856546317574,28,4.5492458076467285e-05,-0.18518185473701984,-0.18075342478255121,0.17967290541752942,True,0.24315867452134965,0.9624369536563994
Total (2013–2024),Grupo | Outros,Grupo,Outros,Robustez: diferença sazonal,12,131,AIC,12,Desastres,16,0.0077422856546317574,28,0.00017001858174876087,-0.04769616906259762,-0.19518028470025595,0.17967290541752942,False,3.327102326197611e-08,0.17459461726929942
Total (2013–2024),Grupo | Outros,Grupo,Outros,Robustez: diferença sazonal,12,131,BIC,1,Inadimplência,12,2.712451963300042e-07,12,6.539385093048457e-05,-0.40502621061395155,-0.07340324257203461,0.17190337178417772,True,0.02717372114214576,0.8202468413519126
Total (2013–2024),Grupo | Outros,Grupo,Outros,Robustez: diferença sazonal,12,131,BIC,1,Desastres,12,2.712451963300042e-07,12,7.35706243159906e-07,-0.30078990857754256,-0.12566473518212215,0.17190337178417772,True,0.000284550518844391,0.36573630174334554
Total (2013–2024),Tipologia | Alagamentos,Tipologia,Alagamentos,Principal: 11 dummies,12,143,AIC,8,Inadimplência,12,0.11878338419653697,20,0.13839348326807027,-0.09814278824630782,-0.1597393603869354,0.1686899413014786,False,4.094877913050996e-16,0.07831606037277546
Total (2013–2024),Tipologia | Alagamentos,Tipologia,Alagamentos,Principal: 11 dummies,12,143,AIC,8,Desastres,12,0.11878338419653697,20,0.00011089264204068998,-0.19171355008190863,-0.04584604175713798,0.1686899413014786,True,0.987893399222196,0.5091309097712504
Total (2013–2024),Tipologia | Alagamentos,Tipologia,Alagamentos,Principal: 11 dummies,12,143,BIC,2,Inadimplência,12,0.049823604517473793,12,0.3033985594385725,-0.06216675557912438,-0.14495419045368405,0.16506177652903772,False,6.983193620022543e-08,0.1086549309215171
Total (2013–2024),Tipologia | Alagamentos,Tipologia,Alagamentos,Principal: 11 dummies,12,143,BIC,2,Desastres,12,0.049823604517473793,12,0.004909370370812179,-0.1391956975312846,-0.047955961585167454,0.16506177652903772,False,0.3594679984305811,0.4248226498312552
Total (2013–2024),Tipologia | Alagamentos,Tipologia,Alagamentos,Comparação: sem dummies,12,143,AIC,8,Inadimplência,12,0.09008618088540936,20,0.00790746191263166,0.104808949025032,-0.009180145381531722,0.1686899413014786,False,1.520591887371233e-23,0.26083798452045204
Total (2013–2024),Tipologia | Alagamentos,Tipologia,Alagamentos,Comparação: sem dummies,12,143,AIC,8,Desastres,12,0.09008618088540936,20,0.0005513628459362193,0.0038428912452773134,0.13347953503357607,0.1686899413014786,False,0.7041176795144893,0.34672921894529224
Total (2013–2024),Tipologia | Alagamentos,Tipologia,Alagamentos,Comparação: sem dummies,12,143,BIC,1,Inadimplência,12,1.6045579809389812e-13,12,9.304336054402426e-14,0.39686137518506376,0.3143686149228828,0.16447954622615107,True,0.0002615037783695335,0.17172861365277126
Total (2013–2024),Tipologia | Alagamentos,Tipologia,Alagamentos,Comparação: sem dummies,12,143,BIC,1,Desastres,12,1.6045579809389812e-13,12,0.00017967323187992977,0.16726126029655664,0.22711306332049325,0.16447954622615107,True,0.9031388740059177,0.6975987758325151
Total (2013–2024),Tipologia | Alagamentos,Tipologia,Alagamentos,Robustez: diferença sazonal,12,131,AIC,12,Inadimplência,16,1.3833694871010493e-05,28,5.2049007591841295e-06,-0.16549550860124163,-0.23020325009310585,0.17967290541752942,False,0.0405533324132168,0.9999606809739284
Total (2013–2024),Tipologia | Alagamentos,Tipologia,Alagamentos,Robustez: diferença sazonal,12,131,AIC,12,Desastres,16,1.3833694871010493e-05,28,9.65311336819035e-08,-0.19374008783439015,-0.21603806831361103,0.17967290541752942,True,0.6366749869167305,0.6528213791248572
Total (2013–2024),Tipologia | Alagamentos,Tipologia,Alagamentos,Robustez: diferença sazonal,12,131,BIC,2,Inadimplência,12,2.564608359748553e-06,12,0.0017862416963498639,-0.3617095692551325,-0.10428992756311145,0.17256837763982227,True,0.0011059638194342047,0.9576591062077489
Total (2013–2024),Tipologia | Alagamentos,Tipologia,Alagamentos,Robustez: diferença sazonal,12,131,BIC,2,Desastres,12,2.564608359748553e-06,12,3.6147508813298036e-08,-0.47715532265242705,0.01946919738147337,0.17256837763982227,True,0.9065841953426443,0.685661809571116
Total (2013–2024),Tipologia | Chuvas Intensas,Tipologia,Chuvas Intensas,Principal: 11 dummies,12,143,AIC,2,Inadimplência,12,0.465399396259285,12,0.31184751873813815,-0.025072148371600052,-0.1628940593606213,0.16506177652903772,False,2.4728774432357027e-06,0.1289410130675161
Total (2013–2024),Tipologia | Chuvas Intensas,Tipologia,Chuvas Intensas,Principal: 11 dummies,12,143,AIC,2,Desastres,12,0.465399396259285,12,0.0925182601142574,-0.08038303710014787,-0.013837370485350189,0.16506177652903772,False,0.16801576602145504,0.07738076366177908
Total (2013–2024),Tipologia | Chuvas Intensas,Tipologia,Chuvas Intensas,Principal: 11 dummies,12,143,BIC,1,Inadimplência,12,0.10572270866010763,12,0.18652258288128298,-0.030858738052559915,-0.1639991582691282,0.16447954622615107,False,3.975818072074936e-07,0.45442535562649133
Total (2013–2024),Tipologia | Chuvas Intensas,Tipologia,Chuvas Intensas,Principal: 11 dummies,12,143,BIC,1,Desastres,12,0.10572270866010763,12,0.007874481677569432,-0.07456948992653126,-0.03500312636275814,0.16447954622615107,False,0.3369606147513564,0.027048317538015412
Total (2013–2024),Tipologia | Chuvas Intensas,Tipologia,Chuvas Intensas,Comparação: sem dummies,12,143,AIC,11,Inadimplência,15,0.0164163288693704,26,0.00020800965546308436,0.13294603873059033,-0.1471425202538914,0.17059610283658388,False,1.625521516261251e-17,0.3045848045725077
Total (2013–2024),Tipologia | Chuvas Intensas,Tipologia,Chuvas Intensas,Comparação: sem dummies,12,143,AIC,11,Desastres,15,0.0164163288693704,26,1.622874102990235e-05,-0.11328874598764248,0.020068889524228313,0.17059610283658388,False,0.9316243570497811,0.4215765041368594
Total (2013–2024),Tipologia | Chuvas Intensas,Tipologia,Chuvas Intensas,Comparação: sem dummies,12,143,BIC,1,Inadimplência,12,2.7694330557661113e-13,12,7.452911382616526e-15,0.40944799993295267,0.3075836759895521,0.16447954622615107,True,0.00019928984291421112,0.2663942804804777
Total (2013–2024),Tipologia | Chuvas Intensas,Tipologia,Chuvas Intensas,Comparação: sem dummies,12,143,BIC,1,Desastres,12,2.7694330557661113e-13,12,0.0009364481617490154,0.22323129991647078,0.21962727620150152,0.16447954622615107,True,0.5254118728630655,0.06379502408161053
Total (2013–2024),Tipologia | Chuvas Intensas,Tipologia,Chuvas Intensas,Robustez: diferença sazonal,12,131,AIC,12,Inadimplência,16,0.003045424402731479,28,4.450718344976457e-07,-0.0942999823308842,-0.3574645238412747,0.17967290541752942,False,0.3816867199976367,0.9963539699832047
Total (2013–2024),Tipologia | Chuvas Intensas,Tipologia,Chuvas Intensas,Robustez: diferença sazonal,12,131,AIC,12,Desastres,16,0.003045424402731479,28,1.7658550564115653e-08,-0.1000329008980385,-0.2610353168681551,0.17967290541752942,False,0.19482142267850422,0.345071429111743
Total (2013–2024),Tipologia | Chuvas Intensas,Tipologia,Chuvas Intensas,Robustez: diferença sazonal,12,131,BIC,1,Inadimplência,12,2.6141895356841468e-08,12,0.0003602443817339871,-0.3773862517212475,-0.10835572623193629,0.17190337178417772,True,0.02168031029244424,0.872729809940884
Total (2013–2024),Tipologia | Chuvas Intensas,Tipologia,Chuvas Intensas,Robustez: diferença sazonal,12,131,BIC,1,Desastres,12,2.6141895356841468e-08,12,2.0574930934533044e-08,-0.4545517120284716,0.030153357475850764,0.17190337178417772,True,0.41007923842275806,0.9327853026964295
Total (2013–2024),Tipologia | Doenças infecciosas,Tipologia,Doenças infecciosas,Principal: 11 dummies,12,143,AIC,11,Inadimplência,15,0.03822338492505223,26,0.025834395126315336,-0.074088812803674,-0.1437856038593029,0.17059610283658388,False,7.062663702219186e-21,0.2819908011140826
Total (2013–2024),Tipologia | Doenças infecciosas,Tipologia,Doenças infecciosas,Principal: 11 dummies,12,143,AIC,11,Desastres,15,0.03822338492505223,26,0.0009656328507081996,-0.007821713483344454,-0.19866861380486628,0.17059610283658388,False,4.839476677091338e-42,0.022557160519862077
Total (2013–2024),Tipologia | Doenças infecciosas,Tipologia,Doenças infecciosas,Principal: 11 dummies,12,143,BIC,1,Inadimplência,12,0.018097475357289207,12,0.16086599538245028,-0.040934843837916825,-0.15710883716781054,0.16447954622615107,False,3.354587620965854e-06,0.45971985544734306
Total (2013–2024),Tipologia | Doenças infecciosas,Tipologia,Doenças infecciosas,Principal: 11 dummies,12,143,BIC,1,Desastres,12,0.018097475357289207,12,0.0009138574835657364,0.2600326358088272,-0.1827870454597805,0.16447954622615107,True,7.906798934800713e-35,0.0012228958034993952
Total (2013–2024),Tipologia | Doenças infecciosas,Tipologia,Doenças infecciosas,Comparação: sem dummies,12,143,AIC,11,Inadimplência,15,0.018210783505548517,26,0.0014093448734138843,0.1275178377180962,0.06764629984658702,0.17059610283658388,False,1.0201681915525435e-20,0.4980974141938904
Total (2013–2024),Tipologia | Doenças infecciosas,Tipologia,Doenças infecciosas,Comparação: sem dummies,12,143,AIC,11,Desastres,15,0.018210783505548517,26,0.0019684725380043943,0.05499297420419245,-0.12278941057708151,0.17059610283658388,False,8.642203340198497e-108,0.3964792135358563
Total (2013–2024),Tipologia | Doenças infecciosas,Tipologia,Doenças infecciosas,Comparação: sem dummies,12,143,BIC,1,Inadimplência,12,7.162264966119668e-13,12,3.593928114146709e-14,0.4039481445440733,0.3102466073041425,0.16447954622615107,True,0.0002764707815168101,0.0951422078600963
Total (2013–2024),Tipologia | Doenças infecciosas,Tipologia,Doenças infecciosas,Comparação: sem dummies,12,143,BIC,1,Desastres,12,7.162264966119668e-13,12,4.6441636002227904e-06,0.3763589370112942,0.009197739798342099,0.16447954622615107,True,8.160437908136341e-123,0.4979222383878843
Total (2013–2024),Tipologia | Doenças infecciosas,Tipologia,Doenças infecciosas,Robustez: diferença sazonal,12,131,AIC,5,Inadimplência,12,0.0018122404222257157,14,7.86183131032622e-06,-0.4147364652176244,-0.07855396474013751,0.1746106780494506,True,8.511955777042909e-06,0.970974453094858
Total (2013–2024),Tipologia | Doenças infecciosas,Tipologia,Doenças infecciosas,Robustez: diferença sazonal,12,131,AIC,5,Desastres,12,0.0018122404222257157,14,0.015594798589416528,-0.14547151024704702,-0.18853627568934964,0.1746106780494506,False,3.0639577191884955e-24,0.7098780305826627
Total (2013–2024),Tipologia | Doenças infecciosas,Tipologia,Doenças infecciosas,Robustez: diferença sazonal,12,131,BIC,1,Inadimplência,12,0.0007188485248866241,12,0.0002764608018744169,-0.3913720272049961,-0.09083320042232466,0.17190337178417772,True,0.04027135828102297,0.7310315511087948
Total (2013–2024),Tipologia | Doenças infecciosas,Tipologia,Doenças infecciosas,Robustez: diferença sazonal,12,131,BIC,1,Desastres,12,0.0007188485248866241,12,0.012006002095154502,-0.160440194462228,-0.20187184134297415,0.17190337178417772,False,1.6224721591174097e-13,0.6381503391159364
Total (2013–2024),Tipologia | Enxurradas,Tipologia,Enxurradas,Principal: 11 dummies,12,143,AIC,4,Inadimplência,12,0.03663887145163916,12,0.27309150287299405,-0.06782435576889304,-0.15101635705496028,0.1662450302172743,False,8.2703163424863e-24,0.027799800225638216
Total (2013–2024),Tipologia | Enxurradas,Tipologia,Enxurradas,Principal: 11 dummies,12,143,AIC,4,Desastres,12,0.03663887145163916,12,0.0005787356400937335,-0.22443730741511858,-0.031009650577426936,0.1662450302172743,True,0.16838586671157765,0.0028045233699411742
Total (2013–2024),Tipologia | Enxurradas,Tipologia,Enxurradas,Principal: 11 dummies,12,143,BIC,1,Inadimplência,12,0.022400031474706192,12,0.15416343272192984,-0.03965711597643915,-0.15752932727687133,0.16447954622615107,False,1.418400316019155e-06,0.49248523334954364
Total (2013–2024),Tipologia | Enxurradas,Tipologia,Enxurradas,Principal: 11 dummies,12,143,BIC,1,Desastres,12,0.022400031474706192,12,0.0018952202572931971,-0.21195389000170242,-0.03984838740409415,0.16447954622615107,True,0.006313496188794139,0.016611257003236842
Total (2013–2024),Tipologia | Enxurradas,Tipologia,Enxurradas,Comparação: sem dummies,12,143,AIC,9,Inadimplência,13,0.0460944238022682,22,0.013668486542336033,0.11559697284376419,-0.02005533525914548,0.16931821141394657,False,5.0696116139065814e-21,0.32680625890050424
Total (2013–2024),Tipologia | Enxurradas,Tipologia,Enxurradas,Comparação: sem dummies,12,143,AIC,9,Desastres,13,0.0460944238022682,22,0.0015931173566918935,-0.06644711545390768,0.08972033567269723,0.16931821141394657,False,0.24508322473442073,0.23558095217038166
Total (2013–2024),Tipologia | Enxurradas,Tipologia,Enxurradas,Comparação: sem dummies,12,143,BIC,1,Inadimplência,12,1.5201164236890594e-11,12,6.424650105488215e-14,0.4018500180610824,0.31132194496649257,0.16447954622615107,True,0.00031044372675991276,0.22391390948498827
Total (2013–2024),Tipologia | Enxurradas,Tipologia,Enxurradas,Comparação: sem dummies,12,143,BIC,1,Desastres,12,1.5201164236890594e-11,12,0.08312195589427662,0.09566527210245845,0.18919047633522154,0.16447954622615107,False,0.08016587225977997,0.010536578321796301
Total (2013–2024),Tipologia | Enxurradas,Tipologia,Enxurradas,Robustez: diferença sazonal,12,131,AIC,12,Inadimplência,16,0.0005685219251090269,28,8.772716333364796e-06,-0.14655535186273355,-0.24049727061937531,0.17967290541752942,False,0.733825626215231,0.9398279572855587
Total (2013–2024),Tipologia | Enxurradas,Tipologia,Enxurradas,Robustez: diferença sazonal,12,131,AIC,12,Desastres,16,0.0005685219251090269,28,2.759033433039278e-06,-0.1758346389670046,-0.1779529070359369,0.17967290541752942,False,0.35264598902737626,0.4972119790657682
Total (2013–2024),Tipologia | Enxurradas,Tipologia,Enxurradas,Robustez: diferença sazonal,12,131,BIC,1,Inadimplência,12,6.652164437065091e-08,12,0.0002432215687905483,-0.3856493457315995,-0.10265599318247264,0.17190337178417772,True,0.017897734616786277,0.41577929996007046
Total (2013–2024),Tipologia | Enxurradas,Tipologia,Enxurradas,Robustez: diferença sazonal,12,131,BIC,1,Desastres,12,6.652164437065091e-08,12,8.631361101943171e-08,-0.5013447400802147,0.025497531678686874,0.17190337178417772,True,0.6811111552299843,0.2459307321797895
Total (2013–2024),Tipologia | Erosão,Tipologia,Erosão,Principal: 11 dummies,12,143,AIC,7,Inadimplência,12,0.1351621326900215,18,0.08304955392137196,-0.06367030261186572,-0.12758377092734488,0.16806861343965865,False,9.820656111315547e-22,0.22175823205687872
Total (2013–2024),Tipologia | Erosão,Tipologia,Erosão,Principal: 11 dummies,12,143,AIC,7,Desastres,12,0.1351621326900215,18,0.0007154086013500368,-0.11099543834534768,-0.038296756399002874,0.16806861343965865,False,0.05170835221751603,0.14113667260753016
Total (2013–2024),Tipologia | Erosão,Tipologia,Erosão,Principal: 11 dummies,12,143,BIC,2,Inadimplência,12,0.007793147657592813,12,0.2534920010144956,-0.04747021765978328,-0.14430778047362297,0.16506177652903772,False,4.547535198335704e-09,0.1189360793851374
Total (2013–2024),Tipologia | Erosão,Tipologia,Erosão,Principal: 11 dummies,12,143,BIC,2,Desastres,12,0.007793147657592813,12,0.003237136036001293,-0.08825961231466245,-0.06758289293177225,0.16506177652903772,False,0.3103698758200959,0.1597150611168188
Total (2013–2024),Tipologia | Erosão,Tipologia,Erosão,Comparação: sem dummies,12,143,AIC,7,Inadimplência,12,0.02669851298060849,18,0.00037534631517093414,0.23834812171099987,0.14626144813222997,0.16806861343965865,True,1.5985870378659696e-21,0.40089397912318664
Total (2013–2024),Tipologia | Erosão,Tipologia,Erosão,Comparação: sem dummies,12,143,AIC,7,Desastres,12,0.02669851298060849,18,0.0014298481325935714,-0.024143137106910784,0.002476143634323799,0.16806861343965865,False,0.16759142565815205,0.6193709658373613
Total (2013–2024),Tipologia | Erosão,Tipologia,Erosão,Comparação: sem dummies,12,143,BIC,1,Inadimplência,12,3.916246053767526e-13,12,3.178209276102959e-14,0.40108730282953753,0.31512347072892055,0.16447954622615107,True,0.00012947581059275914,0.2045755199838181
Total (2013–2024),Tipologia | Erosão,Tipologia,Erosão,Comparação: sem dummies,12,143,BIC,1,Desastres,12,3.916246053767526e-13,12,9.951881306963576e-07,-0.07608111009805733,0.0038183717154892855,0.16447954622615107,False,0.46457907913091956,0.4674053053736389
Total (2013–2024),Tipologia | Erosão,Tipologia,Erosão,Robustez: diferença sazonal,12,131,AIC,12,Inadimplência,16,0.00032629848135880073,28,1.7945672946335868e-05,-0.2380662639170179,-0.12641992990678907,0.17967290541752942,True,0.40916518518249156,0.8845812933885123
Total (2013–2024),Tipologia | Erosão,Tipologia,Erosão,Robustez: diferença sazonal,12,131,AIC,12,Desastres,16,0.00032629848135880073,28,6.80533025028043e-05,-0.1007214247875437,-0.13817879564866778,0.17967290541752942,False,0.34810547070961884,0.7205920840759972
Total (2013–2024),Tipologia | Erosão,Tipologia,Erosão,Robustez: diferença sazonal,12,131,BIC,2,Inadimplência,12,9.410025405898401e-11,12,4.0714335747673536e-05,-0.41535229740745194,-0.0652796480534058,0.17256837763982227,True,0.009562847714263117,0.6554323144524492
Total (2013–2024),Tipologia | Erosão,Tipologia,Erosão,Robustez: diferença sazonal,12,131,BIC,2,Desastres,12,9.410025405898401e-11,12,2.8975029281692475e-07,-0.44853219570601294,0.026253854722906485,0.17256837763982227,True,0.6972284578191685,0.47864514677016645
Total (2013–2024),Tipologia | Estiagem e Seca,Tipologia,Estiagem e Seca,Principal: 11 dummies,12,143,AIC,5,Inadimplência,12,0.18195090233398384,14,0.6188195480206056,-0.07667763918950221,-0.14191566480449783,0.16684628002871474,False,3.059895637336015e-10,0.022044640443055298
Total (2013–2024),Tipologia | Estiagem e Seca,Tipologia,Estiagem e Seca,Principal: 11 dummies,12,143,AIC,5,Desastres,12,0.18195090233398384,14,0.000961326920974371,0.021307828809581496,-0.04032735788801533,0.16684628002871474,False,0.2238144814259614,0.7392872222390983
Total (2013–2024),Tipologia | Estiagem e Seca,Tipologia,Estiagem e Seca,Principal: 11 dummies,12,143,BIC,1,Inadimplência,12,0.00021463820973769104,12,0.15163057282602269,-0.03985021096052126,-0.1478447776490871,0.16447954622615107,False,6.027954799975368e-07,0.48094920385043394
Total (2013–2024),Tipologia | Estiagem e Seca,Tipologia,Estiagem e Seca,Principal: 11 dummies,12,143,BIC,1,Desastres,12,0.00021463820973769104,12,7.876752730228946e-06,0.05850851825049521,-0.0736810516345706,0.16447954622615107,False,0.17625977591660724,0.49080476909908
Total (2013–2024),Tipologia | Estiagem e Seca,Tipologia,Estiagem e Seca,Comparação: sem dummies,12,143,AIC,7,Inadimplência,12,0.016818566224825002,18,0.003265462046632049,0.20741080032707268,0.11641559987331748,0.16806861343965865,True,1.4541316199274827e-16,0.13780248292419223
Total (2013–2024),Tipologia | Estiagem e Seca,Tipologia,Estiagem e Seca,Comparação: sem dummies,12,143,AIC,7,Desastres,12,0.016818566224825002,18,0.0010342895637147453,0.08468063426112656,0.037147272858742815,0.16806861343965865,False,0.1046092471021716,0.4086257843302135
Total (2013–2024),Tipologia | Estiagem e Seca,Tipologia,Estiagem e Seca,Comparação: sem dummies,12,143,BIC,1,Inadimplência,12,2.3870595415308405e-12,12,1.2688253983986425e-13,0.4006493939251576,0.30913848941932076,0.16447954622615107,True,0.00018422043269112885,0.15219946842271517
Total (2013–2024),Tipologia | Estiagem e Seca,Tipologia,Estiagem e Seca,Comparação: sem dummies,12,143,BIC,1,Desastres,12,2.3870595415308405e-12,12,9.98152536473586e-07,0.18491768696737712,0.052927898009235426,0.16447954622615107,True,0.5169592836843242,0.05621455525536338
Total (2013–2024),Tipologia | Estiagem e Seca,Tipologia,Estiagem e Seca,Robustez: diferença sazonal,12,131,AIC,12,Inadimplência,16,0.008779733110319944,28,0.00040077330115421045,-0.03893165344927451,-0.22128989225682827,0.17967290541752942,False,0.029246957485455534,0.8421794514605431
Total (2013–2024),Tipologia | Estiagem e Seca,Tipologia,Estiagem e Seca,Robustez: diferença sazonal,12,131,AIC,12,Desastres,16,0.008779733110319944,28,1.8506584757271534e-05,-0.17450095377968325,-0.0722750883253063,0.17967290541752942,False,0.9511840937365162,0.29968321526210473
Total (2013–2024),Tipologia | Estiagem e Seca,Tipologia,Estiagem e Seca,Robustez: diferença sazonal,12,131,BIC,1,Inadimplência,12,2.488060810274119e-09,12,0.00014860080726057334,-0.4043640173446416,-0.07993256427289366,0.17190337178417772,True,0.028774532512844633,0.9687303689238369
Total (2013–2024),Tipologia | Estiagem e Seca,Tipologia,Estiagem e Seca,Robustez: diferença sazonal,12,131,BIC,1,Desastres,12,2.488060810274119e-09,12,3.080947472582513e-07,-0.3843238134255727,-0.03546469239289182,0.17190337178417772,True,0.8244527913350757,0.70134908472791
Total (2013–2024),Tipologia | Granizo,Tipologia,Granizo,Principal: 11 dummies,12,143,AIC,3,Inadimplência,12,0.2292913701878622,12,0.5446121186110964,-0.04453566412979084,-0.11472807895839013,0.16565023392678924,False,3.072244169195134e-13,0.027385411891594314
Total (2013–2024),Tipologia | Granizo,Tipologia,Granizo,Principal: 11 dummies,12,143,AIC,3,Desastres,12,0.2292913701878622,12,0.001834067745712977,-0.04269783963270659,-0.0246504386065871,0.16565023392678924,False,0.2497105661166961,0.6950555231616915
Total (2013–2024),Tipologia | Granizo,Tipologia,Granizo,Principal: 11 dummies,12,143,BIC,2,Inadimplência,12,0.06639817284288872,12,0.30302832766700477,-0.04346961390044411,-0.1515905202485186,0.16506177652903772,False,1.4296583468282093e-09,0.14885019841326905
Total (2013–2024),Tipologia | Granizo,Tipologia,Granizo,Principal: 11 dummies,12,143,BIC,2,Desastres,12,0.06639817284288872,12,0.006380370750403223,-0.04834575229473656,0.031626081124873404,0.16506177652903772,False,0.1356395767678393,0.36693480764361897
Total (2013–2024),Tipologia | Granizo,Tipologia,Granizo,Comparação: sem dummies,12,143,AIC,12,Inadimplência,16,0.04519909967577819,28,0.0005096775556787398,-0.014477686057140306,-0.021701952228602918,0.17124599510556343,False,2.657668028726115e-14,0.7303504367033893
Total (2013–2024),Tipologia | Granizo,Tipologia,Granizo,Comparação: sem dummies,12,143,AIC,12,Desastres,16,0.04519909967577819,28,0.004094127177082622,-0.14599272782394804,0.03310150386593279,0.17124599510556343,False,0.25096683680186166,0.6322824749868241
Total (2013–2024),Tipologia | Granizo,Tipologia,Granizo,Comparação: sem dummies,12,143,BIC,1,Inadimplência,12,3.1184049441989346e-13,12,6.4399085703924295e-15,0.4111690593770871,0.3144383051951765,0.16447954622615107,True,0.00024462372202069623,0.23679525430159543
Total (2013–2024),Tipologia | Granizo,Tipologia,Granizo,Comparação: sem dummies,12,143,BIC,1,Desastres,12,3.1184049441989346e-13,12,0.003385700887043883,0.2580815618552283,0.2054653689639565,0.16447954622615107,True,0.4892256073529466,0.6342151523244034
Total (2013–2024),Tipologia | Granizo,Tipologia,Granizo,Robustez: diferença sazonal,12,131,AIC,12,Inadimplência,16,0.004431330351754937,28,1.5485933457749524e-05,-0.1320192082641254,-0.2670148361176431,0.17967290541752942,False,0.4909327795137016,0.5981399056885899
Total (2013–2024),Tipologia | Granizo,Tipologia,Granizo,Robustez: diferença sazonal,12,131,AIC,12,Desastres,16,0.004431330351754937,28,0.0003015690415017937,-0.25100677650774955,-0.06054632829214239,0.17967290541752942,True,0.4253435387703465,0.3560095919549944
Total (2013–2024),Tipologia | Granizo,Tipologia,Granizo,Robustez: diferença sazonal,12,131,BIC,3,Inadimplência,12,1.0366822676448876e-06,12,7.057794795805846e-05,-0.4001081462632197,-0.054236114491294646,0.17324116139070414,True,0.004369429078271674,0.9795377365881511
Total (2013–2024),Tipologia | Granizo,Tipologia,Granizo,Robustez: diferença sazonal,12,131,BIC,3,Desastres,12,1.0366822676448876e-06,12,5.889266319021805e-09,-0.42523846169077256,-0.001346881024616362,0.17324116139070414,True,0.5667946696142887,0.20987630997069537
Total (2013–2024),Tipologia | Incêndio Florestal,Tipologia,Incêndio Florestal,Principal: 11 dummies,12,143,AIC,7,Inadimplência,12,0.6014503745819582,18,0.10134242224471551,-0.0981943273220786,-0.16761712386580102,0.16806861343965865,False,9.249127207441706e-13,0.06417244821326148
Total (2013–2024),Tipologia | Incêndio Florestal,Tipologia,Incêndio Florestal,Principal: 11 dummies,12,143,AIC,7,Desastres,12,0.6014503745819582,18,0.017875546653536984,-0.038297502584478366,0.032118657290534466,0.16806861343965865,False,0.013666454788277793,0.61899240283471
Total (2013–2024),Tipologia | Incêndio Florestal,Tipologia,Incêndio Florestal,Principal: 11 dummies,12,143,BIC,1,Inadimplência,12,0.03391423757035009,12,0.16339720409421982,-0.045010256326789407,-0.15948354553778982,0.16447954622615107,False,1.7804346995909394e-06,0.5162090176898979
Total (2013–2024),Tipologia | Incêndio Florestal,Tipologia,Incêndio Florestal,Principal: 11 dummies,12,143,BIC,1,Desastres,12,0.03391423757035009,12,0.016836947970722504,-0.05208931408833352,0.035427328007640965,0.16447954622615107,False,0.034910860772299435,0.2205807105994972
Total (2013–2024),Tipologia | Incêndio Florestal,Tipologia,Incêndio Florestal,Comparação: sem dummies,12,143,AIC,9,Inadimplência,13,0.017604457317250834,22,0.0013227768209644155,0.10072030453372137,0.03672577610103573,0.16931821141394657,False,3.2596566853529165e-23,0.4841152330924018
Total (2013–2024),Tipologia | Incêndio Florestal,Tipologia,Incêndio Florestal,Comparação: sem dummies,12,143,AIC,9,Desastres,13,0.017604457317250834,22,0.005075732897131554,-0.04488056406047233,0.03921746868688403,0.16931821141394657,False,0.2666210277163962,0.45630912628914955
Total (2013–2024),Tipologia | Incêndio Florestal,Tipologia,Incêndio Florestal,Comparação: sem dummies,12,143,BIC,7,Inadimplência,12,0.0602735691201712,18,0.0013682002668401843,0.10041112239974721,0.04187299382182533,0.16806861343965865,False,6.242890122704995e-25,0.25359793908401784
Total (2013–2024),Tipologia | Incêndio Florestal,Tipologia,Incêndio Florestal,Comparação: sem dummies,12,143,BIC,7,Desastres,12,0.0602735691201712,18,0.032332143274021605,0.0025571279134073126,0.09461015112033531,0.16806861343965865,False,0.4404855516605338,0.9163330549397182
Total (2013–2024),Tipologia | Incêndio Florestal,Tipologia,Incêndio Florestal,Robustez: diferença sazonal,12,131,AIC,12,Inadimplência,16,0.002113103785644093,28,5.1397526069333224e-06,-0.13858970191314346,-0.2501870785222984,0.17967290541752942,False,0.412194411657571,0.7341309294159328
Total (2013–2024),Tipologia | Incêndio Florestal,Tipologia,Incêndio Florestal,Robustez: diferença sazonal,12,131,AIC,12,Desastres,16,0.002113103785644093,28,6.982912820958016e-07,-0.18115389051923564,-0.19641140055995002,0.17967290541752942,True,0.6669581659775876,0.635205376057085
Total (2013–2024),Tipologia | Incêndio Florestal,Tipologia,Incêndio Florestal,Robustez: diferença sazonal,12,131,BIC,2,Inadimplência,12,1.239884206784731e-10,12,3.3621545441572654e-05,-0.4080632436358441,-0.09135618430358979,0.17256837763982227,True,0.018582166647811506,0.6844794874020359
Total (2013–2024),Tipologia | Incêndio Florestal,Tipologia,Incêndio Florestal,Robustez: diferença sazonal,12,131,BIC,2,Desastres,12,1.239884206784731e-10,12,8.605309981586882e-10,-0.49141489986513825,0.07974296029922348,0.17256837763982227,True,0.6815215924370011,0.6537649621369834
Total (2013–2024),Tipologia | Inundações,Tipologia,Inundações,Principal: 11 dummies,12,143,AIC,6,Inadimplência,12,0.16504546174571558,16,0.24120036033065456,-0.09223499149962576,-0.15623356436983482,0.16745410091248514,False,1.3326773824888578e-14,0.05042018733368782
Total (2013–2024),Tipologia | Inundações,Tipologia,Inundações,Principal: 11 dummies,12,143,AIC,6,Desastres,12,0.16504546174571558,16,0.02098459363436069,-0.13033881996685215,-0.08896769659754035,0.16745410091248514,False,0.041264092215046656,0.11721805601615773
Total (2013–2024),Tipologia | Inundações,Tipologia,Inundações,Principal: 11 dummies,12,143,BIC,1,Inadimplência,12,0.026329944596639978,12,0.12701898037408668,-0.05702395089948673,-0.1382720514879661,0.16447954622615107,False,1.2417051581496343e-06,0.44497259423613067
Total (2013–2024),Tipologia | Inundações,Tipologia,Inundações,Principal: 11 dummies,12,143,BIC,1,Desastres,12,0.026329944596639978,12,0.002524192459954207,-0.18842430092672932,-0.1357804281607454,0.16447954622615107,True,0.08049979070543022,0.2647431770173277
Total (2013–2024),Tipologia | Inundações,Tipologia,Inundações,Comparação: sem dummies,12,143,AIC,7,Inadimplência,12,0.007178633546293074,18,0.003899122821188716,0.17770105826728325,0.08942588670352067,0.16806861343965865,True,1.4370882174172293e-19,0.3175021816927879
Total (2013–2024),Tipologia | Inundações,Tipologia,Inundações,Comparação: sem dummies,12,143,AIC,7,Desastres,12,0.007178633546293074,18,0.025222322324955627,-0.025971482697417024,0.05859801050244985,0.16806861343965865,False,0.8998939664732473,0.1947897165510382
Total (2013–2024),Tipologia | Inundações,Tipologia,Inundações,Comparação: sem dummies,12,143,BIC,1,Inadimplência,12,7.093768726443847e-12,12,1.8925173830222463e-13,0.3923195306268906,0.3160851856802219,0.16447954622615107,True,0.0003978561209350737,0.22626471658308006
Total (2013–2024),Tipologia | Inundações,Tipologia,Inundações,Comparação: sem dummies,12,143,BIC,1,Desastres,12,7.093768726443847e-12,12,0.0008139572096228627,0.12281699138530852,0.14847563299218228,0.16447954622615107,False,0.7906598238033203,0.5872079976320712
Total (2013–2024),Tipologia | Inundações,Tipologia,Inundações,Robustez: diferença sazonal,12,131,AIC,12,Inadimplência,16,0.00010633181013868232,28,1.173873332980674e-06,-0.14037672334170395,-0.2866778189120822,0.17967290541752942,False,0.48769007964856104,0.9835663498214084
Total (2013–2024),Tipologia | Inundações,Tipologia,Inundações,Robustez: diferença sazonal,12,131,AIC,12,Desastres,16,0.00010633181013868232,28,3.7588481713443493e-08,-0.21989060462087,-0.2146057996747309,0.17967290541752942,True,0.12382037898988195,0.6239336005867304
Total (2013–2024),Tipologia | Inundações,Tipologia,Inundações,Robustez: diferença sazonal,12,131,BIC,1,Inadimplência,12,2.213067164363194e-07,12,0.0003528190391502047,-0.3853239011021316,-0.10276315397779182,0.17190337178417772,True,0.033952271563426034,0.7121259705487157
Total (2013–2024),Tipologia | Inundações,Tipologia,Inundações,Robustez: diferença sazonal,12,131,BIC,1,Desastres,12,2.213067164363194e-07,12,9.451476286909828e-07,-0.4382179647670257,-0.0038088925603002727,0.17190337178417772,True,0.9666876358025316,0.7642832355207079
Total (2013–2024),Tipologia | Movimento de Massa,Tipologia,Movimento de Massa,Principal: 11 dummies,12,143,AIC,4,Inadimplência,12,0.4392757890866337,12,0.06671458367377843,-0.07735944706733018,-0.10337646159815847,0.1662450302172743,False,3.7365539160604364e-07,0.03915778118074529
Total (2013–2024),Tipologia | Movimento de Massa,Tipologia,Movimento de Massa,Principal: 11 dummies,12,143,AIC,4,Desastres,12,0.4392757890866337,12,0.114069426060832,-0.08234161621184373,-0.20991380833902887,0.1662450302172743,False,0.07582438764387246,0.12070629620596668
Total (2013–2024),Tipologia | Movimento de Massa,Tipologia,Movimento de Massa,Principal: 11 dummies,12,143,BIC,2,Inadimplência,12,0.0787980641043161,12,0.06493403593584066,-0.05926121741813243,-0.14123215427590882,0.16506177652903772,False,1.2494337963330149e-05,0.056091263712208086
Total (2013–2024),Tipologia | Movimento de Massa,Tipologia,Movimento de Massa,Principal: 11 dummies,12,143,BIC,2,Desastres,12,0.0787980641043161,12,0.22162473281839026,-0.0342889053913958,-0.2077020674215373,0.16506177652903772,False,0.06113984518529129,0.05504087900172636
Total (2013–2024),Tipologia | Movimento de Massa,Tipologia,Movimento de Massa,Comparação: sem dummies,12,143,AIC,8,Inadimplência,12,0.016653412307315096,20,0.0010086779356522624,0.20898990994557304,0.07402448201901982,0.1686899413014786,True,3.087361917774919e-21,0.3197515035118864
Total (2013–2024),Tipologia | Movimento de Massa,Tipologia,Movimento de Massa,Comparação: sem dummies,12,143,AIC,8,Desastres,12,0.016653412307315096,20,0.001250315779654761,0.12594726599346312,-0.05481330906915173,0.1686899413014786,False,0.3761409477594701,0.4627802243415259
Total (2013–2024),Tipologia | Movimento de Massa,Tipologia,Movimento de Massa,Comparação: sem dummies,12,143,BIC,1,Inadimplência,12,2.7199930060526845e-10,12,3.426198722001094e-14,0.40401859285822034,0.31198722863146616,0.16447954622615107,True,0.00027497939432337176,0.0532571681728998
Total (2013–2024),Tipologia | Movimento de Massa,Tipologia,Movimento de Massa,Comparação: sem dummies,12,143,BIC,1,Desastres,12,2.7199930060526845e-10,12,0.003543142658201082,0.16333363389081107,0.002855769005564506,0.16447954622615107,False,0.6699615932575698,0.8817936748616799
Total (2013–2024),Tipologia | Movimento de Massa,Tipologia,Movimento de Massa,Robustez: diferença sazonal,12,131,AIC,12,Inadimplência,16,9.260850888330239e-05,28,2.2723825087365143e-06,-0.19895460821377015,-0.19115776787704558,0.17967290541752942,True,0.599749880060019,0.9566822593327153
Total (2013–2024),Tipologia | Movimento de Massa,Tipologia,Movimento de Massa,Robustez: diferença sazonal,12,131,AIC,12,Desastres,16,9.260850888330239e-05,28,6.209706246853175e-07,-0.1791508960421718,-0.14643830106786354,0.17967290541752942,False,0.7611893947261671,0.3355114397915864
Total (2013–2024),Tipologia | Movimento de Massa,Tipologia,Movimento de Massa,Robustez: diferença sazonal,12,131,BIC,2,Inadimplência,12,5.800375019602253e-08,12,0.00022596368531854085,-0.3911617949308073,-0.0833314191572071,0.17256837763982227,True,0.031405021619292775,0.7203126105420705
Total (2013–2024),Tipologia | Movimento de Massa,Tipologia,Movimento de Massa,Robustez: diferença sazonal,12,131,BIC,2,Desastres,12,5.800375019602253e-08,12,2.145406664811716e-05,-0.3834157557787501,-0.14049342593124853,0.17256837763982227,True,0.6256315382669196,0.12354913073436308
Total (2013–2024),Tipologia | Onda de Calor e Baixa Umidade,Tipologia,Onda de Calor e Baixa Umidade,Principal: 11 dummies,12,143,AIC,5,Inadimplência,12,0.41900312149696517,14,0.03827568808734042,-0.07637070348119226,-0.1335319686457624,0.16684628002871474,False,2.0382222230387037e-14,0.0586192023610539
Total (2013–2024),Tipologia | Onda de Calor e Baixa Umidade,Tipologia,Onda de Calor e Baixa Umidade,Principal: 11 dummies,12,143,AIC,5,Desastres,12,0.41900312149696517,14,0.0017712577830361264,0.0005731664995413236,-0.018395824577006895,0.16684628002871474,False,0.00023495425876876903,0.4780164498855479
Total (2013–2024),Tipologia | Onda de Calor e Baixa Umidade,Tipologia,Onda de Calor e Baixa Umidade,Principal: 11 dummies,12,143,BIC,1,Inadimplência,12,0.048358168563066975,12,0.16145762344793071,-0.04220868563783767,-0.15460285035602261,0.16447954622615107,False,2.2733139754793485e-06,0.4962087913646931
Total (2013–2024),Tipologia | Onda de Calor e Baixa Umidade,Tipologia,Onda de Calor e Baixa Umidade,Principal: 11 dummies,12,143,BIC,1,Desastres,12,0.048358168563066975,12,0.2883183920478991,0.008433376247002846,-0.06958375367945817,0.16447954622615107,False,3.2807718669573413e-16,0.2523592477854862
Total (2013–2024),Tipologia | Onda de Calor e Baixa Umidade,Tipologia,Onda de Calor e Baixa Umidade,Comparação: sem dummies,12,143,AIC,12,Inadimplência,16,0.009359284484867482,28,0.009788135836078979,-0.01660753795833346,-0.03427396351935406,0.17124599510556343,False,4.990039624421587e-07,0.6479665063536286
Total (2013–2024),Tipologia | Onda de Calor e Baixa Umidade,Tipologia,Onda de Calor e Baixa Umidade,Comparação: sem dummies,12,143,AIC,12,Desastres,16,0.009359284484867482,28,0.00022106691362122648,-0.15331688288198417,0.020925624788302656,0.17124599510556343,False,3.506220366271149e-05,0.2199693415501158
Total (2013–2024),Tipologia | Onda de Calor e Baixa Umidade,Tipologia,Onda de Calor e Baixa Umidade,Comparação: sem dummies,12,143,BIC,6,Inadimplência,12,0.06421428341202645,16,0.004539475955770783,0.12327099974109752,0.09137850890506975,0.16745410091248514,False,3.9156292244844764e-19,0.24122048862704096
Total (2013–2024),Tipologia | Onda de Calor e Baixa Umidade,Tipologia,Onda de Calor e Baixa Umidade,Comparação: sem dummies,12,143,BIC,6,Desastres,12,0.06421428341202645,16,0.005512111227099552,0.04186618804912903,0.06784613600799823,0.16745410091248514,False,7.934638766010878e-09,0.0995677539854948
Total (2013–2024),Tipologia | Onda de Calor e Baixa Umidade,Tipologia,Onda de Calor e Baixa Umidade,Robustez: diferença sazonal,12,131,AIC,12,Inadimplência,16,0.0001285498604203291,28,0.00010755582805843539,-0.18201415454934303,-0.19480219861890824,0.17967290541752942,True,0.4275794602034818,0.903048241063223
Total (2013–2024),Tipologia | Onda de Calor e Baixa Umidade,Tipologia,Onda de Calor e Baixa Umidade,Robustez: diferença sazonal,12,131,AIC,12,Desastres,16,0.0001285498604203291,28,6.186910235056914e-07,-0.2019743292925674,-0.08411102797945762,0.17967290541752942,True,0.012930508006385864,0.25032502396547435
Total (2013–2024),Tipologia | Onda de Calor e Baixa Umidade,Tipologia,Onda de Calor e Baixa Umidade,Robustez: diferença sazonal,12,131,BIC,1,Inadimplência,12,2.5599956221737673e-07,12,0.00012821864419773198,-0.39954169425230546,-0.08389263499856808,0.17190337178417772,True,0.041570235271365275,0.9521524899361965
Total (2013–2024),Tipologia | Onda de Calor e Baixa Umidade,Tipologia,Onda de Calor e Baixa Umidade,Robustez: diferença sazonal,12,131,BIC,1,Desastres,12,2.5599956221737673e-07,12,3.0684153918605786e-05,-0.378917904874138,0.003433309586535278,0.17190337178417772,True,0.0182869990451842,0.9547842096014081
Total (2013–2024),Tipologia | Onda de Frio,Tipologia,Onda de Frio,Principal: 11 dummies,12,143,AIC,4,Inadimplência,12,0.1322318205857512,12,0.2891558100463135,-0.06394526480029901,-0.12702551155870176,0.1662450302172743,False,3.807966376137142e-16,0.07106821766137067
Total (2013–2024),Tipologia | Onda de Frio,Tipologia,Onda de Frio,Principal: 11 dummies,12,143,AIC,4,Desastres,12,0.1322318205857512,12,0.0003674398686116931,-0.17384162595382108,0.072884186814135,0.1662450302172743,True,3.253717444898728e-26,0.02378251050254454
Total (2013–2024),Tipologia | Onda de Frio,Tipologia,Onda de Frio,Principal: 11 dummies,12,143,BIC,2,Inadimplência,12,0.06107409458036118,12,0.23132348989004278,-0.05182933826251653,-0.14435538656987426,0.16506177652903772,False,3.864854193167918e-09,0.192931559340155
Total (2013–2024),Tipologia | Onda de Frio,Tipologia,Onda de Frio,Principal: 11 dummies,12,143,BIC,2,Desastres,12,0.06107409458036118,12,0.00024760878706097815,-0.20621154117396062,0.05640073819612653,0.16506177652903772,True,2.0080231486436233e-20,0.0019877342986578043
Total (2013–2024),Tipologia | Onda de Frio,Tipologia,Onda de Frio,Comparação: sem dummies,12,143,AIC,12,Inadimplência,16,0.0005421129527368434,28,0.0001718821996131897,0.038244313275626704,-0.08378288246243806,0.17124599510556343,False,6.174483507613892e-13,0.6607028951016802
Total (2013–2024),Tipologia | Onda de Frio,Tipologia,Onda de Frio,Comparação: sem dummies,12,143,AIC,12,Desastres,16,0.0005421129527368434,28,7.555083790395255e-06,-0.03887820182145426,0.1953651414236755,0.17124599510556343,False,8.038704020597984e-140,0.9423805241040998
Total (2013–2024),Tipologia | Onda de Frio,Tipologia,Onda de Frio,Comparação: sem dummies,12,143,BIC,1,Inadimplência,12,3.8892442804795883e-10,12,1.893119027649522e-14,0.4072931889288856,0.3151541187915464,0.16447954622615107,True,0.00034783561969580824,0.24967919637023658
Total (2013–2024),Tipologia | Onda de Frio,Tipologia,Onda de Frio,Comparação: sem dummies,12,143,BIC,1,Desastres,12,3.8892442804795883e-10,12,0.014456857885701424,-0.03526643765689974,0.23411847055668364,0.16447954622615107,False,4.68715342330515e-40,0.5674189827976797
Total (2013–2024),Tipologia | Onda de Frio,Tipologia,Onda de Frio,Robustez: diferença sazonal,12,131,AIC,12,Inadimplência,16,0.002401508908864815,28,4.160351885597767e-06,-0.17035775947681245,-0.2557101986640677,0.17967290541752942,False,0.16025520316765907,0.9962103481071852
Total (2013–2024),Tipologia | Onda de Frio,Tipologia,Onda de Frio,Robustez: diferença sazonal,12,131,AIC,12,Desastres,16,0.002401508908864815,28,8.731666970221953e-05,-0.09684885550820763,-0.13918377884748162,0.17967290541752942,False,0.2594107128601932,0.8705720621981378
Total (2013–2024),Tipologia | Onda de Frio,Tipologia,Onda de Frio,Robustez: diferença sazonal,12,131,BIC,2,Inadimplência,12,1.9722932947565426e-11,12,0.00014083522030421708,-0.4035237949036612,-0.07645956961854809,0.17256837763982227,True,0.007311374249195294,0.9766519155938613
Total (2013–2024),Tipologia | Onda de Frio,Tipologia,Onda de Frio,Robustez: diferença sazonal,12,131,BIC,2,Desastres,12,1.9722932947565426e-11,12,2.2126065638704797e-13,-0.5686574394230259,0.22722518293407293,0.17256837763982227,True,3.2732654976472984e-22,0.49830038935514864
Total (2013–2024),Tipologia | Outros,Tipologia,Outros,Principal: 11 dummies,12,143,AIC,3,Inadimplência,12,0.1346573580550107,12,0.3477236592469272,-0.06729483652131794,-0.11780944306232377,0.16565023392678924,False,4.355852196305107e-18,0.036567556598477706
Total (2013–2024),Tipologia | Outros,Tipologia,Outros,Principal: 11 dummies,12,143,AIC,3,Desastres,12,0.1346573580550107,12,0.0016800765550883303,0.0848317163035487,-0.07721399083551407,0.16565023392678924,False,0.0013241351328654163,0.1258784361972714
Total (2013–2024),Tipologia | Outros,Tipologia,Outros,Principal: 11 dummies,12,143,BIC,2,Inadimplência,12,0.02193329635661986,12,0.34730109005734805,-0.05322357923134328,-0.1560976171872012,0.16506177652903772,False,1.556646240433553e-11,0.1327654729868021
Total (2013–2024),Tipologia | Outros,Tipologia,Outros,Principal: 11 dummies,12,143,BIC,2,Desastres,12,0.02193329635661986,12,0.0001039080719419555,0.06344988741888206,-0.09058343467318997,0.16506177652903772,False,0.04765346759788241,0.04993253644980131
Total (2013–2024),Tipologia | Outros,Tipologia,Outros,Comparação: sem dummies,12,143,AIC,7,Inadimplência,12,0.00885061484193019,18,0.001084908688657398,0.2140589578620398,0.11259858189248673,0.16806861343965865,True,1.3048945788603928e-07,0.025366277652693704
Total (2013–2024),Tipologia | Outros,Tipologia,Outros,Comparação: sem dummies,12,143,AIC,7,Desastres,12,0.00885061484193019,18,0.0014305155193737801,0.07260765684691295,-0.0982904057938964,0.16806861343965865,False,0.04959117838609978,0.11801169567631473
Total (2013–2024),Tipologia | Outros,Tipologia,Outros,Comparação: sem dummies,12,143,BIC,3,Inadimplência,12,1.1290459340780604e-08,12,3.351149062717173e-10,0.3882363655571511,0.3403645328252454,0.16565023392678924,True,1.2422755563407213e-28,0.010922558892704088
Total (2013–2024),Tipologia | Outros,Tipologia,Outros,Comparação: sem dummies,12,143,BIC,3,Desastres,12,1.1290459340780604e-08,12,0.00015646214377102927,0.13710486349876327,-0.013548775126571128,0.16565023392678924,False,0.02185525941582928,0.14766372039052697
Total (2013–2024),Tipologia | Outros,Tipologia,Outros,Robustez: diferença sazonal,12,131,AIC,12,Inadimplência,16,0.014349107363892812,28,1.9152403380475353e-05,-0.1880860870958118,-0.2084770664195129,0.17967290541752942,True,0.2170199918318365,0.9675421514333765
Total (2013–2024),Tipologia | Outros,Tipologia,Outros,Robustez: diferença sazonal,12,131,AIC,12,Desastres,16,0.014349107363892812,28,0.0036945429087491934,-0.18598736291487708,-0.11692532442604998,0.17967290541752942,True,0.21650739159422808,0.5091960099786628
Total (2013–2024),Tipologia | Outros,Tipologia,Outros,Robustez: diferença sazonal,12,131,BIC,2,Inadimplência,12,3.883615357347304e-06,12,5.4279978113663055e-05,-0.4033231873565809,-0.09402702186794704,0.17256837763982227,True,0.008941500501964909,0.9770904465018967
Total (2013–2024),Tipologia | Outros,Tipologia,Outros,Robustez: diferença sazonal,12,131,BIC,2,Desastres,12,3.883615357347304e-06,12,1.5291518439688827e-07,-0.3401153078696092,-0.03996172072060779,0.17256837763982227,True,0.7092360616455748,0.8460042938399901
Total (2013–2024),Tipologia | Rompimento/Colapso de barragens,Tipologia,Rompimento/Colapso de barragens,Principal: 11 dummies,12,143,AIC,2,Inadimplência,12,0.25224372954692875,12,0.3100790852297135,-0.033174454404581694,-0.14904429035466166,0.16506177652903772,False,2.2560964948193694e-10,0.15142326501974945
Total (2013–2024),Tipologia | Rompimento/Colapso de barragens,Tipologia,Rompimento/Colapso de barragens,Principal: 11 dummies,12,143,AIC,2,Desastres,12,0.25224372954692875,12,0.10963394262504526,0.0020385351792926547,-0.09868252912927619,0.16506177652903772,False,1.3905256366123975e-23,0.05823743669350801
Total (2013–2024),Tipologia | Rompimento/Colapso de barragens,Tipologia,Rompimento/Colapso de barragens,Principal: 11 dummies,12,143,BIC,2,Inadimplência,12,0.25224372954692875,12,0.3100790852297135,-0.033174454404581694,-0.14904429035466166,0.16506177652903772,False,2.2560964948193694e-10,0.15142326501974945
Total (2013–2024),Tipologia | Rompimento/Colapso de barragens,Tipologia,Rompimento/Colapso de barragens,Principal: 11 dummies,12,143,BIC,2,Desastres,12,0.25224372954692875,12,0.10963394262504526,0.0020385351792926547,-0.09868252912927619,0.16506177652903772,False,1.3905256366123975e-23,0.05823743669350801
Total (2013–2024),Tipologia | Rompimento/Colapso de barragens,Tipologia,Rompimento/Colapso de barragens,Comparação: sem dummies,12,143,AIC,7,Inadimplência,12,0.028735536974848135,18,0.008958044071010609,0.1944517714453865,0.10749306735426631,0.16806861343965865,True,2.6955056843087588e-24,0.28146461252968286
Total (2013–2024),Tipologia | Rompimento/Colapso de barragens,Tipologia,Rompimento/Colapso de barragens,Comparação: sem dummies,12,143,AIC,7,Desastres,12,0.028735536974848135,18,0.0018276743484205715,0.07846181621793964,-0.021265459971083468,0.16806861343965865,False,3.214712320973428e-85,0.5896028672390189
Total (2013–2024),Tipologia | Rompimento/Colapso de barragens,Tipologia,Rompimento/Colapso de barragens,Comparação: sem dummies,12,143,BIC,2,Inadimplência,12,6.312272662063126e-10,12,1.3643291601821169e-16,0.39987461082664666,0.3045541663106278,0.16506177652903772,True,7.626639541876554e-07,0.051288651220020846
Total (2013–2024),Tipologia | Rompimento/Colapso de barragens,Tipologia,Rompimento/Colapso de barragens,Comparação: sem dummies,12,143,BIC,2,Desastres,12,6.312272662063126e-10,12,0.13864730884572707,0.08855048309958904,-0.002306447937710553,0.16506177652903772,False,3.827559950728909e-48,0.46665193582997455
Total (2013–2024),Tipologia | Rompimento/Colapso de barragens,Tipologia,Rompimento/Colapso de barragens,Robustez: diferença sazonal,12,131,AIC,12,Inadimplência,16,0.0013489962658593767,28,0.00012071442721561008,-0.15232517220352132,-0.22291775291341157,0.17967290541752942,False,0.7525252407951593,0.9196903895640898
Total (2013–2024),Tipologia | Rompimento/Colapso de barragens,Tipologia,Rompimento/Colapso de barragens,Robustez: diferença sazonal,12,131,AIC,12,Desastres,16,0.0013489962658593767,28,3.427853849337427e-05,-0.19636533659276637,-0.2313425660266631,0.17967290541752942,True,2.3322952133319287e-20,0.9319116534781193
Total (2013–2024),Tipologia | Rompimento/Colapso de barragens,Tipologia,Rompimento/Colapso de barragens,Robustez: diferença sazonal,12,131,BIC,2,Inadimplência,12,0.0012191116368482917,12,0.0004750204901313509,-0.365753880419775,-0.09493184847135894,0.17256837763982227,True,0.1836084298617422,0.3552537521750003
Total (2013–2024),Tipologia | Rompimento/Colapso de barragens,Tipologia,Rompimento/Colapso de barragens,Robustez: diferença sazonal,12,131,BIC,2,Desastres,12,0.0012191116368482917,12,0.00013425829132606334,-0.37860232461522225,-0.043908614833367464,0.17256837763982227,True,2.4814580868424178e-08,0.28568952429467226
Total (2013–2024),Tipologia | Tornado,Tipologia,Tornado,Principal: 11 dummies,12,143,AIC,5,Inadimplência,12,0.24717465846944295,14,0.3435818418876804,-0.09239165389360009,-0.12032312996826305,0.16684628002871474,False,4.106044655263229e-14,0.04477290563654842
Total (2013–2024),Tipologia | Tornado,Tipologia,Tornado,Principal: 11 dummies,12,143,AIC,5,Desastres,12,0.24717465846944295,14,0.046241838564679456,-0.04577986832787129,-0.07918856002270004,0.16684628002871474,False,0.0004695035594952339,0.04793997557966158
Total (2013–2024),Tipologia | Tornado,Tipologia,Tornado,Principal: 11 dummies,12,143,BIC,1,Inadimplência,12,0.002105321837065497,12,0.22428265004084252,-0.07560637216489842,-0.14241355970522582,0.16447954622615107,False,4.9086670925835075e-05,0.27880641594482736
Total (2013–2024),Tipologia | Tornado,Tipologia,Tornado,Principal: 11 dummies,12,143,BIC,1,Desastres,12,0.002105321837065497,12,0.0003692071895352895,-0.06491621459538104,-0.06081996501147477,0.16447954622615107,False,0.09168019668317337,0.31866287711326063
Total (2013–2024),Tipologia | Tornado,Tipologia,Tornado,Comparação: sem dummies,12,143,AIC,7,Inadimplência,12,0.039532325714224326,18,0.0022322755147076412,0.22532396260727466,0.1301643840985623,0.16806861343965865,True,5.411786003113818e-21,0.48846411304924564
Total (2013–2024),Tipologia | Tornado,Tipologia,Tornado,Comparação: sem dummies,12,143,AIC,7,Desastres,12,0.039532325714224326,18,0.008341251740016679,0.041853806000629754,0.00514026248591728,0.16806861343965865,False,3.7614885223485947e-08,0.48744024645475703
Total (2013–2024),Tipologia | Tornado,Tipologia,Tornado,Comparação: sem dummies,12,143,BIC,1,Inadimplência,12,2.131610503332525e-10,12,9.132965762487494e-14,0.39938981837566045,0.31768489200462363,0.16447954622615107,True,0.0001661786428137927,0.15953076194138716
Total (2013–2024),Tipologia | Tornado,Tipologia,Tornado,Comparação: sem dummies,12,143,BIC,1,Desastres,12,2.131610503332525e-10,12,0.0009836398005164707,0.008958121250980697,0.01064068276268303,0.16447954622615107,False,0.003515414887267522,0.8086617841007651
Total (2013–2024),Tipologia | Tornado,Tipologia,Tornado,Robustez: diferença sazonal,12,131,AIC,12,Inadimplência,16,2.6283001455656947e-06,28,4.670493023893089e-05,-0.20149328999977204,-0.18296574126185888,0.17967290541752942,True,0.5688222670642981,0.9102726675137169
Total (2013–2024),Tipologia | Tornado,Tipologia,Tornado,Robustez: diferença sazonal,12,131,AIC,12,Desastres,16,2.6283001455656947e-06,28,7.817821874662155e-09,-0.24985924465592887,-0.15207638965905448,0.17967290541752942,True,0.5372748097118174,0.8606396459667228
Total (2013–2024),Tipologia | Tornado,Tipologia,Tornado,Robustez: diferença sazonal,12,131,BIC,1,Inadimplência,12,6.225382432331341e-12,12,0.00021789120097781157,-0.3921475330608252,-0.09107595658675491,0.17190337178417772,True,0.030721824589962993,0.9592134176705619
Total (2013–2024),Tipologia | Tornado,Tipologia,Tornado,Robustez: diferença sazonal,12,131,BIC,1,Desastres,12,6.225382432331341e-12,12,4.409561558603444e-15,-0.47383574106746745,-0.0527143277197746,0.17190337178417772,True,0.26382098508655605,0.6646858182341563
Total (2013–2024),Tipologia | Vendavais e Ciclones,Tipologia,Vendavais e Ciclones,Principal: 11 dummies,12,143,AIC,3,Inadimplência,12,0.38214348698831807,12,0.6191829763644929,-0.06314264506379286,-0.1631883232596316,0.16565023392678924,False,3.8093004622230047e-22,0.018833236095317448
Total (2013–2024),Tipologia | Vendavais e Ciclones,Tipologia,Vendavais e Ciclones,Principal: 11 dummies,12,143,AIC,3,Desastres,12,0.38214348698831807,12,0.02632374646375625,-0.10588811821557087,-0.19011023639142094,0.16565023392678924,False,4.557853435819523e-10,0.00011802793213103462
Total (2013–2024),Tipologia | Vendavais e Ciclones,Tipologia,Vendavais e Ciclones,Principal: 11 dummies,12,143,BIC,3,Inadimplência,12,0.38214348698831807,12,0.6191829763644929,-0.06314264506379286,-0.1631883232596316,0.16565023392678924,False,3.8093004622230047e-22,0.018833236095317448
Total (2013–2024),Tipologia | Vendavais e Ciclones,Tipologia,Vendavais e Ciclones,Principal: 11 dummies,12,143,BIC,3,Desastres,12,0.38214348698831807,12,0.02632374646375625,-0.10588811821557087,-0.19011023639142094,0.16565023392678924,False,4.557853435819523e-10,0.00011802793213103462
Total (2013–2024),Tipologia | Vendavais e Ciclones,Tipologia,Vendavais e Ciclones,Comparação: sem dummies,12,143,AIC,9,Inadimplência,13,0.008089600218355423,22,0.004495679695259909,0.1613764601485075,-0.03443871856778427,0.16931821141394657,False,2.8767088799719336e-17,0.08943993532363166
Total (2013–2024),Tipologia | Vendavais e Ciclones,Tipologia,Vendavais e Ciclones,Comparação: sem dummies,12,143,AIC,9,Desastres,13,0.008089600218355423,22,0.06515095897275737,0.013931737399116594,0.04640177757086691,0.16931821141394657,False,1.1521975397939749e-05,0.0006680490264481805
Total (2013–2024),Tipologia | Vendavais e Ciclones,Tipologia,Vendavais e Ciclones,Comparação: sem dummies,12,143,BIC,1,Inadimplência,12,2.8971923125617653e-12,12,3.968751080886032e-12,0.38317777188789703,0.30637517978558054,0.16447954622615107,True,0.0010638335629549927,0.1480167323986009
Total (2013–2024),Tipologia | Vendavais e Ciclones,Tipologia,Vendavais e Ciclones,Comparação: sem dummies,12,143,BIC,1,Desastres,12,2.8971923125617653e-12,12,0.03226394208091261,0.15096474297889007,0.11236400075459964,0.16447954622615107,False,0.0005850909054340518,6.02005532883062e-05
Total (2013–2024),Tipologia | Vendavais e Ciclones,Tipologia,Vendavais e Ciclones,Robustez: diferença sazonal,12,131,AIC,12,Inadimplência,16,0.00010353738153389976,28,8.33635360595912e-06,-0.1518420763182899,-0.2594474467063826,0.17967290541752942,False,0.15229514603368863,0.9454893236947415
Total (2013–2024),Tipologia | Vendavais e Ciclones,Tipologia,Vendavais e Ciclones,Robustez: diferença sazonal,12,131,AIC,12,Desastres,16,0.00010353738153389976,28,1.4656768186988256e-08,-0.3260015204055031,-0.11169764469438286,0.17967290541752942,True,0.00868738373396467,0.5684908637427486
Total (2013–2024),Tipologia | Vendavais e Ciclones,Tipologia,Vendavais e Ciclones,Robustez: diferença sazonal,12,131,BIC,3,Inadimplência,12,0.00021509589280163842,12,0.00030792367255867063,-0.39299579019715036,-0.12589559759787697,0.17324116139070414,True,0.00011392496671048039,0.7712789109861857
Total (2013–2024),Tipologia | Vendavais e Ciclones,Tipologia,Vendavais e Ciclones,Robustez: diferença sazonal,12,131,BIC,3,Desastres,12,0.00021509589280163842,12,1.334627500110817e-05,-0.38790903468639604,-0.12391435524011056,0.17324116139070414,True,3.72584491890912e-08,0.5930718994142432
Pré-pandemia (até jan/2020),Total nacional,Referência,Total nacional,Principal: 11 dummies,6,84,AIC,4,Inadimplência,12,0.14002060188192808,12,0.014335852664259147,-0.20120401923102563,-0.1373247470467025,0.21913466179497937,False,0.015987436948370348,0.572645559239722
Pré-pandemia (até jan/2020),Total nacional,Referência,Total nacional,Principal: 11 dummies,6,84,AIC,4,Desastres,12,0.14002060188192808,12,0.1610959738944014,0.07915292259018045,-0.21324960148138536,0.21913466179497937,False,0.9490779818674095,0.19125594129701842
Pré-pandemia (até jan/2020),Total nacional,Referência,Total nacional,Principal: 11 dummies,6,84,BIC,2,Inadimplência,12,0.02083590647052116,12,0.004186547539009246,-0.1697481788896386,-0.1633053552269902,0.2164457911066992,False,0.41467257537781554,0.8132813687523789
Pré-pandemia (até jan/2020),Total nacional,Referência,Total nacional,Principal: 11 dummies,6,84,BIC,2,Desastres,12,0.02083590647052116,12,0.3491065906243571,0.05427377808595315,-0.15732445487505714,0.2164457911066992,False,0.5549372198313358,0.4675119241337853
Pré-pandemia (até jan/2020),Total nacional,Referência,Total nacional,Comparação: sem dummies,11,84,AIC,7,Inadimplência,12,0.37673724356087124,18,0.04525317570537502,0.06748634821526468,0.09725907180476007,0.22336272986089037,False,0.12363374566995111,0.4408288459750151
Pré-pandemia (até jan/2020),Total nacional,Referência,Total nacional,Comparação: sem dummies,11,84,AIC,7,Desastres,12,0.37673724356087124,18,0.05169224431529211,0.09787116323220874,-0.11976661300765731,0.22336272986089037,False,0.5882891206967769,0.2948989416151338
Pré-pandemia (até jan/2020),Total nacional,Referência,Total nacional,Comparação: sem dummies,11,84,BIC,2,Inadimplência,12,0.0001750461422414678,12,1.000091566080969e-05,0.28276431218896825,0.20280195704986506,0.2164457911066992,True,0.10551527286478288,0.8423913102193371
Pré-pandemia (até jan/2020),Total nacional,Referência,Total nacional,Comparação: sem dummies,11,84,BIC,2,Desastres,12,0.0001750461422414678,12,0.11630994625241028,0.20094227132430806,0.0061359062148658005,0.2164457911066992,False,0.727860323781877,0.5381497822594241
Pré-pandemia (até jan/2020),Total nacional,Referência,Total nacional,Robustez: diferença sazonal,9,72,AIC,4,Inadimplência,12,0.008059815596112881,12,0.0022915750812343818,-0.3945114057245866,-0.010783478735978408,0.2376849125356063,True,0.9900245253152734,0.8252660064629876
Pré-pandemia (até jan/2020),Total nacional,Referência,Total nacional,Robustez: diferença sazonal,9,72,AIC,4,Desastres,12,0.008059815596112881,12,0.08216977258629166,-0.21108891133499488,-0.15552422159821702,0.2376849125356063,False,0.5657805316539848,0.748417640395203
Pré-pandemia (até jan/2020),Total nacional,Referência,Total nacional,Robustez: diferença sazonal,9,72,BIC,2,Inadimplência,12,0.0003520249001071016,12,0.0029630015522561096,-0.33643448976589485,-0.009012181707046108,0.23426480742954114,True,0.5661381175683255,0.18657133425035274
Pré-pandemia (até jan/2020),Total nacional,Referência,Total nacional,Robustez: diferença sazonal,9,72,BIC,2,Desastres,12,0.0003520249001071016,12,0.01777658011300165,-0.29636425565615204,-0.10722235891032166,0.23426480742954114,True,0.418160098961339,0.6211208948373843
Pré-pandemia (até jan/2020),Grupo | Climatológico,Grupo,Climatológico,Principal: 11 dummies,6,84,AIC,5,Inadimplência,12,0.018108984584363386,14,0.029208477418130173,-0.18741915991808125,-0.15695907708144827,0.2205172285815007,False,0.06304846589388363,0.36079677488765016
Pré-pandemia (até jan/2020),Grupo | Climatológico,Grupo,Climatológico,Principal: 11 dummies,6,84,AIC,5,Desastres,12,0.018108984584363386,14,0.00365712782130378,-0.012483981495925701,-0.24987785603307175,0.2205172285815007,False,0.07631694210179882,0.903613463304817
Pré-pandemia (até jan/2020),Grupo | Climatológico,Grupo,Climatológico,Principal: 11 dummies,6,84,BIC,1,Inadimplência,12,0.00029944787468816244,12,0.0023404363657852268,-0.08355475965989154,-0.21279505102383048,0.21513794957979307,False,0.5753300998079489,0.9779236490261244
Pré-pandemia (até jan/2020),Grupo | Climatológico,Grupo,Climatológico,Principal: 11 dummies,6,84,BIC,1,Desastres,12,0.00029944787468816244,12,0.014104616961907413,0.03892311720488308,-0.161307600052074,0.21513794957979307,False,0.524654617533961,0.4795789183995759
Pré-pandemia (até jan/2020),Grupo | Climatológico,Grupo,Climatológico,Comparação: sem dummies,11,84,AIC,7,Inadimplência,12,0.2423866130812222,18,0.13871877104972602,0.04564189068519737,0.03182373118936749,0.22336272986089037,False,0.5743480769668106,0.20961080885809608
Pré-pandemia (até jan/2020),Grupo | Climatológico,Grupo,Climatológico,Comparação: sem dummies,11,84,AIC,7,Desastres,12,0.2423866130812222,18,0.010198211971005622,0.11392656804617503,-0.07202380744158406,0.22336272986089037,False,0.11017437919456838,0.8756998833251779
Pré-pandemia (até jan/2020),Grupo | Climatológico,Grupo,Climatológico,Comparação: sem dummies,11,84,BIC,1,Inadimplência,12,6.588510093087708e-08,12,8.823359343319807e-07,0.29596905779597577,0.15682030004459832,0.21513794957979307,True,0.5508078968585657,0.0899014951811613
Pré-pandemia (até jan/2020),Grupo | Climatológico,Grupo,Climatológico,Comparação: sem dummies,11,84,BIC,1,Desastres,12,6.588510093087708e-08,12,3.247133475025155e-05,0.26936180022750833,0.05952169895538069,0.21513794957979307,True,0.5047919803117836,0.2708585260597949
Pré-pandemia (até jan/2020),Grupo | Climatológico,Grupo,Climatológico,Robustez: diferença sazonal,9,72,AIC,4,Inadimplência,12,0.028198426203353503,12,0.009395122502710738,-0.3623181046386729,-0.05494476905813926,0.2376849125356063,True,0.981539363485411,0.7980738031913065
Pré-pandemia (até jan/2020),Grupo | Climatológico,Grupo,Climatológico,Robustez: diferença sazonal,9,72,AIC,4,Desastres,12,0.028198426203353503,12,0.007207850294705868,-0.15152010646400293,-0.1953635916805057,0.2376849125356063,False,0.7195391055629025,0.7504725698205059
Pré-pandemia (até jan/2020),Grupo | Climatológico,Grupo,Climatológico,Robustez: diferença sazonal,9,72,BIC,1,Inadimplência,12,7.105408146638725e-06,12,0.004066653706395267,-0.35162331332839375,-0.04569733177938073,0.23260920500599525,True,0.556562263588052,0.0128552260512279
Pré-pandemia (até jan/2020),Grupo | Climatológico,Grupo,Climatológico,Robustez: diferença sazonal,9,72,BIC,1,Desastres,12,7.105408146638725e-06,12,0.0036606859862921798,-0.27166601319730227,-0.09367642852342363,0.23260920500599525,True,0.8905471066258057,0.43607380025841613
Pré-pandemia (até jan/2020),Grupo | Hidrológico,Grupo,Hidrológico,Principal: 11 dummies,6,84,AIC,3,Inadimplência,12,0.37110740545024207,12,0.20969461732896894,-0.13915391635109992,-0.18313615700391328,0.21777777777777776,False,0.02176537305437487,0.44695441777609074
Pré-pandemia (até jan/2020),Grupo | Hidrológico,Grupo,Hidrológico,Principal: 11 dummies,6,84,AIC,3,Desastres,12,0.37110740545024207,12,0.12147215897322182,-0.13212416473347866,-0.023386189744653535,0.21777777777777776,False,0.00024703991499925833,0.21443064744079313
Pré-pandemia (até jan/2020),Grupo | Hidrológico,Grupo,Hidrológico,Principal: 11 dummies,6,84,BIC,1,Inadimplência,12,0.21773761638589192,12,0.0058776261488322455,-0.0608659530583568,-0.25079738053698175,0.21513794957979307,False,0.8395331718001076,0.9480852076328203
Pré-pandemia (até jan/2020),Grupo | Hidrológico,Grupo,Hidrológico,Principal: 11 dummies,6,84,BIC,1,Desastres,12,0.21773761638589192,12,0.22543354789400963,-0.12937665033621784,-0.04791302709058258,0.21513794957979307,False,1.793676896397908e-05,0.3156202055475183
Pré-pandemia (até jan/2020),Grupo | Hidrológico,Grupo,Hidrológico,Comparação: sem dummies,11,84,AIC,6,Inadimplência,12,0.8477713458295117,16,0.040190929013596235,0.006609538413080561,-0.07791216429108001,0.22192629869234073,False,0.004881427734686994,0.9758509364179204
Pré-pandemia (até jan/2020),Grupo | Hidrológico,Grupo,Hidrológico,Comparação: sem dummies,11,84,AIC,6,Desastres,12,0.8477713458295117,16,0.05862258771517268,0.10197407791587156,0.07552927392029228,0.22192629869234073,False,0.019300687395157112,0.6986435513782114
Pré-pandemia (até jan/2020),Grupo | Hidrológico,Grupo,Hidrológico,Comparação: sem dummies,11,84,BIC,1,Inadimplência,12,7.522476735438983e-07,12,3.4397270007439534e-09,0.37375829716868736,0.2087103864263366,0.21513794957979307,True,0.1761147386714875,0.6028395355388028
Pré-pandemia (até jan/2020),Grupo | Hidrológico,Grupo,Hidrológico,Comparação: sem dummies,11,84,BIC,1,Desastres,12,7.522476735438983e-07,12,0.03506940583790228,0.2771052759769029,0.22751054524539774,0.21513794957979307,True,0.030397318573965344,0.07061115902297299
Pré-pandemia (até jan/2020),Grupo | Hidrológico,Grupo,Hidrológico,Robustez: diferença sazonal,9,72,AIC,3,Inadimplência,12,0.011869739787125133,12,0.027787003372370455,-0.3530255932758394,-0.06919353391362995,0.23595627204810762,True,0.8983578119550573,0.850969246223842
Pré-pandemia (até jan/2020),Grupo | Hidrológico,Grupo,Hidrológico,Robustez: diferença sazonal,9,72,AIC,3,Desastres,12,0.011869739787125133,12,0.0001700283389155083,-0.43535572717638205,0.014460980350468463,0.23595627204810762,True,0.013580072644432253,0.769238315272653
Pré-pandemia (até jan/2020),Grupo | Hidrológico,Grupo,Hidrológico,Robustez: diferença sazonal,9,72,BIC,1,Inadimplência,12,0.0072842142261390665,12,0.017375846122578198,-0.2946140022931066,-0.07732071862191077,0.23260920500599525,True,0.42967004443173606,0.11021997251974575
Pré-pandemia (até jan/2020),Grupo | Hidrológico,Grupo,Hidrológico,Robustez: diferença sazonal,9,72,BIC,1,Desastres,12,0.0072842142261390665,12,0.0011217580118390914,-0.4287351307126539,0.013106322955674042,0.23260920500599525,True,0.12326627944663385,0.19010323176875518
Pré-pandemia (até jan/2020),Grupo | Meteorológico,Grupo,Meteorológico,Principal: 11 dummies,6,84,AIC,6,Inadimplência,12,0.0063779549205124865,16,0.0012615268279033615,-0.26669395968937626,-0.14836857590844532,0.22192629869234073,True,0.0010006232128431912,0.8772917054038492
Pré-pandemia (até jan/2020),Grupo | Meteorológico,Grupo,Meteorológico,Principal: 11 dummies,6,84,AIC,6,Desastres,12,0.0063779549205124865,16,0.004009911041062102,0.10080661322010918,-0.14323995648203827,0.22192629869234073,False,0.5367539930992651,0.2469490626981888
Pré-pandemia (até jan/2020),Grupo | Meteorológico,Grupo,Meteorológico,Principal: 11 dummies,6,84,BIC,1,Inadimplência,12,0.0006658377372975729,12,0.004162417074819967,-0.10291847377897143,-0.22509038165056852,0.21513794957979307,False,0.7052505480551279,0.9615446834845262
Pré-pandemia (até jan/2020),Grupo | Meteorológico,Grupo,Meteorológico,Principal: 11 dummies,6,84,BIC,1,Desastres,12,0.0006658377372975729,12,0.0026015038956206295,-0.028396008934567635,-0.12266604825413434,0.21513794957979307,False,0.5339573365829912,0.03486446340798399
Pré-pandemia (até jan/2020),Grupo | Meteorológico,Grupo,Meteorológico,Comparação: sem dummies,11,84,AIC,11,Inadimplência,15,0.11880019665322689,26,0.03456333797243642,-0.08890405838884786,-0.06690538798454676,0.2294006485044159,False,1.2633958762510263e-05,0.6507798091073687
Pré-pandemia (até jan/2020),Grupo | Meteorológico,Grupo,Meteorológico,Comparação: sem dummies,11,84,AIC,11,Desastres,15,0.11880019665322689,26,0.0003145282806469746,-0.10194561307693478,-0.04172915270726069,0.2294006485044159,False,0.6916295879009555,0.045033827112497184
Pré-pandemia (até jan/2020),Grupo | Meteorológico,Grupo,Meteorológico,Comparação: sem dummies,11,84,BIC,6,Inadimplência,12,0.006307384859053418,16,0.03298876396811824,0.012793220773036401,-0.018550068956766898,0.22192629869234073,False,2.1871680926605602e-05,0.9733917263257723
Pré-pandemia (até jan/2020),Grupo | Meteorológico,Grupo,Meteorológico,Comparação: sem dummies,11,84,BIC,6,Desastres,12,0.006307384859053418,16,0.0001809864341428555,0.25677570451276077,0.08050318849421148,0.22192629869234073,True,0.5774818057594562,0.2698609157749999
Pré-pandemia (até jan/2020),Grupo | Meteorológico,Grupo,Meteorológico,Robustez: diferença sazonal,9,72,AIC,6,Inadimplência,12,0.007854122919633083,16,0.00038182339345837606,-0.41026336766189914,-0.04873532451683132,0.24125932231949213,True,0.3554206153719503,0.7359930363197336
Pré-pandemia (até jan/2020),Grupo | Meteorológico,Grupo,Meteorológico,Robustez: diferença sazonal,9,72,AIC,6,Desastres,12,0.007854122919633083,16,0.042868804531041936,-0.14965628403656986,-0.08251417211601952,0.24125932231949213,False,0.41050723952302914,0.11976973433979
Pré-pandemia (até jan/2020),Grupo | Meteorológico,Grupo,Meteorológico,Robustez: diferença sazonal,9,72,BIC,1,Inadimplência,12,1.746762138551946e-05,12,0.02804026741994995,-0.2961911676633271,-0.04903508114419034,0.23260920500599525,True,0.6380416473697033,0.4737642429038791
Pré-pandemia (até jan/2020),Grupo | Meteorológico,Grupo,Meteorológico,Robustez: diferença sazonal,9,72,BIC,1,Desastres,12,1.746762138551946e-05,12,5.529199028026111e-06,-0.36776489774040905,-0.024959370819887167,0.23260920500599525,True,0.6552539450847004,0.1819298014901204
Pré-pandemia (até jan/2020),Grupo | Outros,Grupo,Outros,Principal: 11 dummies,6,84,AIC,4,Inadimplência,12,0.018391438685386462,12,0.012079292502415968,-0.18873133473058656,-0.08013679866183321,0.21913466179497937,False,0.14691554082372724,0.15345328904045308
Pré-pandemia (até jan/2020),Grupo | Outros,Grupo,Outros,Principal: 11 dummies,6,84,AIC,4,Desastres,12,0.018391438685386462,12,0.2057666944670945,0.05306817412316667,-0.26039100104138263,0.21913466179497937,False,0.06707080232192852,0.06371135488207678
Pré-pandemia (até jan/2020),Grupo | Outros,Grupo,Outros,Principal: 11 dummies,6,84,BIC,1,Inadimplência,12,0.000747151118688357,12,0.004819569094497551,-0.07300986911515299,-0.22612502965298964,0.21513794957979307,False,0.7836768741076968,0.9719636111952273
Pré-pandemia (até jan/2020),Grupo | Outros,Grupo,Outros,Principal: 11 dummies,6,84,BIC,1,Desastres,12,0.000747151118688357,12,0.0013134137282768102,0.08563444446705883,-0.26141692368110525,0.21513794957979307,False,0.9548547628237007,0.012762079028882468
Pré-pandemia (até jan/2020),Grupo | Outros,Grupo,Outros,Comparação: sem dummies,11,84,AIC,11,Inadimplência,15,0.05999486798280958,26,0.0025887679386558398,-0.02141666289144493,0.14546640191042742,0.2294006485044159,False,0.8926512982409622,0.6114414836170615
Pré-pandemia (até jan/2020),Grupo | Outros,Grupo,Outros,Comparação: sem dummies,11,84,AIC,11,Desastres,15,0.05999486798280958,26,0.006066338542341865,0.05336262012041837,-0.014925131084389658,0.2294006485044159,False,0.025262904726301657,0.3465099797136834
Pré-pandemia (até jan/2020),Grupo | Outros,Grupo,Outros,Comparação: sem dummies,11,84,BIC,1,Inadimplência,12,3.3320401985740557e-07,12,1.9845059061580873e-08,0.363177878334877,0.213689661074415,0.21513794957979307,True,0.1306417827093221,0.7788695488122213
Pré-pandemia (até jan/2020),Grupo | Outros,Grupo,Outros,Comparação: sem dummies,11,84,BIC,1,Desastres,12,3.3320401985740557e-07,12,0.014543345042106488,0.21968048762355563,-0.03908774988496032,0.21513794957979307,True,0.0024558943203699516,0.35856640467011913
Pré-pandemia (até jan/2020),Grupo | Outros,Grupo,Outros,Robustez: diferença sazonal,9,72,AIC,4,Inadimplência,12,0.013503910636001183,12,0.000132175064522841,-0.46065228549308723,0.022726675355731387,0.2376849125356063,True,0.7394776917872041,0.18265614250688092
Pré-pandemia (até jan/2020),Grupo | Outros,Grupo,Outros,Robustez: diferença sazonal,9,72,AIC,4,Desastres,12,0.013503910636001183,12,0.130688666298771,-0.1585650594996219,-0.20031714378166193,0.2376849125356063,False,0.08023278447743416,0.28166887034548077
Pré-pandemia (até jan/2020),Grupo | Outros,Grupo,Outros,Robustez: diferença sazonal,9,72,BIC,1,Inadimplência,12,0.0008711168031282284,12,0.0065458828562813725,-0.33929277577851336,-0.032659962553048844,0.23260920500599525,True,0.5402291326735391,0.2522760341736558
Pré-pandemia (até jan/2020),Grupo | Outros,Grupo,Outros,Robustez: diferença sazonal,9,72,BIC,1,Desastres,12,0.0008711168031282284,12,0.0006013014574266706,-0.23430018274133138,-0.128163864594245,0.23260920500599525,True,0.5554322495126696,0.10439391515288952
Pré-pandemia (até jan/2020),Tipologia | Alagamentos,Tipologia,Alagamentos,Principal: 11 dummies,6,84,AIC,6,Inadimplência,12,0.16969575313684296,16,0.12868208916303517,-0.12133320493582378,-0.19580843713720505,0.22192629869234073,False,0.0032067999444651803,0.7152443837962303
Pré-pandemia (até jan/2020),Tipologia | Alagamentos,Tipologia,Alagamentos,Principal: 11 dummies,6,84,AIC,6,Desastres,12,0.16969575313684296,16,0.15984750573934986,-0.13934180030658191,-0.07900509039114827,0.22192629869234073,False,0.5276931998246309,0.33260184034944335
Pré-pandemia (até jan/2020),Tipologia | Alagamentos,Tipologia,Alagamentos,Principal: 11 dummies,6,84,BIC,1,Inadimplência,12,0.007212495046605832,12,0.005461266000651629,-0.08118683174066547,-0.2219860974021622,0.21513794957979307,False,0.7248422155551398,0.6655785090602346
Pré-pandemia (até jan/2020),Tipologia | Alagamentos,Tipologia,Alagamentos,Principal: 11 dummies,6,84,BIC,1,Desastres,12,0.007212495046605832,12,0.018916246092378942,-0.17369190688442707,-0.080900033379078,0.21513794957979307,False,0.08718463966191031,0.1304050475479347
Pré-pandemia (até jan/2020),Tipologia | Alagamentos,Tipologia,Alagamentos,Comparação: sem dummies,11,84,AIC,6,Inadimplência,12,0.6086712233258771,16,0.09567330802544051,0.04787700902068077,-0.04932050349942572,0.22192629869234073,False,0.07406272728665127,0.8982985959003128
Pré-pandemia (até jan/2020),Tipologia | Alagamentos,Tipologia,Alagamentos,Comparação: sem dummies,11,84,AIC,6,Desastres,12,0.6086712233258771,16,0.13846356430817156,0.09034801408394443,0.06325578424243149,0.22192629869234073,False,0.7422296460244917,0.8445671790620902
Pré-pandemia (até jan/2020),Tipologia | Alagamentos,Tipologia,Alagamentos,Comparação: sem dummies,11,84,BIC,1,Inadimplência,12,2.6668224849430575e-06,12,1.12359814142511e-08,0.3698201167153705,0.20953275388454828,0.21513794957979307,True,0.1858233733087065,0.17356846637866172
Pré-pandemia (até jan/2020),Tipologia | Alagamentos,Tipologia,Alagamentos,Comparação: sem dummies,11,84,BIC,1,Desastres,12,2.6668224849430575e-06,12,0.027286355189521,0.20315081524647793,0.16928620831990368,0.21513794957979307,False,0.8498955168675038,0.36813564674238364
Pré-pandemia (até jan/2020),Tipologia | Alagamentos,Tipologia,Alagamentos,Robustez: diferença sazonal,9,72,AIC,6,Inadimplência,12,0.009325659880739781,16,0.017227608351342804,-0.30937491714132287,-0.09957570193014402,0.24125932231949213,True,0.7201066792392321,0.8606160901937779
Pré-pandemia (até jan/2020),Tipologia | Alagamentos,Tipologia,Alagamentos,Robustez: diferença sazonal,9,72,AIC,6,Desastres,12,0.009325659880739781,16,0.0032749772478869133,-0.36973707405367706,0.019745800629104797,0.24125932231949213,True,0.777348513629033,0.5165076444649777
Pré-pandemia (até jan/2020),Tipologia | Alagamentos,Tipologia,Alagamentos,Robustez: diferença sazonal,9,72,BIC,2,Inadimplência,12,0.0007847275891129041,12,0.0715221449862786,-0.20173942720442256,-0.08248377821932748,0.23426480742954114,False,0.7040257780275785,0.8831418025103751
Pré-pandemia (até jan/2020),Tipologia | Alagamentos,Tipologia,Alagamentos,Robustez: diferença sazonal,9,72,BIC,2,Desastres,12,0.0007847275891129041,12,0.0005609244683404086,-0.41986097430206776,-0.035764686527460704,0.23426480742954114,True,0.953225648961781,0.8498599957079345
Pré-pandemia (até jan/2020),Tipologia | Chuvas Intensas,Tipologia,Chuvas Intensas,Principal: 11 dummies,6,84,AIC,3,Inadimplência,12,0.5453875674518843,12,0.23212919214944647,-0.1325395109372465,-0.18792810974829297,0.21777777777777776,False,0.1692624456064279,0.17958410745451367
Pré-pandemia (até jan/2020),Tipologia | Chuvas Intensas,Tipologia,Chuvas Intensas,Principal: 11 dummies,6,84,AIC,3,Desastres,12,0.5453875674518843,12,0.48246814110327707,-0.017642947077619847,-0.006247303845581407,0.21777777777777776,False,0.2227121480335188,0.22719647710894653
Pré-pandemia (até jan/2020),Tipologia | Chuvas Intensas,Tipologia,Chuvas Intensas,Principal: 11 dummies,6,84,BIC,1,Inadimplência,12,0.2618700255487927,12,0.005999967126587694,-0.056315302308835545,-0.25989393876972006,0.21513794957979307,False,0.8897247148953122,0.9447148415770928
Pré-pandemia (até jan/2020),Tipologia | Chuvas Intensas,Tipologia,Chuvas Intensas,Principal: 11 dummies,6,84,BIC,1,Desastres,12,0.2618700255487927,12,0.505110862700095,0.01308692025050757,-0.027105367933934598,0.21513794957979307,False,0.1321015147639542,0.048014037848535175
Pré-pandemia (até jan/2020),Tipologia | Chuvas Intensas,Tipologia,Chuvas Intensas,Comparação: sem dummies,11,84,AIC,6,Inadimplência,12,0.5924809967513132,16,0.023034413416885596,0.024273767944742983,-0.06410370377489834,0.22192629869234073,False,0.01203799542046861,0.96691665955178
Pré-pandemia (até jan/2020),Tipologia | Chuvas Intensas,Tipologia,Chuvas Intensas,Comparação: sem dummies,11,84,AIC,6,Desastres,12,0.5924809967513132,16,0.03179478105792064,0.12179814203598127,0.04573818157534352,0.22192629869234073,False,0.9666340620316678,0.3079342366270687
Pré-pandemia (até jan/2020),Tipologia | Chuvas Intensas,Tipologia,Chuvas Intensas,Comparação: sem dummies,11,84,BIC,1,Inadimplência,12,5.604100452148358e-07,12,1.106589283272648e-09,0.37814143177834736,0.21163537850497563,0.21513794957979307,True,0.1889747309112502,0.6106528778681217
Pré-pandemia (até jan/2020),Tipologia | Chuvas Intensas,Tipologia,Chuvas Intensas,Comparação: sem dummies,11,84,BIC,1,Desastres,12,5.604100452148358e-07,12,0.04468408135616588,0.2875291782614665,0.19705458189551525,0.21513794957979307,True,0.693463145680391,0.07182513687605643
Pré-pandemia (até jan/2020),Tipologia | Chuvas Intensas,Tipologia,Chuvas Intensas,Robustez: diferença sazonal,9,72,AIC,3,Inadimplência,12,0.08292452385368479,12,0.03485439933009496,-0.34205160725291806,-0.050532745141612566,0.23595627204810762,True,0.9367005824241299,0.4646421505049042
Pré-pandemia (até jan/2020),Tipologia | Chuvas Intensas,Tipologia,Chuvas Intensas,Robustez: diferença sazonal,9,72,AIC,3,Desastres,12,0.08292452385368479,12,0.002560964843618226,-0.37951081228506356,-0.0206255994635176,0.23595627204810762,True,0.24457132734155362,0.9567465954691939
Pré-pandemia (até jan/2020),Tipologia | Chuvas Intensas,Tipologia,Chuvas Intensas,Robustez: diferença sazonal,9,72,BIC,1,Inadimplência,12,0.01995146975149967,12,0.007463475604359232,-0.3070121525529161,-0.06361067552755523,0.23260920500599525,True,0.4829162925401679,0.32218766626712597
Pré-pandemia (até jan/2020),Tipologia | Chuvas Intensas,Tipologia,Chuvas Intensas,Robustez: diferença sazonal,9,72,BIC,1,Desastres,12,0.01995146975149967,12,0.027377152349732398,-0.3695702648930879,-0.032776377705681085,0.23260920500599525,True,0.504127953051559,0.9184902783118414
Pré-pandemia (até jan/2020),Tipologia | Doenças infecciosas,Tipologia,Doenças infecciosas,Principal: 11 dummies,6,84,AIC,6,Inadimplência,12,0.0033655075788479585,16,0.031081155658638223,-0.21300195404444947,-0.09225760249118628,0.22192629869234073,False,0.10431323140331175,0.6016647222213367
Pré-pandemia (até jan/2020),Tipologia | Doenças infecciosas,Tipologia,Doenças infecciosas,Principal: 11 dummies,6,84,AIC,6,Desastres,12,0.0033655075788479585,16,0.0008193050945702881,0.233348952414191,-0.4702738201255192,0.22192629869234073,True,3.788020706799073e-17,0.007892605192054461
Pré-pandemia (até jan/2020),Tipologia | Doenças infecciosas,Tipologia,Doenças infecciosas,Principal: 11 dummies,6,84,BIC,3,Inadimplência,12,0.04257202450771387,12,0.13922969303637348,-0.13055331879001567,-0.1293728913980463,0.21777777777777776,False,0.01677508496497768,0.6231279617539935
Pré-pandemia (até jan/2020),Tipologia | Doenças infecciosas,Tipologia,Doenças infecciosas,Principal: 11 dummies,6,84,BIC,3,Desastres,12,0.04257202450771387,12,0.09628332708519942,0.1831075006981813,-0.47316720278884455,0.21777777777777776,False,0.0011265350788463118,0.0026350454711568786
Pré-pandemia (até jan/2020),Tipologia | Doenças infecciosas,Tipologia,Doenças infecciosas,Comparação: sem dummies,11,84,AIC,11,Inadimplência,15,0.0048829382153315086,26,0.01832890080135498,-0.1393376668442518,0.030278538346646525,0.2294006485044159,False,0.767240846003646,0.6163421330470176
Pré-pandemia (até jan/2020),Tipologia | Doenças infecciosas,Tipologia,Doenças infecciosas,Comparação: sem dummies,11,84,AIC,11,Desastres,15,0.0048829382153315086,26,0.007054283084622176,0.10892808847793238,-0.08687773131373915,0.2294006485044159,False,1.1870372689572745e-05,0.21847155722059308
Pré-pandemia (até jan/2020),Tipologia | Doenças infecciosas,Tipologia,Doenças infecciosas,Comparação: sem dummies,11,84,BIC,1,Inadimplência,12,5.190106873340593e-07,12,2.4464151206426216e-08,0.36377507946402954,0.2093413913240183,0.21513794957979307,True,0.13999938865900732,0.807197472585782
Pré-pandemia (até jan/2020),Tipologia | Doenças infecciosas,Tipologia,Doenças infecciosas,Comparação: sem dummies,11,84,BIC,1,Desastres,12,5.190106873340593e-07,12,0.001133860949732825,0.40414385462951863,-0.02963896416197221,0.21513794957979307,True,3.278116042206158e-22,0.47754416062922633
Pré-pandemia (até jan/2020),Tipologia | Doenças infecciosas,Tipologia,Doenças infecciosas,Robustez: diferença sazonal,9,72,AIC,5,Inadimplência,12,0.016935079847221896,14,0.0010764301033298915,-0.4054245102987171,0.009512229811886317,0.23945211093835822,True,0.7225486658083158,0.7515885246371207
Pré-pandemia (até jan/2020),Tipologia | Doenças infecciosas,Tipologia,Doenças infecciosas,Robustez: diferença sazonal,9,72,AIC,5,Desastres,12,0.016935079847221896,14,0.04616622722232476,0.08126066605244728,-0.3450330630773116,0.23945211093835822,False,0.00034949611685753757,0.6720001219821461
Pré-pandemia (até jan/2020),Tipologia | Doenças infecciosas,Tipologia,Doenças infecciosas,Robustez: diferença sazonal,9,72,BIC,1,Inadimplência,12,0.04932492684135328,12,0.00971335129314692,-0.33316906270461893,-0.03385848621462133,0.23260920500599525,True,0.6054262664801747,0.5167338143346558
Pré-pandemia (até jan/2020),Tipologia | Doenças infecciosas,Tipologia,Doenças infecciosas,Robustez: diferença sazonal,9,72,BIC,1,Desastres,12,0.04932492684135328,12,0.37046981869071827,0.01999806280079011,-0.26955150581563686,0.23260920500599525,False,0.0013412410435137156,0.7371075115636232
Pré-pandemia (até jan/2020),Tipologia | Enxurradas,Tipologia,Enxurradas,Principal: 11 dummies,6,84,AIC,4,Inadimplência,12,0.28590184900938637,12,0.029734589497223327,-0.1690981991876744,-0.18097756113797506,0.21913466179497937,False,0.0012844790765310684,0.3260938176226105
Pré-pandemia (até jan/2020),Tipologia | Enxurradas,Tipologia,Enxurradas,Principal: 11 dummies,6,84,AIC,4,Desastres,12,0.28590184900938637,12,0.009203842363960726,-0.16739143107033555,-0.03960620043403521,0.21913466179497937,False,0.5149763125319652,0.0031439916735858026
Pré-pandemia (até jan/2020),Tipologia | Enxurradas,Tipologia,Enxurradas,Principal: 11 dummies,6,84,BIC,1,Inadimplência,12,0.07966376778265385,12,0.004660152991516847,-0.06734744427371812,-0.2434579536778312,0.21513794957979307,False,0.7913791496734518,0.9730728888703165
Pré-pandemia (até jan/2020),Tipologia | Enxurradas,Tipologia,Enxurradas,Principal: 11 dummies,6,84,BIC,1,Desastres,12,0.07966376778265385,12,0.0723040133556675,-0.14318829926266458,-0.027339049031702988,0.21513794957979307,False,0.004725236285610124,0.04167117010998654
Pré-pandemia (até jan/2020),Tipologia | Enxurradas,Tipologia,Enxurradas,Comparação: sem dummies,11,84,AIC,6,Inadimplência,12,0.9030847361041554,16,0.07140604584514068,0.018339592694239834,-0.03301884970860357,0.22192629869234073,False,0.015269934401303947,0.9141144344141536
Pré-pandemia (até jan/2020),Tipologia | Enxurradas,Tipologia,Enxurradas,Comparação: sem dummies,11,84,AIC,6,Desastres,12,0.9030847361041554,16,0.00739353021432951,0.12383218601508464,0.09375891331798991,0.22192629869234073,False,0.05963076733317773,0.6121143917706495
Pré-pandemia (até jan/2020),Tipologia | Enxurradas,Tipologia,Enxurradas,Comparação: sem dummies,11,84,BIC,1,Inadimplência,12,3.75364528406949e-07,12,5.3919483823513056e-09,0.37081031697624534,0.2108300896503189,0.21513794957979307,True,0.15751150827531077,0.7969333373966533
Pré-pandemia (até jan/2020),Tipologia | Enxurradas,Tipologia,Enxurradas,Comparação: sem dummies,11,84,BIC,1,Desastres,12,3.75364528406949e-07,12,0.08393801155497059,0.23004043690566356,0.2407023803717156,0.21513794957979307,True,0.04614267633958074,0.03456707170944939
Pré-pandemia (até jan/2020),Tipologia | Enxurradas,Tipologia,Enxurradas,Robustez: diferença sazonal,9,72,AIC,5,Inadimplência,12,0.004293948260426821,14,0.0002948515430521201,-0.3677738245279427,-0.10099009773117705,0.23945211093835822,True,0.6544657938873548,0.78351279714773
Pré-pandemia (até jan/2020),Tipologia | Enxurradas,Tipologia,Enxurradas,Robustez: diferença sazonal,9,72,AIC,5,Desastres,12,0.004293948260426821,14,9.582263682430658e-06,-0.4566818734957057,0.015624560193877889,0.23945211093835822,True,0.8441259905994196,0.6563942634229503
Pré-pandemia (até jan/2020),Tipologia | Enxurradas,Tipologia,Enxurradas,Robustez: diferença sazonal,9,72,BIC,1,Inadimplência,12,0.008369993982828113,12,0.01506754888965317,-0.3039842116055277,-0.06757748212738679,0.23260920500599525,True,0.48804158469986414,0.13494797107162018
Pré-pandemia (até jan/2020),Tipologia | Enxurradas,Tipologia,Enxurradas,Robustez: diferença sazonal,9,72,BIC,1,Desastres,12,0.008369993982828113,12,0.0015888761598421629,-0.44273392494604735,0.010452860416577444,0.23260920500599525,True,0.23713006248404975,0.12378865134840723
Pré-pandemia (até jan/2020),Tipologia | Erosão,Tipologia,Erosão,Principal: 11 dummies,6,84,AIC,3,Inadimplência,12,0.05548974436618448,12,0.13604777247399807,-0.13247746205865338,-0.13845239881615548,0.21777777777777776,False,0.034469111736378386,0.5605551181568282
Pré-pandemia (até jan/2020),Tipologia | Erosão,Tipologia,Erosão,Principal: 11 dummies,6,84,AIC,3,Desastres,12,0.05548974436618448,12,0.01217424679679134,-0.2234995345169995,-0.025429202241806254,0.21777777777777776,True,0.3174115976468092,0.342367297380035
Pré-pandemia (até jan/2020),Tipologia | Erosão,Tipologia,Erosão,Principal: 11 dummies,6,84,BIC,3,Inadimplência,12,0.05548974436618448,12,0.13604777247399807,-0.13247746205865338,-0.13845239881615548,0.21777777777777776,False,0.034469111736378386,0.5605551181568282
Pré-pandemia (até jan/2020),Tipologia | Erosão,Tipologia,Erosão,Principal: 11 dummies,6,84,BIC,3,Desastres,12,0.05548974436618448,12,0.01217424679679134,-0.2234995345169995,-0.025429202241806254,0.21777777777777776,True,0.3174115976468092,0.342367297380035
Pré-pandemia (até jan/2020),Tipologia | Erosão,Tipologia,Erosão,Comparação: sem dummies,11,84,AIC,6,Inadimplência,12,0.2466550487622534,16,0.03050390533271622,0.10459506525803566,0.014833891075098294,0.22192629869234073,False,0.4685843560934052,0.7532113977207177
Pré-pandemia (até jan/2020),Tipologia | Erosão,Tipologia,Erosão,Comparação: sem dummies,11,84,AIC,6,Desastres,12,0.2466550487622534,16,0.006218674438699349,-0.1343122233183129,0.11243634793567549,0.22192629869234073,False,0.24392332021431,0.46740678319119455
Pré-pandemia (até jan/2020),Tipologia | Erosão,Tipologia,Erosão,Comparação: sem dummies,11,84,BIC,2,Inadimplência,12,3.8087460087051855e-06,12,3.284783618880108e-10,0.3871480032313049,0.24529548690559877,0.2164457911066992,True,0.14255282293661425,0.571776925766017
Pré-pandemia (até jan/2020),Tipologia | Erosão,Tipologia,Erosão,Comparação: sem dummies,11,84,BIC,2,Desastres,12,3.8087460087051855e-06,12,0.00411187326288175,-0.07822558946381863,0.03963902710264257,0.2164457911066992,False,0.6953289989491857,0.39900581615111286
Pré-pandemia (até jan/2020),Tipologia | Erosão,Tipologia,Erosão,Robustez: diferença sazonal,9,72,AIC,4,Inadimplência,12,0.007781872441676958,12,0.0011028717517409703,-0.39476408643876854,-0.029567655551747122,0.2376849125356063,True,0.7965249214053306,0.951273093145208
Pré-pandemia (até jan/2020),Tipologia | Erosão,Tipologia,Erosão,Robustez: diferença sazonal,9,72,AIC,4,Desastres,12,0.007781872441676958,12,0.005418067321973739,-0.3892674123300905,0.015752995880016833,0.2376849125356063,True,0.6702149421819799,0.3176571386399639
Pré-pandemia (até jan/2020),Tipologia | Erosão,Tipologia,Erosão,Robustez: diferença sazonal,9,72,BIC,2,Inadimplência,12,2.481977529138833e-06,12,0.0005284527951554047,-0.37254271639703285,0.014225412641689354,0.23426480742954114,True,0.5919476644393533,0.9648192825720818
Pré-pandemia (até jan/2020),Tipologia | Erosão,Tipologia,Erosão,Robustez: diferença sazonal,9,72,BIC,2,Desastres,12,2.481977529138833e-06,12,4.3672197465590765e-05,-0.472571358347061,0.0413794533402446,0.23426480742954114,True,0.9780925166276992,0.49198381824814186
Pré-pandemia (até jan/2020),Tipologia | Estiagem e Seca,Tipologia,Estiagem e Seca,Principal: 11 dummies,6,84,AIC,5,Inadimplência,12,0.050704825217445695,14,0.02365546484239232,-0.1930563972482018,-0.1573183315302712,0.2205172285815007,False,0.05626407639280709,0.41199663107283213
Pré-pandemia (até jan/2020),Tipologia | Estiagem e Seca,Tipologia,Estiagem e Seca,Principal: 11 dummies,6,84,AIC,5,Desastres,12,0.050704825217445695,14,0.019651422886819366,-0.004640361977070991,-0.2565415959713816,0.2205172285815007,False,0.01517112232495628,0.9042464333435384
Pré-pandemia (até jan/2020),Tipologia | Estiagem e Seca,Tipologia,Estiagem e Seca,Principal: 11 dummies,6,84,BIC,2,Inadimplência,12,0.000771786562677394,12,0.01074936062408897,-0.16351019097498237,-0.1545495318241076,0.2164457911066992,False,0.4117038882667591,0.7508032223058557
Pré-pandemia (até jan/2020),Tipologia | Estiagem e Seca,Tipologia,Estiagem e Seca,Principal: 11 dummies,6,84,BIC,2,Desastres,12,0.000771786562677394,12,0.003001250394916256,0.05824797609580014,-0.16690536766780742,0.2164457911066992,False,0.07338761046025388,0.5845370204363063
Pré-pandemia (até jan/2020),Tipologia | Estiagem e Seca,Tipologia,Estiagem e Seca,Comparação: sem dummies,11,84,AIC,7,Inadimplência,12,0.247630307013573,18,0.09338251779996547,0.05521175733496729,0.03772104561753319,0.22336272986089037,False,0.5358581513808354,0.26224933794571886
Pré-pandemia (até jan/2020),Tipologia | Estiagem e Seca,Tipologia,Estiagem e Seca,Comparação: sem dummies,11,84,AIC,7,Desastres,12,0.247630307013573,18,0.01353714733143121,0.11826940680237011,-0.06266250683967237,0.22336272986089037,False,0.06523937654680743,0.9611671881147982
Pré-pandemia (até jan/2020),Tipologia | Estiagem e Seca,Tipologia,Estiagem e Seca,Comparação: sem dummies,11,84,BIC,1,Inadimplência,12,1.5571068387781886e-07,12,9.694814819605814e-07,0.3000165394000399,0.1670802883252983,0.21513794957979307,True,0.47312566094784503,0.1259123070717784
Pré-pandemia (até jan/2020),Tipologia | Estiagem e Seca,Tipologia,Estiagem e Seca,Comparação: sem dummies,11,84,BIC,1,Desastres,12,1.5571068387781886e-07,12,0.00044081232127992964,0.2335208888359423,0.04161130234396868,0.21513794957979307,True,0.5209584428594621,0.5251573923062056
Pré-pandemia (até jan/2020),Tipologia | Estiagem e Seca,Tipologia,Estiagem e Seca,Robustez: diferença sazonal,9,72,AIC,4,Inadimplência,12,0.04925762057009068,12,0.006862381184241918,-0.37042962907736693,-0.05069378950835596,0.2376849125356063,True,0.9892207294012276,0.7981993537746943
Pré-pandemia (até jan/2020),Tipologia | Estiagem e Seca,Tipologia,Estiagem e Seca,Robustez: diferença sazonal,9,72,AIC,4,Desastres,12,0.04925762057009068,12,0.0143091091285956,-0.12808561148198422,-0.19821182101999701,0.2376849125356063,False,0.7802093842051259,0.684030074699151
Pré-pandemia (até jan/2020),Tipologia | Estiagem e Seca,Tipologia,Estiagem e Seca,Robustez: diferença sazonal,9,72,BIC,1,Inadimplência,12,8.209134594808066e-06,12,0.005430376169022456,-0.3514560918243261,-0.04179626391064034,0.23260920500599525,True,0.5722438587851216,0.019028471926847736
Pré-pandemia (até jan/2020),Tipologia | Estiagem e Seca,Tipologia,Estiagem e Seca,Robustez: diferença sazonal,9,72,BIC,1,Desastres,12,8.209134594808066e-06,12,0.003367526746800887,-0.2575721967267314,-0.08546977255630886,0.23260920500599525,True,0.7786402064796403,0.7451439731921214
Pré-pandemia (até jan/2020),Tipologia | Granizo,Tipologia,Granizo,Principal: 11 dummies,6,84,AIC,3,Inadimplência,12,0.029922991602174688,12,0.24331820096979415,-0.18976086441033746,-0.12011763408040019,0.21777777777777776,False,0.07855859557544252,0.6167979838072216
Pré-pandemia (até jan/2020),Tipologia | Granizo,Tipologia,Granizo,Principal: 11 dummies,6,84,AIC,3,Desastres,12,0.029922991602174688,12,0.0023307684416818144,-0.01470292610172121,-0.09725645576158715,0.21777777777777776,False,0.5546062497256794,0.2203707599090321
Pré-pandemia (até jan/2020),Tipologia | Granizo,Tipologia,Granizo,Principal: 11 dummies,6,84,BIC,3,Inadimplência,12,0.029922991602174688,12,0.24331820096979415,-0.18976086441033746,-0.12011763408040019,0.21777777777777776,False,0.07855859557544252,0.6167979838072216
Pré-pandemia (até jan/2020),Tipologia | Granizo,Tipologia,Granizo,Principal: 11 dummies,6,84,BIC,3,Desastres,12,0.029922991602174688,12,0.0023307684416818144,-0.01470292610172121,-0.09725645576158715,0.21777777777777776,False,0.5546062497256794,0.2203707599090321
Pré-pandemia (até jan/2020),Tipologia | Granizo,Tipologia,Granizo,Comparação: sem dummies,11,84,AIC,11,Inadimplência,15,0.018411450017219277,26,0.019179983278681194,-0.06378489527252819,-0.03451129345733149,0.2294006485044159,False,0.0013349716104712498,0.8922894746625798
Pré-pandemia (até jan/2020),Tipologia | Granizo,Tipologia,Granizo,Comparação: sem dummies,11,84,AIC,11,Desastres,15,0.018411450017219277,26,0.000273296590923827,-0.1541393662600737,-0.0829638238971504,0.2294006485044159,False,0.8387663156757401,0.3299862599295086
Pré-pandemia (até jan/2020),Tipologia | Granizo,Tipologia,Granizo,Comparação: sem dummies,11,84,BIC,1,Inadimplência,12,8.615576412019673e-07,12,9.17048527821139e-09,0.3730926192394533,0.21548564458216263,0.21513794957979307,True,0.17522261428986338,0.4011698102587964
Pré-pandemia (até jan/2020),Tipologia | Granizo,Tipologia,Granizo,Comparação: sem dummies,11,84,BIC,1,Desastres,12,8.615576412019673e-07,12,0.0014010192732402957,0.401107131212026,0.2176084261839883,0.21513794957979307,True,0.8284214828121008,0.9152404664009722
Pré-pandemia (até jan/2020),Tipologia | Granizo,Tipologia,Granizo,Robustez: diferença sazonal,9,72,AIC,3,Inadimplência,12,0.00043266578746124133,12,0.017035606026685298,-0.3893661235508013,-0.0016173988114328334,0.23595627204810762,True,0.8877576804148473,0.2272010944031435
Pré-pandemia (até jan/2020),Tipologia | Granizo,Tipologia,Granizo,Robustez: diferença sazonal,9,72,AIC,3,Desastres,12,0.00043266578746124133,12,0.00010458160589860198,-0.2806935127376501,-0.024148929476088404,0.23595627204810762,True,0.8076787247542893,0.1932180603288781
Pré-pandemia (até jan/2020),Tipologia | Granizo,Tipologia,Granizo,Robustez: diferença sazonal,9,72,BIC,2,Inadimplência,12,9.618435725841355e-05,12,0.01781839688491517,-0.2825555401955951,-0.01813855272806432,0.23426480742954114,True,0.33912398946639133,0.32016843804971096
Pré-pandemia (até jan/2020),Tipologia | Granizo,Tipologia,Granizo,Robustez: diferença sazonal,9,72,BIC,2,Desastres,12,9.618435725841355e-05,12,0.0003105573037229805,-0.2881491080254131,-0.027503154293897346,0.23426480742954114,True,0.7103471835867272,0.1268148344725362
Pré-pandemia (até jan/2020),Tipologia | Incêndio Florestal,Tipologia,Incêndio Florestal,Principal: 11 dummies,6,84,AIC,3,Inadimplência,12,0.19074955469410573,12,0.232200013087086,-0.14218333912288353,-0.16563634092479904,0.21777777777777776,False,0.02035424057429535,0.5501088245540153
Pré-pandemia (até jan/2020),Tipologia | Incêndio Florestal,Tipologia,Incêndio Florestal,Principal: 11 dummies,6,84,AIC,3,Desastres,12,0.19074955469410573,12,0.0028054059106827445,-0.18704041473797,-0.07032893745990111,0.21777777777777776,False,0.01628252797709464,0.015042153216092603
Pré-pandemia (até jan/2020),Tipologia | Incêndio Florestal,Tipologia,Incêndio Florestal,Principal: 11 dummies,6,84,BIC,1,Inadimplência,12,9.861469294751484e-05,12,0.009351570314890962,-0.07559079299129788,-0.23185611526554856,0.21513794957979307,False,0.789383044834853,0.9683499092079269
Pré-pandemia (até jan/2020),Tipologia | Incêndio Florestal,Tipologia,Incêndio Florestal,Principal: 11 dummies,6,84,BIC,1,Desastres,12,9.861469294751484e-05,12,0.0001545890147819615,-0.20553754362807866,-0.05986869186944668,0.21513794957979307,False,0.14104917737734973,0.0043135241906932294
Pré-pandemia (até jan/2020),Tipologia | Incêndio Florestal,Tipologia,Incêndio Florestal,Comparação: sem dummies,11,84,AIC,7,Inadimplência,12,0.0966549041980437,18,0.03960645156374005,-0.004926088279258628,0.049256583426767656,0.22336272986089037,False,0.2548265285486294,0.5476363487886744
Pré-pandemia (até jan/2020),Tipologia | Incêndio Florestal,Tipologia,Incêndio Florestal,Comparação: sem dummies,11,84,AIC,7,Desastres,12,0.0966549041980437,18,0.050779453268641965,-0.04116731425471733,0.05092718935963117,0.22336272986089037,False,0.8257167530755906,0.016520354773561837
Pré-pandemia (até jan/2020),Tipologia | Incêndio Florestal,Tipologia,Incêndio Florestal,Comparação: sem dummies,11,84,BIC,1,Inadimplência,12,1.0194454476613256e-06,12,2.1012814640681287e-08,0.36467952464421743,0.21320639040550587,0.21513794957979307,True,0.16933263794845013,0.18385631281295758
Pré-pandemia (até jan/2020),Tipologia | Incêndio Florestal,Tipologia,Incêndio Florestal,Comparação: sem dummies,11,84,BIC,1,Desastres,12,1.0194454476613256e-06,12,0.008339099610901703,0.09524961208748145,0.20949491947510376,0.21513794957979307,False,0.184518337476864,0.10944171051492625
Pré-pandemia (até jan/2020),Tipologia | Incêndio Florestal,Tipologia,Incêndio Florestal,Robustez: diferença sazonal,9,72,AIC,3,Inadimplência,12,0.01386287252735798,12,0.013173706048379221,-0.36536202441640786,-0.0627640645997743,0.23595627204810762,True,0.8221332043218965,0.9003377163714307
Pré-pandemia (até jan/2020),Tipologia | Incêndio Florestal,Tipologia,Incêndio Florestal,Robustez: diferença sazonal,9,72,AIC,3,Desastres,12,0.01386287252735798,12,0.00020111528817091595,-0.4420672608148143,0.053106629307814845,0.23595627204810762,True,0.5150867276489715,0.9623175925459679
Pré-pandemia (até jan/2020),Tipologia | Incêndio Florestal,Tipologia,Incêndio Florestal,Robustez: diferença sazonal,9,72,BIC,1,Inadimplência,12,4.228577953191509e-08,12,0.00937717480942876,-0.3332473315829378,-0.035523900998101925,0.23260920500599525,True,0.5936624478823108,0.6658080318056665
Pré-pandemia (até jan/2020),Tipologia | Incêndio Florestal,Tipologia,Incêndio Florestal,Robustez: diferença sazonal,9,72,BIC,1,Desastres,12,4.228577953191509e-08,12,3.500461445705862e-07,-0.483584338230419,0.12417646120537858,0.23260920500599525,True,0.5067289134396777,0.30921414851212975
Pré-pandemia (até jan/2020),Tipologia | Inundações,Tipologia,Inundações,Principal: 11 dummies,6,84,AIC,6,Inadimplência,12,0.17533891351783104,16,0.0031963287988983702,-0.20292363417675896,-0.13511781996325034,0.22192629869234073,False,0.00578421239730473,0.7201693386259173
Pré-pandemia (até jan/2020),Tipologia | Inundações,Tipologia,Inundações,Principal: 11 dummies,6,84,AIC,6,Desastres,12,0.17533891351783104,16,0.03386502565042101,-0.13292068765591708,-0.13102947137167395,0.22192629869234073,False,0.2889504583104065,0.15378306307289072
Pré-pandemia (até jan/2020),Tipologia | Inundações,Tipologia,Inundações,Principal: 11 dummies,6,84,BIC,1,Inadimplência,12,0.07648676679747628,12,0.004485071237817565,-0.09577588041997395,-0.2039022037949395,0.21513794957979307,False,0.6612477439346666,0.8940971918217003
Pré-pandemia (até jan/2020),Tipologia | Inundações,Tipologia,Inundações,Principal: 11 dummies,6,84,BIC,1,Desastres,12,0.07648676679747628,12,0.056725008070623494,-0.13915146541959153,-0.16775386087386623,0.21513794957979307,False,0.2789918117904726,0.7506379604026054
Pré-pandemia (até jan/2020),Tipologia | Inundações,Tipologia,Inundações,Comparação: sem dummies,11,84,AIC,6,Inadimplência,12,0.38541430033473667,16,0.031439524850702165,0.06749134332799862,0.0464444212024895,0.22192629869234073,False,0.19418611170465044,0.6889728342117191
Pré-pandemia (até jan/2020),Tipologia | Inundações,Tipologia,Inundações,Comparação: sem dummies,11,84,AIC,6,Desastres,12,0.38541430033473667,16,0.05512668408793239,-0.04078377770857667,0.035172827118148155,0.22192629869234073,False,0.21514044797361287,0.39814569749436796
Pré-pandemia (até jan/2020),Tipologia | Inundações,Tipologia,Inundações,Comparação: sem dummies,11,84,BIC,1,Inadimplência,12,5.499886699901268e-05,12,4.117327094833014e-08,0.3601851471610656,0.22496159259249227,0.21513794957979307,True,0.11481001306743428,0.5420311704045471
Pré-pandemia (até jan/2020),Tipologia | Inundações,Tipologia,Inundações,Comparação: sem dummies,11,84,BIC,1,Desastres,12,5.499886699901268e-05,12,0.034763340626773574,0.12927068174840653,0.04868663242342903,0.21513794957979307,False,0.40634734903048475,0.6564429113831667
Pré-pandemia (até jan/2020),Tipologia | Inundações,Tipologia,Inundações,Robustez: diferença sazonal,9,72,AIC,5,Inadimplência,12,0.03307213522154606,14,0.0014434378155955428,-0.37383304191640204,-0.0998805598357323,0.23945211093835822,True,0.8086588466202664,0.2627680405667869
Pré-pandemia (até jan/2020),Tipologia | Inundações,Tipologia,Inundações,Robustez: diferença sazonal,9,72,AIC,5,Desastres,12,0.03307213522154606,14,0.022230147698130677,-0.2503256657241876,-0.07988739521990533,0.23945211093835822,True,0.01073805592300467,0.7540007872846096
Pré-pandemia (até jan/2020),Tipologia | Inundações,Tipologia,Inundações,Robustez: diferença sazonal,9,72,BIC,1,Inadimplência,12,0.010634756045304538,12,0.011101965278326312,-0.32595544545803723,-0.04634431884617936,0.23260920500599525,True,0.5790149238233597,0.05111385851283275
Pré-pandemia (até jan/2020),Tipologia | Inundações,Tipologia,Inundações,Robustez: diferença sazonal,9,72,BIC,1,Desastres,12,0.010634756045304538,12,0.015297792775319854,-0.3395488690393971,-0.02856112128323141,0.23260920500599525,True,0.6075472941455491,0.3424029693085811
Pré-pandemia (até jan/2020),Tipologia | Movimento de Massa,Tipologia,Movimento de Massa,Principal: 11 dummies,6,84,AIC,4,Inadimplência,12,0.7592945621165961,12,0.16213847701055364,-0.10899741284741545,-0.12556057813556668,0.21913466179497937,False,0.16916613234425426,0.5922729249701872
Pré-pandemia (até jan/2020),Tipologia | Movimento de Massa,Tipologia,Movimento de Massa,Principal: 11 dummies,6,84,AIC,4,Desastres,12,0.7592945621165961,12,0.19728413803707062,-0.07538878167563415,-0.27759373610087473,0.21913466179497937,False,0.41351306599615545,0.04544544278169432
Pré-pandemia (até jan/2020),Tipologia | Movimento de Massa,Tipologia,Movimento de Massa,Principal: 11 dummies,6,84,BIC,2,Inadimplência,12,0.07928497923554645,12,0.0007509041756645773,-0.10314415817587999,-0.16895223442980845,0.2164457911066992,False,0.8190668214021094,0.5821088502679534
Pré-pandemia (até jan/2020),Tipologia | Movimento de Massa,Tipologia,Movimento de Massa,Principal: 11 dummies,6,84,BIC,2,Desastres,12,0.07928497923554645,12,0.3547799511377706,-0.06021727299998146,-0.28502290228757843,0.2164457911066992,False,0.33985130198846947,0.013777199668015532
Pré-pandemia (até jan/2020),Tipologia | Movimento de Massa,Tipologia,Movimento de Massa,Comparação: sem dummies,11,84,AIC,8,Inadimplência,12,0.41971678062807743,20,0.006542496885847229,0.09810611223228753,0.052572373105233265,0.2248274191931505,False,0.08534801258963759,0.8040112474382395
Pré-pandemia (até jan/2020),Tipologia | Movimento de Massa,Tipologia,Movimento de Massa,Comparação: sem dummies,11,84,AIC,8,Desastres,12,0.41971678062807743,20,0.01181428394220542,0.05910684707433048,-0.21978051897111597,0.2248274191931505,False,0.49019452546992737,0.6442564820487082
Pré-pandemia (até jan/2020),Tipologia | Movimento de Massa,Tipologia,Movimento de Massa,Comparação: sem dummies,11,84,BIC,1,Inadimplência,12,8.816071111668506e-05,12,1.6888840264719893e-08,0.36650668162105376,0.207255253852716,0.21513794957979307,True,0.1622718045662525,0.6482963314615522
Pré-pandemia (até jan/2020),Tipologia | Movimento de Massa,Tipologia,Movimento de Massa,Comparação: sem dummies,11,84,BIC,1,Desastres,12,8.816071111668506e-05,12,0.012857994865901659,0.13016195931337116,-0.10809332623357683,0.21513794957979307,False,0.6579570852334866,0.5050600438474074
Pré-pandemia (até jan/2020),Tipologia | Movimento de Massa,Tipologia,Movimento de Massa,Robustez: diferença sazonal,9,72,AIC,4,Inadimplência,12,0.00488176057348995,12,0.0027818298196878896,-0.39193173476638304,-0.0028411139594285164,0.2376849125356063,True,0.7866522323800333,0.9933830543731264
Pré-pandemia (até jan/2020),Tipologia | Movimento de Massa,Tipologia,Movimento de Massa,Robustez: diferença sazonal,9,72,AIC,4,Desastres,12,0.00488176057348995,12,0.0004754248958514568,-0.3177475379355736,-0.13121241922239443,0.2376849125356063,True,0.8128734197233082,0.31606404049449427
Pré-pandemia (até jan/2020),Tipologia | Movimento de Massa,Tipologia,Movimento de Massa,Robustez: diferença sazonal,9,72,BIC,1,Inadimplência,12,9.620540027841883e-09,12,0.009622568459589073,-0.3345730243334219,-0.03632268124945878,0.23260920500599525,True,0.6065695580627779,0.3296942396713147
Pré-pandemia (até jan/2020),Tipologia | Movimento de Massa,Tipologia,Movimento de Massa,Robustez: diferença sazonal,9,72,BIC,1,Desastres,12,9.620540027841883e-09,12,1.3062701252275642e-05,-0.3075823998228669,-0.2103117045219889,0.23260920500599525,True,0.43655640548510044,0.4870044166326686
Pré-pandemia (até jan/2020),Tipologia | Onda de Frio,Tipologia,Onda de Frio,Principal: 11 dummies,6,84,AIC,6,Inadimplência,12,0.08389220330207807,16,0.01048576087364545,-0.21196966331060313,-0.1052590525080276,0.22192629869234073,False,0.00164031792151337,0.7172832864410174
Pré-pandemia (até jan/2020),Tipologia | Onda de Frio,Tipologia,Onda de Frio,Principal: 11 dummies,6,84,AIC,6,Desastres,12,0.08389220330207807,16,0.021872865664605542,-0.10666588272002135,-0.011840006986293025,0.22192629869234073,False,2.337329389455081e-24,0.4404229014885551
Pré-pandemia (até jan/2020),Tipologia | Onda de Frio,Tipologia,Onda de Frio,Principal: 11 dummies,6,84,BIC,2,Inadimplência,12,0.10405579527708098,12,0.0032845963200143218,-0.10465921304564448,-0.1747837015163606,0.2164457911066992,False,0.712490500243331,0.9213198694638011
Pré-pandemia (até jan/2020),Tipologia | Onda de Frio,Tipologia,Onda de Frio,Principal: 11 dummies,6,84,BIC,2,Desastres,12,0.10405579527708098,12,0.352759711079429,-0.09037344458010578,-0.07866111025237701,0.2164457911066992,False,1.0882758535840681e-09,0.0015864455571706767
Pré-pandemia (até jan/2020),Tipologia | Onda de Frio,Tipologia,Onda de Frio,Comparação: sem dummies,11,84,AIC,6,Inadimplência,12,0.10565271442457762,16,0.01833002056749658,0.002847659675328522,0.12939043069962733,0.22192629869234073,False,0.005686250482750568,0.88561185073662
Pré-pandemia (até jan/2020),Tipologia | Onda de Frio,Tipologia,Onda de Frio,Comparação: sem dummies,11,84,AIC,6,Desastres,12,0.10565271442457762,16,0.11852519189370463,0.029902541316035196,0.09895075535914297,0.22192629869234073,False,1.2065859326258826e-68,0.9705756601492295
Pré-pandemia (até jan/2020),Tipologia | Onda de Frio,Tipologia,Onda de Frio,Comparação: sem dummies,11,84,BIC,1,Inadimplência,12,0.00020845967472979816,12,3.1724348981526895e-08,0.3686554267733721,0.21854323055957045,0.21513794957979307,True,0.11277908679447504,0.4641455009688361
Pré-pandemia (até jan/2020),Tipologia | Onda de Frio,Tipologia,Onda de Frio,Comparação: sem dummies,11,84,BIC,1,Desastres,12,0.00020845967472979816,12,0.17657159153212598,0.03603001215507702,0.04143928977353375,0.21513794957979307,False,1.0830850588018326e-21,0.6934999605164417
Pré-pandemia (até jan/2020),Tipologia | Onda de Frio,Tipologia,Onda de Frio,Robustez: diferença sazonal,9,72,AIC,6,Inadimplência,12,0.019949208976968846,16,0.0005438680404052871,-0.38251013664173905,0.007125719311758016,0.24125932231949213,True,0.7832933828168015,0.7228522815767204
Pré-pandemia (até jan/2020),Tipologia | Onda de Frio,Tipologia,Onda de Frio,Robustez: diferença sazonal,9,72,AIC,6,Desastres,12,0.019949208976968846,16,0.029191953342507543,-0.27321789476171304,0.06676315259689121,0.24125932231949213,True,1.5783750937703872e-07,0.9387096490919284
Pré-pandemia (até jan/2020),Tipologia | Onda de Frio,Tipologia,Onda de Frio,Robustez: diferença sazonal,9,72,BIC,2,Inadimplência,12,0.01726825632336781,12,0.0031386193719886934,-0.34904580939280255,-0.036548227237867104,0.23426480742954114,True,0.6493888318156702,0.6783160653937688
Pré-pandemia (até jan/2020),Tipologia | Onda de Frio,Tipologia,Onda de Frio,Robustez: diferença sazonal,9,72,BIC,2,Desastres,12,0.01726825632336781,12,0.02736105796361017,-0.23856249288066675,-0.026316647718165442,0.23426480742954114,True,6.7572217528572005e-12,0.7181944059686256
Pré-pandemia (até jan/2020),Tipologia | Outros,Tipologia,Outros,Principal: 11 dummies,6,84,AIC,6,Inadimplência,12,0.3693808165431598,16,0.057332013630718534,-0.20049686722245835,-0.04581038927694506,0.22192629869234073,False,0.3793662992228111,0.43356059874592756
Pré-pandemia (até jan/2020),Tipologia | Outros,Tipologia,Outros,Principal: 11 dummies,6,84,AIC,6,Desastres,12,0.3693808165431598,16,0.04483888154698131,-0.00566145991088854,-0.14337018686088404,0.22192629869234073,False,0.16789563594538004,0.1888937697054899
Pré-pandemia (até jan/2020),Tipologia | Outros,Tipologia,Outros,Principal: 11 dummies,6,84,BIC,3,Inadimplência,12,0.07540459065250658,12,0.08775410258261995,-0.191965639843417,-0.15387625176710135,0.21777777777777776,False,0.0016544444027544775,0.33577346981238115
Pré-pandemia (até jan/2020),Tipologia | Outros,Tipologia,Outros,Principal: 11 dummies,6,84,BIC,3,Desastres,12,0.07540459065250658,12,0.09300039259244147,0.02877787569149298,-0.19133077430413328,0.21777777777777776,False,0.2766988897469991,0.12216296339195833
Pré-pandemia (até jan/2020),Tipologia | Outros,Tipologia,Outros,Comparação: sem dummies,11,84,AIC,6,Inadimplência,12,0.04690851901207866,16,0.009853391453774627,0.18387631153762968,0.11971988147016094,0.22192629869234073,False,0.4883053102496603,0.3079062899030453
Pré-pandemia (até jan/2020),Tipologia | Outros,Tipologia,Outros,Comparação: sem dummies,11,84,AIC,6,Desastres,12,0.04690851901207866,16,0.01524926660263831,0.03813969659656983,-0.10487708659943422,0.22192629869234073,False,0.03637360246258479,0.43976165009873097
Pré-pandemia (até jan/2020),Tipologia | Outros,Tipologia,Outros,Comparação: sem dummies,11,84,BIC,1,Inadimplência,12,2.22941053340081e-06,12,3.130235365818729e-08,0.36015280419469625,0.21116775907469615,0.21513794957979307,True,0.15873225772469757,0.5985139934967245
Pré-pandemia (até jan/2020),Tipologia | Outros,Tipologia,Outros,Comparação: sem dummies,11,84,BIC,1,Desastres,12,2.22941053340081e-06,12,0.015424227860386719,-0.015459272641034612,-0.06267099907128407,0.21513794957979307,False,0.6888101006539022,0.5586728381553017
Pré-pandemia (até jan/2020),Tipologia | Outros,Tipologia,Outros,Robustez: diferença sazonal,9,72,AIC,6,Inadimplência,12,0.004128983015594463,16,0.00010549488542741802,-0.46554573634123286,0.10043211097166975,0.24125932231949213,True,0.7876093133825719,0.6643330728015491
Pré-pandemia (até jan/2020),Tipologia | Outros,Tipologia,Outros,Robustez: diferença sazonal,9,72,AIC,6,Desastres,12,0.004128983015594463,16,0.0005229090641015517,-0.15740320355167298,-0.013950482544288297,0.24125932231949213,False,0.30643963619913656,0.5072452206718008
Pré-pandemia (até jan/2020),Tipologia | Outros,Tipologia,Outros,Robustez: diferença sazonal,9,72,BIC,2,Inadimplência,12,0.00015630263066452707,12,0.0037709420979469724,-0.3592141643300498,-0.015894963254108663,0.23426480742954114,True,0.8768417061448801,0.768200070131223
Pré-pandemia (até jan/2020),Tipologia | Outros,Tipologia,Outros,Robustez: diferença sazonal,9,72,BIC,2,Desastres,12,0.00015630263066452707,12,3.373482138682995e-05,-0.17045008090091096,-0.06214101283922826,0.23426480742954114,False,0.6702456287399308,0.9233328832163644
Pré-pandemia (até jan/2020),Tipologia | Tornado,Tipologia,Tornado,Principal: 11 dummies,6,84,AIC,4,Inadimplência,12,0.1151243557040759,12,0.18214338450382625,-0.16227954045933324,-0.11733223631392975,0.21913466179497937,False,0.016005771257095663,0.3170826310749271
Pré-pandemia (até jan/2020),Tipologia | Tornado,Tipologia,Tornado,Principal: 11 dummies,6,84,AIC,4,Desastres,12,0.1151243557040759,12,0.12921585483487277,0.027104430742655606,-0.07455378152876309,0.21913466179497937,False,1.9882409877382625e-06,0.6496622627951322
Pré-pandemia (até jan/2020),Tipologia | Tornado,Tipologia,Tornado,Principal: 11 dummies,6,84,BIC,3,Inadimplência,12,0.07557204332151582,12,0.42391952547775724,-0.16132872245641355,-0.11572935258505157,0.21777777777777776,False,0.004899723885772221,0.5961633176182612
Pré-pandemia (até jan/2020),Tipologia | Tornado,Tipologia,Tornado,Principal: 11 dummies,6,84,BIC,3,Desastres,12,0.07557204332151582,12,0.17192176372391962,0.019897630627527665,-0.10325650354107709,0.21777777777777776,False,0.0009647253395956829,0.44589687751813784
Pré-pandemia (até jan/2020),Tipologia | Tornado,Tipologia,Tornado,Comparação: sem dummies,11,84,AIC,6,Inadimplência,12,0.007351705847615672,16,0.013318875751067117,0.11191490404231759,0.06585472870234188,0.22192629869234073,False,0.22850010295317186,0.3927239794607169
Pré-pandemia (até jan/2020),Tipologia | Tornado,Tipologia,Tornado,Comparação: sem dummies,11,84,AIC,6,Desastres,12,0.007351705847615672,16,0.028292845330238174,0.08035025588308255,-0.0142424728956774,0.22192629869234073,False,4.4517539943782775e-16,0.7367520436241946
Pré-pandemia (até jan/2020),Tipologia | Tornado,Tipologia,Tornado,Comparação: sem dummies,11,84,BIC,1,Inadimplência,12,1.3231423352526625e-06,12,1.243128550717998e-07,0.35218392007365285,0.22624481343452227,0.21513794957979307,True,0.07891722763411435,0.4934254370473199
Pré-pandemia (até jan/2020),Tipologia | Tornado,Tipologia,Tornado,Comparação: sem dummies,11,84,BIC,1,Desastres,12,1.3231423352526625e-06,12,0.014762968796067345,0.19318199301191563,0.042668846783909226,0.21513794957979307,False,0.0004335590561236327,0.9943214525833565
Pré-pandemia (até jan/2020),Tipologia | Tornado,Tipologia,Tornado,Robustez: diferença sazonal,9,72,AIC,4,Inadimplência,12,0.06458997909534327,12,0.006890841124483427,-0.3755027762457486,-0.029032876199361273,0.2376849125356063,True,0.9754785896721228,0.718324674689257
Pré-pandemia (até jan/2020),Tipologia | Tornado,Tipologia,Tornado,Robustez: diferença sazonal,9,72,AIC,4,Desastres,12,0.06458997909534327,12,0.010008098366952885,-0.3184292825853452,-0.04269052129472073,0.2376849125356063,True,0.06833171148480312,0.4531451652262556
Pré-pandemia (até jan/2020),Tipologia | Tornado,Tipologia,Tornado,Robustez: diferença sazonal,9,72,BIC,1,Inadimplência,12,0.0021317993916317593,12,0.01429112512055019,-0.3128811336244456,-0.059299296345701386,0.23260920500599525,True,0.5986793352278452,0.6907780826052183
Pré-pandemia (até jan/2020),Tipologia | Tornado,Tipologia,Tornado,Robustez: diferença sazonal,9,72,BIC,1,Desastres,12,0.0021317993916317593,12,0.0003999283982410085,-0.352309012710349,-0.06677614126934595,0.23260920500599525,True,0.8054964057298446,0.6534446064686203
Pré-pandemia (até jan/2020),Tipologia | Vendavais e Ciclones,Tipologia,Vendavais e Ciclones,Principal: 11 dummies,6,84,AIC,4,Inadimplência,12,0.021598739860377244,12,0.05723612008501244,-0.22731608951071888,-0.15567024083905778,0.21913466179497937,True,0.04563570527613753,0.5511680039612483
Pré-pandemia (até jan/2020),Tipologia | Vendavais e Ciclones,Tipologia,Vendavais e Ciclones,Principal: 11 dummies,6,84,AIC,4,Desastres,12,0.021598739860377244,12,0.024289273721934502,-0.04651903852195205,-0.19262299768549607,0.21913466179497937,False,0.7460455505711463,0.3349937819344553
Pré-pandemia (até jan/2020),Tipologia | Vendavais e Ciclones,Tipologia,Vendavais e Ciclones,Principal: 11 dummies,6,84,BIC,1,Inadimplência,12,0.02382626989034533,12,0.004524625396701693,-0.09345335203510605,-0.22906314996953162,0.21513794957979307,False,0.7549237344050589,0.9429469854942184
Pré-pandemia (até jan/2020),Tipologia | Vendavais e Ciclones,Tipologia,Vendavais e Ciclones,Principal: 11 dummies,6,84,BIC,1,Desastres,12,0.02382626989034533,12,0.21207206807248835,0.014452402358592579,-0.17069679254499476,0.21513794957979307,False,0.5623071107503934,0.19532049611558305
Pré-pandemia (até jan/2020),Tipologia | Vendavais e Ciclones,Tipologia,Vendavais e Ciclones,Comparação: sem dummies,11,84,AIC,11,Inadimplência,15,0.0050619837052348635,26,0.05294117597176103,-0.15616405784738024,-0.003331696906905795,0.2294006485044159,False,0.0002486321907207431,0.4842248460683498
Pré-pandemia (até jan/2020),Tipologia | Vendavais e Ciclones,Tipologia,Vendavais e Ciclones,Comparação: sem dummies,11,84,AIC,11,Desastres,15,0.0050619837052348635,26,0.0028568791318464497,-0.0454859755297818,-0.09427764467882982,0.2294006485044159,False,0.36165919444404054,0.23263970377599724
Pré-pandemia (até jan/2020),Tipologia | Vendavais e Ciclones,Tipologia,Vendavais e Ciclones,Comparação: sem dummies,11,84,BIC,1,Inadimplência,12,2.330821598365059e-09,12,3.001951381056987e-06,0.3379839336822317,0.20982940361304975,0.21513794957979307,True,0.13877945055077193,0.7806984320894343
Pré-pandemia (até jan/2020),Tipologia | Vendavais e Ciclones,Tipologia,Vendavais e Ciclones,Comparação: sem dummies,11,84,BIC,1,Desastres,12,2.330821598365059e-09,12,0.0006353598438327233,0.4470484663837568,0.27074715787367254,0.21513794957979307,True,0.3825753727494982,0.8199194360824955
Pré-pandemia (até jan/2020),Tipologia | Vendavais e Ciclones,Tipologia,Vendavais e Ciclones,Robustez: diferença sazonal,9,72,AIC,4,Inadimplência,12,0.008435748006141384,12,0.000998179825657874,-0.42554022219671106,-0.029507627226490727,0.2376849125356063,True,0.8793346637785188,0.9869177243344436
Pré-pandemia (até jan/2020),Tipologia | Vendavais e Ciclones,Tipologia,Vendavais e Ciclones,Robustez: diferença sazonal,9,72,AIC,4,Desastres,12,0.008435748006141384,12,0.0018967912198802077,-0.2632262881679189,-0.10490610925141171,0.2376849125356063,True,0.6039588126790014,0.7218207134369039
Pré-pandemia (até jan/2020),Tipologia | Vendavais e Ciclones,Tipologia,Vendavais e Ciclones,Robustez: diferença sazonal,9,72,BIC,1,Inadimplência,12,0.03737579791840797,12,0.015807846493447394,-0.3182239089863555,-0.04015709568764874,0.23260920500599525,True,0.6427463145281962,0.6885686833648244
Pré-pandemia (até jan/2020),Tipologia | Vendavais e Ciclones,Tipologia,Vendavais e Ciclones,Robustez: diferença sazonal,9,72,BIC,1,Desastres,12,0.03737579791840797,12,0.04555586722950802,-0.27227086112680776,-0.11898300143504512,0.23260920500599525,True,0.5735257700272474,0.7246541372864853
