Período,Chave,Nível,Categoria,Transformação,Perda meses,n,ADF especificação,KPSS especificação,ADF n efetivo,ADF estatística,ADF p,ADF lags,KPSS estatística,KPSS p,KPSS lags,KPSS limite,Conclusão,Avisos
Total (2013–2024),Inadimplência,Crédito,Inadimplência,Nível,0,144,c; autolag AIC; máximo padrão Schwert,c; nlags auto,130,-2.210005509253936,0.2026340968230152,13,0.696207752425692,0.013890204324937091,8,Interpolado,Não estacionária: convergente,"adfuller currently returns a plain tuple whose length depends on the store and autolag arguments. In release 0.16 or after July 2027, whichever is later, the default behavior will switch to always returning an ADFullerResult. Set result_object=True to switch now, or result_object=False to keep the current behavior and silence this warning. | kpss currently returns a plain tuple whose length and layout depends on the store argument (and which silently drops `lags` when store=True). In release 0.16 or after July 2027, whichever is later, the default behavior will switch to always returning a KPSSResult. Set result_object=True to switch now, or result_object=False to keep the current behavior and silence this warning."
Total (2013–2024),Inadimplência,Crédito,Inadimplência,Log,0,144,c; autolag AIC; máximo padrão Schwert,c; nlags auto,130,-2.2293744396395074,0.19575745846641807,13,0.6617013369444614,0.01702715118686714,8,Interpolado,Não estacionária: convergente,"adfuller currently returns a plain tuple whose length depends on the store and autolag arguments. In release 0.16 or after July 2027, whichever is later, the default behavior will switch to always returning an ADFullerResult. Set result_object=True to switch now, or result_object=False to keep the current behavior and silence this warning. | kpss currently returns a plain tuple whose length and layout depends on the store argument (and which silently drops `lags` when store=True). In release 0.16 or after July 2027, whichever is later, the default behavior will switch to always returning a KPSSResult. Set result_object=True to switch now, or result_object=False to keep the current behavior and silence this warning."
Total (2013–2024),Inadimplência,Crédito,Inadimplência,Primeira diferença,1,143,c; autolag AIC; máximo padrão Schwert,c; nlags auto,130,-3.2153860782875188,0.019111168994046492,12,0.1611438212774098,0.1,6,"p ≥ 0,10",Estacionária: convergente,"adfuller currently returns a plain tuple whose length depends on the store and autolag arguments. In release 0.16 or after July 2027, whichever is later, the default behavior will switch to always returning an ADFullerResult. Set result_object=True to switch now, or result_object=False to keep the current behavior and silence this warning. | The test statistic is outside of the range of p-values available in the look-up table. The actual p-value is greater than the p-value returned. | kpss currently returns a plain tuple whose length and layout depends on the store argument (and which silently drops `lags` when store=True). In release 0.16 or after July 2027, whichever is later, the default behavior will switch to always returning a KPSSResult. Set result_object=True to switch now, or result_object=False to keep the current behavior and silence this warning."
Total (2013–2024),Inadimplência,Crédito,Inadimplência,Diferença do log,1,143,c; autolag AIC; máximo padrão Schwert,c; nlags auto,130,-3.1859487056337796,0.02081256669555684,12,0.13061376625674337,0.1,7,"p ≥ 0,10",Estacionária: convergente,"adfuller currently returns a plain tuple whose length depends on the store and autolag arguments. In release 0.16 or after July 2027, whichever is later, the default behavior will switch to always returning an ADFullerResult. Set result_object=True to switch now, or result_object=False to keep the current behavior and silence this warning. | The test statistic is outside of the range of p-values available in the look-up table. The actual p-value is greater than the p-value returned. | kpss currently returns a plain tuple whose length and layout depends on the store argument (and which silently drops `lags` when store=True). In release 0.16 or after July 2027, whichever is later, the default behavior will switch to always returning a KPSSResult. Set result_object=True to switch now, or result_object=False to keep the current behavior and silence this warning."
Total (2013–2024),Inadimplência,Crédito,Inadimplência,Diferença sazonal,12,132,c; autolag AIC; máximo padrão Schwert,c; nlags auto,118,-2.7583690886657535,0.06447090371107897,13,0.2030382345474791,0.1,6,"p ≥ 0,10",Inconclusiva: nenhum rejeita,"adfuller currently returns a plain tuple whose length depends on the store and autolag arguments. In release 0.16 or after July 2027, whichever is later, the default behavior will switch to always returning an ADFullerResult. Set result_object=True to switch now, or result_object=False to keep the current behavior and silence this warning. | The test statistic is outside of the range of p-values available in the look-up table. The actual p-value is greater than the p-value returned. | kpss currently returns a plain tuple whose length and layout depends on the store argument (and which silently drops `lags` when store=True). In release 0.16 or after July 2027, whichever is later, the default behavior will switch to always returning a KPSSResult. Set result_object=True to switch now, or result_object=False to keep the current behavior and silence this warning."
Total (2013–2024),Inadimplência,Crédito,Inadimplência,Diferença + sazonal,13,131,c; autolag AIC; máximo padrão Schwert,c; nlags auto,118,-3.860336124820845,0.0023469381140228014,12,0.08688154925709493,0.1,5,"p ≥ 0,10",Estacionária: convergente,"adfuller currently returns a plain tuple whose length depends on the store and autolag arguments. In release 0.16 or after July 2027, whichever is later, the default behavior will switch to always returning an ADFullerResult. Set result_object=True to switch now, or result_object=False to keep the current behavior and silence this warning. | The test statistic is outside of the range of p-values available in the look-up table. The actual p-value is greater than the p-value returned. | kpss currently returns a plain tuple whose length and layout depends on the store argument (and which silently drops `lags` when store=True). In release 0.16 or after July 2027, whichever is later, the default behavior will switch to always returning a KPSSResult. Set result_object=True to switch now, or result_object=False to keep the current behavior and silence this warning."
Total (2013–2024),Inadimplência,Crédito,Inadimplência,Diferença do log + sazonal,13,131,c; autolag AIC; máximo padrão Schwert,c; nlags auto,118,-3.895426510561533,0.002068764476836549,12,0.07138951055369923,0.1,5,"p ≥ 0,10",Estacionária: convergente,"adfuller currently returns a plain tuple whose length depends on the store and autolag arguments. In release 0.16 or after July 2027, whichever is later, the default behavior will switch to always returning an ADFullerResult. Set result_object=True to switch now, or result_object=False to keep the current behavior and silence this warning. | The test statistic is outside of the range of p-values available in the look-up table. The actual p-value is greater than the p-value returned. | kpss currently returns a plain tuple whose length and layout depends on the store argument (and which silently drops `lags` when store=True). In release 0.16 or after July 2027, whichever is later, the default behavior will switch to always returning a KPSSResult. Set result_object=True to switch now, or result_object=False to keep the current behavior and silence this warning."
Total (2013–2024),Total nacional,Referência,Total nacional,Nível,0,144,c; autolag AIC; máximo padrão Schwert,c; nlags auto,143,-7.977216313814141,2.682295781123017e-12,0,1.1037646772239647,0.01,5,"p ≤ 0,01",Conflitante: ambos rejeitam,"adfuller currently returns a plain tuple whose length depends on the store and autolag arguments. In release 0.16 or after July 2027, whichever is later, the default behavior will switch to always returning an ADFullerResult. Set result_object=True to switch now, or result_object=False to keep the current behavior and silence this warning. | The test statistic is outside of the range of p-values available in the look-up table. The actual p-value is smaller than the p-value returned. | kpss currently returns a plain tuple whose length and layout depends on the store argument (and which silently drops `lags` when store=True). In release 0.16 or after July 2027, whichever is later, the default behavior will switch to always returning a KPSSResult. Set result_object=True to switch now, or result_object=False to keep the current behavior and silence this warning."
Total (2013–2024),Total nacional,Referência,Total nacional,Log,0,144,c; autolag AIC; máximo padrão Schwert,c; nlags auto,132,-1.422533677905862,0.5714267931606711,11,1.1373138910664065,0.01,6,"p ≤ 0,01",Não estacionária: convergente,"adfuller currently returns a plain tuple whose length depends on the store and autolag arguments. In release 0.16 or after July 2027, whichever is later, the default behavior will switch to always returning an ADFullerResult. Set result_object=True to switch now, or result_object=False to keep the current behavior and silence this warning. | The test statistic is outside of the range of p-values available in the look-up table. The actual p-value is smaller than the p-value returned. | kpss currently returns a plain tuple whose length and layout depends on the store argument (and which silently drops `lags` when store=True). In release 0.16 or after July 2027, whichever is later, the default behavior will switch to always returning a KPSSResult. Set result_object=True to switch now, or result_object=False to keep the current behavior and silence this warning."
Total (2013–2024),Total nacional,Referência,Total nacional,Primeira diferença,1,143,c; autolag AIC; máximo padrão Schwert,c; nlags auto,130,-5.767553730803231,5.487675475971627e-07,12,0.11013374620747668,0.1,26,"p ≥ 0,10",Estacionária: convergente,"adfuller currently returns a plain tuple whose length depends on the store and autolag arguments. In release 0.16 or after July 2027, whichever is later, the default behavior will switch to always returning an ADFullerResult. Set result_object=True to switch now, or result_object=False to keep the current behavior and silence this warning. | The test statistic is outside of the range of p-values available in the look-up table. The actual p-value is greater than the p-value returned. | kpss currently returns a plain tuple whose length and layout depends on the store argument (and which silently drops `lags` when store=True). In release 0.16 or after July 2027, whichever is later, the default behavior will switch to always returning a KPSSResult. Set result_object=True to switch now, or result_object=False to keep the current behavior and silence this warning."
Total (2013–2024),Total nacional,Referência,Total nacional,Diferença do log,1,143,c; autolag AIC; máximo padrão Schwert,c; nlags auto,132,-6.965263406173636,8.948855682731321e-10,10,0.05582256041739274,0.1,14,"p ≥ 0,10",Estacionária: convergente,"adfuller currently returns a plain tuple whose length depends on the store and autolag arguments. In release 0.16 or after July 2027, whichever is later, the default behavior will switch to always returning an ADFullerResult. Set result_object=True to switch now, or result_object=False to keep the current behavior and silence this warning. | The test statistic is outside of the range of p-values available in the look-up table. The actual p-value is greater than the p-value returned. | kpss currently returns a plain tuple whose length and layout depends on the store argument (and which silently drops `lags` when store=True). In release 0.16 or after July 2027, whichever is later, the default behavior will switch to always returning a KPSSResult. Set result_object=True to switch now, or result_object=False to keep the current behavior and silence this warning."
Total (2013–2024),Total nacional,Referência,Total nacional,Diferença sazonal,12,132,c; autolag AIC; máximo padrão Schwert,c; nlags auto,120,-6.469638496503582,1.3773930177042653e-08,11,0.07329169999449275,0.1,2,"p ≥ 0,10",Estacionária: convergente,"adfuller currently returns a plain tuple whose length depends on the store and autolag arguments. In release 0.16 or after July 2027, whichever is later, the default behavior will switch to always returning an ADFullerResult. Set result_object=True to switch now, or result_object=False to keep the current behavior and silence this warning. | The test statistic is outside of the range of p-values available in the look-up table. The actual p-value is greater than the p-value returned. | kpss currently returns a plain tuple whose length and layout depends on the store argument (and which silently drops `lags` when store=True). In release 0.16 or after July 2027, whichever is later, the default behavior will switch to always returning a KPSSResult. Set result_object=True to switch now, or result_object=False to keep the current behavior and silence this warning."
Total (2013–2024),Total nacional,Referência,Total nacional,Diferença + sazonal,13,131,c; autolag AIC; máximo padrão Schwert,c; nlags auto,117,-5.125826144161367,1.2436038467676877e-05,13,0.23243547493030461,0.1,50,"p ≥ 0,10",Estacionária: convergente,"adfuller currently returns a plain tuple whose length depends on the store and autolag arguments. In release 0.16 or after July 2027, whichever is later, the default behavior will switch to always returning an ADFullerResult. Set result_object=True to switch now, or result_object=False to keep the current behavior and silence this warning. | The test statistic is outside of the range of p-values available in the look-up table. The actual p-value is greater than the p-value returned. | kpss currently returns a plain tuple whose length and layout depends on the store argument (and which silently drops `lags` when store=True). In release 0.16 or after July 2027, whichever is later, the default behavior will switch to always returning a KPSSResult. Set result_object=True to switch now, or result_object=False to keep the current behavior and silence this warning."
Total (2013–2024),Total nacional,Referência,Total nacional,Diferença do log + sazonal,13,131,c; autolag AIC; máximo padrão Schwert,c; nlags auto,117,-5.49021556553967,2.183793211610716e-06,13,0.3289740727164801,0.1,54,"p ≥ 0,10",Estacionária: convergente,"adfuller currently returns a plain tuple whose length depends on the store and autolag arguments. In release 0.16 or after July 2027, whichever is later, the default behavior will switch to always returning an ADFullerResult. Set result_object=True to switch now, or result_object=False to keep the current behavior and silence this warning. | The test statistic is outside of the range of p-values available in the look-up table. The actual p-value is greater than the p-value returned. | kpss currently returns a plain tuple whose length and layout depends on the store argument (and which silently drops `lags` when store=True). In release 0.16 or after July 2027, whichever is later, the default behavior will switch to always returning a KPSSResult. Set result_object=True to switch now, or result_object=False to keep the current behavior and silence this warning."
Total (2013–2024),Grupo | Climatológico,Grupo,Climatológico,Nível,0,144,c; autolag AIC; máximo padrão Schwert,c; nlags auto,137,-4.510216516465853,0.00018844829640347178,6,0.41994154843675974,0.0685596773979484,2,Interpolado,Estacionária: convergente,"adfuller currently returns a plain tuple whose length depends on the store and autolag arguments. In release 0.16 or after July 2027, whichever is later, the default behavior will switch to always returning an ADFullerResult. Set result_object=True to switch now, or result_object=False to keep the current behavior and silence this warning. | kpss currently returns a plain tuple whose length and layout depends on the store argument (and which silently drops `lags` when store=True). In release 0.16 or after July 2027, whichever is later, the default behavior will switch to always returning a KPSSResult. Set result_object=True to switch now, or result_object=False to keep the current behavior and silence this warning."
Total (2013–2024),Grupo | Climatológico,Grupo,Climatológico,Log,0,144,c; autolag AIC; máximo padrão Schwert,c; nlags auto,137,-4.57528730313559,0.00014341695826242392,6,0.4551887291688938,0.053366927082373374,3,Interpolado,Estacionária: convergente,"adfuller currently returns a plain tuple whose length depends on the store and autolag arguments. In release 0.16 or after July 2027, whichever is later, the default behavior will switch to always returning an ADFullerResult. Set result_object=True to switch now, or result_object=False to keep the current behavior and silence this warning. | kpss currently returns a plain tuple whose length and layout depends on the store argument (and which silently drops `lags` when store=True). In release 0.16 or after July 2027, whichever is later, the default behavior will switch to always returning a KPSSResult. Set result_object=True to switch now, or result_object=False to keep the current behavior and silence this warning."
Total (2013–2024),Grupo | Climatológico,Grupo,Climatológico,Primeira diferença,1,143,c; autolag AIC; máximo padrão Schwert,c; nlags auto,132,-6.798443075623217,2.2692264882457413e-09,10,0.08750607690271961,0.1,15,"p ≥ 0,10",Estacionária: convergente,"adfuller currently returns a plain tuple whose length depends on the store and autolag arguments. In release 0.16 or after July 2027, whichever is later, the default behavior will switch to always returning an ADFullerResult. Set result_object=True to switch now, or result_object=False to keep the current behavior and silence this warning. | The test statistic is outside of the range of p-values available in the look-up table. The actual p-value is greater than the p-value returned. | kpss currently returns a plain tuple whose length and layout depends on the store argument (and which silently drops `lags` when store=True). In release 0.16 or after July 2027, whichever is later, the default behavior will switch to always returning a KPSSResult. Set result_object=True to switch now, or result_object=False to keep the current behavior and silence this warning."
Total (2013–2024),Grupo | Climatológico,Grupo,Climatológico,Diferença do log,1,143,c; autolag AIC; máximo padrão Schwert,c; nlags auto,132,-7.036665468436929,5.991698745977073e-10,10,0.12421461010078629,0.1,11,"p ≥ 0,10",Estacionária: convergente,"adfuller currently returns a plain tuple whose length depends on the store and autolag arguments. In release 0.16 or after July 2027, whichever is later, the default behavior will switch to always returning an ADFullerResult. Set result_object=True to switch now, or result_object=False to keep the current behavior and silence this warning. | The test statistic is outside of the range of p-values available in the look-up table. The actual p-value is greater than the p-value returned. | kpss currently returns a plain tuple whose length and layout depends on the store argument (and which silently drops `lags` when store=True). In release 0.16 or after July 2027, whichever is later, the default behavior will switch to always returning a KPSSResult. Set result_object=True to switch now, or result_object=False to keep the current behavior and silence this warning."
Total (2013–2024),Grupo | Climatológico,Grupo,Climatológico,Diferença sazonal,12,132,c; autolag AIC; máximo padrão Schwert,c; nlags auto,119,-3.8286444121329986,0.002627472490072828,12,0.08765071671624079,0.1,2,"p ≥ 0,10",Estacionária: convergente,"adfuller currently returns a plain tuple whose length depends on the store and autolag arguments. In release 0.16 or after July 2027, whichever is later, the default behavior will switch to always returning an ADFullerResult. Set result_object=True to switch now, or result_object=False to keep the current behavior and silence this warning. | The test statistic is outside of the range of p-values available in the look-up table. The actual p-value is greater than the p-value returned. | kpss currently returns a plain tuple whose length and layout depends on the store argument (and which silently drops `lags` when store=True). In release 0.16 or after July 2027, whichever is later, the default behavior will switch to always returning a KPSSResult. Set result_object=True to switch now, or result_object=False to keep the current behavior and silence this warning."
Total (2013–2024),Grupo | Climatológico,Grupo,Climatológico,Diferença + sazonal,13,131,c; autolag AIC; máximo padrão Schwert,c; nlags auto,117,-5.314709392988605,5.10428665842335e-06,13,0.2597410006932212,0.1,51,"p ≥ 0,10",Estacionária: convergente,"adfuller currently returns a plain tuple whose length depends on the store and autolag arguments. In release 0.16 or after July 2027, whichever is later, the default behavior will switch to always returning an ADFullerResult. Set result_object=True to switch now, or result_object=False to keep the current behavior and silence this warning. | The test statistic is outside of the range of p-values available in the look-up table. The actual p-value is greater than the p-value returned. | kpss currently returns a plain tuple whose length and layout depends on the store argument (and which silently drops `lags` when store=True). In release 0.16 or after July 2027, whichever is later, the default behavior will switch to always returning a KPSSResult. Set result_object=True to switch now, or result_object=False to keep the current behavior and silence this warning."
Total (2013–2024),Grupo | Climatológico,Grupo,Climatológico,Diferença do log + sazonal,13,131,c; autolag AIC; máximo padrão Schwert,c; nlags auto,117,-6.098088516867442,9.98761323732366e-08,13,0.13648940400407122,0.1,23,"p ≥ 0,10",Estacionária: convergente,"adfuller currently returns a plain tuple whose length depends on the store and autolag arguments. In release 0.16 or after July 2027, whichever is later, the default behavior will switch to always returning an ADFullerResult. Set result_object=True to switch now, or result_object=False to keep the current behavior and silence this warning. | The test statistic is outside of the range of p-values available in the look-up table. The actual p-value is greater than the p-value returned. | kpss currently returns a plain tuple whose length and layout depends on the store argument (and which silently drops `lags` when store=True). In release 0.16 or after July 2027, whichever is later, the default behavior will switch to always returning a KPSSResult. Set result_object=True to switch now, or result_object=False to keep the current behavior and silence this warning."
Total (2013–2024),Grupo | Hidrológico,Grupo,Hidrológico,Nível,0,144,c; autolag AIC; máximo padrão Schwert,c; nlags auto,132,-1.6261168079881332,0.46952397629337067,11,0.7888707761706251,0.01,5,"p ≤ 0,01",Não estacionária: convergente,"adfuller currently returns a plain tuple whose length depends on the store and autolag arguments. In release 0.16 or after July 2027, whichever is later, the default behavior will switch to always returning an ADFullerResult. Set result_object=True to switch now, or result_object=False to keep the current behavior and silence this warning. | The test statistic is outside of the range of p-values available in the look-up table. The actual p-value is smaller than the p-value returned. | kpss currently returns a plain tuple whose length and layout depends on the store argument (and which silently drops `lags` when store=True). In release 0.16 or after July 2027, whichever is later, the default behavior will switch to always returning a KPSSResult. Set result_object=True to switch now, or result_object=False to keep the current behavior and silence this warning."
Total (2013–2024),Grupo | Hidrológico,Grupo,Hidrológico,Log,0,144,c; autolag AIC; máximo padrão Schwert,c; nlags auto,132,-1.6000477422289676,0.48356948700494057,11,0.5252639297364076,0.03597659240171001,6,Interpolado,Não estacionária: convergente,"adfuller currently returns a plain tuple whose length depends on the store and autolag arguments. In release 0.16 or after July 2027, whichever is later, the default behavior will switch to always returning an ADFullerResult. Set result_object=True to switch now, or result_object=False to keep the current behavior and silence this warning. | kpss currently returns a plain tuple whose length and layout depends on the store argument (and which silently drops `lags` when store=True). In release 0.16 or after July 2027, whichever is later, the default behavior will switch to always returning a KPSSResult. Set result_object=True to switch now, or result_object=False to keep the current behavior and silence this warning."
Total (2013–2024),Grupo | Hidrológico,Grupo,Hidrológico,Primeira diferença,1,143,c; autolag AIC; máximo padrão Schwert,c; nlags auto,132,-7.324742358182212,1.1690106942086946e-10,10,0.1326190093614374,0.1,33,"p ≥ 0,10",Estacionária: convergente,"adfuller currently returns a plain tuple whose length depends on the store and autolag arguments. In release 0.16 or after July 2027, whichever is later, the default behavior will switch to always returning an ADFullerResult. Set result_object=True to switch now, or result_object=False to keep the current behavior and silence this warning. | The test statistic is outside of the range of p-values available in the look-up table. The actual p-value is greater than the p-value returned. | kpss currently returns a plain tuple whose length and layout depends on the store argument (and which silently drops `lags` when store=True). In release 0.16 or after July 2027, whichever is later, the default behavior will switch to always returning a KPSSResult. Set result_object=True to switch now, or result_object=False to keep the current behavior and silence this warning."
Total (2013–2024),Grupo | Hidrológico,Grupo,Hidrológico,Diferença do log,1,143,c; autolag AIC; máximo padrão Schwert,c; nlags auto,132,-8.499266865364381,1.2511297402619936e-13,10,0.029119573155001133,0.1,6,"p ≥ 0,10",Estacionária: convergente,"adfuller currently returns a plain tuple whose length depends on the store and autolag arguments. In release 0.16 or after July 2027, whichever is later, the default behavior will switch to always returning an ADFullerResult. Set result_object=True to switch now, or result_object=False to keep the current behavior and silence this warning. | The test statistic is outside of the range of p-values available in the look-up table. The actual p-value is greater than the p-value returned. | kpss currently returns a plain tuple whose length and layout depends on the store argument (and which silently drops `lags` when store=True). In release 0.16 or after July 2027, whichever is later, the default behavior will switch to always returning a KPSSResult. Set result_object=True to switch now, or result_object=False to keep the current behavior and silence this warning."
Total (2013–2024),Grupo | Hidrológico,Grupo,Hidrológico,Diferença sazonal,12,132,c; autolag AIC; máximo padrão Schwert,c; nlags auto,118,-3.949395426837445,0.0016999473238711901,13,0.07620194977949384,0.1,3,"p ≥ 0,10",Estacionária: convergente,"adfuller currently returns a plain tuple whose length depends on the store and autolag arguments. In release 0.16 or after July 2027, whichever is later, the default behavior will switch to always returning an ADFullerResult. Set result_object=True to switch now, or result_object=False to keep the current behavior and silence this warning. | The test statistic is outside of the range of p-values available in the look-up table. The actual p-value is greater than the p-value returned. | kpss currently returns a plain tuple whose length and layout depends on the store argument (and which silently drops `lags` when store=True). In release 0.16 or after July 2027, whichever is later, the default behavior will switch to always returning a KPSSResult. Set result_object=True to switch now, or result_object=False to keep the current behavior and silence this warning."
Total (2013–2024),Grupo | Hidrológico,Grupo,Hidrológico,Diferença + sazonal,13,131,c; autolag AIC; máximo padrão Schwert,c; nlags auto,119,-4.198181462540272,0.0006635861511066563,11,0.26943338416960644,0.1,68,"p ≥ 0,10",Estacionária: convergente,"adfuller currently returns a plain tuple whose length depends on the store and autolag arguments. In release 0.16 or after July 2027, whichever is later, the default behavior will switch to always returning an ADFullerResult. Set result_object=True to switch now, or result_object=False to keep the current behavior and silence this warning. | The test statistic is outside of the range of p-values available in the look-up table. The actual p-value is greater than the p-value returned. | kpss currently returns a plain tuple whose length and layout depends on the store argument (and which silently drops `lags` when store=True). In release 0.16 or after July 2027, whichever is later, the default behavior will switch to always returning a KPSSResult. Set result_object=True to switch now, or result_object=False to keep the current behavior and silence this warning."
Total (2013–2024),Grupo | Hidrológico,Grupo,Hidrológico,Diferença do log + sazonal,13,131,c; autolag AIC; máximo padrão Schwert,c; nlags auto,117,-6.322872693045849,3.035818233745882e-08,13,0.1678184898436297,0.1,42,"p ≥ 0,10",Estacionária: convergente,"adfuller currently returns a plain tuple whose length depends on the store and autolag arguments. In release 0.16 or after July 2027, whichever is later, the default behavior will switch to always returning an ADFullerResult. Set result_object=True to switch now, or result_object=False to keep the current behavior and silence this warning. | The test statistic is outside of the range of p-values available in the look-up table. The actual p-value is greater than the p-value returned. | kpss currently returns a plain tuple whose length and layout depends on the store argument (and which silently drops `lags` when store=True). In release 0.16 or after July 2027, whichever is later, the default behavior will switch to always returning a KPSSResult. Set result_object=True to switch now, or result_object=False to keep the current behavior and silence this warning."
Total (2013–2024),Grupo | Meteorológico,Grupo,Meteorológico,Nível,0,144,c; autolag AIC; máximo padrão Schwert,c; nlags auto,143,-9.655734479519746,1.3958218755117858e-16,0,0.6624640446638005,0.01695781412147268,4,Interpolado,Conflitante: ambos rejeitam,"adfuller currently returns a plain tuple whose length depends on the store and autolag arguments. In release 0.16 or after July 2027, whichever is later, the default behavior will switch to always returning an ADFullerResult. Set result_object=True to switch now, or result_object=False to keep the current behavior and silence this warning. | kpss currently returns a plain tuple whose length and layout depends on the store argument (and which silently drops `lags` when store=True). In release 0.16 or after July 2027, whichever is later, the default behavior will switch to always returning a KPSSResult. Set result_object=True to switch now, or result_object=False to keep the current behavior and silence this warning."
Total (2013–2024),Grupo | Meteorológico,Grupo,Meteorológico,Log,0,144,c; autolag AIC; máximo padrão Schwert,c; nlags auto,132,-1.688801611453035,0.43689126324783895,11,0.9050490715617706,0.01,5,"p ≤ 0,01",Não estacionária: convergente,"adfuller currently returns a plain tuple whose length depends on the store and autolag arguments. In release 0.16 or after July 2027, whichever is later, the default behavior will switch to always returning an ADFullerResult. Set result_object=True to switch now, or result_object=False to keep the current behavior and silence this warning. | The test statistic is outside of the range of p-values available in the look-up table. The actual p-value is smaller than the p-value returned. | kpss currently returns a plain tuple whose length and layout depends on the store argument (and which silently drops `lags` when store=True). In release 0.16 or after July 2027, whichever is later, the default behavior will switch to always returning a KPSSResult. Set result_object=True to switch now, or result_object=False to keep the current behavior and silence this warning."
Total (2013–2024),Grupo | Meteorológico,Grupo,Meteorológico,Primeira diferença,1,143,c; autolag AIC; máximo padrão Schwert,c; nlags auto,132,-6.760984101273367,2.792712676205751e-09,10,0.09574189947770735,0.1,24,"p ≥ 0,10",Estacionária: convergente,"adfuller currently returns a plain tuple whose length depends on the store and autolag arguments. In release 0.16 or after July 2027, whichever is later, the default behavior will switch to always returning an ADFullerResult. Set result_object=True to switch now, or result_object=False to keep the current behavior and silence this warning. | The test statistic is outside of the range of p-values available in the look-up table. The actual p-value is greater than the p-value returned. | kpss currently returns a plain tuple whose length and layout depends on the store argument (and which silently drops `lags` when store=True). In release 0.16 or after July 2027, whichever is later, the default behavior will switch to always returning a KPSSResult. Set result_object=True to switch now, or result_object=False to keep the current behavior and silence this warning."
Total (2013–2024),Grupo | Meteorológico,Grupo,Meteorológico,Diferença do log,1,143,c; autolag AIC; máximo padrão Schwert,c; nlags auto,132,-7.799780886248537,7.547232497166363e-12,10,0.11617097061842327,0.1,23,"p ≥ 0,10",Estacionária: convergente,"adfuller currently returns a plain tuple whose length depends on the store and autolag arguments. In release 0.16 or after July 2027, whichever is later, the default behavior will switch to always returning an ADFullerResult. Set result_object=True to switch now, or result_object=False to keep the current behavior and silence this warning. | The test statistic is outside of the range of p-values available in the look-up table. The actual p-value is greater than the p-value returned. | kpss currently returns a plain tuple whose length and layout depends on the store argument (and which silently drops `lags` when store=True). In release 0.16 or after July 2027, whichever is later, the default behavior will switch to always returning a KPSSResult. Set result_object=True to switch now, or result_object=False to keep the current behavior and silence this warning."
Total (2013–2024),Grupo | Meteorológico,Grupo,Meteorológico,Diferença sazonal,12,132,c; autolag AIC; máximo padrão Schwert,c; nlags auto,120,-6.1429566713687125,7.890194056499015e-08,11,0.052698022889159,0.1,2,"p ≥ 0,10",Estacionária: convergente,"adfuller currently returns a plain tuple whose length depends on the store and autolag arguments. In release 0.16 or after July 2027, whichever is later, the default behavior will switch to always returning an ADFullerResult. Set result_object=True to switch now, or result_object=False to keep the current behavior and silence this warning. | The test statistic is outside of the range of p-values available in the look-up table. The actual p-value is greater than the p-value returned. | kpss currently returns a plain tuple whose length and layout depends on the store argument (and which silently drops `lags` when store=True). In release 0.16 or after July 2027, whichever is later, the default behavior will switch to always returning a KPSSResult. Set result_object=True to switch now, or result_object=False to keep the current behavior and silence this warning."
Total (2013–2024),Grupo | Meteorológico,Grupo,Meteorológico,Diferença + sazonal,13,131,c; autolag AIC; máximo padrão Schwert,c; nlags auto,118,-4.451611193831085,0.00024025595711759548,12,0.4288531654521018,0.06471846316719751,110,Interpolado,Estacionária: convergente,"adfuller currently returns a plain tuple whose length depends on the store and autolag arguments. In release 0.16 or after July 2027, whichever is later, the default behavior will switch to always returning an ADFullerResult. Set result_object=True to switch now, or result_object=False to keep the current behavior and silence this warning. | kpss currently returns a plain tuple whose length and layout depends on the store argument (and which silently drops `lags` when store=True). In release 0.16 or after July 2027, whichever is later, the default behavior will switch to always returning a KPSSResult. Set result_object=True to switch now, or result_object=False to keep the current behavior and silence this warning."
Total (2013–2024),Grupo | Meteorológico,Grupo,Meteorológico,Diferença do log + sazonal,13,131,c; autolag AIC; máximo padrão Schwert,c; nlags auto,118,-4.1624383144890515,0.0007622956576492299,12,0.23758875771751342,0.1,51,"p ≥ 0,10",Estacionária: convergente,"adfuller currently returns a plain tuple whose length depends on the store and autolag arguments. In release 0.16 or after July 2027, whichever is later, the default behavior will switch to always returning an ADFullerResult. Set result_object=True to switch now, or result_object=False to keep the current behavior and silence this warning. | The test statistic is outside of the range of p-values available in the look-up table. The actual p-value is greater than the p-value returned. | kpss currently returns a plain tuple whose length and layout depends on the store argument (and which silently drops `lags` when store=True). In release 0.16 or after July 2027, whichever is later, the default behavior will switch to always returning a KPSSResult. Set result_object=True to switch now, or result_object=False to keep the current behavior and silence this warning."
Total (2013–2024),Grupo | Outros,Grupo,Outros,Nível,0,144,c; autolag AIC; máximo padrão Schwert,c; nlags auto,132,-1.0227601420763028,0.7448728186514835,11,1.4338177655643483,0.01,4,"p ≤ 0,01",Não estacionária: convergente,"adfuller currently returns a plain tuple whose length depends on the store and autolag arguments. In release 0.16 or after July 2027, whichever is later, the default behavior will switch to always returning an ADFullerResult. Set result_object=True to switch now, or result_object=False to keep the current behavior and silence this warning. | The test statistic is outside of the range of p-values available in the look-up table. The actual p-value is smaller than the p-value returned. | kpss currently returns a plain tuple whose length and layout depends on the store argument (and which silently drops `lags` when store=True). In release 0.16 or after July 2027, whichever is later, the default behavior will switch to always returning a KPSSResult. Set result_object=True to switch now, or result_object=False to keep the current behavior and silence this warning."
Total (2013–2024),Grupo | Outros,Grupo,Outros,Log,0,144,c; autolag AIC; máximo padrão Schwert,c; nlags auto,132,-0.648700584656142,0.8595937234485622,11,1.438454770513236,0.01,7,"p ≤ 0,01",Não estacionária: convergente,"adfuller currently returns a plain tuple whose length depends on the store and autolag arguments. In release 0.16 or after July 2027, whichever is later, the default behavior will switch to always returning an ADFullerResult. Set result_object=True to switch now, or result_object=False to keep the current behavior and silence this warning. | The test statistic is outside of the range of p-values available in the look-up table. The actual p-value is smaller than the p-value returned. | kpss currently returns a plain tuple whose length and layout depends on the store argument (and which silently drops `lags` when store=True). In release 0.16 or after July 2027, whichever is later, the default behavior will switch to always returning a KPSSResult. Set result_object=True to switch now, or result_object=False to keep the current behavior and silence this warning."
Total (2013–2024),Grupo | Outros,Grupo,Outros,Primeira diferença,1,143,c; autolag AIC; máximo padrão Schwert,c; nlags auto,132,-9.736800267813535,8.706534727742522e-17,10,0.44414278495205806,0.058128109934457745,127,Interpolado,Estacionária: convergente,"adfuller currently returns a plain tuple whose length depends on the store and autolag arguments. In release 0.16 or after July 2027, whichever is later, the default behavior will switch to always returning an ADFullerResult. Set result_object=True to switch now, or result_object=False to keep the current behavior and silence this warning. | kpss currently returns a plain tuple whose length and layout depends on the store argument (and which silently drops `lags` when store=True). In release 0.16 or after July 2027, whichever is later, the default behavior will switch to always returning a KPSSResult. Set result_object=True to switch now, or result_object=False to keep the current behavior and silence this warning."
Total (2013–2024),Grupo | Outros,Grupo,Outros,Diferença do log,1,143,c; autolag AIC; máximo padrão Schwert,c; nlags auto,132,-6.965256401368412,8.949207132718271e-10,10,0.4999999999999802,0.04166666666667113,142,Interpolado,Conflitante: ambos rejeitam,"adfuller currently returns a plain tuple whose length depends on the store and autolag arguments. In release 0.16 or after July 2027, whichever is later, the default behavior will switch to always returning an ADFullerResult. Set result_object=True to switch now, or result_object=False to keep the current behavior and silence this warning. | kpss currently returns a plain tuple whose length and layout depends on the store argument (and which silently drops `lags` when store=True). In release 0.16 or after July 2027, whichever is later, the default behavior will switch to always returning a KPSSResult. Set result_object=True to switch now, or result_object=False to keep the current behavior and silence this warning."
Total (2013–2024),Grupo | Outros,Grupo,Outros,Diferença sazonal,12,132,c; autolag AIC; máximo padrão Schwert,c; nlags auto,131,-10.644179399432549,4.843283885195596e-19,0,0.04968165891817266,0.1,0,"p ≥ 0,10",Estacionária: convergente,"adfuller currently returns a plain tuple whose length depends on the store and autolag arguments. In release 0.16 or after July 2027, whichever is later, the default behavior will switch to always returning an ADFullerResult. Set result_object=True to switch now, or result_object=False to keep the current behavior and silence this warning. | The test statistic is outside of the range of p-values available in the look-up table. The actual p-value is greater than the p-value returned. | kpss currently returns a plain tuple whose length and layout depends on the store argument (and which silently drops `lags` when store=True). In release 0.16 or after July 2027, whichever is later, the default behavior will switch to always returning a KPSSResult. Set result_object=True to switch now, or result_object=False to keep the current behavior and silence this warning."
Total (2013–2024),Grupo | Outros,Grupo,Outros,Diferença + sazonal,13,131,c; autolag AIC; máximo padrão Schwert,c; nlags auto,122,-6.513157271056325,1.0876711525302505e-08,8,0.1445311666928493,0.1,27,"p ≥ 0,10",Estacionária: convergente,"adfuller currently returns a plain tuple whose length depends on the store and autolag arguments. In release 0.16 or after July 2027, whichever is later, the default behavior will switch to always returning an ADFullerResult. Set result_object=True to switch now, or result_object=False to keep the current behavior and silence this warning. | The test statistic is outside of the range of p-values available in the look-up table. The actual p-value is greater than the p-value returned. | kpss currently returns a plain tuple whose length and layout depends on the store argument (and which silently drops `lags` when store=True). In release 0.16 or after July 2027, whichever is later, the default behavior will switch to always returning a KPSSResult. Set result_object=True to switch now, or result_object=False to keep the current behavior and silence this warning."
Total (2013–2024),Grupo | Outros,Grupo,Outros,Diferença do log + sazonal,13,131,c; autolag AIC; máximo padrão Schwert,c; nlags auto,119,-4.535091479416272,0.00016983971201294884,11,0.1287202378902088,0.1,14,"p ≥ 0,10",Estacionária: convergente,"adfuller currently returns a plain tuple whose length depends on the store and autolag arguments. In release 0.16 or after July 2027, whichever is later, the default behavior will switch to always returning an ADFullerResult. Set result_object=True to switch now, or result_object=False to keep the current behavior and silence this warning. | The test statistic is outside of the range of p-values available in the look-up table. The actual p-value is greater than the p-value returned. | kpss currently returns a plain tuple whose length and layout depends on the store argument (and which silently drops `lags` when store=True). In release 0.16 or after July 2027, whichever is later, the default behavior will switch to always returning a KPSSResult. Set result_object=True to switch now, or result_object=False to keep the current behavior and silence this warning."
Total (2013–2024),Tipologia | Alagamentos,Tipologia,Alagamentos,Nível,0,144,c; autolag AIC; máximo padrão Schwert,c; nlags auto,134,-2.3193818377789297,0.16579311512838252,9,0.38235312904464175,0.08476158230834407,6,Interpolado,Inconclusiva: nenhum rejeita,"adfuller currently returns a plain tuple whose length depends on the store and autolag arguments. In release 0.16 or after July 2027, whichever is later, the default behavior will switch to always returning an ADFullerResult. Set result_object=True to switch now, or result_object=False to keep the current behavior and silence this warning. | kpss currently returns a plain tuple whose length and layout depends on the store argument (and which silently drops `lags` when store=True). In release 0.16 or after July 2027, whichever is later, the default behavior will switch to always returning a KPSSResult. Set result_object=True to switch now, or result_object=False to keep the current behavior and silence this warning."
Total (2013–2024),Tipologia | Alagamentos,Tipologia,Alagamentos,Log,0,144,c; autolag AIC; máximo padrão Schwert,c; nlags auto,132,-2.1277266330319002,0.2335127031307765,11,0.2205130104736429,0.1,6,"p ≥ 0,10",Inconclusiva: nenhum rejeita,"adfuller currently returns a plain tuple whose length depends on the store and autolag arguments. In release 0.16 or after July 2027, whichever is later, the default behavior will switch to always returning an ADFullerResult. Set result_object=True to switch now, or result_object=False to keep the current behavior and silence this warning. | The test statistic is outside of the range of p-values available in the look-up table. The actual p-value is greater than the p-value returned. | kpss currently returns a plain tuple whose length and layout depends on the store argument (and which silently drops `lags` when store=True). In release 0.16 or after July 2027, whichever is later, the default behavior will switch to always returning a KPSSResult. Set result_object=True to switch now, or result_object=False to keep the current behavior and silence this warning."
Total (2013–2024),Tipologia | Alagamentos,Tipologia,Alagamentos,Primeira diferença,1,143,c; autolag AIC; máximo padrão Schwert,c; nlags auto,134,-9.645544958838277,1.4812429182818541e-16,8,0.03374831185802528,0.1,6,"p ≥ 0,10",Estacionária: convergente,"adfuller currently returns a plain tuple whose length depends on the store and autolag arguments. In release 0.16 or after July 2027, whichever is later, the default behavior will switch to always returning an ADFullerResult. Set result_object=True to switch now, or result_object=False to keep the current behavior and silence this warning. | The test statistic is outside of the range of p-values available in the look-up table. The actual p-value is greater than the p-value returned. | kpss currently returns a plain tuple whose length and layout depends on the store argument (and which silently drops `lags` when store=True). In release 0.16 or after July 2027, whichever is later, the default behavior will switch to always returning a KPSSResult. Set result_object=True to switch now, or result_object=False to keep the current behavior and silence this warning."
Total (2013–2024),Tipologia | Alagamentos,Tipologia,Alagamentos,Diferença do log,1,143,c; autolag AIC; máximo padrão Schwert,c; nlags auto,132,-7.771860887412648,8.877311948661572e-12,10,0.017011542269451355,0.1,0,"p ≥ 0,10",Estacionária: convergente,"adfuller currently returns a plain tuple whose length depends on the store and autolag arguments. In release 0.16 or after July 2027, whichever is later, the default behavior will switch to always returning an ADFullerResult. Set result_object=True to switch now, or result_object=False to keep the current behavior and silence this warning. | The test statistic is outside of the range of p-values available in the look-up table. The actual p-value is greater than the p-value returned. | kpss currently returns a plain tuple whose length and layout depends on the store argument (and which silently drops `lags` when store=True). In release 0.16 or after July 2027, whichever is later, the default behavior will switch to always returning a KPSSResult. Set result_object=True to switch now, or result_object=False to keep the current behavior and silence this warning."
Total (2013–2024),Tipologia | Alagamentos,Tipologia,Alagamentos,Diferença sazonal,12,132,c; autolag AIC; máximo padrão Schwert,c; nlags auto,120,-5.036807631535814,1.875668288337835e-05,11,0.08786228699507075,0.1,3,"p ≥ 0,10",Estacionária: convergente,"adfuller currently returns a plain tuple whose length depends on the store and autolag arguments. In release 0.16 or after July 2027, whichever is later, the default behavior will switch to always returning an ADFullerResult. Set result_object=True to switch now, or result_object=False to keep the current behavior and silence this warning. | The test statistic is outside of the range of p-values available in the look-up table. The actual p-value is greater than the p-value returned. | kpss currently returns a plain tuple whose length and layout depends on the store argument (and which silently drops `lags` when store=True). In release 0.16 or after July 2027, whichever is later, the default behavior will switch to always returning a KPSSResult. Set result_object=True to switch now, or result_object=False to keep the current behavior and silence this warning."
Total (2013–2024),Tipologia | Alagamentos,Tipologia,Alagamentos,Diferença + sazonal,13,131,c; autolag AIC; máximo padrão Schwert,c; nlags auto,117,-4.444811844446409,0.00024707559685024206,13,0.1715487008422154,0.1,35,"p ≥ 0,10",Estacionária: convergente,"adfuller currently returns a plain tuple whose length depends on the store and autolag arguments. In release 0.16 or after July 2027, whichever is later, the default behavior will switch to always returning an ADFullerResult. Set result_object=True to switch now, or result_object=False to keep the current behavior and silence this warning. | The test statistic is outside of the range of p-values available in the look-up table. The actual p-value is greater than the p-value returned. | kpss currently returns a plain tuple whose length and layout depends on the store argument (and which silently drops `lags` when store=True). In release 0.16 or after July 2027, whichever is later, the default behavior will switch to always returning a KPSSResult. Set result_object=True to switch now, or result_object=False to keep the current behavior and silence this warning."
Total (2013–2024),Tipologia | Alagamentos,Tipologia,Alagamentos,Diferença do log + sazonal,13,131,c; autolag AIC; máximo padrão Schwert,c; nlags auto,117,-6.008411687940731,1.5948984372698863e-07,13,0.4999999999999946,0.04166666666666788,130,Interpolado,Conflitante: ambos rejeitam,"adfuller currently returns a plain tuple whose length depends on the store and autolag arguments. In release 0.16 or after July 2027, whichever is later, the default behavior will switch to always returning an ADFullerResult. Set result_object=True to switch now, or result_object=False to keep the current behavior and silence this warning. | kpss currently returns a plain tuple whose length and layout depends on the store argument (and which silently drops `lags` when store=True). In release 0.16 or after July 2027, whichever is later, the default behavior will switch to always returning a KPSSResult. Set result_object=True to switch now, or result_object=False to keep the current behavior and silence this warning."
Total (2013–2024),Tipologia | Chuvas Intensas,Tipologia,Chuvas Intensas,Nível,0,144,c; autolag AIC; máximo padrão Schwert,c; nlags auto,130,-0.9024940800039165,0.7871499717220883,13,1.178131372652723,0.01,6,"p ≤ 0,01",Não estacionária: convergente,"adfuller currently returns a plain tuple whose length depends on the store and autolag arguments. In release 0.16 or after July 2027, whichever is later, the default behavior will switch to always returning an ADFullerResult. Set result_object=True to switch now, or result_object=False to keep the current behavior and silence this warning. | The test statistic is outside of the range of p-values available in the look-up table. The actual p-value is smaller than the p-value returned. | kpss currently returns a plain tuple whose length and layout depends on the store argument (and which silently drops `lags` when store=True). In release 0.16 or after July 2027, whichever is later, the default behavior will switch to always returning a KPSSResult. Set result_object=True to switch now, or result_object=False to keep the current behavior and silence this warning."
Total (2013–2024),Tipologia | Chuvas Intensas,Tipologia,Chuvas Intensas,Log,0,144,c; autolag AIC; máximo padrão Schwert,c; nlags auto,132,-1.0538865524988161,0.7331069527428916,11,1.1848102956563826,0.01,7,"p ≤ 0,01",Não estacionária: convergente,"adfuller currently returns a plain tuple whose length depends on the store and autolag arguments. In release 0.16 or after July 2027, whichever is later, the default behavior will switch to always returning an ADFullerResult. Set result_object=True to switch now, or result_object=False to keep the current behavior and silence this warning. | The test statistic is outside of the range of p-values available in the look-up table. The actual p-value is smaller than the p-value returned. | kpss currently returns a plain tuple whose length and layout depends on the store argument (and which silently drops `lags` when store=True). In release 0.16 or after July 2027, whichever is later, the default behavior will switch to always returning a KPSSResult. Set result_object=True to switch now, or result_object=False to keep the current behavior and silence this warning."
Total (2013–2024),Tipologia | Chuvas Intensas,Tipologia,Chuvas Intensas,Primeira diferença,1,143,c; autolag AIC; máximo padrão Schwert,c; nlags auto,130,-6.445736573881195,1.567604616185807e-08,12,0.17310997255713723,0.1,51,"p ≥ 0,10",Estacionária: convergente,"adfuller currently returns a plain tuple whose length depends on the store and autolag arguments. In release 0.16 or after July 2027, whichever is later, the default behavior will switch to always returning an ADFullerResult. Set result_object=True to switch now, or result_object=False to keep the current behavior and silence this warning. | The test statistic is outside of the range of p-values available in the look-up table. The actual p-value is greater than the p-value returned. | kpss currently returns a plain tuple whose length and layout depends on the store argument (and which silently drops `lags` when store=True). In release 0.16 or after July 2027, whichever is later, the default behavior will switch to always returning a KPSSResult. Set result_object=True to switch now, or result_object=False to keep the current behavior and silence this warning."
Total (2013–2024),Tipologia | Chuvas Intensas,Tipologia,Chuvas Intensas,Diferença do log,1,143,c; autolag AIC; máximo padrão Schwert,c; nlags auto,132,-8.364414267428046,2.7676845077134345e-13,10,0.03788542636505455,0.1,9,"p ≥ 0,10",Estacionária: convergente,"adfuller currently returns a plain tuple whose length depends on the store and autolag arguments. In release 0.16 or after July 2027, whichever is later, the default behavior will switch to always returning an ADFullerResult. Set result_object=True to switch now, or result_object=False to keep the current behavior and silence this warning. | The test statistic is outside of the range of p-values available in the look-up table. The actual p-value is greater than the p-value returned. | kpss currently returns a plain tuple whose length and layout depends on the store argument (and which silently drops `lags` when store=True). In release 0.16 or after July 2027, whichever is later, the default behavior will switch to always returning a KPSSResult. Set result_object=True to switch now, or result_object=False to keep the current behavior and silence this warning."
Total (2013–2024),Tipologia | Chuvas Intensas,Tipologia,Chuvas Intensas,Diferença sazonal,12,132,c; autolag AIC; máximo padrão Schwert,c; nlags auto,118,-3.552454526232795,0.006737822576183462,13,0.07776438920850123,0.1,2,"p ≥ 0,10",Estacionária: convergente,"adfuller currently returns a plain tuple whose length depends on the store and autolag arguments. In release 0.16 or after July 2027, whichever is later, the default behavior will switch to always returning an ADFullerResult. Set result_object=True to switch now, or result_object=False to keep the current behavior and silence this warning. | The test statistic is outside of the range of p-values available in the look-up table. The actual p-value is greater than the p-value returned. | kpss currently returns a plain tuple whose length and layout depends on the store argument (and which silently drops `lags` when store=True). In release 0.16 or after July 2027, whichever is later, the default behavior will switch to always returning a KPSSResult. Set result_object=True to switch now, or result_object=False to keep the current behavior and silence this warning."
Total (2013–2024),Tipologia | Chuvas Intensas,Tipologia,Chuvas Intensas,Diferença + sazonal,13,131,c; autolag AIC; máximo padrão Schwert,c; nlags auto,119,-4.041155493600869,0.0012096968797155679,11,0.46746434522092567,0.048994516842133864,121,Interpolado,Conflitante: ambos rejeitam,"adfuller currently returns a plain tuple whose length depends on the store and autolag arguments. In release 0.16 or after July 2027, whichever is later, the default behavior will switch to always returning an ADFullerResult. Set result_object=True to switch now, or result_object=False to keep the current behavior and silence this warning. | kpss currently returns a plain tuple whose length and layout depends on the store argument (and which silently drops `lags` when store=True). In release 0.16 or after July 2027, whichever is later, the default behavior will switch to always returning a KPSSResult. Set result_object=True to switch now, or result_object=False to keep the current behavior and silence this warning."
Total (2013–2024),Tipologia | Chuvas Intensas,Tipologia,Chuvas Intensas,Diferença do log + sazonal,13,131,c; autolag AIC; máximo padrão Schwert,c; nlags auto,117,-6.418274936963327,1.8182262934939642e-08,13,0.08576756363214329,0.1,26,"p ≥ 0,10",Estacionária: convergente,"adfuller currently returns a plain tuple whose length depends on the store and autolag arguments. In release 0.16 or after July 2027, whichever is later, the default behavior will switch to always returning an ADFullerResult. Set result_object=True to switch now, or result_object=False to keep the current behavior and silence this warning. | The test statistic is outside of the range of p-values available in the look-up table. The actual p-value is greater than the p-value returned. | kpss currently returns a plain tuple whose length and layout depends on the store argument (and which silently drops `lags` when store=True). In release 0.16 or after July 2027, whichever is later, the default behavior will switch to always returning a KPSSResult. Set result_object=True to switch now, or result_object=False to keep the current behavior and silence this warning."
Total (2013–2024),Tipologia | Doenças infecciosas,Tipologia,Doenças infecciosas,Nível,0,144,c; autolag AIC; máximo padrão Schwert,c; nlags auto,132,-1.7839626608697843,0.38845235134040973,11,0.3473068162268823,0.09986775162634383,1,Interpolado,Inconclusiva: nenhum rejeita,"adfuller currently returns a plain tuple whose length depends on the store and autolag arguments. In release 0.16 or after July 2027, whichever is later, the default behavior will switch to always returning an ADFullerResult. Set result_object=True to switch now, or result_object=False to keep the current behavior and silence this warning. | kpss currently returns a plain tuple whose length and layout depends on the store argument (and which silently drops `lags` when store=True). In release 0.16 or after July 2027, whichever is later, the default behavior will switch to always returning a KPSSResult. Set result_object=True to switch now, or result_object=False to keep the current behavior and silence this warning."
Total (2013–2024),Tipologia | Doenças infecciosas,Tipologia,Doenças infecciosas,Log,0,144,c; autolag AIC; máximo padrão Schwert,c; nlags auto,132,-1.5303231099395638,0.5184611809482527,11,1.0440324886096402,0.01,3,"p ≤ 0,01",Não estacionária: convergente,"adfuller currently returns a plain tuple whose length depends on the store and autolag arguments. In release 0.16 or after July 2027, whichever is later, the default behavior will switch to always returning an ADFullerResult. Set result_object=True to switch now, or result_object=False to keep the current behavior and silence this warning. | The test statistic is outside of the range of p-values available in the look-up table. The actual p-value is smaller than the p-value returned. | kpss currently returns a plain tuple whose length and layout depends on the store argument (and which silently drops `lags` when store=True). In release 0.16 or after July 2027, whichever is later, the default behavior will switch to always returning a KPSSResult. Set result_object=True to switch now, or result_object=False to keep the current behavior and silence this warning."
Total (2013–2024),Tipologia | Doenças infecciosas,Tipologia,Doenças infecciosas,Primeira diferença,1,143,c; autolag AIC; máximo padrão Schwert,c; nlags auto,132,-10.734932007689254,2.91540183195045e-19,10,0.3775590978389373,0.08682797506942357,107,Interpolado,Estacionária: convergente,"adfuller currently returns a plain tuple whose length depends on the store and autolag arguments. In release 0.16 or after July 2027, whichever is later, the default behavior will switch to always returning an ADFullerResult. Set result_object=True to switch now, or result_object=False to keep the current behavior and silence this warning. | kpss currently returns a plain tuple whose length and layout depends on the store argument (and which silently drops `lags` when store=True). In release 0.16 or after July 2027, whichever is later, the default behavior will switch to always returning a KPSSResult. Set result_object=True to switch now, or result_object=False to keep the current behavior and silence this warning."
Total (2013–2024),Tipologia | Doenças infecciosas,Tipologia,Doenças infecciosas,Diferença do log,1,143,c; autolag AIC; máximo padrão Schwert,c; nlags auto,132,-9.799783629880949,6.038112365238047e-17,10,0.1432151532779576,0.1,38,"p ≥ 0,10",Estacionária: convergente,"adfuller currently returns a plain tuple whose length depends on the store and autolag arguments. In release 0.16 or after July 2027, whichever is later, the default behavior will switch to always returning an ADFullerResult. Set result_object=True to switch now, or result_object=False to keep the current behavior and silence this warning. | The test statistic is outside of the range of p-values available in the look-up table. The actual p-value is greater than the p-value returned. | kpss currently returns a plain tuple whose length and layout depends on the store argument (and which silently drops `lags` when store=True). In release 0.16 or after July 2027, whichever is later, the default behavior will switch to always returning a KPSSResult. Set result_object=True to switch now, or result_object=False to keep the current behavior and silence this warning."
Total (2013–2024),Tipologia | Doenças infecciosas,Tipologia,Doenças infecciosas,Diferença sazonal,12,132,c; autolag AIC; máximo padrão Schwert,c; nlags auto,131,-10.6950620957915,3.6425886264670083e-19,0,0.08371176417907958,0.1,0,"p ≥ 0,10",Estacionária: convergente,"adfuller currently returns a plain tuple whose length depends on the store and autolag arguments. In release 0.16 or after July 2027, whichever is later, the default behavior will switch to always returning an ADFullerResult. Set result_object=True to switch now, or result_object=False to keep the current behavior and silence this warning. | The test statistic is outside of the range of p-values available in the look-up table. The actual p-value is greater than the p-value returned. | kpss currently returns a plain tuple whose length and layout depends on the store argument (and which silently drops `lags` when store=True). In release 0.16 or after July 2027, whichever is later, the default behavior will switch to always returning a KPSSResult. Set result_object=True to switch now, or result_object=False to keep the current behavior and silence this warning."
Total (2013–2024),Tipologia | Doenças infecciosas,Tipologia,Doenças infecciosas,Diferença + sazonal,13,131,c; autolag AIC; máximo padrão Schwert,c; nlags auto,125,-7.699045455966166,1.3547008252336513e-11,5,0.5000000000000293,0.041666666666660065,130,Interpolado,Conflitante: ambos rejeitam,"adfuller currently returns a plain tuple whose length depends on the store and autolag arguments. In release 0.16 or after July 2027, whichever is later, the default behavior will switch to always returning an ADFullerResult. Set result_object=True to switch now, or result_object=False to keep the current behavior and silence this warning. | kpss currently returns a plain tuple whose length and layout depends on the store argument (and which silently drops `lags` when store=True). In release 0.16 or after July 2027, whichever is later, the default behavior will switch to always returning a KPSSResult. Set result_object=True to switch now, or result_object=False to keep the current behavior and silence this warning."
Total (2013–2024),Tipologia | Doenças infecciosas,Tipologia,Doenças infecciosas,Diferença do log + sazonal,13,131,c; autolag AIC; máximo padrão Schwert,c; nlags auto,122,-6.858308259704576,1.626844796606327e-09,8,0.08972913818896615,0.1,19,"p ≥ 0,10",Estacionária: convergente,"adfuller currently returns a plain tuple whose length depends on the store and autolag arguments. In release 0.16 or after July 2027, whichever is later, the default behavior will switch to always returning an ADFullerResult. Set result_object=True to switch now, or result_object=False to keep the current behavior and silence this warning. | The test statistic is outside of the range of p-values available in the look-up table. The actual p-value is greater than the p-value returned. | kpss currently returns a plain tuple whose length and layout depends on the store argument (and which silently drops `lags` when store=True). In release 0.16 or after July 2027, whichever is later, the default behavior will switch to always returning a KPSSResult. Set result_object=True to switch now, or result_object=False to keep the current behavior and silence this warning."
Total (2013–2024),Tipologia | Enxurradas,Tipologia,Enxurradas,Nível,0,144,c; autolag AIC; máximo padrão Schwert,c; nlags auto,143,-8.92339554587486,1.0265949391012136e-14,0,0.4508020144790054,0.05525775237973905,3,Interpolado,Estacionária: convergente,"adfuller currently returns a plain tuple whose length depends on the store and autolag arguments. In release 0.16 or after July 2027, whichever is later, the default behavior will switch to always returning an ADFullerResult. Set result_object=True to switch now, or result_object=False to keep the current behavior and silence this warning. | kpss currently returns a plain tuple whose length and layout depends on the store argument (and which silently drops `lags` when store=True). In release 0.16 or after July 2027, whichever is later, the default behavior will switch to always returning a KPSSResult. Set result_object=True to switch now, or result_object=False to keep the current behavior and silence this warning."
Total (2013–2024),Tipologia | Enxurradas,Tipologia,Enxurradas,Log,0,144,c; autolag AIC; máximo padrão Schwert,c; nlags auto,143,-7.286065419882192,1.457804976921932e-10,0,0.36001779255362026,0.09438888251999127,5,Interpolado,Estacionária: convergente,"adfuller currently returns a plain tuple whose length depends on the store and autolag arguments. In release 0.16 or after July 2027, whichever is later, the default behavior will switch to always returning an ADFullerResult. Set result_object=True to switch now, or result_object=False to keep the current behavior and silence this warning. | kpss currently returns a plain tuple whose length and layout depends on the store argument (and which silently drops `lags` when store=True). In release 0.16 or after July 2027, whichever is later, the default behavior will switch to always returning a KPSSResult. Set result_object=True to switch now, or result_object=False to keep the current behavior and silence this warning."
Total (2013–2024),Tipologia | Enxurradas,Tipologia,Enxurradas,Primeira diferença,1,143,c; autolag AIC; máximo padrão Schwert,c; nlags auto,132,-6.515072964308101,1.0764029038328058e-08,10,0.0720671799629523,0.1,19,"p ≥ 0,10",Estacionária: convergente,"adfuller currently returns a plain tuple whose length depends on the store and autolag arguments. In release 0.16 or after July 2027, whichever is later, the default behavior will switch to always returning an ADFullerResult. Set result_object=True to switch now, or result_object=False to keep the current behavior and silence this warning. | The test statistic is outside of the range of p-values available in the look-up table. The actual p-value is greater than the p-value returned. | kpss currently returns a plain tuple whose length and layout depends on the store argument (and which silently drops `lags` when store=True). In release 0.16 or after July 2027, whichever is later, the default behavior will switch to always returning a KPSSResult. Set result_object=True to switch now, or result_object=False to keep the current behavior and silence this warning."
Total (2013–2024),Tipologia | Enxurradas,Tipologia,Enxurradas,Diferença do log,1,143,c; autolag AIC; máximo padrão Schwert,c; nlags auto,131,-7.149844656694727,3.162036835230364e-10,11,0.039602904300481176,0.1,8,"p ≥ 0,10",Estacionária: convergente,"adfuller currently returns a plain tuple whose length depends on the store and autolag arguments. In release 0.16 or after July 2027, whichever is later, the default behavior will switch to always returning an ADFullerResult. Set result_object=True to switch now, or result_object=False to keep the current behavior and silence this warning. | The test statistic is outside of the range of p-values available in the look-up table. The actual p-value is greater than the p-value returned. | kpss currently returns a plain tuple whose length and layout depends on the store argument (and which silently drops `lags` when store=True). In release 0.16 or after July 2027, whichever is later, the default behavior will switch to always returning a KPSSResult. Set result_object=True to switch now, or result_object=False to keep the current behavior and silence this warning."
Total (2013–2024),Tipologia | Enxurradas,Tipologia,Enxurradas,Diferença sazonal,12,132,c; autolag AIC; máximo padrão Schwert,c; nlags auto,119,-4.554643393142271,0.00015645538535146892,12,0.04038673824744377,0.1,3,"p ≥ 0,10",Estacionária: convergente,"adfuller currently returns a plain tuple whose length depends on the store and autolag arguments. In release 0.16 or after July 2027, whichever is later, the default behavior will switch to always returning an ADFullerResult. Set result_object=True to switch now, or result_object=False to keep the current behavior and silence this warning. | The test statistic is outside of the range of p-values available in the look-up table. The actual p-value is greater than the p-value returned. | kpss currently returns a plain tuple whose length and layout depends on the store argument (and which silently drops `lags` when store=True). In release 0.16 or after July 2027, whichever is later, the default behavior will switch to always returning a KPSSResult. Set result_object=True to switch now, or result_object=False to keep the current behavior and silence this warning."
Total (2013–2024),Tipologia | Enxurradas,Tipologia,Enxurradas,Diferença + sazonal,13,131,c; autolag AIC; máximo padrão Schwert,c; nlags auto,117,-5.69605079085529,7.86971501679855e-07,13,0.1504971904152865,0.1,46,"p ≥ 0,10",Estacionária: convergente,"adfuller currently returns a plain tuple whose length depends on the store and autolag arguments. In release 0.16 or after July 2027, whichever is later, the default behavior will switch to always returning an ADFullerResult. Set result_object=True to switch now, or result_object=False to keep the current behavior and silence this warning. | The test statistic is outside of the range of p-values available in the look-up table. The actual p-value is greater than the p-value returned. | kpss currently returns a plain tuple whose length and layout depends on the store argument (and which silently drops `lags` when store=True). In release 0.16 or after July 2027, whichever is later, the default behavior will switch to always returning a KPSSResult. Set result_object=True to switch now, or result_object=False to keep the current behavior and silence this warning."
Total (2013–2024),Tipologia | Enxurradas,Tipologia,Enxurradas,Diferença do log + sazonal,13,131,c; autolag AIC; máximo padrão Schwert,c; nlags auto,117,-6.187954190862988,6.222715648423025e-08,13,0.0823101381679758,0.1,17,"p ≥ 0,10",Estacionária: convergente,"adfuller currently returns a plain tuple whose length depends on the store and autolag arguments. In release 0.16 or after July 2027, whichever is later, the default behavior will switch to always returning an ADFullerResult. Set result_object=True to switch now, or result_object=False to keep the current behavior and silence this warning. | The test statistic is outside of the range of p-values available in the look-up table. The actual p-value is greater than the p-value returned. | kpss currently returns a plain tuple whose length and layout depends on the store argument (and which silently drops `lags` when store=True). In release 0.16 or after July 2027, whichever is later, the default behavior will switch to always returning a KPSSResult. Set result_object=True to switch now, or result_object=False to keep the current behavior and silence this warning."
Total (2013–2024),Tipologia | Erosão,Tipologia,Erosão,Nível,0,144,c; autolag AIC; máximo padrão Schwert,c; nlags auto,141,-4.643193632749414,0.00010745201109091931,2,0.21117494440326184,0.1,6,"p ≥ 0,10",Estacionária: convergente,"adfuller currently returns a plain tuple whose length depends on the store and autolag arguments. In release 0.16 or after July 2027, whichever is later, the default behavior will switch to always returning an ADFullerResult. Set result_object=True to switch now, or result_object=False to keep the current behavior and silence this warning. | The test statistic is outside of the range of p-values available in the look-up table. The actual p-value is greater than the p-value returned. | kpss currently returns a plain tuple whose length and layout depends on the store argument (and which silently drops `lags` when store=True). In release 0.16 or after July 2027, whichever is later, the default behavior will switch to always returning a KPSSResult. Set result_object=True to switch now, or result_object=False to keep the current behavior and silence this warning."
Total (2013–2024),Tipologia | Erosão,Tipologia,Erosão,Log,0,144,c; autolag AIC; máximo padrão Schwert,c; nlags auto,141,-4.8411782619524555,4.5334310818795564e-05,2,0.26559861535653034,0.1,6,"p ≥ 0,10",Estacionária: convergente,"adfuller currently returns a plain tuple whose length depends on the store and autolag arguments. In release 0.16 or after July 2027, whichever is later, the default behavior will switch to always returning an ADFullerResult. Set result_object=True to switch now, or result_object=False to keep the current behavior and silence this warning. | The test statistic is outside of the range of p-values available in the look-up table. The actual p-value is greater than the p-value returned. | kpss currently returns a plain tuple whose length and layout depends on the store argument (and which silently drops `lags` when store=True). In release 0.16 or after July 2027, whichever is later, the default behavior will switch to always returning a KPSSResult. Set result_object=True to switch now, or result_object=False to keep the current behavior and silence this warning."
Total (2013–2024),Tipologia | Erosão,Tipologia,Erosão,Primeira diferença,1,143,c; autolag AIC; máximo padrão Schwert,c; nlags auto,133,-5.809986787197567,4.424494151879033e-07,9,0.055464088159004374,0.1,5,"p ≥ 0,10",Estacionária: convergente,"adfuller currently returns a plain tuple whose length depends on the store and autolag arguments. In release 0.16 or after July 2027, whichever is later, the default behavior will switch to always returning an ADFullerResult. Set result_object=True to switch now, or result_object=False to keep the current behavior and silence this warning. | The test statistic is outside of the range of p-values available in the look-up table. The actual p-value is greater than the p-value returned. | kpss currently returns a plain tuple whose length and layout depends on the store argument (and which silently drops `lags` when store=True). In release 0.16 or after July 2027, whichever is later, the default behavior will switch to always returning a KPSSResult. Set result_object=True to switch now, or result_object=False to keep the current behavior and silence this warning."
Total (2013–2024),Tipologia | Erosão,Tipologia,Erosão,Diferença do log,1,143,c; autolag AIC; máximo padrão Schwert,c; nlags auto,133,-6.348467588132742,2.646820050156385e-08,9,0.09235483185661683,0.1,16,"p ≥ 0,10",Estacionária: convergente,"adfuller currently returns a plain tuple whose length depends on the store and autolag arguments. In release 0.16 or after July 2027, whichever is later, the default behavior will switch to always returning an ADFullerResult. Set result_object=True to switch now, or result_object=False to keep the current behavior and silence this warning. | The test statistic is outside of the range of p-values available in the look-up table. The actual p-value is greater than the p-value returned. | kpss currently returns a plain tuple whose length and layout depends on the store argument (and which silently drops `lags` when store=True). In release 0.16 or after July 2027, whichever is later, the default behavior will switch to always returning a KPSSResult. Set result_object=True to switch now, or result_object=False to keep the current behavior and silence this warning."
Total (2013–2024),Tipologia | Erosão,Tipologia,Erosão,Diferença sazonal,12,132,c; autolag AIC; máximo padrão Schwert,c; nlags auto,120,-4.316940740355007,0.00041514458829205927,11,0.09821236783694122,0.1,3,"p ≥ 0,10",Estacionária: convergente,"adfuller currently returns a plain tuple whose length depends on the store and autolag arguments. In release 0.16 or after July 2027, whichever is later, the default behavior will switch to always returning an ADFullerResult. Set result_object=True to switch now, or result_object=False to keep the current behavior and silence this warning. | The test statistic is outside of the range of p-values available in the look-up table. The actual p-value is greater than the p-value returned. | kpss currently returns a plain tuple whose length and layout depends on the store argument (and which silently drops `lags` when store=True). In release 0.16 or after July 2027, whichever is later, the default behavior will switch to always returning a KPSSResult. Set result_object=True to switch now, or result_object=False to keep the current behavior and silence this warning."
Total (2013–2024),Tipologia | Erosão,Tipologia,Erosão,Diferença + sazonal,13,131,c; autolag AIC; máximo padrão Schwert,c; nlags auto,117,-4.469767415452663,0.000222910688564439,13,0.13812387883125957,0.1,22,"p ≥ 0,10",Estacionária: convergente,"adfuller currently returns a plain tuple whose length depends on the store and autolag arguments. In release 0.16 or after July 2027, whichever is later, the default behavior will switch to always returning an ADFullerResult. Set result_object=True to switch now, or result_object=False to keep the current behavior and silence this warning. | The test statistic is outside of the range of p-values available in the look-up table. The actual p-value is greater than the p-value returned. | kpss currently returns a plain tuple whose length and layout depends on the store argument (and which silently drops `lags` when store=True). In release 0.16 or after July 2027, whichever is later, the default behavior will switch to always returning a KPSSResult. Set result_object=True to switch now, or result_object=False to keep the current behavior and silence this warning."
Total (2013–2024),Tipologia | Erosão,Tipologia,Erosão,Diferença do log + sazonal,13,131,c; autolag AIC; máximo padrão Schwert,c; nlags auto,117,-4.152350557032373,0.0007925549673459598,13,0.11955277710223505,0.1,24,"p ≥ 0,10",Estacionária: convergente,"adfuller currently returns a plain tuple whose length depends on the store and autolag arguments. In release 0.16 or after July 2027, whichever is later, the default behavior will switch to always returning an ADFullerResult. Set result_object=True to switch now, or result_object=False to keep the current behavior and silence this warning. | The test statistic is outside of the range of p-values available in the look-up table. The actual p-value is greater than the p-value returned. | kpss currently returns a plain tuple whose length and layout depends on the store argument (and which silently drops `lags` when store=True). In release 0.16 or after July 2027, whichever is later, the default behavior will switch to always returning a KPSSResult. Set result_object=True to switch now, or result_object=False to keep the current behavior and silence this warning."
Total (2013–2024),Tipologia | Estiagem e Seca,Tipologia,Estiagem e Seca,Nível,0,144,c; autolag AIC; máximo padrão Schwert,c; nlags auto,135,-5.703508524787694,7.58035702888649e-07,8,0.04115576355891009,0.1,3,"p ≥ 0,10",Estacionária: convergente,"adfuller currently returns a plain tuple whose length depends on the store and autolag arguments. In release 0.16 or after July 2027, whichever is later, the default behavior will switch to always returning an ADFullerResult. Set result_object=True to switch now, or result_object=False to keep the current behavior and silence this warning. | The test statistic is outside of the range of p-values available in the look-up table. The actual p-value is greater than the p-value returned. | kpss currently returns a plain tuple whose length and layout depends on the store argument (and which silently drops `lags` when store=True). In release 0.16 or after July 2027, whichever is later, the default behavior will switch to always returning a KPSSResult. Set result_object=True to switch now, or result_object=False to keep the current behavior and silence this warning."
Total (2013–2024),Tipologia | Estiagem e Seca,Tipologia,Estiagem e Seca,Log,0,144,c; autolag AIC; máximo padrão Schwert,c; nlags auto,137,-5.0673918561368705,1.6297404328637506e-05,6,0.09002862366691453,0.1,2,"p ≥ 0,10",Estacionária: convergente,"adfuller currently returns a plain tuple whose length depends on the store and autolag arguments. In release 0.16 or after July 2027, whichever is later, the default behavior will switch to always returning an ADFullerResult. Set result_object=True to switch now, or result_object=False to keep the current behavior and silence this warning. | The test statistic is outside of the range of p-values available in the look-up table. The actual p-value is greater than the p-value returned. | kpss currently returns a plain tuple whose length and layout depends on the store argument (and which silently drops `lags` when store=True). In release 0.16 or after July 2027, whichever is later, the default behavior will switch to always returning a KPSSResult. Set result_object=True to switch now, or result_object=False to keep the current behavior and silence this warning."
Total (2013–2024),Tipologia | Estiagem e Seca,Tipologia,Estiagem e Seca,Primeira diferença,1,143,c; autolag AIC; máximo padrão Schwert,c; nlags auto,130,-6.651513573113677,5.1068924651618685e-09,12,0.043410935475466705,0.1,5,"p ≥ 0,10",Estacionária: convergente,"adfuller currently returns a plain tuple whose length depends on the store and autolag arguments. In release 0.16 or after July 2027, whichever is later, the default behavior will switch to always returning an ADFullerResult. Set result_object=True to switch now, or result_object=False to keep the current behavior and silence this warning. | The test statistic is outside of the range of p-values available in the look-up table. The actual p-value is greater than the p-value returned. | kpss currently returns a plain tuple whose length and layout depends on the store argument (and which silently drops `lags` when store=True). In release 0.16 or after July 2027, whichever is later, the default behavior will switch to always returning a KPSSResult. Set result_object=True to switch now, or result_object=False to keep the current behavior and silence this warning."
Total (2013–2024),Tipologia | Estiagem e Seca,Tipologia,Estiagem e Seca,Diferença do log,1,143,c; autolag AIC; máximo padrão Schwert,c; nlags auto,130,-6.253253965577966,4.401362434504709e-08,12,0.07805514391662648,0.1,9,"p ≥ 0,10",Estacionária: convergente,"adfuller currently returns a plain tuple whose length depends on the store and autolag arguments. In release 0.16 or after July 2027, whichever is later, the default behavior will switch to always returning an ADFullerResult. Set result_object=True to switch now, or result_object=False to keep the current behavior and silence this warning. | The test statistic is outside of the range of p-values available in the look-up table. The actual p-value is greater than the p-value returned. | kpss currently returns a plain tuple whose length and layout depends on the store argument (and which silently drops `lags` when store=True). In release 0.16 or after July 2027, whichever is later, the default behavior will switch to always returning a KPSSResult. Set result_object=True to switch now, or result_object=False to keep the current behavior and silence this warning."
Total (2013–2024),Tipologia | Estiagem e Seca,Tipologia,Estiagem e Seca,Diferença sazonal,12,132,c; autolag AIC; máximo padrão Schwert,c; nlags auto,118,-4.072919661008125,0.001073308575738164,13,0.04515606901526905,0.1,2,"p ≥ 0,10",Estacionária: convergente,"adfuller currently returns a plain tuple whose length depends on the store and autolag arguments. In release 0.16 or after July 2027, whichever is later, the default behavior will switch to always returning an ADFullerResult. Set result_object=True to switch now, or result_object=False to keep the current behavior and silence this warning. | The test statistic is outside of the range of p-values available in the look-up table. The actual p-value is greater than the p-value returned. | kpss currently returns a plain tuple whose length and layout depends on the store argument (and which silently drops `lags` when store=True). In release 0.16 or after July 2027, whichever is later, the default behavior will switch to always returning a KPSSResult. Set result_object=True to switch now, or result_object=False to keep the current behavior and silence this warning."
Total (2013–2024),Tipologia | Estiagem e Seca,Tipologia,Estiagem e Seca,Diferença + sazonal,13,131,c; autolag AIC; máximo padrão Schwert,c; nlags auto,117,-6.400573572490735,2.000275586003131e-08,13,0.1422223021519493,0.1,26,"p ≥ 0,10",Estacionária: convergente,"adfuller currently returns a plain tuple whose length depends on the store and autolag arguments. In release 0.16 or after July 2027, whichever is later, the default behavior will switch to always returning an ADFullerResult. Set result_object=True to switch now, or result_object=False to keep the current behavior and silence this warning. | The test statistic is outside of the range of p-values available in the look-up table. The actual p-value is greater than the p-value returned. | kpss currently returns a plain tuple whose length and layout depends on the store argument (and which silently drops `lags` when store=True). In release 0.16 or after July 2027, whichever is later, the default behavior will switch to always returning a KPSSResult. Set result_object=True to switch now, or result_object=False to keep the current behavior and silence this warning."
Total (2013–2024),Tipologia | Estiagem e Seca,Tipologia,Estiagem e Seca,Diferença do log + sazonal,13,131,c; autolag AIC; máximo padrão Schwert,c; nlags auto,117,-6.377299836984849,2.2671752904998115e-08,13,0.2651169346324681,0.1,53,"p ≥ 0,10",Estacionária: convergente,"adfuller currently returns a plain tuple whose length depends on the store and autolag arguments. In release 0.16 or after July 2027, whichever is later, the default behavior will switch to always returning an ADFullerResult. Set result_object=True to switch now, or result_object=False to keep the current behavior and silence this warning. | The test statistic is outside of the range of p-values available in the look-up table. The actual p-value is greater than the p-value returned. | kpss currently returns a plain tuple whose length and layout depends on the store argument (and which silently drops `lags` when store=True). In release 0.16 or after July 2027, whichever is later, the default behavior will switch to always returning a KPSSResult. Set result_object=True to switch now, or result_object=False to keep the current behavior and silence this warning."
Total (2013–2024),Tipologia | Granizo,Tipologia,Granizo,Nível,0,144,c; autolag AIC; máximo padrão Schwert,c; nlags auto,132,-2.2332145356092146,0.19441204952116137,11,0.2646217073988232,0.1,4,"p ≥ 0,10",Inconclusiva: nenhum rejeita,"adfuller currently returns a plain tuple whose length depends on the store and autolag arguments. In release 0.16 or after July 2027, whichever is later, the default behavior will switch to always returning an ADFullerResult. Set result_object=True to switch now, or result_object=False to keep the current behavior and silence this warning. | The test statistic is outside of the range of p-values available in the look-up table. The actual p-value is greater than the p-value returned. | kpss currently returns a plain tuple whose length and layout depends on the store argument (and which silently drops `lags` when store=True). In release 0.16 or after July 2027, whichever is later, the default behavior will switch to always returning a KPSSResult. Set result_object=True to switch now, or result_object=False to keep the current behavior and silence this warning."
Total (2013–2024),Tipologia | Granizo,Tipologia,Granizo,Log,0,144,c; autolag AIC; máximo padrão Schwert,c; nlags auto,132,-1.8486262855330233,0.3566010494473774,11,0.42571142470549483,0.06607266176487292,5,Interpolado,Inconclusiva: nenhum rejeita,"adfuller currently returns a plain tuple whose length depends on the store and autolag arguments. In release 0.16 or after July 2027, whichever is later, the default behavior will switch to always returning an ADFullerResult. Set result_object=True to switch now, or result_object=False to keep the current behavior and silence this warning. | kpss currently returns a plain tuple whose length and layout depends on the store argument (and which silently drops `lags` when store=True). In release 0.16 or after July 2027, whichever is later, the default behavior will switch to always returning a KPSSResult. Set result_object=True to switch now, or result_object=False to keep the current behavior and silence this warning."
Total (2013–2024),Tipologia | Granizo,Tipologia,Granizo,Primeira diferença,1,143,c; autolag AIC; máximo padrão Schwert,c; nlags auto,132,-8.559122994965609,8.792824723838743e-14,10,0.061253443274617174,0.1,18,"p ≥ 0,10",Estacionária: convergente,"adfuller currently returns a plain tuple whose length depends on the store and autolag arguments. In release 0.16 or after July 2027, whichever is later, the default behavior will switch to always returning an ADFullerResult. Set result_object=True to switch now, or result_object=False to keep the current behavior and silence this warning. | The test statistic is outside of the range of p-values available in the look-up table. The actual p-value is greater than the p-value returned. | kpss currently returns a plain tuple whose length and layout depends on the store argument (and which silently drops `lags` when store=True). In release 0.16 or after July 2027, whichever is later, the default behavior will switch to always returning a KPSSResult. Set result_object=True to switch now, or result_object=False to keep the current behavior and silence this warning."
Total (2013–2024),Tipologia | Granizo,Tipologia,Granizo,Diferença do log,1,143,c; autolag AIC; máximo padrão Schwert,c; nlags auto,132,-8.909186361765762,1.1162823652783746e-14,10,0.14189323595472464,0.1,40,"p ≥ 0,10",Estacionária: convergente,"adfuller currently returns a plain tuple whose length depends on the store and autolag arguments. In release 0.16 or after July 2027, whichever is later, the default behavior will switch to always returning an ADFullerResult. Set result_object=True to switch now, or result_object=False to keep the current behavior and silence this warning. | The test statistic is outside of the range of p-values available in the look-up table. The actual p-value is greater than the p-value returned. | kpss currently returns a plain tuple whose length and layout depends on the store argument (and which silently drops `lags` when store=True). In release 0.16 or after July 2027, whichever is later, the default behavior will switch to always returning a KPSSResult. Set result_object=True to switch now, or result_object=False to keep the current behavior and silence this warning."
Total (2013–2024),Tipologia | Granizo,Tipologia,Granizo,Diferença sazonal,12,132,c; autolag AIC; máximo padrão Schwert,c; nlags auto,120,-5.28180162192445,5.97149941454722e-06,11,0.09184381411665701,0.1,2,"p ≥ 0,10",Estacionária: convergente,"adfuller currently returns a plain tuple whose length depends on the store and autolag arguments. In release 0.16 or after July 2027, whichever is later, the default behavior will switch to always returning an ADFullerResult. Set result_object=True to switch now, or result_object=False to keep the current behavior and silence this warning. | The test statistic is outside of the range of p-values available in the look-up table. The actual p-value is greater than the p-value returned. | kpss currently returns a plain tuple whose length and layout depends on the store argument (and which silently drops `lags` when store=True). In release 0.16 or after July 2027, whichever is later, the default behavior will switch to always returning a KPSSResult. Set result_object=True to switch now, or result_object=False to keep the current behavior and silence this warning."
Total (2013–2024),Tipologia | Granizo,Tipologia,Granizo,Diferença + sazonal,13,131,c; autolag AIC; máximo padrão Schwert,c; nlags auto,117,-4.1650257257878796,0.0007547110705811072,13,0.13797492567525121,0.1,36,"p ≥ 0,10",Estacionária: convergente,"adfuller currently returns a plain tuple whose length depends on the store and autolag arguments. In release 0.16 or after July 2027, whichever is later, the default behavior will switch to always returning an ADFullerResult. Set result_object=True to switch now, or result_object=False to keep the current behavior and silence this warning. | The test statistic is outside of the range of p-values available in the look-up table. The actual p-value is greater than the p-value returned. | kpss currently returns a plain tuple whose length and layout depends on the store argument (and which silently drops `lags` when store=True). In release 0.16 or after July 2027, whichever is later, the default behavior will switch to always returning a KPSSResult. Set result_object=True to switch now, or result_object=False to keep the current behavior and silence this warning."
Total (2013–2024),Tipologia | Granizo,Tipologia,Granizo,Diferença do log + sazonal,13,131,c; autolag AIC; máximo padrão Schwert,c; nlags auto,117,-4.24129342080071,0.0005605129492333635,13,0.17812662090813428,0.1,43,"p ≥ 0,10",Estacionária: convergente,"adfuller currently returns a plain tuple whose length depends on the store and autolag arguments. In release 0.16 or after July 2027, whichever is later, the default behavior will switch to always returning an ADFullerResult. Set result_object=True to switch now, or result_object=False to keep the current behavior and silence this warning. | The test statistic is outside of the range of p-values available in the look-up table. The actual p-value is greater than the p-value returned. | kpss currently returns a plain tuple whose length and layout depends on the store argument (and which silently drops `lags` when store=True). In release 0.16 or after July 2027, whichever is later, the default behavior will switch to always returning a KPSSResult. Set result_object=True to switch now, or result_object=False to keep the current behavior and silence this warning."
Total (2013–2024),Tipologia | Incêndio Florestal,Tipologia,Incêndio Florestal,Nível,0,144,c; autolag AIC; máximo padrão Schwert,c; nlags auto,132,0.1062505398973165,0.9664852654459145,11,0.8140042883231038,0.01,4,"p ≤ 0,01",Não estacionária: convergente,"adfuller currently returns a plain tuple whose length depends on the store and autolag arguments. In release 0.16 or after July 2027, whichever is later, the default behavior will switch to always returning an ADFullerResult. Set result_object=True to switch now, or result_object=False to keep the current behavior and silence this warning. | The test statistic is outside of the range of p-values available in the look-up table. The actual p-value is smaller than the p-value returned. | kpss currently returns a plain tuple whose length and layout depends on the store argument (and which silently drops `lags` when store=True). In release 0.16 or after July 2027, whichever is later, the default behavior will switch to always returning a KPSSResult. Set result_object=True to switch now, or result_object=False to keep the current behavior and silence this warning."
Total (2013–2024),Tipologia | Incêndio Florestal,Tipologia,Incêndio Florestal,Log,0,144,c; autolag AIC; máximo padrão Schwert,c; nlags auto,132,-0.9802810174231628,0.7603882367157527,11,1.3243312156487967,0.01,7,"p ≤ 0,01",Não estacionária: convergente,"adfuller currently returns a plain tuple whose length depends on the store and autolag arguments. In release 0.16 or after July 2027, whichever is later, the default behavior will switch to always returning an ADFullerResult. Set result_object=True to switch now, or result_object=False to keep the current behavior and silence this warning. | The test statistic is outside of the range of p-values available in the look-up table. The actual p-value is smaller than the p-value returned. | kpss currently returns a plain tuple whose length and layout depends on the store argument (and which silently drops `lags` when store=True). In release 0.16 or after July 2027, whichever is later, the default behavior will switch to always returning a KPSSResult. Set result_object=True to switch now, or result_object=False to keep the current behavior and silence this warning."
Total (2013–2024),Tipologia | Incêndio Florestal,Tipologia,Incêndio Florestal,Primeira diferença,1,143,c; autolag AIC; máximo padrão Schwert,c; nlags auto,132,-6.78273448140705,2.475764841472381e-09,10,0.13738281167233835,0.1,39,"p ≥ 0,10",Estacionária: convergente,"adfuller currently returns a plain tuple whose length depends on the store and autolag arguments. In release 0.16 or after July 2027, whichever is later, the default behavior will switch to always returning an ADFullerResult. Set result_object=True to switch now, or result_object=False to keep the current behavior and silence this warning. | The test statistic is outside of the range of p-values available in the look-up table. The actual p-value is greater than the p-value returned. | kpss currently returns a plain tuple whose length and layout depends on the store argument (and which silently drops `lags` when store=True). In release 0.16 or after July 2027, whichever is later, the default behavior will switch to always returning a KPSSResult. Set result_object=True to switch now, or result_object=False to keep the current behavior and silence this warning."
Total (2013–2024),Tipologia | Incêndio Florestal,Tipologia,Incêndio Florestal,Diferença do log,1,143,c; autolag AIC; máximo padrão Schwert,c; nlags auto,132,-7.885355441836115,4.5853324971130775e-12,10,0.012575241480154436,0.1,4,"p ≥ 0,10",Estacionária: convergente,"adfuller currently returns a plain tuple whose length depends on the store and autolag arguments. In release 0.16 or after July 2027, whichever is later, the default behavior will switch to always returning an ADFullerResult. Set result_object=True to switch now, or result_object=False to keep the current behavior and silence this warning. | The test statistic is outside of the range of p-values available in the look-up table. The actual p-value is greater than the p-value returned. | kpss currently returns a plain tuple whose length and layout depends on the store argument (and which silently drops `lags` when store=True). In release 0.16 or after July 2027, whichever is later, the default behavior will switch to always returning a KPSSResult. Set result_object=True to switch now, or result_object=False to keep the current behavior and silence this warning."
Total (2013–2024),Tipologia | Incêndio Florestal,Tipologia,Incêndio Florestal,Diferença sazonal,12,132,c; autolag AIC; máximo padrão Schwert,c; nlags auto,120,-2.099126373084529,0.2448660363586589,11,0.22105169558127913,0.1,0,"p ≥ 0,10",Inconclusiva: nenhum rejeita,"adfuller currently returns a plain tuple whose length depends on the store and autolag arguments. In release 0.16 or after July 2027, whichever is later, the default behavior will switch to always returning an ADFullerResult. Set result_object=True to switch now, or result_object=False to keep the current behavior and silence this warning. | The test statistic is outside of the range of p-values available in the look-up table. The actual p-value is greater than the p-value returned. | kpss currently returns a plain tuple whose length and layout depends on the store argument (and which silently drops `lags` when store=True). In release 0.16 or after July 2027, whichever is later, the default behavior will switch to always returning a KPSSResult. Set result_object=True to switch now, or result_object=False to keep the current behavior and silence this warning."
Total (2013–2024),Tipologia | Incêndio Florestal,Tipologia,Incêndio Florestal,Diferença + sazonal,13,131,c; autolag AIC; máximo padrão Schwert,c; nlags auto,119,-3.970270172165342,0.0015744408657679236,11,0.15886325204026366,0.1,40,"p ≥ 0,10",Estacionária: convergente,"adfuller currently returns a plain tuple whose length depends on the store and autolag arguments. In release 0.16 or after July 2027, whichever is later, the default behavior will switch to always returning an ADFullerResult. Set result_object=True to switch now, or result_object=False to keep the current behavior and silence this warning. | The test statistic is outside of the range of p-values available in the look-up table. The actual p-value is greater than the p-value returned. | kpss currently returns a plain tuple whose length and layout depends on the store argument (and which silently drops `lags` when store=True). In release 0.16 or after July 2027, whichever is later, the default behavior will switch to always returning a KPSSResult. Set result_object=True to switch now, or result_object=False to keep the current behavior and silence this warning."
Total (2013–2024),Tipologia | Incêndio Florestal,Tipologia,Incêndio Florestal,Diferença do log + sazonal,13,131,c; autolag AIC; máximo padrão Schwert,c; nlags auto,117,-6.177537449437169,6.57487662676501e-08,13,0.42122777270070355,0.06800527038762778,115,Interpolado,Estacionária: convergente,"adfuller currently returns a plain tuple whose length depends on the store and autolag arguments. In release 0.16 or after July 2027, whichever is later, the default behavior will switch to always returning an ADFullerResult. Set result_object=True to switch now, or result_object=False to keep the current behavior and silence this warning. | kpss currently returns a plain tuple whose length and layout depends on the store argument (and which silently drops `lags` when store=True). In release 0.16 or after July 2027, whichever is later, the default behavior will switch to always returning a KPSSResult. Set result_object=True to switch now, or result_object=False to keep the current behavior and silence this warning."
Total (2013–2024),Tipologia | Inundações,Tipologia,Inundações,Nível,0,144,c; autolag AIC; máximo padrão Schwert,c; nlags auto,143,-9.434464771581963,5.086214375263265e-16,0,0.09004800743299467,0.1,4,"p ≥ 0,10",Estacionária: convergente,"adfuller currently returns a plain tuple whose length depends on the store and autolag arguments. In release 0.16 or after July 2027, whichever is later, the default behavior will switch to always returning an ADFullerResult. Set result_object=True to switch now, or result_object=False to keep the current behavior and silence this warning. | The test statistic is outside of the range of p-values available in the look-up table. The actual p-value is greater than the p-value returned. | kpss currently returns a plain tuple whose length and layout depends on the store argument (and which silently drops `lags` when store=True). In release 0.16 or after July 2027, whichever is later, the default behavior will switch to always returning a KPSSResult. Set result_object=True to switch now, or result_object=False to keep the current behavior and silence this warning."
Total (2013–2024),Tipologia | Inundações,Tipologia,Inundações,Log,0,144,c; autolag AIC; máximo padrão Schwert,c; nlags auto,138,-6.614741022255711,6.248184603779455e-09,5,0.11298057615102863,0.1,5,"p ≥ 0,10",Estacionária: convergente,"adfuller currently returns a plain tuple whose length depends on the store and autolag arguments. In release 0.16 or after July 2027, whichever is later, the default behavior will switch to always returning an ADFullerResult. Set result_object=True to switch now, or result_object=False to keep the current behavior and silence this warning. | The test statistic is outside of the range of p-values available in the look-up table. The actual p-value is greater than the p-value returned. | kpss currently returns a plain tuple whose length and layout depends on the store argument (and which silently drops `lags` when store=True). In release 0.16 or after July 2027, whichever is later, the default behavior will switch to always returning a KPSSResult. Set result_object=True to switch now, or result_object=False to keep the current behavior and silence this warning."
Total (2013–2024),Tipologia | Inundações,Tipologia,Inundações,Primeira diferença,1,143,c; autolag AIC; máximo padrão Schwert,c; nlags auto,133,-7.088245941439915,4.479772187857295e-10,9,0.2534275306715731,0.1,73,"p ≥ 0,10",Estacionária: convergente,"adfuller currently returns a plain tuple whose length depends on the store and autolag arguments. In release 0.16 or after July 2027, whichever is later, the default behavior will switch to always returning an ADFullerResult. Set result_object=True to switch now, or result_object=False to keep the current behavior and silence this warning. | The test statistic is outside of the range of p-values available in the look-up table. The actual p-value is greater than the p-value returned. | kpss currently returns a plain tuple whose length and layout depends on the store argument (and which silently drops `lags` when store=True). In release 0.16 or after July 2027, whichever is later, the default behavior will switch to always returning a KPSSResult. Set result_object=True to switch now, or result_object=False to keep the current behavior and silence this warning."
Total (2013–2024),Tipologia | Inundações,Tipologia,Inundações,Diferença do log,1,143,c; autolag AIC; máximo padrão Schwert,c; nlags auto,133,-8.271744305957158,4.772760780550563e-13,9,0.0308308361789148,0.1,6,"p ≥ 0,10",Estacionária: convergente,"adfuller currently returns a plain tuple whose length depends on the store and autolag arguments. In release 0.16 or after July 2027, whichever is later, the default behavior will switch to always returning an ADFullerResult. Set result_object=True to switch now, or result_object=False to keep the current behavior and silence this warning. | The test statistic is outside of the range of p-values available in the look-up table. The actual p-value is greater than the p-value returned. | kpss currently returns a plain tuple whose length and layout depends on the store argument (and which silently drops `lags` when store=True). In release 0.16 or after July 2027, whichever is later, the default behavior will switch to always returning a KPSSResult. Set result_object=True to switch now, or result_object=False to keep the current behavior and silence this warning."
Total (2013–2024),Tipologia | Inundações,Tipologia,Inundações,Diferença sazonal,12,132,c; autolag AIC; máximo padrão Schwert,c; nlags auto,120,-5.611261495378554,1.202026472794561e-06,11,0.0771360430221666,0.1,2,"p ≥ 0,10",Estacionária: convergente,"adfuller currently returns a plain tuple whose length depends on the store and autolag arguments. In release 0.16 or after July 2027, whichever is later, the default behavior will switch to always returning an ADFullerResult. Set result_object=True to switch now, or result_object=False to keep the current behavior and silence this warning. | The test statistic is outside of the range of p-values available in the look-up table. The actual p-value is greater than the p-value returned. | kpss currently returns a plain tuple whose length and layout depends on the store argument (and which silently drops `lags` when store=True). In release 0.16 or after July 2027, whichever is later, the default behavior will switch to always returning a KPSSResult. Set result_object=True to switch now, or result_object=False to keep the current behavior and silence this warning."
Total (2013–2024),Tipologia | Inundações,Tipologia,Inundações,Diferença + sazonal,13,131,c; autolag AIC; máximo padrão Schwert,c; nlags auto,117,-4.565409706942556,0.00014952069010465877,13,0.16846205082941473,0.1,41,"p ≥ 0,10",Estacionária: convergente,"adfuller currently returns a plain tuple whose length depends on the store and autolag arguments. In release 0.16 or after July 2027, whichever is later, the default behavior will switch to always returning an ADFullerResult. Set result_object=True to switch now, or result_object=False to keep the current behavior and silence this warning. | The test statistic is outside of the range of p-values available in the look-up table. The actual p-value is greater than the p-value returned. | kpss currently returns a plain tuple whose length and layout depends on the store argument (and which silently drops `lags` when store=True). In release 0.16 or after July 2027, whichever is later, the default behavior will switch to always returning a KPSSResult. Set result_object=True to switch now, or result_object=False to keep the current behavior and silence this warning."
Total (2013–2024),Tipologia | Inundações,Tipologia,Inundações,Diferença do log + sazonal,13,131,c; autolag AIC; máximo padrão Schwert,c; nlags auto,117,-6.076133741826909,1.1204527872055659e-07,13,0.07963001778584029,0.1,13,"p ≥ 0,10",Estacionária: convergente,"adfuller currently returns a plain tuple whose length depends on the store and autolag arguments. In release 0.16 or after July 2027, whichever is later, the default behavior will switch to always returning an ADFullerResult. Set result_object=True to switch now, or result_object=False to keep the current behavior and silence this warning. | The test statistic is outside of the range of p-values available in the look-up table. The actual p-value is greater than the p-value returned. | kpss currently returns a plain tuple whose length and layout depends on the store argument (and which silently drops `lags` when store=True). In release 0.16 or after July 2027, whichever is later, the default behavior will switch to always returning a KPSSResult. Set result_object=True to switch now, or result_object=False to keep the current behavior and silence this warning."
Total (2013–2024),Tipologia | Movimento de Massa,Tipologia,Movimento de Massa,Nível,0,144,c; autolag AIC; máximo padrão Schwert,c; nlags auto,129,-1.9475272553151917,0.3100434367572034,14,0.755998296580367,0.01,6,"p ≤ 0,01",Não estacionária: convergente,"adfuller currently returns a plain tuple whose length depends on the store and autolag arguments. In release 0.16 or after July 2027, whichever is later, the default behavior will switch to always returning an ADFullerResult. Set result_object=True to switch now, or result_object=False to keep the current behavior and silence this warning. | The test statistic is outside of the range of p-values available in the look-up table. The actual p-value is smaller than the p-value returned. | kpss currently returns a plain tuple whose length and layout depends on the store argument (and which silently drops `lags` when store=True). In release 0.16 or after July 2027, whichever is later, the default behavior will switch to always returning a KPSSResult. Set result_object=True to switch now, or result_object=False to keep the current behavior and silence this warning."
Total (2013–2024),Tipologia | Movimento de Massa,Tipologia,Movimento de Massa,Log,0,144,c; autolag AIC; máximo padrão Schwert,c; nlags auto,129,-1.417414331937686,0.5738995835930434,14,0.9491940271908043,0.01,7,"p ≤ 0,01",Não estacionária: convergente,"adfuller currently returns a plain tuple whose length depends on the store and autolag arguments. In release 0.16 or after July 2027, whichever is later, the default behavior will switch to always returning an ADFullerResult. Set result_object=True to switch now, or result_object=False to keep the current behavior and silence this warning. | The test statistic is outside of the range of p-values available in the look-up table. The actual p-value is smaller than the p-value returned. | kpss currently returns a plain tuple whose length and layout depends on the store argument (and which silently drops `lags` when store=True). In release 0.16 or after July 2027, whichever is later, the default behavior will switch to always returning a KPSSResult. Set result_object=True to switch now, or result_object=False to keep the current behavior and silence this warning."
Total (2013–2024),Tipologia | Movimento de Massa,Tipologia,Movimento de Massa,Primeira diferença,1,143,c; autolag AIC; máximo padrão Schwert,c; nlags auto,132,-7.313593446611558,1.2458752011584287e-10,10,0.12924074028645194,0.1,12,"p ≥ 0,10",Estacionária: convergente,"adfuller currently returns a plain tuple whose length depends on the store and autolag arguments. In release 0.16 or after July 2027, whichever is later, the default behavior will switch to always returning an ADFullerResult. Set result_object=True to switch now, or result_object=False to keep the current behavior and silence this warning. | The test statistic is outside of the range of p-values available in the look-up table. The actual p-value is greater than the p-value returned. | kpss currently returns a plain tuple whose length and layout depends on the store argument (and which silently drops `lags` when store=True). In release 0.16 or after July 2027, whichever is later, the default behavior will switch to always returning a KPSSResult. Set result_object=True to switch now, or result_object=False to keep the current behavior and silence this warning."
Total (2013–2024),Tipologia | Movimento de Massa,Tipologia,Movimento de Massa,Diferença do log,1,143,c; autolag AIC; máximo padrão Schwert,c; nlags auto,132,-6.842922328729986,1.7723336262689694e-09,10,0.03973810015591378,0.1,3,"p ≥ 0,10",Estacionária: convergente,"adfuller currently returns a plain tuple whose length depends on the store and autolag arguments. In release 0.16 or after July 2027, whichever is later, the default behavior will switch to always returning an ADFullerResult. Set result_object=True to switch now, or result_object=False to keep the current behavior and silence this warning. | The test statistic is outside of the range of p-values available in the look-up table. The actual p-value is greater than the p-value returned. | kpss currently returns a plain tuple whose length and layout depends on the store argument (and which silently drops `lags` when store=True). In release 0.16 or after July 2027, whichever is later, the default behavior will switch to always returning a KPSSResult. Set result_object=True to switch now, or result_object=False to keep the current behavior and silence this warning."
Total (2013–2024),Tipologia | Movimento de Massa,Tipologia,Movimento de Massa,Diferença sazonal,12,132,c; autolag AIC; máximo padrão Schwert,c; nlags auto,120,-4.197776412990099,0.000664634127073531,11,0.1155129538095452,0.1,4,"p ≥ 0,10",Estacionária: convergente,"adfuller currently returns a plain tuple whose length depends on the store and autolag arguments. In release 0.16 or after July 2027, whichever is later, the default behavior will switch to always returning an ADFullerResult. Set result_object=True to switch now, or result_object=False to keep the current behavior and silence this warning. | The test statistic is outside of the range of p-values available in the look-up table. The actual p-value is greater than the p-value returned. | kpss currently returns a plain tuple whose length and layout depends on the store argument (and which silently drops `lags` when store=True). In release 0.16 or after July 2027, whichever is later, the default behavior will switch to always returning a KPSSResult. Set result_object=True to switch now, or result_object=False to keep the current behavior and silence this warning."
Total (2013–2024),Tipologia | Movimento de Massa,Tipologia,Movimento de Massa,Diferença + sazonal,13,131,c; autolag AIC; máximo padrão Schwert,c; nlags auto,119,-3.5011219676216303,0.007958326266441312,11,0.1464265736576585,0.1,29,"p ≥ 0,10",Estacionária: convergente,"adfuller currently returns a plain tuple whose length depends on the store and autolag arguments. In release 0.16 or after July 2027, whichever is later, the default behavior will switch to always returning an ADFullerResult. Set result_object=True to switch now, or result_object=False to keep the current behavior and silence this warning. | The test statistic is outside of the range of p-values available in the look-up table. The actual p-value is greater than the p-value returned. | kpss currently returns a plain tuple whose length and layout depends on the store argument (and which silently drops `lags` when store=True). In release 0.16 or after July 2027, whichever is later, the default behavior will switch to always returning a KPSSResult. Set result_object=True to switch now, or result_object=False to keep the current behavior and silence this warning."
Total (2013–2024),Tipologia | Movimento de Massa,Tipologia,Movimento de Massa,Diferença do log + sazonal,13,131,c; autolag AIC; máximo padrão Schwert,c; nlags auto,118,-3.9554489654248433,0.0016626262811976903,12,0.1451676384068862,0.1,23,"p ≥ 0,10",Estacionária: convergente,"adfuller currently returns a plain tuple whose length depends on the store and autolag arguments. In release 0.16 or after July 2027, whichever is later, the default behavior will switch to always returning an ADFullerResult. Set result_object=True to switch now, or result_object=False to keep the current behavior and silence this warning. | The test statistic is outside of the range of p-values available in the look-up table. The actual p-value is greater than the p-value returned. | kpss currently returns a plain tuple whose length and layout depends on the store argument (and which silently drops `lags` when store=True). In release 0.16 or after July 2027, whichever is later, the default behavior will switch to always returning a KPSSResult. Set result_object=True to switch now, or result_object=False to keep the current behavior and silence this warning."
Total (2013–2024),Tipologia | Onda de Calor e Baixa Umidade,Tipologia,Onda de Calor e Baixa Umidade,Nível,0,144,c; autolag AIC; máximo padrão Schwert,c; nlags auto,130,-0.40726845057956856,0.908878114713327,13,1.1870067823077928,0.01,4,"p ≤ 0,01",Não estacionária: convergente,"adfuller currently returns a plain tuple whose length depends on the store and autolag arguments. In release 0.16 or after July 2027, whichever is later, the default behavior will switch to always returning an ADFullerResult. Set result_object=True to switch now, or result_object=False to keep the current behavior and silence this warning. | The test statistic is outside of the range of p-values available in the look-up table. The actual p-value is smaller than the p-value returned. | kpss currently returns a plain tuple whose length and layout depends on the store argument (and which silently drops `lags` when store=True). In release 0.16 or after July 2027, whichever is later, the default behavior will switch to always returning a KPSSResult. Set result_object=True to switch now, or result_object=False to keep the current behavior and silence this warning."
Total (2013–2024),Tipologia | Onda de Calor e Baixa Umidade,Tipologia,Onda de Calor e Baixa Umidade,Log,0,144,c; autolag AIC; máximo padrão Schwert,c; nlags auto,130,-0.7364172350911029,0.8370898486952268,13,1.3104054954594313,0.01,6,"p ≤ 0,01",Não estacionária: convergente,"adfuller currently returns a plain tuple whose length depends on the store and autolag arguments. In release 0.16 or after July 2027, whichever is later, the default behavior will switch to always returning an ADFullerResult. Set result_object=True to switch now, or result_object=False to keep the current behavior and silence this warning. | The test statistic is outside of the range of p-values available in the look-up table. The actual p-value is smaller than the p-value returned. | kpss currently returns a plain tuple whose length and layout depends on the store argument (and which silently drops `lags` when store=True). In release 0.16 or after July 2027, whichever is later, the default behavior will switch to always returning a KPSSResult. Set result_object=True to switch now, or result_object=False to keep the current behavior and silence this warning."
Total (2013–2024),Tipologia | Onda de Calor e Baixa Umidade,Tipologia,Onda de Calor e Baixa Umidade,Primeira diferença,1,143,c; autolag AIC; máximo padrão Schwert,c; nlags auto,130,-8.181888460469168,8.089737201686209e-13,12,0.16024308332000634,0.1,43,"p ≥ 0,10",Estacionária: convergente,"adfuller currently returns a plain tuple whose length depends on the store and autolag arguments. In release 0.16 or after July 2027, whichever is later, the default behavior will switch to always returning an ADFullerResult. Set result_object=True to switch now, or result_object=False to keep the current behavior and silence this warning. | The test statistic is outside of the range of p-values available in the look-up table. The actual p-value is greater than the p-value returned. | kpss currently returns a plain tuple whose length and layout depends on the store argument (and which silently drops `lags` when store=True). In release 0.16 or after July 2027, whichever is later, the default behavior will switch to always returning a KPSSResult. Set result_object=True to switch now, or result_object=False to keep the current behavior and silence this warning."
Total (2013–2024),Tipologia | Onda de Calor e Baixa Umidade,Tipologia,Onda de Calor e Baixa Umidade,Diferença do log,1,143,c; autolag AIC; máximo padrão Schwert,c; nlags auto,130,-7.062065362618448,5.192827835165155e-10,12,0.11643467799637025,0.1,26,"p ≥ 0,10",Estacionária: convergente,"adfuller currently returns a plain tuple whose length depends on the store and autolag arguments. In release 0.16 or after July 2027, whichever is later, the default behavior will switch to always returning an ADFullerResult. Set result_object=True to switch now, or result_object=False to keep the current behavior and silence this warning. | The test statistic is outside of the range of p-values available in the look-up table. The actual p-value is greater than the p-value returned. | kpss currently returns a plain tuple whose length and layout depends on the store argument (and which silently drops `lags` when store=True). In release 0.16 or after July 2027, whichever is later, the default behavior will switch to always returning a KPSSResult. Set result_object=True to switch now, or result_object=False to keep the current behavior and silence this warning."
Total (2013–2024),Tipologia | Onda de Calor e Baixa Umidade,Tipologia,Onda de Calor e Baixa Umidade,Diferença sazonal,12,132,c; autolag AIC; máximo padrão Schwert,c; nlags auto,119,-4.095206921373924,0.0009863444428145204,12,0.08679634686585674,0.1,3,"p ≥ 0,10",Estacionária: convergente,"adfuller currently returns a plain tuple whose length depends on the store and autolag arguments. In release 0.16 or after July 2027, whichever is later, the default behavior will switch to always returning an ADFullerResult. Set result_object=True to switch now, or result_object=False to keep the current behavior and silence this warning. | The test statistic is outside of the range of p-values available in the look-up table. The actual p-value is greater than the p-value returned. | kpss currently returns a plain tuple whose length and layout depends on the store argument (and which silently drops `lags` when store=True). In release 0.16 or after July 2027, whichever is later, the default behavior will switch to always returning a KPSSResult. Set result_object=True to switch now, or result_object=False to keep the current behavior and silence this warning."
Total (2013–2024),Tipologia | Onda de Calor e Baixa Umidade,Tipologia,Onda de Calor e Baixa Umidade,Diferença + sazonal,13,131,c; autolag AIC; máximo padrão Schwert,c; nlags auto,117,-5.258906469518509,6.657453019715549e-06,13,0.49999999999998956,0.04166666666666902,130,Interpolado,Conflitante: ambos rejeitam,"adfuller currently returns a plain tuple whose length depends on the store and autolag arguments. In release 0.16 or after July 2027, whichever is later, the default behavior will switch to always returning an ADFullerResult. Set result_object=True to switch now, or result_object=False to keep the current behavior and silence this warning. | kpss currently returns a plain tuple whose length and layout depends on the store argument (and which silently drops `lags` when store=True). In release 0.16 or after July 2027, whichever is later, the default behavior will switch to always returning a KPSSResult. Set result_object=True to switch now, or result_object=False to keep the current behavior and silence this warning."
Total (2013–2024),Tipologia | Onda de Calor e Baixa Umidade,Tipologia,Onda de Calor e Baixa Umidade,Diferença do log + sazonal,13,131,c; autolag AIC; máximo padrão Schwert,c; nlags auto,117,-4.8042979989346835,5.3365619028982704e-05,13,0.11241088289269585,0.1,18,"p ≥ 0,10",Estacionária: convergente,"adfuller currently returns a plain tuple whose length depends on the store and autolag arguments. In release 0.16 or after July 2027, whichever is later, the default behavior will switch to always returning an ADFullerResult. Set result_object=True to switch now, or result_object=False to keep the current behavior and silence this warning. | The test statistic is outside of the range of p-values available in the look-up table. The actual p-value is greater than the p-value returned. | kpss currently returns a plain tuple whose length and layout depends on the store argument (and which silently drops `lags` when store=True). In release 0.16 or after July 2027, whichever is later, the default behavior will switch to always returning a KPSSResult. Set result_object=True to switch now, or result_object=False to keep the current behavior and silence this warning."
Total (2013–2024),Tipologia | Onda de Frio,Tipologia,Onda de Frio,Nível,0,144,c; autolag AIC; máximo padrão Schwert,c; nlags auto,143,-9.226453790989531,1.72396056375155e-15,0,0.2108959471142016,0.1,1,"p ≥ 0,10",Estacionária: convergente,"adfuller currently returns a plain tuple whose length depends on the store and autolag arguments. In release 0.16 or after July 2027, whichever is later, the default behavior will switch to always returning an ADFullerResult. Set result_object=True to switch now, or result_object=False to keep the current behavior and silence this warning. | The test statistic is outside of the range of p-values available in the look-up table. The actual p-value is greater than the p-value returned. | kpss currently returns a plain tuple whose length and layout depends on the store argument (and which silently drops `lags` when store=True). In release 0.16 or after July 2027, whichever is later, the default behavior will switch to always returning a KPSSResult. Set result_object=True to switch now, or result_object=False to keep the current behavior and silence this warning."
Total (2013–2024),Tipologia | Onda de Frio,Tipologia,Onda de Frio,Log,0,144,c; autolag AIC; máximo padrão Schwert,c; nlags auto,142,-7.416111287673,6.928606728938837e-11,1,0.3939838271450696,0.0797483503685045,3,Interpolado,Estacionária: convergente,"adfuller currently returns a plain tuple whose length depends on the store and autolag arguments. In release 0.16 or after July 2027, whichever is later, the default behavior will switch to always returning an ADFullerResult. Set result_object=True to switch now, or result_object=False to keep the current behavior and silence this warning. | kpss currently returns a plain tuple whose length and layout depends on the store argument (and which silently drops `lags` when store=True). In release 0.16 or after July 2027, whichever is later, the default behavior will switch to always returning a KPSSResult. Set result_object=True to switch now, or result_object=False to keep the current behavior and silence this warning."
Total (2013–2024),Tipologia | Onda de Frio,Tipologia,Onda de Frio,Primeira diferença,1,143,c; autolag AIC; máximo padrão Schwert,c; nlags auto,134,-7.524439786057899,3.716754372333662e-11,8,0.4791880890781956,0.04635403399139739,136,Interpolado,Conflitante: ambos rejeitam,"adfuller currently returns a plain tuple whose length depends on the store and autolag arguments. In release 0.16 or after July 2027, whichever is later, the default behavior will switch to always returning an ADFullerResult. Set result_object=True to switch now, or result_object=False to keep the current behavior and silence this warning. | kpss currently returns a plain tuple whose length and layout depends on the store argument (and which silently drops `lags` when store=True). In release 0.16 or after July 2027, whichever is later, the default behavior will switch to always returning a KPSSResult. Set result_object=True to switch now, or result_object=False to keep the current behavior and silence this warning."
Total (2013–2024),Tipologia | Onda de Frio,Tipologia,Onda de Frio,Diferença do log,1,143,c; autolag AIC; máximo padrão Schwert,c; nlags auto,131,-7.510482234848935,4.02791411338071e-11,11,0.14163078148135055,0.1,34,"p ≥ 0,10",Estacionária: convergente,"adfuller currently returns a plain tuple whose length depends on the store and autolag arguments. In release 0.16 or after July 2027, whichever is later, the default behavior will switch to always returning an ADFullerResult. Set result_object=True to switch now, or result_object=False to keep the current behavior and silence this warning. | The test statistic is outside of the range of p-values available in the look-up table. The actual p-value is greater than the p-value returned. | kpss currently returns a plain tuple whose length and layout depends on the store argument (and which silently drops `lags` when store=True). In release 0.16 or after July 2027, whichever is later, the default behavior will switch to always returning a KPSSResult. Set result_object=True to switch now, or result_object=False to keep the current behavior and silence this warning."
Total (2013–2024),Tipologia | Onda de Frio,Tipologia,Onda de Frio,Diferença sazonal,12,132,c; autolag AIC; máximo padrão Schwert,c; nlags auto,119,-4.1893796542680715,0.0006867125154293497,12,0.06619118471078177,0.1,0,"p ≥ 0,10",Estacionária: convergente,"adfuller currently returns a plain tuple whose length depends on the store and autolag arguments. In release 0.16 or after July 2027, whichever is later, the default behavior will switch to always returning an ADFullerResult. Set result_object=True to switch now, or result_object=False to keep the current behavior and silence this warning. | The test statistic is outside of the range of p-values available in the look-up table. The actual p-value is greater than the p-value returned. | kpss currently returns a plain tuple whose length and layout depends on the store argument (and which silently drops `lags` when store=True). In release 0.16 or after July 2027, whichever is later, the default behavior will switch to always returning a KPSSResult. Set result_object=True to switch now, or result_object=False to keep the current behavior and silence this warning."
Total (2013–2024),Tipologia | Onda de Frio,Tipologia,Onda de Frio,Diferença + sazonal,13,131,c; autolag AIC; máximo padrão Schwert,c; nlags auto,119,-4.118654103123164,0.0009020004892377957,11,0.16736267789346065,0.1,43,"p ≥ 0,10",Estacionária: convergente,"adfuller currently returns a plain tuple whose length depends on the store and autolag arguments. In release 0.16 or after July 2027, whichever is later, the default behavior will switch to always returning an ADFullerResult. Set result_object=True to switch now, or result_object=False to keep the current behavior and silence this warning. | The test statistic is outside of the range of p-values available in the look-up table. The actual p-value is greater than the p-value returned. | kpss currently returns a plain tuple whose length and layout depends on the store argument (and which silently drops `lags` when store=True). In release 0.16 or after July 2027, whichever is later, the default behavior will switch to always returning a KPSSResult. Set result_object=True to switch now, or result_object=False to keep the current behavior and silence this warning."
Total (2013–2024),Tipologia | Onda de Frio,Tipologia,Onda de Frio,Diferença do log + sazonal,13,131,c; autolag AIC; máximo padrão Schwert,c; nlags auto,117,-4.420534165600383,0.0002729557518332946,13,0.23751713177774622,0.1,47,"p ≥ 0,10",Estacionária: convergente,"adfuller currently returns a plain tuple whose length depends on the store and autolag arguments. In release 0.16 or after July 2027, whichever is later, the default behavior will switch to always returning an ADFullerResult. Set result_object=True to switch now, or result_object=False to keep the current behavior and silence this warning. | The test statistic is outside of the range of p-values available in the look-up table. The actual p-value is greater than the p-value returned. | kpss currently returns a plain tuple whose length and layout depends on the store argument (and which silently drops `lags` when store=True). In release 0.16 or after July 2027, whichever is later, the default behavior will switch to always returning a KPSSResult. Set result_object=True to switch now, or result_object=False to keep the current behavior and silence this warning."
Total (2013–2024),Tipologia | Outros,Tipologia,Outros,Nível,0,144,c; autolag AIC; máximo padrão Schwert,c; nlags auto,131,-0.1723803053418483,0.9417347308885891,12,1.6482897613086478,0.01,7,"p ≤ 0,01",Não estacionária: convergente,"adfuller currently returns a plain tuple whose length depends on the store and autolag arguments. In release 0.16 or after July 2027, whichever is later, the default behavior will switch to always returning an ADFullerResult. Set result_object=True to switch now, or result_object=False to keep the current behavior and silence this warning. | The test statistic is outside of the range of p-values available in the look-up table. The actual p-value is smaller than the p-value returned. | kpss currently returns a plain tuple whose length and layout depends on the store argument (and which silently drops `lags` when store=True). In release 0.16 or after July 2027, whichever is later, the default behavior will switch to always returning a KPSSResult. Set result_object=True to switch now, or result_object=False to keep the current behavior and silence this warning."
Total (2013–2024),Tipologia | Outros,Tipologia,Outros,Log,0,144,c; autolag AIC; máximo padrão Schwert,c; nlags auto,133,-0.7881559401679186,0.8225764372760749,10,1.5358732267260935,0.01,8,"p ≤ 0,01",Não estacionária: convergente,"adfuller currently returns a plain tuple whose length depends on the store and autolag arguments. In release 0.16 or after July 2027, whichever is later, the default behavior will switch to always returning an ADFullerResult. Set result_object=True to switch now, or result_object=False to keep the current behavior and silence this warning. | The test statistic is outside of the range of p-values available in the look-up table. The actual p-value is smaller than the p-value returned. | kpss currently returns a plain tuple whose length and layout depends on the store argument (and which silently drops `lags` when store=True). In release 0.16 or after July 2027, whichever is later, the default behavior will switch to always returning a KPSSResult. Set result_object=True to switch now, or result_object=False to keep the current behavior and silence this warning."
Total (2013–2024),Tipologia | Outros,Tipologia,Outros,Primeira diferença,1,143,c; autolag AIC; máximo padrão Schwert,c; nlags auto,131,-6.689120939885601,4.152703186918429e-09,11,0.12937735796216063,0.1,37,"p ≥ 0,10",Estacionária: convergente,"adfuller currently returns a plain tuple whose length depends on the store and autolag arguments. In release 0.16 or after July 2027, whichever is later, the default behavior will switch to always returning an ADFullerResult. Set result_object=True to switch now, or result_object=False to keep the current behavior and silence this warning. | The test statistic is outside of the range of p-values available in the look-up table. The actual p-value is greater than the p-value returned. | kpss currently returns a plain tuple whose length and layout depends on the store argument (and which silently drops `lags` when store=True). In release 0.16 or after July 2027, whichever is later, the default behavior will switch to always returning a KPSSResult. Set result_object=True to switch now, or result_object=False to keep the current behavior and silence this warning."
Total (2013–2024),Tipologia | Outros,Tipologia,Outros,Diferença do log,1,143,c; autolag AIC; máximo padrão Schwert,c; nlags auto,133,-5.704108888052218,7.557520308676119e-07,9,0.171809323771608,0.1,53,"p ≥ 0,10",Estacionária: convergente,"adfuller currently returns a plain tuple whose length depends on the store and autolag arguments. In release 0.16 or after July 2027, whichever is later, the default behavior will switch to always returning an ADFullerResult. Set result_object=True to switch now, or result_object=False to keep the current behavior and silence this warning. | The test statistic is outside of the range of p-values available in the look-up table. The actual p-value is greater than the p-value returned. | kpss currently returns a plain tuple whose length and layout depends on the store argument (and which silently drops `lags` when store=True). In release 0.16 or after July 2027, whichever is later, the default behavior will switch to always returning a KPSSResult. Set result_object=True to switch now, or result_object=False to keep the current behavior and silence this warning."
Total (2013–2024),Tipologia | Outros,Tipologia,Outros,Diferença sazonal,12,132,c; autolag AIC; máximo padrão Schwert,c; nlags auto,119,-3.4557427923422175,0.009199176652661602,12,0.1392046904769352,0.1,1,"p ≥ 0,10",Estacionária: convergente,"adfuller currently returns a plain tuple whose length depends on the store and autolag arguments. In release 0.16 or after July 2027, whichever is later, the default behavior will switch to always returning an ADFullerResult. Set result_object=True to switch now, or result_object=False to keep the current behavior and silence this warning. | The test statistic is outside of the range of p-values available in the look-up table. The actual p-value is greater than the p-value returned. | kpss currently returns a plain tuple whose length and layout depends on the store argument (and which silently drops `lags` when store=True). In release 0.16 or after July 2027, whichever is later, the default behavior will switch to always returning a KPSSResult. Set result_object=True to switch now, or result_object=False to keep the current behavior and silence this warning."
Total (2013–2024),Tipologia | Outros,Tipologia,Outros,Diferença + sazonal,13,131,c; autolag AIC; máximo padrão Schwert,c; nlags auto,117,-4.872755123577602,3.9392641659426905e-05,13,0.21636516108290493,0.1,47,"p ≥ 0,10",Estacionária: convergente,"adfuller currently returns a plain tuple whose length depends on the store and autolag arguments. In release 0.16 or after July 2027, whichever is later, the default behavior will switch to always returning an ADFullerResult. Set result_object=True to switch now, or result_object=False to keep the current behavior and silence this warning. | The test statistic is outside of the range of p-values available in the look-up table. The actual p-value is greater than the p-value returned. | kpss currently returns a plain tuple whose length and layout depends on the store argument (and which silently drops `lags` when store=True). In release 0.16 or after July 2027, whichever is later, the default behavior will switch to always returning a KPSSResult. Set result_object=True to switch now, or result_object=False to keep the current behavior and silence this warning."
Total (2013–2024),Tipologia | Outros,Tipologia,Outros,Diferença do log + sazonal,13,131,c; autolag AIC; máximo padrão Schwert,c; nlags auto,119,-4.911947924651092,3.305416129362303e-05,11,0.11103593978915348,0.1,24,"p ≥ 0,10",Estacionária: convergente,"adfuller currently returns a plain tuple whose length depends on the store and autolag arguments. In release 0.16 or after July 2027, whichever is later, the default behavior will switch to always returning an ADFullerResult. Set result_object=True to switch now, or result_object=False to keep the current behavior and silence this warning. | The test statistic is outside of the range of p-values available in the look-up table. The actual p-value is greater than the p-value returned. | kpss currently returns a plain tuple whose length and layout depends on the store argument (and which silently drops `lags` when store=True). In release 0.16 or after July 2027, whichever is later, the default behavior will switch to always returning a KPSSResult. Set result_object=True to switch now, or result_object=False to keep the current behavior and silence this warning."
Total (2013–2024),Tipologia | Rompimento/Colapso de barragens,Tipologia,Rompimento/Colapso de barragens,Nível,0,144,c; autolag AIC; máximo padrão Schwert,c; nlags auto,143,-10.923225525865448,1.025447347922957e-19,0,0.5008503151263911,0.041475154250812815,3,Interpolado,Conflitante: ambos rejeitam,"adfuller currently returns a plain tuple whose length depends on the store and autolag arguments. In release 0.16 or after July 2027, whichever is later, the default behavior will switch to always returning an ADFullerResult. Set result_object=True to switch now, or result_object=False to keep the current behavior and silence this warning. | kpss currently returns a plain tuple whose length and layout depends on the store argument (and which silently drops `lags` when store=True). In release 0.16 or after July 2027, whichever is later, the default behavior will switch to always returning a KPSSResult. Set result_object=True to switch now, or result_object=False to keep the current behavior and silence this warning."
Total (2013–2024),Tipologia | Rompimento/Colapso de barragens,Tipologia,Rompimento/Colapso de barragens,Log,0,144,c; autolag AIC; máximo padrão Schwert,c; nlags auto,143,-10.374939889134806,2.214149390162279e-18,0,0.9527710365072188,0.01,4,"p ≤ 0,01",Conflitante: ambos rejeitam,"adfuller currently returns a plain tuple whose length depends on the store and autolag arguments. In release 0.16 or after July 2027, whichever is later, the default behavior will switch to always returning an ADFullerResult. Set result_object=True to switch now, or result_object=False to keep the current behavior and silence this warning. | The test statistic is outside of the range of p-values available in the look-up table. The actual p-value is smaller than the p-value returned. | kpss currently returns a plain tuple whose length and layout depends on the store argument (and which silently drops `lags` when store=True). In release 0.16 or after July 2027, whichever is later, the default behavior will switch to always returning a KPSSResult. Set result_object=True to switch now, or result_object=False to keep the current behavior and silence this warning."
Total (2013–2024),Tipologia | Rompimento/Colapso de barragens,Tipologia,Rompimento/Colapso de barragens,Primeira diferença,1,143,c; autolag AIC; máximo padrão Schwert,c; nlags auto,132,-7.580266890943771,2.6935150082702598e-11,10,0.15704002858779517,0.1,25,"p ≥ 0,10",Estacionária: convergente,"adfuller currently returns a plain tuple whose length depends on the store and autolag arguments. In release 0.16 or after July 2027, whichever is later, the default behavior will switch to always returning an ADFullerResult. Set result_object=True to switch now, or result_object=False to keep the current behavior and silence this warning. | The test statistic is outside of the range of p-values available in the look-up table. The actual p-value is greater than the p-value returned. | kpss currently returns a plain tuple whose length and layout depends on the store argument (and which silently drops `lags` when store=True). In release 0.16 or after July 2027, whichever is later, the default behavior will switch to always returning a KPSSResult. Set result_object=True to switch now, or result_object=False to keep the current behavior and silence this warning."
Total (2013–2024),Tipologia | Rompimento/Colapso de barragens,Tipologia,Rompimento/Colapso de barragens,Diferença do log,1,143,c; autolag AIC; máximo padrão Schwert,c; nlags auto,130,-6.5363977037581815,9.584821512551479e-09,12,0.13678149310098223,0.1,13,"p ≥ 0,10",Estacionária: convergente,"adfuller currently returns a plain tuple whose length depends on the store and autolag arguments. In release 0.16 or after July 2027, whichever is later, the default behavior will switch to always returning an ADFullerResult. Set result_object=True to switch now, or result_object=False to keep the current behavior and silence this warning. | The test statistic is outside of the range of p-values available in the look-up table. The actual p-value is greater than the p-value returned. | kpss currently returns a plain tuple whose length and layout depends on the store argument (and which silently drops `lags` when store=True). In release 0.16 or after July 2027, whichever is later, the default behavior will switch to always returning a KPSSResult. Set result_object=True to switch now, or result_object=False to keep the current behavior and silence this warning."
Total (2013–2024),Tipologia | Rompimento/Colapso de barragens,Tipologia,Rompimento/Colapso de barragens,Diferença sazonal,12,132,c; autolag AIC; máximo padrão Schwert,c; nlags auto,131,-11.006172943254557,6.495740693093838e-20,0,0.05726698300457797,0.1,0,"p ≥ 0,10",Estacionária: convergente,"adfuller currently returns a plain tuple whose length depends on the store and autolag arguments. In release 0.16 or after July 2027, whichever is later, the default behavior will switch to always returning an ADFullerResult. Set result_object=True to switch now, or result_object=False to keep the current behavior and silence this warning. | The test statistic is outside of the range of p-values available in the look-up table. The actual p-value is greater than the p-value returned. | kpss currently returns a plain tuple whose length and layout depends on the store argument (and which silently drops `lags` when store=True). In release 0.16 or after July 2027, whichever is later, the default behavior will switch to always returning a KPSSResult. Set result_object=True to switch now, or result_object=False to keep the current behavior and silence this warning."
Total (2013–2024),Tipologia | Rompimento/Colapso de barragens,Tipologia,Rompimento/Colapso de barragens,Diferença + sazonal,13,131,c; autolag AIC; máximo padrão Schwert,c; nlags auto,118,-5.238331463659751,7.338614833547769e-06,12,0.2995841360033807,0.1,69,"p ≥ 0,10",Estacionária: convergente,"adfuller currently returns a plain tuple whose length depends on the store and autolag arguments. In release 0.16 or after July 2027, whichever is later, the default behavior will switch to always returning an ADFullerResult. Set result_object=True to switch now, or result_object=False to keep the current behavior and silence this warning. | The test statistic is outside of the range of p-values available in the look-up table. The actual p-value is greater than the p-value returned. | kpss currently returns a plain tuple whose length and layout depends on the store argument (and which silently drops `lags` when store=True). In release 0.16 or after July 2027, whichever is later, the default behavior will switch to always returning a KPSSResult. Set result_object=True to switch now, or result_object=False to keep the current behavior and silence this warning."
Total (2013–2024),Tipologia | Rompimento/Colapso de barragens,Tipologia,Rompimento/Colapso de barragens,Diferença do log + sazonal,13,131,c; autolag AIC; máximo padrão Schwert,c; nlags auto,117,-5.628453957256669,1.1034848296046477e-06,13,0.17820762355744293,0.1,24,"p ≥ 0,10",Estacionária: convergente,"adfuller currently returns a plain tuple whose length depends on the store and autolag arguments. In release 0.16 or after July 2027, whichever is later, the default behavior will switch to always returning an ADFullerResult. Set result_object=True to switch now, or result_object=False to keep the current behavior and silence this warning. | The test statistic is outside of the range of p-values available in the look-up table. The actual p-value is greater than the p-value returned. | kpss currently returns a plain tuple whose length and layout depends on the store argument (and which silently drops `lags` when store=True). In release 0.16 or after July 2027, whichever is later, the default behavior will switch to always returning a KPSSResult. Set result_object=True to switch now, or result_object=False to keep the current behavior and silence this warning."
Total (2013–2024),Tipologia | Tornado,Tipologia,Tornado,Nível,0,144,c; autolag AIC; máximo padrão Schwert,c; nlags auto,143,-11.93546063800755,4.673895983020489e-22,0,0.0576036866359447,0.1,5,"p ≥ 0,10",Estacionária: convergente,"adfuller currently returns a plain tuple whose length depends on the store and autolag arguments. In release 0.16 or after July 2027, whichever is later, the default behavior will switch to always returning an ADFullerResult. Set result_object=True to switch now, or result_object=False to keep the current behavior and silence this warning. | The test statistic is outside of the range of p-values available in the look-up table. The actual p-value is greater than the p-value returned. | kpss currently returns a plain tuple whose length and layout depends on the store argument (and which silently drops `lags` when store=True). In release 0.16 or after July 2027, whichever is later, the default behavior will switch to always returning a KPSSResult. Set result_object=True to switch now, or result_object=False to keep the current behavior and silence this warning."
Total (2013–2024),Tipologia | Tornado,Tipologia,Tornado,Log,0,144,c; autolag AIC; máximo padrão Schwert,c; nlags auto,143,-11.850025615819106,7.245302806384873e-22,0,0.07219275514926815,0.1,4,"p ≥ 0,10",Estacionária: convergente,"adfuller currently returns a plain tuple whose length depends on the store and autolag arguments. In release 0.16 or after July 2027, whichever is later, the default behavior will switch to always returning an ADFullerResult. Set result_object=True to switch now, or result_object=False to keep the current behavior and silence this warning. | The test statistic is outside of the range of p-values available in the look-up table. The actual p-value is greater than the p-value returned. | kpss currently returns a plain tuple whose length and layout depends on the store argument (and which silently drops `lags` when store=True). In release 0.16 or after July 2027, whichever is later, the default behavior will switch to always returning a KPSSResult. Set result_object=True to switch now, or result_object=False to keep the current behavior and silence this warning."
Total (2013–2024),Tipologia | Tornado,Tipologia,Tornado,Primeira diferença,1,143,c; autolag AIC; máximo padrão Schwert,c; nlags auto,129,-6.411572802465893,1.885149868080835e-08,13,0.1605786224502328,0.1,46,"p ≥ 0,10",Estacionária: convergente,"adfuller currently returns a plain tuple whose length depends on the store and autolag arguments. In release 0.16 or after July 2027, whichever is later, the default behavior will switch to always returning an ADFullerResult. Set result_object=True to switch now, or result_object=False to keep the current behavior and silence this warning. | The test statistic is outside of the range of p-values available in the look-up table. The actual p-value is greater than the p-value returned. | kpss currently returns a plain tuple whose length and layout depends on the store argument (and which silently drops `lags` when store=True). In release 0.16 or after July 2027, whichever is later, the default behavior will switch to always returning a KPSSResult. Set result_object=True to switch now, or result_object=False to keep the current behavior and silence this warning."
Total (2013–2024),Tipologia | Tornado,Tipologia,Tornado,Diferença do log,1,143,c; autolag AIC; máximo padrão Schwert,c; nlags auto,129,-5.853708014956295,3.54025343448345e-07,13,0.13823317417687,0.1,35,"p ≥ 0,10",Estacionária: convergente,"adfuller currently returns a plain tuple whose length depends on the store and autolag arguments. In release 0.16 or after July 2027, whichever is later, the default behavior will switch to always returning an ADFullerResult. Set result_object=True to switch now, or result_object=False to keep the current behavior and silence this warning. | The test statistic is outside of the range of p-values available in the look-up table. The actual p-value is greater than the p-value returned. | kpss currently returns a plain tuple whose length and layout depends on the store argument (and which silently drops `lags` when store=True). In release 0.16 or after July 2027, whichever is later, the default behavior will switch to always returning a KPSSResult. Set result_object=True to switch now, or result_object=False to keep the current behavior and silence this warning."
Total (2013–2024),Tipologia | Tornado,Tipologia,Tornado,Diferença sazonal,12,132,c; autolag AIC; máximo padrão Schwert,c; nlags auto,120,-5.678250990959745,8.604626602984035e-07,11,0.06768637830136885,0.1,1,"p ≥ 0,10",Estacionária: convergente,"adfuller currently returns a plain tuple whose length depends on the store and autolag arguments. In release 0.16 or after July 2027, whichever is later, the default behavior will switch to always returning an ADFullerResult. Set result_object=True to switch now, or result_object=False to keep the current behavior and silence this warning. | The test statistic is outside of the range of p-values available in the look-up table. The actual p-value is greater than the p-value returned. | kpss currently returns a plain tuple whose length and layout depends on the store argument (and which silently drops `lags` when store=True). In release 0.16 or after July 2027, whichever is later, the default behavior will switch to always returning a KPSSResult. Set result_object=True to switch now, or result_object=False to keep the current behavior and silence this warning."
Total (2013–2024),Tipologia | Tornado,Tipologia,Tornado,Diferença + sazonal,13,131,c; autolag AIC; máximo padrão Schwert,c; nlags auto,117,-5.65381273604385,9.723702333367076e-07,13,0.1544465059601566,0.1,25,"p ≥ 0,10",Estacionária: convergente,"adfuller currently returns a plain tuple whose length depends on the store and autolag arguments. In release 0.16 or after July 2027, whichever is later, the default behavior will switch to always returning an ADFullerResult. Set result_object=True to switch now, or result_object=False to keep the current behavior and silence this warning. | The test statistic is outside of the range of p-values available in the look-up table. The actual p-value is greater than the p-value returned. | kpss currently returns a plain tuple whose length and layout depends on the store argument (and which silently drops `lags` when store=True). In release 0.16 or after July 2027, whichever is later, the default behavior will switch to always returning a KPSSResult. Set result_object=True to switch now, or result_object=False to keep the current behavior and silence this warning."
Total (2013–2024),Tipologia | Tornado,Tipologia,Tornado,Diferença do log + sazonal,13,131,c; autolag AIC; máximo padrão Schwert,c; nlags auto,117,-5.36206740751669,4.067305144467565e-06,13,0.11740202651848179,0.1,27,"p ≥ 0,10",Estacionária: convergente,"adfuller currently returns a plain tuple whose length depends on the store and autolag arguments. In release 0.16 or after July 2027, whichever is later, the default behavior will switch to always returning an ADFullerResult. Set result_object=True to switch now, or result_object=False to keep the current behavior and silence this warning. | The test statistic is outside of the range of p-values available in the look-up table. The actual p-value is greater than the p-value returned. | kpss currently returns a plain tuple whose length and layout depends on the store argument (and which silently drops `lags` when store=True). In release 0.16 or after July 2027, whichever is later, the default behavior will switch to always returning a KPSSResult. Set result_object=True to switch now, or result_object=False to keep the current behavior and silence this warning."
Total (2013–2024),Tipologia | Vendavais e Ciclones,Tipologia,Vendavais e Ciclones,Nível,0,144,c; autolag AIC; máximo padrão Schwert,c; nlags auto,143,-10.871896735659126,1.361817990012518e-19,0,0.6643786651635939,0.01678375771240055,4,Interpolado,Conflitante: ambos rejeitam,"adfuller currently returns a plain tuple whose length depends on the store and autolag arguments. In release 0.16 or after July 2027, whichever is later, the default behavior will switch to always returning an ADFullerResult. Set result_object=True to switch now, or result_object=False to keep the current behavior and silence this warning. | kpss currently returns a plain tuple whose length and layout depends on the store argument (and which silently drops `lags` when store=True). In release 0.16 or after July 2027, whichever is later, the default behavior will switch to always returning a KPSSResult. Set result_object=True to switch now, or result_object=False to keep the current behavior and silence this warning."
Total (2013–2024),Tipologia | Vendavais e Ciclones,Tipologia,Vendavais e Ciclones,Log,0,144,c; autolag AIC; máximo padrão Schwert,c; nlags auto,143,-7.94242552349833,3.2867239955572855e-12,0,0.9575021712542787,0.01,5,"p ≤ 0,01",Conflitante: ambos rejeitam,"adfuller currently returns a plain tuple whose length depends on the store and autolag arguments. In release 0.16 or after July 2027, whichever is later, the default behavior will switch to always returning an ADFullerResult. Set result_object=True to switch now, or result_object=False to keep the current behavior and silence this warning. | The test statistic is outside of the range of p-values available in the look-up table. The actual p-value is smaller than the p-value returned. | kpss currently returns a plain tuple whose length and layout depends on the store argument (and which silently drops `lags` when store=True). In release 0.16 or after July 2027, whichever is later, the default behavior will switch to always returning a KPSSResult. Set result_object=True to switch now, or result_object=False to keep the current behavior and silence this warning."
Total (2013–2024),Tipologia | Vendavais e Ciclones,Tipologia,Vendavais e Ciclones,Primeira diferença,1,143,c; autolag AIC; máximo padrão Schwert,c; nlags auto,135,-7.044740281826452,5.725361136090261e-10,7,0.11053898388312318,0.1,31,"p ≥ 0,10",Estacionária: convergente,"adfuller currently returns a plain tuple whose length depends on the store and autolag arguments. In release 0.16 or after July 2027, whichever is later, the default behavior will switch to always returning an ADFullerResult. Set result_object=True to switch now, or result_object=False to keep the current behavior and silence this warning. | The test statistic is outside of the range of p-values available in the look-up table. The actual p-value is greater than the p-value returned. | kpss currently returns a plain tuple whose length and layout depends on the store argument (and which silently drops `lags` when store=True). In release 0.16 or after July 2027, whichever is later, the default behavior will switch to always returning a KPSSResult. Set result_object=True to switch now, or result_object=False to keep the current behavior and silence this warning."
Total (2013–2024),Tipologia | Vendavais e Ciclones,Tipologia,Vendavais e Ciclones,Diferença do log,1,143,c; autolag AIC; máximo padrão Schwert,c; nlags auto,132,-7.7597746554494,9.52311275624939e-12,10,0.10099834517775054,0.1,20,"p ≥ 0,10",Estacionária: convergente,"adfuller currently returns a plain tuple whose length depends on the store and autolag arguments. In release 0.16 or after July 2027, whichever is later, the default behavior will switch to always returning an ADFullerResult. Set result_object=True to switch now, or result_object=False to keep the current behavior and silence this warning. | The test statistic is outside of the range of p-values available in the look-up table. The actual p-value is greater than the p-value returned. | kpss currently returns a plain tuple whose length and layout depends on the store argument (and which silently drops `lags` when store=True). In release 0.16 or after July 2027, whichever is later, the default behavior will switch to always returning a KPSSResult. Set result_object=True to switch now, or result_object=False to keep the current behavior and silence this warning."
Total (2013–2024),Tipologia | Vendavais e Ciclones,Tipologia,Vendavais e Ciclones,Diferença sazonal,12,132,c; autolag AIC; máximo padrão Schwert,c; nlags auto,120,-5.889546046464214,2.946572045766156e-07,11,0.041155006986291494,0.1,1,"p ≥ 0,10",Estacionária: convergente,"adfuller currently returns a plain tuple whose length depends on the store and autolag arguments. In release 0.16 or after July 2027, whichever is later, the default behavior will switch to always returning an ADFullerResult. Set result_object=True to switch now, or result_object=False to keep the current behavior and silence this warning. | The test statistic is outside of the range of p-values available in the look-up table. The actual p-value is greater than the p-value returned. | kpss currently returns a plain tuple whose length and layout depends on the store argument (and which silently drops `lags` when store=True). In release 0.16 or after July 2027, whichever is later, the default behavior will switch to always returning a KPSSResult. Set result_object=True to switch now, or result_object=False to keep the current behavior and silence this warning."
Total (2013–2024),Tipologia | Vendavais e Ciclones,Tipologia,Vendavais e Ciclones,Diferença + sazonal,13,131,c; autolag AIC; máximo padrão Schwert,c; nlags auto,117,-4.864168804774057,4.092968039432535e-05,13,0.41411737534443255,0.07107009683429633,104,Interpolado,Estacionária: convergente,"adfuller currently returns a plain tuple whose length depends on the store and autolag arguments. In release 0.16 or after July 2027, whichever is later, the default behavior will switch to always returning an ADFullerResult. Set result_object=True to switch now, or result_object=False to keep the current behavior and silence this warning. | kpss currently returns a plain tuple whose length and layout depends on the store argument (and which silently drops `lags` when store=True). In release 0.16 or after July 2027, whichever is later, the default behavior will switch to always returning a KPSSResult. Set result_object=True to switch now, or result_object=False to keep the current behavior and silence this warning."
Total (2013–2024),Tipologia | Vendavais e Ciclones,Tipologia,Vendavais e Ciclones,Diferença do log + sazonal,13,131,c; autolag AIC; máximo padrão Schwert,c; nlags auto,117,-4.725220266065302,7.543639179518255e-05,13,0.2571006985409204,0.1,38,"p ≥ 0,10",Estacionária: convergente,"adfuller currently returns a plain tuple whose length depends on the store and autolag arguments. In release 0.16 or after July 2027, whichever is later, the default behavior will switch to always returning an ADFullerResult. Set result_object=True to switch now, or result_object=False to keep the current behavior and silence this warning. | The test statistic is outside of the range of p-values available in the look-up table. The actual p-value is greater than the p-value returned. | kpss currently returns a plain tuple whose length and layout depends on the store argument (and which silently drops `lags` when store=True). In release 0.16 or after July 2027, whichever is later, the default behavior will switch to always returning a KPSSResult. Set result_object=True to switch now, or result_object=False to keep the current behavior and silence this warning."
Pré-pandemia (até jan/2020),Inadimplência,Crédito,Inadimplência,Nível,0,85,c; autolag AIC; máximo padrão Schwert,c; nlags auto,78,-2.468750405847201,0.12326398315076104,6,0.9010360670725779,0.01,5,"p ≤ 0,01",Não estacionária: convergente,"adfuller currently returns a plain tuple whose length depends on the store and autolag arguments. In release 0.16 or after July 2027, whichever is later, the default behavior will switch to always returning an ADFullerResult. Set result_object=True to switch now, or result_object=False to keep the current behavior and silence this warning. | The test statistic is outside of the range of p-values available in the look-up table. The actual p-value is smaller than the p-value returned. | kpss currently returns a plain tuple whose length and layout depends on the store argument (and which silently drops `lags` when store=True). In release 0.16 or after July 2027, whichever is later, the default behavior will switch to always returning a KPSSResult. Set result_object=True to switch now, or result_object=False to keep the current behavior and silence this warning."
Pré-pandemia (até jan/2020),Inadimplência,Crédito,Inadimplência,Log,0,85,c; autolag AIC; máximo padrão Schwert,c; nlags auto,78,-2.473386558965625,0.1220846601190767,6,0.91509197905097,0.01,5,"p ≤ 0,01",Não estacionária: convergente,"adfuller currently returns a plain tuple whose length depends on the store and autolag arguments. In release 0.16 or after July 2027, whichever is later, the default behavior will switch to always returning an ADFullerResult. Set result_object=True to switch now, or result_object=False to keep the current behavior and silence this warning. | The test statistic is outside of the range of p-values available in the look-up table. The actual p-value is smaller than the p-value returned. | kpss currently returns a plain tuple whose length and layout depends on the store argument (and which silently drops `lags` when store=True). In release 0.16 or after July 2027, whichever is later, the default behavior will switch to always returning a KPSSResult. Set result_object=True to switch now, or result_object=False to keep the current behavior and silence this warning."
Pré-pandemia (até jan/2020),Inadimplência,Crédito,Inadimplência,Primeira diferença,1,84,c; autolag AIC; máximo padrão Schwert,c; nlags auto,78,-1.9702852274710345,0.2997520075929998,5,0.31432700228730565,0.1,0,"p ≥ 0,10",Inconclusiva: nenhum rejeita,"adfuller currently returns a plain tuple whose length depends on the store and autolag arguments. In release 0.16 or after July 2027, whichever is later, the default behavior will switch to always returning an ADFullerResult. Set result_object=True to switch now, or result_object=False to keep the current behavior and silence this warning. | The test statistic is outside of the range of p-values available in the look-up table. The actual p-value is greater than the p-value returned. | kpss currently returns a plain tuple whose length and layout depends on the store argument (and which silently drops `lags` when store=True). In release 0.16 or after July 2027, whichever is later, the default behavior will switch to always returning a KPSSResult. Set result_object=True to switch now, or result_object=False to keep the current behavior and silence this warning."
Pré-pandemia (até jan/2020),Inadimplência,Crédito,Inadimplência,Diferença do log,1,84,c; autolag AIC; máximo padrão Schwert,c; nlags auto,78,-1.8771762165546733,0.3428731259044275,5,0.2876472248858263,0.1,1,"p ≥ 0,10",Inconclusiva: nenhum rejeita,"adfuller currently returns a plain tuple whose length depends on the store and autolag arguments. In release 0.16 or after July 2027, whichever is later, the default behavior will switch to always returning an ADFullerResult. Set result_object=True to switch now, or result_object=False to keep the current behavior and silence this warning. | The test statistic is outside of the range of p-values available in the look-up table. The actual p-value is greater than the p-value returned. | kpss currently returns a plain tuple whose length and layout depends on the store argument (and which silently drops `lags` when store=True). In release 0.16 or after July 2027, whichever is later, the default behavior will switch to always returning a KPSSResult. Set result_object=True to switch now, or result_object=False to keep the current behavior and silence this warning."
Pré-pandemia (até jan/2020),Inadimplência,Crédito,Inadimplência,Diferença sazonal,12,73,c; autolag AIC; máximo padrão Schwert,c; nlags auto,69,-2.384364926272545,0.146198005430404,3,0.18859766717936255,0.1,5,"p ≥ 0,10",Inconclusiva: nenhum rejeita,"adfuller currently returns a plain tuple whose length depends on the store and autolag arguments. In release 0.16 or after July 2027, whichever is later, the default behavior will switch to always returning an ADFullerResult. Set result_object=True to switch now, or result_object=False to keep the current behavior and silence this warning. | The test statistic is outside of the range of p-values available in the look-up table. The actual p-value is greater than the p-value returned. | kpss currently returns a plain tuple whose length and layout depends on the store argument (and which silently drops `lags` when store=True). In release 0.16 or after July 2027, whichever is later, the default behavior will switch to always returning a KPSSResult. Set result_object=True to switch now, or result_object=False to keep the current behavior and silence this warning."
Pré-pandemia (até jan/2020),Inadimplência,Crédito,Inadimplência,Diferença + sazonal,13,72,c; autolag AIC; máximo padrão Schwert,c; nlags auto,60,-2.812048469312603,0.05657323370562663,11,0.23816289826725495,0.1,3,"p ≥ 0,10",Inconclusiva: nenhum rejeita,"adfuller currently returns a plain tuple whose length depends on the store and autolag arguments. In release 0.16 or after July 2027, whichever is later, the default behavior will switch to always returning an ADFullerResult. Set result_object=True to switch now, or result_object=False to keep the current behavior and silence this warning. | The test statistic is outside of the range of p-values available in the look-up table. The actual p-value is greater than the p-value returned. | kpss currently returns a plain tuple whose length and layout depends on the store argument (and which silently drops `lags` when store=True). In release 0.16 or after July 2027, whichever is later, the default behavior will switch to always returning a KPSSResult. Set result_object=True to switch now, or result_object=False to keep the current behavior and silence this warning."
Pré-pandemia (até jan/2020),Inadimplência,Crédito,Inadimplência,Diferença do log + sazonal,13,72,c; autolag AIC; máximo padrão Schwert,c; nlags auto,60,-2.823595940459519,0.05498150278870178,11,0.2134067905347812,0.1,3,"p ≥ 0,10",Inconclusiva: nenhum rejeita,"adfuller currently returns a plain tuple whose length depends on the store and autolag arguments. In release 0.16 or after July 2027, whichever is later, the default behavior will switch to always returning an ADFullerResult. Set result_object=True to switch now, or result_object=False to keep the current behavior and silence this warning. | The test statistic is outside of the range of p-values available in the look-up table. The actual p-value is greater than the p-value returned. | kpss currently returns a plain tuple whose length and layout depends on the store argument (and which silently drops `lags` when store=True). In release 0.16 or after July 2027, whichever is later, the default behavior will switch to always returning a KPSSResult. Set result_object=True to switch now, or result_object=False to keep the current behavior and silence this warning."
Pré-pandemia (até jan/2020),Total nacional,Referência,Total nacional,Nível,0,85,c; autolag AIC; máximo padrão Schwert,c; nlags auto,78,-3.9831249390925016,0.0015014979049966803,6,0.04786776599868827,0.1,1,"p ≥ 0,10",Estacionária: convergente,"adfuller currently returns a plain tuple whose length depends on the store and autolag arguments. In release 0.16 or after July 2027, whichever is later, the default behavior will switch to always returning an ADFullerResult. Set result_object=True to switch now, or result_object=False to keep the current behavior and silence this warning. | The test statistic is outside of the range of p-values available in the look-up table. The actual p-value is greater than the p-value returned. | kpss currently returns a plain tuple whose length and layout depends on the store argument (and which silently drops `lags` when store=True). In release 0.16 or after July 2027, whichever is later, the default behavior will switch to always returning a KPSSResult. Set result_object=True to switch now, or result_object=False to keep the current behavior and silence this warning."
Pré-pandemia (até jan/2020),Total nacional,Referência,Total nacional,Log,0,85,c; autolag AIC; máximo padrão Schwert,c; nlags auto,84,-7.7956844724972685,7.729194350604854e-12,0,0.06701289331696886,0.1,1,"p ≥ 0,10",Estacionária: convergente,"adfuller currently returns a plain tuple whose length depends on the store and autolag arguments. In release 0.16 or after July 2027, whichever is later, the default behavior will switch to always returning an ADFullerResult. Set result_object=True to switch now, or result_object=False to keep the current behavior and silence this warning. | The test statistic is outside of the range of p-values available in the look-up table. The actual p-value is greater than the p-value returned. | kpss currently returns a plain tuple whose length and layout depends on the store argument (and which silently drops `lags` when store=True). In release 0.16 or after July 2027, whichever is later, the default behavior will switch to always returning a KPSSResult. Set result_object=True to switch now, or result_object=False to keep the current behavior and silence this warning."
Pré-pandemia (até jan/2020),Total nacional,Referência,Total nacional,Primeira diferença,1,84,c; autolag AIC; máximo padrão Schwert,c; nlags auto,79,-6.603859813511583,6.6317661603588285e-09,4,0.13435790790144606,0.1,20,"p ≥ 0,10",Estacionária: convergente,"adfuller currently returns a plain tuple whose length depends on the store and autolag arguments. In release 0.16 or after July 2027, whichever is later, the default behavior will switch to always returning an ADFullerResult. Set result_object=True to switch now, or result_object=False to keep the current behavior and silence this warning. | The test statistic is outside of the range of p-values available in the look-up table. The actual p-value is greater than the p-value returned. | kpss currently returns a plain tuple whose length and layout depends on the store argument (and which silently drops `lags` when store=True). In release 0.16 or after July 2027, whichever is later, the default behavior will switch to always returning a KPSSResult. Set result_object=True to switch now, or result_object=False to keep the current behavior and silence this warning."
Pré-pandemia (até jan/2020),Total nacional,Referência,Total nacional,Diferença do log,1,84,c; autolag AIC; máximo padrão Schwert,c; nlags auto,73,-5.113724312184255,1.3154998627700354e-05,10,0.15899235787685917,0.1,25,"p ≥ 0,10",Estacionária: convergente,"adfuller currently returns a plain tuple whose length depends on the store and autolag arguments. In release 0.16 or after July 2027, whichever is later, the default behavior will switch to always returning an ADFullerResult. Set result_object=True to switch now, or result_object=False to keep the current behavior and silence this warning. | The test statistic is outside of the range of p-values available in the look-up table. The actual p-value is greater than the p-value returned. | kpss currently returns a plain tuple whose length and layout depends on the store argument (and which silently drops `lags` when store=True). In release 0.16 or after July 2027, whichever is later, the default behavior will switch to always returning a KPSSResult. Set result_object=True to switch now, or result_object=False to keep the current behavior and silence this warning."
Pré-pandemia (até jan/2020),Total nacional,Referência,Total nacional,Diferença sazonal,12,73,c; autolag AIC; máximo padrão Schwert,c; nlags auto,61,-4.9614433717836395,2.644153226021939e-05,11,0.0669378048406055,0.1,3,"p ≥ 0,10",Estacionária: convergente,"adfuller currently returns a plain tuple whose length depends on the store and autolag arguments. In release 0.16 or after July 2027, whichever is later, the default behavior will switch to always returning an ADFullerResult. Set result_object=True to switch now, or result_object=False to keep the current behavior and silence this warning. | The test statistic is outside of the range of p-values available in the look-up table. The actual p-value is greater than the p-value returned. | kpss currently returns a plain tuple whose length and layout depends on the store argument (and which silently drops `lags` when store=True). In release 0.16 or after July 2027, whichever is later, the default behavior will switch to always returning a KPSSResult. Set result_object=True to switch now, or result_object=False to keep the current behavior and silence this warning."
Pré-pandemia (até jan/2020),Total nacional,Referência,Total nacional,Diferença + sazonal,13,72,c; autolag AIC; máximo padrão Schwert,c; nlags auto,59,-4.496988087136673,0.00019911878038030364,12,0.15594057392130817,0.1,15,"p ≥ 0,10",Estacionária: convergente,"adfuller currently returns a plain tuple whose length depends on the store and autolag arguments. In release 0.16 or after July 2027, whichever is later, the default behavior will switch to always returning an ADFullerResult. Set result_object=True to switch now, or result_object=False to keep the current behavior and silence this warning. | The test statistic is outside of the range of p-values available in the look-up table. The actual p-value is greater than the p-value returned. | kpss currently returns a plain tuple whose length and layout depends on the store argument (and which silently drops `lags` when store=True). In release 0.16 or after July 2027, whichever is later, the default behavior will switch to always returning a KPSSResult. Set result_object=True to switch now, or result_object=False to keep the current behavior and silence this warning."
Pré-pandemia (até jan/2020),Total nacional,Referência,Total nacional,Diferença do log + sazonal,13,72,c; autolag AIC; máximo padrão Schwert,c; nlags auto,59,-4.470170204184338,0.0002225397260981383,12,0.192324896792069,0.1,21,"p ≥ 0,10",Estacionária: convergente,"adfuller currently returns a plain tuple whose length depends on the store and autolag arguments. In release 0.16 or after July 2027, whichever is later, the default behavior will switch to always returning an ADFullerResult. Set result_object=True to switch now, or result_object=False to keep the current behavior and silence this warning. | The test statistic is outside of the range of p-values available in the look-up table. The actual p-value is greater than the p-value returned. | kpss currently returns a plain tuple whose length and layout depends on the store argument (and which silently drops `lags` when store=True). In release 0.16 or after July 2027, whichever is later, the default behavior will switch to always returning a KPSSResult. Set result_object=True to switch now, or result_object=False to keep the current behavior and silence this warning."
Pré-pandemia (até jan/2020),Grupo | Climatológico,Grupo,Climatológico,Nível,0,85,c; autolag AIC; máximo padrão Schwert,c; nlags auto,73,-2.3938621650024867,0.14347626657283796,11,0.10644716128089628,0.1,0,"p ≥ 0,10",Inconclusiva: nenhum rejeita,"adfuller currently returns a plain tuple whose length depends on the store and autolag arguments. In release 0.16 or after July 2027, whichever is later, the default behavior will switch to always returning an ADFullerResult. Set result_object=True to switch now, or result_object=False to keep the current behavior and silence this warning. | The test statistic is outside of the range of p-values available in the look-up table. The actual p-value is greater than the p-value returned. | kpss currently returns a plain tuple whose length and layout depends on the store argument (and which silently drops `lags` when store=True). In release 0.16 or after July 2027, whichever is later, the default behavior will switch to always returning a KPSSResult. Set result_object=True to switch now, or result_object=False to keep the current behavior and silence this warning."
Pré-pandemia (até jan/2020),Grupo | Climatológico,Grupo,Climatológico,Log,0,85,c; autolag AIC; máximo padrão Schwert,c; nlags auto,78,-3.9645743990308695,0.0016078029229268987,6,0.052892697788654186,0.1,2,"p ≥ 0,10",Estacionária: convergente,"adfuller currently returns a plain tuple whose length depends on the store and autolag arguments. In release 0.16 or after July 2027, whichever is later, the default behavior will switch to always returning an ADFullerResult. Set result_object=True to switch now, or result_object=False to keep the current behavior and silence this warning. | The test statistic is outside of the range of p-values available in the look-up table. The actual p-value is greater than the p-value returned. | kpss currently returns a plain tuple whose length and layout depends on the store argument (and which silently drops `lags` when store=True). In release 0.16 or after July 2027, whichever is later, the default behavior will switch to always returning a KPSSResult. Set result_object=True to switch now, or result_object=False to keep the current behavior and silence this warning."
Pré-pandemia (até jan/2020),Grupo | Climatológico,Grupo,Climatológico,Primeira diferença,1,84,c; autolag AIC; máximo padrão Schwert,c; nlags auto,73,-6.1905112387437935,6.139142223188938e-08,10,0.23298787252114503,0.1,31,"p ≥ 0,10",Estacionária: convergente,"adfuller currently returns a plain tuple whose length depends on the store and autolag arguments. In release 0.16 or after July 2027, whichever is later, the default behavior will switch to always returning an ADFullerResult. Set result_object=True to switch now, or result_object=False to keep the current behavior and silence this warning. | The test statistic is outside of the range of p-values available in the look-up table. The actual p-value is greater than the p-value returned. | kpss currently returns a plain tuple whose length and layout depends on the store argument (and which silently drops `lags` when store=True). In release 0.16 or after July 2027, whichever is later, the default behavior will switch to always returning a KPSSResult. Set result_object=True to switch now, or result_object=False to keep the current behavior and silence this warning."
Pré-pandemia (até jan/2020),Grupo | Climatológico,Grupo,Climatológico,Diferença do log,1,84,c; autolag AIC; máximo padrão Schwert,c; nlags auto,73,-5.439326246274987,2.7991357508896026e-06,10,0.16039006125219077,0.1,17,"p ≥ 0,10",Estacionária: convergente,"adfuller currently returns a plain tuple whose length depends on the store and autolag arguments. In release 0.16 or after July 2027, whichever is later, the default behavior will switch to always returning an ADFullerResult. Set result_object=True to switch now, or result_object=False to keep the current behavior and silence this warning. | The test statistic is outside of the range of p-values available in the look-up table. The actual p-value is greater than the p-value returned. | kpss currently returns a plain tuple whose length and layout depends on the store argument (and which silently drops `lags` when store=True). In release 0.16 or after July 2027, whichever is later, the default behavior will switch to always returning a KPSSResult. Set result_object=True to switch now, or result_object=False to keep the current behavior and silence this warning."
Pré-pandemia (até jan/2020),Grupo | Climatológico,Grupo,Climatológico,Diferença sazonal,12,73,c; autolag AIC; máximo padrão Schwert,c; nlags auto,64,-3.581332810569819,0.00612809788000048,8,0.09960354984394817,0.1,2,"p ≥ 0,10",Estacionária: convergente,"adfuller currently returns a plain tuple whose length depends on the store and autolag arguments. In release 0.16 or after July 2027, whichever is later, the default behavior will switch to always returning an ADFullerResult. Set result_object=True to switch now, or result_object=False to keep the current behavior and silence this warning. | The test statistic is outside of the range of p-values available in the look-up table. The actual p-value is greater than the p-value returned. | kpss currently returns a plain tuple whose length and layout depends on the store argument (and which silently drops `lags` when store=True). In release 0.16 or after July 2027, whichever is later, the default behavior will switch to always returning a KPSSResult. Set result_object=True to switch now, or result_object=False to keep the current behavior and silence this warning."
Pré-pandemia (até jan/2020),Grupo | Climatológico,Grupo,Climatológico,Diferença + sazonal,13,72,c; autolag AIC; máximo padrão Schwert,c; nlags auto,70,-13.8696062689359,6.501367437423156e-26,1,0.10240461097170095,0.1,13,"p ≥ 0,10",Estacionária: convergente,"adfuller currently returns a plain tuple whose length depends on the store and autolag arguments. In release 0.16 or after July 2027, whichever is later, the default behavior will switch to always returning an ADFullerResult. Set result_object=True to switch now, or result_object=False to keep the current behavior and silence this warning. | The test statistic is outside of the range of p-values available in the look-up table. The actual p-value is greater than the p-value returned. | kpss currently returns a plain tuple whose length and layout depends on the store argument (and which silently drops `lags` when store=True). In release 0.16 or after July 2027, whichever is later, the default behavior will switch to always returning a KPSSResult. Set result_object=True to switch now, or result_object=False to keep the current behavior and silence this warning."
Pré-pandemia (até jan/2020),Grupo | Climatológico,Grupo,Climatológico,Diferença do log + sazonal,13,72,c; autolag AIC; máximo padrão Schwert,c; nlags auto,59,-4.4081397940645175,0.00028714008600186196,12,0.28062878501026145,0.1,40,"p ≥ 0,10",Estacionária: convergente,"adfuller currently returns a plain tuple whose length depends on the store and autolag arguments. In release 0.16 or after July 2027, whichever is later, the default behavior will switch to always returning an ADFullerResult. Set result_object=True to switch now, or result_object=False to keep the current behavior and silence this warning. | The test statistic is outside of the range of p-values available in the look-up table. The actual p-value is greater than the p-value returned. | kpss currently returns a plain tuple whose length and layout depends on the store argument (and which silently drops `lags` when store=True). In release 0.16 or after July 2027, whichever is later, the default behavior will switch to always returning a KPSSResult. Set result_object=True to switch now, or result_object=False to keep the current behavior and silence this warning."
Pré-pandemia (até jan/2020),Grupo | Hidrológico,Grupo,Hidrológico,Nível,0,85,c; autolag AIC; máximo padrão Schwert,c; nlags auto,81,-5.341121040939627,4.497903847761321e-06,3,0.0412861489930333,0.1,3,"p ≥ 0,10",Estacionária: convergente,"adfuller currently returns a plain tuple whose length depends on the store and autolag arguments. In release 0.16 or after July 2027, whichever is later, the default behavior will switch to always returning an ADFullerResult. Set result_object=True to switch now, or result_object=False to keep the current behavior and silence this warning. | The test statistic is outside of the range of p-values available in the look-up table. The actual p-value is greater than the p-value returned. | kpss currently returns a plain tuple whose length and layout depends on the store argument (and which silently drops `lags` when store=True). In release 0.16 or after July 2027, whichever is later, the default behavior will switch to always returning a KPSSResult. Set result_object=True to switch now, or result_object=False to keep the current behavior and silence this warning."
Pré-pandemia (até jan/2020),Grupo | Hidrológico,Grupo,Hidrológico,Log,0,85,c; autolag AIC; máximo padrão Schwert,c; nlags auto,81,-5.248242871643508,7.002453006896787e-06,3,0.05903101604070413,0.1,4,"p ≥ 0,10",Estacionária: convergente,"adfuller currently returns a plain tuple whose length depends on the store and autolag arguments. In release 0.16 or after July 2027, whichever is later, the default behavior will switch to always returning an ADFullerResult. Set result_object=True to switch now, or result_object=False to keep the current behavior and silence this warning. | The test statistic is outside of the range of p-values available in the look-up table. The actual p-value is greater than the p-value returned. | kpss currently returns a plain tuple whose length and layout depends on the store argument (and which silently drops `lags` when store=True). In release 0.16 or after July 2027, whichever is later, the default behavior will switch to always returning a KPSSResult. Set result_object=True to switch now, or result_object=False to keep the current behavior and silence this warning."
Pré-pandemia (até jan/2020),Grupo | Hidrológico,Grupo,Hidrológico,Primeira diferença,1,84,c; autolag AIC; máximo padrão Schwert,c; nlags auto,73,-5.150636861373309,1.1078945523321827e-05,10,0.2777191563268905,0.1,26,"p ≥ 0,10",Estacionária: convergente,"adfuller currently returns a plain tuple whose length depends on the store and autolag arguments. In release 0.16 or after July 2027, whichever is later, the default behavior will switch to always returning an ADFullerResult. Set result_object=True to switch now, or result_object=False to keep the current behavior and silence this warning. | The test statistic is outside of the range of p-values available in the look-up table. The actual p-value is greater than the p-value returned. | kpss currently returns a plain tuple whose length and layout depends on the store argument (and which silently drops `lags` when store=True). In release 0.16 or after July 2027, whichever is later, the default behavior will switch to always returning a KPSSResult. Set result_object=True to switch now, or result_object=False to keep the current behavior and silence this warning."
Pré-pandemia (até jan/2020),Grupo | Hidrológico,Grupo,Hidrológico,Diferença do log,1,84,c; autolag AIC; máximo padrão Schwert,c; nlags auto,73,-6.221743466268543,5.203207386940492e-08,10,0.14594835723433863,0.1,10,"p ≥ 0,10",Estacionária: convergente,"adfuller currently returns a plain tuple whose length depends on the store and autolag arguments. In release 0.16 or after July 2027, whichever is later, the default behavior will switch to always returning an ADFullerResult. Set result_object=True to switch now, or result_object=False to keep the current behavior and silence this warning. | The test statistic is outside of the range of p-values available in the look-up table. The actual p-value is greater than the p-value returned. | kpss currently returns a plain tuple whose length and layout depends on the store argument (and which silently drops `lags` when store=True). In release 0.16 or after July 2027, whichever is later, the default behavior will switch to always returning a KPSSResult. Set result_object=True to switch now, or result_object=False to keep the current behavior and silence this warning."
Pré-pandemia (até jan/2020),Grupo | Hidrológico,Grupo,Hidrológico,Diferença sazonal,12,73,c; autolag AIC; máximo padrão Schwert,c; nlags auto,61,-4.85363632763025,4.2893922480025876e-05,11,0.05356799068840892,0.1,3,"p ≥ 0,10",Estacionária: convergente,"adfuller currently returns a plain tuple whose length depends on the store and autolag arguments. In release 0.16 or after July 2027, whichever is later, the default behavior will switch to always returning an ADFullerResult. Set result_object=True to switch now, or result_object=False to keep the current behavior and silence this warning. | The test statistic is outside of the range of p-values available in the look-up table. The actual p-value is greater than the p-value returned. | kpss currently returns a plain tuple whose length and layout depends on the store argument (and which silently drops `lags` when store=True). In release 0.16 or after July 2027, whichever is later, the default behavior will switch to always returning a KPSSResult. Set result_object=True to switch now, or result_object=False to keep the current behavior and silence this warning."
Pré-pandemia (até jan/2020),Grupo | Hidrológico,Grupo,Hidrológico,Diferença + sazonal,13,72,c; autolag AIC; máximo padrão Schwert,c; nlags auto,59,-3.656975482550899,0.004760684124673491,12,0.26251543607282696,0.1,37,"p ≥ 0,10",Estacionária: convergente,"adfuller currently returns a plain tuple whose length depends on the store and autolag arguments. In release 0.16 or after July 2027, whichever is later, the default behavior will switch to always returning an ADFullerResult. Set result_object=True to switch now, or result_object=False to keep the current behavior and silence this warning. | The test statistic is outside of the range of p-values available in the look-up table. The actual p-value is greater than the p-value returned. | kpss currently returns a plain tuple whose length and layout depends on the store argument (and which silently drops `lags` when store=True). In release 0.16 or after July 2027, whichever is later, the default behavior will switch to always returning a KPSSResult. Set result_object=True to switch now, or result_object=False to keep the current behavior and silence this warning."
Pré-pandemia (até jan/2020),Grupo | Hidrológico,Grupo,Hidrológico,Diferença do log + sazonal,13,72,c; autolag AIC; máximo padrão Schwert,c; nlags auto,59,-4.186641642694104,0.000694059615389994,12,0.17116681034459247,0.1,19,"p ≥ 0,10",Estacionária: convergente,"adfuller currently returns a plain tuple whose length depends on the store and autolag arguments. In release 0.16 or after July 2027, whichever is later, the default behavior will switch to always returning an ADFullerResult. Set result_object=True to switch now, or result_object=False to keep the current behavior and silence this warning. | The test statistic is outside of the range of p-values available in the look-up table. The actual p-value is greater than the p-value returned. | kpss currently returns a plain tuple whose length and layout depends on the store argument (and which silently drops `lags` when store=True). In release 0.16 or after July 2027, whichever is later, the default behavior will switch to always returning a KPSSResult. Set result_object=True to switch now, or result_object=False to keep the current behavior and silence this warning."
Pré-pandemia (até jan/2020),Grupo | Meteorológico,Grupo,Meteorológico,Nível,0,85,c; autolag AIC; máximo padrão Schwert,c; nlags auto,72,-1.934421654889931,0.316045302357574,12,0.13226719566012107,0.1,2,"p ≥ 0,10",Inconclusiva: nenhum rejeita,"adfuller currently returns a plain tuple whose length depends on the store and autolag arguments. In release 0.16 or after July 2027, whichever is later, the default behavior will switch to always returning an ADFullerResult. Set result_object=True to switch now, or result_object=False to keep the current behavior and silence this warning. | The test statistic is outside of the range of p-values available in the look-up table. The actual p-value is greater than the p-value returned. | kpss currently returns a plain tuple whose length and layout depends on the store argument (and which silently drops `lags` when store=True). In release 0.16 or after July 2027, whichever is later, the default behavior will switch to always returning a KPSSResult. Set result_object=True to switch now, or result_object=False to keep the current behavior and silence this warning."
Pré-pandemia (até jan/2020),Grupo | Meteorológico,Grupo,Meteorológico,Log,0,85,c; autolag AIC; máximo padrão Schwert,c; nlags auto,73,-1.4861978065948775,0.5403277029698315,11,0.15810275417080788,0.1,3,"p ≥ 0,10",Inconclusiva: nenhum rejeita,"adfuller currently returns a plain tuple whose length depends on the store and autolag arguments. In release 0.16 or after July 2027, whichever is later, the default behavior will switch to always returning an ADFullerResult. Set result_object=True to switch now, or result_object=False to keep the current behavior and silence this warning. | The test statistic is outside of the range of p-values available in the look-up table. The actual p-value is greater than the p-value returned. | kpss currently returns a plain tuple whose length and layout depends on the store argument (and which silently drops `lags` when store=True). In release 0.16 or after July 2027, whichever is later, the default behavior will switch to always returning a KPSSResult. Set result_object=True to switch now, or result_object=False to keep the current behavior and silence this warning."
Pré-pandemia (até jan/2020),Grupo | Meteorológico,Grupo,Meteorológico,Primeira diferença,1,84,c; autolag AIC; máximo padrão Schwert,c; nlags auto,73,-8.252317700486804,5.349850971363977e-13,10,0.08468658678605182,0.1,13,"p ≥ 0,10",Estacionária: convergente,"adfuller currently returns a plain tuple whose length depends on the store and autolag arguments. In release 0.16 or after July 2027, whichever is later, the default behavior will switch to always returning an ADFullerResult. Set result_object=True to switch now, or result_object=False to keep the current behavior and silence this warning. | The test statistic is outside of the range of p-values available in the look-up table. The actual p-value is greater than the p-value returned. | kpss currently returns a plain tuple whose length and layout depends on the store argument (and which silently drops `lags` when store=True). In release 0.16 or after July 2027, whichever is later, the default behavior will switch to always returning a KPSSResult. Set result_object=True to switch now, or result_object=False to keep the current behavior and silence this warning."
Pré-pandemia (até jan/2020),Grupo | Meteorológico,Grupo,Meteorológico,Diferença do log,1,84,c; autolag AIC; máximo padrão Schwert,c; nlags auto,73,-7.509927360011661,4.0408049509914026e-11,10,0.05000936078642386,0.1,7,"p ≥ 0,10",Estacionária: convergente,"adfuller currently returns a plain tuple whose length depends on the store and autolag arguments. In release 0.16 or after July 2027, whichever is later, the default behavior will switch to always returning an ADFullerResult. Set result_object=True to switch now, or result_object=False to keep the current behavior and silence this warning. | The test statistic is outside of the range of p-values available in the look-up table. The actual p-value is greater than the p-value returned. | kpss currently returns a plain tuple whose length and layout depends on the store argument (and which silently drops `lags` when store=True). In release 0.16 or after July 2027, whichever is later, the default behavior will switch to always returning a KPSSResult. Set result_object=True to switch now, or result_object=False to keep the current behavior and silence this warning."
Pré-pandemia (até jan/2020),Grupo | Meteorológico,Grupo,Meteorológico,Diferença sazonal,12,73,c; autolag AIC; máximo padrão Schwert,c; nlags auto,61,-4.194667668630187,0.0006727292702666366,11,0.08963621404081647,0.1,3,"p ≥ 0,10",Estacionária: convergente,"adfuller currently returns a plain tuple whose length depends on the store and autolag arguments. In release 0.16 or after July 2027, whichever is later, the default behavior will switch to always returning an ADFullerResult. Set result_object=True to switch now, or result_object=False to keep the current behavior and silence this warning. | The test statistic is outside of the range of p-values available in the look-up table. The actual p-value is greater than the p-value returned. | kpss currently returns a plain tuple whose length and layout depends on the store argument (and which silently drops `lags` when store=True). In release 0.16 or after July 2027, whichever is later, the default behavior will switch to always returning a KPSSResult. Set result_object=True to switch now, or result_object=False to keep the current behavior and silence this warning."
Pré-pandemia (até jan/2020),Grupo | Meteorológico,Grupo,Meteorológico,Diferença + sazonal,13,72,c; autolag AIC; máximo padrão Schwert,c; nlags auto,59,-3.0477290376005155,0.03067117839824665,12,0.05980874921688547,0.1,6,"p ≥ 0,10",Estacionária: convergente,"adfuller currently returns a plain tuple whose length depends on the store and autolag arguments. In release 0.16 or after July 2027, whichever is later, the default behavior will switch to always returning an ADFullerResult. Set result_object=True to switch now, or result_object=False to keep the current behavior and silence this warning. | The test statistic is outside of the range of p-values available in the look-up table. The actual p-value is greater than the p-value returned. | kpss currently returns a plain tuple whose length and layout depends on the store argument (and which silently drops `lags` when store=True). In release 0.16 or after July 2027, whichever is later, the default behavior will switch to always returning a KPSSResult. Set result_object=True to switch now, or result_object=False to keep the current behavior and silence this warning."
Pré-pandemia (até jan/2020),Grupo | Meteorológico,Grupo,Meteorológico,Diferença do log + sazonal,13,72,c; autolag AIC; máximo padrão Schwert,c; nlags auto,61,-2.522264036895076,0.11015078867120859,10,0.03790249336898348,0.1,3,"p ≥ 0,10",Inconclusiva: nenhum rejeita,"adfuller currently returns a plain tuple whose length depends on the store and autolag arguments. In release 0.16 or after July 2027, whichever is later, the default behavior will switch to always returning an ADFullerResult. Set result_object=True to switch now, or result_object=False to keep the current behavior and silence this warning. | The test statistic is outside of the range of p-values available in the look-up table. The actual p-value is greater than the p-value returned. | kpss currently returns a plain tuple whose length and layout depends on the store argument (and which silently drops `lags` when store=True). In release 0.16 or after July 2027, whichever is later, the default behavior will switch to always returning a KPSSResult. Set result_object=True to switch now, or result_object=False to keep the current behavior and silence this warning."
Pré-pandemia (até jan/2020),Grupo | Outros,Grupo,Outros,Nível,0,85,c; autolag AIC; máximo padrão Schwert,c; nlags auto,73,-0.9295919994388159,0.7780712354915366,11,0.6239943320063028,0.02045506072669974,1,Interpolado,Não estacionária: convergente,"adfuller currently returns a plain tuple whose length depends on the store and autolag arguments. In release 0.16 or after July 2027, whichever is later, the default behavior will switch to always returning an ADFullerResult. Set result_object=True to switch now, or result_object=False to keep the current behavior and silence this warning. | kpss currently returns a plain tuple whose length and layout depends on the store argument (and which silently drops `lags` when store=True). In release 0.16 or after July 2027, whichever is later, the default behavior will switch to always returning a KPSSResult. Set result_object=True to switch now, or result_object=False to keep the current behavior and silence this warning."
Pré-pandemia (até jan/2020),Grupo | Outros,Grupo,Outros,Log,0,85,c; autolag AIC; máximo padrão Schwert,c; nlags auto,80,-1.904259144392103,0.33006013522849925,4,0.9517106641759263,0.01,4,"p ≤ 0,01",Não estacionária: convergente,"adfuller currently returns a plain tuple whose length depends on the store and autolag arguments. In release 0.16 or after July 2027, whichever is later, the default behavior will switch to always returning an ADFullerResult. Set result_object=True to switch now, or result_object=False to keep the current behavior and silence this warning. | The test statistic is outside of the range of p-values available in the look-up table. The actual p-value is smaller than the p-value returned. | kpss currently returns a plain tuple whose length and layout depends on the store argument (and which silently drops `lags` when store=True). In release 0.16 or after July 2027, whichever is later, the default behavior will switch to always returning a KPSSResult. Set result_object=True to switch now, or result_object=False to keep the current behavior and silence this warning."
Pré-pandemia (até jan/2020),Grupo | Outros,Grupo,Outros,Primeira diferença,1,84,c; autolag AIC; máximo padrão Schwert,c; nlags auto,73,-7.377909794212189,8.624591584711546e-11,10,0.17156884121169813,0.1,30,"p ≥ 0,10",Estacionária: convergente,"adfuller currently returns a plain tuple whose length depends on the store and autolag arguments. In release 0.16 or after July 2027, whichever is later, the default behavior will switch to always returning an ADFullerResult. Set result_object=True to switch now, or result_object=False to keep the current behavior and silence this warning. | The test statistic is outside of the range of p-values available in the look-up table. The actual p-value is greater than the p-value returned. | kpss currently returns a plain tuple whose length and layout depends on the store argument (and which silently drops `lags` when store=True). In release 0.16 or after July 2027, whichever is later, the default behavior will switch to always returning a KPSSResult. Set result_object=True to switch now, or result_object=False to keep the current behavior and silence this warning."
Pré-pandemia (até jan/2020),Grupo | Outros,Grupo,Outros,Diferença do log,1,84,c; autolag AIC; máximo padrão Schwert,c; nlags auto,80,-8.101129472384747,1.2989662812305133e-12,3,0.06710944776122418,0.1,7,"p ≥ 0,10",Estacionária: convergente,"adfuller currently returns a plain tuple whose length depends on the store and autolag arguments. In release 0.16 or after July 2027, whichever is later, the default behavior will switch to always returning an ADFullerResult. Set result_object=True to switch now, or result_object=False to keep the current behavior and silence this warning. | The test statistic is outside of the range of p-values available in the look-up table. The actual p-value is greater than the p-value returned. | kpss currently returns a plain tuple whose length and layout depends on the store argument (and which silently drops `lags` when store=True). In release 0.16 or after July 2027, whichever is later, the default behavior will switch to always returning a KPSSResult. Set result_object=True to switch now, or result_object=False to keep the current behavior and silence this warning."
Pré-pandemia (até jan/2020),Grupo | Outros,Grupo,Outros,Diferença sazonal,12,73,c; autolag AIC; máximo padrão Schwert,c; nlags auto,72,-8.037459128142489,1.885877999376928e-12,0,0.08469103917782077,0.1,0,"p ≥ 0,10",Estacionária: convergente,"adfuller currently returns a plain tuple whose length depends on the store and autolag arguments. In release 0.16 or after July 2027, whichever is later, the default behavior will switch to always returning an ADFullerResult. Set result_object=True to switch now, or result_object=False to keep the current behavior and silence this warning. | The test statistic is outside of the range of p-values available in the look-up table. The actual p-value is greater than the p-value returned. | kpss currently returns a plain tuple whose length and layout depends on the store argument (and which silently drops `lags` when store=True). In release 0.16 or after July 2027, whichever is later, the default behavior will switch to always returning a KPSSResult. Set result_object=True to switch now, or result_object=False to keep the current behavior and silence this warning."
Pré-pandemia (até jan/2020),Grupo | Outros,Grupo,Outros,Diferença + sazonal,13,72,c; autolag AIC; máximo padrão Schwert,c; nlags auto,67,-6.372720680474632,2.323673071475896e-08,4,0.17675758996361213,0.1,19,"p ≥ 0,10",Estacionária: convergente,"adfuller currently returns a plain tuple whose length depends on the store and autolag arguments. In release 0.16 or after July 2027, whichever is later, the default behavior will switch to always returning an ADFullerResult. Set result_object=True to switch now, or result_object=False to keep the current behavior and silence this warning. | The test statistic is outside of the range of p-values available in the look-up table. The actual p-value is greater than the p-value returned. | kpss currently returns a plain tuple whose length and layout depends on the store argument (and which silently drops `lags` when store=True). In release 0.16 or after July 2027, whichever is later, the default behavior will switch to always returning a KPSSResult. Set result_object=True to switch now, or result_object=False to keep the current behavior and silence this warning."
Pré-pandemia (até jan/2020),Grupo | Outros,Grupo,Outros,Diferença do log + sazonal,13,72,c; autolag AIC; máximo padrão Schwert,c; nlags auto,68,-8.047309175723814,1.780240874308768e-12,3,0.11009841248720996,0.1,8,"p ≥ 0,10",Estacionária: convergente,"adfuller currently returns a plain tuple whose length depends on the store and autolag arguments. In release 0.16 or after July 2027, whichever is later, the default behavior will switch to always returning an ADFullerResult. Set result_object=True to switch now, or result_object=False to keep the current behavior and silence this warning. | The test statistic is outside of the range of p-values available in the look-up table. The actual p-value is greater than the p-value returned. | kpss currently returns a plain tuple whose length and layout depends on the store argument (and which silently drops `lags` when store=True). In release 0.16 or after July 2027, whichever is later, the default behavior will switch to always returning a KPSSResult. Set result_object=True to switch now, or result_object=False to keep the current behavior and silence this warning."
Pré-pandemia (até jan/2020),Tipologia | Alagamentos,Tipologia,Alagamentos,Nível,0,85,c; autolag AIC; máximo padrão Schwert,c; nlags auto,80,-5.667422903730195,9.084029838039463e-07,4,0.09960820632434245,0.1,4,"p ≥ 0,10",Estacionária: convergente,"adfuller currently returns a plain tuple whose length depends on the store and autolag arguments. In release 0.16 or after July 2027, whichever is later, the default behavior will switch to always returning an ADFullerResult. Set result_object=True to switch now, or result_object=False to keep the current behavior and silence this warning. | The test statistic is outside of the range of p-values available in the look-up table. The actual p-value is greater than the p-value returned. | kpss currently returns a plain tuple whose length and layout depends on the store argument (and which silently drops `lags` when store=True). In release 0.16 or after July 2027, whichever is later, the default behavior will switch to always returning a KPSSResult. Set result_object=True to switch now, or result_object=False to keep the current behavior and silence this warning."
Pré-pandemia (até jan/2020),Tipologia | Alagamentos,Tipologia,Alagamentos,Log,0,85,c; autolag AIC; máximo padrão Schwert,c; nlags auto,81,-5.69687176559883,7.837340532316758e-07,3,0.06119842562880455,0.1,4,"p ≥ 0,10",Estacionária: convergente,"adfuller currently returns a plain tuple whose length depends on the store and autolag arguments. In release 0.16 or after July 2027, whichever is later, the default behavior will switch to always returning an ADFullerResult. Set result_object=True to switch now, or result_object=False to keep the current behavior and silence this warning. | The test statistic is outside of the range of p-values available in the look-up table. The actual p-value is greater than the p-value returned. | kpss currently returns a plain tuple whose length and layout depends on the store argument (and which silently drops `lags` when store=True). In release 0.16 or after July 2027, whichever is later, the default behavior will switch to always returning a KPSSResult. Set result_object=True to switch now, or result_object=False to keep the current behavior and silence this warning."
Pré-pandemia (até jan/2020),Tipologia | Alagamentos,Tipologia,Alagamentos,Primeira diferença,1,84,c; autolag AIC; máximo padrão Schwert,c; nlags auto,74,-5.6867776135536,8.244585644187808e-07,9,0.12230998436562565,0.1,7,"p ≥ 0,10",Estacionária: convergente,"adfuller currently returns a plain tuple whose length depends on the store and autolag arguments. In release 0.16 or after July 2027, whichever is later, the default behavior will switch to always returning an ADFullerResult. Set result_object=True to switch now, or result_object=False to keep the current behavior and silence this warning. | The test statistic is outside of the range of p-values available in the look-up table. The actual p-value is greater than the p-value returned. | kpss currently returns a plain tuple whose length and layout depends on the store argument (and which silently drops `lags` when store=True). In release 0.16 or after July 2027, whichever is later, the default behavior will switch to always returning a KPSSResult. Set result_object=True to switch now, or result_object=False to keep the current behavior and silence this warning."
Pré-pandemia (até jan/2020),Tipologia | Alagamentos,Tipologia,Alagamentos,Diferença do log,1,84,c; autolag AIC; máximo padrão Schwert,c; nlags auto,73,-5.7095456128562425,7.353753183807996e-07,10,0.06368775223048119,0.1,5,"p ≥ 0,10",Estacionária: convergente,"adfuller currently returns a plain tuple whose length depends on the store and autolag arguments. In release 0.16 or after July 2027, whichever is later, the default behavior will switch to always returning an ADFullerResult. Set result_object=True to switch now, or result_object=False to keep the current behavior and silence this warning. | The test statistic is outside of the range of p-values available in the look-up table. The actual p-value is greater than the p-value returned. | kpss currently returns a plain tuple whose length and layout depends on the store argument (and which silently drops `lags` when store=True). In release 0.16 or after July 2027, whichever is later, the default behavior will switch to always returning a KPSSResult. Set result_object=True to switch now, or result_object=False to keep the current behavior and silence this warning."
Pré-pandemia (até jan/2020),Tipologia | Alagamentos,Tipologia,Alagamentos,Diferença sazonal,12,73,c; autolag AIC; máximo padrão Schwert,c; nlags auto,61,-3.7647980670882077,0.003288723828349489,11,0.147187695389147,0.1,3,"p ≥ 0,10",Estacionária: convergente,"adfuller currently returns a plain tuple whose length depends on the store and autolag arguments. In release 0.16 or after July 2027, whichever is later, the default behavior will switch to always returning an ADFullerResult. Set result_object=True to switch now, or result_object=False to keep the current behavior and silence this warning. | The test statistic is outside of the range of p-values available in the look-up table. The actual p-value is greater than the p-value returned. | kpss currently returns a plain tuple whose length and layout depends on the store argument (and which silently drops `lags` when store=True). In release 0.16 or after July 2027, whichever is later, the default behavior will switch to always returning a KPSSResult. Set result_object=True to switch now, or result_object=False to keep the current behavior and silence this warning."
Pré-pandemia (até jan/2020),Tipologia | Alagamentos,Tipologia,Alagamentos,Diferença + sazonal,13,72,c; autolag AIC; máximo padrão Schwert,c; nlags auto,59,-3.354286790751091,0.012619515749140773,12,0.38229746747695165,0.08478557436338291,54,Interpolado,Estacionária: convergente,"adfuller currently returns a plain tuple whose length depends on the store and autolag arguments. In release 0.16 or after July 2027, whichever is later, the default behavior will switch to always returning an ADFullerResult. Set result_object=True to switch now, or result_object=False to keep the current behavior and silence this warning. | kpss currently returns a plain tuple whose length and layout depends on the store argument (and which silently drops `lags` when store=True). In release 0.16 or after July 2027, whichever is later, the default behavior will switch to always returning a KPSSResult. Set result_object=True to switch now, or result_object=False to keep the current behavior and silence this warning."
Pré-pandemia (até jan/2020),Tipologia | Alagamentos,Tipologia,Alagamentos,Diferença do log + sazonal,13,72,c; autolag AIC; máximo padrão Schwert,c; nlags auto,59,-4.041520560277796,0.001208041365170519,12,0.22682582945467133,0.1,32,"p ≥ 0,10",Estacionária: convergente,"adfuller currently returns a plain tuple whose length depends on the store and autolag arguments. In release 0.16 or after July 2027, whichever is later, the default behavior will switch to always returning an ADFullerResult. Set result_object=True to switch now, or result_object=False to keep the current behavior and silence this warning. | The test statistic is outside of the range of p-values available in the look-up table. The actual p-value is greater than the p-value returned. | kpss currently returns a plain tuple whose length and layout depends on the store argument (and which silently drops `lags` when store=True). In release 0.16 or after July 2027, whichever is later, the default behavior will switch to always returning a KPSSResult. Set result_object=True to switch now, or result_object=False to keep the current behavior and silence this warning."
Pré-pandemia (até jan/2020),Tipologia | Chuvas Intensas,Tipologia,Chuvas Intensas,Nível,0,85,c; autolag AIC; máximo padrão Schwert,c; nlags auto,84,-5.206530646666998,8.52614379536304e-06,0,0.29452493727377593,0.1,3,"p ≥ 0,10",Estacionária: convergente,"adfuller currently returns a plain tuple whose length depends on the store and autolag arguments. In release 0.16 or after July 2027, whichever is later, the default behavior will switch to always returning an ADFullerResult. Set result_object=True to switch now, or result_object=False to keep the current behavior and silence this warning. | The test statistic is outside of the range of p-values available in the look-up table. The actual p-value is greater than the p-value returned. | kpss currently returns a plain tuple whose length and layout depends on the store argument (and which silently drops `lags` when store=True). In release 0.16 or after July 2027, whichever is later, the default behavior will switch to always returning a KPSSResult. Set result_object=True to switch now, or result_object=False to keep the current behavior and silence this warning."
Pré-pandemia (até jan/2020),Tipologia | Chuvas Intensas,Tipologia,Chuvas Intensas,Log,0,85,c; autolag AIC; máximo padrão Schwert,c; nlags auto,80,-4.781248458618528,5.9060588589365195e-05,4,0.16075366814830205,0.1,4,"p ≥ 0,10",Estacionária: convergente,"adfuller currently returns a plain tuple whose length depends on the store and autolag arguments. In release 0.16 or after July 2027, whichever is later, the default behavior will switch to always returning an ADFullerResult. Set result_object=True to switch now, or result_object=False to keep the current behavior and silence this warning. | The test statistic is outside of the range of p-values available in the look-up table. The actual p-value is greater than the p-value returned. | kpss currently returns a plain tuple whose length and layout depends on the store argument (and which silently drops `lags` when store=True). In release 0.16 or after July 2027, whichever is later, the default behavior will switch to always returning a KPSSResult. Set result_object=True to switch now, or result_object=False to keep the current behavior and silence this warning."
Pré-pandemia (até jan/2020),Tipologia | Chuvas Intensas,Tipologia,Chuvas Intensas,Primeira diferença,1,84,c; autolag AIC; máximo padrão Schwert,c; nlags auto,82,-8.131780088562378,1.0853714639235167e-12,1,0.22360315124396085,0.1,10,"p ≥ 0,10",Estacionária: convergente,"adfuller currently returns a plain tuple whose length depends on the store and autolag arguments. In release 0.16 or after July 2027, whichever is later, the default behavior will switch to always returning an ADFullerResult. Set result_object=True to switch now, or result_object=False to keep the current behavior and silence this warning. | The test statistic is outside of the range of p-values available in the look-up table. The actual p-value is greater than the p-value returned. | kpss currently returns a plain tuple whose length and layout depends on the store argument (and which silently drops `lags` when store=True). In release 0.16 or after July 2027, whichever is later, the default behavior will switch to always returning a KPSSResult. Set result_object=True to switch now, or result_object=False to keep the current behavior and silence this warning."
Pré-pandemia (até jan/2020),Tipologia | Chuvas Intensas,Tipologia,Chuvas Intensas,Diferença do log,1,84,c; autolag AIC; máximo padrão Schwert,c; nlags auto,73,-6.311884780683857,3.219592840423578e-08,10,0.15233238293248702,0.1,12,"p ≥ 0,10",Estacionária: convergente,"adfuller currently returns a plain tuple whose length depends on the store and autolag arguments. In release 0.16 or after July 2027, whichever is later, the default behavior will switch to always returning an ADFullerResult. Set result_object=True to switch now, or result_object=False to keep the current behavior and silence this warning. | The test statistic is outside of the range of p-values available in the look-up table. The actual p-value is greater than the p-value returned. | kpss currently returns a plain tuple whose length and layout depends on the store argument (and which silently drops `lags` when store=True). In release 0.16 or after July 2027, whichever is later, the default behavior will switch to always returning a KPSSResult. Set result_object=True to switch now, or result_object=False to keep the current behavior and silence this warning."
Pré-pandemia (até jan/2020),Tipologia | Chuvas Intensas,Tipologia,Chuvas Intensas,Diferença sazonal,12,73,c; autolag AIC; máximo padrão Schwert,c; nlags auto,60,-3.0128470677851698,0.03371193938901095,12,0.0661722117253596,0.1,3,"p ≥ 0,10",Estacionária: convergente,"adfuller currently returns a plain tuple whose length depends on the store and autolag arguments. In release 0.16 or after July 2027, whichever is later, the default behavior will switch to always returning an ADFullerResult. Set result_object=True to switch now, or result_object=False to keep the current behavior and silence this warning. | The test statistic is outside of the range of p-values available in the look-up table. The actual p-value is greater than the p-value returned. | kpss currently returns a plain tuple whose length and layout depends on the store argument (and which silently drops `lags` when store=True). In release 0.16 or after July 2027, whichever is later, the default behavior will switch to always returning a KPSSResult. Set result_object=True to switch now, or result_object=False to keep the current behavior and silence this warning."
Pré-pandemia (até jan/2020),Tipologia | Chuvas Intensas,Tipologia,Chuvas Intensas,Diferença + sazonal,13,72,c; autolag AIC; máximo padrão Schwert,c; nlags auto,60,-3.0261232422598145,0.03252579317213025,11,0.16148285244409044,0.1,11,"p ≥ 0,10",Estacionária: convergente,"adfuller currently returns a plain tuple whose length depends on the store and autolag arguments. In release 0.16 or after July 2027, whichever is later, the default behavior will switch to always returning an ADFullerResult. Set result_object=True to switch now, or result_object=False to keep the current behavior and silence this warning. | The test statistic is outside of the range of p-values available in the look-up table. The actual p-value is greater than the p-value returned. | kpss currently returns a plain tuple whose length and layout depends on the store argument (and which silently drops `lags` when store=True). In release 0.16 or after July 2027, whichever is later, the default behavior will switch to always returning a KPSSResult. Set result_object=True to switch now, or result_object=False to keep the current behavior and silence this warning."
Pré-pandemia (até jan/2020),Tipologia | Chuvas Intensas,Tipologia,Chuvas Intensas,Diferença do log + sazonal,13,72,c; autolag AIC; máximo padrão Schwert,c; nlags auto,60,-4.620605842596959,0.00011833263869435964,11,0.16814320038089411,0.1,16,"p ≥ 0,10",Estacionária: convergente,"adfuller currently returns a plain tuple whose length depends on the store and autolag arguments. In release 0.16 or after July 2027, whichever is later, the default behavior will switch to always returning an ADFullerResult. Set result_object=True to switch now, or result_object=False to keep the current behavior and silence this warning. | The test statistic is outside of the range of p-values available in the look-up table. The actual p-value is greater than the p-value returned. | kpss currently returns a plain tuple whose length and layout depends on the store argument (and which silently drops `lags` when store=True). In release 0.16 or after July 2027, whichever is later, the default behavior will switch to always returning a KPSSResult. Set result_object=True to switch now, or result_object=False to keep the current behavior and silence this warning."
Pré-pandemia (até jan/2020),Tipologia | Doenças infecciosas,Tipologia,Doenças infecciosas,Nível,0,85,c; autolag AIC; máximo padrão Schwert,c; nlags auto,73,-1.5275393751082498,0.5198466962934377,11,0.09175360436063681,0.1,1,"p ≥ 0,10",Inconclusiva: nenhum rejeita,"adfuller currently returns a plain tuple whose length depends on the store and autolag arguments. In release 0.16 or after July 2027, whichever is later, the default behavior will switch to always returning an ADFullerResult. Set result_object=True to switch now, or result_object=False to keep the current behavior and silence this warning. | The test statistic is outside of the range of p-values available in the look-up table. The actual p-value is greater than the p-value returned. | kpss currently returns a plain tuple whose length and layout depends on the store argument (and which silently drops `lags` when store=True). In release 0.16 or after July 2027, whichever is later, the default behavior will switch to always returning a KPSSResult. Set result_object=True to switch now, or result_object=False to keep the current behavior and silence this warning."
Pré-pandemia (até jan/2020),Tipologia | Doenças infecciosas,Tipologia,Doenças infecciosas,Log,0,85,c; autolag AIC; máximo padrão Schwert,c; nlags auto,72,-2.880774923207773,0.0476297222840483,12,0.05903043380196174,0.1,2,"p ≥ 0,10",Estacionária: convergente,"adfuller currently returns a plain tuple whose length depends on the store and autolag arguments. In release 0.16 or after July 2027, whichever is later, the default behavior will switch to always returning an ADFullerResult. Set result_object=True to switch now, or result_object=False to keep the current behavior and silence this warning. | The test statistic is outside of the range of p-values available in the look-up table. The actual p-value is greater than the p-value returned. | kpss currently returns a plain tuple whose length and layout depends on the store argument (and which silently drops `lags` when store=True). In release 0.16 or after July 2027, whichever is later, the default behavior will switch to always returning a KPSSResult. Set result_object=True to switch now, or result_object=False to keep the current behavior and silence this warning."
Pré-pandemia (até jan/2020),Tipologia | Doenças infecciosas,Tipologia,Doenças infecciosas,Primeira diferença,1,84,c; autolag AIC; máximo padrão Schwert,c; nlags auto,73,-7.667179025440236,1.6294463277650783e-11,10,0.49999999999999956,0.04166666666666677,83,Interpolado,Conflitante: ambos rejeitam,"adfuller currently returns a plain tuple whose length depends on the store and autolag arguments. In release 0.16 or after July 2027, whichever is later, the default behavior will switch to always returning an ADFullerResult. Set result_object=True to switch now, or result_object=False to keep the current behavior and silence this warning. | kpss currently returns a plain tuple whose length and layout depends on the store argument (and which silently drops `lags` when store=True). In release 0.16 or after July 2027, whichever is later, the default behavior will switch to always returning a KPSSResult. Set result_object=True to switch now, or result_object=False to keep the current behavior and silence this warning."
Pré-pandemia (até jan/2020),Tipologia | Doenças infecciosas,Tipologia,Doenças infecciosas,Diferença do log,1,84,c; autolag AIC; máximo padrão Schwert,c; nlags auto,73,-7.6374786312889835,1.935118772324701e-11,10,0.08805985795672405,0.1,16,"p ≥ 0,10",Estacionária: convergente,"adfuller currently returns a plain tuple whose length depends on the store and autolag arguments. In release 0.16 or after July 2027, whichever is later, the default behavior will switch to always returning an ADFullerResult. Set result_object=True to switch now, or result_object=False to keep the current behavior and silence this warning. | The test statistic is outside of the range of p-values available in the look-up table. The actual p-value is greater than the p-value returned. | kpss currently returns a plain tuple whose length and layout depends on the store argument (and which silently drops `lags` when store=True). In release 0.16 or after July 2027, whichever is later, the default behavior will switch to always returning a KPSSResult. Set result_object=True to switch now, or result_object=False to keep the current behavior and silence this warning."
Pré-pandemia (até jan/2020),Tipologia | Doenças infecciosas,Tipologia,Doenças infecciosas,Diferença sazonal,12,73,c; autolag AIC; máximo padrão Schwert,c; nlags auto,72,-7.877355145601316,4.804245823402904e-12,0,0.14592696281863873,0.1,0,"p ≥ 0,10",Estacionária: convergente,"adfuller currently returns a plain tuple whose length depends on the store and autolag arguments. In release 0.16 or after July 2027, whichever is later, the default behavior will switch to always returning an ADFullerResult. Set result_object=True to switch now, or result_object=False to keep the current behavior and silence this warning. | The test statistic is outside of the range of p-values available in the look-up table. The actual p-value is greater than the p-value returned. | kpss currently returns a plain tuple whose length and layout depends on the store argument (and which silently drops `lags` when store=True). In release 0.16 or after July 2027, whichever is later, the default behavior will switch to always returning a KPSSResult. Set result_object=True to switch now, or result_object=False to keep the current behavior and silence this warning."
Pré-pandemia (até jan/2020),Tipologia | Doenças infecciosas,Tipologia,Doenças infecciosas,Diferença + sazonal,13,72,c; autolag AIC; máximo padrão Schwert,c; nlags auto,68,-6.82722251042656,1.934042097357718e-09,3,0.4999999999999806,0.04166666666667103,71,Interpolado,Conflitante: ambos rejeitam,"adfuller currently returns a plain tuple whose length depends on the store and autolag arguments. In release 0.16 or after July 2027, whichever is later, the default behavior will switch to always returning an ADFullerResult. Set result_object=True to switch now, or result_object=False to keep the current behavior and silence this warning. | kpss currently returns a plain tuple whose length and layout depends on the store argument (and which silently drops `lags` when store=True). In release 0.16 or after July 2027, whichever is later, the default behavior will switch to always returning a KPSSResult. Set result_object=True to switch now, or result_object=False to keep the current behavior and silence this warning."
Pré-pandemia (até jan/2020),Tipologia | Doenças infecciosas,Tipologia,Doenças infecciosas,Diferença do log + sazonal,13,72,c; autolag AIC; máximo padrão Schwert,c; nlags auto,69,-7.93948264041826,3.3436840419149005e-12,2,0.08685978159007579,0.1,10,"p ≥ 0,10",Estacionária: convergente,"adfuller currently returns a plain tuple whose length depends on the store and autolag arguments. In release 0.16 or after July 2027, whichever is later, the default behavior will switch to always returning an ADFullerResult. Set result_object=True to switch now, or result_object=False to keep the current behavior and silence this warning. | The test statistic is outside of the range of p-values available in the look-up table. The actual p-value is greater than the p-value returned. | kpss currently returns a plain tuple whose length and layout depends on the store argument (and which silently drops `lags` when store=True). In release 0.16 or after July 2027, whichever is later, the default behavior will switch to always returning a KPSSResult. Set result_object=True to switch now, or result_object=False to keep the current behavior and silence this warning."
Pré-pandemia (até jan/2020),Tipologia | Enxurradas,Tipologia,Enxurradas,Nível,0,85,c; autolag AIC; máximo padrão Schwert,c; nlags auto,84,-6.8656807770739885,1.561378889152958e-09,0,0.1406965124811033,0.1,2,"p ≥ 0,10",Estacionária: convergente,"adfuller currently returns a plain tuple whose length depends on the store and autolag arguments. In release 0.16 or after July 2027, whichever is later, the default behavior will switch to always returning an ADFullerResult. Set result_object=True to switch now, or result_object=False to keep the current behavior and silence this warning. | The test statistic is outside of the range of p-values available in the look-up table. The actual p-value is greater than the p-value returned. | kpss currently returns a plain tuple whose length and layout depends on the store argument (and which silently drops `lags` when store=True). In release 0.16 or after July 2027, whichever is later, the default behavior will switch to always returning a KPSSResult. Set result_object=True to switch now, or result_object=False to keep the current behavior and silence this warning."
Pré-pandemia (até jan/2020),Tipologia | Enxurradas,Tipologia,Enxurradas,Log,0,85,c; autolag AIC; máximo padrão Schwert,c; nlags auto,84,-5.627788811564363,1.107146257244554e-06,0,0.24677145903035635,0.1,3,"p ≥ 0,10",Estacionária: convergente,"adfuller currently returns a plain tuple whose length depends on the store and autolag arguments. In release 0.16 or after July 2027, whichever is later, the default behavior will switch to always returning an ADFullerResult. Set result_object=True to switch now, or result_object=False to keep the current behavior and silence this warning. | The test statistic is outside of the range of p-values available in the look-up table. The actual p-value is greater than the p-value returned. | kpss currently returns a plain tuple whose length and layout depends on the store argument (and which silently drops `lags` when store=True). In release 0.16 or after July 2027, whichever is later, the default behavior will switch to always returning a KPSSResult. Set result_object=True to switch now, or result_object=False to keep the current behavior and silence this warning."
Pré-pandemia (até jan/2020),Tipologia | Enxurradas,Tipologia,Enxurradas,Primeira diferença,1,84,c; autolag AIC; máximo padrão Schwert,c; nlags auto,78,-6.353731682205057,2.5731217678845106e-08,5,0.2578538718675365,0.1,47,"p ≥ 0,10",Estacionária: convergente,"adfuller currently returns a plain tuple whose length depends on the store and autolag arguments. In release 0.16 or after July 2027, whichever is later, the default behavior will switch to always returning an ADFullerResult. Set result_object=True to switch now, or result_object=False to keep the current behavior and silence this warning. | The test statistic is outside of the range of p-values available in the look-up table. The actual p-value is greater than the p-value returned. | kpss currently returns a plain tuple whose length and layout depends on the store argument (and which silently drops `lags` when store=True). In release 0.16 or after July 2027, whichever is later, the default behavior will switch to always returning a KPSSResult. Set result_object=True to switch now, or result_object=False to keep the current behavior and silence this warning."
Pré-pandemia (até jan/2020),Tipologia | Enxurradas,Tipologia,Enxurradas,Diferença do log,1,84,c; autolag AIC; máximo padrão Schwert,c; nlags auto,73,-6.016833918681128,1.5265802659578972e-07,10,0.10358596571875009,0.1,11,"p ≥ 0,10",Estacionária: convergente,"adfuller currently returns a plain tuple whose length depends on the store and autolag arguments. In release 0.16 or after July 2027, whichever is later, the default behavior will switch to always returning an ADFullerResult. Set result_object=True to switch now, or result_object=False to keep the current behavior and silence this warning. | The test statistic is outside of the range of p-values available in the look-up table. The actual p-value is greater than the p-value returned. | kpss currently returns a plain tuple whose length and layout depends on the store argument (and which silently drops `lags` when store=True). In release 0.16 or after July 2027, whichever is later, the default behavior will switch to always returning a KPSSResult. Set result_object=True to switch now, or result_object=False to keep the current behavior and silence this warning."
Pré-pandemia (até jan/2020),Tipologia | Enxurradas,Tipologia,Enxurradas,Diferença sazonal,12,73,c; autolag AIC; máximo padrão Schwert,c; nlags auto,71,-5.462840763733572,2.496298947124751e-06,1,0.06141634387018784,0.1,2,"p ≥ 0,10",Estacionária: convergente,"adfuller currently returns a plain tuple whose length depends on the store and autolag arguments. In release 0.16 or after July 2027, whichever is later, the default behavior will switch to always returning an ADFullerResult. Set result_object=True to switch now, or result_object=False to keep the current behavior and silence this warning. | The test statistic is outside of the range of p-values available in the look-up table. The actual p-value is greater than the p-value returned. | kpss currently returns a plain tuple whose length and layout depends on the store argument (and which silently drops `lags` when store=True). In release 0.16 or after July 2027, whichever is later, the default behavior will switch to always returning a KPSSResult. Set result_object=True to switch now, or result_object=False to keep the current behavior and silence this warning."
Pré-pandemia (até jan/2020),Tipologia | Enxurradas,Tipologia,Enxurradas,Diferença + sazonal,13,72,c; autolag AIC; máximo padrão Schwert,c; nlags auto,66,-6.305004828673436,3.340187577205872e-08,5,0.5000000000000004,0.04166666666666657,71,Interpolado,Conflitante: ambos rejeitam,"adfuller currently returns a plain tuple whose length depends on the store and autolag arguments. In release 0.16 or after July 2027, whichever is later, the default behavior will switch to always returning an ADFullerResult. Set result_object=True to switch now, or result_object=False to keep the current behavior and silence this warning. | kpss currently returns a plain tuple whose length and layout depends on the store argument (and which silently drops `lags` when store=True). In release 0.16 or after July 2027, whichever is later, the default behavior will switch to always returning a KPSSResult. Set result_object=True to switch now, or result_object=False to keep the current behavior and silence this warning."
Pré-pandemia (até jan/2020),Tipologia | Enxurradas,Tipologia,Enxurradas,Diferença do log + sazonal,13,72,c; autolag AIC; máximo padrão Schwert,c; nlags auto,59,-4.387936804037246,0.00031176905383035363,12,0.20647912424112444,0.1,22,"p ≥ 0,10",Estacionária: convergente,"adfuller currently returns a plain tuple whose length depends on the store and autolag arguments. In release 0.16 or after July 2027, whichever is later, the default behavior will switch to always returning an ADFullerResult. Set result_object=True to switch now, or result_object=False to keep the current behavior and silence this warning. | The test statistic is outside of the range of p-values available in the look-up table. The actual p-value is greater than the p-value returned. | kpss currently returns a plain tuple whose length and layout depends on the store argument (and which silently drops `lags` when store=True). In release 0.16 or after July 2027, whichever is later, the default behavior will switch to always returning a KPSSResult. Set result_object=True to switch now, or result_object=False to keep the current behavior and silence this warning."
Pré-pandemia (até jan/2020),Tipologia | Erosão,Tipologia,Erosão,Nível,0,85,c; autolag AIC; máximo padrão Schwert,c; nlags auto,74,-1.3192692164077013,0.6203111674299358,10,0.5301562362456349,0.03487472156629844,4,Interpolado,Não estacionária: convergente,"adfuller currently returns a plain tuple whose length depends on the store and autolag arguments. In release 0.16 or after July 2027, whichever is later, the default behavior will switch to always returning an ADFullerResult. Set result_object=True to switch now, or result_object=False to keep the current behavior and silence this warning. | kpss currently returns a plain tuple whose length and layout depends on the store argument (and which silently drops `lags` when store=True). In release 0.16 or after July 2027, whichever is later, the default behavior will switch to always returning a KPSSResult. Set result_object=True to switch now, or result_object=False to keep the current behavior and silence this warning."
Pré-pandemia (até jan/2020),Tipologia | Erosão,Tipologia,Erosão,Log,0,85,c; autolag AIC; máximo padrão Schwert,c; nlags auto,82,-2.8794272669653473,0.04779316241367107,2,0.6148222154858195,0.021288889501289134,3,Interpolado,Conflitante: ambos rejeitam,"adfuller currently returns a plain tuple whose length depends on the store and autolag arguments. In release 0.16 or after July 2027, whichever is later, the default behavior will switch to always returning an ADFullerResult. Set result_object=True to switch now, or result_object=False to keep the current behavior and silence this warning. | kpss currently returns a plain tuple whose length and layout depends on the store argument (and which silently drops `lags` when store=True). In release 0.16 or after July 2027, whichever is later, the default behavior will switch to always returning a KPSSResult. Set result_object=True to switch now, or result_object=False to keep the current behavior and silence this warning."
Pré-pandemia (até jan/2020),Tipologia | Erosão,Tipologia,Erosão,Primeira diferença,1,84,c; autolag AIC; máximo padrão Schwert,c; nlags auto,74,-4.631662854570389,0.00011288116973625037,9,0.19369054594143592,0.1,17,"p ≥ 0,10",Estacionária: convergente,"adfuller currently returns a plain tuple whose length depends on the store and autolag arguments. In release 0.16 or after July 2027, whichever is later, the default behavior will switch to always returning an ADFullerResult. Set result_object=True to switch now, or result_object=False to keep the current behavior and silence this warning. | The test statistic is outside of the range of p-values available in the look-up table. The actual p-value is greater than the p-value returned. | kpss currently returns a plain tuple whose length and layout depends on the store argument (and which silently drops `lags` when store=True). In release 0.16 or after July 2027, whichever is later, the default behavior will switch to always returning a KPSSResult. Set result_object=True to switch now, or result_object=False to keep the current behavior and silence this warning."
Pré-pandemia (até jan/2020),Tipologia | Erosão,Tipologia,Erosão,Diferença do log,1,84,c; autolag AIC; máximo padrão Schwert,c; nlags auto,81,-9.251209785738423,1.4905397937995698e-15,2,0.18823717550674213,0.1,17,"p ≥ 0,10",Estacionária: convergente,"adfuller currently returns a plain tuple whose length depends on the store and autolag arguments. In release 0.16 or after July 2027, whichever is later, the default behavior will switch to always returning an ADFullerResult. Set result_object=True to switch now, or result_object=False to keep the current behavior and silence this warning. | The test statistic is outside of the range of p-values available in the look-up table. The actual p-value is greater than the p-value returned. | kpss currently returns a plain tuple whose length and layout depends on the store argument (and which silently drops `lags` when store=True). In release 0.16 or after July 2027, whichever is later, the default behavior will switch to always returning a KPSSResult. Set result_object=True to switch now, or result_object=False to keep the current behavior and silence this warning."
Pré-pandemia (até jan/2020),Tipologia | Erosão,Tipologia,Erosão,Diferença sazonal,12,73,c; autolag AIC; máximo padrão Schwert,c; nlags auto,60,-1.5977578007124724,0.48471971377165846,12,0.31904822420650814,0.1,2,"p ≥ 0,10",Inconclusiva: nenhum rejeita,"adfuller currently returns a plain tuple whose length depends on the store and autolag arguments. In release 0.16 or after July 2027, whichever is later, the default behavior will switch to always returning an ADFullerResult. Set result_object=True to switch now, or result_object=False to keep the current behavior and silence this warning. | The test statistic is outside of the range of p-values available in the look-up table. The actual p-value is greater than the p-value returned. | kpss currently returns a plain tuple whose length and layout depends on the store argument (and which silently drops `lags` when store=True). In release 0.16 or after July 2027, whichever is later, the default behavior will switch to always returning a KPSSResult. Set result_object=True to switch now, or result_object=False to keep the current behavior and silence this warning."
Pré-pandemia (até jan/2020),Tipologia | Erosão,Tipologia,Erosão,Diferença + sazonal,13,72,c; autolag AIC; máximo padrão Schwert,c; nlags auto,60,-3.024175427527273,0.032697571367501295,11,0.25112314860164964,0.1,13,"p ≥ 0,10",Estacionária: convergente,"adfuller currently returns a plain tuple whose length depends on the store and autolag arguments. In release 0.16 or after July 2027, whichever is later, the default behavior will switch to always returning an ADFullerResult. Set result_object=True to switch now, or result_object=False to keep the current behavior and silence this warning. | The test statistic is outside of the range of p-values available in the look-up table. The actual p-value is greater than the p-value returned. | kpss currently returns a plain tuple whose length and layout depends on the store argument (and which silently drops `lags` when store=True). In release 0.16 or after July 2027, whichever is later, the default behavior will switch to always returning a KPSSResult. Set result_object=True to switch now, or result_object=False to keep the current behavior and silence this warning."
Pré-pandemia (até jan/2020),Tipologia | Erosão,Tipologia,Erosão,Diferença do log + sazonal,13,72,c; autolag AIC; máximo padrão Schwert,c; nlags auto,60,-2.2009030553156355,0.20591786314691252,11,0.20648993599456986,0.1,15,"p ≥ 0,10",Inconclusiva: nenhum rejeita,"adfuller currently returns a plain tuple whose length depends on the store and autolag arguments. In release 0.16 or after July 2027, whichever is later, the default behavior will switch to always returning an ADFullerResult. Set result_object=True to switch now, or result_object=False to keep the current behavior and silence this warning. | The test statistic is outside of the range of p-values available in the look-up table. The actual p-value is greater than the p-value returned. | kpss currently returns a plain tuple whose length and layout depends on the store argument (and which silently drops `lags` when store=True). In release 0.16 or after July 2027, whichever is later, the default behavior will switch to always returning a KPSSResult. Set result_object=True to switch now, or result_object=False to keep the current behavior and silence this warning."
Pré-pandemia (até jan/2020),Tipologia | Estiagem e Seca,Tipologia,Estiagem e Seca,Nível,0,85,c; autolag AIC; máximo padrão Schwert,c; nlags auto,73,-2.144501887402364,0.22700055598401836,11,0.19057826776908127,0.1,0,"p ≥ 0,10",Inconclusiva: nenhum rejeita,"adfuller currently returns a plain tuple whose length depends on the store and autolag arguments. In release 0.16 or after July 2027, whichever is later, the default behavior will switch to always returning an ADFullerResult. Set result_object=True to switch now, or result_object=False to keep the current behavior and silence this warning. | The test statistic is outside of the range of p-values available in the look-up table. The actual p-value is greater than the p-value returned. | kpss currently returns a plain tuple whose length and layout depends on the store argument (and which silently drops `lags` when store=True). In release 0.16 or after July 2027, whichever is later, the default behavior will switch to always returning a KPSSResult. Set result_object=True to switch now, or result_object=False to keep the current behavior and silence this warning."
Pré-pandemia (até jan/2020),Tipologia | Estiagem e Seca,Tipologia,Estiagem e Seca,Log,0,85,c; autolag AIC; máximo padrão Schwert,c; nlags auto,78,-3.910148066954412,0.00196141936426626,6,0.15156571221552634,0.1,1,"p ≥ 0,10",Estacionária: convergente,"adfuller currently returns a plain tuple whose length depends on the store and autolag arguments. In release 0.16 or after July 2027, whichever is later, the default behavior will switch to always returning an ADFullerResult. Set result_object=True to switch now, or result_object=False to keep the current behavior and silence this warning. | The test statistic is outside of the range of p-values available in the look-up table. The actual p-value is greater than the p-value returned. | kpss currently returns a plain tuple whose length and layout depends on the store argument (and which silently drops `lags` when store=True). In release 0.16 or after July 2027, whichever is later, the default behavior will switch to always returning a KPSSResult. Set result_object=True to switch now, or result_object=False to keep the current behavior and silence this warning."
Pré-pandemia (até jan/2020),Tipologia | Estiagem e Seca,Tipologia,Estiagem e Seca,Primeira diferença,1,84,c; autolag AIC; máximo padrão Schwert,c; nlags auto,73,-6.513519610220799,1.0855309677981856e-08,10,0.16626524404656978,0.1,26,"p ≥ 0,10",Estacionária: convergente,"adfuller currently returns a plain tuple whose length depends on the store and autolag arguments. In release 0.16 or after July 2027, whichever is later, the default behavior will switch to always returning an ADFullerResult. Set result_object=True to switch now, or result_object=False to keep the current behavior and silence this warning. | The test statistic is outside of the range of p-values available in the look-up table. The actual p-value is greater than the p-value returned. | kpss currently returns a plain tuple whose length and layout depends on the store argument (and which silently drops `lags` when store=True). In release 0.16 or after July 2027, whichever is later, the default behavior will switch to always returning a KPSSResult. Set result_object=True to switch now, or result_object=False to keep the current behavior and silence this warning."
Pré-pandemia (até jan/2020),Tipologia | Estiagem e Seca,Tipologia,Estiagem e Seca,Diferença do log,1,84,c; autolag AIC; máximo padrão Schwert,c; nlags auto,73,-5.563453819403267,1.52334489712835e-06,10,0.15128666751441758,0.1,21,"p ≥ 0,10",Estacionária: convergente,"adfuller currently returns a plain tuple whose length depends on the store and autolag arguments. In release 0.16 or after July 2027, whichever is later, the default behavior will switch to always returning an ADFullerResult. Set result_object=True to switch now, or result_object=False to keep the current behavior and silence this warning. | The test statistic is outside of the range of p-values available in the look-up table. The actual p-value is greater than the p-value returned. | kpss currently returns a plain tuple whose length and layout depends on the store argument (and which silently drops `lags` when store=True). In release 0.16 or after July 2027, whichever is later, the default behavior will switch to always returning a KPSSResult. Set result_object=True to switch now, or result_object=False to keep the current behavior and silence this warning."
Pré-pandemia (até jan/2020),Tipologia | Estiagem e Seca,Tipologia,Estiagem e Seca,Diferença sazonal,12,73,c; autolag AIC; máximo padrão Schwert,c; nlags auto,64,-3.408807869462546,0.010662251599076213,8,0.09097626306187433,0.1,1,"p ≥ 0,10",Estacionária: convergente,"adfuller currently returns a plain tuple whose length depends on the store and autolag arguments. In release 0.16 or after July 2027, whichever is later, the default behavior will switch to always returning an ADFullerResult. Set result_object=True to switch now, or result_object=False to keep the current behavior and silence this warning. | The test statistic is outside of the range of p-values available in the look-up table. The actual p-value is greater than the p-value returned. | kpss currently returns a plain tuple whose length and layout depends on the store argument (and which silently drops `lags` when store=True). In release 0.16 or after July 2027, whichever is later, the default behavior will switch to always returning a KPSSResult. Set result_object=True to switch now, or result_object=False to keep the current behavior and silence this warning."
Pré-pandemia (até jan/2020),Tipologia | Estiagem e Seca,Tipologia,Estiagem e Seca,Diferença + sazonal,13,72,c; autolag AIC; máximo padrão Schwert,c; nlags auto,70,-14.622350492854872,3.8668844476769104e-27,1,0.10557650740564661,0.1,13,"p ≥ 0,10",Estacionária: convergente,"adfuller currently returns a plain tuple whose length depends on the store and autolag arguments. In release 0.16 or after July 2027, whichever is later, the default behavior will switch to always returning an ADFullerResult. Set result_object=True to switch now, or result_object=False to keep the current behavior and silence this warning. | The test statistic is outside of the range of p-values available in the look-up table. The actual p-value is greater than the p-value returned. | kpss currently returns a plain tuple whose length and layout depends on the store argument (and which silently drops `lags` when store=True). In release 0.16 or after July 2027, whichever is later, the default behavior will switch to always returning a KPSSResult. Set result_object=True to switch now, or result_object=False to keep the current behavior and silence this warning."
Pré-pandemia (até jan/2020),Tipologia | Estiagem e Seca,Tipologia,Estiagem e Seca,Diferença do log + sazonal,13,72,c; autolag AIC; máximo padrão Schwert,c; nlags auto,59,-4.1825933763273335,0.0007050580823243995,12,0.1801527003489448,0.1,22,"p ≥ 0,10",Estacionária: convergente,"adfuller currently returns a plain tuple whose length depends on the store and autolag arguments. In release 0.16 or after July 2027, whichever is later, the default behavior will switch to always returning an ADFullerResult. Set result_object=True to switch now, or result_object=False to keep the current behavior and silence this warning. | The test statistic is outside of the range of p-values available in the look-up table. The actual p-value is greater than the p-value returned. | kpss currently returns a plain tuple whose length and layout depends on the store argument (and which silently drops `lags` when store=True). In release 0.16 or after July 2027, whichever is later, the default behavior will switch to always returning a KPSSResult. Set result_object=True to switch now, or result_object=False to keep the current behavior and silence this warning."
Pré-pandemia (até jan/2020),Tipologia | Granizo,Tipologia,Granizo,Nível,0,85,c; autolag AIC; máximo padrão Schwert,c; nlags auto,73,-1.8858100852164512,0.3387656554076858,11,0.055263710795273785,0.1,2,"p ≥ 0,10",Inconclusiva: nenhum rejeita,"adfuller currently returns a plain tuple whose length depends on the store and autolag arguments. In release 0.16 or after July 2027, whichever is later, the default behavior will switch to always returning an ADFullerResult. Set result_object=True to switch now, or result_object=False to keep the current behavior and silence this warning. | The test statistic is outside of the range of p-values available in the look-up table. The actual p-value is greater than the p-value returned. | kpss currently returns a plain tuple whose length and layout depends on the store argument (and which silently drops `lags` when store=True). In release 0.16 or after July 2027, whichever is later, the default behavior will switch to always returning a KPSSResult. Set result_object=True to switch now, or result_object=False to keep the current behavior and silence this warning."
Pré-pandemia (até jan/2020),Tipologia | Granizo,Tipologia,Granizo,Log,0,85,c; autolag AIC; máximo padrão Schwert,c; nlags auto,73,-2.280124674349428,0.1784583012578203,11,0.0319715096993838,0.1,3,"p ≥ 0,10",Inconclusiva: nenhum rejeita,"adfuller currently returns a plain tuple whose length depends on the store and autolag arguments. In release 0.16 or after July 2027, whichever is later, the default behavior will switch to always returning an ADFullerResult. Set result_object=True to switch now, or result_object=False to keep the current behavior and silence this warning. | The test statistic is outside of the range of p-values available in the look-up table. The actual p-value is greater than the p-value returned. | kpss currently returns a plain tuple whose length and layout depends on the store argument (and which silently drops `lags` when store=True). In release 0.16 or after July 2027, whichever is later, the default behavior will switch to always returning a KPSSResult. Set result_object=True to switch now, or result_object=False to keep the current behavior and silence this warning."
Pré-pandemia (até jan/2020),Tipologia | Granizo,Tipologia,Granizo,Primeira diferença,1,84,c; autolag AIC; máximo padrão Schwert,c; nlags auto,73,-7.652222051553435,1.776854323230925e-11,10,0.5000000000000023,0.041666666666666144,83,Interpolado,Conflitante: ambos rejeitam,"adfuller currently returns a plain tuple whose length depends on the store and autolag arguments. In release 0.16 or after July 2027, whichever is later, the default behavior will switch to always returning an ADFullerResult. Set result_object=True to switch now, or result_object=False to keep the current behavior and silence this warning. | kpss currently returns a plain tuple whose length and layout depends on the store argument (and which silently drops `lags` when store=True). In release 0.16 or after July 2027, whichever is later, the default behavior will switch to always returning a KPSSResult. Set result_object=True to switch now, or result_object=False to keep the current behavior and silence this warning."
Pré-pandemia (até jan/2020),Tipologia | Granizo,Tipologia,Granizo,Diferença do log,1,84,c; autolag AIC; máximo padrão Schwert,c; nlags auto,73,-7.949263074687038,3.158084790416832e-12,10,0.1272806978170325,0.1,16,"p ≥ 0,10",Estacionária: convergente,"adfuller currently returns a plain tuple whose length depends on the store and autolag arguments. In release 0.16 or after July 2027, whichever is later, the default behavior will switch to always returning an ADFullerResult. Set result_object=True to switch now, or result_object=False to keep the current behavior and silence this warning. | The test statistic is outside of the range of p-values available in the look-up table. The actual p-value is greater than the p-value returned. | kpss currently returns a plain tuple whose length and layout depends on the store argument (and which silently drops `lags` when store=True). In release 0.16 or after July 2027, whichever is later, the default behavior will switch to always returning a KPSSResult. Set result_object=True to switch now, or result_object=False to keep the current behavior and silence this warning."
Pré-pandemia (até jan/2020),Tipologia | Granizo,Tipologia,Granizo,Diferença sazonal,12,73,c; autolag AIC; máximo padrão Schwert,c; nlags auto,72,-6.623111628972707,5.9680791959809805e-09,0,0.05859109974257524,0.1,2,"p ≥ 0,10",Estacionária: convergente,"adfuller currently returns a plain tuple whose length depends on the store and autolag arguments. In release 0.16 or after July 2027, whichever is later, the default behavior will switch to always returning an ADFullerResult. Set result_object=True to switch now, or result_object=False to keep the current behavior and silence this warning. | The test statistic is outside of the range of p-values available in the look-up table. The actual p-value is greater than the p-value returned. | kpss currently returns a plain tuple whose length and layout depends on the store argument (and which silently drops `lags` when store=True). In release 0.16 or after July 2027, whichever is later, the default behavior will switch to always returning a KPSSResult. Set result_object=True to switch now, or result_object=False to keep the current behavior and silence this warning."
Pré-pandemia (até jan/2020),Tipologia | Granizo,Tipologia,Granizo,Diferença + sazonal,13,72,c; autolag AIC; máximo padrão Schwert,c; nlags auto,70,-10.338917361096815,2.717462400981544e-18,1,0.18404414033869587,0.1,22,"p ≥ 0,10",Estacionária: convergente,"adfuller currently returns a plain tuple whose length depends on the store and autolag arguments. In release 0.16 or after July 2027, whichever is later, the default behavior will switch to always returning an ADFullerResult. Set result_object=True to switch now, or result_object=False to keep the current behavior and silence this warning. | The test statistic is outside of the range of p-values available in the look-up table. The actual p-value is greater than the p-value returned. | kpss currently returns a plain tuple whose length and layout depends on the store argument (and which silently drops `lags` when store=True). In release 0.16 or after July 2027, whichever is later, the default behavior will switch to always returning a KPSSResult. Set result_object=True to switch now, or result_object=False to keep the current behavior and silence this warning."
Pré-pandemia (até jan/2020),Tipologia | Granizo,Tipologia,Granizo,Diferença do log + sazonal,13,72,c; autolag AIC; máximo padrão Schwert,c; nlags auto,62,-2.9225175747535,0.04279147153001358,9,0.19242072656096806,0.1,23,"p ≥ 0,10",Estacionária: convergente,"adfuller currently returns a plain tuple whose length depends on the store and autolag arguments. In release 0.16 or after July 2027, whichever is later, the default behavior will switch to always returning an ADFullerResult. Set result_object=True to switch now, or result_object=False to keep the current behavior and silence this warning. | The test statistic is outside of the range of p-values available in the look-up table. The actual p-value is greater than the p-value returned. | kpss currently returns a plain tuple whose length and layout depends on the store argument (and which silently drops `lags` when store=True). In release 0.16 or after July 2027, whichever is later, the default behavior will switch to always returning a KPSSResult. Set result_object=True to switch now, or result_object=False to keep the current behavior and silence this warning."
Pré-pandemia (até jan/2020),Tipologia | Incêndio Florestal,Tipologia,Incêndio Florestal,Nível,0,85,c; autolag AIC; máximo padrão Schwert,c; nlags auto,84,-5.0875692852289855,1.4848694711048253e-05,0,0.5289819120271433,0.035139209002895654,4,Interpolado,Conflitante: ambos rejeitam,"adfuller currently returns a plain tuple whose length depends on the store and autolag arguments. In release 0.16 or after July 2027, whichever is later, the default behavior will switch to always returning an ADFullerResult. Set result_object=True to switch now, or result_object=False to keep the current behavior and silence this warning. | kpss currently returns a plain tuple whose length and layout depends on the store argument (and which silently drops `lags` when store=True). In release 0.16 or after July 2027, whichever is later, the default behavior will switch to always returning a KPSSResult. Set result_object=True to switch now, or result_object=False to keep the current behavior and silence this warning."
Pré-pandemia (até jan/2020),Tipologia | Incêndio Florestal,Tipologia,Incêndio Florestal,Log,0,85,c; autolag AIC; máximo padrão Schwert,c; nlags auto,84,-4.338375531292395,0.0003809373283445537,0,0.8673745004573776,0.01,4,"p ≤ 0,01",Conflitante: ambos rejeitam,"adfuller currently returns a plain tuple whose length depends on the store and autolag arguments. In release 0.16 or after July 2027, whichever is later, the default behavior will switch to always returning an ADFullerResult. Set result_object=True to switch now, or result_object=False to keep the current behavior and silence this warning. | The test statistic is outside of the range of p-values available in the look-up table. The actual p-value is smaller than the p-value returned. | kpss currently returns a plain tuple whose length and layout depends on the store argument (and which silently drops `lags` when store=True). In release 0.16 or after July 2027, whichever is later, the default behavior will switch to always returning a KPSSResult. Set result_object=True to switch now, or result_object=False to keep the current behavior and silence this warning."
Pré-pandemia (até jan/2020),Tipologia | Incêndio Florestal,Tipologia,Incêndio Florestal,Primeira diferença,1,84,c; autolag AIC; máximo padrão Schwert,c; nlags auto,80,-6.355929406164293,2.542954236835822e-08,3,0.0899797815197055,0.1,12,"p ≥ 0,10",Estacionária: convergente,"adfuller currently returns a plain tuple whose length depends on the store and autolag arguments. In release 0.16 or after July 2027, whichever is later, the default behavior will switch to always returning an ADFullerResult. Set result_object=True to switch now, or result_object=False to keep the current behavior and silence this warning. | The test statistic is outside of the range of p-values available in the look-up table. The actual p-value is greater than the p-value returned. | kpss currently returns a plain tuple whose length and layout depends on the store argument (and which silently drops `lags` when store=True). In release 0.16 or after July 2027, whichever is later, the default behavior will switch to always returning a KPSSResult. Set result_object=True to switch now, or result_object=False to keep the current behavior and silence this warning."
Pré-pandemia (até jan/2020),Tipologia | Incêndio Florestal,Tipologia,Incêndio Florestal,Diferença do log,1,84,c; autolag AIC; máximo padrão Schwert,c; nlags auto,74,-5.2191136313920605,8.035537995400364e-06,9,0.15381288681119193,0.1,15,"p ≥ 0,10",Estacionária: convergente,"adfuller currently returns a plain tuple whose length depends on the store and autolag arguments. In release 0.16 or after July 2027, whichever is later, the default behavior will switch to always returning an ADFullerResult. Set result_object=True to switch now, or result_object=False to keep the current behavior and silence this warning. | The test statistic is outside of the range of p-values available in the look-up table. The actual p-value is greater than the p-value returned. | kpss currently returns a plain tuple whose length and layout depends on the store argument (and which silently drops `lags` when store=True). In release 0.16 or after July 2027, whichever is later, the default behavior will switch to always returning a KPSSResult. Set result_object=True to switch now, or result_object=False to keep the current behavior and silence this warning."
Pré-pandemia (até jan/2020),Tipologia | Incêndio Florestal,Tipologia,Incêndio Florestal,Diferença sazonal,12,73,c; autolag AIC; máximo padrão Schwert,c; nlags auto,61,-5.313977653534701,5.1221685273300935e-06,11,0.16421219104123053,0.1,3,"p ≥ 0,10",Estacionária: convergente,"adfuller currently returns a plain tuple whose length depends on the store and autolag arguments. In release 0.16 or after July 2027, whichever is later, the default behavior will switch to always returning an ADFullerResult. Set result_object=True to switch now, or result_object=False to keep the current behavior and silence this warning. | The test statistic is outside of the range of p-values available in the look-up table. The actual p-value is greater than the p-value returned. | kpss currently returns a plain tuple whose length and layout depends on the store argument (and which silently drops `lags` when store=True). In release 0.16 or after July 2027, whichever is later, the default behavior will switch to always returning a KPSSResult. Set result_object=True to switch now, or result_object=False to keep the current behavior and silence this warning."
Pré-pandemia (até jan/2020),Tipologia | Incêndio Florestal,Tipologia,Incêndio Florestal,Diferença + sazonal,13,72,c; autolag AIC; máximo padrão Schwert,c; nlags auto,59,-3.229707109670912,0.0183282380339132,12,0.2102985955486188,0.1,32,"p ≥ 0,10",Estacionária: convergente,"adfuller currently returns a plain tuple whose length depends on the store and autolag arguments. In release 0.16 or after July 2027, whichever is later, the default behavior will switch to always returning an ADFullerResult. Set result_object=True to switch now, or result_object=False to keep the current behavior and silence this warning. | The test statistic is outside of the range of p-values available in the look-up table. The actual p-value is greater than the p-value returned. | kpss currently returns a plain tuple whose length and layout depends on the store argument (and which silently drops `lags` when store=True). In release 0.16 or after July 2027, whichever is later, the default behavior will switch to always returning a KPSSResult. Set result_object=True to switch now, or result_object=False to keep the current behavior and silence this warning."
Pré-pandemia (até jan/2020),Tipologia | Incêndio Florestal,Tipologia,Incêndio Florestal,Diferença do log + sazonal,13,72,c; autolag AIC; máximo padrão Schwert,c; nlags auto,59,-3.7022077915188842,0.004082206530725043,12,0.2495146515453511,0.1,34,"p ≥ 0,10",Estacionária: convergente,"adfuller currently returns a plain tuple whose length depends on the store and autolag arguments. In release 0.16 or after July 2027, whichever is later, the default behavior will switch to always returning an ADFullerResult. Set result_object=True to switch now, or result_object=False to keep the current behavior and silence this warning. | The test statistic is outside of the range of p-values available in the look-up table. The actual p-value is greater than the p-value returned. | kpss currently returns a plain tuple whose length and layout depends on the store argument (and which silently drops `lags` when store=True). In release 0.16 or after July 2027, whichever is later, the default behavior will switch to always returning a KPSSResult. Set result_object=True to switch now, or result_object=False to keep the current behavior and silence this warning."
Pré-pandemia (até jan/2020),Tipologia | Inundações,Tipologia,Inundações,Nível,0,85,c; autolag AIC; máximo padrão Schwert,c; nlags auto,81,-4.91660760822581,3.236936309200626e-05,3,0.34972750004753267,0.09882435342778764,3,Interpolado,Estacionária: convergente,"adfuller currently returns a plain tuple whose length depends on the store and autolag arguments. In release 0.16 or after July 2027, whichever is later, the default behavior will switch to always returning an ADFullerResult. Set result_object=True to switch now, or result_object=False to keep the current behavior and silence this warning. | kpss currently returns a plain tuple whose length and layout depends on the store argument (and which silently drops `lags` when store=True). In release 0.16 or after July 2027, whichever is later, the default behavior will switch to always returning a KPSSResult. Set result_object=True to switch now, or result_object=False to keep the current behavior and silence this warning."
Pré-pandemia (até jan/2020),Tipologia | Inundações,Tipologia,Inundações,Log,0,85,c; autolag AIC; máximo padrão Schwert,c; nlags auto,81,-5.33969917726019,4.528685921760892e-06,3,0.3654826116440475,0.09203335704997953,4,Interpolado,Estacionária: convergente,"adfuller currently returns a plain tuple whose length depends on the store and autolag arguments. In release 0.16 or after July 2027, whichever is later, the default behavior will switch to always returning an ADFullerResult. Set result_object=True to switch now, or result_object=False to keep the current behavior and silence this warning. | kpss currently returns a plain tuple whose length and layout depends on the store argument (and which silently drops `lags` when store=True). In release 0.16 or after July 2027, whichever is later, the default behavior will switch to always returning a KPSSResult. Set result_object=True to switch now, or result_object=False to keep the current behavior and silence this warning."
Pré-pandemia (até jan/2020),Tipologia | Inundações,Tipologia,Inundações,Primeira diferença,1,84,c; autolag AIC; máximo padrão Schwert,c; nlags auto,75,-5.479914955067686,2.296636238209408e-06,8,0.3359593612989273,0.1,42,"p ≥ 0,10",Estacionária: convergente,"adfuller currently returns a plain tuple whose length depends on the store and autolag arguments. In release 0.16 or after July 2027, whichever is later, the default behavior will switch to always returning an ADFullerResult. Set result_object=True to switch now, or result_object=False to keep the current behavior and silence this warning. | The test statistic is outside of the range of p-values available in the look-up table. The actual p-value is greater than the p-value returned. | kpss currently returns a plain tuple whose length and layout depends on the store argument (and which silently drops `lags` when store=True). In release 0.16 or after July 2027, whichever is later, the default behavior will switch to always returning a KPSSResult. Set result_object=True to switch now, or result_object=False to keep the current behavior and silence this warning."
Pré-pandemia (até jan/2020),Tipologia | Inundações,Tipologia,Inundações,Diferença do log,1,84,c; autolag AIC; máximo padrão Schwert,c; nlags auto,73,-5.111025884664614,1.3320704265609832e-05,10,0.05377632411877627,0.1,5,"p ≥ 0,10",Estacionária: convergente,"adfuller currently returns a plain tuple whose length depends on the store and autolag arguments. In release 0.16 or after July 2027, whichever is later, the default behavior will switch to always returning an ADFullerResult. Set result_object=True to switch now, or result_object=False to keep the current behavior and silence this warning. | The test statistic is outside of the range of p-values available in the look-up table. The actual p-value is greater than the p-value returned. | kpss currently returns a plain tuple whose length and layout depends on the store argument (and which silently drops `lags` when store=True). In release 0.16 or after July 2027, whichever is later, the default behavior will switch to always returning a KPSSResult. Set result_object=True to switch now, or result_object=False to keep the current behavior and silence this warning."
Pré-pandemia (até jan/2020),Tipologia | Inundações,Tipologia,Inundações,Diferença sazonal,12,73,c; autolag AIC; máximo padrão Schwert,c; nlags auto,61,-4.955140322549651,2.720670583709539e-05,11,0.1427598640859629,0.1,2,"p ≥ 0,10",Estacionária: convergente,"adfuller currently returns a plain tuple whose length depends on the store and autolag arguments. In release 0.16 or after July 2027, whichever is later, the default behavior will switch to always returning an ADFullerResult. Set result_object=True to switch now, or result_object=False to keep the current behavior and silence this warning. | The test statistic is outside of the range of p-values available in the look-up table. The actual p-value is greater than the p-value returned. | kpss currently returns a plain tuple whose length and layout depends on the store argument (and which silently drops `lags` when store=True). In release 0.16 or after July 2027, whichever is later, the default behavior will switch to always returning a KPSSResult. Set result_object=True to switch now, or result_object=False to keep the current behavior and silence this warning."
Pré-pandemia (até jan/2020),Tipologia | Inundações,Tipologia,Inundações,Diferença + sazonal,13,72,c; autolag AIC; máximo padrão Schwert,c; nlags auto,59,-3.5449406205847986,0.006905208872158637,12,0.2394569281142391,0.1,32,"p ≥ 0,10",Estacionária: convergente,"adfuller currently returns a plain tuple whose length depends on the store and autolag arguments. In release 0.16 or after July 2027, whichever is later, the default behavior will switch to always returning an ADFullerResult. Set result_object=True to switch now, or result_object=False to keep the current behavior and silence this warning. | The test statistic is outside of the range of p-values available in the look-up table. The actual p-value is greater than the p-value returned. | kpss currently returns a plain tuple whose length and layout depends on the store argument (and which silently drops `lags` when store=True). In release 0.16 or after July 2027, whichever is later, the default behavior will switch to always returning a KPSSResult. Set result_object=True to switch now, or result_object=False to keep the current behavior and silence this warning."
Pré-pandemia (até jan/2020),Tipologia | Inundações,Tipologia,Inundações,Diferença do log + sazonal,13,72,c; autolag AIC; máximo padrão Schwert,c; nlags auto,59,-3.992638981946377,0.0014495499841264568,12,0.08099107181306539,0.1,7,"p ≥ 0,10",Estacionária: convergente,"adfuller currently returns a plain tuple whose length depends on the store and autolag arguments. In release 0.16 or after July 2027, whichever is later, the default behavior will switch to always returning an ADFullerResult. Set result_object=True to switch now, or result_object=False to keep the current behavior and silence this warning. | The test statistic is outside of the range of p-values available in the look-up table. The actual p-value is greater than the p-value returned. | kpss currently returns a plain tuple whose length and layout depends on the store argument (and which silently drops `lags` when store=True). In release 0.16 or after July 2027, whichever is later, the default behavior will switch to always returning a KPSSResult. Set result_object=True to switch now, or result_object=False to keep the current behavior and silence this warning."
Pré-pandemia (até jan/2020),Tipologia | Movimento de Massa,Tipologia,Movimento de Massa,Nível,0,85,c; autolag AIC; máximo padrão Schwert,c; nlags auto,81,-4.0856807024226836,0.001022676032300965,3,0.3062772797830076,0.1,4,"p ≥ 0,10",Estacionária: convergente,"adfuller currently returns a plain tuple whose length depends on the store and autolag arguments. In release 0.16 or after July 2027, whichever is later, the default behavior will switch to always returning an ADFullerResult. Set result_object=True to switch now, or result_object=False to keep the current behavior and silence this warning. | The test statistic is outside of the range of p-values available in the look-up table. The actual p-value is greater than the p-value returned. | kpss currently returns a plain tuple whose length and layout depends on the store argument (and which silently drops `lags` when store=True). In release 0.16 or after July 2027, whichever is later, the default behavior will switch to always returning a KPSSResult. Set result_object=True to switch now, or result_object=False to keep the current behavior and silence this warning."
Pré-pandemia (até jan/2020),Tipologia | Movimento de Massa,Tipologia,Movimento de Massa,Log,0,85,c; autolag AIC; máximo padrão Schwert,c; nlags auto,81,-3.445625922692555,0.009498404650522253,3,0.44992221499053275,0.055636976297184164,4,Interpolado,Estacionária: convergente,"adfuller currently returns a plain tuple whose length depends on the store and autolag arguments. In release 0.16 or after July 2027, whichever is later, the default behavior will switch to always returning an ADFullerResult. Set result_object=True to switch now, or result_object=False to keep the current behavior and silence this warning. | kpss currently returns a plain tuple whose length and layout depends on the store argument (and which silently drops `lags` when store=True). In release 0.16 or after July 2027, whichever is later, the default behavior will switch to always returning a KPSSResult. Set result_object=True to switch now, or result_object=False to keep the current behavior and silence this warning."
Pré-pandemia (até jan/2020),Tipologia | Movimento de Massa,Tipologia,Movimento de Massa,Primeira diferença,1,84,c; autolag AIC; máximo padrão Schwert,c; nlags auto,77,-6.474991817748449,1.3380143914292573e-08,6,0.17674297612582893,0.1,11,"p ≥ 0,10",Estacionária: convergente,"adfuller currently returns a plain tuple whose length depends on the store and autolag arguments. In release 0.16 or after July 2027, whichever is later, the default behavior will switch to always returning an ADFullerResult. Set result_object=True to switch now, or result_object=False to keep the current behavior and silence this warning. | The test statistic is outside of the range of p-values available in the look-up table. The actual p-value is greater than the p-value returned. | kpss currently returns a plain tuple whose length and layout depends on the store argument (and which silently drops `lags` when store=True). In release 0.16 or after July 2027, whichever is later, the default behavior will switch to always returning a KPSSResult. Set result_object=True to switch now, or result_object=False to keep the current behavior and silence this warning."
Pré-pandemia (até jan/2020),Tipologia | Movimento de Massa,Tipologia,Movimento de Massa,Diferença do log,1,84,c; autolag AIC; máximo padrão Schwert,c; nlags auto,76,-5.924955013197814,2.4561316078932863e-07,7,0.18605808654291597,0.1,26,"p ≥ 0,10",Estacionária: convergente,"adfuller currently returns a plain tuple whose length depends on the store and autolag arguments. In release 0.16 or after July 2027, whichever is later, the default behavior will switch to always returning an ADFullerResult. Set result_object=True to switch now, or result_object=False to keep the current behavior and silence this warning. | The test statistic is outside of the range of p-values available in the look-up table. The actual p-value is greater than the p-value returned. | kpss currently returns a plain tuple whose length and layout depends on the store argument (and which silently drops `lags` when store=True). In release 0.16 or after July 2027, whichever is later, the default behavior will switch to always returning a KPSSResult. Set result_object=True to switch now, or result_object=False to keep the current behavior and silence this warning."
Pré-pandemia (até jan/2020),Tipologia | Movimento de Massa,Tipologia,Movimento de Massa,Diferença sazonal,12,73,c; autolag AIC; máximo padrão Schwert,c; nlags auto,65,-1.5506640929434712,0.5083164561716035,7,0.29476961259860485,0.1,3,"p ≥ 0,10",Inconclusiva: nenhum rejeita,"adfuller currently returns a plain tuple whose length depends on the store and autolag arguments. In release 0.16 or after July 2027, whichever is later, the default behavior will switch to always returning an ADFullerResult. Set result_object=True to switch now, or result_object=False to keep the current behavior and silence this warning. | The test statistic is outside of the range of p-values available in the look-up table. The actual p-value is greater than the p-value returned. | kpss currently returns a plain tuple whose length and layout depends on the store argument (and which silently drops `lags` when store=True). In release 0.16 or after July 2027, whichever is later, the default behavior will switch to always returning a KPSSResult. Set result_object=True to switch now, or result_object=False to keep the current behavior and silence this warning."
Pré-pandemia (até jan/2020),Tipologia | Movimento de Massa,Tipologia,Movimento de Massa,Diferença + sazonal,13,72,c; autolag AIC; máximo padrão Schwert,c; nlags auto,65,-7.006377249205524,7.104599738197447e-10,6,0.430615629721959,0.06395878029225907,18,Interpolado,Estacionária: convergente,"adfuller currently returns a plain tuple whose length depends on the store and autolag arguments. In release 0.16 or after July 2027, whichever is later, the default behavior will switch to always returning an ADFullerResult. Set result_object=True to switch now, or result_object=False to keep the current behavior and silence this warning. | kpss currently returns a plain tuple whose length and layout depends on the store argument (and which silently drops `lags` when store=True). In release 0.16 or after July 2027, whichever is later, the default behavior will switch to always returning a KPSSResult. Set result_object=True to switch now, or result_object=False to keep the current behavior and silence this warning."
Pré-pandemia (até jan/2020),Tipologia | Movimento de Massa,Tipologia,Movimento de Massa,Diferença do log + sazonal,13,72,c; autolag AIC; máximo padrão Schwert,c; nlags auto,70,-11.59179028075622,2.7805579776520118e-21,1,0.3637526765939404,0.09277901870950844,23,Interpolado,Estacionária: convergente,"adfuller currently returns a plain tuple whose length depends on the store and autolag arguments. In release 0.16 or after July 2027, whichever is later, the default behavior will switch to always returning an ADFullerResult. Set result_object=True to switch now, or result_object=False to keep the current behavior and silence this warning. | kpss currently returns a plain tuple whose length and layout depends on the store argument (and which silently drops `lags` when store=True). In release 0.16 or after July 2027, whichever is later, the default behavior will switch to always returning a KPSSResult. Set result_object=True to switch now, or result_object=False to keep the current behavior and silence this warning."
Pré-pandemia (até jan/2020),Tipologia | Onda de Calor e Baixa Umidade,Tipologia,Onda de Calor e Baixa Umidade,Nível,0,85,c; autolag AIC; máximo padrão Schwert,c; nlags auto,84,-6.116951828267365,9.0463983333056e-08,0,0.37321062371830144,0.0887023173628011,3,Interpolado,Estacionária: convergente,"adfuller currently returns a plain tuple whose length depends on the store and autolag arguments. In release 0.16 or after July 2027, whichever is later, the default behavior will switch to always returning an ADFullerResult. Set result_object=True to switch now, or result_object=False to keep the current behavior and silence this warning. | kpss currently returns a plain tuple whose length and layout depends on the store argument (and which silently drops `lags` when store=True). In release 0.16 or after July 2027, whichever is later, the default behavior will switch to always returning a KPSSResult. Set result_object=True to switch now, or result_object=False to keep the current behavior and silence this warning."
Pré-pandemia (até jan/2020),Tipologia | Onda de Calor e Baixa Umidade,Tipologia,Onda de Calor e Baixa Umidade,Log,0,85,c; autolag AIC; máximo padrão Schwert,c; nlags auto,84,-5.156251016534505,1.0792363884487586e-05,0,0.456574320476773,0.052769689449666826,4,Interpolado,Estacionária: convergente,"adfuller currently returns a plain tuple whose length depends on the store and autolag arguments. In release 0.16 or after July 2027, whichever is later, the default behavior will switch to always returning an ADFullerResult. Set result_object=True to switch now, or result_object=False to keep the current behavior and silence this warning. | kpss currently returns a plain tuple whose length and layout depends on the store argument (and which silently drops `lags` when store=True). In release 0.16 or after July 2027, whichever is later, the default behavior will switch to always returning a KPSSResult. Set result_object=True to switch now, or result_object=False to keep the current behavior and silence this warning."
Pré-pandemia (até jan/2020),Tipologia | Onda de Calor e Baixa Umidade,Tipologia,Onda de Calor e Baixa Umidade,Primeira diferença,1,84,c; autolag AIC; máximo padrão Schwert,c; nlags auto,79,-6.137449595927111,8.122255550226375e-08,4,0.06595881595881598,0.1,9,"p ≥ 0,10",Estacionária: convergente,"adfuller currently returns a plain tuple whose length depends on the store and autolag arguments. In release 0.16 or after July 2027, whichever is later, the default behavior will switch to always returning an ADFullerResult. Set result_object=True to switch now, or result_object=False to keep the current behavior and silence this warning. | The test statistic is outside of the range of p-values available in the look-up table. The actual p-value is greater than the p-value returned. | kpss currently returns a plain tuple whose length and layout depends on the store argument (and which silently drops `lags` when store=True). In release 0.16 or after July 2027, whichever is later, the default behavior will switch to always returning a KPSSResult. Set result_object=True to switch now, or result_object=False to keep the current behavior and silence this warning."
Pré-pandemia (até jan/2020),Tipologia | Onda de Calor e Baixa Umidade,Tipologia,Onda de Calor e Baixa Umidade,Diferença do log,1,84,c; autolag AIC; máximo padrão Schwert,c; nlags auto,77,-5.668060767217923,9.055080429908316e-07,6,0.046008270157858286,0.1,6,"p ≥ 0,10",Estacionária: convergente,"adfuller currently returns a plain tuple whose length depends on the store and autolag arguments. In release 0.16 or after July 2027, whichever is later, the default behavior will switch to always returning an ADFullerResult. Set result_object=True to switch now, or result_object=False to keep the current behavior and silence this warning. | The test statistic is outside of the range of p-values available in the look-up table. The actual p-value is greater than the p-value returned. | kpss currently returns a plain tuple whose length and layout depends on the store argument (and which silently drops `lags` when store=True). In release 0.16 or after July 2027, whichever is later, the default behavior will switch to always returning a KPSSResult. Set result_object=True to switch now, or result_object=False to keep the current behavior and silence this warning."
Pré-pandemia (até jan/2020),Tipologia | Onda de Calor e Baixa Umidade,Tipologia,Onda de Calor e Baixa Umidade,Diferença sazonal,12,73,c; autolag AIC; máximo padrão Schwert,c; nlags auto,61,-4.625906373159935,0.00011568865582013256,11,0.05519315811858508,0.1,3,"p ≥ 0,10",Estacionária: convergente,"adfuller currently returns a plain tuple whose length depends on the store and autolag arguments. In release 0.16 or after July 2027, whichever is later, the default behavior will switch to always returning an ADFullerResult. Set result_object=True to switch now, or result_object=False to keep the current behavior and silence this warning. | The test statistic is outside of the range of p-values available in the look-up table. The actual p-value is greater than the p-value returned. | kpss currently returns a plain tuple whose length and layout depends on the store argument (and which silently drops `lags` when store=True). In release 0.16 or after July 2027, whichever is later, the default behavior will switch to always returning a KPSSResult. Set result_object=True to switch now, or result_object=False to keep the current behavior and silence this warning."
Pré-pandemia (até jan/2020),Tipologia | Onda de Calor e Baixa Umidade,Tipologia,Onda de Calor e Baixa Umidade,Diferença + sazonal,13,72,c; autolag AIC; máximo padrão Schwert,c; nlags auto,59,-3.16689342796559,0.02198279012413937,12,0.06486204613272753,0.1,6,"p ≥ 0,10",Estacionária: convergente,"adfuller currently returns a plain tuple whose length depends on the store and autolag arguments. In release 0.16 or after July 2027, whichever is later, the default behavior will switch to always returning an ADFullerResult. Set result_object=True to switch now, or result_object=False to keep the current behavior and silence this warning. | The test statistic is outside of the range of p-values available in the look-up table. The actual p-value is greater than the p-value returned. | kpss currently returns a plain tuple whose length and layout depends on the store argument (and which silently drops `lags` when store=True). In release 0.16 or after July 2027, whichever is later, the default behavior will switch to always returning a KPSSResult. Set result_object=True to switch now, or result_object=False to keep the current behavior and silence this warning."
Pré-pandemia (até jan/2020),Tipologia | Onda de Calor e Baixa Umidade,Tipologia,Onda de Calor e Baixa Umidade,Diferença do log + sazonal,13,72,c; autolag AIC; máximo padrão Schwert,c; nlags auto,59,-3.7830136874992872,0.0030859676811273444,12,0.04477884260429603,0.1,3,"p ≥ 0,10",Estacionária: convergente,"adfuller currently returns a plain tuple whose length depends on the store and autolag arguments. In release 0.16 or after July 2027, whichever is later, the default behavior will switch to always returning an ADFullerResult. Set result_object=True to switch now, or result_object=False to keep the current behavior and silence this warning. | The test statistic is outside of the range of p-values available in the look-up table. The actual p-value is greater than the p-value returned. | kpss currently returns a plain tuple whose length and layout depends on the store argument (and which silently drops `lags` when store=True). In release 0.16 or after July 2027, whichever is later, the default behavior will switch to always returning a KPSSResult. Set result_object=True to switch now, or result_object=False to keep the current behavior and silence this warning."
Pré-pandemia (até jan/2020),Tipologia | Onda de Frio,Tipologia,Onda de Frio,Nível,0,85,c; autolag AIC; máximo padrão Schwert,c; nlags auto,84,-6.574962016849416,7.766875858321426e-09,0,0.08729287235474337,0.1,2,"p ≥ 0,10",Estacionária: convergente,"adfuller currently returns a plain tuple whose length depends on the store and autolag arguments. In release 0.16 or after July 2027, whichever is later, the default behavior will switch to always returning an ADFullerResult. Set result_object=True to switch now, or result_object=False to keep the current behavior and silence this warning. | The test statistic is outside of the range of p-values available in the look-up table. The actual p-value is greater than the p-value returned. | kpss currently returns a plain tuple whose length and layout depends on the store argument (and which silently drops `lags` when store=True). In release 0.16 or after July 2027, whichever is later, the default behavior will switch to always returning a KPSSResult. Set result_object=True to switch now, or result_object=False to keep the current behavior and silence this warning."
Pré-pandemia (até jan/2020),Tipologia | Onda de Frio,Tipologia,Onda de Frio,Log,0,85,c; autolag AIC; máximo padrão Schwert,c; nlags auto,83,-5.882365385101712,3.0571332758785606e-07,1,0.10137150845396405,0.1,3,"p ≥ 0,10",Estacionária: convergente,"adfuller currently returns a plain tuple whose length depends on the store and autolag arguments. In release 0.16 or after July 2027, whichever is later, the default behavior will switch to always returning an ADFullerResult. Set result_object=True to switch now, or result_object=False to keep the current behavior and silence this warning. | The test statistic is outside of the range of p-values available in the look-up table. The actual p-value is greater than the p-value returned. | kpss currently returns a plain tuple whose length and layout depends on the store argument (and which silently drops `lags` when store=True). In release 0.16 or after July 2027, whichever is later, the default behavior will switch to always returning a KPSSResult. Set result_object=True to switch now, or result_object=False to keep the current behavior and silence this warning."
Pré-pandemia (até jan/2020),Tipologia | Onda de Frio,Tipologia,Onda de Frio,Primeira diferença,1,84,c; autolag AIC; máximo padrão Schwert,c; nlags auto,80,-7.214043448414229,2.196712450984546e-10,3,0.20833333333333331,0.1,34,"p ≥ 0,10",Estacionária: convergente,"adfuller currently returns a plain tuple whose length depends on the store and autolag arguments. In release 0.16 or after July 2027, whichever is later, the default behavior will switch to always returning an ADFullerResult. Set result_object=True to switch now, or result_object=False to keep the current behavior and silence this warning. | The test statistic is outside of the range of p-values available in the look-up table. The actual p-value is greater than the p-value returned. | kpss currently returns a plain tuple whose length and layout depends on the store argument (and which silently drops `lags` when store=True). In release 0.16 or after July 2027, whichever is later, the default behavior will switch to always returning a KPSSResult. Set result_object=True to switch now, or result_object=False to keep the current behavior and silence this warning."
Pré-pandemia (até jan/2020),Tipologia | Onda de Frio,Tipologia,Onda de Frio,Diferença do log,1,84,c; autolag AIC; máximo padrão Schwert,c; nlags auto,80,-7.205815222501105,2.3018519622881075e-10,3,0.16666666666666682,0.1,27,"p ≥ 0,10",Estacionária: convergente,"adfuller currently returns a plain tuple whose length depends on the store and autolag arguments. In release 0.16 or after July 2027, whichever is later, the default behavior will switch to always returning an ADFullerResult. Set result_object=True to switch now, or result_object=False to keep the current behavior and silence this warning. | The test statistic is outside of the range of p-values available in the look-up table. The actual p-value is greater than the p-value returned. | kpss currently returns a plain tuple whose length and layout depends on the store argument (and which silently drops `lags` when store=True). In release 0.16 or after July 2027, whichever is later, the default behavior will switch to always returning a KPSSResult. Set result_object=True to switch now, or result_object=False to keep the current behavior and silence this warning."
Pré-pandemia (até jan/2020),Tipologia | Onda de Frio,Tipologia,Onda de Frio,Diferença sazonal,12,73,c; autolag AIC; máximo padrão Schwert,c; nlags auto,61,-4.279185849414434,0.00048255931557729756,11,0.27817875481255916,0.1,1,"p ≥ 0,10",Estacionária: convergente,"adfuller currently returns a plain tuple whose length depends on the store and autolag arguments. In release 0.16 or after July 2027, whichever is later, the default behavior will switch to always returning an ADFullerResult. Set result_object=True to switch now, or result_object=False to keep the current behavior and silence this warning. | The test statistic is outside of the range of p-values available in the look-up table. The actual p-value is greater than the p-value returned. | kpss currently returns a plain tuple whose length and layout depends on the store argument (and which silently drops `lags` when store=True). In release 0.16 or after July 2027, whichever is later, the default behavior will switch to always returning a KPSSResult. Set result_object=True to switch now, or result_object=False to keep the current behavior and silence this warning."
Pré-pandemia (até jan/2020),Tipologia | Onda de Frio,Tipologia,Onda de Frio,Diferença + sazonal,13,72,c; autolag AIC; máximo padrão Schwert,c; nlags auto,60,-2.692567294276698,0.07533330667659552,11,0.2752525252525251,0.1,39,"p ≥ 0,10",Inconclusiva: nenhum rejeita,"adfuller currently returns a plain tuple whose length depends on the store and autolag arguments. In release 0.16 or after July 2027, whichever is later, the default behavior will switch to always returning an ADFullerResult. Set result_object=True to switch now, or result_object=False to keep the current behavior and silence this warning. | The test statistic is outside of the range of p-values available in the look-up table. The actual p-value is greater than the p-value returned. | kpss currently returns a plain tuple whose length and layout depends on the store argument (and which silently drops `lags` when store=True). In release 0.16 or after July 2027, whichever is later, the default behavior will switch to always returning a KPSSResult. Set result_object=True to switch now, or result_object=False to keep the current behavior and silence this warning."
Pré-pandemia (até jan/2020),Tipologia | Onda de Frio,Tipologia,Onda de Frio,Diferença do log + sazonal,13,72,c; autolag AIC; máximo padrão Schwert,c; nlags auto,60,-2.638363343973322,0.08532468695775375,11,0.19444444444444461,0.1,27,"p ≥ 0,10",Inconclusiva: nenhum rejeita,"adfuller currently returns a plain tuple whose length depends on the store and autolag arguments. In release 0.16 or after July 2027, whichever is later, the default behavior will switch to always returning an ADFullerResult. Set result_object=True to switch now, or result_object=False to keep the current behavior and silence this warning. | The test statistic is outside of the range of p-values available in the look-up table. The actual p-value is greater than the p-value returned. | kpss currently returns a plain tuple whose length and layout depends on the store argument (and which silently drops `lags` when store=True). In release 0.16 or after July 2027, whichever is later, the default behavior will switch to always returning a KPSSResult. Set result_object=True to switch now, or result_object=False to keep the current behavior and silence this warning."
Pré-pandemia (até jan/2020),Tipologia | Outros,Tipologia,Outros,Nível,0,85,c; autolag AIC; máximo padrão Schwert,c; nlags auto,72,2.8533146703763177,1.0,12,1.0277694737976864,0.01,4,"p ≤ 0,01",Não estacionária: convergente,"adfuller currently returns a plain tuple whose length depends on the store and autolag arguments. In release 0.16 or after July 2027, whichever is later, the default behavior will switch to always returning an ADFullerResult. Set result_object=True to switch now, or result_object=False to keep the current behavior and silence this warning. | The test statistic is outside of the range of p-values available in the look-up table. The actual p-value is smaller than the p-value returned. | kpss currently returns a plain tuple whose length and layout depends on the store argument (and which silently drops `lags` when store=True). In release 0.16 or after July 2027, whichever is later, the default behavior will switch to always returning a KPSSResult. Set result_object=True to switch now, or result_object=False to keep the current behavior and silence this warning."
Pré-pandemia (até jan/2020),Tipologia | Outros,Tipologia,Outros,Log,0,85,c; autolag AIC; máximo padrão Schwert,c; nlags auto,81,-0.8933410363684487,0.7901573994350213,3,1.0988645818132687,0.01,5,"p ≤ 0,01",Não estacionária: convergente,"adfuller currently returns a plain tuple whose length depends on the store and autolag arguments. In release 0.16 or after July 2027, whichever is later, the default behavior will switch to always returning an ADFullerResult. Set result_object=True to switch now, or result_object=False to keep the current behavior and silence this warning. | The test statistic is outside of the range of p-values available in the look-up table. The actual p-value is smaller than the p-value returned. | kpss currently returns a plain tuple whose length and layout depends on the store argument (and which silently drops `lags` when store=True). In release 0.16 or after July 2027, whichever is later, the default behavior will switch to always returning a KPSSResult. Set result_object=True to switch now, or result_object=False to keep the current behavior and silence this warning."
Pré-pandemia (até jan/2020),Tipologia | Outros,Tipologia,Outros,Primeira diferença,1,84,c; autolag AIC; máximo padrão Schwert,c; nlags auto,72,-3.5777446688615693,0.006201036464803523,11,0.23047175995535454,0.1,41,"p ≥ 0,10",Estacionária: convergente,"adfuller currently returns a plain tuple whose length depends on the store and autolag arguments. In release 0.16 or after July 2027, whichever is later, the default behavior will switch to always returning an ADFullerResult. Set result_object=True to switch now, or result_object=False to keep the current behavior and silence this warning. | The test statistic is outside of the range of p-values available in the look-up table. The actual p-value is greater than the p-value returned. | kpss currently returns a plain tuple whose length and layout depends on the store argument (and which silently drops `lags` when store=True). In release 0.16 or after July 2027, whichever is later, the default behavior will switch to always returning a KPSSResult. Set result_object=True to switch now, or result_object=False to keep the current behavior and silence this warning."
Pré-pandemia (até jan/2020),Tipologia | Outros,Tipologia,Outros,Diferença do log,1,84,c; autolag AIC; máximo padrão Schwert,c; nlags auto,79,-6.483879131423474,1.2750754579462186e-08,4,0.1693127064191443,0.1,34,"p ≥ 0,10",Estacionária: convergente,"adfuller currently returns a plain tuple whose length depends on the store and autolag arguments. In release 0.16 or after July 2027, whichever is later, the default behavior will switch to always returning an ADFullerResult. Set result_object=True to switch now, or result_object=False to keep the current behavior and silence this warning. | The test statistic is outside of the range of p-values available in the look-up table. The actual p-value is greater than the p-value returned. | kpss currently returns a plain tuple whose length and layout depends on the store argument (and which silently drops `lags` when store=True). In release 0.16 or after July 2027, whichever is later, the default behavior will switch to always returning a KPSSResult. Set result_object=True to switch now, or result_object=False to keep the current behavior and silence this warning."
Pré-pandemia (até jan/2020),Tipologia | Outros,Tipologia,Outros,Diferença sazonal,12,73,c; autolag AIC; máximo padrão Schwert,c; nlags auto,60,-0.13089521583869282,0.9462729719240529,12,0.7511896241587576,0.01,2,"p ≤ 0,01",Não estacionária: convergente,"adfuller currently returns a plain tuple whose length depends on the store and autolag arguments. In release 0.16 or after July 2027, whichever is later, the default behavior will switch to always returning an ADFullerResult. Set result_object=True to switch now, or result_object=False to keep the current behavior and silence this warning. | The test statistic is outside of the range of p-values available in the look-up table. The actual p-value is smaller than the p-value returned. | kpss currently returns a plain tuple whose length and layout depends on the store argument (and which silently drops `lags` when store=True). In release 0.16 or after July 2027, whichever is later, the default behavior will switch to always returning a KPSSResult. Set result_object=True to switch now, or result_object=False to keep the current behavior and silence this warning."
Pré-pandemia (até jan/2020),Tipologia | Outros,Tipologia,Outros,Diferença + sazonal,13,72,c; autolag AIC; máximo padrão Schwert,c; nlags auto,59,-5.4059666283491365,3.2908218555882797e-06,12,0.17116744384454693,0.1,22,"p ≥ 0,10",Estacionária: convergente,"adfuller currently returns a plain tuple whose length depends on the store and autolag arguments. In release 0.16 or after July 2027, whichever is later, the default behavior will switch to always returning an ADFullerResult. Set result_object=True to switch now, or result_object=False to keep the current behavior and silence this warning. | The test statistic is outside of the range of p-values available in the look-up table. The actual p-value is greater than the p-value returned. | kpss currently returns a plain tuple whose length and layout depends on the store argument (and which silently drops `lags` when store=True). In release 0.16 or after July 2027, whichever is later, the default behavior will switch to always returning a KPSSResult. Set result_object=True to switch now, or result_object=False to keep the current behavior and silence this warning."
Pré-pandemia (até jan/2020),Tipologia | Outros,Tipologia,Outros,Diferença do log + sazonal,13,72,c; autolag AIC; máximo padrão Schwert,c; nlags auto,62,-4.135914653775627,0.0008442816111335989,9,0.15355275208179006,0.1,17,"p ≥ 0,10",Estacionária: convergente,"adfuller currently returns a plain tuple whose length depends on the store and autolag arguments. In release 0.16 or after July 2027, whichever is later, the default behavior will switch to always returning an ADFullerResult. Set result_object=True to switch now, or result_object=False to keep the current behavior and silence this warning. | The test statistic is outside of the range of p-values available in the look-up table. The actual p-value is greater than the p-value returned. | kpss currently returns a plain tuple whose length and layout depends on the store argument (and which silently drops `lags` when store=True). In release 0.16 or after July 2027, whichever is later, the default behavior will switch to always returning a KPSSResult. Set result_object=True to switch now, or result_object=False to keep the current behavior and silence this warning."
Pré-pandemia (até jan/2020),Tipologia | Rompimento/Colapso de barragens,Tipologia,Rompimento/Colapso de barragens,Nível,0,85,c; autolag AIC; máximo padrão Schwert,c; nlags auto,84,-8.355749180468461,2.912436979464184e-13,0,0.42095223700120904,0.06812403577534093,2,Interpolado,Estacionária: convergente,"adfuller currently returns a plain tuple whose length depends on the store and autolag arguments. In release 0.16 or after July 2027, whichever is later, the default behavior will switch to always returning an ADFullerResult. Set result_object=True to switch now, or result_object=False to keep the current behavior and silence this warning. | kpss currently returns a plain tuple whose length and layout depends on the store argument (and which silently drops `lags` when store=True). In release 0.16 or after July 2027, whichever is later, the default behavior will switch to always returning a KPSSResult. Set result_object=True to switch now, or result_object=False to keep the current behavior and silence this warning."
Pré-pandemia (até jan/2020),Tipologia | Rompimento/Colapso de barragens,Tipologia,Rompimento/Colapso de barragens,Log,0,85,c; autolag AIC; máximo padrão Schwert,c; nlags auto,72,-1.426187838289509,0.569658958520705,12,0.509776902026854,0.03946466170566351,3,Interpolado,Não estacionária: convergente,"adfuller currently returns a plain tuple whose length depends on the store and autolag arguments. In release 0.16 or after July 2027, whichever is later, the default behavior will switch to always returning an ADFullerResult. Set result_object=True to switch now, or result_object=False to keep the current behavior and silence this warning. | kpss currently returns a plain tuple whose length and layout depends on the store argument (and which silently drops `lags` when store=True). In release 0.16 or after July 2027, whichever is later, the default behavior will switch to always returning a KPSSResult. Set result_object=True to switch now, or result_object=False to keep the current behavior and silence this warning."
Pré-pandemia (até jan/2020),Tipologia | Rompimento/Colapso de barragens,Tipologia,Rompimento/Colapso de barragens,Primeira diferença,1,84,c; autolag AIC; máximo padrão Schwert,c; nlags auto,73,-6.548761027616933,8.960480729459834e-09,10,0.28571428571428625,0.1,47,"p ≥ 0,10",Estacionária: convergente,"adfuller currently returns a plain tuple whose length depends on the store and autolag arguments. In release 0.16 or after July 2027, whichever is later, the default behavior will switch to always returning an ADFullerResult. Set result_object=True to switch now, or result_object=False to keep the current behavior and silence this warning. | The test statistic is outside of the range of p-values available in the look-up table. The actual p-value is greater than the p-value returned. | kpss currently returns a plain tuple whose length and layout depends on the store argument (and which silently drops `lags` when store=True). In release 0.16 or after July 2027, whichever is later, the default behavior will switch to always returning a KPSSResult. Set result_object=True to switch now, or result_object=False to keep the current behavior and silence this warning."
Pré-pandemia (até jan/2020),Tipologia | Rompimento/Colapso de barragens,Tipologia,Rompimento/Colapso de barragens,Diferença do log,1,84,c; autolag AIC; máximo padrão Schwert,c; nlags auto,73,-7.041180045559288,5.841314744294412e-10,10,0.4047619047619077,0.0751026272577984,67,Interpolado,Estacionária: convergente,"adfuller currently returns a plain tuple whose length depends on the store and autolag arguments. In release 0.16 or after July 2027, whichever is later, the default behavior will switch to always returning an ADFullerResult. Set result_object=True to switch now, or result_object=False to keep the current behavior and silence this warning. | kpss currently returns a plain tuple whose length and layout depends on the store argument (and which silently drops `lags` when store=True). In release 0.16 or after July 2027, whichever is later, the default behavior will switch to always returning a KPSSResult. Set result_object=True to switch now, or result_object=False to keep the current behavior and silence this warning."
Pré-pandemia (até jan/2020),Tipologia | Rompimento/Colapso de barragens,Tipologia,Rompimento/Colapso de barragens,Diferença sazonal,12,73,c; autolag AIC; máximo padrão Schwert,c; nlags auto,72,-6.96658692139367,8.882695812630992e-10,0,0.07638002981568673,0.1,3,"p ≥ 0,10",Estacionária: convergente,"adfuller currently returns a plain tuple whose length depends on the store and autolag arguments. In release 0.16 or after July 2027, whichever is later, the default behavior will switch to always returning an ADFullerResult. Set result_object=True to switch now, or result_object=False to keep the current behavior and silence this warning. | The test statistic is outside of the range of p-values available in the look-up table. The actual p-value is greater than the p-value returned. | kpss currently returns a plain tuple whose length and layout depends on the store argument (and which silently drops `lags` when store=True). In release 0.16 or after July 2027, whichever is later, the default behavior will switch to always returning a KPSSResult. Set result_object=True to switch now, or result_object=False to keep the current behavior and silence this warning."
Pré-pandemia (até jan/2020),Tipologia | Rompimento/Colapso de barragens,Tipologia,Rompimento/Colapso de barragens,Diferença + sazonal,13,72,c; autolag AIC; máximo padrão Schwert,c; nlags auto,68,-6.393294775661403,2.080238549459066e-08,3,0.06249999999999998,0.1,8,"p ≥ 0,10",Estacionária: convergente,"adfuller currently returns a plain tuple whose length depends on the store and autolag arguments. In release 0.16 or after July 2027, whichever is later, the default behavior will switch to always returning an ADFullerResult. Set result_object=True to switch now, or result_object=False to keep the current behavior and silence this warning. | The test statistic is outside of the range of p-values available in the look-up table. The actual p-value is greater than the p-value returned. | kpss currently returns a plain tuple whose length and layout depends on the store argument (and which silently drops `lags` when store=True). In release 0.16 or after July 2027, whichever is later, the default behavior will switch to always returning a KPSSResult. Set result_object=True to switch now, or result_object=False to keep the current behavior and silence this warning."
Pré-pandemia (até jan/2020),Tipologia | Rompimento/Colapso de barragens,Tipologia,Rompimento/Colapso de barragens,Diferença do log + sazonal,13,72,c; autolag AIC; máximo padrão Schwert,c; nlags auto,71,-12.654948295772336,1.3430441206864196e-23,0,0.04565778447758331,0.1,6,"p ≥ 0,10",Estacionária: convergente,"adfuller currently returns a plain tuple whose length depends on the store and autolag arguments. In release 0.16 or after July 2027, whichever is later, the default behavior will switch to always returning an ADFullerResult. Set result_object=True to switch now, or result_object=False to keep the current behavior and silence this warning. | The test statistic is outside of the range of p-values available in the look-up table. The actual p-value is greater than the p-value returned. | kpss currently returns a plain tuple whose length and layout depends on the store argument (and which silently drops `lags` when store=True). In release 0.16 or after July 2027, whichever is later, the default behavior will switch to always returning a KPSSResult. Set result_object=True to switch now, or result_object=False to keep the current behavior and silence this warning."
Pré-pandemia (até jan/2020),Tipologia | Tornado,Tipologia,Tornado,Nível,0,85,c; autolag AIC; máximo padrão Schwert,c; nlags auto,84,-9.568711126507175,2.319271207517226e-16,0,0.11217869991764312,0.1,1,"p ≥ 0,10",Estacionária: convergente,"adfuller currently returns a plain tuple whose length depends on the store and autolag arguments. In release 0.16 or after July 2027, whichever is later, the default behavior will switch to always returning an ADFullerResult. Set result_object=True to switch now, or result_object=False to keep the current behavior and silence this warning. | The test statistic is outside of the range of p-values available in the look-up table. The actual p-value is greater than the p-value returned. | kpss currently returns a plain tuple whose length and layout depends on the store argument (and which silently drops `lags` when store=True). In release 0.16 or after July 2027, whichever is later, the default behavior will switch to always returning a KPSSResult. Set result_object=True to switch now, or result_object=False to keep the current behavior and silence this warning."
Pré-pandemia (até jan/2020),Tipologia | Tornado,Tipologia,Tornado,Log,0,85,c; autolag AIC; máximo padrão Schwert,c; nlags auto,84,-9.461506716215489,4.341297309566491e-16,0,0.17063438687581287,0.1,1,"p ≥ 0,10",Estacionária: convergente,"adfuller currently returns a plain tuple whose length depends on the store and autolag arguments. In release 0.16 or after July 2027, whichever is later, the default behavior will switch to always returning an ADFullerResult. Set result_object=True to switch now, or result_object=False to keep the current behavior and silence this warning. | The test statistic is outside of the range of p-values available in the look-up table. The actual p-value is greater than the p-value returned. | kpss currently returns a plain tuple whose length and layout depends on the store argument (and which silently drops `lags` when store=True). In release 0.16 or after July 2027, whichever is later, the default behavior will switch to always returning a KPSSResult. Set result_object=True to switch now, or result_object=False to keep the current behavior and silence this warning."
Pré-pandemia (até jan/2020),Tipologia | Tornado,Tipologia,Tornado,Primeira diferença,1,84,c; autolag AIC; máximo padrão Schwert,c; nlags auto,80,-8.429985898873726,1.8815140261942812e-13,3,0.4999999999999999,0.04166666666666669,83,Interpolado,Conflitante: ambos rejeitam,"adfuller currently returns a plain tuple whose length depends on the store and autolag arguments. In release 0.16 or after July 2027, whichever is later, the default behavior will switch to always returning an ADFullerResult. Set result_object=True to switch now, or result_object=False to keep the current behavior and silence this warning. | kpss currently returns a plain tuple whose length and layout depends on the store argument (and which silently drops `lags` when store=True). In release 0.16 or after July 2027, whichever is later, the default behavior will switch to always returning a KPSSResult. Set result_object=True to switch now, or result_object=False to keep the current behavior and silence this warning."
Pré-pandemia (até jan/2020),Tipologia | Tornado,Tipologia,Tornado,Diferença do log,1,84,c; autolag AIC; máximo padrão Schwert,c; nlags auto,80,-9.135618561581538,2.9412779035740005e-15,3,0.15779694912319214,0.1,21,"p ≥ 0,10",Estacionária: convergente,"adfuller currently returns a plain tuple whose length depends on the store and autolag arguments. In release 0.16 or after July 2027, whichever is later, the default behavior will switch to always returning an ADFullerResult. Set result_object=True to switch now, or result_object=False to keep the current behavior and silence this warning. | The test statistic is outside of the range of p-values available in the look-up table. The actual p-value is greater than the p-value returned. | kpss currently returns a plain tuple whose length and layout depends on the store argument (and which silently drops `lags` when store=True). In release 0.16 or after July 2027, whichever is later, the default behavior will switch to always returning a KPSSResult. Set result_object=True to switch now, or result_object=False to keep the current behavior and silence this warning."
Pré-pandemia (até jan/2020),Tipologia | Tornado,Tipologia,Tornado,Diferença sazonal,12,73,c; autolag AIC; máximo padrão Schwert,c; nlags auto,61,-4.2715236108934524,0.0004974465195748629,11,0.2360716971705229,0.1,1,"p ≥ 0,10",Estacionária: convergente,"adfuller currently returns a plain tuple whose length depends on the store and autolag arguments. In release 0.16 or after July 2027, whichever is later, the default behavior will switch to always returning an ADFullerResult. Set result_object=True to switch now, or result_object=False to keep the current behavior and silence this warning. | The test statistic is outside of the range of p-values available in the look-up table. The actual p-value is greater than the p-value returned. | kpss currently returns a plain tuple whose length and layout depends on the store argument (and which silently drops `lags` when store=True). In release 0.16 or after July 2027, whichever is later, the default behavior will switch to always returning a KPSSResult. Set result_object=True to switch now, or result_object=False to keep the current behavior and silence this warning."
Pré-pandemia (até jan/2020),Tipologia | Tornado,Tipologia,Tornado,Diferença + sazonal,13,72,c; autolag AIC; máximo padrão Schwert,c; nlags auto,59,-3.3851175479262348,0.011476797552046097,12,0.06064356435643557,0.1,11,"p ≥ 0,10",Estacionária: convergente,"adfuller currently returns a plain tuple whose length depends on the store and autolag arguments. In release 0.16 or after July 2027, whichever is later, the default behavior will switch to always returning an ADFullerResult. Set result_object=True to switch now, or result_object=False to keep the current behavior and silence this warning. | The test statistic is outside of the range of p-values available in the look-up table. The actual p-value is greater than the p-value returned. | kpss currently returns a plain tuple whose length and layout depends on the store argument (and which silently drops `lags` when store=True). In release 0.16 or after July 2027, whichever is later, the default behavior will switch to always returning a KPSSResult. Set result_object=True to switch now, or result_object=False to keep the current behavior and silence this warning."
Pré-pandemia (até jan/2020),Tipologia | Tornado,Tipologia,Tornado,Diferença do log + sazonal,13,72,c; autolag AIC; máximo padrão Schwert,c; nlags auto,68,-8.084818843871759,1.4292117379217649e-12,3,0.057979982440604094,0.1,8,"p ≥ 0,10",Estacionária: convergente,"adfuller currently returns a plain tuple whose length depends on the store and autolag arguments. In release 0.16 or after July 2027, whichever is later, the default behavior will switch to always returning an ADFullerResult. Set result_object=True to switch now, or result_object=False to keep the current behavior and silence this warning. | The test statistic is outside of the range of p-values available in the look-up table. The actual p-value is greater than the p-value returned. | kpss currently returns a plain tuple whose length and layout depends on the store argument (and which silently drops `lags` when store=True). In release 0.16 or after July 2027, whichever is later, the default behavior will switch to always returning a KPSSResult. Set result_object=True to switch now, or result_object=False to keep the current behavior and silence this warning."
Pré-pandemia (até jan/2020),Tipologia | Vendavais e Ciclones,Tipologia,Vendavais e Ciclones,Nível,0,85,c; autolag AIC; máximo padrão Schwert,c; nlags auto,84,-7.780058768896569,8.464264040972264e-12,0,0.30496520032957264,0.1,3,"p ≥ 0,10",Estacionária: convergente,"adfuller currently returns a plain tuple whose length depends on the store and autolag arguments. In release 0.16 or after July 2027, whichever is later, the default behavior will switch to always returning an ADFullerResult. Set result_object=True to switch now, or result_object=False to keep the current behavior and silence this warning. | The test statistic is outside of the range of p-values available in the look-up table. The actual p-value is greater than the p-value returned. | kpss currently returns a plain tuple whose length and layout depends on the store argument (and which silently drops `lags` when store=True). In release 0.16 or after July 2027, whichever is later, the default behavior will switch to always returning a KPSSResult. Set result_object=True to switch now, or result_object=False to keep the current behavior and silence this warning."
Pré-pandemia (até jan/2020),Tipologia | Vendavais e Ciclones,Tipologia,Vendavais e Ciclones,Log,0,85,c; autolag AIC; máximo padrão Schwert,c; nlags auto,73,-1.2870114217690518,0.6350934567703754,11,0.2925820537473377,0.1,4,"p ≥ 0,10",Inconclusiva: nenhum rejeita,"adfuller currently returns a plain tuple whose length depends on the store and autolag arguments. In release 0.16 or after July 2027, whichever is later, the default behavior will switch to always returning an ADFullerResult. Set result_object=True to switch now, or result_object=False to keep the current behavior and silence this warning. | The test statistic is outside of the range of p-values available in the look-up table. The actual p-value is greater than the p-value returned. | kpss currently returns a plain tuple whose length and layout depends on the store argument (and which silently drops `lags` when store=True). In release 0.16 or after July 2027, whichever is later, the default behavior will switch to always returning a KPSSResult. Set result_object=True to switch now, or result_object=False to keep the current behavior and silence this warning."
Pré-pandemia (até jan/2020),Tipologia | Vendavais e Ciclones,Tipologia,Vendavais e Ciclones,Primeira diferença,1,84,c; autolag AIC; máximo padrão Schwert,c; nlags auto,73,-7.001905036695423,7.285404701010248e-10,10,0.08209200930593459,0.1,12,"p ≥ 0,10",Estacionária: convergente,"adfuller currently returns a plain tuple whose length depends on the store and autolag arguments. In release 0.16 or after July 2027, whichever is later, the default behavior will switch to always returning an ADFullerResult. Set result_object=True to switch now, or result_object=False to keep the current behavior and silence this warning. | The test statistic is outside of the range of p-values available in the look-up table. The actual p-value is greater than the p-value returned. | kpss currently returns a plain tuple whose length and layout depends on the store argument (and which silently drops `lags` when store=True). In release 0.16 or after July 2027, whichever is later, the default behavior will switch to always returning a KPSSResult. Set result_object=True to switch now, or result_object=False to keep the current behavior and silence this warning."
Pré-pandemia (até jan/2020),Tipologia | Vendavais e Ciclones,Tipologia,Vendavais e Ciclones,Diferença do log,1,84,c; autolag AIC; máximo padrão Schwert,c; nlags auto,73,-7.784912146835785,8.228797501664831e-12,10,0.036735320043281096,0.1,5,"p ≥ 0,10",Estacionária: convergente,"adfuller currently returns a plain tuple whose length depends on the store and autolag arguments. In release 0.16 or after July 2027, whichever is later, the default behavior will switch to always returning an ADFullerResult. Set result_object=True to switch now, or result_object=False to keep the current behavior and silence this warning. | The test statistic is outside of the range of p-values available in the look-up table. The actual p-value is greater than the p-value returned. | kpss currently returns a plain tuple whose length and layout depends on the store argument (and which silently drops `lags` when store=True). In release 0.16 or after July 2027, whichever is later, the default behavior will switch to always returning a KPSSResult. Set result_object=True to switch now, or result_object=False to keep the current behavior and silence this warning."
Pré-pandemia (até jan/2020),Tipologia | Vendavais e Ciclones,Tipologia,Vendavais e Ciclones,Diferença sazonal,12,73,c; autolag AIC; máximo padrão Schwert,c; nlags auto,72,-7.216403205465549,2.1674479433713605e-10,0,0.10425099101061298,0.1,3,"p ≥ 0,10",Estacionária: convergente,"adfuller currently returns a plain tuple whose length depends on the store and autolag arguments. In release 0.16 or after July 2027, whichever is later, the default behavior will switch to always returning an ADFullerResult. Set result_object=True to switch now, or result_object=False to keep the current behavior and silence this warning. | The test statistic is outside of the range of p-values available in the look-up table. The actual p-value is greater than the p-value returned. | kpss currently returns a plain tuple whose length and layout depends on the store argument (and which silently drops `lags` when store=True). In release 0.16 or after July 2027, whichever is later, the default behavior will switch to always returning a KPSSResult. Set result_object=True to switch now, or result_object=False to keep the current behavior and silence this warning."
Pré-pandemia (até jan/2020),Tipologia | Vendavais e Ciclones,Tipologia,Vendavais e Ciclones,Diferença + sazonal,13,72,c; autolag AIC; máximo padrão Schwert,c; nlags auto,59,-3.495286577750139,0.00810897308127707,12,0.1494481687750487,0.1,16,"p ≥ 0,10",Estacionária: convergente,"adfuller currently returns a plain tuple whose length depends on the store and autolag arguments. In release 0.16 or after July 2027, whichever is later, the default behavior will switch to always returning an ADFullerResult. Set result_object=True to switch now, or result_object=False to keep the current behavior and silence this warning. | The test statistic is outside of the range of p-values available in the look-up table. The actual p-value is greater than the p-value returned. | kpss currently returns a plain tuple whose length and layout depends on the store argument (and which silently drops `lags` when store=True). In release 0.16 or after July 2027, whichever is later, the default behavior will switch to always returning a KPSSResult. Set result_object=True to switch now, or result_object=False to keep the current behavior and silence this warning."
Pré-pandemia (até jan/2020),Tipologia | Vendavais e Ciclones,Tipologia,Vendavais e Ciclones,Diferença do log + sazonal,13,72,c; autolag AIC; máximo padrão Schwert,c; nlags auto,66,-5.9202457015760555,2.5164270664047313e-07,5,0.04278388894787334,0.1,1,"p ≥ 0,10",Estacionária: convergente,"adfuller currently returns a plain tuple whose length depends on the store and autolag arguments. In release 0.16 or after July 2027, whichever is later, the default behavior will switch to always returning an ADFullerResult. Set result_object=True to switch now, or result_object=False to keep the current behavior and silence this warning. | The test statistic is outside of the range of p-values available in the look-up table. The actual p-value is greater than the p-value returned. | kpss currently returns a plain tuple whose length and layout depends on the store argument (and which silently drops `lags` when store=True). In release 0.16 or after July 2027, whichever is later, the default behavior will switch to always returning a KPSSResult. Set result_object=True to switch now, or result_object=False to keep the current behavior and silence this warning."
