Período,Chave,Nível,Categoria,Especificação,Máximo lag,n transformado,Direção,Defasagem,F,p,p HC3,p HAC12,GL numerador,GL denominador,n efetivo,Raiz máxima,Estável,p BH sensibilidade
Total (2013–2024),Total nacional,Referência,Total nacional,Principal: 11 dummies,12,143,Desastres → inadimplência,1,1.1190570208219055,0.29211391271056314,0.3002953701567529,0.28210188499905137,1,128,142,0.45126339136271937,True,0.7578444358950407
Total (2013–2024),Total nacional,Referência,Total nacional,Principal: 11 dummies,12,143,Inadimplência → desastres,1,0.6726594495709883,0.4136506137160315,0.47925363470389964,0.2947904349973938,1,128,142,0.45126339136271937,True,0.6629016245449223
Total (2013–2024),Total nacional,Referência,Total nacional,Principal: 11 dummies,12,143,Desastres → inadimplência,2,0.8575744499651498,0.4266700634918728,0.4752174290139337,0.2765052452838688,2,125,141,0.6655074815145998,True,0.8453872207307656
Total (2013–2024),Total nacional,Referência,Total nacional,Principal: 11 dummies,12,143,Inadimplência → desastres,2,0.4712503498882654,0.6253257187421576,0.636155822895826,0.6074412012625418,2,125,141,0.6655074815145998,True,0.7946402272722006
Total (2013–2024),Total nacional,Referência,Total nacional,Principal: 11 dummies,12,143,Desastres → inadimplência,3,0.17460383620009226,0.9134047290410527,0.9099135111094497,0.845501505462784,3,122,140,0.7528703394983294,True,0.981295751603096
Total (2013–2024),Total nacional,Referência,Total nacional,Principal: 11 dummies,12,143,Inadimplência → desastres,3,0.45989113040824514,0.710810464588824,0.6112743164217994,0.6106425734791232,3,122,140,0.7528703394983294,True,0.8465135751150248
Total (2013–2024),Total nacional,Referência,Total nacional,Principal: 11 dummies,12,143,Desastres → inadimplência,4,0.1909261127760597,0.9427340936495248,0.9286865957269983,0.8089257123060696,4,119,139,0.6562823658120281,True,0.9899358849372114
Total (2013–2024),Total nacional,Referência,Total nacional,Principal: 11 dummies,12,143,Inadimplência → desastres,4,0.41191427195152164,0.7997729844111678,0.7546870470911965,0.7574353352979126,4,119,139,0.6562823658120281,True,0.891012380155869
Total (2013–2024),Total nacional,Referência,Total nacional,Principal: 11 dummies,12,143,Desastres → inadimplência,5,1.0043208231333998,0.4184510235714707,0.7422514998620489,0.3171046095515323,5,116,138,0.7838740275264405,True,0.8404285387582666
Total (2013–2024),Total nacional,Referência,Total nacional,Principal: 11 dummies,12,143,Inadimplência → desastres,5,0.322763866443057,0.898418125335855,0.879487877341671,0.8973580037425355,5,116,138,0.7838740275264405,True,0.9472528750729985
Total (2013–2024),Total nacional,Referência,Total nacional,Principal: 11 dummies,12,143,Desastres → inadimplência,6,0.6373904317885751,0.7000679777687076,0.9219659061480241,0.7191163289635167,6,113,137,0.8326390945868676,True,0.9293183407137394
Total (2013–2024),Total nacional,Referência,Total nacional,Principal: 11 dummies,12,143,Inadimplência → desastres,6,0.9614008162224954,0.45473858588047633,0.3856450486888186,0.08799732861470717,6,113,137,0.8326390945868676,True,0.6889978573946611
Total (2013–2024),Total nacional,Referência,Total nacional,Principal: 11 dummies,12,143,Desastres → inadimplência,7,0.6484339538755698,0.7149345235466482,0.9457603688232448,0.7667462078168431,7,110,136,0.8737242339129013,True,0.9299407173443379
Total (2013–2024),Total nacional,Referência,Total nacional,Principal: 11 dummies,12,143,Inadimplência → desastres,7,1.263813775213489,0.2749342465786479,0.17392521707275965,0.00035547368545826483,7,110,136,0.8737242339129013,True,0.552571983653619
Total (2013–2024),Total nacional,Referência,Total nacional,Principal: 11 dummies,12,143,Desastres → inadimplência,8,0.6906733541197718,0.698967960372034,0.9654682863099525,0.8376964986561992,8,107,135,0.8818225602099982,True,0.9293183407137394
Total (2013–2024),Total nacional,Referência,Total nacional,Principal: 11 dummies,12,143,Inadimplência → desastres,8,1.1842982740614691,0.3153102988325542,0.17243414200050877,0.0001104897729184952,8,107,135,0.8818225602099982,True,0.5819395601026106
Total (2013–2024),Total nacional,Referência,Total nacional,Principal: 11 dummies,12,143,Desastres → inadimplência,9,0.7072674164009737,0.7010245566589504,0.9669273733831861,0.8356923752386689,9,104,134,0.9194659959837336,True,0.9293183407137394
Total (2013–2024),Total nacional,Referência,Total nacional,Principal: 11 dummies,12,143,Inadimplência → desastres,9,1.2096185953554361,0.2971066117758528,0.12585670305715452,0.00025915754506682456,9,104,134,0.9194659959837336,True,0.5640099707833236
Total (2013–2024),Total nacional,Referência,Total nacional,Principal: 11 dummies,12,143,Desastres → inadimplência,10,0.7315815085096061,0.6931558186143921,0.9535454251114628,0.6135622234800902,10,101,133,0.884390167092339,True,0.9288097734132648
Total (2013–2024),Total nacional,Referência,Total nacional,Principal: 11 dummies,12,143,Inadimplência → desastres,10,1.4967046078516466,0.15146972127963917,0.13521772580197405,7.755948164342991e-05,10,101,133,0.884390167092339,True,0.4198882775945646
Total (2013–2024),Total nacional,Referência,Total nacional,Principal: 11 dummies,12,143,Desastres → inadimplência,11,0.6483483292149586,0.7830636168260652,0.9694282465636702,0.4120684433986172,11,98,132,0.9116513041187682,True,0.9528515418865274
Total (2013–2024),Total nacional,Referência,Total nacional,Principal: 11 dummies,12,143,Inadimplência → desastres,11,1.7087003906049167,0.08240476037577808,0.004906216685429874,5.785902038438859e-08,11,98,132,0.9116513041187682,True,0.33772442776958234
Total (2013–2024),Total nacional,Referência,Total nacional,Principal: 11 dummies,12,143,Desastres → inadimplência,12,0.7745162278275337,0.6749660789949454,0.9472501028214861,0.06327249983725286,12,95,131,0.9046365506565253,True,0.9230936528924308
Total (2013–2024),Total nacional,Referência,Total nacional,Principal: 11 dummies,12,143,Inadimplência → desastres,12,2.1820654475899905,0.018481783372824235,0.0025929685224938296,3.253867424221836e-08,12,95,131,0.9046365506565253,True,0.17112762382244662
Total (2013–2024),Total nacional,Referência,Total nacional,Comparação: sem dummies,12,143,Desastres → inadimplência,1,0.8568042758378166,0.3562388157962692,0.29896164522765906,0.41267075609930703,1,139,142,0.32873282078758337,True,0.8069713964343528
Total (2013–2024),Total nacional,Referência,Total nacional,Comparação: sem dummies,12,143,Inadimplência → desastres,1,5.058023314710873,0.02608487945186703,0.05338779672698292,0.018159067387432035,1,139,142,0.32873282078758337,True,0.1988176787489865
Total (2013–2024),Total nacional,Referência,Total nacional,Comparação: sem dummies,12,143,Desastres → inadimplência,2,1.5071551219875732,0.2252159504286398,0.2633039392404999,0.34334669435820453,2,136,141,0.5602333527318959,True,0.7132294285430795
Total (2013–2024),Total nacional,Referência,Total nacional,Comparação: sem dummies,12,143,Inadimplência → desastres,2,3.44227765368393,0.03480536701456518,0.05160563129413535,0.06972544055575518,2,136,141,0.5602333527318959,True,0.22339377987795594
Total (2013–2024),Total nacional,Referência,Total nacional,Comparação: sem dummies,12,143,Desastres → inadimplência,3,0.4452606758205841,0.7210531016554766,0.5022458156746619,0.4661018547725493,3,133,140,0.745837204385563,True,0.9299407173443379
Total (2013–2024),Total nacional,Referência,Total nacional,Comparação: sem dummies,12,143,Inadimplência → desastres,3,3.311486220927717,0.022122545392013762,0.01220528292489975,0.09318000688889445,3,133,140,0.745837204385563,True,0.1831336539073987
Total (2013–2024),Total nacional,Referência,Total nacional,Comparação: sem dummies,12,143,Desastres → inadimplência,4,1.4773278966710877,0.21275774138466472,0.07464588363621985,0.010707329539162752,4,130,139,0.7984046509446989,True,0.6980240859076926
Total (2013–2024),Total nacional,Referência,Total nacional,Comparação: sem dummies,12,143,Inadimplência → desastres,4,2.8269624010692374,0.027416038314769884,0.00869453820076849,0.038320952431535354,4,130,139,0.7984046509446989,True,0.2052098676255231
Total (2013–2024),Total nacional,Referência,Total nacional,Comparação: sem dummies,12,143,Desastres → inadimplência,5,1.853474868898112,0.10711014244457161,0.13530070093903,0.01848497454419293,5,127,138,0.8589104319519408,True,0.5453141538059578
Total (2013–2024),Total nacional,Referência,Total nacional,Comparação: sem dummies,12,143,Inadimplência → desastres,5,1.562239722040969,0.1754410379112242,0.0652425353791842,0.07305270753060675,5,127,138,0.8589104319519408,True,0.44691975606310386
Total (2013–2024),Total nacional,Referência,Total nacional,Comparação: sem dummies,12,143,Desastres → inadimplência,6,0.9969699808063224,0.4304684996768461,0.4814549314276345,0.17837299916924337,6,124,137,0.917917181369666,True,0.8457658034478042
Total (2013–2024),Total nacional,Referência,Total nacional,Comparação: sem dummies,12,143,Inadimplência → desastres,6,2.730536964717843,0.01587145604369612,0.0024362936317031884,1.2133350694683045e-05,6,124,137,0.917917181369666,True,0.16628769961557768
Total (2013–2024),Total nacional,Referência,Total nacional,Comparação: sem dummies,12,143,Desastres → inadimplência,7,0.8311342955740608,0.5634493066245466,0.6463520968933141,0.2100418054032924,7,121,136,0.9464560690914774,True,0.8988379624343179
Total (2013–2024),Total nacional,Referência,Total nacional,Comparação: sem dummies,12,143,Inadimplência → desastres,7,2.3374001824588895,0.028431803845640306,0.00497789431749115,1.3846868881824479e-06,7,121,136,0.9464560690914774,True,0.2062503499192033
Total (2013–2024),Total nacional,Referência,Total nacional,Comparação: sem dummies,12,143,Desastres → inadimplência,8,0.7365963408858909,0.6589979918850931,0.707592457134377,0.2533156355032695,8,118,135,0.9521623911284077,True,0.9168999854112312
Total (2013–2024),Total nacional,Referência,Total nacional,Comparação: sem dummies,12,143,Inadimplência → desastres,8,2.107655302866062,0.04023149394482786,0.012214397811723026,4.750026780188657e-05,8,118,135,0.9521623911284077,True,0.242943804014661
Total (2013–2024),Total nacional,Referência,Total nacional,Comparação: sem dummies,12,143,Desastres → inadimplência,9,1.0117327731807628,0.4348758234638303,0.49685158339274493,0.008103080309617353,9,115,134,0.9481873708233535,True,0.8493668427027935
Total (2013–2024),Total nacional,Referência,Total nacional,Comparação: sem dummies,12,143,Inadimplência → desastres,9,2.2205367240770086,0.025402338630266513,0.008047574724821644,1.8178008364662525e-08,9,115,134,0.9481873708233535,True,0.19722312601138597
Total (2013–2024),Total nacional,Referência,Total nacional,Comparação: sem dummies,12,143,Desastres → inadimplência,10,0.9546070139628052,0.4869483177177558,0.6849690427156787,0.10136030000938334,10,112,133,0.9489079722529383,True,0.8707945595811084
Total (2013–2024),Total nacional,Referência,Total nacional,Comparação: sem dummies,12,143,Inadimplência → desastres,10,2.3201839364196304,0.016042897781156085,0.013436426486384013,4.210454278509823e-08,10,112,133,0.9489079722529383,True,0.16628769961557768
Total (2013–2024),Total nacional,Referência,Total nacional,Comparação: sem dummies,12,143,Desastres → inadimplência,11,0.8664540798520436,0.5751005183076283,0.7682534765555934,0.1448079085216708,11,109,132,0.9593963210364725,True,0.908818771029754
Total (2013–2024),Total nacional,Referência,Total nacional,Comparação: sem dummies,12,143,Inadimplência → desastres,11,1.8208593192612508,0.058821763475734194,0.04599389382213015,3.266678690392784e-05,11,109,132,0.9593963210364725,True,0.2743552400920438
Total (2013–2024),Total nacional,Referência,Total nacional,Comparação: sem dummies,12,143,Desastres → inadimplência,12,0.6933227904055607,0.7546965813344673,0.8459423999014272,0.005461015852187629,12,106,131,0.9686225833418249,True,0.9445779646463472
Total (2013–2024),Total nacional,Referência,Total nacional,Comparação: sem dummies,12,143,Inadimplência → desastres,12,1.852258994262313,0.04885976739768297,0.02654905919316742,2.4681852866617684e-05,12,106,131,0.9686225833418249,True,0.25425190915413287
Total (2013–2024),Total nacional,Referência,Total nacional,Robustez: diferença sazonal,12,131,Desastres → inadimplência,1,0.0005474811184349057,0.9813692733334144,0.979178176759181,0.9674498579274854,1,127,130,0.5138074571615923,True,0.9992078848635362
Total (2013–2024),Total nacional,Referência,Total nacional,Robustez: diferença sazonal,12,131,Inadimplência → desastres,1,0.2150004778053234,0.6436697206671547,0.6577827950959222,0.6533778736745459,1,127,130,0.5138074571615923,True,0.8053925433773206
Total (2013–2024),Total nacional,Referência,Total nacional,Robustez: diferença sazonal,12,131,Desastres → inadimplência,2,1.1286220248667964,0.326778558047751,0.36078984826239574,0.234416844909817,2,124,129,0.6514380526366627,True,0.7875798979986969
Total (2013–2024),Total nacional,Referência,Total nacional,Robustez: diferença sazonal,12,131,Inadimplência → desastres,2,0.25071092054231714,0.7786408494066552,0.7832015959480579,0.7551084692068806,2,124,129,0.6514380526366627,True,0.8832133046808702
Total (2013–2024),Total nacional,Referência,Total nacional,Robustez: diferença sazonal,12,131,Desastres → inadimplência,3,1.0059644205436098,0.39268674439019025,0.36473201400542377,0.13460952087834113,3,121,128,0.7649431137955532,True,0.8249721520802317
Total (2013–2024),Total nacional,Referência,Total nacional,Robustez: diferença sazonal,12,131,Inadimplência → desastres,3,0.1643531215564991,0.9201893833266854,0.9351585467513573,0.9156802556865038,3,121,128,0.7649431137955532,True,0.9593300493397471
Total (2013–2024),Total nacional,Referência,Total nacional,Robustez: diferença sazonal,12,131,Desastres → inadimplência,4,0.8863547217724647,0.4744494522407564,0.5219329461649156,0.20703665622736878,4,118,127,0.6643389736985779,True,0.8686765276588333
Total (2013–2024),Total nacional,Referência,Total nacional,Robustez: diferença sazonal,12,131,Inadimplência → desastres,4,0.2668565171100239,0.898753527869261,0.8759205827359136,0.8880221178536915,4,118,127,0.6643389736985779,True,0.9472528750729985
Total (2013–2024),Total nacional,Referência,Total nacional,Robustez: diferença sazonal,12,131,Desastres → inadimplência,5,1.3302666260472529,0.25634709413089257,0.4009982539948197,0.22966515273178303,5,115,126,0.7559398577094174,True,0.7332582784064432
Total (2013–2024),Total nacional,Referência,Total nacional,Robustez: diferença sazonal,12,131,Inadimplência → desastres,5,0.31691561588646844,0.901954484076964,0.9126387530471534,0.8890357543546252,5,115,126,0.7559398577094174,True,0.9491441291785433
Total (2013–2024),Total nacional,Referência,Total nacional,Robustez: diferença sazonal,12,131,Desastres → inadimplência,6,1.399085969922751,0.2212046307773404,0.30285444189444677,0.11192957283871,6,112,125,0.8081299805130399,True,0.7126437847208131
Total (2013–2024),Total nacional,Referência,Total nacional,Robustez: diferença sazonal,12,131,Inadimplência → desastres,6,0.39346552773696813,0.8819004945974467,0.8984601456564885,0.7799716620882111,6,112,125,0.8081299805130399,True,0.9384636849939987
Total (2013–2024),Total nacional,Referência,Total nacional,Robustez: diferença sazonal,12,131,Desastres → inadimplência,7,1.1894761058957104,0.3148397077585448,0.38650600757109715,0.15876437666650065,7,109,124,0.8280310777235498,True,0.7767560045564231
Total (2013–2024),Total nacional,Referência,Total nacional,Robustez: diferença sazonal,12,131,Inadimplência → desastres,7,0.6433334715069806,0.7191536311703386,0.6764389543035481,0.2710333104949896,7,109,124,0.8280310777235498,True,0.8504655051683285
Total (2013–2024),Total nacional,Referência,Total nacional,Robustez: diferença sazonal,12,131,Desastres → inadimplência,8,1.138233867972455,0.3440322153780584,0.49977636112056434,0.21372165991029002,8,106,123,0.8575823190368803,True,0.7933688274062665
Total (2013–2024),Total nacional,Referência,Total nacional,Robustez: diferença sazonal,12,131,Inadimplência → desastres,8,0.6157680724125383,0.7629253297936207,0.7289447289114551,0.08407112189274514,8,106,123,0.8575823190368803,True,0.8747824571937884
Total (2013–2024),Total nacional,Referência,Total nacional,Robustez: diferença sazonal,12,131,Desastres → inadimplência,9,0.9781415940211815,0.46257781368175965,0.6104964621407529,0.09379799418458493,9,103,122,0.8708095062207226,True,0.8656021962607778
Total (2013–2024),Total nacional,Referência,Total nacional,Robustez: diferença sazonal,12,131,Inadimplência → desastres,9,0.946940171494262,0.48832042933937325,0.5800898451287669,2.681539582681647e-05,9,103,122,0.8708095062207226,True,0.716269053949184
Total (2013–2024),Total nacional,Referência,Total nacional,Robustez: diferença sazonal,12,131,Desastres → inadimplência,10,1.1762437219066793,0.31580109940947865,0.5227839068035254,0.050530494587800526,10,100,121,0.9090958376908628,True,0.7767560045564231
Total (2013–2024),Total nacional,Referência,Total nacional,Robustez: diferença sazonal,12,131,Inadimplência → desastres,10,1.4843980441882454,0.15625519474810462,0.3714314323577078,5.209187339971391e-08,10,100,121,0.9090958376908628,True,0.4228511436779322
Total (2013–2024),Total nacional,Referência,Total nacional,Robustez: diferença sazonal,12,131,Desastres → inadimplência,11,1.135210068036541,0.3429617906028299,0.6419323697991342,0.019008065342154677,11,97,120,0.9406238814069775,True,0.7933688274062665
Total (2013–2024),Total nacional,Referência,Total nacional,Robustez: diferença sazonal,12,131,Inadimplência → desastres,11,2.5299273224468326,0.007526656444950535,0.011352459127708887,4.696095024963885e-10,11,97,120,0.9406238814069775,True,0.14700500869044014
Total (2013–2024),Total nacional,Referência,Total nacional,Robustez: diferença sazonal,12,131,Desastres → inadimplência,12,1.2795848045965175,0.2435914807250396,0.1984320546435253,5.3752068234062714e-09,12,94,119,0.9681659025411621,True,0.720577486821982
Total (2013–2024),Total nacional,Referência,Total nacional,Robustez: diferença sazonal,12,131,Inadimplência → desastres,12,3.005538216936661,0.0013415060395637805,0.002289074271578077,4.6490721717536665e-07,12,94,119,0.9681659025411621,True,0.08825697628709082
Total (2013–2024),Grupo | Climatológico,Grupo,Climatológico,Principal: 11 dummies,12,143,Desastres → inadimplência,1,0.8609113348121408,0.35523010992007664,0.42133174968344345,0.5121240576943471,1,128,142,0.44597287568582705,True,0.8069713964343528
Total (2013–2024),Grupo | Climatológico,Grupo,Climatológico,Principal: 11 dummies,12,143,Inadimplência → desastres,1,1.7674189138773806,0.18606637176698027,0.2454071927581539,0.07027147245719752,1,128,142,0.44597287568582705,True,0.4602542937454006
Total (2013–2024),Grupo | Climatológico,Grupo,Climatológico,Principal: 11 dummies,12,143,Desastres → inadimplência,2,1.4824264097964934,0.231050530004407,0.3935671650022558,0.24710803482116922,2,125,141,0.6739380513566409,True,0.7132294285430795
Total (2013–2024),Grupo | Climatológico,Grupo,Climatológico,Principal: 11 dummies,12,143,Inadimplência → desastres,2,0.8327326565893238,0.4372571137309516,0.4378921758514704,0.19523403359081606,2,125,141,0.6739380513566409,True,0.6776943250669981
Total (2013–2024),Grupo | Climatológico,Grupo,Climatológico,Principal: 11 dummies,12,143,Desastres → inadimplência,3,0.2171754817468764,0.884327972486953,0.9132178745952253,0.8363519048844368,3,122,140,0.7517823822437342,True,0.976515560155759
Total (2013–2024),Grupo | Climatológico,Grupo,Climatológico,Principal: 11 dummies,12,143,Inadimplência → desastres,3,0.9896341083110523,0.4001343327434669,0.32347053902041273,0.10852382380447802,3,122,140,0.7517823822437342,True,0.6518606226781614
Total (2013–2024),Grupo | Climatológico,Grupo,Climatológico,Principal: 11 dummies,12,143,Desastres → inadimplência,4,0.18897368568640438,0.9437539030133252,0.9292140719520787,0.8738713030237759,4,119,139,0.6619799458408809,True,0.9899358849372114
Total (2013–2024),Grupo | Climatológico,Grupo,Climatológico,Principal: 11 dummies,12,143,Inadimplência → desastres,4,0.7969687575136423,0.5294342893732764,0.5122950333721532,0.2842019690876427,4,119,139,0.6619799458408809,True,0.7383216327419855
Total (2013–2024),Grupo | Climatológico,Grupo,Climatológico,Principal: 11 dummies,12,143,Desastres → inadimplência,5,1.3476814127256898,0.24932739882064245,0.401127741893114,0.2563051369049826,5,116,138,0.8623785581118452,True,0.7248121050998283
Total (2013–2024),Grupo | Climatológico,Grupo,Climatológico,Principal: 11 dummies,12,143,Inadimplência → desastres,5,0.7638697750904123,0.5776658127792966,0.6080489369890145,0.3695588043666359,5,116,138,0.8623785581118452,True,0.7681726233767242
Total (2013–2024),Grupo | Climatológico,Grupo,Climatológico,Principal: 11 dummies,12,143,Desastres → inadimplência,6,0.7491177983855528,0.611351356841927,0.7116736059884257,0.5903938527162838,6,113,137,0.8786130680775601,True,0.9168999854112312
Total (2013–2024),Grupo | Climatológico,Grupo,Climatológico,Principal: 11 dummies,12,143,Inadimplência → desastres,6,1.9658530847790887,0.07636539243174549,0.08236693138500945,0.00014612161676588062,6,113,137,0.8786130680775601,True,0.32468279095129887
Total (2013–2024),Grupo | Climatológico,Grupo,Climatológico,Principal: 11 dummies,12,143,Desastres → inadimplência,7,0.7668893374362524,0.6162166431794669,0.7585210878794768,0.6253711937322248,7,110,136,0.9066049939435683,True,0.9168999854112312
Total (2013–2024),Grupo | Climatológico,Grupo,Climatológico,Principal: 11 dummies,12,143,Inadimplência → desastres,7,2.0989071942363036,0.04945407386232017,0.14443964349089697,1.2638899814059038e-06,7,110,136,0.9066049939435683,True,0.254393384065433
Total (2013–2024),Grupo | Climatológico,Grupo,Climatológico,Principal: 11 dummies,12,143,Desastres → inadimplência,8,0.9168818625268774,0.50559918738869,0.6773457583544233,0.3291057189839473,8,107,135,0.9075962007482585,True,0.8754569642361758
Total (2013–2024),Grupo | Climatológico,Grupo,Climatológico,Principal: 11 dummies,12,143,Inadimplência → desastres,8,1.7726513097179626,0.09039135449328126,0.2349880072263835,1.086235653644435e-06,8,107,135,0.9075962007482585,True,0.34659261692209076
Total (2013–2024),Grupo | Climatológico,Grupo,Climatológico,Principal: 11 dummies,12,143,Desastres → inadimplência,9,0.9205578909288681,0.5105665015425378,0.711159849744909,0.3641204439330706,9,104,134,0.9279102830915684,True,0.8754569642361758
Total (2013–2024),Grupo | Climatológico,Grupo,Climatológico,Principal: 11 dummies,12,143,Inadimplência → desastres,9,1.6391351138523398,0.11368627295299287,0.22016773530890213,1.8265568092415585e-06,9,104,134,0.9279102830915684,True,0.37368827197657495
Total (2013–2024),Grupo | Climatológico,Grupo,Climatológico,Principal: 11 dummies,12,143,Desastres → inadimplência,10,0.7868813272788734,0.6412709493400063,0.651437355077797,0.06942584728266965,10,101,133,0.8868505008048132,True,0.9168999854112312
Total (2013–2024),Grupo | Climatológico,Grupo,Climatológico,Principal: 11 dummies,12,143,Inadimplência → desastres,10,2.0732928787623646,0.033423780415039024,0.03502876618250624,9.913959173201458e-09,10,101,133,0.8868505008048132,True,0.222232582546802
Total (2013–2024),Grupo | Climatológico,Grupo,Climatológico,Principal: 11 dummies,12,143,Desastres → inadimplência,11,0.8721723841119248,0.5698483862565893,0.6790091767678702,0.16349558587704943,11,98,132,0.934476895409976,True,0.9016588390135907
Total (2013–2024),Grupo | Climatológico,Grupo,Climatológico,Principal: 11 dummies,12,143,Inadimplência → desastres,11,1.5316482274536154,0.1323135533443744,0.08182412370768646,7.813049322027849e-09,11,98,132,0.934476895409976,True,0.3919240324181706
Total (2013–2024),Grupo | Climatológico,Grupo,Climatológico,Principal: 11 dummies,12,143,Desastres → inadimplência,12,1.0338207623104676,0.4250049194669044,0.5103009462526396,0.0005690872891431858,12,95,131,0.9342295637573205,True,0.8450299596703985
Total (2013–2024),Grupo | Climatológico,Grupo,Climatológico,Principal: 11 dummies,12,143,Inadimplência → desastres,12,1.5181354892345218,0.13104646132436784,0.020423676885487282,2.6488115652553597e-09,12,95,131,0.9342295637573205,True,0.39188535085038234
Total (2013–2024),Grupo | Climatológico,Grupo,Climatológico,Comparação: sem dummies,12,143,Desastres → inadimplência,1,0.630863992394981,0.42839252924478055,0.4618626687448767,0.6325156072812445,1,139,142,0.32745278542437645,True,0.8457658034478042
Total (2013–2024),Grupo | Climatológico,Grupo,Climatológico,Comparação: sem dummies,12,143,Inadimplência → desastres,1,2.386727027561538,0.12464327988299716,0.15941250295176895,0.12437177941790539,1,139,142,0.32745278542437645,True,0.38239974695218304
Total (2013–2024),Grupo | Climatológico,Grupo,Climatológico,Comparação: sem dummies,12,143,Desastres → inadimplência,2,1.9974385677604247,0.13964326528936805,0.16419023862427085,0.28543657644740256,2,136,141,0.5023208198849649,True,0.6060905611517711
Total (2013–2024),Grupo | Climatológico,Grupo,Climatológico,Comparação: sem dummies,12,143,Inadimplência → desastres,2,1.2576478952892014,0.2876072788297719,0.2757610324248351,0.2772346106300193,2,136,141,0.5023208198849649,True,0.5607472481166349
Total (2013–2024),Grupo | Climatológico,Grupo,Climatológico,Comparação: sem dummies,12,143,Desastres → inadimplência,3,1.1291102019218937,0.3397300391652625,0.2376200842123967,0.12773901782096503,3,133,140,0.7606356723212843,True,0.7933688274062665
Total (2013–2024),Grupo | Climatológico,Grupo,Climatológico,Comparação: sem dummies,12,143,Inadimplência → desastres,3,1.5684085928029359,0.20003721833325183,0.1896043694122942,0.231355725213027,3,133,140,0.7606356723212843,True,0.4732488200952874
Total (2013–2024),Grupo | Climatológico,Grupo,Climatológico,Comparação: sem dummies,12,143,Desastres → inadimplência,4,1.1362876547001817,0.34235355997489786,0.2720723942586879,0.06614872647807758,4,130,139,0.7561544499242218,True,0.7933688274062665
Total (2013–2024),Grupo | Climatológico,Grupo,Climatológico,Comparação: sem dummies,12,143,Inadimplência → desastres,4,1.134929035067448,0.34298111240134077,0.3280630843083808,0.4852697076728353,4,130,139,0.7561544499242218,True,0.6027092785829633
Total (2013–2024),Grupo | Climatológico,Grupo,Climatológico,Comparação: sem dummies,12,143,Desastres → inadimplência,5,2.147797725677686,0.06394323937575146,0.10959217257903033,0.09328216114171305,5,127,138,0.8733585078245985,True,0.48418606498525063
Total (2013–2024),Grupo | Climatológico,Grupo,Climatológico,Comparação: sem dummies,12,143,Inadimplência → desastres,5,0.5851435713652449,0.7113209439981147,0.6263720650514766,0.5917568971273769,5,127,138,0.8733585078245985,True,0.8465135751150248
Total (2013–2024),Grupo | Climatológico,Grupo,Climatológico,Comparação: sem dummies,12,143,Desastres → inadimplência,6,1.3286677995702374,0.24933536415434093,0.10818632730317425,0.0004916303398657925,6,124,137,0.9253017024919818,True,0.7248121050998283
Total (2013–2024),Grupo | Climatológico,Grupo,Climatológico,Comparação: sem dummies,12,143,Inadimplência → desastres,6,2.8386580245111137,0.012656763135321525,0.00043740446400022904,2.1409790156895236e-10,6,124,137,0.9253017024919818,True,0.16331270176847915
Total (2013–2024),Grupo | Climatológico,Grupo,Climatológico,Comparação: sem dummies,12,143,Desastres → inadimplência,7,0.9368293688396249,0.480854796161847,0.26797835184647273,0.010706032911922857,7,121,136,0.945291497250962,True,0.8698531044895931
Total (2013–2024),Grupo | Climatológico,Grupo,Climatológico,Comparação: sem dummies,12,143,Inadimplência → desastres,7,2.874365828108531,0.008218715713777369,0.0007278732955429515,1.429748329206898e-13,7,121,136,0.945291497250962,True,0.1533342483913688
Total (2013–2024),Grupo | Climatológico,Grupo,Climatológico,Comparação: sem dummies,12,143,Desastres → inadimplência,8,0.9361340657138526,0.4896330719169517,0.40625185834137734,0.003327395418375543,8,118,135,0.9454392887474253,True,0.8723166880408955
Total (2013–2024),Grupo | Climatológico,Grupo,Climatológico,Comparação: sem dummies,12,143,Inadimplência → desastres,8,2.3718752354869306,0.020972034572084772,0.001744624886485225,3.4326875085032757e-10,8,118,135,0.9454392887474253,True,0.18042560956402565
Total (2013–2024),Grupo | Climatológico,Grupo,Climatológico,Comparação: sem dummies,12,143,Desastres → inadimplência,9,1.0692600723998382,0.39080313874322076,0.3240818759650448,0.0003754219723227295,9,115,134,0.9622691664335888,True,0.8238880488820793
Total (2013–2024),Grupo | Climatológico,Grupo,Climatológico,Comparação: sem dummies,12,143,Inadimplência → desastres,9,2.420059648491583,0.014857999279967891,0.0018113053609017352,8.330747397898282e-13,9,115,134,0.9622691664335888,True,0.16331270176847915
Total (2013–2024),Grupo | Climatológico,Grupo,Climatológico,Comparação: sem dummies,12,143,Desastres → inadimplência,10,0.8750668802657279,0.5586668878831932,0.5088828560021696,0.003302851813865959,10,112,133,0.9404139505308808,True,0.8987103429813551
Total (2013–2024),Grupo | Climatológico,Grupo,Climatológico,Comparação: sem dummies,12,143,Inadimplência → desastres,10,2.8536059053828704,0.003353372431736161,2.7453338136537794e-06,8.748436375735355e-29,10,112,133,0.9404139505308808,True,0.11030830367553161
Total (2013–2024),Grupo | Climatológico,Grupo,Climatológico,Comparação: sem dummies,12,143,Desastres → inadimplência,11,0.8045543518427345,0.6352926677833428,0.6677080065404835,0.02247316138590568,11,109,132,0.9605886409480346,True,0.9168999854112312
Total (2013–2024),Grupo | Climatológico,Grupo,Climatológico,Comparação: sem dummies,12,143,Inadimplência → desastres,11,2.03392053351313,0.03166533955692332,0.002370157326432643,3.058543645994709e-20,11,109,132,0.9605886409480346,True,0.2179593217402472
Total (2013–2024),Grupo | Climatológico,Grupo,Climatológico,Comparação: sem dummies,12,143,Desastres → inadimplência,12,0.6236070127846745,0.8180238239977968,0.8705919635751603,0.0010341427020569645,12,106,131,0.9638990064209894,True,0.9635776473725449
Total (2013–2024),Grupo | Climatológico,Grupo,Climatológico,Comparação: sem dummies,12,143,Inadimplência → desastres,12,2.1196555357728064,0.02136239217238064,0.0005343244884433108,9.101644190905493e-23,12,106,131,0.9638990064209894,True,0.18042560956402565
Total (2013–2024),Grupo | Climatológico,Grupo,Climatológico,Robustez: diferença sazonal,12,131,Desastres → inadimplência,1,1.208113044465026,0.2737854167275416,0.2751091796572776,0.24167616935705796,1,127,130,0.5057966818866295,True,0.7485099092804823
Total (2013–2024),Grupo | Climatológico,Grupo,Climatológico,Robustez: diferença sazonal,12,131,Inadimplência → desastres,1,0.0907815509318453,0.763678679106361,0.7856316140271155,0.6961748167086059,1,127,130,0.5057966818866295,True,0.8747824571937884
Total (2013–2024),Grupo | Climatológico,Grupo,Climatológico,Robustez: diferença sazonal,12,131,Desastres → inadimplência,2,1.2290714873972166,0.2961030514516602,0.17612908193822757,0.18845465576385098,2,124,129,0.6400897664808262,True,0.7578444358950407
Total (2013–2024),Grupo | Climatológico,Grupo,Climatológico,Robustez: diferença sazonal,12,131,Inadimplência → desastres,2,0.3341904400134382,0.7165602168945648,0.6819832074378008,0.6871207667532298,2,124,129,0.6400897664808262,True,0.8498105039072165
Total (2013–2024),Grupo | Climatológico,Grupo,Climatológico,Robustez: diferença sazonal,12,131,Desastres → inadimplência,3,1.1941994777366707,0.3149611322937057,0.1820386684087133,0.056102628395869124,3,121,128,0.7412171056014062,True,0.7767560045564231
Total (2013–2024),Grupo | Climatológico,Grupo,Climatológico,Robustez: diferença sazonal,12,131,Inadimplência → desastres,3,0.29745728053123466,0.8271754885391515,0.8475755461287204,0.796223185800407,3,121,128,0.7412171056014062,True,0.9084873209682174
Total (2013–2024),Grupo | Climatológico,Grupo,Climatológico,Robustez: diferença sazonal,12,131,Desastres → inadimplência,4,0.7548196262272089,0.5567543446480911,0.3867396550742829,0.2094366288887397,4,118,127,0.7530244285078875,True,0.8987103429813551
Total (2013–2024),Grupo | Climatológico,Grupo,Climatológico,Robustez: diferença sazonal,12,131,Inadimplência → desastres,4,1.2856427798885608,0.2795887532282136,0.39400411854939255,0.060709743483209365,4,118,127,0.7530244285078875,True,0.556506276330043
Total (2013–2024),Grupo | Climatológico,Grupo,Climatológico,Robustez: diferença sazonal,12,131,Desastres → inadimplência,5,1.2371558503787463,0.29632504465859627,0.16963799091436776,0.00733494931342085,5,115,126,0.8502993141528153,True,0.7578444358950407
Total (2013–2024),Grupo | Climatológico,Grupo,Climatológico,Robustez: diferença sazonal,12,131,Inadimplência → desastres,5,1.6297231780828008,0.15764872163563481,0.21944571490905146,0.021449999282365788,5,115,126,0.8502993141528153,True,0.42316662312963055
Total (2013–2024),Grupo | Climatológico,Grupo,Climatológico,Robustez: diferença sazonal,12,131,Desastres → inadimplência,6,1.4136559666876911,0.21555926538327924,0.2137402002145265,0.0029502001509585725,6,112,125,0.8863146029410629,True,0.7035224066033917
Total (2013–2024),Grupo | Climatológico,Grupo,Climatológico,Robustez: diferença sazonal,12,131,Inadimplência → desastres,6,2.0144800710763464,0.06949731441090884,0.052463735756038896,0.0005213290906733745,6,112,125,0.8863146029410629,True,0.30163764935290294
Total (2013–2024),Grupo | Climatológico,Grupo,Climatológico,Robustez: diferença sazonal,12,131,Desastres → inadimplência,7,1.3089948279682528,0.25285622094200066,0.2689366538949531,0.03374775818065552,7,109,124,0.8922737024315942,True,0.7295060750278837
Total (2013–2024),Grupo | Climatológico,Grupo,Climatológico,Robustez: diferença sazonal,12,131,Inadimplência → desastres,7,1.9984669005550026,0.06169509111484073,0.023248434353425062,1.231572220802649e-07,7,109,124,0.8922737024315942,True,0.28160631070101
Total (2013–2024),Grupo | Climatológico,Grupo,Climatológico,Robustez: diferença sazonal,12,131,Desastres → inadimplência,8,1.394234770477756,0.20739736536172157,0.21125196085780967,0.0029376942418124522,8,106,123,0.9090606184303155,True,0.6858378484183915
Total (2013–2024),Grupo | Climatológico,Grupo,Climatológico,Robustez: diferença sazonal,12,131,Inadimplência → desastres,8,1.8944441063100492,0.06831347234554086,0.02453009869916915,6.710220742633881e-07,8,106,123,0.9090606184303155,True,0.29753254505897586
Total (2013–2024),Grupo | Climatológico,Grupo,Climatológico,Robustez: diferença sazonal,12,131,Desastres → inadimplência,9,1.2504003743543848,0.27318858215389036,0.2924212274308144,0.0015380186589469993,9,103,122,0.9218606619059069,True,0.7485099092804823
Total (2013–2024),Grupo | Climatológico,Grupo,Climatológico,Robustez: diferença sazonal,12,131,Inadimplência → desastres,9,2.109500968362389,0.035132829057494736,0.015731786381246286,5.858440352919522e-09,9,103,122,0.9218606619059069,True,0.22339377987795594
Total (2013–2024),Grupo | Climatológico,Grupo,Climatológico,Robustez: diferença sazonal,12,131,Desastres → inadimplência,10,1.0372185078408085,0.4182848456229089,0.45579941435852067,7.50274582529764e-05,10,100,121,0.9350964915571817,True,0.8404285387582666
Total (2013–2024),Grupo | Climatológico,Grupo,Climatológico,Robustez: diferença sazonal,12,131,Inadimplência → desastres,10,2.3753686792687576,0.014399946581020319,0.010310729268470016,1.155714010838839e-12,10,100,121,0.9350964915571817,True,0.16331270176847915
Total (2013–2024),Grupo | Climatológico,Grupo,Climatológico,Robustez: diferença sazonal,12,131,Desastres → inadimplência,11,0.8487762311346987,0.5923752402425294,0.6147991221156616,1.8903900859116828e-05,11,97,120,0.9373015072621126,True,0.9143945838643741
Total (2013–2024),Grupo | Climatológico,Grupo,Climatológico,Robustez: diferença sazonal,12,131,Inadimplência → desastres,11,2.3378674625505127,0.013436666018578161,0.0054231515068189,2.5321525368231677e-17,11,97,120,0.9373015072621126,True,0.16331270176847915
Total (2013–2024),Grupo | Climatológico,Grupo,Climatológico,Robustez: diferença sazonal,12,131,Desastres → inadimplência,12,1.8514068581274803,0.05077847773482504,0.03576920419794166,4.371847130868495e-09,12,94,119,0.9690186971181194,True,0.46433405820221224
Total (2013–2024),Grupo | Climatológico,Grupo,Climatológico,Robustez: diferença sazonal,12,131,Inadimplência → desastres,12,1.655785357189294,0.08956214960874023,0.1334022083629927,3.9917801854137234e-09,12,94,119,0.9690186971181194,True,0.3444698061874624
Total (2013–2024),Grupo | Hidrológico,Grupo,Hidrológico,Principal: 11 dummies,12,143,Desastres → inadimplência,1,0.019550936314590574,0.8890183041335735,0.886927279231421,0.853220352808612,1,128,142,0.46072863299673866,True,0.976515560155759
Total (2013–2024),Grupo | Hidrológico,Grupo,Hidrológico,Principal: 11 dummies,12,143,Inadimplência → desastres,1,0.00018829598116117493,0.9890730582347204,0.9909803705367072,0.9882877273393561,1,128,142,0.46072863299673866,True,0.9954077846489334
Total (2013–2024),Grupo | Hidrológico,Grupo,Hidrológico,Principal: 11 dummies,12,143,Desastres → inadimplência,2,0.7944520315530597,0.4540966657390877,0.4963777126175786,0.43601835783635773,2,125,141,0.6564606868895599,True,0.8571789513803465
Total (2013–2024),Grupo | Hidrológico,Grupo,Hidrológico,Principal: 11 dummies,12,143,Inadimplência → desastres,2,0.018919719270635335,0.9812609446127936,0.9793772514225586,0.9394244897710953,2,125,141,0.6564606868895599,True,0.9915733070056523
Total (2013–2024),Grupo | Hidrológico,Grupo,Hidrológico,Principal: 11 dummies,12,143,Desastres → inadimplência,3,0.68200005189629,0.5646992478554143,0.590135109184046,0.1684786692841414,3,122,140,0.751772040277513,True,0.8988379624343179
Total (2013–2024),Grupo | Hidrológico,Grupo,Hidrológico,Principal: 11 dummies,12,143,Inadimplência → desastres,3,0.018929267468536234,0.9964413122461537,0.9954287230617109,0.9768544545787567,3,122,140,0.751772040277513,True,0.9986844446084452
Total (2013–2024),Grupo | Hidrológico,Grupo,Hidrológico,Principal: 11 dummies,12,143,Desastres → inadimplência,4,0.693836116336503,0.5976483000137549,0.6254356138964654,0.16683322871311762,4,119,139,0.6588354634668413,True,0.9143945838643741
Total (2013–2024),Grupo | Hidrológico,Grupo,Hidrológico,Principal: 11 dummies,12,143,Inadimplência → desastres,4,0.20038792238525252,0.9377030499166092,0.9299316119546759,0.7859902050037464,4,119,139,0.6588354634668413,True,0.9687014978477368
Total (2013–2024),Grupo | Hidrológico,Grupo,Hidrológico,Principal: 11 dummies,12,143,Desastres → inadimplência,5,0.6243376628542996,0.681496052547515,0.6989835554353654,0.19490220275465503,5,116,138,0.7292536153125204,True,0.9235504512733719
Total (2013–2024),Grupo | Hidrológico,Grupo,Hidrológico,Principal: 11 dummies,12,143,Inadimplência → desastres,5,0.34938879615421187,0.8817445292016189,0.9193264994867114,0.6078026423061031,5,116,138,0.7292536153125204,True,0.9384636849939987
Total (2013–2024),Grupo | Hidrológico,Grupo,Hidrológico,Principal: 11 dummies,12,143,Desastres → inadimplência,6,0.4678220318394678,0.8309151280105291,0.8454233594096795,0.31417222844425696,6,113,137,0.8177340697730787,True,0.9635776473725449
Total (2013–2024),Grupo | Hidrológico,Grupo,Hidrológico,Principal: 11 dummies,12,143,Inadimplência → desastres,6,0.5207207438805008,0.7915915997427211,0.8281112172101726,0.14200221540682603,6,113,137,0.8177340697730787,True,0.8881173579730959
Total (2013–2024),Grupo | Hidrológico,Grupo,Hidrológico,Principal: 11 dummies,12,143,Desastres → inadimplência,7,0.43723094457946865,0.8768574502257132,0.7644086113826752,0.31343374049117245,7,110,136,0.8396474240045612,True,0.9760212046145517
Total (2013–2024),Grupo | Hidrológico,Grupo,Hidrológico,Principal: 11 dummies,12,143,Inadimplência → desastres,7,0.7691922189971772,0.6143112622842113,0.6769110672638514,0.01767747706659481,7,110,136,0.8396474240045612,True,0.786942568458473
Total (2013–2024),Grupo | Hidrológico,Grupo,Hidrológico,Principal: 11 dummies,12,143,Desastres → inadimplência,8,0.5238764397835792,0.8362704932784149,0.7717750909394714,0.1627715006290681,8,107,135,0.8730181819683398,True,0.9643340559022312
Total (2013–2024),Grupo | Hidrológico,Grupo,Hidrológico,Principal: 11 dummies,12,143,Inadimplência → desastres,8,0.7346611120640896,0.6606672356956726,0.6183805344582622,0.0033981742343905156,8,107,135,0.8730181819683398,True,0.8160415460667894
Total (2013–2024),Grupo | Hidrológico,Grupo,Hidrológico,Principal: 11 dummies,12,143,Desastres → inadimplência,9,0.45105425294549734,0.9037014725429582,0.8871649379339208,0.1190298714420095,9,104,134,0.9151981274915731,True,0.9805788547558141
Total (2013–2024),Grupo | Hidrológico,Grupo,Hidrológico,Principal: 11 dummies,12,143,Inadimplência → desastres,9,0.510272938026888,0.864224728933761,0.848572846146788,0.03256031552899206,9,104,134,0.9151981274915731,True,0.9280763841642622
Total (2013–2024),Grupo | Hidrológico,Grupo,Hidrológico,Principal: 11 dummies,12,143,Desastres → inadimplência,10,0.5403388792224724,0.8577023760305847,0.9062904111176763,0.16960408399425542,10,101,133,0.9112757878359511,True,0.9712551051146766
Total (2013–2024),Grupo | Hidrológico,Grupo,Hidrológico,Principal: 11 dummies,12,143,Inadimplência → desastres,10,0.5916475500686367,0.817432172593842,0.8081795075341462,0.014965889319330952,10,101,133,0.9112757878359511,True,0.9013838493093929
Total (2013–2024),Grupo | Hidrológico,Grupo,Hidrológico,Principal: 11 dummies,12,143,Desastres → inadimplência,11,0.8370631344220182,0.6036900616141774,0.7967200409742419,0.035426844510233924,11,98,132,0.9293760877105746,True,0.9148911103720132
Total (2013–2024),Grupo | Hidrológico,Grupo,Hidrológico,Principal: 11 dummies,12,143,Inadimplência → desastres,11,0.8511392065832942,0.5900780141413038,0.6467641954499068,0.0007675901762864628,11,98,132,0.9293760877105746,True,0.7748906554085087
Total (2013–2024),Grupo | Hidrológico,Grupo,Hidrológico,Principal: 11 dummies,12,143,Desastres → inadimplência,12,0.7949651223581454,0.6545446573826184,0.736583639173696,0.015136077671672734,12,95,131,0.9233265631779438,True,0.9168999854112312
Total (2013–2024),Grupo | Hidrológico,Grupo,Hidrológico,Principal: 11 dummies,12,143,Inadimplência → desastres,12,0.9261003133603974,0.5245187085740959,0.5391050525147747,1.7228283888122508e-05,12,95,131,0.9233265631779438,True,0.7354766420422758
Total (2013–2024),Grupo | Hidrológico,Grupo,Hidrológico,Comparação: sem dummies,12,143,Desastres → inadimplência,1,0.08928178066643198,0.7655384655822349,0.7427301252757552,0.6855394862343924,1,139,142,0.19154583778124418,True,0.9461996113825728
Total (2013–2024),Grupo | Hidrológico,Grupo,Hidrológico,Comparação: sem dummies,12,143,Inadimplência → desastres,1,2.3755716146651893,0.12551998410434848,0.21023041224389918,0.1366992797579027,1,139,142,0.19154583778124418,True,0.38239974695218304
Total (2013–2024),Grupo | Hidrológico,Grupo,Hidrológico,Comparação: sem dummies,12,143,Desastres → inadimplência,2,0.24040577806243382,0.7866421666246242,0.8446960584438851,0.8443949333376355,2,136,141,0.4672464886711634,True,0.9528515418865274
Total (2013–2024),Grupo | Hidrológico,Grupo,Hidrológico,Comparação: sem dummies,12,143,Inadimplência → desastres,2,1.9831807083157327,0.14159112111578198,0.20291975329273587,0.26995568019942745,2,136,141,0.4672464886711634,True,0.4075342919479608
Total (2013–2024),Grupo | Hidrológico,Grupo,Hidrológico,Comparação: sem dummies,12,143,Desastres → inadimplência,3,1.4613319463428847,0.22802037731689107,0.09927532697046391,0.03000056392021099,3,133,140,0.7213207474965408,True,0.7132294285430795
Total (2013–2024),Grupo | Hidrológico,Grupo,Hidrológico,Comparação: sem dummies,12,143,Inadimplência → desastres,3,1.5674246832040506,0.20027890066432563,0.2304265354981326,0.38636780084441763,3,133,140,0.7213207474965408,True,0.4732488200952874
Total (2013–2024),Grupo | Hidrológico,Grupo,Hidrológico,Comparação: sem dummies,12,143,Desastres → inadimplência,4,4.25144217555217,0.0028839343591110776,9.083648908387542e-06,3.302496551394568e-17,4,130,139,0.7894039519145446,True,0.24297138248024852
Total (2013–2024),Grupo | Hidrológico,Grupo,Hidrológico,Comparação: sem dummies,12,143,Inadimplência → desastres,4,1.645969444816836,0.16658908259720795,0.07087322300575599,0.004253839443034289,4,130,139,0.7894039519145446,True,0.4413987969147577
Total (2013–2024),Grupo | Hidrológico,Grupo,Hidrológico,Comparação: sem dummies,12,143,Desastres → inadimplência,5,3.5110025996071945,0.005248181861573368,0.0001341566923649234,1.9619673303965867e-14,5,127,138,0.8408937452936646,True,0.24297138248024852
Total (2013–2024),Grupo | Hidrológico,Grupo,Hidrológico,Comparação: sem dummies,12,143,Inadimplência → desastres,5,1.7159971034681654,0.13554139774291796,0.014051838911666727,3.54248887061245e-06,5,127,138,0.8408937452936646,True,0.3948778925440355
Total (2013–2024),Grupo | Hidrológico,Grupo,Hidrológico,Comparação: sem dummies,12,143,Desastres → inadimplência,6,3.275485610210589,0.0050320141991244995,0.0004193462303345883,2.1320629606688813e-13,6,124,137,0.9219139315136606,True,0.24297138248024852
Total (2013–2024),Grupo | Hidrológico,Grupo,Hidrológico,Comparação: sem dummies,12,143,Inadimplência → desastres,6,2.4751111519688176,0.026970260694126915,0.02260754081848123,7.806119492153254e-05,6,124,137,0.9219139315136606,True,0.20308931245577497
Total (2013–2024),Grupo | Hidrológico,Grupo,Hidrológico,Comparação: sem dummies,12,143,Desastres → inadimplência,7,2.137014822582109,0.044648278654879074,0.0025633148270958615,4.483573844862843e-11,7,121,136,0.9395849961835764,True,0.4490556966544458
Total (2013–2024),Grupo | Hidrológico,Grupo,Hidrológico,Comparação: sem dummies,12,143,Inadimplência → desastres,7,1.9989302954934558,0.06060902791665564,0.050762259323028996,8.231498331143497e-06,7,121,136,0.9395849961835764,True,0.2795439177589747
Total (2013–2024),Grupo | Hidrológico,Grupo,Hidrológico,Comparação: sem dummies,12,143,Desastres → inadimplência,8,2.6661481670311638,0.009984774625222124,0.0037875291122836797,1.2736157360840353e-10,8,118,135,0.95364851700067,True,0.30598466858609275
Total (2013–2024),Grupo | Hidrológico,Grupo,Hidrológico,Comparação: sem dummies,12,143,Inadimplência → desastres,8,2.2878175168841546,0.02584806397591793,0.02095446153937433,1.2452826331741243e-05,8,118,135,0.95364851700067,True,0.19858252459034398
Total (2013–2024),Grupo | Hidrológico,Grupo,Hidrológico,Comparação: sem dummies,12,143,Desastres → inadimplência,9,2.314215863946555,0.01977165009238542,0.008922157429223386,4.326866839063283e-10,9,115,134,0.9567967561619903,True,0.323410687130845
Total (2013–2024),Grupo | Hidrológico,Grupo,Hidrológico,Comparação: sem dummies,12,143,Inadimplência → desastres,9,1.9182302911069502,0.05598175367156023,0.14188203806500183,0.0022963348868437015,9,115,134,0.9567967561619903,True,0.27430847673411135
Total (2013–2024),Grupo | Hidrológico,Grupo,Hidrológico,Comparação: sem dummies,12,143,Desastres → inadimplência,10,2.1017133679379394,0.029885228471060846,0.022367245762294728,1.771223071325068e-11,10,112,133,0.9623888359797808,True,0.3905139274872028
Total (2013–2024),Grupo | Hidrológico,Grupo,Hidrológico,Comparação: sem dummies,12,143,Inadimplência → desastres,10,1.4299661740252534,0.17623506667037853,0.34251534576029885,0.0014387771383275604,10,112,133,0.9623888359797808,True,0.44691975606310386
Total (2013–2024),Grupo | Hidrológico,Grupo,Hidrológico,Comparação: sem dummies,12,143,Desastres → inadimplência,11,2.191753097008294,0.01975419570833923,0.01066491658908766,1.0471954335362279e-11,11,109,132,0.9718275845742523,True,0.323410687130845
Total (2013–2024),Grupo | Hidrológico,Grupo,Hidrológico,Comparação: sem dummies,12,143,Inadimplência → desastres,11,1.0625171028318117,0.3981904520860514,0.5672593066267189,0.1646131034855284,11,109,132,0.9718275845742523,True,0.6518606226781614
Total (2013–2024),Grupo | Hidrológico,Grupo,Hidrológico,Comparação: sem dummies,12,143,Desastres → inadimplência,12,1.7341592831177313,0.06950820733206371,0.04291841776500649,1.330746782380774e-14,12,106,131,0.9732777885918948,True,0.5022269315900557
Total (2013–2024),Grupo | Hidrológico,Grupo,Hidrológico,Comparação: sem dummies,12,143,Inadimplência → desastres,12,1.0133605943610693,0.44212498081023693,0.5968986504885427,0.03977410929258376,12,106,131,0.9732777885918948,True,0.6796207323543773
Total (2013–2024),Grupo | Hidrológico,Grupo,Hidrológico,Robustez: diferença sazonal,12,131,Desastres → inadimplência,1,1.8965327151632327,0.17088940768639135,0.12036281648744354,0.020777470565149312,1,127,130,0.5202492084687524,True,0.6458395860626522
Total (2013–2024),Grupo | Hidrológico,Grupo,Hidrológico,Robustez: diferença sazonal,12,131,Inadimplência → desastres,1,0.2742594499868596,0.6014013778690064,0.631421400578221,0.6108280275384165,1,127,130,0.5202492084687524,True,0.7797893493354456
Total (2013–2024),Grupo | Hidrológico,Grupo,Hidrológico,Robustez: diferença sazonal,12,131,Desastres → inadimplência,2,2.661687049676259,0.07381911013934404,0.06455247276743327,0.04206298269860027,2,124,129,0.6508448513525993,True,0.5102374428805838
Total (2013–2024),Grupo | Hidrológico,Grupo,Hidrológico,Robustez: diferença sazonal,12,131,Inadimplência → desastres,2,0.6725128224474727,0.5122760607494818,0.49813683384046786,0.5411745363137396,2,124,129,0.6508448513525993,True,0.7293224099508568
Total (2013–2024),Grupo | Hidrológico,Grupo,Hidrológico,Robustez: diferença sazonal,12,131,Desastres → inadimplência,3,2.1490359168453774,0.09759392359514389,0.025923454688013433,0.010925300508841652,3,121,128,0.7680432226616878,True,0.543788638138664
Total (2013–2024),Grupo | Hidrológico,Grupo,Hidrológico,Robustez: diferença sazonal,12,131,Inadimplência → desastres,3,0.3429337475847709,0.7943156180098491,0.8082477546926065,0.8099889085228784,3,121,128,0.7680432226616878,True,0.8881173579730959
Total (2013–2024),Grupo | Hidrológico,Grupo,Hidrológico,Robustez: diferença sazonal,12,131,Desastres → inadimplência,4,1.9036391195439573,0.11434376286023254,0.01782122983033723,0.0028267281462922775,4,118,127,0.7003069267233549,True,0.5453141538059578
Total (2013–2024),Grupo | Hidrológico,Grupo,Hidrológico,Robustez: diferença sazonal,12,131,Inadimplência → desastres,4,1.1437835640367688,0.33942540837444823,0.2865004126317924,0.16998559755156376,4,118,127,0.7003069267233549,True,0.5994359738386545
Total (2013–2024),Grupo | Hidrológico,Grupo,Hidrológico,Robustez: diferença sazonal,12,131,Desastres → inadimplência,5,1.5226388249551928,0.1881635552731771,0.04430284921309219,0.008153801362946503,5,115,126,0.7923931857438478,True,0.657729618809072
Total (2013–2024),Grupo | Hidrológico,Grupo,Hidrológico,Robustez: diferença sazonal,12,131,Inadimplência → desastres,5,0.7687032163631574,0.5741988800001233,0.662273873822448,0.13050591960830793,5,115,126,0.7923931857438478,True,0.767943463773648
Total (2013–2024),Grupo | Hidrológico,Grupo,Hidrológico,Robustez: diferença sazonal,12,131,Desastres → inadimplência,6,1.0601688233537445,0.39083372065391797,0.14844911829822405,0.017994885465759884,6,112,125,0.8607376487743688,True,0.8238880488820793
Total (2013–2024),Grupo | Hidrológico,Grupo,Hidrológico,Robustez: diferença sazonal,12,131,Inadimplência → desastres,6,1.4370370648473154,0.20675816239122569,0.27970607560462857,0.001757619408477741,6,112,125,0.8607376487743688,True,0.48009154924716724
Total (2013–2024),Grupo | Hidrológico,Grupo,Hidrológico,Robustez: diferença sazonal,12,131,Desastres → inadimplência,7,0.828370136859988,0.5659255245952952,0.27160333777869056,0.05508180207105393,7,109,124,0.8669841284381158,True,0.8988379624343179
Total (2013–2024),Grupo | Hidrológico,Grupo,Hidrológico,Robustez: diferença sazonal,12,131,Inadimplência → desastres,7,1.4253039726528391,0.20243800778095358,0.2628115468171112,0.003419629838943199,7,109,124,0.8669841284381158,True,0.4756532137710376
Total (2013–2024),Grupo | Hidrológico,Grupo,Hidrológico,Robustez: diferença sazonal,12,131,Desastres → inadimplência,8,0.8711471544196978,0.5433148240980661,0.21744668367600867,0.009058999324137338,8,106,123,0.9006666615510387,True,0.8980501543719078
Total (2013–2024),Grupo | Hidrológico,Grupo,Hidrológico,Robustez: diferença sazonal,12,131,Inadimplência → desastres,8,1.2866991392431049,0.25823387288216626,0.19283561849517383,0.0017252044280856747,8,106,123,0.9006666615510387,True,0.5408515109610756
Total (2013–2024),Grupo | Hidrológico,Grupo,Hidrológico,Robustez: diferença sazonal,12,131,Desastres → inadimplência,9,0.8632493096712606,0.5604469311942448,0.32520219668950995,0.011702438855301561,9,103,122,0.9185346789358269,True,0.8987103429813551
Total (2013–2024),Grupo | Hidrológico,Grupo,Hidrológico,Robustez: diferença sazonal,12,131,Inadimplência → desastres,9,0.9811641530676465,0.46012217411544665,0.46248999884359265,0.01889345442793128,9,103,122,0.9185346789358269,True,0.689881599816553
Total (2013–2024),Grupo | Hidrológico,Grupo,Hidrológico,Robustez: diferença sazonal,12,131,Desastres → inadimplência,10,0.9438841624089733,0.49699947459303895,0.39598366510771554,0.003524467250481533,10,100,121,0.9306289768282865,True,0.8749990749877447
Total (2013–2024),Grupo | Hidrológico,Grupo,Hidrológico,Robustez: diferença sazonal,12,131,Inadimplência → desastres,10,1.1751739537233798,0.31651619055139013,0.336135573823828,0.0017603938466361133,10,100,121,0.9306289768282865,True,0.5819395601026106
Total (2013–2024),Grupo | Hidrológico,Grupo,Hidrológico,Robustez: diferença sazonal,12,131,Desastres → inadimplência,11,1.7989150443123505,0.06437151789263418,0.20666859496991583,0.004639200941050834,11,97,120,0.953202069241134,True,0.48418606498525063
Total (2013–2024),Grupo | Hidrológico,Grupo,Hidrológico,Robustez: diferença sazonal,12,131,Inadimplência → desastres,11,1.8191760104774464,0.060828756504352884,0.07509759538530009,4.137344590317442e-07,11,97,120,0.953202069241134,True,0.2795439177589747
Total (2013–2024),Grupo | Hidrológico,Grupo,Hidrológico,Robustez: diferença sazonal,12,131,Desastres → inadimplência,12,1.3576189417881477,0.2004149136754931,0.43600301505059424,0.004677902237791904,12,94,119,0.9727068788660216,True,0.6734372099310925
Total (2013–2024),Grupo | Hidrológico,Grupo,Hidrológico,Robustez: diferença sazonal,12,131,Inadimplência → desastres,12,1.3989767488242628,0.1801892896379541,0.11933122789847657,4.490737590990513e-08,12,94,119,0.9727068788660216,True,0.4531923783650757
Total (2013–2024),Grupo | Meteorológico,Grupo,Meteorológico,Principal: 11 dummies,12,143,Desastres → inadimplência,1,4.606855619949927e-05,0.9945950612238847,0.994863043161509,0.9907381153300997,1,128,142,0.48403181215578933,True,0.9992078848635362
Total (2013–2024),Grupo | Meteorológico,Grupo,Meteorológico,Principal: 11 dummies,12,143,Inadimplência → desastres,1,0.0838612664873137,0.7725999256638335,0.8737382438805376,0.7533938908750973,1,128,142,0.48403181215578933,True,0.8787533276431228
Total (2013–2024),Grupo | Meteorológico,Grupo,Meteorológico,Principal: 11 dummies,12,143,Desastres → inadimplência,2,2.068420318958043,0.1306895898741943,0.03641900359733901,0.009355188313085865,2,125,141,0.6757793277715065,True,0.579297827456535
Total (2013–2024),Grupo | Meteorológico,Grupo,Meteorológico,Principal: 11 dummies,12,143,Inadimplência → desastres,2,0.9065110781425139,0.40656971510724677,0.4084161401200245,0.25407320383050036,2,125,141,0.6757793277715065,True,0.6574542611695453
Total (2013–2024),Grupo | Meteorológico,Grupo,Meteorológico,Principal: 11 dummies,12,143,Desastres → inadimplência,3,1.2639640297896746,0.28983041328467085,0.10382219072415012,0.031488657118695855,3,122,140,0.7353374237146585,True,0.7578444358950407
Total (2013–2024),Grupo | Meteorológico,Grupo,Meteorológico,Principal: 11 dummies,12,143,Inadimplência → desastres,3,3.9324122239144352,0.010177548030582984,0.04782090778101439,0.0711315291435503,3,122,140,0.7353374237146585,True,0.15706092639788558
Total (2013–2024),Grupo | Meteorológico,Grupo,Meteorológico,Principal: 11 dummies,12,143,Desastres → inadimplência,4,0.9438174672151963,0.4412345459105763,0.22824124361751832,0.044772194361282214,4,119,139,0.6615323550660162,True,0.8511468864015748
Total (2013–2024),Grupo | Meteorológico,Grupo,Meteorológico,Principal: 11 dummies,12,143,Inadimplência → desastres,4,3.867002012257637,0.005454720654962672,0.03852101026070342,0.004160516134771525,4,119,139,0.6615323550660162,True,0.129264071884558
Total (2013–2024),Grupo | Meteorológico,Grupo,Meteorológico,Principal: 11 dummies,12,143,Desastres → inadimplência,5,0.668589591112188,0.6480308587987689,0.46071474959395453,0.16978775734370086,5,116,138,0.6752192380447334,True,0.9168999854112312
Total (2013–2024),Grupo | Meteorológico,Grupo,Meteorológico,Principal: 11 dummies,12,143,Inadimplência → desastres,5,3.174624447463935,0.010082468970276167,0.08749336686194485,0.022128206193350274,5,116,138,0.6752192380447334,True,0.15706092639788558
Total (2013–2024),Grupo | Meteorológico,Grupo,Meteorológico,Principal: 11 dummies,12,143,Desastres → inadimplência,6,0.5068196041775264,0.8021147028008768,0.8127630482242104,0.4047440617902155,6,113,137,0.800542867842156,True,0.9578109280787415
Total (2013–2024),Grupo | Meteorológico,Grupo,Meteorológico,Principal: 11 dummies,12,143,Inadimplência → desastres,6,2.6004248947697133,0.02129491785557111,0.08098280627644389,0.00044658787950902347,6,113,137,0.800542867842156,True,0.18042560956402565
Total (2013–2024),Grupo | Meteorológico,Grupo,Meteorológico,Principal: 11 dummies,12,143,Desastres → inadimplência,7,0.5714093317523015,0.7777837669836667,0.8047740026318274,0.47294755505144426,7,110,136,0.8356300201894863,True,0.9503711717786738
Total (2013–2024),Grupo | Meteorológico,Grupo,Meteorológico,Principal: 11 dummies,12,143,Inadimplência → desastres,7,2.161905973520251,0.04303706337077954,0.21113480989934152,0.01111415871430434,7,110,136,0.8356300201894863,True,0.24564533887431245
Total (2013–2024),Grupo | Meteorológico,Grupo,Meteorológico,Principal: 11 dummies,12,143,Desastres → inadimplência,8,0.7287470549082379,0.6658263764146131,0.7760522937882146,0.2765877375591808,8,107,135,0.8731828026626725,True,0.9186346252960997
Total (2013–2024),Grupo | Meteorológico,Grupo,Meteorológico,Principal: 11 dummies,12,143,Inadimplência → desastres,8,2.2427408214952216,0.029667578468128317,0.14127184188731465,8.093702582243692e-07,8,107,135,0.8731828026626725,True,0.20833973643348538
Total (2013–2024),Grupo | Meteorológico,Grupo,Meteorológico,Principal: 11 dummies,12,143,Desastres → inadimplência,9,0.6318178459595057,0.7675571247535431,0.8519061229929636,0.4322607523652432,9,104,134,0.9101037800133116,True,0.9461996113825728
Total (2013–2024),Grupo | Meteorológico,Grupo,Meteorológico,Principal: 11 dummies,12,143,Inadimplência → desastres,9,1.9627545915048654,0.051074799741762406,0.360281049486752,6.646885007091195e-05,9,104,134,0.9101037800133116,True,0.2606806365011028
Total (2013–2024),Grupo | Meteorológico,Grupo,Meteorológico,Principal: 11 dummies,12,143,Desastres → inadimplência,10,0.5743612777968466,0.8314243376054992,0.9231439405835029,0.5796969634994924,10,101,133,0.9124984788201018,True,0.9635776473725449
Total (2013–2024),Grupo | Meteorológico,Grupo,Meteorológico,Principal: 11 dummies,12,143,Inadimplência → desastres,10,2.3635113099804688,0.014823887644485305,0.07987184877187592,6.148972400446513e-07,10,101,133,0.9124984788201018,True,0.16331270176847915
Total (2013–2024),Grupo | Meteorológico,Grupo,Meteorológico,Principal: 11 dummies,12,143,Desastres → inadimplência,11,0.542515534842009,0.8696755019088943,0.9349175358834116,0.10428752582949019,11,98,132,0.9306461233261036,True,0.9745223741010597
Total (2013–2024),Grupo | Meteorológico,Grupo,Meteorológico,Principal: 11 dummies,12,143,Inadimplência → desastres,11,2.7451350754563237,0.0038710551122149404,0.0338586686388998,5.971480148908183e-12,11,98,132,0.9306461233261036,True,0.11351835860593183
Total (2013–2024),Grupo | Meteorológico,Grupo,Meteorológico,Principal: 11 dummies,12,143,Desastres → inadimplência,12,0.44089803082532525,0.9426517262318239,0.9642548453305699,0.13547876595991107,12,95,131,0.92795234714469,True,0.9899358849372114
Total (2013–2024),Grupo | Meteorológico,Grupo,Meteorológico,Principal: 11 dummies,12,143,Inadimplência → desastres,12,2.5855411438246843,0.0051505680233922815,0.04376731698389789,1.7319187456801095e-10,12,95,131,0.92795234714469,True,0.12876420058480703
Total (2013–2024),Grupo | Meteorológico,Grupo,Meteorológico,Comparação: sem dummies,12,143,Desastres → inadimplência,1,0.39438463652701966,0.5310340340925443,0.5527537203622379,0.2720401440129238,1,139,142,0.396980217185137,True,0.8891569665946155
Total (2013–2024),Grupo | Meteorológico,Grupo,Meteorológico,Comparação: sem dummies,12,143,Inadimplência → desastres,1,0.44403845345951654,0.5062841605280793,0.7014263905384579,0.6331534173161666,1,139,142,0.396980217185137,True,0.7278925859189871
Total (2013–2024),Grupo | Meteorológico,Grupo,Meteorológico,Comparação: sem dummies,12,143,Desastres → inadimplência,2,3.110075553830195,0.04778466425944985,0.03324240454066875,0.006757883287785638,2,136,141,0.4781649268960448,True,0.4564760006094265
Total (2013–2024),Grupo | Meteorológico,Grupo,Meteorológico,Comparação: sem dummies,12,143,Inadimplência → desastres,2,0.21653176339230337,0.8055840445299476,0.9253506997791688,0.8830976102304537,2,136,141,0.4781649268960448,True,0.8950933828110529
Total (2013–2024),Grupo | Meteorológico,Grupo,Meteorológico,Comparação: sem dummies,12,143,Desastres → inadimplência,3,2.2959757905698077,0.0806432848982231,0.014354621785217651,0.0019704148315409504,3,133,140,0.7152464768195375,True,0.5310609721939257
Total (2013–2024),Grupo | Meteorológico,Grupo,Meteorológico,Comparação: sem dummies,12,143,Inadimplência → desastres,3,0.7508098381317028,0.5237371467102225,0.8554362004937965,0.8157562657829668,3,133,140,0.7152464768195375,True,0.7354766420422758
Total (2013–2024),Grupo | Meteorológico,Grupo,Meteorológico,Comparação: sem dummies,12,143,Desastres → inadimplência,4,1.607571109334197,0.17620911841329925,0.039702911487014464,0.001002122317801877,4,130,139,0.6997466766104214,True,0.645927853421185
Total (2013–2024),Grupo | Meteorológico,Grupo,Meteorológico,Comparação: sem dummies,12,143,Inadimplência → desastres,4,0.6043465382235979,0.6601870173678518,0.9126866699266832,0.6387985293552862,4,130,139,0.6997466766104214,True,0.8160415460667894
Total (2013–2024),Grupo | Meteorológico,Grupo,Meteorológico,Comparação: sem dummies,12,143,Desastres → inadimplência,5,1.5547713380984882,0.17762526250562252,0.08360039370387745,0.02656291045094188,5,127,138,0.8153690205904414,True,0.6492151407369244
Total (2013–2024),Grupo | Meteorológico,Grupo,Meteorológico,Comparação: sem dummies,12,143,Inadimplência → desastres,5,1.479181086545059,0.20113747326638295,0.23574238995784688,0.002736905139075563,5,127,138,0.8153690205904414,True,0.4743808331754315
Total (2013–2024),Grupo | Meteorológico,Grupo,Meteorológico,Comparação: sem dummies,12,143,Desastres → inadimplência,6,1.3978672173402318,0.22068271655680935,0.24139820613078822,0.054236358784075296,6,124,137,0.9158883573174903,True,0.7126437847208131
Total (2013–2024),Grupo | Meteorológico,Grupo,Meteorológico,Comparação: sem dummies,12,143,Inadimplência → desastres,6,1.488578124270253,0.18741028562142148,0.19603147784570532,0.0009680676740969776,6,124,137,0.9158883573174903,True,0.4602542937454006
Total (2013–2024),Grupo | Meteorológico,Grupo,Meteorológico,Comparação: sem dummies,12,143,Desastres → inadimplência,7,2.362823839597277,0.02683440053990963,0.023732575343032733,0.0011056162627223335,7,121,136,0.9369088371834133,True,0.3855517318952533
Total (2013–2024),Grupo | Meteorológico,Grupo,Meteorológico,Comparação: sem dummies,12,143,Inadimplência → desastres,7,1.8321271621682511,0.08704580950262182,0.05532802945131153,3.8067936506604186e-06,7,121,136,0.9369088371834133,True,0.3402910252736176
Total (2013–2024),Grupo | Meteorológico,Grupo,Meteorológico,Comparação: sem dummies,12,143,Desastres → inadimplência,8,2.1439759619225844,0.03682372042577515,0.04691516685553682,0.001676654015202922,8,118,135,0.9514669112575693,True,0.4182945893062701
Total (2013–2024),Grupo | Meteorológico,Grupo,Meteorológico,Comparação: sem dummies,12,143,Inadimplência → desastres,8,2.2403889238880406,0.02906376602487079,0.007370084421109562,1.2919703341640428e-06,8,118,135,0.9514669112575693,True,0.2064187927902755
Total (2013–2024),Grupo | Meteorológico,Grupo,Meteorológico,Comparação: sem dummies,12,143,Desastres → inadimplência,9,2.061522657851115,0.03864479393733877,0.09131842156079206,0.00011943401802565662,9,115,134,0.9517878354047272,True,0.42648062491943156
Total (2013–2024),Grupo | Meteorológico,Grupo,Meteorológico,Comparação: sem dummies,12,143,Inadimplência → desastres,9,1.7542360095816585,0.08464633775592588,0.05266648369822099,3.0596401735254113e-07,9,115,134,0.9517878354047272,True,0.3402183993405381
Total (2013–2024),Grupo | Meteorológico,Grupo,Meteorológico,Comparação: sem dummies,12,143,Desastres → inadimplência,10,1.7050938831420999,0.08805477130483089,0.20176011540802766,0.0011294616802122676,10,112,133,0.9584235380891598,True,0.5317317107779643
Total (2013–2024),Grupo | Meteorológico,Grupo,Meteorológico,Comparação: sem dummies,12,143,Inadimplência → desastres,10,1.8627567145715973,0.057836851539609255,0.046093636674304286,2.828695929139496e-08,10,112,133,0.9584235380891598,True,0.27430847673411135
Total (2013–2024),Grupo | Meteorológico,Grupo,Meteorológico,Comparação: sem dummies,12,143,Desastres → inadimplência,11,1.5843226160316233,0.11331779161339847,0.18939107806162767,0.0042617144179057185,11,109,132,0.9689741165363938,True,0.5453141538059578
Total (2013–2024),Grupo | Meteorológico,Grupo,Meteorológico,Comparação: sem dummies,12,143,Inadimplência → desastres,11,1.6431869832437076,0.09661777160822717,0.04429302622540318,1.0135755760830573e-10,11,109,132,0.9689741165363938,True,0.35234955931018785
Total (2013–2024),Grupo | Meteorológico,Grupo,Meteorológico,Comparação: sem dummies,12,143,Desastres → inadimplência,12,1.2902390328084388,0.23503707707478907,0.2903825129047124,0.0010355571826249977,12,106,131,0.9796760948492348,True,0.7132294285430795
Total (2013–2024),Grupo | Meteorológico,Grupo,Meteorológico,Comparação: sem dummies,12,143,Inadimplência → desastres,12,1.57167647371478,0.1110053640430706,0.08877561408063664,1.387441238483162e-08,12,106,131,0.9796760948492348,True,0.37368827197657495
Total (2013–2024),Grupo | Meteorológico,Grupo,Meteorológico,Robustez: diferença sazonal,12,131,Desastres → inadimplência,1,4.105573961217137,0.04483660341680603,0.018851149153624003,2.9905096987905082e-05,1,127,130,0.5343524782122178,True,0.4490556966544458
Total (2013–2024),Grupo | Meteorológico,Grupo,Meteorológico,Robustez: diferença sazonal,12,131,Inadimplência → desastres,1,0.27152063154490447,0.6032209378566687,0.7476053802731476,0.5291177409657751,1,127,130,0.5343524782122178,True,0.7797893493354456
Total (2013–2024),Grupo | Meteorológico,Grupo,Meteorológico,Robustez: diferença sazonal,12,131,Desastres → inadimplência,2,2.2058396369298428,0.11446267877986759,0.005729674122913745,0.00012083427642765154,2,124,129,0.6619848698352055,True,0.5453141538059578
Total (2013–2024),Grupo | Meteorológico,Grupo,Meteorológico,Robustez: diferença sazonal,12,131,Inadimplência → desastres,2,0.4506283897365137,0.6382669583034897,0.7882981156194887,0.2857457250669626,2,124,129,0.6619848698352055,True,0.8026495954520745
Total (2013–2024),Grupo | Meteorológico,Grupo,Meteorológico,Robustez: diferença sazonal,12,131,Desastres → inadimplência,3,1.3401508994155318,0.26457495486764104,0.020010125424413352,0.0019781016873639586,3,121,128,0.7274451078513104,True,0.7467387838597963
Total (2013–2024),Grupo | Meteorológico,Grupo,Meteorológico,Robustez: diferença sazonal,12,131,Inadimplência → desastres,3,5.717218574029215,0.0010790032197520582,0.008337184975125726,0.004840880035581092,3,121,128,0.7274451078513104,True,0.07933847204059252
Total (2013–2024),Grupo | Meteorológico,Grupo,Meteorológico,Robustez: diferença sazonal,12,131,Desastres → inadimplência,4,0.702954098769725,0.5914457222404859,0.17389282818344204,0.005503740762484865,4,118,127,0.6514624381212447,True,0.9143945838643741
Total (2013–2024),Grupo | Meteorológico,Grupo,Meteorológico,Robustez: diferença sazonal,12,131,Inadimplência → desastres,4,4.394247671906537,0.002393514844045468,0.016927493511893918,0.0039816338074023985,4,118,127,0.6514624381212447,True,0.09301921367378953
Total (2013–2024),Grupo | Meteorológico,Grupo,Meteorológico,Robustez: diferença sazonal,12,131,Desastres → inadimplência,5,0.5343782668977786,0.7498571214226325,0.3512469781854778,0.03546410697604647,5,115,126,0.7511275983132465,True,0.9408908048124082
Total (2013–2024),Grupo | Meteorológico,Grupo,Meteorológico,Robustez: diferença sazonal,12,131,Inadimplência → desastres,5,3.337290737859802,0.007496514505822042,0.03779165633292747,0.02132181793169729,5,115,126,0.7511275983132465,True,0.14700500869044014
Total (2013–2024),Grupo | Meteorológico,Grupo,Meteorológico,Robustez: diferença sazonal,12,131,Desastres → inadimplência,6,0.38558154416970475,0.8869340473084468,0.7450449103069581,0.15612642242031588,6,112,125,0.8081769817547333,True,0.976515560155759
Total (2013–2024),Grupo | Meteorológico,Grupo,Meteorológico,Robustez: diferença sazonal,12,131,Inadimplência → desastres,6,2.803739736420415,0.014036794839897606,0.07996935880886358,0.014359877526267663,6,112,125,0.8081769817547333,True,0.16331270176847915
Total (2013–2024),Grupo | Meteorológico,Grupo,Meteorológico,Robustez: diferença sazonal,12,131,Desastres → inadimplência,7,0.37969032080206355,0.91248140191116,0.7883058101042122,0.14371266280291328,7,109,124,0.8453303244045316,True,0.981295751603096
Total (2013–2024),Grupo | Meteorológico,Grupo,Meteorológico,Robustez: diferença sazonal,12,131,Inadimplência → desastres,7,2.814352398149585,0.009846437719724054,0.09579079135041388,0.002566688742803663,7,109,124,0.8453303244045316,True,0.15579806518550718
Total (2013–2024),Grupo | Meteorológico,Grupo,Meteorológico,Robustez: diferença sazonal,12,131,Desastres → inadimplência,8,0.44448340350127263,0.8916541723625672,0.8594405822179427,0.4362231000472403,8,106,123,0.8925490901765555,True,0.976515560155759
Total (2013–2024),Grupo | Meteorológico,Grupo,Meteorológico,Robustez: diferença sazonal,12,131,Inadimplência → desastres,8,2.837694381706273,0.006788823857109517,0.16643678793147942,0.0005589758532857352,8,106,123,0.8925490901765555,True,0.14631085898942925
Total (2013–2024),Grupo | Meteorológico,Grupo,Meteorológico,Robustez: diferença sazonal,12,131,Desastres → inadimplência,9,0.8193452314164537,0.5996270212145187,0.823048693528004,0.33821954512356667,9,103,122,0.9197823215084988,True,0.9148911103720132
Total (2013–2024),Grupo | Meteorológico,Grupo,Meteorológico,Robustez: diferença sazonal,12,131,Inadimplência → desastres,9,2.445938657119753,0.014491913893476984,0.20149077242016036,0.0005222038332095554,9,103,122,0.9197823215084988,True,0.16331270176847915
Total (2013–2024),Grupo | Meteorológico,Grupo,Meteorológico,Robustez: diferença sazonal,12,131,Desastres → inadimplência,10,0.8171259769266662,0.6128548885951506,0.8461582147875462,0.3740206729245603,10,100,121,0.9277017039078466,True,0.9168999854112312
Total (2013–2024),Grupo | Meteorológico,Grupo,Meteorológico,Robustez: diferença sazonal,12,131,Inadimplência → desastres,10,2.4060854011040105,0.0131968567372317,0.061099715710372676,2.6154388027408585e-08,10,100,121,0.9277017039078466,True,0.16331270176847915
Total (2013–2024),Grupo | Meteorológico,Grupo,Meteorológico,Robustez: diferença sazonal,12,131,Desastres → inadimplência,11,0.773126818801579,0.6657792632288932,0.7095399308347877,3.213235215739852e-05,11,97,120,0.9595052634251505,True,0.9186346252960997
Total (2013–2024),Grupo | Meteorológico,Grupo,Meteorológico,Robustez: diferença sazonal,12,131,Inadimplência → desastres,11,2.4485370869264185,0.009630733757259535,0.06365953688909054,3.3305227125819844e-06,11,97,120,0.9595052634251505,True,0.15579806518550718
Total (2013–2024),Grupo | Meteorológico,Grupo,Meteorológico,Robustez: diferença sazonal,12,131,Desastres → inadimplência,12,0.40562596721454,0.9581768796287345,0.9758495163313397,0.034073280527566766,12,94,119,0.9672743171580074,True,0.9928340209572337
Total (2013–2024),Grupo | Meteorológico,Grupo,Meteorológico,Robustez: diferença sazonal,12,131,Inadimplência → desastres,12,2.3927680281746375,0.009593629346010869,0.07937895608060791,8.43163014458381e-06,12,94,119,0.9672743171580074,True,0.15579806518550718
Total (2013–2024),Grupo | Outros,Grupo,Outros,Principal: 11 dummies,12,143,Desastres → inadimplência,1,0.4197436696823859,0.5182253933293399,0.5467211740013315,0.539300483459277,1,128,142,0.47083187503433,True,0.8813357029410543
Total (2013–2024),Grupo | Outros,Grupo,Outros,Principal: 11 dummies,12,143,Inadimplência → desastres,1,1.1126644408753847,0.2934904664140807,0.3600317755847555,0.29802609377947564,1,128,142,0.47083187503433,True,0.5621668943154214
Total (2013–2024),Grupo | Outros,Grupo,Outros,Principal: 11 dummies,12,143,Desastres → inadimplência,2,0.033451779923283895,0.9671101984284435,0.9741886988407816,0.9724478968861244,2,125,141,0.6579455192052108,True,0.9974321353428666
Total (2013–2024),Grupo | Outros,Grupo,Outros,Principal: 11 dummies,12,143,Inadimplência → desastres,2,0.5218342655680085,0.5947180637912166,0.6887914138322283,0.6541709571488669,2,125,141,0.6579455192052108,True,0.7784267850670374
Total (2013–2024),Grupo | Outros,Grupo,Outros,Principal: 11 dummies,12,143,Desastres → inadimplência,3,0.12609639675014378,0.9444955718258674,0.9346684252516769,0.7368692226340133,3,122,140,0.7611323537155112,True,0.9899358849372114
Total (2013–2024),Grupo | Outros,Grupo,Outros,Principal: 11 dummies,12,143,Inadimplência → desastres,3,1.0729374434978696,0.3632438699732479,0.3751940279667724,0.03663189406268432,3,122,140,0.7611323537155112,True,0.6211420485178658
Total (2013–2024),Grupo | Outros,Grupo,Outros,Principal: 11 dummies,12,143,Desastres → inadimplência,4,0.45982230703248794,0.7650696167824842,0.7953697142407059,0.2627479798315888,4,119,139,0.7743787189485691,True,0.9461996113825728
Total (2013–2024),Grupo | Outros,Grupo,Outros,Principal: 11 dummies,12,143,Inadimplência → desastres,4,0.767291438456766,0.5485712265922653,0.5657210411397069,0.09036488967167242,4,119,139,0.7743787189485691,True,0.7524441626464355
Total (2013–2024),Grupo | Outros,Grupo,Outros,Principal: 11 dummies,12,143,Desastres → inadimplência,5,0.30212079790145324,0.9107336806313064,0.902928676178962,0.19966198608486102,5,116,138,0.7560383603291456,True,0.981295751603096
Total (2013–2024),Grupo | Outros,Grupo,Outros,Principal: 11 dummies,12,143,Inadimplência → desastres,5,1.1553220361359258,0.3355070266107223,0.42457131598075226,0.048520456644655784,5,116,138,0.7560383603291456,True,0.5957156012264245
Total (2013–2024),Grupo | Outros,Grupo,Outros,Principal: 11 dummies,12,143,Desastres → inadimplência,6,0.6446796923112627,0.6942523057776118,0.8932011668577875,0.4289169920028779,6,113,137,0.8236286121908908,True,0.9288097734132648
Total (2013–2024),Grupo | Outros,Grupo,Outros,Principal: 11 dummies,12,143,Inadimplência → desastres,6,0.9875668963401704,0.43717048987655616,0.6070136970413775,0.04163751163157669,6,113,137,0.8236286121908908,True,0.6776943250669981
Total (2013–2024),Grupo | Outros,Grupo,Outros,Principal: 11 dummies,12,143,Desastres → inadimplência,7,0.7245728879086082,0.6514123179453619,0.869492152079488,0.5183687972298068,7,110,136,0.8501081406477158,True,0.9168999854112312
Total (2013–2024),Grupo | Outros,Grupo,Outros,Principal: 11 dummies,12,143,Inadimplência → desastres,7,0.8713965784563495,0.5315915755742295,0.4339410079170621,0.028264303659450995,7,110,136,0.8501081406477158,True,0.7383216327419855
Total (2013–2024),Grupo | Outros,Grupo,Outros,Principal: 11 dummies,12,143,Desastres → inadimplência,8,0.9415360216327392,0.485798090067429,0.575589389941594,0.015197613107684605,8,107,135,0.890410493878844,True,0.8699822529860834
Total (2013–2024),Grupo | Outros,Grupo,Outros,Principal: 11 dummies,12,143,Inadimplência → desastres,8,1.0578936087389308,0.39815837851180824,0.4417388980033772,0.10111114568991134,8,107,135,0.890410493878844,True,0.6518606226781614
Total (2013–2024),Grupo | Outros,Grupo,Outros,Principal: 11 dummies,12,143,Desastres → inadimplência,9,1.0507820060452313,0.40550018800782345,0.4339922390404043,1.939871881456429e-05,9,104,134,0.8876641830769016,True,0.8355212603311096
Total (2013–2024),Grupo | Outros,Grupo,Outros,Principal: 11 dummies,12,143,Inadimplência → desastres,9,1.0386517725136002,0.4147159864839442,0.5253329580002664,0.05998501422445945,9,104,134,0.8876641830769016,True,0.6637353365070815
Total (2013–2024),Grupo | Outros,Grupo,Outros,Principal: 11 dummies,12,143,Desastres → inadimplência,10,0.9652833214263998,0.4782769765075586,0.4911931489734711,6.720217955044842e-06,10,101,133,0.9037345561715375,True,0.8688071396108913
Total (2013–2024),Grupo | Outros,Grupo,Outros,Principal: 11 dummies,12,143,Inadimplência → desastres,10,1.4194471203790244,0.18246095011322808,0.4898360578219927,0.03401755527369287,10,101,133,0.9037345561715375,True,0.45524189150007005
Total (2013–2024),Grupo | Outros,Grupo,Outros,Principal: 11 dummies,12,143,Desastres → inadimplência,11,0.9824016512535473,0.46763586152556036,0.47512567666575534,4.607619255650401e-06,11,98,132,0.924949482898442,True,0.8679979794748078
Total (2013–2024),Grupo | Outros,Grupo,Outros,Principal: 11 dummies,12,143,Inadimplência → desastres,11,1.6590331800255482,0.09432884808011237,0.45504591458506305,0.0033055786889105796,11,98,132,0.924949482898442,True,0.35169339334534155
Total (2013–2024),Grupo | Outros,Grupo,Outros,Principal: 11 dummies,12,143,Desastres → inadimplência,12,1.040420415746472,0.4192481036143147,0.5190298120620338,7.370904336409032e-06,12,95,131,0.9234655854314286,True,0.8404285387582666
Total (2013–2024),Grupo | Outros,Grupo,Outros,Principal: 11 dummies,12,143,Inadimplência → desastres,12,1.8020996734562102,0.058544341608111276,0.23753096108886126,1.3700463975829932e-05,12,95,131,0.9234655854314286,True,0.27430847673411135
Total (2013–2024),Grupo | Outros,Grupo,Outros,Comparação: sem dummies,12,143,Desastres → inadimplência,1,0.810320136434596,0.36958253594949275,0.3143168077956241,0.285864027168597,1,139,142,0.4275642781022951,True,0.810555774392804
Total (2013–2024),Grupo | Outros,Grupo,Outros,Comparação: sem dummies,12,143,Inadimplência → desastres,1,0.31704691057437423,0.574294894543337,0.612131787429589,0.5139931709378449,1,139,142,0.4275642781022951,True,0.767943463773648
Total (2013–2024),Grupo | Outros,Grupo,Outros,Comparação: sem dummies,12,143,Desastres → inadimplência,2,0.45902729191073527,0.6328733727608393,0.6062014839200699,0.5037054190263933,2,136,141,0.46611283542800563,True,0.9168999854112312
Total (2013–2024),Grupo | Outros,Grupo,Outros,Comparação: sem dummies,12,143,Inadimplência → desastres,2,0.1200526819335073,0.8869675945027341,0.905595904328083,0.8586650025849187,2,136,141,0.46611283542800563,True,0.9403812494727884
Total (2013–2024),Grupo | Outros,Grupo,Outros,Comparação: sem dummies,12,143,Desastres → inadimplência,3,0.34119574888562954,0.7955689448639158,0.7297071068986303,0.5052554718002581,3,133,140,0.7419023246642114,True,0.9571329943021123
Total (2013–2024),Grupo | Outros,Grupo,Outros,Comparação: sem dummies,12,143,Inadimplência → desastres,3,0.26894890056028237,0.8476909028413927,0.8535196235234166,0.7385225425521256,3,133,140,0.7419023246642114,True,0.9206026312352223
Total (2013–2024),Grupo | Outros,Grupo,Outros,Comparação: sem dummies,12,143,Desastres → inadimplência,4,0.3398925960865053,0.850622815151639,0.7810396483818474,0.566898333203681,4,130,139,0.7715504833045542,True,0.9701446340689313
Total (2013–2024),Grupo | Outros,Grupo,Outros,Comparação: sem dummies,12,143,Inadimplência → desastres,4,0.4413091002809663,0.7785542662824337,0.8321722689500065,0.5309538126036131,4,130,139,0.7715504833045542,True,0.8832133046808702
Total (2013–2024),Grupo | Outros,Grupo,Outros,Comparação: sem dummies,12,143,Desastres → inadimplência,5,0.6874390584063748,0.6338087189143768,0.5508004006013484,0.2790538555604551,5,127,138,0.8119649298343039,True,0.9168999854112312
Total (2013–2024),Grupo | Outros,Grupo,Outros,Comparação: sem dummies,12,143,Inadimplência → desastres,5,0.48444769849240366,0.787357699719323,0.8088703330769896,0.6133298967580133,5,127,138,0.8119649298343039,True,0.8881173579730959
Total (2013–2024),Grupo | Outros,Grupo,Outros,Comparação: sem dummies,12,143,Desastres → inadimplência,6,1.457142930479127,0.19841241489742786,0.3984410757837779,0.3662225854204436,6,124,137,0.9250616620676517,True,0.6716321438869381
Total (2013–2024),Grupo | Outros,Grupo,Outros,Comparação: sem dummies,12,143,Inadimplência → desastres,6,0.45097677292068156,0.8431234972116425,0.8868263613224883,0.718699817101203,6,124,137,0.9250616620676517,True,0.9180351668245236
Total (2013–2024),Grupo | Outros,Grupo,Outros,Comparação: sem dummies,12,143,Desastres → inadimplência,7,1.4483925425817339,0.19229265844260718,0.22765830638275847,0.053075596315656254,7,121,136,0.9505004439804509,True,0.658536501515778
Total (2013–2024),Grupo | Outros,Grupo,Outros,Comparação: sem dummies,12,143,Inadimplência → desastres,7,0.7439134445624616,0.6352315954986365,0.856876457524681,0.8117996869501237,7,121,136,0.9505004439804509,True,0.8008325447621176
Total (2013–2024),Grupo | Outros,Grupo,Outros,Comparação: sem dummies,12,143,Desastres → inadimplência,8,1.5612721847920386,0.14379550487280557,0.026413209564968877,1.5181378154276212e-06,8,118,135,0.94679103941291,True,0.6072445307128613
Total (2013–2024),Grupo | Outros,Grupo,Outros,Comparação: sem dummies,12,143,Inadimplência → desastres,8,0.7024507476461059,0.6888249410452537,0.8928813373381248,0.851398924691358,8,118,135,0.94679103941291,True,0.8367649915515715
Total (2013–2024),Grupo | Outros,Grupo,Outros,Comparação: sem dummies,12,143,Desastres → inadimplência,9,1.3951448882243798,0.1983148653126409,0.03629235276775447,3.0605928945244106e-06,9,115,134,0.9459674456459571,True,0.6716321438869381
Total (2013–2024),Grupo | Outros,Grupo,Outros,Comparação: sem dummies,12,143,Inadimplência → desastres,9,0.5845705600635954,0.807493590608825,0.9349562072286842,0.7059742334298895,9,115,134,0.9459674456459571,True,0.8951079586857897
Total (2013–2024),Grupo | Outros,Grupo,Outros,Comparação: sem dummies,12,143,Desastres → inadimplência,10,1.2360635082722962,0.27603101360408255,0.04541827518145999,9.986549182956952e-06,10,112,133,0.9445717719067939,True,0.7485099092804823
Total (2013–2024),Grupo | Outros,Grupo,Outros,Comparação: sem dummies,12,143,Inadimplência → desastres,10,0.9145257079576508,0.52261722323987,0.6754937313430753,0.00011997841609831961,10,112,133,0.9445717719067939,True,0.7354766420422758
Total (2013–2024),Grupo | Outros,Grupo,Outros,Comparação: sem dummies,12,143,Desastres → inadimplência,11,1.3163765380641754,0.2250228721923271,0.034499510302421044,7.230219505979796e-05,11,109,132,0.9581943517291496,True,0.7132294285430795
Total (2013–2024),Grupo | Outros,Grupo,Outros,Comparação: sem dummies,12,143,Inadimplência → desastres,11,1.1606944919583457,0.32286694632213836,0.5339580960973895,7.66678552398056e-07,11,109,132,0.9581943517291496,True,0.5876457783142869
Total (2013–2024),Grupo | Outros,Grupo,Outros,Comparação: sem dummies,12,143,Desastres → inadimplência,12,1.0991192756219679,0.3686317574502246,0.11857125011409989,2.5551637910807886e-05,12,106,131,0.9711630281611784,True,0.810555774392804
Total (2013–2024),Grupo | Outros,Grupo,Outros,Comparação: sem dummies,12,143,Inadimplência → desastres,12,1.2305605334834375,0.27213167312035424,0.5086209509186079,7.396326542069254e-08,12,106,131,0.9711630281611784,True,0.5522152457799396
Total (2013–2024),Grupo | Outros,Grupo,Outros,Robustez: diferença sazonal,12,131,Desastres → inadimplência,1,0.7604863980511922,0.38482202077391015,0.3613290519326722,0.4343365481168986,1,127,130,0.5289594036153922,True,0.819467676264715
Total (2013–2024),Grupo | Outros,Grupo,Outros,Robustez: diferença sazonal,12,131,Inadimplência → desastres,1,0.41542578891362647,0.5203908413744099,0.5842313873847571,0.5457608681764107,1,127,130,0.5289594036153922,True,0.7348114506003489
Total (2013–2024),Grupo | Outros,Grupo,Outros,Robustez: diferença sazonal,12,131,Desastres → inadimplência,2,0.5121601293021081,0.6004617597551987,0.6566115149341191,0.6853836443884219,2,124,129,0.6575664297533538,True,0.9148911103720132
Total (2013–2024),Grupo | Outros,Grupo,Outros,Robustez: diferença sazonal,12,131,Inadimplência → desastres,2,0.24724663745101258,0.7813321331181886,0.8025406655264623,0.7342864090826929,2,124,129,0.6575664297533538,True,0.8835064676400979
Total (2013–2024),Grupo | Outros,Grupo,Outros,Robustez: diferença sazonal,12,131,Desastres → inadimplência,3,0.48305093238819535,0.6946789730665637,0.7971545914669023,0.38594888879373435,3,121,128,0.7771029279984659,True,0.9288097734132648
Total (2013–2024),Grupo | Outros,Grupo,Outros,Robustez: diferença sazonal,12,131,Inadimplência → desastres,3,1.348063460699233,0.26206818215766153,0.1868400922550301,0.02567371400744944,3,121,128,0.7771029279984659,True,0.5426340561628513
Total (2013–2024),Grupo | Outros,Grupo,Outros,Robustez: diferença sazonal,12,131,Desastres → inadimplência,4,0.7475979036932628,0.5615142222947507,0.6609325525040776,0.22148354954012064,4,118,127,0.7927695952584711,True,0.8987103429813551
Total (2013–2024),Grupo | Outros,Grupo,Outros,Robustez: diferença sazonal,12,131,Inadimplência → desastres,4,0.6838700136814047,0.6044927036048374,0.5287324853735904,0.2414020063755083,4,118,127,0.7927695952584711,True,0.7797893493354456
Total (2013–2024),Grupo | Outros,Grupo,Outros,Robustez: diferença sazonal,12,131,Desastres → inadimplência,5,0.9687093283303292,0.4400523451321251,0.6706541457767623,0.13051327774442134,5,115,126,0.7673400957817315,True,0.8511468864015748
Total (2013–2024),Grupo | Outros,Grupo,Outros,Robustez: diferença sazonal,12,131,Inadimplência → desastres,5,1.3170844687416656,0.2617148668079747,0.35812596633878224,0.07466200537721387,5,115,126,0.7673400957817315,True,0.5426340561628513
Total (2013–2024),Grupo | Outros,Grupo,Outros,Robustez: diferença sazonal,12,131,Desastres → inadimplência,6,1.5303017720629064,0.17468004514319196,0.6239021719479461,0.07852489844416669,6,112,125,0.8275815196360151,True,0.6458395860626522
Total (2013–2024),Grupo | Outros,Grupo,Outros,Robustez: diferença sazonal,12,131,Inadimplência → desastres,6,1.4558842991670329,0.19989104179964595,0.47656948517691533,0.016813300767859553,6,112,125,0.8275815196360151,True,0.4732488200952874
Total (2013–2024),Grupo | Outros,Grupo,Outros,Robustez: diferença sazonal,12,131,Desastres → inadimplência,7,1.3471521027054414,0.235279830015314,0.6083266291622229,0.039899292716075736,7,109,124,0.8209925036218491,True,0.7132294285430795
Total (2013–2024),Grupo | Outros,Grupo,Outros,Robustez: diferença sazonal,12,131,Inadimplência → desastres,7,1.7323978704171608,0.10880210389394439,0.12311566430680297,0.004699067731241653,7,109,124,0.8209925036218491,True,0.3715918848836898
Total (2013–2024),Grupo | Outros,Grupo,Outros,Robustez: diferença sazonal,12,131,Desastres → inadimplência,8,1.4002024091942846,0.20483840775417012,0.34899933818545714,0.00453096417938925,8,106,123,0.8547616363895111,True,0.6809787491827464
Total (2013–2024),Grupo | Outros,Grupo,Outros,Robustez: diferença sazonal,12,131,Inadimplência → desastres,8,1.5560714084995353,0.14689742732383904,0.18157488828424379,0.028645419064483812,8,106,123,0.8547616363895111,True,0.41356257692522247
Total (2013–2024),Grupo | Outros,Grupo,Outros,Robustez: diferença sazonal,12,131,Desastres → inadimplência,9,1.1664853558887749,0.3243469682680274,0.4142614106020228,0.013174985321309552,9,103,122,0.9069326371166558,True,0.787249922980649
Total (2013–2024),Grupo | Outros,Grupo,Outros,Robustez: diferença sazonal,12,131,Inadimplência → desastres,9,1.831412938342577,0.07121598917474478,0.12681300451411898,0.0032836476583051892,9,103,122,0.9069326371166558,True,0.30802763483886153
Total (2013–2024),Grupo | Outros,Grupo,Outros,Robustez: diferença sazonal,12,131,Desastres → inadimplência,10,0.9302672180655548,0.5090387814937318,0.6477418786512061,0.038597657958472344,10,100,121,0.9122209778225029,True,0.8754569642361758
Total (2013–2024),Grupo | Outros,Grupo,Outros,Robustez: diferença sazonal,12,131,Inadimplência → desastres,10,1.7128901900968114,0.08800578487475477,0.1213067355189726,0.0011731139868905833,10,100,121,0.9122209778225029,True,0.3415888982615553
Total (2013–2024),Grupo | Outros,Grupo,Outros,Robustez: diferença sazonal,12,131,Desastres → inadimplência,11,1.1423805933672313,0.337695989911654,0.4195078160479542,0.005637929600380602,11,97,120,0.949083538583619,True,0.7933688274062665
Total (2013–2024),Grupo | Outros,Grupo,Outros,Robustez: diferença sazonal,12,131,Inadimplência → desastres,11,2.2613861756773477,0.01688506081542705,0.02553522436910114,2.024126941334775e-12,11,97,120,0.949083538583619,True,0.16926262794807567
Total (2013–2024),Grupo | Outros,Grupo,Outros,Robustez: diferença sazonal,12,131,Desastres → inadimplência,12,1.0285977688914534,0.42970169454711626,0.4589795191663083,2.858963373269909e-09,12,94,119,0.9677433606402897,True,0.8457658034478042
Total (2013–2024),Grupo | Outros,Grupo,Outros,Robustez: diferença sazonal,12,131,Inadimplência → desastres,12,2.876610220977742,0.002035715195595744,0.009809540553680005,1.746449793780262e-14,12,94,119,0.9677433606402897,True,0.09301921367378953
Total (2013–2024),Tipologia | Alagamentos,Tipologia,Alagamentos,Principal: 11 dummies,12,143,Desastres → inadimplência,1,0.1671925590767087,0.6833023392829487,0.6927417322718936,0.6495647053773033,1,128,142,0.46402847425350624,True,0.9235504512733719
Total (2013–2024),Tipologia | Alagamentos,Tipologia,Alagamentos,Principal: 11 dummies,12,143,Inadimplência → desastres,1,0.18099185543702248,0.6712366485170868,0.7313999333426447,0.6415575037156328,1,128,142,0.46402847425350624,True,0.8234011880729719
Total (2013–2024),Tipologia | Alagamentos,Tipologia,Alagamentos,Principal: 11 dummies,12,143,Desastres → inadimplência,2,2.883971794903439,0.05964100095440295,0.11979929851848718,0.07728058909090922,2,125,141,0.6389152786985579,True,0.48100491439058674
Total (2013–2024),Tipologia | Alagamentos,Tipologia,Alagamentos,Principal: 11 dummies,12,143,Inadimplência → desastres,2,1.5718618209657242,0.21173472109093577,0.2366515599082804,0.07703965548989741,2,125,141,0.6389152786985579,True,0.48563009424526554
Total (2013–2024),Tipologia | Alagamentos,Tipologia,Alagamentos,Principal: 11 dummies,12,143,Desastres → inadimplência,3,2.018706435286052,0.11483352813695637,0.07932136728735821,0.027224551180702664,3,122,140,0.7086987384826267,True,0.5453141538059578
Total (2013–2024),Tipologia | Alagamentos,Tipologia,Alagamentos,Principal: 11 dummies,12,143,Inadimplência → desastres,3,1.6720112794113253,0.17656886459408366,0.4050794310500352,0.05568670697658838,3,122,140,0.7086987384826267,True,0.44691975606310386
Total (2013–2024),Tipologia | Alagamentos,Tipologia,Alagamentos,Principal: 11 dummies,12,143,Desastres → inadimplência,4,1.6375659490945769,0.16928954509129862,0.1448112947939125,0.05284363196267898,4,119,139,0.7362751728889365,True,0.6458395860626522
Total (2013–2024),Tipologia | Alagamentos,Tipologia,Alagamentos,Principal: 11 dummies,12,143,Inadimplência → desastres,4,1.4487658380249309,0.22224421741812722,0.579657742670362,0.12359361798225244,4,119,139,0.7362751728889365,True,0.5023603467860018
Total (2013–2024),Tipologia | Alagamentos,Tipologia,Alagamentos,Principal: 11 dummies,12,143,Desastres → inadimplência,5,1.5452311648879076,0.18123716722860794,0.13421108511305752,0.005760899659535938,5,116,138,0.7708495555926146,True,0.653825799941562
Total (2013–2024),Tipologia | Alagamentos,Tipologia,Alagamentos,Principal: 11 dummies,12,143,Inadimplência → desastres,5,1.11218029265408,0.3577992558031953,0.6892036438568594,0.2337183170944441,5,116,138,0.7708495555926146,True,0.6168544850954144
Total (2013–2024),Tipologia | Alagamentos,Tipologia,Alagamentos,Principal: 11 dummies,12,143,Desastres → inadimplência,6,1.2345865038385984,0.29395574729018337,0.24133425933454347,0.010686995541624836,6,113,137,0.8163821279092289,True,0.7578444358950407
Total (2013–2024),Tipologia | Alagamentos,Tipologia,Alagamentos,Principal: 11 dummies,12,143,Inadimplência → desastres,6,1.112539500470399,0.35951848653450036,0.5960854427349631,0.05814535409147882,6,113,137,0.8163821279092289,True,0.6173050936375349
Total (2013–2024),Tipologia | Alagamentos,Tipologia,Alagamentos,Principal: 11 dummies,12,143,Desastres → inadimplência,7,1.4777342118187602,0.1825481633436841,0.1466119979382835,0.007012093160140026,7,110,136,0.8667073904742791,True,0.653825799941562
Total (2013–2024),Tipologia | Alagamentos,Tipologia,Alagamentos,Principal: 11 dummies,12,143,Inadimplência → desastres,7,1.4184387606354383,0.20504825338271399,0.3539788775056216,0.005813859452527623,7,110,136,0.8667073904742791,True,0.4785896267668521
Total (2013–2024),Tipologia | Alagamentos,Tipologia,Alagamentos,Principal: 11 dummies,12,143,Desastres → inadimplência,8,1.313832430673386,0.24441988353001629,0.20167376926165242,0.016485467120182534,8,107,135,0.866465822978643,True,0.720577486821982
Total (2013–2024),Tipologia | Alagamentos,Tipologia,Alagamentos,Principal: 11 dummies,12,143,Inadimplência → desastres,8,1.750397861874846,0.09510383786268377,0.10327968550882755,0.007705047665490712,8,107,135,0.866465822978643,True,0.35169339334534155
Total (2013–2024),Tipologia | Alagamentos,Tipologia,Alagamentos,Principal: 11 dummies,12,143,Desastres → inadimplência,9,1.225964044958719,0.2872817356560672,0.29150948188343984,0.06078320861087037,9,104,134,0.904471480454927,True,0.7578444358950407
Total (2013–2024),Tipologia | Alagamentos,Tipologia,Alagamentos,Principal: 11 dummies,12,143,Inadimplência → desastres,9,1.3645277996316796,0.21377072001158182,0.2511723529056842,0.030718664019246396,9,104,134,0.904471480454927,True,0.4894018315283466
Total (2013–2024),Tipologia | Alagamentos,Tipologia,Alagamentos,Principal: 11 dummies,12,143,Desastres → inadimplência,10,1.1377353964052836,0.3421472556694412,0.3523534150580082,0.052092255351440284,10,101,133,0.8982070397298204,True,0.7933688274062665
Total (2013–2024),Tipologia | Alagamentos,Tipologia,Alagamentos,Principal: 11 dummies,12,143,Inadimplência → desastres,10,1.3873563650221687,0.19682635844638285,0.2912575843743021,0.06297500674224223,10,101,133,0.8982070397298204,True,0.4704262869177411
Total (2013–2024),Tipologia | Alagamentos,Tipologia,Alagamentos,Principal: 11 dummies,12,143,Desastres → inadimplência,11,1.015143872056882,0.43899896764205204,0.41102166932869155,0.008856661610054845,11,98,132,0.8891434713541903,True,0.8511468864015748
Total (2013–2024),Tipologia | Alagamentos,Tipologia,Alagamentos,Principal: 11 dummies,12,143,Inadimplência → desastres,11,1.7065658118923246,0.08288758655443182,0.18073326224058694,0.008172161220138526,11,98,132,0.8891434713541903,True,0.3379402746684777
Total (2013–2024),Tipologia | Alagamentos,Tipologia,Alagamentos,Principal: 11 dummies,12,143,Desastres → inadimplência,12,0.9097044340692009,0.540428169983278,0.5674631520836629,0.035498860370570456,12,95,131,0.9172945828114883,True,0.8959352950651162
Total (2013–2024),Tipologia | Alagamentos,Tipologia,Alagamentos,Principal: 11 dummies,12,143,Inadimplência → desastres,12,2.255414257713422,0.014696105044549502,0.162776579426216,9.689654350296302e-06,12,95,131,0.9172945828114883,True,0.16331270176847915
Total (2013–2024),Tipologia | Alagamentos,Tipologia,Alagamentos,Comparação: sem dummies,12,143,Desastres → inadimplência,1,0.2223746572278492,0.6379758246108723,0.6644679919457878,0.6707301716273965,1,139,142,0.17092522320177583,True,0.9168999854112312
Total (2013–2024),Tipologia | Alagamentos,Tipologia,Alagamentos,Comparação: sem dummies,12,143,Inadimplência → desastres,1,0.9689121049925293,0.32666190911400705,0.34895625694299276,0.2400119757225521,1,139,142,0.17092522320177583,True,0.5891458135288669
Total (2013–2024),Tipologia | Alagamentos,Tipologia,Alagamentos,Comparação: sem dummies,12,143,Desastres → inadimplência,2,1.9709153292736734,0.1432888213397939,0.24446685557874193,0.17122057033682572,2,136,141,0.43024127836241133,True,0.6072445307128613
Total (2013–2024),Tipologia | Alagamentos,Tipologia,Alagamentos,Comparação: sem dummies,12,143,Inadimplência → desastres,2,0.5138973548848043,0.5993166189360919,0.5683743528234944,0.4030861559028641,2,136,141,0.43024127836241133,True,0.7795481515818052
Total (2013–2024),Tipologia | Alagamentos,Tipologia,Alagamentos,Comparação: sem dummies,12,143,Desastres → inadimplência,3,3.3772446323919643,0.020338153699225592,0.004889225748625565,0.0006692685537182534,3,133,140,0.6227956961293397,True,0.323410687130845
Total (2013–2024),Tipologia | Alagamentos,Tipologia,Alagamentos,Comparação: sem dummies,12,143,Inadimplência → desastres,3,1.2606745114594022,0.29056340966928074,0.34978389458957015,0.1460393192745643,3,133,140,0.6227956961293397,True,0.5613667111075749
Total (2013–2024),Tipologia | Alagamentos,Tipologia,Alagamentos,Comparação: sem dummies,12,143,Desastres → inadimplência,4,4.604516402816095,0.0016485600955602985,0.00024671812291142327,6.871207494555599e-08,4,130,139,0.7667600222087728,True,0.24297138248024852
Total (2013–2024),Tipologia | Alagamentos,Tipologia,Alagamentos,Comparação: sem dummies,12,143,Inadimplência → desastres,4,1.2568621516883003,0.29035324269130436,0.36901142857030267,0.005171564988685414,4,130,139,0.7667600222087728,True,0.5613667111075749
Total (2013–2024),Tipologia | Alagamentos,Tipologia,Alagamentos,Comparação: sem dummies,12,143,Desastres → inadimplência,5,3.740343792019409,0.0034195891054381155,0.0007611479645759713,1.8210688325649542e-08,5,127,138,0.8257185469080913,True,0.24297138248024852
Total (2013–2024),Tipologia | Alagamentos,Tipologia,Alagamentos,Comparação: sem dummies,12,143,Inadimplência → desastres,5,1.1728604082753527,0.3261599559733287,0.43560901424317944,0.0007059049860881898,5,127,138,0.8257185469080913,True,0.5891458135288669
Total (2013–2024),Tipologia | Alagamentos,Tipologia,Alagamentos,Comparação: sem dummies,12,143,Desastres → inadimplência,6,4.336000622883222,0.0005244849167001597,6.371493942302198e-05,6.369625056648314e-09,6,124,137,0.9205292420014117,True,0.24297138248024852
Total (2013–2024),Tipologia | Alagamentos,Tipologia,Alagamentos,Comparação: sem dummies,12,143,Inadimplência → desastres,6,1.2057100639190799,0.30779203303204006,0.3060917558521643,1.021319859133496e-05,6,124,137,0.9205292420014117,True,0.5725882016592811
Total (2013–2024),Tipologia | Alagamentos,Tipologia,Alagamentos,Comparação: sem dummies,12,143,Desastres → inadimplência,7,3.28267898726821,0.003139995442262442,0.0005870938826105209,1.349651302357825e-07,7,121,136,0.94369943237175,True,0.24297138248024852
Total (2013–2024),Tipologia | Alagamentos,Tipologia,Alagamentos,Comparação: sem dummies,12,143,Inadimplência → desastres,7,1.137535356581292,0.34426753992658865,0.23271956395644616,4.677832527889619e-05,7,121,136,0.94369943237175,True,0.6027092785829633
Total (2013–2024),Tipologia | Alagamentos,Tipologia,Alagamentos,Comparação: sem dummies,12,143,Desastres → inadimplência,8,2.9196892861205743,0.0052178352541066885,0.0019976572801383837,1.0292646727471542e-06,8,118,135,0.9536956418821866,True,0.24297138248024852
Total (2013–2024),Tipologia | Alagamentos,Tipologia,Alagamentos,Comparação: sem dummies,12,143,Inadimplência → desastres,8,1.559325116280755,0.14441381565461808,0.12459354706476011,0.0011651709495659837,8,118,135,0.9536956418821866,True,0.4101757624981675
Total (2013–2024),Tipologia | Alagamentos,Tipologia,Alagamentos,Comparação: sem dummies,12,143,Desastres → inadimplência,9,2.5600345894789562,0.010146377587282308,0.006786994806511226,3.4479764217429955e-06,9,115,134,0.9628972853955362,True,0.30598466858609275
Total (2013–2024),Tipologia | Alagamentos,Tipologia,Alagamentos,Comparação: sem dummies,12,143,Inadimplência → desastres,9,0.925270902366495,0.5060842516472311,0.5265216605246356,0.06594674012543417,9,115,134,0.9628972853955362,True,0.7278925859189871
Total (2013–2024),Tipologia | Alagamentos,Tipologia,Alagamentos,Comparação: sem dummies,12,143,Desastres → inadimplência,10,2.3772465979154513,0.01360610270051196,0.004707139607023524,3.5983501831689906e-07,10,112,133,0.9702073161954126,True,0.3175083365497919
Total (2013–2024),Tipologia | Alagamentos,Tipologia,Alagamentos,Comparação: sem dummies,12,143,Inadimplência → desastres,10,0.821711915478321,0.6084544400692433,0.5479791898759527,0.08038392845365647,10,112,133,0.9702073161954126,True,0.7824774177845207
Total (2013–2024),Tipologia | Alagamentos,Tipologia,Alagamentos,Comparação: sem dummies,12,143,Desastres → inadimplência,11,2.3209169854900082,0.013339615043348619,0.00242432136823783,4.88174075936621e-08,11,109,132,0.9729343822228949,True,0.3175083365497919
Total (2013–2024),Tipologia | Alagamentos,Tipologia,Alagamentos,Comparação: sem dummies,12,143,Inadimplência → desastres,11,0.751827990042066,0.6866293303466536,0.8341400503821761,0.31416655529565457,11,109,132,0.9729343822228949,True,0.8349092051880516
Total (2013–2024),Tipologia | Alagamentos,Tipologia,Alagamentos,Comparação: sem dummies,12,143,Desastres → inadimplência,12,1.8642393071700545,0.04712006272017481,0.012921130254161934,3.2257264657588272e-06,12,106,131,0.9770180860612274,True,0.4564760006094265
Total (2013–2024),Tipologia | Alagamentos,Tipologia,Alagamentos,Comparação: sem dummies,12,143,Inadimplência → desastres,12,1.007496164753121,0.4474239792658211,0.5998284176484542,0.04087850271662541,12,106,131,0.9770180860612274,True,0.6828815312359907
Total (2013–2024),Tipologia | Alagamentos,Tipologia,Alagamentos,Robustez: diferença sazonal,12,131,Desastres → inadimplência,1,1.3137708425155907,0.2538681141097035,0.2435689643868148,0.06066368042119741,1,127,130,0.5083155524653313,True,0.7295060750278837
Total (2013–2024),Tipologia | Alagamentos,Tipologia,Alagamentos,Robustez: diferença sazonal,12,131,Inadimplência → desastres,1,0.17875328960576434,0.6731618481195185,0.6762948989085715,0.6259170714904522,1,127,130,0.5083155524653313,True,0.8241135223029652
Total (2013–2024),Tipologia | Alagamentos,Tipologia,Alagamentos,Robustez: diferença sazonal,12,131,Desastres → inadimplência,2,4.42529381058976,0.013919022536738556,0.007553602013644374,0.004061786855248005,2,124,129,0.6318821030600141,True,0.3175083365497919
Total (2013–2024),Tipologia | Alagamentos,Tipologia,Alagamentos,Robustez: diferença sazonal,12,131,Inadimplência → desastres,2,2.212455205828159,0.11373382652780108,0.1193208983922383,0.0613883174395411,2,124,129,0.6318821030600141,True,0.37368827197657495
Total (2013–2024),Tipologia | Alagamentos,Tipologia,Alagamentos,Robustez: diferença sazonal,12,131,Desastres → inadimplência,3,3.1068522926660003,0.0290821284214515,0.007590312720156265,0.0005327211856820147,3,121,128,0.7125701481895929,True,0.3905139274872028
Total (2013–2024),Tipologia | Alagamentos,Tipologia,Alagamentos,Robustez: diferença sazonal,12,131,Inadimplência → desastres,3,1.7761266184634001,0.1553236170795071,0.23637035392002664,0.07096132260694206,3,121,128,0.7125701481895929,True,0.4228511436779322
Total (2013–2024),Tipologia | Alagamentos,Tipologia,Alagamentos,Robustez: diferença sazonal,12,131,Desastres → inadimplência,4,2.0368896673964296,0.09362488642019869,0.030537167208023304,0.0038682185655431922,4,118,127,0.6744903027423329,True,0.543788638138664
Total (2013–2024),Tipologia | Alagamentos,Tipologia,Alagamentos,Robustez: diferença sazonal,12,131,Inadimplência → desastres,4,1.6327983556657777,0.17053371449645444,0.2970303048248138,0.07737472214895491,4,118,127,0.6744903027423329,True,0.44316724799018087
Total (2013–2024),Tipologia | Alagamentos,Tipologia,Alagamentos,Robustez: diferença sazonal,12,131,Desastres → inadimplência,5,1.75823262517341,0.12700773749716998,0.05245996509824835,0.0072652770026571745,5,115,126,0.8068108751238781,True,0.569031081976568
Total (2013–2024),Tipologia | Alagamentos,Tipologia,Alagamentos,Robustez: diferença sazonal,12,131,Inadimplência → desastres,5,0.9048582609283597,0.4805570604036672,0.656127621737923,0.21859459366659517,5,115,126,0.8068108751238781,True,0.7092046345980921
Total (2013–2024),Tipologia | Alagamentos,Tipologia,Alagamentos,Robustez: diferença sazonal,12,131,Desastres → inadimplência,6,1.2723186058524625,0.2757994427326008,0.18316057631984073,0.03596775596309934,6,112,125,0.8525003957506837,True,0.7485099092804823
Total (2013–2024),Tipologia | Alagamentos,Tipologia,Alagamentos,Robustez: diferença sazonal,12,131,Inadimplência → desastres,6,0.949324971341837,0.4630350499351559,0.638961226750098,0.0590712729458919,6,112,125,0.8525003957506837,True,0.6906847403567361
Total (2013–2024),Tipologia | Alagamentos,Tipologia,Alagamentos,Robustez: diferença sazonal,12,131,Desastres → inadimplência,7,1.2659350549743025,0.27395748204463144,0.1471315917302101,0.013270368884766891,7,109,124,0.8722681472107323,True,0.7485099092804823
Total (2013–2024),Tipologia | Alagamentos,Tipologia,Alagamentos,Robustez: diferença sazonal,12,131,Inadimplência → desastres,7,0.9116619904151397,0.5003834306330266,0.6132097379097641,0.07164603800043927,7,109,124,0.8722681472107323,True,0.7256140235397718
Total (2013–2024),Tipologia | Alagamentos,Tipologia,Alagamentos,Robustez: diferença sazonal,12,131,Desastres → inadimplência,8,1.2638559639217923,0.2702287735517851,0.12878205683015054,0.025303296162467605,8,106,123,0.8864425150169848,True,0.7485099092804823
Total (2013–2024),Tipologia | Alagamentos,Tipologia,Alagamentos,Robustez: diferença sazonal,12,131,Inadimplência → desastres,8,0.9973328687901627,0.4425690209091705,0.4940141844095999,0.08817365246445394,8,106,123,0.8864425150169848,True,0.6796207323543773
Total (2013–2024),Tipologia | Alagamentos,Tipologia,Alagamentos,Robustez: diferença sazonal,12,131,Desastres → inadimplência,9,1.3495743128798041,0.22103144329661564,0.14633690352076026,0.03320776332146356,9,103,122,0.9257789670019774,True,0.7126437847208131
Total (2013–2024),Tipologia | Alagamentos,Tipologia,Alagamentos,Robustez: diferença sazonal,12,131,Inadimplência → desastres,9,0.8324401752554011,0.5878719057152317,0.7268988459713639,0.17046775427864672,9,103,122,0.9257789670019774,True,0.7748256645865398
Total (2013–2024),Tipologia | Alagamentos,Tipologia,Alagamentos,Robustez: diferença sazonal,12,131,Desastres → inadimplência,10,1.294406746520033,0.24393277480404496,0.20336488413259307,0.015085173554742114,10,100,121,0.9430794514000952,True,0.720577486821982
Total (2013–2024),Tipologia | Alagamentos,Tipologia,Alagamentos,Robustez: diferença sazonal,12,131,Inadimplência → desastres,10,0.725345288276892,0.6989434791300229,0.8724853825281897,0.1687101826302741,10,100,121,0.9430794514000952,True,0.8404455826423692
Total (2013–2024),Tipologia | Alagamentos,Tipologia,Alagamentos,Robustez: diferença sazonal,12,131,Desastres → inadimplência,11,1.1457506595118283,0.33524034179339574,0.1099486925530354,2.8959448869225645e-05,11,97,120,0.9481588539852853,True,0.7933688274062665
Total (2013–2024),Tipologia | Alagamentos,Tipologia,Alagamentos,Robustez: diferença sazonal,12,131,Inadimplência → desastres,11,1.4356094841453502,0.16944422606108384,0.4884955017058994,0.001506125339821544,11,97,120,0.9481588539852853,True,0.44218221832224386
Total (2013–2024),Tipologia | Alagamentos,Tipologia,Alagamentos,Robustez: diferença sazonal,12,131,Desastres → inadimplência,12,0.9030649737720878,0.5469544877741322,0.33001277332581,1.084768258123912e-06,12,94,119,0.9738764695513392,True,0.8980501543719078
Total (2013–2024),Tipologia | Alagamentos,Tipologia,Alagamentos,Robustez: diferença sazonal,12,131,Inadimplência → desastres,12,1.8131592082704673,0.05684536076237102,0.1499854198658071,2.7421366931440682e-08,12,94,119,0.9738764695513392,True,0.27430847673411135
Total (2013–2024),Tipologia | Chuvas Intensas,Tipologia,Chuvas Intensas,Principal: 11 dummies,12,143,Desastres → inadimplência,1,0.48939279021882676,0.48546767288808695,0.44408659895599606,0.39219557109021574,1,128,142,0.4588943516571481,True,0.8699822529860834
Total (2013–2024),Tipologia | Chuvas Intensas,Tipologia,Chuvas Intensas,Principal: 11 dummies,12,143,Inadimplência → desastres,1,0.023791080976256523,0.8776606171824761,0.8959614422726343,0.8836597426835912,1,128,142,0.4588943516571481,True,0.9368708552332153
Total (2013–2024),Tipologia | Chuvas Intensas,Tipologia,Chuvas Intensas,Principal: 11 dummies,12,143,Desastres → inadimplência,2,2.311251730325924,0.10335952497740117,0.05073401308118127,0.021910958472442843,2,125,141,0.6568787413671119,True,0.543788638138664
Total (2013–2024),Tipologia | Chuvas Intensas,Tipologia,Chuvas Intensas,Principal: 11 dummies,12,143,Inadimplência → desastres,2,0.15017227302436148,0.8607147348981812,0.8269500099377808,0.6051084673221595,2,125,141,0.6568787413671119,True,0.9279466431221697
Total (2013–2024),Tipologia | Chuvas Intensas,Tipologia,Chuvas Intensas,Principal: 11 dummies,12,143,Desastres → inadimplência,3,1.7939158617525888,0.15189222021249765,0.18389704304679264,0.06858050820161535,3,122,140,0.7453821723484414,True,0.6249699452648108
Total (2013–2024),Tipologia | Chuvas Intensas,Tipologia,Chuvas Intensas,Principal: 11 dummies,12,143,Inadimplência → desastres,3,0.250099804955234,0.8611344848173735,0.8287668304551346,0.5202498876667834,3,122,140,0.7453821723484414,True,0.9279466431221697
Total (2013–2024),Tipologia | Chuvas Intensas,Tipologia,Chuvas Intensas,Principal: 11 dummies,12,143,Desastres → inadimplência,4,1.56399174283035,0.1883737628269182,0.18261526000530898,0.07204788891645428,4,119,139,0.6756463969285817,True,0.657729618809072
Total (2013–2024),Tipologia | Chuvas Intensas,Tipologia,Chuvas Intensas,Principal: 11 dummies,12,143,Inadimplência → desastres,4,0.45521245007180283,0.7684251822018598,0.7906007291165403,0.4881555189343504,4,119,139,0.6756463969285817,True,0.8763973337156248
Total (2013–2024),Tipologia | Chuvas Intensas,Tipologia,Chuvas Intensas,Principal: 11 dummies,12,143,Desastres → inadimplência,5,1.2685853083374348,0.28221949556796383,0.2467585906245045,0.04077095407815837,5,116,138,0.7014657610083164,True,0.7489901687047872
Total (2013–2024),Tipologia | Chuvas Intensas,Tipologia,Chuvas Intensas,Principal: 11 dummies,12,143,Inadimplência → desastres,5,0.29657111092043037,0.9139456102394365,0.938294078629907,0.8444307999139113,5,116,138,0.7014657610083164,True,0.9567044550653607
Total (2013–2024),Tipologia | Chuvas Intensas,Tipologia,Chuvas Intensas,Principal: 11 dummies,12,143,Desastres → inadimplência,6,0.9241154577632679,0.4805122987232938,0.41739894694948715,0.09463023714926425,6,113,137,0.788467001401251,True,0.8698531044895931
Total (2013–2024),Tipologia | Chuvas Intensas,Tipologia,Chuvas Intensas,Principal: 11 dummies,12,143,Inadimplência → desastres,6,0.3295886478069155,0.9201694384147835,0.9578941581326909,0.655231463452155,6,113,137,0.788467001401251,True,0.9593300493397471
Total (2013–2024),Tipologia | Chuvas Intensas,Tipologia,Chuvas Intensas,Principal: 11 dummies,12,143,Desastres → inadimplência,7,0.8926204702221179,0.5150083728940249,0.4711896749381037,0.20308848677624255,7,110,136,0.8123949382535363,True,0.8794541886851518
Total (2013–2024),Tipologia | Chuvas Intensas,Tipologia,Chuvas Intensas,Principal: 11 dummies,12,143,Inadimplência → desastres,7,0.253199861392295,0.9701744755697889,0.991708868282443,0.5330436755959296,7,110,136,0.8123949382535363,True,0.9859496702945009
Total (2013–2024),Tipologia | Chuvas Intensas,Tipologia,Chuvas Intensas,Principal: 11 dummies,12,143,Desastres → inadimplência,8,0.8571252445937445,0.5550573884889308,0.43191704089571176,0.25475652123890774,8,107,135,0.8551635536728894,True,0.8987103429813551
Total (2013–2024),Tipologia | Chuvas Intensas,Tipologia,Chuvas Intensas,Principal: 11 dummies,12,143,Inadimplência → desastres,8,0.2882390319381937,0.9685763566970789,0.9572708412500367,0.10405714814883756,8,107,135,0.8551635536728894,True,0.9851264815877532
Total (2013–2024),Tipologia | Chuvas Intensas,Tipologia,Chuvas Intensas,Principal: 11 dummies,12,143,Desastres → inadimplência,9,0.8041329659646173,0.613330210789746,0.5934357227206157,0.3644819077350449,9,104,134,0.8762840505459589,True,0.9168999854112312
Total (2013–2024),Tipologia | Chuvas Intensas,Tipologia,Chuvas Intensas,Principal: 11 dummies,12,143,Inadimplência → desastres,9,0.3845303775279043,0.9402017670303034,0.9068239853982543,0.12771988771651574,9,104,134,0.8762840505459589,True,0.9696800402540258
Total (2013–2024),Tipologia | Chuvas Intensas,Tipologia,Chuvas Intensas,Principal: 11 dummies,12,143,Desastres → inadimplência,10,0.821795503368106,0.6084693330074873,0.6687638904045325,0.21837152287685144,10,101,133,0.8946291281231413,True,0.9168999854112312
Total (2013–2024),Tipologia | Chuvas Intensas,Tipologia,Chuvas Intensas,Principal: 11 dummies,12,143,Inadimplência → desastres,10,0.4632869057174356,0.9098858426242388,0.8907036232345383,0.0708627949206372,10,101,133,0.8946291281231413,True,0.9551319753610984
Total (2013–2024),Tipologia | Chuvas Intensas,Tipologia,Chuvas Intensas,Principal: 11 dummies,12,143,Desastres → inadimplência,11,0.9530893491784382,0.4940255254466479,0.6879312258661485,0.06745956209474707,11,98,132,0.9149391575012756,True,0.8734538993045402
Total (2013–2024),Tipologia | Chuvas Intensas,Tipologia,Chuvas Intensas,Principal: 11 dummies,12,143,Inadimplência → desastres,11,0.8145496719491838,0.6255407869086763,0.5601792702100186,0.00013913824958076344,11,98,132,0.9149391575012756,True,0.7946402272722006
Total (2013–2024),Tipologia | Chuvas Intensas,Tipologia,Chuvas Intensas,Principal: 11 dummies,12,143,Desastres → inadimplência,12,0.9025159218992046,0.547451374105115,0.8184423506390932,0.37729320260092947,12,95,131,0.9170313653949392,True,0.8980501543719078
Total (2013–2024),Tipologia | Chuvas Intensas,Tipologia,Chuvas Intensas,Principal: 11 dummies,12,143,Inadimplência → desastres,12,0.7340772426782721,0.7149195504061305,0.7009084881140497,0.00014410434656688404,12,95,131,0.9170313653949392,True,0.8486699316312091
Total (2013–2024),Tipologia | Chuvas Intensas,Tipologia,Chuvas Intensas,Comparação: sem dummies,12,143,Desastres → inadimplência,1,0.20768202175493933,0.6493014439234522,0.5885957043166972,0.5275325041710984,1,139,142,0.2039348656628954,True,0.9168999854112312
Total (2013–2024),Tipologia | Chuvas Intensas,Tipologia,Chuvas Intensas,Comparação: sem dummies,12,143,Inadimplência → desastres,1,1.6199808132510596,0.2052192319576262,0.3326602555110807,0.21520809934973417,1,139,142,0.2039348656628954,True,0.4785896267668521
Total (2013–2024),Tipologia | Chuvas Intensas,Tipologia,Chuvas Intensas,Comparação: sem dummies,12,143,Desastres → inadimplência,2,0.475373683780929,0.6226817229975964,0.60371371451528,0.5086696214637159,2,136,141,0.465869662841312,True,0.9168999854112312
Total (2013–2024),Tipologia | Chuvas Intensas,Tipologia,Chuvas Intensas,Comparação: sem dummies,12,143,Inadimplência → desastres,2,1.3027900288782583,0.2751421777528579,0.37559734139672074,0.3629583804070295,2,136,141,0.465869662841312,True,0.552571983653619
Total (2013–2024),Tipologia | Chuvas Intensas,Tipologia,Chuvas Intensas,Comparação: sem dummies,12,143,Desastres → inadimplência,3,1.3229034559277824,0.2696475846587353,0.21165244672755312,0.04207133770887021,3,133,140,0.719189050210524,True,0.7485099092804823
Total (2013–2024),Tipologia | Chuvas Intensas,Tipologia,Chuvas Intensas,Comparação: sem dummies,12,143,Inadimplência → desastres,3,1.4929038498281582,0.2194078069364431,0.2029988820953117,0.11503520745932697,3,133,140,0.719189050210524,True,0.49684738889593094
Total (2013–2024),Tipologia | Chuvas Intensas,Tipologia,Chuvas Intensas,Comparação: sem dummies,12,143,Desastres → inadimplência,4,4.735081530033531,0.0013409250957515336,2.6092036764159862e-05,8.036893873475303e-15,4,130,139,0.7827472064051648,True,0.24297138248024852
Total (2013–2024),Tipologia | Chuvas Intensas,Tipologia,Chuvas Intensas,Comparação: sem dummies,12,143,Inadimplência → desastres,4,1.5624987050204207,0.18815195528311976,0.07131544413108175,0.0001468864686214258,4,130,139,0.7827472064051648,True,0.4602542937454006
Total (2013–2024),Tipologia | Chuvas Intensas,Tipologia,Chuvas Intensas,Comparação: sem dummies,12,143,Desastres → inadimplência,5,3.7833278153428163,0.003155548084387345,0.00014945068278774177,2.899132997774744e-15,5,127,138,0.8355399925932623,True,0.24297138248024852
Total (2013–2024),Tipologia | Chuvas Intensas,Tipologia,Chuvas Intensas,Comparação: sem dummies,12,143,Inadimplência → desastres,5,1.2858783886657006,0.27404762508373476,0.08835047193188163,0.00022299802994333066,5,127,138,0.8355399925932623,True,0.552571983653619
Total (2013–2024),Tipologia | Chuvas Intensas,Tipologia,Chuvas Intensas,Comparação: sem dummies,12,143,Desastres → inadimplência,6,3.81495048129949,0.0015949572583512377,0.00016264168967476087,2.029535521825146e-12,6,124,137,0.9237765523163469,True,0.24297138248024852
Total (2013–2024),Tipologia | Chuvas Intensas,Tipologia,Chuvas Intensas,Comparação: sem dummies,12,143,Inadimplência → desastres,6,1.6165239841604304,0.1479660430872458,0.16092916425407383,0.01815920342020122,6,124,137,0.9237765523163469,True,0.41540658291723687
Total (2013–2024),Tipologia | Chuvas Intensas,Tipologia,Chuvas Intensas,Comparação: sem dummies,12,143,Desastres → inadimplência,7,2.6528118914346948,0.013775773408539855,0.0021262468347584126,1.960269328491432e-12,7,121,136,0.9411250300289933,True,0.3175083365497919
Total (2013–2024),Tipologia | Chuvas Intensas,Tipologia,Chuvas Intensas,Comparação: sem dummies,12,143,Inadimplência → desastres,7,1.0749031241156979,0.383692540708251,0.4243373188554592,0.08108816813053443,7,121,136,0.9411250300289933,True,0.6409686395963462
Total (2013–2024),Tipologia | Chuvas Intensas,Tipologia,Chuvas Intensas,Comparação: sem dummies,12,143,Desastres → inadimplência,8,3.30897475251357,0.001906202748939408,0.0006231633762761617,1.4147158149388498e-13,8,118,135,0.9511896887206687,True,0.24297138248024852
Total (2013–2024),Tipologia | Chuvas Intensas,Tipologia,Chuvas Intensas,Comparação: sem dummies,12,143,Inadimplência → desastres,8,1.0331276061864147,0.4152328265188302,0.36295873738514217,0.23448471703250828,8,118,135,0.9511896887206687,True,0.6637353365070815
Total (2013–2024),Tipologia | Chuvas Intensas,Tipologia,Chuvas Intensas,Comparação: sem dummies,12,143,Desastres → inadimplência,9,3.0486216318217227,0.002620623703547289,0.0020222716825795866,7.934184105837671e-13,9,115,134,0.9500489469838287,True,0.24297138248024852
Total (2013–2024),Tipologia | Chuvas Intensas,Tipologia,Chuvas Intensas,Comparação: sem dummies,12,143,Inadimplência → desastres,9,0.9797450268559692,0.46057147575622437,0.5241027940303328,0.1475648429351639,9,115,134,0.9500489469838287,True,0.689881599816553
Total (2013–2024),Tipologia | Chuvas Intensas,Tipologia,Chuvas Intensas,Comparação: sem dummies,12,143,Desastres → inadimplência,10,2.6653254119045067,0.005859014069028027,0.005363894530809904,2.056649053036398e-13,10,112,133,0.9608633215893138,True,0.2525437098718977
Total (2013–2024),Tipologia | Chuvas Intensas,Tipologia,Chuvas Intensas,Comparação: sem dummies,12,143,Inadimplência → desastres,10,0.6333927534174892,0.7825292952961016,0.8241355181256332,0.3184439212017771,10,112,133,0.9608633215893138,True,0.8836148320868356
Total (2013–2024),Tipologia | Chuvas Intensas,Tipologia,Chuvas Intensas,Comparação: sem dummies,12,143,Desastres → inadimplência,11,2.626163627854429,0.005184565443335198,0.005327390393001354,3.06453105245224e-14,11,109,132,0.971914160764217,True,0.24297138248024852
Total (2013–2024),Tipologia | Chuvas Intensas,Tipologia,Chuvas Intensas,Comparação: sem dummies,12,143,Inadimplência → desastres,11,0.6363352773228065,0.7941982722326706,0.848104987157084,0.4029796213446399,11,109,132,0.971914160764217,True,0.8881173579730959
Total (2013–2024),Tipologia | Chuvas Intensas,Tipologia,Chuvas Intensas,Comparação: sem dummies,12,143,Desastres → inadimplência,12,2.2116700280982986,0.015951516380742246,0.018486855127435503,7.520538142855506e-11,12,106,131,0.9721721923457745,True,0.3175083365497919
Total (2013–2024),Tipologia | Chuvas Intensas,Tipologia,Chuvas Intensas,Comparação: sem dummies,12,143,Inadimplência → desastres,12,0.5414889568035386,0.8829152573405665,0.9024719088153585,0.40131500130936953,12,106,131,0.9721721923457745,True,0.9384636849939987
Total (2013–2024),Tipologia | Chuvas Intensas,Tipologia,Chuvas Intensas,Robustez: diferença sazonal,12,131,Desastres → inadimplência,1,2.713819918177955,0.1019546096756463,0.05619581561947125,0.03634294112860796,1,127,130,0.5186932496372647,True,0.543788638138664
Total (2013–2024),Tipologia | Chuvas Intensas,Tipologia,Chuvas Intensas,Robustez: diferença sazonal,12,131,Inadimplência → desastres,1,0.12460341566599012,0.724679574557831,0.7369204049407958,0.7153561417558649,1,127,130,0.5186932496372647,True,0.8521142522128935
Total (2013–2024),Tipologia | Chuvas Intensas,Tipologia,Chuvas Intensas,Robustez: diferença sazonal,12,131,Desastres → inadimplência,2,5.674071642200237,0.00438633429348864,0.0051569457691013065,0.00016640130840730856,2,124,129,0.6557993557726794,True,0.24297138248024852
Total (2013–2024),Tipologia | Chuvas Intensas,Tipologia,Chuvas Intensas,Robustez: diferença sazonal,12,131,Inadimplência → desastres,2,0.4777475125395933,0.6213155170807036,0.5825488595489178,0.4515137483238746,2,124,129,0.6557993557726794,True,0.7924942819906934
Total (2013–2024),Tipologia | Chuvas Intensas,Tipologia,Chuvas Intensas,Robustez: diferença sazonal,12,131,Desastres → inadimplência,3,4.003384146700316,0.009318108233740493,0.007209785033702434,0.0007800667101864706,3,121,128,0.7703465096035366,True,0.30598466858609275
Total (2013–2024),Tipologia | Chuvas Intensas,Tipologia,Chuvas Intensas,Robustez: diferença sazonal,12,131,Inadimplência → desastres,3,0.16557604440166512,0.9193850085010974,0.9198485330009537,0.8217632194922757,3,121,128,0.7703465096035366,True,0.9593300493397471
Total (2013–2024),Tipologia | Chuvas Intensas,Tipologia,Chuvas Intensas,Robustez: diferença sazonal,12,131,Desastres → inadimplência,4,4.0981301122127975,0.0038065995613745774,0.0010161198241754642,0.00011124611390783725,4,118,127,0.7360539582130999,True,0.24297138248024852
Total (2013–2024),Tipologia | Chuvas Intensas,Tipologia,Chuvas Intensas,Robustez: diferença sazonal,12,131,Inadimplência → desastres,4,1.1709615887759004,0.32719135798645427,0.3856148582253396,0.3310989217015334,4,118,127,0.7360539582130999,True,0.5891458135288669
Total (2013–2024),Tipologia | Chuvas Intensas,Tipologia,Chuvas Intensas,Robustez: diferença sazonal,12,131,Desastres → inadimplência,5,3.3503175551023485,0.007318938391063088,0.0035436952621929183,3.54239623777292e-05,5,115,126,0.7325269192922206,True,0.2858960309009019
Total (2013–2024),Tipologia | Chuvas Intensas,Tipologia,Chuvas Intensas,Robustez: diferença sazonal,12,131,Inadimplência → desastres,5,0.4919212052688903,0.7817265225679586,0.811404624503363,0.7624068657255372,5,115,126,0.7325269192922206,True,0.8835064676400979
Total (2013–2024),Tipologia | Chuvas Intensas,Tipologia,Chuvas Intensas,Robustez: diferença sazonal,12,131,Desastres → inadimplência,6,2.4005475693681437,0.03209961808253205,0.014431596061064825,0.00019968732667123424,6,112,125,0.8372327239794808,True,0.3905139274872028
Total (2013–2024),Tipologia | Chuvas Intensas,Tipologia,Chuvas Intensas,Robustez: diferença sazonal,12,131,Inadimplência → desastres,6,0.7594396642067044,0.603289410922826,0.7183266491624487,0.08763567777612061,6,112,125,0.8372327239794808,True,0.7797893493354456
Total (2013–2024),Tipologia | Chuvas Intensas,Tipologia,Chuvas Intensas,Robustez: diferença sazonal,12,131,Desastres → inadimplência,7,2.0081211277756044,0.060414217247457686,0.035649731535033674,0.0003345861589036874,7,109,124,0.8513575099214186,True,0.48100491439058674
Total (2013–2024),Tipologia | Chuvas Intensas,Tipologia,Chuvas Intensas,Robustez: diferença sazonal,12,131,Inadimplência → desastres,7,0.6514454602138441,0.7124258248168048,0.8437004723844489,0.1219248306860493,7,109,124,0.8513575099214186,True,0.8465135751150248
Total (2013–2024),Tipologia | Chuvas Intensas,Tipologia,Chuvas Intensas,Robustez: diferença sazonal,12,131,Desastres → inadimplência,8,1.7130613386725624,0.10364499740367775,0.02667653274927537,0.0014456372220618917,8,106,123,0.9029834778237682,True,0.543788638138664
Total (2013–2024),Tipologia | Chuvas Intensas,Tipologia,Chuvas Intensas,Robustez: diferença sazonal,12,131,Inadimplência → desastres,8,0.661484961160108,0.7241554551112905,0.8231165566058637,0.29425135747425957,8,106,123,0.9029834778237682,True,0.8521142522128935
Total (2013–2024),Tipologia | Chuvas Intensas,Tipologia,Chuvas Intensas,Robustez: diferença sazonal,12,131,Desastres → inadimplência,9,1.42769569203715,0.18592558735906003,0.06766981508485477,0.0028392344033485914,9,103,122,0.8979610745956742,True,0.657729618809072
Total (2013–2024),Tipologia | Chuvas Intensas,Tipologia,Chuvas Intensas,Robustez: diferença sazonal,12,131,Inadimplência → desastres,9,0.5839762864366151,0.8075908940683146,0.8484491715290287,0.05844942009758671,9,103,122,0.8979610745956742,True,0.8951079586857897
Total (2013–2024),Tipologia | Chuvas Intensas,Tipologia,Chuvas Intensas,Robustez: diferença sazonal,12,131,Desastres → inadimplência,10,1.3003627910929154,0.24067853006466444,0.14153855835248297,0.0002196099738366552,10,100,121,0.9090328428245035,True,0.7188606693261255
Total (2013–2024),Tipologia | Chuvas Intensas,Tipologia,Chuvas Intensas,Robustez: diferença sazonal,12,131,Inadimplência → desastres,10,0.842788047197304,0.5888675050857702,0.5748124864784248,0.0008928030681774558,10,100,121,0.9090328428245035,True,0.7748256645865398
Total (2013–2024),Tipologia | Chuvas Intensas,Tipologia,Chuvas Intensas,Robustez: diferença sazonal,12,131,Desastres → inadimplência,11,1.8805445842443507,0.051174828681480246,0.07354238462312043,1.4368254783769476e-05,11,97,120,0.9545531792903559,True,0.46433405820221224
Total (2013–2024),Tipologia | Chuvas Intensas,Tipologia,Chuvas Intensas,Robustez: diferença sazonal,12,131,Inadimplência → desastres,11,1.5583329302432554,0.12358384541334677,0.07004061966224785,1.4839545545344208e-07,11,97,120,0.9545531792903559,True,0.38239974695218304
Total (2013–2024),Tipologia | Chuvas Intensas,Tipologia,Chuvas Intensas,Robustez: diferença sazonal,12,131,Desastres → inadimplência,12,1.5770690067230164,0.11166722123452413,0.24255431758052637,0.0008142310793746052,12,94,119,0.9708258145100258,True,0.5453141538059578
Total (2013–2024),Tipologia | Chuvas Intensas,Tipologia,Chuvas Intensas,Robustez: diferença sazonal,12,131,Inadimplência → desastres,12,0.8344099685225831,0.6150327664200297,0.6004885790314725,0.0003889186279572175,12,94,119,0.9708258145100258,True,0.786942568458473
Total (2013–2024),Tipologia | Doenças infecciosas,Tipologia,Doenças infecciosas,Principal: 11 dummies,12,143,Desastres → inadimplência,1,0.07247595916924902,0.7881987954485355,0.8122256692937656,0.7708695111899239,1,128,142,0.46052209520446236,True,0.9528515418865274
Total (2013–2024),Tipologia | Doenças infecciosas,Tipologia,Doenças infecciosas,Principal: 11 dummies,12,143,Inadimplência → desastres,1,0.06476092405998767,0.7995318398937374,0.8254804980574153,0.7759154741427036,1,128,142,0.46052209520446236,True,0.891012380155869
Total (2013–2024),Tipologia | Doenças infecciosas,Tipologia,Doenças infecciosas,Principal: 11 dummies,12,143,Desastres → inadimplência,2,0.7938175708542072,0.45438124656660817,0.45161439189231206,0.16141316800421388,2,125,141,0.6441294985299644,True,0.8571789513803465
Total (2013–2024),Tipologia | Doenças infecciosas,Tipologia,Doenças infecciosas,Principal: 11 dummies,12,143,Inadimplência → desastres,2,0.8950062010979744,0.41120704142538306,0.4904990102536638,0.3476147476200865,2,125,141,0.6441294985299644,True,0.6623824765228464
Total (2013–2024),Tipologia | Doenças infecciosas,Tipologia,Doenças infecciosas,Principal: 11 dummies,12,143,Desastres → inadimplência,3,0.32041058194734556,0.8105974006609347,0.7216624530508766,0.3077711536656238,3,122,140,0.7541775888872446,True,0.9604234604987378
Total (2013–2024),Tipologia | Doenças infecciosas,Tipologia,Doenças infecciosas,Principal: 11 dummies,12,143,Inadimplência → desastres,3,1.3057091464509893,0.2757051286290712,0.32694109909948316,0.0652176615262027,3,122,140,0.7541775888872446,True,0.552571983653619
Total (2013–2024),Tipologia | Doenças infecciosas,Tipologia,Doenças infecciosas,Principal: 11 dummies,12,143,Desastres → inadimplência,4,0.3342897253670995,0.8544128929887792,0.880772045700909,0.5438580710236004,4,119,139,0.6542776807904944,True,0.9710797196441281
Total (2013–2024),Tipologia | Doenças infecciosas,Tipologia,Doenças infecciosas,Principal: 11 dummies,12,143,Inadimplência → desastres,4,1.2455001023114052,0.2954749196521855,0.4547113394664627,0.09701396922374168,4,119,139,0.6542776807904944,True,0.5621668943154214
Total (2013–2024),Tipologia | Doenças infecciosas,Tipologia,Doenças infecciosas,Principal: 11 dummies,12,143,Desastres → inadimplência,5,0.6782623191343901,0.6407655498066659,0.7591187331536213,0.2678181381280014,5,116,138,0.785370557880559,True,0.9168999854112312
Total (2013–2024),Tipologia | Doenças infecciosas,Tipologia,Doenças infecciosas,Principal: 11 dummies,12,143,Inadimplência → desastres,5,1.5760662396661733,0.1722515626549498,0.14238886767213782,0.1914448939328579,5,116,138,0.785370557880559,True,0.4448645729724944
Total (2013–2024),Tipologia | Doenças infecciosas,Tipologia,Doenças infecciosas,Principal: 11 dummies,12,143,Desastres → inadimplência,6,0.5477294718801626,0.7708356903491818,0.8548111631528578,0.31517707851146076,6,113,137,0.7859610898184999,True,0.9465074783265984
Total (2013–2024),Tipologia | Doenças infecciosas,Tipologia,Doenças infecciosas,Principal: 11 dummies,12,143,Inadimplência → desastres,6,1.3853047585538536,0.22656940957936852,0.2885399075624724,0.23175744465099798,6,113,137,0.7859610898184999,True,0.5075479605272593
Total (2013–2024),Tipologia | Doenças infecciosas,Tipologia,Doenças infecciosas,Principal: 11 dummies,12,143,Desastres → inadimplência,7,0.43314449600795024,0.8795527278080751,0.9442591921787439,0.5497981825106799,7,110,136,0.8321667890460849,True,0.976515560155759
Total (2013–2024),Tipologia | Doenças infecciosas,Tipologia,Doenças infecciosas,Principal: 11 dummies,12,143,Inadimplência → desastres,7,1.2120366578444242,0.30222374269995467,0.3964957051824168,0.38238319637095375,7,110,136,0.8321667890460849,True,0.566386324400215
Total (2013–2024),Tipologia | Doenças infecciosas,Tipologia,Doenças infecciosas,Principal: 11 dummies,12,143,Desastres → inadimplência,8,0.41058617266477804,0.9123336886576235,0.9260884785939041,0.26488982988788917,8,107,135,0.8459933131045744,True,0.981295751603096
Total (2013–2024),Tipologia | Doenças infecciosas,Tipologia,Doenças infecciosas,Principal: 11 dummies,12,143,Inadimplência → desastres,8,1.0848161329631305,0.37938853554693863,0.486769647684955,0.21037965460071817,8,107,135,0.8459933131045744,True,0.6399941557809357
Total (2013–2024),Tipologia | Doenças infecciosas,Tipologia,Doenças infecciosas,Principal: 11 dummies,12,143,Desastres → inadimplência,9,0.4766265967708635,0.8873995665558596,0.9342382658798991,0.20378347222428336,9,104,134,0.873187744470667,True,0.976515560155759
Total (2013–2024),Tipologia | Doenças infecciosas,Tipologia,Doenças infecciosas,Principal: 11 dummies,12,143,Inadimplência → desastres,9,0.8146454247528779,0.6038454497957493,0.6364776305042756,0.20647848234144592,9,104,134,0.873187744470667,True,0.7797893493354456
Total (2013–2024),Tipologia | Doenças infecciosas,Tipologia,Doenças infecciosas,Principal: 11 dummies,12,143,Desastres → inadimplência,10,0.4794335115971736,0.8998807132884651,0.9464329840166668,0.0150184166916055,10,101,133,0.8939772485853635,True,0.9798981071848755
Total (2013–2024),Tipologia | Doenças infecciosas,Tipologia,Doenças infecciosas,Principal: 11 dummies,12,143,Inadimplência → desastres,10,1.4807812140877012,0.15745850260778563,0.5085328774445494,0.16206592101254344,10,101,133,0.8939772485853635,True,0.42316662312963055
Total (2013–2024),Tipologia | Doenças infecciosas,Tipologia,Doenças infecciosas,Principal: 11 dummies,12,143,Desastres → inadimplência,11,0.6047480730925735,0.8207432470654307,0.7898802255544013,0.02569158808796566,11,98,132,0.9276808830475681,True,0.9635776473725449
Total (2013–2024),Tipologia | Doenças infecciosas,Tipologia,Doenças infecciosas,Principal: 11 dummies,12,143,Inadimplência → desastres,11,1.3618663012947687,0.20323663292856595,0.5519282748632781,0.08525941537515762,11,98,132,0.9276808830475681,True,0.4757411819488903
Total (2013–2024),Tipologia | Doenças infecciosas,Tipologia,Doenças infecciosas,Principal: 11 dummies,12,143,Desastres → inadimplência,12,0.5519924379642631,0.8746569250015364,0.8975064199870358,0.10728798297182494,12,95,131,0.9411282729794882,True,0.9747603270874271
Total (2013–2024),Tipologia | Doenças infecciosas,Tipologia,Doenças infecciosas,Principal: 11 dummies,12,143,Inadimplência → desastres,12,1.4912980388819528,0.14092767724265026,0.47494569203412795,0.007102548568155334,12,95,131,0.9411282729794882,True,0.4068350959660805
Total (2013–2024),Tipologia | Doenças infecciosas,Tipologia,Doenças infecciosas,Comparação: sem dummies,12,143,Desastres → inadimplência,1,0.003712310778406318,0.951503482130234,0.9501762460440407,0.9432614447831392,1,139,142,0.3398281933147041,True,0.9923078696127101
Total (2013–2024),Tipologia | Doenças infecciosas,Tipologia,Doenças infecciosas,Comparação: sem dummies,12,143,Inadimplência → desastres,1,0.9783975047083429,0.3243134690491744,0.39247329741455994,0.39313630849173725,1,139,142,0.3398281933147041,True,0.5876457783142869
Total (2013–2024),Tipologia | Doenças infecciosas,Tipologia,Doenças infecciosas,Comparação: sem dummies,12,143,Desastres → inadimplência,2,0.43256178657573224,0.6497342883697866,0.4566537743611741,0.06942050520310253,2,136,141,0.4848896182764672,True,0.9168999854112312
Total (2013–2024),Tipologia | Doenças infecciosas,Tipologia,Doenças infecciosas,Comparação: sem dummies,12,143,Inadimplência → desastres,2,0.706149591592768,0.49534130194371667,0.5518249443476112,0.4221732843507773,2,136,141,0.4848896182764672,True,0.7204816345958182
Total (2013–2024),Tipologia | Doenças infecciosas,Tipologia,Doenças infecciosas,Comparação: sem dummies,12,143,Desastres → inadimplência,3,0.12919931008505842,0.9426109469884414,0.882326738014279,0.8068138884312989,3,133,140,0.7354721485375153,True,0.9899358849372114
Total (2013–2024),Tipologia | Doenças infecciosas,Tipologia,Doenças infecciosas,Comparação: sem dummies,12,143,Inadimplência → desastres,3,0.9164725405115273,0.43488956191748074,0.5622907283214326,0.3561241906716661,3,133,140,0.7354721485375153,True,0.6769762794481332
Total (2013–2024),Tipologia | Doenças infecciosas,Tipologia,Doenças infecciosas,Comparação: sem dummies,12,143,Desastres → inadimplência,4,1.428869309992328,0.2280219155902977,0.6009335414752828,0.02899604406506308,4,130,139,0.7046971184411369,True,0.7132294285430795
Total (2013–2024),Tipologia | Doenças infecciosas,Tipologia,Doenças infecciosas,Comparação: sem dummies,12,143,Inadimplência → desastres,4,0.963614005726756,0.42986056221287927,0.6596792159210287,0.4430805221789632,4,130,139,0.7046971184411369,True,0.6769613470199253
Total (2013–2024),Tipologia | Doenças infecciosas,Tipologia,Doenças infecciosas,Comparação: sem dummies,12,143,Desastres → inadimplência,5,1.8691623505030097,0.10424509492906256,0.4912996142613719,0.0001963716865417564,5,127,138,0.828823786161649,True,0.543788638138664
Total (2013–2024),Tipologia | Doenças infecciosas,Tipologia,Doenças infecciosas,Comparação: sem dummies,12,143,Inadimplência → desastres,5,1.303102710358188,0.266746370930099,0.05699156368654973,0.032940592989643025,5,127,138,0.828823786161649,True,0.5464679277415219
Total (2013–2024),Tipologia | Doenças infecciosas,Tipologia,Doenças infecciosas,Comparação: sem dummies,12,143,Desastres → inadimplência,6,1.4791897442113606,0.19063913871974036,0.5474014967029777,0.0008494374808634614,6,124,137,0.9002901249920755,True,0.6582843187836338
Total (2013–2024),Tipologia | Doenças infecciosas,Tipologia,Doenças infecciosas,Comparação: sem dummies,12,143,Inadimplência → desastres,6,1.611950374990152,0.14923723596955857,0.05119422337661951,0.009591823701028093,6,124,137,0.9002901249920755,True,0.41639853786149156
Total (2013–2024),Tipologia | Doenças infecciosas,Tipologia,Doenças infecciosas,Comparação: sem dummies,12,143,Desastres → inadimplência,7,1.3567471787617247,0.2298566894890606,0.6691762141765776,0.006174707074747059,7,121,136,0.939872986166397,True,0.7132294285430795
Total (2013–2024),Tipologia | Doenças infecciosas,Tipologia,Doenças infecciosas,Comparação: sem dummies,12,143,Inadimplência → desastres,7,1.975775151057066,0.06376452822283787,0.1040024579515904,0.16843090812522513,7,121,136,0.939872986166397,True,0.28408817513613505
Total (2013–2024),Tipologia | Doenças infecciosas,Tipologia,Doenças infecciosas,Comparação: sem dummies,12,143,Desastres → inadimplência,8,1.2693228784614474,0.26604834220534274,0.501726605837894,0.000886984683822264,8,118,135,0.9435552571674439,True,0.747999883750378
Total (2013–2024),Tipologia | Doenças infecciosas,Tipologia,Doenças infecciosas,Comparação: sem dummies,12,143,Inadimplência → desastres,8,1.9555491276655241,0.05803137105688137,0.18241896905861288,0.16012536188295395,8,118,135,0.9435552571674439,True,0.27430847673411135
Total (2013–2024),Tipologia | Doenças infecciosas,Tipologia,Doenças infecciosas,Comparação: sem dummies,12,143,Desastres → inadimplência,9,1.1829910465623035,0.31246060586256463,0.5668133299782749,0.0012065239931781891,9,115,134,0.9435602660143891,True,0.7767560045564231
Total (2013–2024),Tipologia | Doenças infecciosas,Tipologia,Doenças infecciosas,Comparação: sem dummies,12,143,Inadimplência → desastres,9,1.5706372860889908,0.13222571151684226,0.48372346109345754,0.03164792566675562,9,115,134,0.9435602660143891,True,0.3919240324181706
Total (2013–2024),Tipologia | Doenças infecciosas,Tipologia,Doenças infecciosas,Comparação: sem dummies,12,143,Desastres → inadimplência,10,1.0440662120719593,0.4117725282706517,0.6839545590344518,0.0005076356056624707,10,112,133,0.9523258769646248,True,0.8375640485999992
Total (2013–2024),Tipologia | Doenças infecciosas,Tipologia,Doenças infecciosas,Comparação: sem dummies,12,143,Inadimplência → desastres,10,1.8648335685593924,0.057512317527347076,0.3236616701003483,0.020664650013947582,10,112,133,0.9523258769646248,True,0.27430847673411135
Total (2013–2024),Tipologia | Doenças infecciosas,Tipologia,Doenças infecciosas,Comparação: sem dummies,12,143,Desastres → inadimplência,11,1.2016793241954737,0.2945269474937734,0.31025954534304434,1.3304818175766254e-08,11,109,132,0.9638218378671516,True,0.7578444358950407
Total (2013–2024),Tipologia | Doenças infecciosas,Tipologia,Doenças infecciosas,Comparação: sem dummies,12,143,Inadimplência → desastres,11,1.2615443239549722,0.25646620756952465,0.6067482096308384,0.16360777559250017,11,109,132,0.9638218378671516,True,0.5406117360234499
Total (2013–2024),Tipologia | Doenças infecciosas,Tipologia,Doenças infecciosas,Comparação: sem dummies,12,143,Desastres → inadimplência,12,0.8664067762471435,0.5828945798766356,0.6830556246268804,9.983291921344598e-06,12,106,131,0.9729985420224827,True,0.9119126718971146
Total (2013–2024),Tipologia | Doenças infecciosas,Tipologia,Doenças infecciosas,Comparação: sem dummies,12,143,Inadimplência → desastres,12,1.297301028949138,0.23092054358895187,0.5675280393506896,0.0870526067078084,12,106,131,0.9729985420224827,True,0.5090840908045676
Total (2013–2024),Tipologia | Doenças infecciosas,Tipologia,Doenças infecciosas,Robustez: diferença sazonal,12,131,Desastres → inadimplência,1,0.4586786497582077,0.49947399423057665,0.5755437381222139,0.46079940021264404,1,127,130,0.5136113621653184,True,0.8754569642361758
Total (2013–2024),Tipologia | Doenças infecciosas,Tipologia,Doenças infecciosas,Robustez: diferença sazonal,12,131,Inadimplência → desastres,1,0.005892707493463346,0.9389321133106644,0.9462249303425428,0.9465124009849996,1,127,130,0.5136113621653184,True,0.9691702243091086
Total (2013–2024),Tipologia | Doenças infecciosas,Tipologia,Doenças infecciosas,Robustez: diferença sazonal,12,131,Desastres → inadimplência,2,0.8061453570261838,0.44890254760428255,0.3139846961076802,0.14226178943492024,2,124,129,0.6401980580600202,True,0.855378330038648
Total (2013–2024),Tipologia | Doenças infecciosas,Tipologia,Doenças infecciosas,Robustez: diferença sazonal,12,131,Inadimplência → desastres,2,0.6260593215866357,0.5363761718247233,0.6803616175841953,0.4392338562186804,2,124,129,0.6401980580600202,True,0.7408510660562477
Total (2013–2024),Tipologia | Doenças infecciosas,Tipologia,Doenças infecciosas,Robustez: diferença sazonal,12,131,Desastres → inadimplência,3,0.8992614239902068,0.44378785799686615,0.3397565554484368,0.15482507089598815,3,121,128,0.7652217331205462,True,0.8521272234962867
Total (2013–2024),Tipologia | Doenças infecciosas,Tipologia,Doenças infecciosas,Robustez: diferença sazonal,12,131,Inadimplência → desastres,3,0.7787356337586219,0.508042713349026,0.5921548155217757,0.21706128885974024,3,121,128,0.7652217331205462,True,0.7278925859189871
Total (2013–2024),Tipologia | Doenças infecciosas,Tipologia,Doenças infecciosas,Robustez: diferença sazonal,12,131,Desastres → inadimplência,4,0.8290742465882532,0.5092353787824653,0.3956837606291674,0.17775146954623383,4,118,127,0.7172036198619766,True,0.8754569642361758
Total (2013–2024),Tipologia | Doenças infecciosas,Tipologia,Doenças infecciosas,Robustez: diferença sazonal,12,131,Inadimplência → desastres,4,0.6929764748609177,0.5982490536530181,0.6683893259487018,0.2141690403869543,4,118,127,0.7172036198619766,True,0.7795481515818052
Total (2013–2024),Tipologia | Doenças infecciosas,Tipologia,Doenças infecciosas,Robustez: diferença sazonal,12,131,Desastres → inadimplência,5,0.8816467561052896,0.495851090071588,0.35456049527389555,0.05373113398452136,5,115,126,0.7821119466777672,True,0.8742085509019534
Total (2013–2024),Tipologia | Doenças infecciosas,Tipologia,Doenças infecciosas,Robustez: diferença sazonal,12,131,Inadimplência → desastres,5,2.0159486238032818,0.08150834053104782,0.02570957225820576,6.365574015484626e-08,5,115,126,0.7821119466777672,True,0.33772442776958234
Total (2013–2024),Tipologia | Doenças infecciosas,Tipologia,Doenças infecciosas,Robustez: diferença sazonal,12,131,Desastres → inadimplência,6,0.7477325211432247,0.6124488951258011,0.582232108897873,0.11702811635028451,6,112,125,0.8100302069188562,True,0.9168999854112312
Total (2013–2024),Tipologia | Doenças infecciosas,Tipologia,Doenças infecciosas,Robustez: diferença sazonal,12,131,Inadimplência → desastres,6,1.8336382628664962,0.09880894358404368,0.03936771149899389,1.7370419517541698e-06,6,112,125,0.8100302069188562,True,0.35491718241395004
Total (2013–2024),Tipologia | Doenças infecciosas,Tipologia,Doenças infecciosas,Robustez: diferença sazonal,12,131,Desastres → inadimplência,7,0.6891041608312033,0.6810437098033552,0.6279232978491713,0.004475513017333854,7,109,124,0.8292975150676495,True,0.9235504512733719
Total (2013–2024),Tipologia | Doenças infecciosas,Tipologia,Doenças infecciosas,Robustez: diferença sazonal,12,131,Inadimplência → desastres,7,1.5613080497371505,0.15459831837184967,0.05840836651316405,2.924554890255417e-06,7,109,124,0.8292975150676495,True,0.4228511436779322
Total (2013–2024),Tipologia | Doenças infecciosas,Tipologia,Doenças infecciosas,Robustez: diferença sazonal,12,131,Desastres → inadimplência,8,0.6590595901753781,0.7262367152681031,0.7538187093292598,0.014290760082061581,8,106,123,0.8411882666198089,True,0.9299407173443379
Total (2013–2024),Tipologia | Doenças infecciosas,Tipologia,Doenças infecciosas,Robustez: diferença sazonal,12,131,Inadimplência → desastres,8,1.4778126267109415,0.1739161660377429,0.04512170472074513,1.747443724848564e-07,8,106,123,0.8411882666198089,True,0.44691975606310386
Total (2013–2024),Tipologia | Doenças infecciosas,Tipologia,Doenças infecciosas,Robustez: diferença sazonal,12,131,Desastres → inadimplência,9,0.5542620078792201,0.831265917738965,0.9186744894595591,0.19514783672710537,9,103,122,0.8755446926404832,True,0.9635776473725449
Total (2013–2024),Tipologia | Doenças infecciosas,Tipologia,Doenças infecciosas,Robustez: diferença sazonal,12,131,Inadimplência → desastres,9,1.189839019545921,0.3094501111508093,0.1243754443539031,1.769600297394708e-06,9,103,122,0.8755446926404832,True,0.5739059924903733
Total (2013–2024),Tipologia | Doenças infecciosas,Tipologia,Doenças infecciosas,Robustez: diferença sazonal,12,131,Desastres → inadimplência,10,0.5908166656944122,0.8180682237014217,0.9454946412672001,0.06426518940631673,10,100,121,0.9055047326209928,True,0.9635776473725449
Total (2013–2024),Tipologia | Doenças infecciosas,Tipologia,Doenças infecciosas,Robustez: diferença sazonal,12,131,Inadimplência → desastres,10,1.2677553973206142,0.258921050566861,0.15806824477838854,2.0638184452348017e-07,10,100,121,0.9055047326209928,True,0.5412229317869168
Total (2013–2024),Tipologia | Doenças infecciosas,Tipologia,Doenças infecciosas,Robustez: diferença sazonal,12,131,Desastres → inadimplência,11,0.6261935210732118,0.8024576208957961,0.847117602051858,0.1113786770102173,11,97,120,0.9321493799937048,True,0.9578109280787415
Total (2013–2024),Tipologia | Doenças infecciosas,Tipologia,Doenças infecciosas,Robustez: diferença sazonal,12,131,Inadimplência → desastres,11,1.1498656097964053,0.33225862511424026,0.22126710664083485,6.503712902692701e-07,11,97,120,0.9321493799937048,True,0.5955624476373795
Total (2013–2024),Tipologia | Doenças infecciosas,Tipologia,Doenças infecciosas,Robustez: diferença sazonal,12,131,Desastres → inadimplência,12,0.5366853588697906,0.8855798202576475,0.9131252172120741,0.1871953471420017,12,94,119,0.9686638771033339,True,0.976515560155759
Total (2013–2024),Tipologia | Doenças infecciosas,Tipologia,Doenças infecciosas,Robustez: diferença sazonal,12,131,Inadimplência → desastres,12,1.2091591644749542,0.28848696016311026,0.22333639690924478,5.847538273372474e-07,12,94,119,0.9686638771033339,True,0.5608222398194213
Total (2013–2024),Tipologia | Enxurradas,Tipologia,Enxurradas,Principal: 11 dummies,12,143,Desastres → inadimplência,1,0.04304673094648493,0.8359670325587801,0.8273817602427547,0.7971986793388283,1,128,142,0.4603903269187205,True,0.9643340559022312
Total (2013–2024),Tipologia | Enxurradas,Tipologia,Enxurradas,Principal: 11 dummies,12,143,Inadimplência → desastres,1,0.29690457815850185,0.5867776316724759,0.6498909480320839,0.5015940984887802,1,128,142,0.4603903269187205,True,0.7748256645865398
Total (2013–2024),Tipologia | Enxurradas,Tipologia,Enxurradas,Principal: 11 dummies,12,143,Desastres → inadimplência,2,0.10293738535901502,0.9022598580205687,0.9040345569483396,0.8220305903803394,2,125,141,0.6540191006574302,True,0.9798981071848755
Total (2013–2024),Tipologia | Enxurradas,Tipologia,Enxurradas,Principal: 11 dummies,12,143,Inadimplência → desastres,2,0.7511647339896772,0.47393429198646425,0.45968357342656013,0.0950532206025311,2,125,141,0.6540191006574302,True,0.7035841626877438
Total (2013–2024),Tipologia | Enxurradas,Tipologia,Enxurradas,Principal: 11 dummies,12,143,Desastres → inadimplência,3,0.15111366899191522,0.928800088521037,0.9417527085345749,0.7803472755960141,3,122,140,0.7527579985734719,True,0.9897699153037479
Total (2013–2024),Tipologia | Enxurradas,Tipologia,Enxurradas,Principal: 11 dummies,12,143,Inadimplência → desastres,3,0.5857074503192325,0.6255001892335135,0.5964979924744408,0.08043136608187804,3,122,140,0.7527579985734719,True,0.7946402272722006
Total (2013–2024),Tipologia | Enxurradas,Tipologia,Enxurradas,Principal: 11 dummies,12,143,Desastres → inadimplência,4,0.20166481868688915,0.9370130721305635,0.9437330903028085,0.792161298381134,4,119,139,0.7198865644309195,True,0.9899358849372114
Total (2013–2024),Tipologia | Enxurradas,Tipologia,Enxurradas,Principal: 11 dummies,12,143,Inadimplência → desastres,4,0.48007832317677723,0.7503038976419663,0.6757257362046891,0.035394966051644446,4,119,139,0.7198865644309195,True,0.8643901445588291
Total (2013–2024),Tipologia | Enxurradas,Tipologia,Enxurradas,Principal: 11 dummies,12,143,Desastres → inadimplência,5,0.22155472444117325,0.9526155548282017,0.9615964198984959,0.874784070144716,5,116,138,0.7715301200223346,True,0.9923078696127101
Total (2013–2024),Tipologia | Enxurradas,Tipologia,Enxurradas,Principal: 11 dummies,12,143,Inadimplência → desastres,5,0.7124249047086009,0.6152999475446568,0.37397308168317567,0.002503413316472177,5,116,138,0.7715301200223346,True,0.786942568458473
Total (2013–2024),Tipologia | Enxurradas,Tipologia,Enxurradas,Principal: 11 dummies,12,143,Desastres → inadimplência,6,0.1688006133599063,0.9846066385727739,0.9864751978790001,0.9185435995263301,6,113,137,0.799904614677809,True,0.9992078848635362
Total (2013–2024),Tipologia | Enxurradas,Tipologia,Enxurradas,Principal: 11 dummies,12,143,Inadimplência → desastres,6,0.8206885846457869,0.5561355347002479,0.5839404318730124,0.000280075630780441,6,113,137,0.799904614677809,True,0.7597479982243824
Total (2013–2024),Tipologia | Enxurradas,Tipologia,Enxurradas,Principal: 11 dummies,12,143,Desastres → inadimplência,7,0.14975453458611068,0.9936768269849404,0.9949518950496071,0.9150774097353367,7,110,136,0.815616012724609,True,0.9992078848635362
Total (2013–2024),Tipologia | Enxurradas,Tipologia,Enxurradas,Principal: 11 dummies,12,143,Inadimplência → desastres,7,1.21846022537073,0.2987280018045711,0.48020467623683083,3.7328688233579846e-05,7,110,136,0.815616012724609,True,0.5640099707833236
Total (2013–2024),Tipologia | Enxurradas,Tipologia,Enxurradas,Principal: 11 dummies,12,143,Desastres → inadimplência,8,0.21018832716609734,0.9885423281185484,0.9805699819510583,0.48823049950097974,8,107,135,0.8540892535902187,True,0.9992078848635362
Total (2013–2024),Tipologia | Enxurradas,Tipologia,Enxurradas,Principal: 11 dummies,12,143,Inadimplência → desastres,8,1.2320186253762684,0.28755914038657676,0.60965184658388,3.258316438079732e-07,8,107,135,0.8540892535902187,True,0.5607472481166349
Total (2013–2024),Tipologia | Enxurradas,Tipologia,Enxurradas,Principal: 11 dummies,12,143,Desastres → inadimplência,9,0.2168643944650902,0.99149744186909,0.988423196545651,0.16865318878250207,9,104,134,0.8733817002321957,True,0.9992078848635362
Total (2013–2024),Tipologia | Enxurradas,Tipologia,Enxurradas,Principal: 11 dummies,12,143,Inadimplência → desastres,9,1.0537915079422107,0.40323345946550193,0.7335421049566362,5.777015918906505e-06,9,104,134,0.8733817002321957,True,0.6537507449181289
Total (2013–2024),Tipologia | Enxurradas,Tipologia,Enxurradas,Principal: 11 dummies,12,143,Desastres → inadimplência,10,0.49203795048059895,0.8917128149618812,0.9127178796703318,0.17171643571939482,10,101,133,0.869671118906493,True,0.976515560155759
Total (2013–2024),Tipologia | Enxurradas,Tipologia,Enxurradas,Principal: 11 dummies,12,143,Inadimplência → desastres,10,1.0203588175504894,0.43187982969034944,0.7627247546873513,8.910345775505842e-05,10,101,133,0.869671118906493,True,0.6769762794481332
Total (2013–2024),Tipologia | Enxurradas,Tipologia,Enxurradas,Principal: 11 dummies,12,143,Desastres → inadimplência,11,0.6427013596564775,0.7880753092481965,0.8916589746755113,0.3006012419393033,11,98,132,0.9085542579363866,True,0.9528515418865274
Total (2013–2024),Tipologia | Enxurradas,Tipologia,Enxurradas,Principal: 11 dummies,12,143,Inadimplência → desastres,11,1.1978374936165077,0.29869887846668663,0.6638594244524451,4.760697169650769e-07,11,98,132,0.9085542579363866,True,0.5640099707833236
Total (2013–2024),Tipologia | Enxurradas,Tipologia,Enxurradas,Principal: 11 dummies,12,143,Desastres → inadimplência,12,0.7754285606908131,0.6740571632997198,0.9227698127752011,0.14229680156112284,12,95,131,0.9379358456825654,True,0.9230936528924308
Total (2013–2024),Tipologia | Enxurradas,Tipologia,Enxurradas,Principal: 11 dummies,12,143,Inadimplência → desastres,12,1.1881949475419458,0.3027873163211291,0.6195607898481612,1.1341839304207056e-07,12,95,131,0.9379358456825654,True,0.566593032038041
Total (2013–2024),Tipologia | Enxurradas,Tipologia,Enxurradas,Comparação: sem dummies,12,143,Desastres → inadimplência,1,0.021243241593019192,0.8843294138856632,0.878250429301954,0.8823098110022218,1,139,142,0.29094874512118535,True,0.976515560155759
Total (2013–2024),Tipologia | Enxurradas,Tipologia,Enxurradas,Comparação: sem dummies,12,143,Inadimplência → desastres,1,0.7547856560613962,0.3864628839565982,0.4750837991720224,0.39702135929818977,1,139,142,0.29094874512118535,True,0.6441048065943304
Total (2013–2024),Tipologia | Enxurradas,Tipologia,Enxurradas,Comparação: sem dummies,12,143,Desastres → inadimplência,2,0.05805240898394218,0.9436238624231869,0.9380940989901904,0.9320404429937326,2,136,141,0.46344207198310305,True,0.9899358849372114
Total (2013–2024),Tipologia | Enxurradas,Tipologia,Enxurradas,Comparação: sem dummies,12,143,Inadimplência → desastres,2,1.5112032465327576,0.2243258067870616,0.26503642645043507,0.23484624483549327,2,136,141,0.46344207198310305,True,0.5061502860718899
Total (2013–2024),Tipologia | Enxurradas,Tipologia,Enxurradas,Comparação: sem dummies,12,143,Desastres → inadimplência,3,0.24155019354321514,0.8672161595794936,0.8553498900220079,0.7310927470422026,3,133,140,0.7404713278355437,True,0.9745223741010597
Total (2013–2024),Tipologia | Enxurradas,Tipologia,Enxurradas,Comparação: sem dummies,12,143,Inadimplência → desastres,3,1.0011913866517184,0.3945217789716058,0.4528961797698001,0.26802785878507074,3,133,140,0.7404713278355437,True,0.6505966012064739
Total (2013–2024),Tipologia | Enxurradas,Tipologia,Enxurradas,Comparação: sem dummies,12,143,Desastres → inadimplência,4,2.0985966319273635,0.08463955993373959,0.001725198220633224,0.0005117297240026283,4,130,139,0.7882796155972388,True,0.5310609721939257
Total (2013–2024),Tipologia | Enxurradas,Tipologia,Enxurradas,Comparação: sem dummies,12,143,Inadimplência → desastres,4,2.120357196793111,0.08188107772568604,0.1495781344033254,0.0004859885501709801,4,130,139,0.7882796155972388,True,0.33772442776958234
Total (2013–2024),Tipologia | Enxurradas,Tipologia,Enxurradas,Comparação: sem dummies,12,143,Desastres → inadimplência,5,2.007302152456796,0.08194379292923502,0.00339587685660521,0.0037822974845434197,5,127,138,0.831026427840427,True,0.5310609721939257
Total (2013–2024),Tipologia | Enxurradas,Tipologia,Enxurradas,Comparação: sem dummies,12,143,Inadimplência → desastres,5,1.9740339569593217,0.08686116967840123,0.12665892198836298,2.0684357428668423e-05,5,127,138,0.831026427840427,True,0.3402910252736176
Total (2013–2024),Tipologia | Enxurradas,Tipologia,Enxurradas,Comparação: sem dummies,12,143,Desastres → inadimplência,6,1.8224864783121224,0.0999425426474927,0.019087389576336895,7.195569414647474e-05,6,124,137,0.922094832112246,True,0.543788638138664
Total (2013–2024),Tipologia | Enxurradas,Tipologia,Enxurradas,Comparação: sem dummies,12,143,Inadimplência → desastres,6,2.3741336145378527,0.03318926271495925,0.0066048558236017785,2.761763499906281e-06,6,124,137,0.922094832112246,True,0.222232582546802
Total (2013–2024),Tipologia | Enxurradas,Tipologia,Enxurradas,Comparação: sem dummies,12,143,Desastres → inadimplência,7,1.1906768595113357,0.31318815927617555,0.18900190997708843,0.11581601186446876,7,121,136,0.9423929807911039,True,0.7767560045564231
Total (2013–2024),Tipologia | Enxurradas,Tipologia,Enxurradas,Comparação: sem dummies,12,143,Inadimplência → desastres,7,2.1463438714863288,0.043728360436474906,0.011531053491904347,1.1646648379905786e-05,7,121,136,0.9423929807911039,True,0.24672345594106515
Total (2013–2024),Tipologia | Enxurradas,Tipologia,Enxurradas,Comparação: sem dummies,12,143,Desastres → inadimplência,8,1.6245137392222333,0.12494362115512624,0.11689474738870148,0.024427143953017257,8,118,135,0.9538434394023204,True,0.5678252842533589
Total (2013–2024),Tipologia | Enxurradas,Tipologia,Enxurradas,Comparação: sem dummies,12,143,Inadimplência → desastres,8,2.302033731519369,0.02495286377871231,0.009962330009476609,5.05450181951477e-09,8,118,135,0.9538434394023204,True,0.19722312601138597
Total (2013–2024),Tipologia | Enxurradas,Tipologia,Enxurradas,Comparação: sem dummies,12,143,Desastres → inadimplência,9,1.5020455414844183,0.15534733521305633,0.17120823156098003,0.0016577720312698453,9,115,134,0.9515358540802034,True,0.6284277314444026
Total (2013–2024),Tipologia | Enxurradas,Tipologia,Enxurradas,Comparação: sem dummies,12,143,Inadimplência → desastres,9,2.377621609740728,0.016666468640788832,0.012090589132890687,2.7663931584930613e-10,9,115,134,0.9515358540802034,True,0.16926262794807567
Total (2013–2024),Tipologia | Enxurradas,Tipologia,Enxurradas,Comparação: sem dummies,12,143,Desastres → inadimplência,10,1.4866033770276985,0.15352283933328742,0.2520986752016797,0.0037028086937469203,10,112,133,0.9567623887638915,True,0.6249699452648108
Total (2013–2024),Tipologia | Enxurradas,Tipologia,Enxurradas,Comparação: sem dummies,12,143,Inadimplência → desastres,10,1.8594917815432195,0.0583504867344051,0.055747724954251426,2.468331141037245e-09,10,112,133,0.9567623887638915,True,0.27430847673411135
Total (2013–2024),Tipologia | Enxurradas,Tipologia,Enxurradas,Comparação: sem dummies,12,143,Desastres → inadimplência,11,1.4508296950933057,0.16091187209541033,0.23783407548157176,0.006059469122929971,11,109,132,0.9583684811812466,True,0.6319374426847137
Total (2013–2024),Tipologia | Enxurradas,Tipologia,Enxurradas,Comparação: sem dummies,12,143,Inadimplência → desastres,11,1.4132557157763053,0.17706544252665335,0.253583496651256,3.219810548427271e-08,11,109,132,0.9583684811812466,True,0.44691975606310386
Total (2013–2024),Tipologia | Enxurradas,Tipologia,Enxurradas,Comparação: sem dummies,12,143,Desastres → inadimplência,12,1.0115263224479554,0.44377890278307935,0.6119471249140056,0.04144564109800532,12,106,131,0.9663746276106878,True,0.8521272234962867
Total (2013–2024),Tipologia | Enxurradas,Tipologia,Enxurradas,Comparação: sem dummies,12,143,Inadimplência → desastres,12,1.4824088607983212,0.14214796103144872,0.32313776066298655,3.826329969599864e-07,12,106,131,0.9663746276106878,True,0.4075342919479608
Total (2013–2024),Tipologia | Enxurradas,Tipologia,Enxurradas,Robustez: diferença sazonal,12,131,Desastres → inadimplência,1,1.0163153937523979,0.3153114969460035,0.25746033783154737,0.1426040341730554,1,127,130,0.5144908371086241,True,0.7767560045564231
Total (2013–2024),Tipologia | Enxurradas,Tipologia,Enxurradas,Robustez: diferença sazonal,12,131,Inadimplência → desastres,1,0.03844468533119964,0.8448662918300429,0.869048334887045,0.8283998727635923,1,127,130,0.5144908371086241,True,0.919132171268541
Total (2013–2024),Tipologia | Enxurradas,Tipologia,Enxurradas,Robustez: diferença sazonal,12,131,Desastres → inadimplência,2,0.5221394537556898,0.594548434966614,0.510431292597783,0.1401330433791229,2,124,129,0.6415793965074197,True,0.9143945838643741
Total (2013–2024),Tipologia | Enxurradas,Tipologia,Enxurradas,Robustez: diferença sazonal,12,131,Inadimplência → desastres,2,1.539984731062491,0.21845609638801225,0.13914419744680886,0.01984956452784421,2,124,129,0.6415793965074197,True,0.4964911281545733
Total (2013–2024),Tipologia | Enxurradas,Tipologia,Enxurradas,Robustez: diferença sazonal,12,131,Desastres → inadimplência,3,0.5761890676059925,0.6317448590862604,0.5433071962617577,0.08734287684523669,3,121,128,0.7590184512789793,True,0.9168999854112312
Total (2013–2024),Tipologia | Enxurradas,Tipologia,Enxurradas,Robustez: diferença sazonal,12,131,Inadimplência → desastres,3,1.0579362995967205,0.36969146146747056,0.24465243731805653,0.050032353670097576,3,121,128,0.7590184512789793,True,0.6278727266770899
Total (2013–2024),Tipologia | Enxurradas,Tipologia,Enxurradas,Robustez: diferença sazonal,12,131,Desastres → inadimplência,4,0.43265001969124145,0.78480347406252,0.6776003760961009,0.21654873501950045,4,118,127,0.7211146880850302,True,0.9528515418865274
Total (2013–2024),Tipologia | Enxurradas,Tipologia,Enxurradas,Robustez: diferença sazonal,12,131,Inadimplência → desastres,4,0.7684375744872555,0.547843412966935,0.430996143919141,0.08483792414001426,4,118,127,0.7211146880850302,True,0.7524441626464355
Total (2013–2024),Tipologia | Enxurradas,Tipologia,Enxurradas,Robustez: diferença sazonal,12,131,Desastres → inadimplência,5,0.42317649009784786,0.8317602252119808,0.7014455956863288,0.13810922165917255,5,115,126,0.7668421964257522,True,0.9635776473725449
Total (2013–2024),Tipologia | Enxurradas,Tipologia,Enxurradas,Robustez: diferença sazonal,12,131,Inadimplência → desastres,5,0.8311795550033544,0.5300921332114927,0.34574985403802794,0.001803696565319868,5,115,126,0.7668421964257522,True,0.7383216327419855
Total (2013–2024),Tipologia | Enxurradas,Tipologia,Enxurradas,Robustez: diferença sazonal,12,131,Desastres → inadimplência,6,0.299038236692343,0.9361873667148305,0.8165242117910156,0.3833140156942161,6,112,125,0.8379641203076899,True,0.9899358849372114
Total (2013–2024),Tipologia | Enxurradas,Tipologia,Enxurradas,Robustez: diferença sazonal,12,131,Inadimplência → desastres,6,1.262901627454191,0.28026274030057535,0.23390226069026654,0.0017359291365391968,6,112,125,0.8379641203076899,True,0.5565299022869059
Total (2013–2024),Tipologia | Enxurradas,Tipologia,Enxurradas,Robustez: diferença sazonal,12,131,Desastres → inadimplência,7,0.3833990749064006,0.9103423219493033,0.8398614731475285,0.26208893253912446,7,109,124,0.8751657525463584,True,0.981295751603096
Total (2013–2024),Tipologia | Enxurradas,Tipologia,Enxurradas,Robustez: diferença sazonal,12,131,Inadimplência → desastres,7,1.3053035485682851,0.2546119736166028,0.19942402465801437,0.0002681093558217565,7,109,124,0.8751657525463584,True,0.5403479915462708
Total (2013–2024),Tipologia | Enxurradas,Tipologia,Enxurradas,Robustez: diferença sazonal,12,131,Desastres → inadimplência,8,0.5987190690943063,0.7770728490161681,0.5606849982123192,0.00024045630334566738,8,106,123,0.8849335808629519,True,0.9503711717786738
Total (2013–2024),Tipologia | Enxurradas,Tipologia,Enxurradas,Robustez: diferença sazonal,12,131,Inadimplência → desastres,8,1.4358004153446033,0.1901198156303524,0.12201763676429486,6.75989296498756e-05,8,106,123,0.8849335808629519,True,0.46235363723334727
Total (2013–2024),Tipologia | Enxurradas,Tipologia,Enxurradas,Robustez: diferença sazonal,12,131,Desastres → inadimplência,9,0.4196419830926725,0.9220092933452135,0.8712870699856631,0.02005400168774316,9,103,122,0.8916898507718797,True,0.9850526638303563
Total (2013–2024),Tipologia | Enxurradas,Tipologia,Enxurradas,Robustez: diferença sazonal,12,131,Inadimplência → desastres,9,1.2285961679589672,0.28585155677158575,0.1409005080532678,0.0003199214157596402,9,103,122,0.8916898507718797,True,0.5607472481166349
Total (2013–2024),Tipologia | Enxurradas,Tipologia,Enxurradas,Robustez: diferença sazonal,12,131,Desastres → inadimplência,10,0.719907585308085,0.7039959561134643,0.7778282339108473,0.015969121514296806,10,100,121,0.9247784472003202,True,0.9299407173443379
Total (2013–2024),Tipologia | Enxurradas,Tipologia,Enxurradas,Robustez: diferença sazonal,12,131,Inadimplência → desastres,10,1.2390662999600244,0.2758439342398866,0.18534073782828941,0.0002654981720404003,10,100,121,0.9247784472003202,True,0.552571983653619
Total (2013–2024),Tipologia | Enxurradas,Tipologia,Enxurradas,Robustez: diferença sazonal,12,131,Desastres → inadimplência,11,1.0001966511607245,0.4520424739439718,0.536847900283101,0.059104093265331704,11,97,120,0.9432503080612801,True,0.857040413901282
Total (2013–2024),Tipologia | Enxurradas,Tipologia,Enxurradas,Robustez: diferença sazonal,12,131,Inadimplência → desastres,11,1.703762388441741,0.08370408744488364,0.061985090781651944,9.830689364201082e-08,11,97,120,0.9432503080612801,True,0.33970814709774205
Total (2013–2024),Tipologia | Enxurradas,Tipologia,Enxurradas,Robustez: diferença sazonal,12,131,Desastres → inadimplência,12,1.047067376201852,0.41361418781195236,0.6978617080325331,0.068751216904013,12,94,119,0.9812371773894591,True,0.8375640485999992
Total (2013–2024),Tipologia | Enxurradas,Tipologia,Enxurradas,Robustez: diferença sazonal,12,131,Inadimplência → desastres,12,1.9167110138397139,0.04179995751397342,0.016436446441739937,6.7812237352965714e-06,12,94,119,0.9812371773894591,True,0.2450204088042013
Total (2013–2024),Tipologia | Erosão,Tipologia,Erosão,Principal: 11 dummies,12,143,Desastres → inadimplência,1,0.28738699674517615,0.5928302719164187,0.5956071747239551,0.6803391799130806,1,128,142,0.47314731166765045,True,0.9143945838643741
Total (2013–2024),Tipologia | Erosão,Tipologia,Erosão,Principal: 11 dummies,12,143,Inadimplência → desastres,1,1.21227728449949,0.27294777551799027,0.28716616938105266,0.08558313824436674,1,128,142,0.47314731166765045,True,0.552571983653619
Total (2013–2024),Tipologia | Erosão,Tipologia,Erosão,Principal: 11 dummies,12,143,Desastres → inadimplência,2,0.4347841478969271,0.6483796808078606,0.6020273471693197,0.6744848938458587,2,125,141,0.667151538703084,True,0.9168999854112312
Total (2013–2024),Tipologia | Erosão,Tipologia,Erosão,Principal: 11 dummies,12,143,Inadimplência → desastres,2,0.5851344082573214,0.5585493366723062,0.5381910647290139,0.34840438339714097,2,125,141,0.667151538703084,True,0.7617488551447619
Total (2013–2024),Tipologia | Erosão,Tipologia,Erosão,Principal: 11 dummies,12,143,Desastres → inadimplência,3,0.19331747879577965,0.9007813981428637,0.894802679826739,0.902564229143381,3,122,140,0.7447028918169369,True,0.9798981071848755
Total (2013–2024),Tipologia | Erosão,Tipologia,Erosão,Principal: 11 dummies,12,143,Inadimplência → desastres,3,1.0106426580395464,0.3905358817969488,0.5110191716777859,0.3127642970961231,3,122,140,0.7447028918169369,True,0.6481640287000038
Total (2013–2024),Tipologia | Erosão,Tipologia,Erosão,Principal: 11 dummies,12,143,Desastres → inadimplência,4,0.07780762799470578,0.9889311626765586,0.9868034893157314,0.9912500220089477,4,119,139,0.6129173775616575,True,0.9992078848635362
Total (2013–2024),Tipologia | Erosão,Tipologia,Erosão,Principal: 11 dummies,12,143,Inadimplência → desastres,4,0.7263310668641894,0.5756504204447266,0.6982455884371328,0.531324964520225,4,119,139,0.6129173775616575,True,0.767943463773648
Total (2013–2024),Tipologia | Erosão,Tipologia,Erosão,Principal: 11 dummies,12,143,Desastres → inadimplência,5,0.06775579869147487,0.9967634611616382,0.9961690651125874,0.9971659599588802,5,116,138,0.6828389575131613,True,0.9992078848635362
Total (2013–2024),Tipologia | Erosão,Tipologia,Erosão,Principal: 11 dummies,12,143,Inadimplência → desastres,5,0.7790087646729362,0.5667849084763354,0.652305672387866,0.5042435001471208,5,116,138,0.6828389575131613,True,0.7642730696822214
Total (2013–2024),Tipologia | Erosão,Tipologia,Erosão,Principal: 11 dummies,12,143,Desastres → inadimplência,6,0.33993569824142167,0.9143877963564652,0.9432000521520494,0.72664558161335,6,113,137,0.8094366099026992,True,0.981295751603096
Total (2013–2024),Tipologia | Erosão,Tipologia,Erosão,Principal: 11 dummies,12,143,Inadimplência → desastres,6,1.6973242071793064,0.12800935626990523,0.11346057068613259,0.00017883920575374455,6,113,137,0.8094366099026992,True,0.3855703502105579
Total (2013–2024),Tipologia | Erosão,Tipologia,Erosão,Principal: 11 dummies,12,143,Desastres → inadimplência,7,1.1024706539626827,0.3667206430316146,0.24283745136926432,0.0029253163301871275,7,110,136,0.8438872844871529,True,0.810555774392804
Total (2013–2024),Tipologia | Erosão,Tipologia,Erosão,Principal: 11 dummies,12,143,Inadimplência → desastres,7,2.113394351958796,0.04790228647703213,0.0613244001356483,8.051862616956093e-07,7,110,136,0.8438872844871529,True,0.2538127077770089
Total (2013–2024),Tipologia | Erosão,Tipologia,Erosão,Principal: 11 dummies,12,143,Desastres → inadimplência,8,1.328941585860594,0.23705127744788385,0.1771892548405384,5.518221596731679e-05,8,107,135,0.8625337141444643,True,0.7140098718309754
Total (2013–2024),Tipologia | Erosão,Tipologia,Erosão,Principal: 11 dummies,12,143,Inadimplência → desastres,8,1.8650179184865388,0.07304215787012808,0.0993704941860076,1.6196610889689828e-06,8,107,135,0.8625337141444643,True,0.313754973668935
Total (2013–2024),Tipologia | Erosão,Tipologia,Erosão,Principal: 11 dummies,12,143,Desastres → inadimplência,9,1.275676682712943,0.258919716380978,0.17762186847489633,2.0105777802941976e-05,9,104,134,0.8662178844397169,True,0.7389261312242523
Total (2013–2024),Tipologia | Erosão,Tipologia,Erosão,Principal: 11 dummies,12,143,Inadimplência → desastres,9,1.6499895532596978,0.11077029446662211,0.14289612396435533,3.138095965803921e-07,9,104,134,0.8662178844397169,True,0.37368827197657495
Total (2013–2024),Tipologia | Erosão,Tipologia,Erosão,Principal: 11 dummies,12,143,Desastres → inadimplência,10,1.1645826473466847,0.3235258091715033,0.2597535036718866,3.5846281766592314e-06,10,101,133,0.9012697128062265,True,0.7867845553781695
Total (2013–2024),Tipologia | Erosão,Tipologia,Erosão,Principal: 11 dummies,12,143,Inadimplência → desastres,10,1.3737545854728168,0.20319289771806343,0.20800345458653816,4.3924715720998246e-07,10,101,133,0.9012697128062265,True,0.4757411819488903
Total (2013–2024),Tipologia | Erosão,Tipologia,Erosão,Principal: 11 dummies,12,143,Desastres → inadimplência,11,1.0586514491690606,0.40246732373431693,0.3285993797457095,2.4904954543664497e-06,11,98,132,0.9230683625412651,True,0.8329207858740002
Total (2013–2024),Tipologia | Erosão,Tipologia,Erosão,Principal: 11 dummies,12,143,Inadimplência → desastres,11,1.3693221213713846,0.19956171970049447,0.13640019422375002,1.6884790095376253e-07,11,98,132,0.9230683625412651,True,0.4732488200952874
Total (2013–2024),Tipologia | Erosão,Tipologia,Erosão,Principal: 11 dummies,12,143,Desastres → inadimplência,12,1.1870680485105238,0.3035807059933151,0.3036404149114047,3.4417371742887856e-08,12,95,131,0.927296977234143,True,0.7681698026146637
Total (2013–2024),Tipologia | Erosão,Tipologia,Erosão,Principal: 11 dummies,12,143,Inadimplência → desastres,12,1.430068304971443,0.1659064354723318,0.06076937480251983,9.812155166429049e-12,12,95,131,0.927296977234143,True,0.4412405198732229
Total (2013–2024),Tipologia | Erosão,Tipologia,Erosão,Comparação: sem dummies,12,143,Desastres → inadimplência,1,0.655851116618955,0.41941271294354826,0.3853953197792256,0.3562115167126367,1,139,142,0.46592753611644766,True,0.8404285387582666
Total (2013–2024),Tipologia | Erosão,Tipologia,Erosão,Comparação: sem dummies,12,143,Inadimplência → desastres,1,0.3150538697167354,0.575499161954918,0.5445562078664182,0.3754068861570974,1,139,142,0.46592753611644766,True,0.767943463773648
Total (2013–2024),Tipologia | Erosão,Tipologia,Erosão,Comparação: sem dummies,12,143,Desastres → inadimplência,2,0.32249401681667034,0.724892651042907,0.6668040427574072,0.667552459463637,2,136,141,0.612659791319634,True,0.9299407173443379
Total (2013–2024),Tipologia | Erosão,Tipologia,Erosão,Comparação: sem dummies,12,143,Inadimplência → desastres,2,0.3287897388590577,0.7203648789063415,0.6380460900186825,0.38960503531424384,2,136,141,0.612659791319634,True,0.8510103474575893
Total (2013–2024),Tipologia | Erosão,Tipologia,Erosão,Comparação: sem dummies,12,143,Desastres → inadimplência,3,0.23268927879147613,0.8734743103362286,0.7853120062085893,0.7253556242369794,3,133,140,0.7332664992982291,True,0.9747603270874271
Total (2013–2024),Tipologia | Erosão,Tipologia,Erosão,Comparação: sem dummies,12,143,Inadimplência → desastres,3,0.3061210336071986,0.8209286097684954,0.7496609256477336,0.5278213689344287,3,133,140,0.7332664992982291,True,0.904106398423453
Total (2013–2024),Tipologia | Erosão,Tipologia,Erosão,Comparação: sem dummies,12,143,Desastres → inadimplência,4,0.17201447947346932,0.9523730196361209,0.9348703101219586,0.9029738311519063,4,130,139,0.7017678989381295,True,0.9923078696127101
Total (2013–2024),Tipologia | Erosão,Tipologia,Erosão,Comparação: sem dummies,12,143,Inadimplência → desastres,4,0.5233972317883007,0.7186945977777949,0.582655543239794,0.2851761121994643,4,130,139,0.7017678989381295,True,0.8504655051683285
Total (2013–2024),Tipologia | Erosão,Tipologia,Erosão,Comparação: sem dummies,12,143,Desastres → inadimplência,5,0.09220850173782447,0.9933282279822895,0.9913897884268018,0.9797119551842357,5,127,138,0.7992293784466579,True,0.9992078848635362
Total (2013–2024),Tipologia | Erosão,Tipologia,Erosão,Comparação: sem dummies,12,143,Inadimplência → desastres,5,0.44836854712259605,0.8138184136447721,0.6960695558267874,0.49378124329752715,5,127,138,0.7992293784466579,True,0.9002416080141284
Total (2013–2024),Tipologia | Erosão,Tipologia,Erosão,Comparação: sem dummies,12,143,Desastres → inadimplência,6,0.5279665341424828,0.7861855586748507,0.7797708293341656,0.22773699901796746,6,124,137,0.9113300421871035,True,0.9528515418865274
Total (2013–2024),Tipologia | Erosão,Tipologia,Erosão,Comparação: sem dummies,12,143,Inadimplência → desastres,6,0.7925390341159333,0.5774411944598713,0.23194320115802522,0.16824171242846145,6,124,137,0.9113300421871035,True,0.7681726233767242
Total (2013–2024),Tipologia | Erosão,Tipologia,Erosão,Comparação: sem dummies,12,143,Desastres → inadimplência,7,0.9622327338662838,0.4619814163855144,0.2792745479653773,0.00952449752782106,7,121,136,0.9401913107907025,True,0.8656021962607778
Total (2013–2024),Tipologia | Erosão,Tipologia,Erosão,Comparação: sem dummies,12,143,Inadimplência → desastres,7,1.0480416581535796,0.4015161139278309,0.2823898960936236,0.09344985604502992,7,121,136,0.9401913107907025,True,0.6526594829776184
Total (2013–2024),Tipologia | Erosão,Tipologia,Erosão,Comparação: sem dummies,12,143,Desastres → inadimplência,8,0.8589492094085245,0.5532495625321965,0.4342876220337531,0.006430649699057261,8,118,135,0.9380731820595236,True,0.8987103429813551
Total (2013–2024),Tipologia | Erosão,Tipologia,Erosão,Comparação: sem dummies,12,143,Inadimplência → desastres,8,0.9155232874499604,0.5062843168438597,0.49195759314124143,0.10401363487681364,8,118,135,0.9380731820595236,True,0.7278925859189871
Total (2013–2024),Tipologia | Erosão,Tipologia,Erosão,Comparação: sem dummies,12,143,Desastres → inadimplência,9,0.748686461751603,0.6636526546782346,0.5379410306576009,0.003361466108860186,9,115,134,0.9336569715817163,True,0.9176613034820723
Total (2013–2024),Tipologia | Erosão,Tipologia,Erosão,Comparação: sem dummies,12,143,Inadimplência → desastres,9,0.9368157510536373,0.49626774990959954,0.5001717203732512,0.09430854510908206,9,115,134,0.9336569715817163,True,0.7204816345958182
Total (2013–2024),Tipologia | Erosão,Tipologia,Erosão,Comparação: sem dummies,12,143,Desastres → inadimplência,10,0.8182902934219203,0.6116740690482854,0.5574068313578024,0.009500288684479172,10,112,133,0.9342680148780417,True,0.9168999854112312
Total (2013–2024),Tipologia | Erosão,Tipologia,Erosão,Comparação: sem dummies,12,143,Inadimplência → desastres,10,0.8596036002597714,0.5729962664114849,0.6128076131670517,0.061157228580043084,10,112,133,0.9342680148780417,True,0.767943463773648
Total (2013–2024),Tipologia | Erosão,Tipologia,Erosão,Comparação: sem dummies,12,143,Desastres → inadimplência,11,0.7387066864606967,0.6992945973274085,0.6434725926438518,0.0113735984933346,11,109,132,0.9317355245536068,True,0.9293183407137394
Total (2013–2024),Tipologia | Erosão,Tipologia,Erosão,Comparação: sem dummies,12,143,Inadimplência → desastres,11,0.9120725215297224,0.5315462163171705,0.4840490621924296,0.0025681272867151177,11,109,132,0.9317355245536068,True,0.7383216327419855
Total (2013–2024),Tipologia | Erosão,Tipologia,Erosão,Comparação: sem dummies,12,143,Desastres → inadimplência,12,0.7092737478157599,0.7394463479465121,0.671804696008487,0.0036823052797937223,12,106,131,0.9608538053469795,True,0.9356186454536043
Total (2013–2024),Tipologia | Erosão,Tipologia,Erosão,Comparação: sem dummies,12,143,Inadimplência → desastres,12,0.948487158485592,0.5024247806100346,0.3799024540709376,8.369190012817251e-05,12,106,131,0.9608538053469795,True,0.7268877034288694
Total (2013–2024),Tipologia | Erosão,Tipologia,Erosão,Robustez: diferença sazonal,12,131,Desastres → inadimplência,1,0.741346646284879,0.3908524903896584,0.3768883698949356,0.5431894985512283,1,127,130,0.5271332331051861,True,0.8238880488820793
Total (2013–2024),Tipologia | Erosão,Tipologia,Erosão,Robustez: diferença sazonal,12,131,Inadimplência → desastres,1,0.0029405213894172543,0.9568398587584552,0.9518235526560902,0.9094177937352605,1,127,130,0.5271332331051861,True,0.977963878534807
Total (2013–2024),Tipologia | Erosão,Tipologia,Erosão,Robustez: diferença sazonal,12,131,Desastres → inadimplência,2,1.0848152665002102,0.34114965731693364,0.29633548330066123,0.5155905798535776,2,124,129,0.6648293442715072,True,0.7933688274062665
Total (2013–2024),Tipologia | Erosão,Tipologia,Erosão,Robustez: diferença sazonal,12,131,Inadimplência → desastres,2,0.17997714646170448,0.8355071051474883,0.8395155297682497,0.6538679258729767,2,124,129,0.6648293442715072,True,0.9125912258707732
Total (2013–2024),Tipologia | Erosão,Tipologia,Erosão,Robustez: diferença sazonal,12,131,Desastres → inadimplência,3,0.5416637062176215,0.6546791633597979,0.6272125118764517,0.7889266653069433,3,121,128,0.7634494151254582,True,0.9168999854112312
Total (2013–2024),Tipologia | Erosão,Tipologia,Erosão,Robustez: diferença sazonal,12,131,Inadimplência → desastres,3,1.765888883732388,0.1573028393709647,0.08926112649794647,0.021665059697975206,3,121,128,0.7634494151254582,True,0.42316662312963055
Total (2013–2024),Tipologia | Erosão,Tipologia,Erosão,Robustez: diferença sazonal,12,131,Desastres → inadimplência,4,0.5422115293678177,0.7050267381876119,0.6782542470107646,0.778809289585351,4,118,127,0.689417944604985,True,0.9299407173443379
Total (2013–2024),Tipologia | Erosão,Tipologia,Erosão,Robustez: diferença sazonal,12,131,Inadimplência → desastres,4,1.4310420901372034,0.22797676140463183,0.14634666736601826,0.04192370442208195,4,118,127,0.689417944604985,True,0.5088766995639104
Total (2013–2024),Tipologia | Erosão,Tipologia,Erosão,Robustez: diferença sazonal,12,131,Desastres → inadimplência,5,0.48584449562467463,0.7862410700428396,0.6796337475117966,0.5852415582077396,5,115,126,0.751598091730843,True,0.9528515418865274
Total (2013–2024),Tipologia | Erosão,Tipologia,Erosão,Robustez: diferença sazonal,12,131,Inadimplência → desastres,5,1.1876378904745692,0.319599239678706,0.20579699773666796,0.04372288707502041,5,115,126,0.751598091730843,True,0.585775732548948
Total (2013–2024),Tipologia | Erosão,Tipologia,Erosão,Robustez: diferença sazonal,12,131,Desastres → inadimplência,6,1.110235063188025,0.3609198714625212,0.5138982731786121,0.443184213924785,6,112,125,0.8519748880880587,True,0.8083063442604552
Total (2013–2024),Tipologia | Erosão,Tipologia,Erosão,Robustez: diferença sazonal,12,131,Inadimplência → desastres,6,3.34469821615692,0.004546304975862092,0.0018085728965860494,3.480515628431628e-10,6,112,125,0.8519748880880587,True,0.12091236637931095
Total (2013–2024),Tipologia | Erosão,Tipologia,Erosão,Robustez: diferença sazonal,12,131,Desastres → inadimplência,7,1.5464862640412094,0.15927960449730266,0.0788198797648334,2.8647642993867936e-05,7,109,124,0.8676196675488852,True,0.6319374426847137
Total (2013–2024),Tipologia | Erosão,Tipologia,Erosão,Robustez: diferença sazonal,12,131,Inadimplência → desastres,7,3.7968916123483205,0.0010024608550277694,0.0003439527490713298,1.1818201302305767e-14,7,109,124,0.8676196675488852,True,0.07831725429904449
Total (2013–2024),Tipologia | Erosão,Tipologia,Erosão,Robustez: diferença sazonal,12,131,Desastres → inadimplência,8,2.305286912318369,0.025536480652493462,0.014532951219570416,1.8770887150626423e-08,8,106,123,0.9064878108085455,True,0.3755364801837274
Total (2013–2024),Tipologia | Erosão,Tipologia,Erosão,Robustez: diferença sazonal,12,131,Inadimplência → desastres,8,3.014324181437236,0.004344407703138922,0.0014647940834979984,4.435791938070999e-13,8,106,123,0.9064878108085455,True,0.12067799175385895
Total (2013–2024),Tipologia | Erosão,Tipologia,Erosão,Robustez: diferença sazonal,12,131,Desastres → inadimplência,9,2.139647922316164,0.032490758766935274,0.01603054085286635,7.115348394481707e-08,9,103,122,0.9250771794066136,True,0.3905139274872028
Total (2013–2024),Tipologia | Erosão,Tipologia,Erosão,Robustez: diferença sazonal,12,131,Inadimplência → desastres,9,2.708824068107338,0.007145988264212485,0.004335520069824099,7.837634454962642e-13,9,103,122,0.9250771794066136,True,0.1464341857420591
Total (2013–2024),Tipologia | Erosão,Tipologia,Erosão,Robustez: diferença sazonal,12,131,Desastres → inadimplência,10,1.8531172463566632,0.06089500281628481,0.05087077262656362,7.961228629286265e-06,10,100,121,0.940833245922101,True,0.48109404000454004
Total (2013–2024),Tipologia | Erosão,Tipologia,Erosão,Robustez: diferença sazonal,12,131,Inadimplência → desastres,10,2.317990736847868,0.016939344766135424,0.01221821456214928,6.74419826824324e-10,10,100,121,0.940833245922101,True,0.16926262794807567
Total (2013–2024),Tipologia | Erosão,Tipologia,Erosão,Robustez: diferença sazonal,12,131,Desastres → inadimplência,11,1.8664236356494126,0.05326006342355069,0.06040585499370045,2.720510421965307e-06,11,97,120,0.9756393405599812,True,0.46883858647491805
Total (2013–2024),Tipologia | Erosão,Tipologia,Erosão,Robustez: diferença sazonal,12,131,Inadimplência → desastres,11,2.7611431523894483,0.0037156177893819713,0.00036871827393088235,9.75931797168073e-20,11,97,120,0.9756393405599812,True,0.11351835860593183
Total (2013–2024),Tipologia | Erosão,Tipologia,Erosão,Robustez: diferença sazonal,12,131,Desastres → inadimplência,12,1.3237028657923446,0.21835531918845702,0.1069269690440876,2.6585672905307224e-06,12,94,119,0.9744168078193318,True,0.7107920546499252
Total (2013–2024),Tipologia | Erosão,Tipologia,Erosão,Robustez: diferença sazonal,12,131,Inadimplência → desastres,12,2.858406844956359,0.0021590180910096082,0.00045171971184417584,6.542113555906008e-23,12,94,119,0.9744168078193318,True,0.09301921367378953
Total (2013–2024),Tipologia | Estiagem e Seca,Tipologia,Estiagem e Seca,Principal: 11 dummies,12,143,Desastres → inadimplência,1,0.7178997425975231,0.3984151617691417,0.4611724336563042,0.5363309331379624,1,128,142,0.4484003789937386,True,0.8302941478018874
Total (2013–2024),Tipologia | Estiagem e Seca,Tipologia,Estiagem e Seca,Principal: 11 dummies,12,143,Inadimplência → desastres,1,1.5263784021842781,0.21891955653730624,0.31063192995796873,0.11948618838907288,1,128,142,0.4484003789937386,True,0.4966414621989706
Total (2013–2024),Tipologia | Estiagem e Seca,Tipologia,Estiagem e Seca,Principal: 11 dummies,12,143,Desastres → inadimplência,2,1.0086985639058577,0.3676421197919109,0.5167055985539666,0.41366161343970503,2,125,141,0.6705447943863536,True,0.810555774392804
Total (2013–2024),Tipologia | Estiagem e Seca,Tipologia,Estiagem e Seca,Principal: 11 dummies,12,143,Inadimplência → desastres,2,0.3822685360211461,0.683106673974342,0.7273625815878215,0.5478205896526902,2,125,141,0.6705447943863536,True,0.8326714377997303
Total (2013–2024),Tipologia | Estiagem e Seca,Tipologia,Estiagem e Seca,Principal: 11 dummies,12,143,Desastres → inadimplência,3,0.1911019266566646,0.9022901770958333,0.9297352239699744,0.8608090477369544,3,122,140,0.7470498408718613,True,0.9798981071848755
Total (2013–2024),Tipologia | Estiagem e Seca,Tipologia,Estiagem e Seca,Principal: 11 dummies,12,143,Inadimplência → desastres,3,0.7720494214621219,0.5117945619709412,0.47031913395932845,0.15910445762910594,3,122,140,0.7470498408718613,True,0.7293224099508568
Total (2013–2024),Tipologia | Estiagem e Seca,Tipologia,Estiagem e Seca,Principal: 11 dummies,12,143,Desastres → inadimplência,4,0.21250158128283825,0.9310559345787282,0.9149854745353846,0.8513548522016464,4,119,139,0.6666279364714116,True,0.9899358849372114
Total (2013–2024),Tipologia | Estiagem e Seca,Tipologia,Estiagem e Seca,Principal: 11 dummies,12,143,Inadimplência → desastres,4,0.9741233613056259,0.42443628022697866,0.592468041823907,0.27124175910567294,4,119,139,0.6666279364714116,True,0.6724275668995227
Total (2013–2024),Tipologia | Estiagem e Seca,Tipologia,Estiagem e Seca,Principal: 11 dummies,12,143,Desastres → inadimplência,5,1.904789428529172,0.09876259980990998,0.27484017231605157,0.1922715975692195,5,116,138,0.8707695708383488,True,0.543788638138664
Total (2013–2024),Tipologia | Estiagem e Seca,Tipologia,Estiagem e Seca,Principal: 11 dummies,12,143,Inadimplência → desastres,5,0.8258701876457073,0.5337457162809953,0.7764492892229893,0.254183845081258,5,116,138,0.8707695708383488,True,0.7388656433882063
Total (2013–2024),Tipologia | Estiagem e Seca,Tipologia,Estiagem e Seca,Principal: 11 dummies,12,143,Desastres → inadimplência,6,1.1253395700945865,0.3521647556490329,0.5943325262823609,0.5743898126011553,6,113,137,0.8819966004059093,True,0.8062379937019983
Total (2013–2024),Tipologia | Estiagem e Seca,Tipologia,Estiagem e Seca,Principal: 11 dummies,12,143,Inadimplência → desastres,6,1.510365654082796,0.18104877370889524,0.6798365258983334,0.002289878080964888,6,113,137,0.8819966004059093,True,0.45352899225675164
Total (2013–2024),Tipologia | Estiagem e Seca,Tipologia,Estiagem e Seca,Principal: 11 dummies,12,143,Desastres → inadimplência,7,1.0845105565391733,0.3781711927366583,0.6592220027276738,0.5392505340314817,7,110,136,0.9036313084648064,True,0.8139934948930287
Total (2013–2024),Tipologia | Estiagem e Seca,Tipologia,Estiagem e Seca,Principal: 11 dummies,12,143,Inadimplência → desastres,7,1.351994544287894,0.23301691807967465,0.7986099983728143,0.011863187969477046,7,110,136,0.9036313084648064,True,0.5119000836548213
Total (2013–2024),Tipologia | Estiagem e Seca,Tipologia,Estiagem e Seca,Principal: 11 dummies,12,143,Desastres → inadimplência,8,1.2462834749891367,0.279637430874976,0.5884359527785323,0.41225066096583207,8,107,135,0.9057322669387297,True,0.7489901687047872
Total (2013–2024),Tipologia | Estiagem e Seca,Tipologia,Estiagem e Seca,Principal: 11 dummies,12,143,Inadimplência → desastres,8,1.1522976474403148,0.3350055096030918,0.8269750834282175,0.0021083038328287653,8,107,135,0.9057322669387297,True,0.5957156012264245
Total (2013–2024),Tipologia | Estiagem e Seca,Tipologia,Estiagem e Seca,Principal: 11 dummies,12,143,Desastres → inadimplência,9,1.2653146742967225,0.2646442249999118,0.669353681615231,0.46622744677472483,9,104,134,0.9214432721404705,True,0.7467387838597963
Total (2013–2024),Tipologia | Estiagem e Seca,Tipologia,Estiagem e Seca,Principal: 11 dummies,12,143,Inadimplência → desastres,9,1.1232010484118804,0.35319677998352345,0.8337688841337131,0.0022634089937477726,9,104,134,0.9214432721404705,True,0.6110113581026808
Total (2013–2024),Tipologia | Estiagem e Seca,Tipologia,Estiagem e Seca,Principal: 11 dummies,12,143,Desastres → inadimplência,10,1.1116083794606466,0.36096518515549253,0.4333898593849116,0.03654079104947227,10,101,133,0.89905398928115,True,0.8083063442604552
Total (2013–2024),Tipologia | Estiagem e Seca,Tipologia,Estiagem e Seca,Principal: 11 dummies,12,143,Inadimplência → desastres,10,1.763065420640995,0.0770811211141411,0.10670242962386811,2.6703123508281387e-08,10,101,133,0.89905398928115,True,0.3255114911914742
Total (2013–2024),Tipologia | Estiagem e Seca,Tipologia,Estiagem e Seca,Principal: 11 dummies,12,143,Desastres → inadimplência,11,1.210361678643365,0.29039060192628635,0.4261964651879479,0.042120116087491784,11,98,132,0.9313379444283736,True,0.7578444358950407
Total (2013–2024),Tipologia | Estiagem e Seca,Tipologia,Estiagem e Seca,Principal: 11 dummies,12,143,Inadimplência → desastres,11,1.4004869332544339,0.18478918408574319,0.2693280124140494,2.304521520652119e-07,11,98,132,0.9313379444283736,True,0.4601324304923884
Total (2013–2024),Tipologia | Estiagem e Seca,Tipologia,Estiagem e Seca,Principal: 11 dummies,12,143,Desastres → inadimplência,12,1.2248019670719599,0.27782439789722196,0.3607396828514358,0.00020167303843602423,12,95,131,0.9382080227948574,True,0.7485099092804823
Total (2013–2024),Tipologia | Estiagem e Seca,Tipologia,Estiagem e Seca,Principal: 11 dummies,12,143,Inadimplência → desastres,12,1.2451558219075387,0.264622958285655,0.17595283025503095,2.834509276864005e-09,12,95,131,0.9382080227948574,True,0.5440439109491263
Total (2013–2024),Tipologia | Estiagem e Seca,Tipologia,Estiagem e Seca,Comparação: sem dummies,12,143,Desastres → inadimplência,1,0.7524177196519,0.38720685095616597,0.4177103539301131,0.5903393382544648,1,139,142,0.3978632060551707,True,0.8222659594670493
Total (2013–2024),Tipologia | Estiagem e Seca,Tipologia,Estiagem e Seca,Comparação: sem dummies,12,143,Inadimplência → desastres,1,1.6043972480203077,0.20739954927477625,0.32334873593959734,0.26895330837637016,1,139,142,0.3978632060551707,True,0.48009154924716724
Total (2013–2024),Tipologia | Estiagem e Seca,Tipologia,Estiagem e Seca,Comparação: sem dummies,12,143,Desastres → inadimplência,2,1.3986146198730813,0.2504676289975928,0.3064663301659279,0.5096223981454682,2,136,141,0.5144244708000744,True,0.7263901135499514
Total (2013–2024),Tipologia | Estiagem e Seca,Tipologia,Estiagem e Seca,Comparação: sem dummies,12,143,Inadimplência → desastres,2,0.4971008288873481,0.6093925387683852,0.5906561667284262,0.6588432598654537,2,136,141,0.5144244708000744,True,0.782790055010355
Total (2013–2024),Tipologia | Estiagem e Seca,Tipologia,Estiagem e Seca,Comparação: sem dummies,12,143,Desastres → inadimplência,3,0.5976697243623664,0.6176156579965213,0.5783962216500711,0.5699627881278179,3,133,140,0.7533770152321102,True,0.9168999854112312
Total (2013–2024),Tipologia | Estiagem e Seca,Tipologia,Estiagem e Seca,Comparação: sem dummies,12,143,Inadimplência → desastres,3,1.1429021399498134,0.3342454337401203,0.2492983034349396,0.3751676851021972,3,133,140,0.7533770152321102,True,0.5957156012264245
Total (2013–2024),Tipologia | Estiagem e Seca,Tipologia,Estiagem e Seca,Comparação: sem dummies,12,143,Desastres → inadimplência,4,0.6940139665143488,0.5973963243748885,0.5628232727907206,0.33755729560663816,4,130,139,0.7599587139315278,True,0.9143945838643741
Total (2013–2024),Tipologia | Estiagem e Seca,Tipologia,Estiagem e Seca,Comparação: sem dummies,12,143,Inadimplência → desastres,4,1.7339091691952417,0.1463605376585938,0.24358800694016863,0.11348232988044338,4,130,139,0.7599587139315278,True,0.41298120106826697
Total (2013–2024),Tipologia | Estiagem e Seca,Tipologia,Estiagem e Seca,Comparação: sem dummies,12,143,Desastres → inadimplência,5,1.5249400964933313,0.18659459865605893,0.3357717318813116,0.22218664493725757,5,127,138,0.8788653090595226,True,0.657729618809072
Total (2013–2024),Tipologia | Estiagem e Seca,Tipologia,Estiagem e Seca,Comparação: sem dummies,12,143,Inadimplência → desastres,5,0.8599097244311296,0.5101309552420354,0.6942525452031976,0.41033024681655167,5,127,138,0.8788653090595226,True,0.7289238636440708
Total (2013–2024),Tipologia | Estiagem e Seca,Tipologia,Estiagem e Seca,Comparação: sem dummies,12,143,Desastres → inadimplência,6,0.7715454308777561,0.5937003626870858,0.6062578022050272,0.19815358865242416,6,124,137,0.9218900258571444,True,0.9143945838643741
Total (2013–2024),Tipologia | Estiagem e Seca,Tipologia,Estiagem e Seca,Comparação: sem dummies,12,143,Inadimplência → desastres,6,2.254717990851116,0.04233952664136599,0.18798742912293287,4.065996082015418e-07,6,124,137,0.9218900258571444,True,0.2450204088042013
Total (2013–2024),Tipologia | Estiagem e Seca,Tipologia,Estiagem e Seca,Comparação: sem dummies,12,143,Desastres → inadimplência,7,0.6501185428185873,0.713626424110346,0.7348059769856679,0.13579190697159438,7,121,136,0.9439652090303917,True,0.9299407173443379
Total (2013–2024),Tipologia | Estiagem e Seca,Tipologia,Estiagem e Seca,Comparação: sem dummies,12,143,Inadimplência → desastres,7,2.032929135279018,0.05624137756149743,0.28078590163554284,2.9034504400074564e-08,7,121,136,0.9439652090303917,True,0.27430847673411135
Total (2013–2024),Tipologia | Estiagem e Seca,Tipologia,Estiagem e Seca,Comparação: sem dummies,12,143,Desastres → inadimplência,8,0.6337068234149206,0.748059548732955,0.815239122684413,0.16368829998290607,8,118,135,0.942724309596188,True,0.9407187484066335
Total (2013–2024),Tipologia | Estiagem e Seca,Tipologia,Estiagem e Seca,Comparação: sem dummies,12,143,Inadimplência → desastres,8,1.7640368083987776,0.09096710635875899,0.35152582713342606,7.216557019487515e-07,8,118,135,0.942724309596188,True,0.3477335869983142
Total (2013–2024),Tipologia | Estiagem e Seca,Tipologia,Estiagem e Seca,Comparação: sem dummies,12,143,Desastres → inadimplência,9,0.7820809490362679,0.6332659974077327,0.7102333691616028,0.17759877644996014,9,115,134,0.9544870425188352,True,0.9168999854112312
Total (2013–2024),Tipologia | Estiagem e Seca,Tipologia,Estiagem e Seca,Comparação: sem dummies,12,143,Inadimplência → desastres,9,1.7777476632614866,0.07983791792667487,0.3323799704976212,5.881600033341015e-09,9,115,134,0.9544870425188352,True,0.33377055989412574
Total (2013–2024),Tipologia | Estiagem e Seca,Tipologia,Estiagem e Seca,Comparação: sem dummies,12,143,Desastres → inadimplência,10,0.773543291492074,0.6538897054327584,0.6889018124188011,0.16670293552774146,10,112,133,0.9209303177748324,True,0.9168999854112312
Total (2013–2024),Tipologia | Estiagem e Seca,Tipologia,Estiagem e Seca,Comparação: sem dummies,12,143,Inadimplência → desastres,10,2.1785435840652863,0.024054181559731793,0.0018111578810699935,4.278148616180171e-15,10,112,133,0.9209303177748324,True,0.19151418439276907
Total (2013–2024),Tipologia | Estiagem e Seca,Tipologia,Estiagem e Seca,Comparação: sem dummies,12,143,Desastres → inadimplência,11,0.7018567223225646,0.7344055445871076,0.8064909214877304,0.3315706600532359,11,109,132,0.941279804651455,True,0.9348339416842002
Total (2013–2024),Tipologia | Estiagem e Seca,Tipologia,Estiagem e Seca,Comparação: sem dummies,12,143,Inadimplência → desastres,11,1.6247308468629165,0.10159989701028624,0.04577276701920552,1.0416006267627909e-13,11,109,132,0.941279804651455,True,0.3607950888149369
Total (2013–2024),Tipologia | Estiagem e Seca,Tipologia,Estiagem e Seca,Comparação: sem dummies,12,143,Desastres → inadimplência,12,0.5793335493256647,0.8545501532868327,0.9349230459611535,0.02814321881813637,12,106,131,0.9570963418959625,True,0.9710797196441281
Total (2013–2024),Tipologia | Estiagem e Seca,Tipologia,Estiagem e Seca,Comparação: sem dummies,12,143,Inadimplência → desastres,12,1.7576926934806505,0.06484201228727743,0.017594140265377624,1.0263087274158074e-15,12,106,131,0.9570963418959625,True,0.2874202672308397
Total (2013–2024),Tipologia | Estiagem e Seca,Tipologia,Estiagem e Seca,Robustez: diferença sazonal,12,131,Desastres → inadimplência,1,0.6187147139171507,0.4329906097977067,0.43012591230140496,0.3964705693731968,1,127,130,0.5091882973543584,True,0.8483358342431558
Total (2013–2024),Tipologia | Estiagem e Seca,Tipologia,Estiagem e Seca,Robustez: diferença sazonal,12,131,Inadimplência → desastres,1,0.006703015304714003,0.9348774357932886,0.9440730996612894,0.9157403891387947,1,127,130,0.5091882973543584,True,0.9681829285348887
Total (2013–2024),Tipologia | Estiagem e Seca,Tipologia,Estiagem e Seca,Robustez: diferença sazonal,12,131,Desastres → inadimplência,2,0.9069734621525869,0.40640560991618885,0.2758358756716512,0.2629147384943754,2,124,129,0.6381356681619406,True,0.8355378493342699
Total (2013–2024),Tipologia | Estiagem e Seca,Tipologia,Estiagem e Seca,Robustez: diferença sazonal,12,131,Inadimplência → desastres,2,0.7816308347781524,0.4599006152363907,0.4068498376523676,0.4356528039023111,2,124,129,0.6381356681619406,True,0.689881599816553
Total (2013–2024),Tipologia | Estiagem e Seca,Tipologia,Estiagem e Seca,Robustez: diferença sazonal,12,131,Desastres → inadimplência,3,1.2864844364176786,0.28217110661627326,0.2095040488874587,0.030296456675574523,3,121,128,0.7379292266856048,True,0.7489901687047872
Total (2013–2024),Tipologia | Estiagem e Seca,Tipologia,Estiagem e Seca,Robustez: diferença sazonal,12,131,Inadimplência → desastres,3,0.6467139040670652,0.5864987704660379,0.5965019950187598,0.6153947086397162,3,121,128,0.7379292266856048,True,0.7748256645865398
Total (2013–2024),Tipologia | Estiagem e Seca,Tipologia,Estiagem e Seca,Robustez: diferença sazonal,12,131,Desastres → inadimplência,4,0.7888532712319698,0.5346464118128689,0.43561953614783366,0.16474634121188927,4,118,127,0.6766971295718264,True,0.8905589516291069
Total (2013–2024),Tipologia | Estiagem e Seca,Tipologia,Estiagem e Seca,Robustez: diferença sazonal,12,131,Inadimplência → desastres,4,1.9078599229368716,0.11362529920040376,0.1683694496640903,0.0018602428138432359,4,118,127,0.6766971295718264,True,0.37368827197657495
Total (2013–2024),Tipologia | Estiagem e Seca,Tipologia,Estiagem e Seca,Robustez: diferença sazonal,12,131,Desastres → inadimplência,5,2.142864805315411,0.06525229578310533,0.05907814619369025,0.0007266582430595217,5,115,126,0.8538167311222657,True,0.4855081531481052
Total (2013–2024),Tipologia | Estiagem e Seca,Tipologia,Estiagem e Seca,Robustez: diferença sazonal,12,131,Inadimplência → desastres,5,1.9894900536973008,0.08535139858905641,0.16567530418361037,0.000814793969611347,5,115,126,0.8538167311222657,True,0.3402910252736176
Total (2013–2024),Tipologia | Estiagem e Seca,Tipologia,Estiagem e Seca,Robustez: diferença sazonal,12,131,Desastres → inadimplência,6,2.168074116859035,0.05126248002552423,0.06218052323513399,0.000525952469209129,6,112,125,0.8777997503897472,True,0.46433405820221224
Total (2013–2024),Tipologia | Estiagem e Seca,Tipologia,Estiagem e Seca,Robustez: diferença sazonal,12,131,Inadimplência → desastres,6,1.8494796497383423,0.09583987664413857,0.12078686320009588,0.001209483904579664,6,112,125,0.8777997503897472,True,0.35169339334534155
Total (2013–2024),Tipologia | Estiagem e Seca,Tipologia,Estiagem e Seca,Robustez: diferença sazonal,12,131,Desastres → inadimplência,7,2.113448859507103,0.04798154547885824,0.07962938349262486,0.021496199127468658,7,109,124,0.8785239203177904,True,0.4564760006094265
Total (2013–2024),Tipologia | Estiagem e Seca,Tipologia,Estiagem e Seca,Robustez: diferença sazonal,12,131,Inadimplência → desastres,7,1.5489314375533207,0.15849881015396955,0.14319614295557595,6.6422879136020494e-06,7,109,124,0.8785239203177904,True,0.42424735051919044
Total (2013–2024),Tipologia | Estiagem e Seca,Tipologia,Estiagem e Seca,Robustez: diferença sazonal,12,131,Desastres → inadimplência,8,2.4048484763621247,0.019997505684093125,0.06431840131168387,0.0008048233773884787,8,106,123,0.9058835674721603,True,0.323410687130845
Total (2013–2024),Tipologia | Estiagem e Seca,Tipologia,Estiagem e Seca,Robustez: diferença sazonal,12,131,Inadimplência → desastres,8,1.4971485751333793,0.16686727519071795,0.21056154082239725,6.899217961189843e-05,8,106,123,0.9058835674721603,True,0.4413987969147577
Total (2013–2024),Tipologia | Estiagem e Seca,Tipologia,Estiagem e Seca,Robustez: diferença sazonal,12,131,Desastres → inadimplência,9,2.3164717343761323,0.020439555426669403,0.08718037519922697,0.0009193891935117627,9,103,122,0.9286903574277012,True,0.323410687130845
Total (2013–2024),Tipologia | Estiagem e Seca,Tipologia,Estiagem e Seca,Robustez: diferença sazonal,12,131,Inadimplência → desastres,9,1.8221627346581541,0.07287139891437061,0.18773634550414617,1.0623418952635152e-05,9,103,122,0.9286903574277012,True,0.313754973668935
Total (2013–2024),Tipologia | Estiagem e Seca,Tipologia,Estiagem e Seca,Robustez: diferença sazonal,12,131,Desastres → inadimplência,10,1.9679651236938274,0.04471912305268891,0.13714761659930824,0.0003998886250961981,10,100,121,0.9382707774285618,True,0.4490556966544458
Total (2013–2024),Tipologia | Estiagem e Seca,Tipologia,Estiagem e Seca,Robustez: diferença sazonal,12,131,Inadimplência → desastres,10,2.5122452634617156,0.009747470275414123,0.03952540727198451,1.1187064896593314e-07,10,100,121,0.9382707774285618,True,0.15579806518550718
Total (2013–2024),Tipologia | Estiagem e Seca,Tipologia,Estiagem e Seca,Robustez: diferença sazonal,12,131,Desastres → inadimplência,11,1.6710078589253907,0.09150192812050148,0.21243664626072398,8.805874422959763e-05,11,97,120,0.939515339142492,True,0.543788638138664
Total (2013–2024),Tipologia | Estiagem e Seca,Tipologia,Estiagem e Seca,Robustez: diferença sazonal,12,131,Inadimplência → desastres,11,2.530377475958777,0.007516376742386139,0.017682013722153684,8.359456363114013e-13,11,97,120,0.939515339142492,True,0.14700500869044014
Total (2013–2024),Tipologia | Estiagem e Seca,Tipologia,Estiagem e Seca,Robustez: diferença sazonal,12,131,Desastres → inadimplência,12,2.7305189250787802,0.0032610380777614474,0.004832130371373977,2.0636380371109228e-10,12,94,119,0.9636857537652904,True,0.24297138248024852
Total (2013–2024),Tipologia | Estiagem e Seca,Tipologia,Estiagem e Seca,Robustez: diferença sazonal,12,131,Inadimplência → desastres,12,1.8493189174304305,0.05109340475421615,0.11535507938509465,2.4375493107500984e-07,12,94,119,0.9636857537652904,True,0.2606806365011028
Total (2013–2024),Tipologia | Granizo,Tipologia,Granizo,Principal: 11 dummies,12,143,Desastres → inadimplência,1,0.9873264049721288,0.32227138688994206,0.357108120984099,0.28424563210445747,1,128,142,0.5286807142376428,True,0.7852616639618472
Total (2013–2024),Tipologia | Granizo,Tipologia,Granizo,Principal: 11 dummies,12,143,Inadimplência → desastres,1,0.12399572660344232,0.7253196514836149,0.7503814876710039,0.6718354147510334,1,128,142,0.5286807142376428,True,0.8521142522128935
Total (2013–2024),Tipologia | Granizo,Tipologia,Granizo,Principal: 11 dummies,12,143,Desastres → inadimplência,2,0.4870953364094941,0.6155697322636371,0.6292307433345633,0.49889457799777537,2,125,141,0.6661173844685273,True,0.9168999854112312
Total (2013–2024),Tipologia | Granizo,Tipologia,Granizo,Principal: 11 dummies,12,143,Inadimplência → desastres,2,4.383871801672712,0.01445150983377623,0.011420292566223055,0.005746307560787134,2,125,141,0.6661173844685273,True,0.16331270176847915
Total (2013–2024),Tipologia | Granizo,Tipologia,Granizo,Principal: 11 dummies,12,143,Desastres → inadimplência,3,0.8601631901245812,0.4638376824233852,0.4373227229226796,0.28293477221932134,3,122,140,0.7410219567727249,True,0.8666623363665642
Total (2013–2024),Tipologia | Granizo,Tipologia,Granizo,Principal: 11 dummies,12,143,Inadimplência → desastres,3,3.5193919232790054,0.017197520008906137,0.020070211293516365,0.014581722809854574,3,122,140,0.7410219567727249,True,0.16926262794807567
Total (2013–2024),Tipologia | Granizo,Tipologia,Granizo,Principal: 11 dummies,12,143,Desastres → inadimplência,4,0.4718435689244134,0.7563099139192719,0.742465569848472,0.43762335425307786,4,119,139,0.6449625594687065,True,0.9453873923990899
Total (2013–2024),Tipologia | Granizo,Tipologia,Granizo,Principal: 11 dummies,12,143,Inadimplência → desastres,4,3.020763956259296,0.02055460480117984,0.020061632933732938,0.006105331131182708,4,119,139,0.6449625594687065,True,0.17967311889143214
Total (2013–2024),Tipologia | Granizo,Tipologia,Granizo,Principal: 11 dummies,12,143,Desastres → inadimplência,5,0.4274765128443735,0.8287196518117655,0.7941004179732766,0.2962685782407991,5,116,138,0.6772506696088713,True,0.9635776473725449
Total (2013–2024),Tipologia | Granizo,Tipologia,Granizo,Principal: 11 dummies,12,143,Inadimplência → desastres,5,2.23817058693698,0.05507152019613623,0.07721621491754288,0.009743379118990633,5,116,138,0.6772506696088713,True,0.27430847673411135
Total (2013–2024),Tipologia | Granizo,Tipologia,Granizo,Principal: 11 dummies,12,143,Desastres → inadimplência,6,0.25026001787570873,0.9582973237199799,0.9279112804754788,0.6623628793481703,6,113,137,0.7726310953434619,True,0.9928340209572337
Total (2013–2024),Tipologia | Granizo,Tipologia,Granizo,Principal: 11 dummies,12,143,Inadimplência → desastres,6,1.7966264159827805,0.10598892307369076,0.1382007142213006,0.012381924712568802,6,113,137,0.7726310953434619,True,0.3659838503925786
Total (2013–2024),Tipologia | Granizo,Tipologia,Granizo,Principal: 11 dummies,12,143,Desastres → inadimplência,7,0.2817602606758452,0.9599004151907735,0.9587963904535899,0.8318574370911195,7,110,136,0.8368474896370083,True,0.9928340209572337
Total (2013–2024),Tipologia | Granizo,Tipologia,Granizo,Principal: 11 dummies,12,143,Inadimplência → desastres,7,1.690639212709815,0.11856266708537826,0.11197687662441091,0.012233234884388561,7,110,136,0.8368474896370083,True,0.3788269613865243
Total (2013–2024),Tipologia | Granizo,Tipologia,Granizo,Principal: 11 dummies,12,143,Desastres → inadimplência,8,0.26424620673740207,0.9760110860752661,0.9735858034393096,0.8065337935329824,8,107,135,0.8430981764985134,True,0.9991917535482842
Total (2013–2024),Tipologia | Granizo,Tipologia,Granizo,Principal: 11 dummies,12,143,Inadimplência → desastres,8,1.676389508143561,0.11243715598553843,0.0784211436006963,0.00037278000524579855,8,107,135,0.8430981764985134,True,0.37368827197657495
Total (2013–2024),Tipologia | Granizo,Tipologia,Granizo,Principal: 11 dummies,12,143,Desastres → inadimplência,9,0.30969579263290364,0.9702259059818372,0.9851759276566505,0.8453717810910827,9,104,134,0.8850434349639679,True,0.9985501563829594
Total (2013–2024),Tipologia | Granizo,Tipologia,Granizo,Principal: 11 dummies,12,143,Inadimplência → desastres,9,1.5043942609183776,0.15601186212276152,0.08514813850858188,4.486909536334189e-05,9,104,134,0.8850434349639679,True,0.4228511436779322
Total (2013–2024),Tipologia | Granizo,Tipologia,Granizo,Principal: 11 dummies,12,143,Desastres → inadimplência,10,0.405489869687224,0.9412414573408917,0.9871294956373855,0.8373081322812399,10,101,133,0.9016453260606073,True,0.9899358849372114
Total (2013–2024),Tipologia | Granizo,Tipologia,Granizo,Principal: 11 dummies,12,143,Inadimplência → desastres,10,1.9676279907588556,0.04463594090914976,0.08018596565298347,8.09682819190665e-08,10,101,133,0.9016453260606073,True,0.24688020414352746
Total (2013–2024),Tipologia | Granizo,Tipologia,Granizo,Principal: 11 dummies,12,143,Desastres → inadimplência,11,0.414936360464274,0.9463787059999741,0.9935371016590363,0.9021818711774406,11,98,132,0.8891700705045807,True,0.9899358849372114
Total (2013–2024),Tipologia | Granizo,Tipologia,Granizo,Principal: 11 dummies,12,143,Inadimplência → desastres,11,1.9109278088967656,0.046801724302509146,0.05542750301266961,1.3631343562026126e-07,11,98,132,0.8891700705045807,True,0.2533951271404172
Total (2013–2024),Tipologia | Granizo,Tipologia,Granizo,Principal: 11 dummies,12,143,Desastres → inadimplência,12,0.40534270707526676,0.9583322120480517,0.9979049407399315,0.9812149417160729,12,95,131,0.9101704769149883,True,0.9928340209572337
Total (2013–2024),Tipologia | Granizo,Tipologia,Granizo,Principal: 11 dummies,12,143,Inadimplência → desastres,12,1.7594278436843562,0.06632701276552393,0.07570846788944947,1.1143308018532179e-08,12,95,131,0.9101704769149883,True,0.2925272946047583
Total (2013–2024),Tipologia | Granizo,Tipologia,Granizo,Comparação: sem dummies,12,143,Desastres → inadimplência,1,0.6143923831900638,0.434472405240186,0.4084552468283539,0.2842443288833237,1,139,142,0.4625179384131993,True,0.8493668427027935
Total (2013–2024),Tipologia | Granizo,Tipologia,Granizo,Comparação: sem dummies,12,143,Inadimplência → desastres,1,0.714123476320583,0.3995305349513442,0.410260383191145,0.4642670933763959,1,139,142,0.4625179384131993,True,0.6518606226781614
Total (2013–2024),Tipologia | Granizo,Tipologia,Granizo,Comparação: sem dummies,12,143,Desastres → inadimplência,2,2.6880879630657635,0.07162458354849209,0.06140531011962753,0.03562307534817235,2,136,141,0.5168858812276969,True,0.5068551449560392
Total (2013–2024),Tipologia | Granizo,Tipologia,Granizo,Comparação: sem dummies,12,143,Inadimplência → desastres,2,1.8613912305393197,0.15939490101267356,0.2460923658353379,0.27985147345617056,2,136,141,0.5168858812276969,True,0.42573424415778194
Total (2013–2024),Tipologia | Granizo,Tipologia,Granizo,Comparação: sem dummies,12,143,Desastres → inadimplência,3,1.6023528355332182,0.19186665456279756,0.1319182590199702,0.1287566304915622,3,133,140,0.7387614321140339,True,0.658536501515778
Total (2013–2024),Tipologia | Granizo,Tipologia,Granizo,Comparação: sem dummies,12,143,Inadimplência → desastres,3,1.378149173108411,0.2522523109782339,0.4021978432618297,0.5222248799058271,3,133,140,0.7387614321140339,True,0.5390720922998705
Total (2013–2024),Tipologia | Granizo,Tipologia,Granizo,Comparação: sem dummies,12,143,Desastres → inadimplência,4,1.8325239748142395,0.12641463977148848,0.2035296753848501,0.17701465800088306,4,130,139,0.7487843678996408,True,0.569031081976568
Total (2013–2024),Tipologia | Granizo,Tipologia,Granizo,Comparação: sem dummies,12,143,Inadimplência → desastres,4,1.2460640931998488,0.2947187704249204,0.3745150315932314,0.38178015157774847,4,130,139,0.7487843678996408,True,0.5621668943154214
Total (2013–2024),Tipologia | Granizo,Tipologia,Granizo,Comparação: sem dummies,12,143,Desastres → inadimplência,5,1.3471952081376675,0.24879907169769844,0.1204512806303205,0.2054993691042201,5,127,138,0.8213307192173233,True,0.7248121050998283
Total (2013–2024),Tipologia | Granizo,Tipologia,Granizo,Comparação: sem dummies,12,143,Inadimplência → desastres,5,2.392879163163235,0.04122244879427936,0.10166831444812714,0.0004478399887893149,5,127,138,0.8213307192173233,True,0.24305689147570378
Total (2013–2024),Tipologia | Granizo,Tipologia,Granizo,Comparação: sem dummies,12,143,Desastres → inadimplência,6,1.4420041120655025,0.2039077474052963,0.09634984163959595,0.02163210434246868,6,124,137,0.9112174669681777,True,0.6808031431419919
Total (2013–2024),Tipologia | Granizo,Tipologia,Granizo,Comparação: sem dummies,12,143,Inadimplência → desastres,6,2.4633437589727416,0.027632252170098008,0.042208076430900306,1.8101466290165812e-06,6,124,137,0.9112174669681777,True,0.20521324728642745
Total (2013–2024),Tipologia | Granizo,Tipologia,Granizo,Comparação: sem dummies,12,143,Desastres → inadimplência,7,1.7280323049468338,0.10859301036818764,0.14724167494183282,0.04840049013499444,7,121,136,0.9418126630703971,True,0.5453141538059578
Total (2013–2024),Tipologia | Granizo,Tipologia,Granizo,Comparação: sem dummies,12,143,Inadimplência → desastres,7,2.1612403729822636,0.04229681444344386,0.025468599042175872,3.122207385852255e-08,7,121,136,0.9418126630703971,True,0.2450204088042013
Total (2013–2024),Tipologia | Granizo,Tipologia,Granizo,Comparação: sem dummies,12,143,Desastres → inadimplência,8,1.4841593904742019,0.17013323606044795,0.21037600151925348,0.08864634922054722,8,118,135,0.9396069848585621,True,0.6458395860626522
Total (2013–2024),Tipologia | Granizo,Tipologia,Granizo,Comparação: sem dummies,12,143,Inadimplência → desastres,8,2.2974452174165347,0.02523848777681845,0.01561465861177605,2.7175672484662104e-08,8,118,135,0.9396069848585621,True,0.19722312601138597
Total (2013–2024),Tipologia | Granizo,Tipologia,Granizo,Comparação: sem dummies,12,143,Desastres → inadimplência,9,1.5688736160600592,0.13278011872161805,0.2411932094701966,0.060410981943419935,9,115,134,0.9466400016878693,True,0.58441953662684
Total (2013–2024),Tipologia | Granizo,Tipologia,Granizo,Comparação: sem dummies,12,143,Inadimplência → desastres,9,1.2167851670587368,0.29151575341768593,0.16777610019098055,0.017598749733017765,9,115,134,0.9466400016878693,True,0.5618693871584963
Total (2013–2024),Tipologia | Granizo,Tipologia,Granizo,Comparação: sem dummies,12,143,Desastres → inadimplência,10,1.30718241186551,0.23522751878210313,0.4415437227958491,0.16320202867419437,10,112,133,0.9545872277189762,True,0.7132294285430795
Total (2013–2024),Tipologia | Granizo,Tipologia,Granizo,Comparação: sem dummies,12,143,Inadimplência → desastres,10,2.322312644925077,0.01594484243060875,0.009953410639207204,1.7569945347753435e-11,10,112,133,0.9545872277189762,True,0.16628769961557768
Total (2013–2024),Tipologia | Granizo,Tipologia,Granizo,Comparação: sem dummies,12,143,Desastres → inadimplência,11,1.3957440944824386,0.1850463856483458,0.4026994775941409,0.04563434922683211,11,109,132,0.965033648548391,True,0.657729618809072
Total (2013–2024),Tipologia | Granizo,Tipologia,Granizo,Comparação: sem dummies,12,143,Inadimplência → desastres,11,1.96263997442575,0.03905312418493326,0.03148028915119615,5.69786510148653e-11,11,109,132,0.965033648548391,True,0.23697284092799306
Total (2013–2024),Tipologia | Granizo,Tipologia,Granizo,Comparação: sem dummies,12,143,Desastres → inadimplência,12,1.4384995753963052,0.16005935777502414,0.38889743040737135,0.008235703260421041,12,106,131,0.9719703178969102,True,0.6319374426847137
Total (2013–2024),Tipologia | Granizo,Tipologia,Granizo,Comparação: sem dummies,12,143,Inadimplência → desastres,12,1.7931139316883147,0.05836035369400542,0.030057535507420838,4.22403810456566e-12,12,106,131,0.9719703178969102,True,0.27430847673411135
Total (2013–2024),Tipologia | Granizo,Tipologia,Granizo,Robustez: diferença sazonal,12,131,Desastres → inadimplência,1,3.5381525704923518,0.062261950098784255,0.037755899702580135,0.036028819145598565,1,127,130,0.513558878724801,True,0.48340023368621315
Total (2013–2024),Tipologia | Granizo,Tipologia,Granizo,Robustez: diferença sazonal,12,131,Inadimplência → desastres,1,0.006258932644193854,0.9370669335187601,0.9383600760056511,0.9369711030160432,1,127,130,0.513558878724801,True,0.9687014978477368
Total (2013–2024),Tipologia | Granizo,Tipologia,Granizo,Robustez: diferença sazonal,12,131,Desastres → inadimplência,2,3.795926066936747,0.025115770469901898,0.004677993269174579,0.0014009009267324536,2,124,129,0.6257021940643611,True,0.3755364801837274
Total (2013–2024),Tipologia | Granizo,Tipologia,Granizo,Robustez: diferença sazonal,12,131,Inadimplência → desastres,2,4.369005637504666,0.014670180933265678,0.01832129966855169,7.672507074803347e-05,2,124,129,0.6257021940643611,True,0.16331270176847915
Total (2013–2024),Tipologia | Granizo,Tipologia,Granizo,Robustez: diferença sazonal,12,131,Desastres → inadimplência,3,3.214421505274984,0.025368906569283922,0.016626951640284566,0.004084585400575258,3,121,128,0.7560443930160304,True,0.3755364801837274
Total (2013–2024),Tipologia | Granizo,Tipologia,Granizo,Robustez: diferença sazonal,12,131,Inadimplência → desastres,3,5.9370231763235095,0.0008208620010399108,0.0019183914361660206,0.0002012827794470398,3,121,128,0.7560443930160304,True,0.06840516675332589
Total (2013–2024),Tipologia | Granizo,Tipologia,Granizo,Robustez: diferença sazonal,12,131,Desastres → inadimplência,4,2.0295431587213293,0.09466697373405368,0.12964383568976864,0.02381749335114969,4,118,127,0.7138984400442152,True,0.543788638138664
Total (2013–2024),Tipologia | Granizo,Tipologia,Granizo,Robustez: diferença sazonal,12,131,Inadimplência → desastres,4,4.107230240339882,0.0037526718433925493,0.0060856747002851624,0.0008181873091045636,4,118,127,0.7138984400442152,True,0.11351835860593183
Total (2013–2024),Tipologia | Granizo,Tipologia,Granizo,Robustez: diferença sazonal,12,131,Desastres → inadimplência,5,1.9432044143529865,0.09249000425722274,0.09964473173469833,0.00888534253379306,5,115,126,0.763486661269125,True,0.543788638138664
Total (2013–2024),Tipologia | Granizo,Tipologia,Granizo,Robustez: diferença sazonal,12,131,Inadimplência → desastres,5,3.0391236763826797,0.01296086035679737,0.019989828205416213,0.0006278886717799714,5,115,126,0.763486661269125,True,0.16331270176847915
Total (2013–2024),Tipologia | Granizo,Tipologia,Granizo,Robustez: diferença sazonal,12,131,Desastres → inadimplência,6,1.7461422094198136,0.11680125226588099,0.21900309905698617,0.01505102895314736,6,112,125,0.8337309212531534,True,0.5468223420687313
Total (2013–2024),Tipologia | Granizo,Tipologia,Granizo,Robustez: diferença sazonal,12,131,Inadimplência → desastres,6,2.5060207371195498,0.025895161206580853,0.028735026995529194,0.003554843096262269,6,112,125,0.8337309212531534,True,0.19858252459034398
Total (2013–2024),Tipologia | Granizo,Tipologia,Granizo,Robustez: diferença sazonal,12,131,Desastres → inadimplência,7,1.4833085724156327,0.18065950760728883,0.3423809037259628,0.028912133625108825,7,109,124,0.8291638715170865,True,0.653825799941562
Total (2013–2024),Tipologia | Granizo,Tipologia,Granizo,Robustez: diferença sazonal,12,131,Inadimplência → desastres,7,2.549096160772317,0.018073209026597842,0.01991564561657003,0.006799155706882921,7,109,124,0.8291638715170865,True,0.169860987092085
Total (2013–2024),Tipologia | Granizo,Tipologia,Granizo,Robustez: diferença sazonal,12,131,Desastres → inadimplência,8,1.1875274038899668,0.313475363701197,0.5245092225809799,0.006838868364999289,8,106,123,0.8686765229028734,True,0.7767560045564231
Total (2013–2024),Tipologia | Granizo,Tipologia,Granizo,Robustez: diferença sazonal,12,131,Inadimplência → desastres,8,2.1625258561453142,0.03612912254550572,0.02963818786747558,4.534737564523611e-07,8,106,123,0.8686765229028734,True,0.2258070159094107
Total (2013–2024),Tipologia | Granizo,Tipologia,Granizo,Robustez: diferença sazonal,12,131,Desastres → inadimplência,9,1.9189133913972594,0.05719888951700666,0.2663798636796565,0.0004970505674985899,9,103,122,0.8909259366294011,True,0.48081286519693056
Total (2013–2024),Tipologia | Granizo,Tipologia,Granizo,Robustez: diferença sazonal,12,131,Inadimplência → desastres,9,1.8490312183926736,0.0681591869126107,0.06756690708607835,0.0004131501945403312,9,103,122,0.8909259366294011,True,0.29753254505897586
Total (2013–2024),Tipologia | Granizo,Tipologia,Granizo,Robustez: diferença sazonal,12,131,Desastres → inadimplência,10,1.8008120385897608,0.06994598851632362,0.2689994199551329,0.0016503297600726577,10,100,121,0.928915341717708,True,0.5024855496862329
Total (2013–2024),Tipologia | Granizo,Tipologia,Granizo,Robustez: diferença sazonal,12,131,Inadimplência → desastres,10,2.56508705652783,0.008376703461139123,0.016706795443184874,1.02197815744411e-14,10,100,121,0.928915341717708,True,0.15398351950623387
Total (2013–2024),Tipologia | Granizo,Tipologia,Granizo,Robustez: diferença sazonal,12,131,Desastres → inadimplência,11,1.7452504010686618,0.07469876163771748,0.29084581593979036,0.0015409469748522257,11,97,120,0.9641969793618368,True,0.5102374428805838
Total (2013–2024),Tipologia | Granizo,Tipologia,Granizo,Robustez: diferença sazonal,12,131,Inadimplência → desastres,11,2.0585847519819707,0.030684367694933858,0.09867682395257124,2.6546792978699193e-09,11,97,120,0.9641969793618368,True,0.21317465956579346
Total (2013–2024),Tipologia | Granizo,Tipologia,Granizo,Robustez: diferença sazonal,12,131,Desastres → inadimplência,12,0.9631287512664464,0.4893139750674179,0.7050506722926402,0.049577344452108346,12,94,119,0.9683590915471432,True,0.8723166880408955
Total (2013–2024),Tipologia | Granizo,Tipologia,Granizo,Robustez: diferença sazonal,12,131,Inadimplência → desastres,12,1.950737270428367,0.037736936697977105,0.1665655523584929,9.459248382527712e-10,12,94,119,0.9683590915471432,True,0.23282324592722844
Total (2013–2024),Tipologia | Incêndio Florestal,Tipologia,Incêndio Florestal,Principal: 11 dummies,12,143,Desastres → inadimplência,1,0.1830441370383738,0.6694890631944992,0.6452711264525671,0.6027804199321581,1,128,142,0.46372275968378307,True,0.920639525845021
Total (2013–2024),Tipologia | Incêndio Florestal,Tipologia,Incêndio Florestal,Principal: 11 dummies,12,143,Inadimplência → desastres,1,0.02937137466008583,0.8641949980977817,0.8725268577316431,0.7753299981537956,1,128,142,0.46372275968378307,True,0.9280763841642622
Total (2013–2024),Tipologia | Incêndio Florestal,Tipologia,Incêndio Florestal,Principal: 11 dummies,12,143,Desastres → inadimplência,2,1.1121756366140187,0.33207447704224285,0.4020255530782376,0.2679776293483106,2,125,141,0.6636576070621196,True,0.7929980208103679
Total (2013–2024),Tipologia | Incêndio Florestal,Tipologia,Incêndio Florestal,Principal: 11 dummies,12,143,Inadimplência → desastres,2,0.02587962963646424,0.9744575974662991,0.9674078813104404,0.9675527090027725,2,125,141,0.6636576070621196,True,0.9875444879644023
Total (2013–2024),Tipologia | Incêndio Florestal,Tipologia,Incêndio Florestal,Principal: 11 dummies,12,143,Desastres → inadimplência,3,1.6306238560883428,0.18578755706710876,0.28581142210797467,0.21306135915320185,3,122,140,0.7287278020524961,True,0.657729618809072
Total (2013–2024),Tipologia | Incêndio Florestal,Tipologia,Incêndio Florestal,Principal: 11 dummies,12,143,Inadimplência → desastres,3,0.5383201132728405,0.6569184715546168,0.577237075065334,0.0860974297475072,3,122,140,0.7287278020524961,True,0.8138236763560663
Total (2013–2024),Tipologia | Incêndio Florestal,Tipologia,Incêndio Florestal,Principal: 11 dummies,12,143,Desastres → inadimplência,4,1.2832002614882905,0.2804824038626095,0.3852526391819169,0.17796117184324078,4,119,139,0.7008626378773934,True,0.7489901687047872
Total (2013–2024),Tipologia | Incêndio Florestal,Tipologia,Incêndio Florestal,Principal: 11 dummies,12,143,Inadimplência → desastres,4,0.557403622872801,0.694008608841458,0.5542813971437093,0.049499821359616766,4,119,139,0.7008626378773934,True,0.8383126931569467
Total (2013–2024),Tipologia | Incêndio Florestal,Tipologia,Incêndio Florestal,Principal: 11 dummies,12,143,Desastres → inadimplência,5,1.0655992253123054,0.3831296782303623,0.5810655559430518,0.21386897996048201,5,116,138,0.6881176755228632,True,0.818953342699688
Total (2013–2024),Tipologia | Incêndio Florestal,Tipologia,Incêndio Florestal,Principal: 11 dummies,12,143,Inadimplência → desastres,5,0.5595340871538024,0.7307918188620567,0.5874781228170873,0.02651314246474793,5,116,138,0.6881176755228632,True,0.8543117474272736
Total (2013–2024),Tipologia | Incêndio Florestal,Tipologia,Incêndio Florestal,Principal: 11 dummies,12,143,Desastres → inadimplência,6,1.0110845935470283,0.4217583601175496,0.5954037987517886,0.2731640514416644,6,113,137,0.7801154750516104,True,0.8432588950103734
Total (2013–2024),Tipologia | Incêndio Florestal,Tipologia,Incêndio Florestal,Principal: 11 dummies,12,143,Inadimplência → desastres,6,1.0805019858005105,0.3784167961936231,0.5120491485462726,0.0027689871021357245,6,113,137,0.7801154750516104,True,0.6392175611378769
Total (2013–2024),Tipologia | Incêndio Florestal,Tipologia,Incêndio Florestal,Principal: 11 dummies,12,143,Desastres → inadimplência,7,1.0756272743676922,0.38392532705761373,0.4690145775472173,0.17562218174537544,7,110,136,0.8777777229936444,True,0.818953342699688
Total (2013–2024),Tipologia | Incêndio Florestal,Tipologia,Incêndio Florestal,Principal: 11 dummies,12,143,Inadimplência → desastres,7,1.6689643556031992,0.12400094830662542,0.057095859397776505,0.000366606304980687,7,110,136,0.8777777229936444,True,0.38239974695218304
Total (2013–2024),Tipologia | Incêndio Florestal,Tipologia,Incêndio Florestal,Principal: 11 dummies,12,143,Desastres → inadimplência,8,0.897574917592643,0.5213656417404404,0.6229176403614578,0.2778407380400352,8,107,135,0.9143702956315475,True,0.8832540572341134
Total (2013–2024),Tipologia | Incêndio Florestal,Tipologia,Incêndio Florestal,Principal: 11 dummies,12,143,Inadimplência → desastres,8,1.7918709550822784,0.08649507020705524,0.06360936661483266,0.002123460898480805,8,107,135,0.9143702956315475,True,0.3402910252736176
Total (2013–2024),Tipologia | Incêndio Florestal,Tipologia,Incêndio Florestal,Principal: 11 dummies,12,143,Desastres → inadimplência,9,0.9352916203785118,0.49805618580477184,0.6392261965875756,0.038002666462172485,9,104,134,0.936592296042653,True,0.8754569642361758
Total (2013–2024),Tipologia | Incêndio Florestal,Tipologia,Incêndio Florestal,Principal: 11 dummies,12,143,Inadimplência → desastres,9,1.281177330978513,0.2559205695267706,0.1841267221382195,0.021743636684151545,9,104,134,0.936592296042653,True,0.5406117360234499
Total (2013–2024),Tipologia | Incêndio Florestal,Tipologia,Incêndio Florestal,Principal: 11 dummies,12,143,Desastres → inadimplência,10,0.9456491669840761,0.4953909314915391,0.7466555404236135,0.023313807900923786,10,101,133,0.9356686256519038,True,0.8742085509019534
Total (2013–2024),Tipologia | Incêndio Florestal,Tipologia,Incêndio Florestal,Principal: 11 dummies,12,143,Inadimplência → desastres,10,1.1662143648863488,0.3224175659349376,0.2285803685286769,0.017521792474906685,10,101,133,0.9356686256519038,True,0.5876457783142869
Total (2013–2024),Tipologia | Incêndio Florestal,Tipologia,Incêndio Florestal,Principal: 11 dummies,12,143,Desastres → inadimplência,11,0.9624230897859618,0.48555010962691036,0.7738183847625899,0.04107901218120773,11,98,132,0.9320945959291773,True,0.8699822529860834
Total (2013–2024),Tipologia | Incêndio Florestal,Tipologia,Incêndio Florestal,Principal: 11 dummies,12,143,Inadimplência → desastres,11,1.0674639267032622,0.3952926674891767,0.2472108951878125,0.006120246741875855,11,98,132,0.9320945959291773,True,0.6510090044288154
Total (2013–2024),Tipologia | Incêndio Florestal,Tipologia,Incêndio Florestal,Principal: 11 dummies,12,143,Desastres → inadimplência,12,0.8833991434514481,0.5662528787978256,0.8523267651383744,0.014360121481057541,12,95,131,0.9272707393984864,True,0.8988379624343179
Total (2013–2024),Tipologia | Incêndio Florestal,Tipologia,Incêndio Florestal,Principal: 11 dummies,12,143,Inadimplência → desastres,12,0.993777024767375,0.4608409086774574,0.3179906003332657,0.003604952827518844,12,95,131,0.9272707393984864,True,0.689881599816553
Total (2013–2024),Tipologia | Incêndio Florestal,Tipologia,Incêndio Florestal,Comparação: sem dummies,12,143,Desastres → inadimplência,1,0.925419145897676,0.337726589459206,0.264612109979563,0.19809564353217735,1,139,142,0.22208777751790396,True,0.7933688274062665
Total (2013–2024),Tipologia | Incêndio Florestal,Tipologia,Incêndio Florestal,Comparação: sem dummies,12,143,Inadimplência → desastres,1,0.8343941950477596,0.3625866714556438,0.35898357313280027,0.20458678324580906,1,139,142,0.22208777751790396,True,0.6208675881089792
Total (2013–2024),Tipologia | Incêndio Florestal,Tipologia,Incêndio Florestal,Comparação: sem dummies,12,143,Desastres → inadimplência,2,3.1560365527592578,0.04573062060994191,0.02589506070084116,0.0020077315086001854,2,136,141,0.448919304975082,True,0.45367679176529674
Total (2013–2024),Tipologia | Incêndio Florestal,Tipologia,Incêndio Florestal,Comparação: sem dummies,12,143,Inadimplência → desastres,2,1.1252777531600446,0.32756507232205,0.29280414939560406,0.35030450331704055,2,136,141,0.448919304975082,True,0.5891458135288669
Total (2013–2024),Tipologia | Incêndio Florestal,Tipologia,Incêndio Florestal,Comparação: sem dummies,12,143,Desastres → inadimplência,3,3.58495559586976,0.015592827005143526,0.0103409848205052,0.01491916741984421,3,133,140,0.6826928162571204,True,0.3175083365497919
Total (2013–2024),Tipologia | Incêndio Florestal,Tipologia,Incêndio Florestal,Comparação: sem dummies,12,143,Inadimplência → desastres,3,1.0691785891216579,0.36450468313182494,0.3058189158310295,0.14407696684367427,3,133,140,0.6826928162571204,True,0.6224465217415043
Total (2013–2024),Tipologia | Incêndio Florestal,Tipologia,Incêndio Florestal,Comparação: sem dummies,12,143,Desastres → inadimplência,4,2.706371147760846,0.03310895710712295,0.01889435695430233,0.020953720816133954,4,130,139,0.7268406753105336,True,0.3941542512752732
Total (2013–2024),Tipologia | Incêndio Florestal,Tipologia,Incêndio Florestal,Comparação: sem dummies,12,143,Inadimplência → desastres,4,1.610670426596592,0.1754140481132497,0.08380527459933149,0.017689014135445172,4,130,139,0.7268406753105336,True,0.44691975606310386
Total (2013–2024),Tipologia | Incêndio Florestal,Tipologia,Incêndio Florestal,Comparação: sem dummies,12,143,Desastres → inadimplência,5,2.0427759588337184,0.07699127520881402,0.06100516263109077,0.020491581780803104,5,127,138,0.8233380328132313,True,0.5174144839302018
Total (2013–2024),Tipologia | Incêndio Florestal,Tipologia,Incêndio Florestal,Comparação: sem dummies,12,143,Inadimplência → desastres,5,1.7459764880156061,0.12880391438767083,0.0609369387326113,0.013556044986032946,5,127,138,0.8233380328132313,True,0.3870309927514148
Total (2013–2024),Tipologia | Incêndio Florestal,Tipologia,Incêndio Florestal,Comparação: sem dummies,12,143,Desastres → inadimplência,6,2.960922955685884,0.009788104534165485,0.010394748846428773,0.0005509360723162977,6,124,137,0.9229688444872234,True,0.30598466858609275
Total (2013–2024),Tipologia | Incêndio Florestal,Tipologia,Incêndio Florestal,Comparação: sem dummies,12,143,Inadimplência → desastres,6,3.703955039802337,0.0020212082965698932,0.0038369015206038953,7.26400616155017e-11,6,124,137,0.9229688444872234,True,0.09301921367378953
Total (2013–2024),Tipologia | Incêndio Florestal,Tipologia,Incêndio Florestal,Comparação: sem dummies,12,143,Desastres → inadimplência,7,2.2549218681492285,0.03426985788231701,0.03804046886602487,0.023790834958067893,7,121,136,0.9449383211400421,True,0.40034880703641373
Total (2013–2024),Tipologia | Incêndio Florestal,Tipologia,Incêndio Florestal,Comparação: sem dummies,12,143,Inadimplência → desastres,7,4.167025978489464,0.0003837163162790714,0.0003115474638297137,3.948716754709694e-13,7,121,136,0.9449383211400421,True,0.06739057631552649
Total (2013–2024),Tipologia | Incêndio Florestal,Tipologia,Incêndio Florestal,Comparação: sem dummies,12,143,Desastres → inadimplência,8,1.939943747665478,0.06022795863360124,0.06490687274823043,0.05085772889577425,8,118,135,0.9613853556578639,True,0.48100491439058674
Total (2013–2024),Tipologia | Incêndio Florestal,Tipologia,Incêndio Florestal,Comparação: sem dummies,12,143,Inadimplência → desastres,8,3.7916503065876825,0.0005425071689191055,0.000282618673069623,6.216242015098048e-14,8,118,135,0.9613853556578639,True,0.06739057631552649
Total (2013–2024),Tipologia | Incêndio Florestal,Tipologia,Incêndio Florestal,Comparação: sem dummies,12,143,Desastres → inadimplência,9,1.7493579710109137,0.0856766015134633,0.14471926012636382,0.03762716081566436,9,115,134,0.977531408719624,True,0.5310609721939257
Total (2013–2024),Tipologia | Incêndio Florestal,Tipologia,Incêndio Florestal,Comparação: sem dummies,12,143,Inadimplência → desastres,9,2.7411717177374713,0.006163374131295342,0.00435237878318139,1.9166748686297857e-12,9,115,134,0.977531408719624,True,0.1351617134055996
Total (2013–2024),Tipologia | Incêndio Florestal,Tipologia,Incêndio Florestal,Comparação: sem dummies,12,143,Desastres → inadimplência,10,1.729552203136928,0.08257384102588079,0.21354872378529677,0.06483143495283436,10,112,133,0.9796427779577259,True,0.5310609721939257
Total (2013–2024),Tipologia | Incêndio Florestal,Tipologia,Incêndio Florestal,Comparação: sem dummies,12,143,Inadimplência → desastres,10,2.275981506966675,0.018215907692298357,0.023929927138518426,3.241615366307259e-10,10,112,133,0.9796427779577259,True,0.169924512055022
Total (2013–2024),Tipologia | Incêndio Florestal,Tipologia,Incêndio Florestal,Comparação: sem dummies,12,143,Desastres → inadimplência,11,1.8252970192939204,0.058082194115789215,0.26377643548043694,0.06695188184476848,11,109,132,0.981171013215307,True,0.48081286519693056
Total (2013–2024),Tipologia | Incêndio Florestal,Tipologia,Incêndio Florestal,Comparação: sem dummies,12,143,Inadimplência → desastres,11,1.8249495718928481,0.05813978544345929,0.06630789306897719,7.47187828481453e-07,11,109,132,0.981171013215307,True,0.27430847673411135
Total (2013–2024),Tipologia | Incêndio Florestal,Tipologia,Incêndio Florestal,Comparação: sem dummies,12,143,Desastres → inadimplência,12,1.7910370668519473,0.058723217554257856,0.24067516807082862,0.001841818690650969,12,106,131,0.9808632386372658,True,0.48100491439058674
Total (2013–2024),Tipologia | Incêndio Florestal,Tipologia,Incêndio Florestal,Comparação: sem dummies,12,143,Inadimplência → desastres,12,1.6511412511783479,0.08852692650413566,0.09410388835098085,8.128062602499743e-07,12,106,131,0.9808632386372658,True,0.3415888982615553
Total (2013–2024),Tipologia | Incêndio Florestal,Tipologia,Incêndio Florestal,Robustez: diferença sazonal,12,131,Desastres → inadimplência,1,0.013318895077264309,0.9083043963979043,0.8901332548774235,0.8946921208294981,1,127,130,0.5134065613577122,True,0.981295751603096
Total (2013–2024),Tipologia | Incêndio Florestal,Tipologia,Incêndio Florestal,Robustez: diferença sazonal,12,131,Inadimplência → desastres,1,0.15393117244005006,0.695464210243003,0.7087667520419325,0.5122281522934922,1,127,130,0.5134065613577122,True,0.8383126931569467
Total (2013–2024),Tipologia | Incêndio Florestal,Tipologia,Incêndio Florestal,Robustez: diferença sazonal,12,131,Desastres → inadimplência,2,0.040943891765782156,0.9598959571698288,0.9676872026513385,0.971271976443382,2,124,129,0.6531807717670957,True,0.9928340209572337
Total (2013–2024),Tipologia | Incêndio Florestal,Tipologia,Incêndio Florestal,Robustez: diferença sazonal,12,131,Inadimplência → desastres,2,0.19650979752251857,0.8218486427153402,0.8443569571757681,0.7242096069771312,2,124,129,0.6531807717670957,True,0.9043228903117739
Total (2013–2024),Tipologia | Incêndio Florestal,Tipologia,Incêndio Florestal,Robustez: diferença sazonal,12,131,Desastres → inadimplência,3,1.0609716132107958,0.36838571350520566,0.40206430693990525,0.3193169493892946,3,121,128,0.7601320591742916,True,0.810555774392804
Total (2013–2024),Tipologia | Incêndio Florestal,Tipologia,Incêndio Florestal,Robustez: diferença sazonal,12,131,Inadimplência → desastres,3,0.15536910895835954,0.9260517750780649,0.9213594708806724,0.8865076000888263,3,121,128,0.7601320591742916,True,0.9630322120196182
Total (2013–2024),Tipologia | Incêndio Florestal,Tipologia,Incêndio Florestal,Robustez: diferença sazonal,12,131,Desastres → inadimplência,4,1.1466539299441114,0.3381156181940757,0.42111060573926495,0.2783263868004265,4,118,127,0.7498371997635235,True,0.7933688274062665
Total (2013–2024),Tipologia | Incêndio Florestal,Tipologia,Incêndio Florestal,Robustez: diferença sazonal,12,131,Inadimplência → desastres,4,0.3689705132302643,0.8303382583393417,0.7379641114562586,0.6256118024748718,4,118,127,0.7498371997635235,True,0.9104586166001554
Total (2013–2024),Tipologia | Incêndio Florestal,Tipologia,Incêndio Florestal,Robustez: diferença sazonal,12,131,Desastres → inadimplência,5,1.0658741607276232,0.383026950801984,0.5770436979211286,0.23103641314344484,5,115,126,0.7787506516422437,True,0.818953342699688
Total (2013–2024),Tipologia | Incêndio Florestal,Tipologia,Incêndio Florestal,Robustez: diferença sazonal,12,131,Inadimplência → desastres,5,0.2770975280394664,0.9248524779838491,0.8679428262716606,0.7299736045994374,5,115,126,0.7787506516422437,True,0.9625858430306505
Total (2013–2024),Tipologia | Incêndio Florestal,Tipologia,Incêndio Florestal,Robustez: diferença sazonal,12,131,Desastres → inadimplência,6,1.0854567707636493,0.3755104379870838,0.5944577455138219,0.21798412516337295,6,112,125,0.854507338371686,True,0.8106874740653794
Total (2013–2024),Tipologia | Incêndio Florestal,Tipologia,Incêndio Florestal,Robustez: diferença sazonal,12,131,Inadimplência → desastres,6,0.9101144895001928,0.4904434185686951,0.3495490917209507,0.006070525611630064,6,112,125,0.854507338371686,True,0.716269053949184
Total (2013–2024),Tipologia | Incêndio Florestal,Tipologia,Incêndio Florestal,Robustez: diferença sazonal,12,131,Desastres → inadimplência,7,1.426613225212521,0.20192268708006855,0.22594826453523675,0.1095139313900336,7,109,124,0.914380533824793,True,0.6766846081771735
Total (2013–2024),Tipologia | Incêndio Florestal,Tipologia,Incêndio Florestal,Robustez: diferença sazonal,12,131,Inadimplência → desastres,7,1.6632938386832279,0.1255728894867668,0.11034750852882474,0.0029149029701964944,7,109,124,0.914380533824793,True,0.38239974695218304
Total (2013–2024),Tipologia | Incêndio Florestal,Tipologia,Incêndio Florestal,Robustez: diferença sazonal,12,131,Desastres → inadimplência,8,1.2178199714214049,0.2957233394734184,0.33805864135522146,0.06663403403541493,8,106,123,0.8987772482033769,True,0.7578444358950407
Total (2013–2024),Tipologia | Incêndio Florestal,Tipologia,Incêndio Florestal,Robustez: diferença sazonal,12,131,Inadimplência → desastres,8,2.040168338547756,0.04844823938239022,0.022922414176936662,4.379902188975234e-05,8,106,123,0.8987772482033769,True,0.2538127077770089
Total (2013–2024),Tipologia | Incêndio Florestal,Tipologia,Incêndio Florestal,Robustez: diferença sazonal,12,131,Desastres → inadimplência,9,1.1085139714963261,0.3635220131984479,0.4439173716094082,0.009920590700344088,9,103,122,0.9216628452523168,True,0.810555774392804
Total (2013–2024),Tipologia | Incêndio Florestal,Tipologia,Incêndio Florestal,Robustez: diferença sazonal,12,131,Inadimplência → desastres,9,1.6283967220997153,0.11678784929470634,0.09454902672052903,0.0001817218589805347,9,103,122,0.9216628452523168,True,0.3772217354480179
Total (2013–2024),Tipologia | Incêndio Florestal,Tipologia,Incêndio Florestal,Robustez: diferença sazonal,12,131,Desastres → inadimplência,10,1.1171937941183052,0.3570041457825577,0.5635503944747233,0.013571000187090508,10,100,121,0.9225037948318393,True,0.8069713964343528
Total (2013–2024),Tipologia | Incêndio Florestal,Tipologia,Incêndio Florestal,Robustez: diferença sazonal,12,131,Inadimplência → desastres,10,1.3655710780475319,0.20727391091826913,0.2051865938002217,0.00011731881813640407,10,100,121,0.9225037948318393,True,0.48009154924716724
Total (2013–2024),Tipologia | Incêndio Florestal,Tipologia,Incêndio Florestal,Robustez: diferença sazonal,12,131,Desastres → inadimplência,11,1.1459417795000257,0.3351014482764335,0.5582632702144028,0.0027705620126116854,11,97,120,0.9427674904916146,True,0.7933688274062665
Total (2013–2024),Tipologia | Incêndio Florestal,Tipologia,Incêndio Florestal,Robustez: diferença sazonal,12,131,Inadimplência → desastres,11,1.127581932511643,0.3486245258490577,0.43599449130462126,0.0038700899909843997,11,97,120,0.9427674904916146,True,0.6069368486230112
Total (2013–2024),Tipologia | Incêndio Florestal,Tipologia,Incêndio Florestal,Robustez: diferença sazonal,12,131,Desastres → inadimplência,12,0.8028531960724514,0.6466351359397075,0.7833518941585604,0.004020354708385219,12,94,119,0.9720148895611636,True,0.9168999854112312
Total (2013–2024),Tipologia | Incêndio Florestal,Tipologia,Incêndio Florestal,Robustez: diferença sazonal,12,131,Inadimplência → desastres,12,1.0737771169232282,0.39097254211184224,0.39460712446775437,0.03113275200227348,12,94,119,0.9720148895611636,True,0.6481640287000038
Total (2013–2024),Tipologia | Inundações,Tipologia,Inundações,Principal: 11 dummies,12,143,Desastres → inadimplência,1,0.4726845673059797,0.49299862832090435,0.470262924263345,0.3413152963890911,1,128,142,0.4544639940589497,True,0.8734538993045402
Total (2013–2024),Tipologia | Inundações,Tipologia,Inundações,Principal: 11 dummies,12,143,Inadimplência → desastres,1,0.8501290554503451,0.3582504713327988,0.42326177289599237,0.2027259278435568,1,128,142,0.4544639940589497,True,0.6168544850954144
Total (2013–2024),Tipologia | Inundações,Tipologia,Inundações,Principal: 11 dummies,12,143,Desastres → inadimplência,2,0.5691106911866579,0.5674882594718716,0.529864538294502,0.26699613352773477,2,125,141,0.6640422969624795,True,0.8990625150061338
Total (2013–2024),Tipologia | Inundações,Tipologia,Inundações,Principal: 11 dummies,12,143,Inadimplência → desastres,2,0.7233637816758223,0.48713705831232845,0.4801404460383446,0.15438701497646037,2,125,141,0.6640422969624795,True,0.71573418400718
Total (2013–2024),Tipologia | Inundações,Tipologia,Inundações,Principal: 11 dummies,12,143,Desastres → inadimplência,3,0.21140763898957218,0.8883375758320405,0.9020367153187416,0.7026779283782887,3,122,140,0.7547528949485292,True,0.976515560155759
Total (2013–2024),Tipologia | Inundações,Tipologia,Inundações,Principal: 11 dummies,12,143,Inadimplência → desastres,3,0.4885382198232754,0.6908763216849461,0.6927955595659491,0.24321388083398562,3,122,140,0.7547528949485292,True,0.8374713583394052
Total (2013–2024),Tipologia | Inundações,Tipologia,Inundações,Principal: 11 dummies,12,143,Desastres → inadimplência,4,0.5762620026443916,0.6803900296779146,0.8351352057803482,0.6964837219300353,4,119,139,0.6593280541393983,True,0.9235504512733719
Total (2013–2024),Tipologia | Inundações,Tipologia,Inundações,Principal: 11 dummies,12,143,Inadimplência → desastres,4,0.41952262010971064,0.7942934964116785,0.8313463758279644,0.2910126903340107,4,119,139,0.6593280541393983,True,0.8881173579730959
Total (2013–2024),Tipologia | Inundações,Tipologia,Inundações,Principal: 11 dummies,12,143,Desastres → inadimplência,5,1.072360188330958,0.3793716187730948,0.5276202578031625,0.0009382375694925687,5,116,138,0.767799847516125,True,0.8148015867119733
Total (2013–2024),Tipologia | Inundações,Tipologia,Inundações,Principal: 11 dummies,12,143,Inadimplência → desastres,5,1.069639148373258,0.38088077088348493,0.4332672525272252,0.0983256412414319,5,116,138,0.767799847516125,True,0.6409686395963462
Total (2013–2024),Tipologia | Inundações,Tipologia,Inundações,Principal: 11 dummies,12,143,Desastres → inadimplência,6,0.9817886154510239,0.44101234426617664,0.6613530531035448,0.00022826241791804394,6,113,137,0.8255033759888512,True,0.8511468864015748
Total (2013–2024),Tipologia | Inundações,Tipologia,Inundações,Principal: 11 dummies,12,143,Inadimplência → desastres,6,1.670119603131905,0.1347329159002414,0.10203581690441497,0.0021873991561976694,6,113,137,0.8255033759888512,True,0.3948778925440355
Total (2013–2024),Tipologia | Inundações,Tipologia,Inundações,Principal: 11 dummies,12,143,Desastres → inadimplência,7,0.9697450638055027,0.4569878068466209,0.7214943861018663,0.002530031209637919,7,110,136,0.8125082085960422,True,0.8589996369297385
Total (2013–2024),Tipologia | Inundações,Tipologia,Inundações,Principal: 11 dummies,12,143,Inadimplência → desastres,7,1.4923596422501784,0.1773377592058396,0.18088671434882814,0.0005858486662081815,7,110,136,0.8125082085960422,True,0.44691975606310386
Total (2013–2024),Tipologia | Inundações,Tipologia,Inundações,Principal: 11 dummies,12,143,Desastres → inadimplência,8,0.8952001183181665,0.5233198274531287,0.7794127975663331,0.0006487728150768141,8,107,135,0.8268046881046363,True,0.8832540572341134
Total (2013–2024),Tipologia | Inundações,Tipologia,Inundações,Principal: 11 dummies,12,143,Inadimplência → desastres,8,1.2879543860165987,0.25746856239497107,0.20621734020148397,0.0001172139157627238,8,107,135,0.8268046881046363,True,0.5408515109610756
Total (2013–2024),Tipologia | Inundações,Tipologia,Inundações,Principal: 11 dummies,12,143,Desastres → inadimplência,9,0.823257119437587,0.5960955105167399,0.8392385092912253,0.000791572995101001,9,104,134,0.8740841216503356,True,0.9143945838643741
Total (2013–2024),Tipologia | Inundações,Tipologia,Inundações,Principal: 11 dummies,12,143,Inadimplência → desastres,9,1.0356563471698115,0.4170111556348891,0.4282386332848518,0.00276523700536288,9,104,134,0.8740841216503356,True,0.6649653796870085
Total (2013–2024),Tipologia | Inundações,Tipologia,Inundações,Principal: 11 dummies,12,143,Desastres → inadimplência,10,0.9293756270164545,0.5097804993575221,0.8334398407614234,3.8072286150850184e-05,10,101,133,0.8700692465619798,True,0.8754569642361758
Total (2013–2024),Tipologia | Inundações,Tipologia,Inundações,Principal: 11 dummies,12,143,Inadimplência → desastres,10,0.9163501816638417,0.5214222053460076,0.5875507491245417,0.004154456856722691,10,101,133,0.8700692465619798,True,0.7348114506003489
Total (2013–2024),Tipologia | Inundações,Tipologia,Inundações,Principal: 11 dummies,12,143,Desastres → inadimplência,11,1.4571264222325297,0.1602820190148044,0.5176156079316585,7.974390974427186e-06,11,98,132,0.9184569108652647,True,0.6319374426847137
Total (2013–2024),Tipologia | Inundações,Tipologia,Inundações,Principal: 11 dummies,12,143,Inadimplência → desastres,11,0.910424857471011,0.5335355171347709,0.6711628722134381,0.004346875138647298,11,98,132,0.9184569108652647,True,0.7388656433882063
Total (2013–2024),Tipologia | Inundações,Tipologia,Inundações,Principal: 11 dummies,12,143,Desastres → inadimplência,12,1.4003546030623193,0.17932312441170023,0.5329111161602949,2.862435961705377e-07,12,95,131,0.9311275140771101,True,0.653509928614068
Total (2013–2024),Tipologia | Inundações,Tipologia,Inundações,Principal: 11 dummies,12,143,Inadimplência → desastres,12,1.0042599513180601,0.4513141517849996,0.5486261839410301,0.0002564347126902982,12,95,131,0.9311275140771101,True,0.6863049753421527
Total (2013–2024),Tipologia | Inundações,Tipologia,Inundações,Comparação: sem dummies,12,143,Desastres → inadimplência,1,0.44466324282353226,0.5059856422680603,0.47620584497502577,0.407230400787696,1,139,142,0.16336944239093004,True,0.8754569642361758
Total (2013–2024),Tipologia | Inundações,Tipologia,Inundações,Comparação: sem dummies,12,143,Inadimplência → desastres,1,1.1416787545853622,0.28714998036727213,0.3250116862348181,0.20507029167881585,1,139,142,0.16336944239093004,True,0.5607472481166349
Total (2013–2024),Tipologia | Inundações,Tipologia,Inundações,Comparação: sem dummies,12,143,Desastres → inadimplência,2,0.588703507884767,0.5564545411088428,0.5571334592039282,0.49553002140480873,2,136,141,0.493195778540248,True,0.8987103429813551
Total (2013–2024),Tipologia | Inundações,Tipologia,Inundações,Comparação: sem dummies,12,143,Inadimplência → desastres,2,2.196685108056743,0.1151004428280299,0.23058052289695796,0.026273876077623676,2,136,141,0.493195778540248,True,0.3737027364546426
Total (2013–2024),Tipologia | Inundações,Tipologia,Inundações,Comparação: sem dummies,12,143,Desastres → inadimplência,3,0.4171023089058258,0.7410099671992546,0.6232911587934012,0.5478074297633813,3,133,140,0.7255296428298161,True,0.9356186454536043
Total (2013–2024),Tipologia | Inundações,Tipologia,Inundações,Comparação: sem dummies,12,143,Inadimplência → desastres,3,2.035195675348307,0.1120060424186249,0.1556725789222981,0.010790814084075138,3,133,140,0.7255296428298161,True,0.37368827197657495
Total (2013–2024),Tipologia | Inundações,Tipologia,Inundações,Comparação: sem dummies,12,143,Desastres → inadimplência,4,1.7594742314624048,0.14092414898456088,0.11829392429978755,0.0015582783938362307,4,130,139,0.7763109724100965,True,0.6072445307128613
Total (2013–2024),Tipologia | Inundações,Tipologia,Inundações,Comparação: sem dummies,12,143,Inadimplência → desastres,4,2.0986941448529155,0.08462700201694641,0.10487187311402191,0.0004957000453159378,4,130,139,0.7763109724100965,True,0.3402183993405381
Total (2013–2024),Tipologia | Inundações,Tipologia,Inundações,Comparação: sem dummies,12,143,Desastres → inadimplência,5,1.5844430340977356,0.16908913019617247,0.13143983592397468,0.009613793008093742,5,127,138,0.8171593595022473,True,0.6458395860626522
Total (2013–2024),Tipologia | Inundações,Tipologia,Inundações,Comparação: sem dummies,12,143,Inadimplência → desastres,5,2.4836437322396345,0.034977597851395155,0.01047295816733061,1.1765046594627916e-06,5,127,138,0.8171593595022473,True,0.22339377987795594
Total (2013–2024),Tipologia | Inundações,Tipologia,Inundações,Comparação: sem dummies,12,143,Desastres → inadimplência,6,1.5338062467500757,0.17251700945711945,0.1284880879889712,0.0003703969367176504,6,124,137,0.91426279258256,True,0.6458395860626522
Total (2013–2024),Tipologia | Inundações,Tipologia,Inundações,Comparação: sem dummies,12,143,Inadimplência → desastres,6,3.539678658794455,0.0028688868536001317,0.0013255933843626493,3.889009183928373e-08,6,124,137,0.91426279258256,True,0.09773798333952989
Total (2013–2024),Tipologia | Inundações,Tipologia,Inundações,Comparação: sem dummies,12,143,Desastres → inadimplência,7,0.9012836638108882,0.5079435997279931,0.3111519208593557,0.056858764300207414,7,121,136,0.9331056540137054,True,0.8754569642361758
Total (2013–2024),Tipologia | Inundações,Tipologia,Inundações,Comparação: sem dummies,12,143,Inadimplência → desastres,7,2.6830664304102094,0.012841600868229247,0.0065886210734864585,5.156007711420776e-07,7,121,136,0.9331056540137054,True,0.16331270176847915
Total (2013–2024),Tipologia | Inundações,Tipologia,Inundações,Comparação: sem dummies,12,143,Desastres → inadimplência,8,1.3293131587626426,0.23565100319063348,0.18637064132165299,0.0009298509589963209,8,118,135,0.936063748080014,True,0.7132294285430795
Total (2013–2024),Tipologia | Inundações,Tipologia,Inundações,Comparação: sem dummies,12,143,Inadimplência → desastres,8,2.3278533352462296,0.02340286016235087,0.006112993244663744,2.49626782881998e-06,8,118,135,0.936063748080014,True,0.18873274324476508
Total (2013–2024),Tipologia | Inundações,Tipologia,Inundações,Comparação: sem dummies,12,143,Desastres → inadimplência,9,1.195801702110613,0.3043943327090177,0.3011906115198791,0.002823824912612019,9,115,134,0.953060214195473,True,0.7686725573460044
Total (2013–2024),Tipologia | Inundações,Tipologia,Inundações,Comparação: sem dummies,12,143,Inadimplência → desastres,9,2.0602875742636293,0.038769697760610185,0.02262608742209641,8.95524384625949e-08,9,115,134,0.953060214195473,True,0.23697284092799306
Total (2013–2024),Tipologia | Inundações,Tipologia,Inundações,Comparação: sem dummies,12,143,Desastres → inadimplência,10,1.100878271027257,0.3677645209004472,0.42575317226651826,0.02088337316006015,10,112,133,0.9649700716088998,True,0.810555774392804
Total (2013–2024),Tipologia | Inundações,Tipologia,Inundações,Comparação: sem dummies,12,143,Inadimplência → desastres,10,1.4471001016468035,0.16908112143299076,0.17167897634112106,1.7197481738855507e-05,10,112,133,0.9649700716088998,True,0.44218221832224386
Total (2013–2024),Tipologia | Inundações,Tipologia,Inundações,Comparação: sem dummies,12,143,Desastres → inadimplência,11,1.4211486898324126,0.17356346840567227,0.19578075208359427,0.0005311189502308482,11,109,132,0.9694526186144435,True,0.6458395860626522
Total (2013–2024),Tipologia | Inundações,Tipologia,Inundações,Comparação: sem dummies,12,143,Inadimplência → desastres,11,1.1864154805479594,0.30486431072307685,0.3118193820122429,8.343716751540578e-05,11,109,132,0.9694526186144435,True,0.568776699110218
Total (2013–2024),Tipologia | Inundações,Tipologia,Inundações,Comparação: sem dummies,12,143,Desastres → inadimplência,12,1.1929231403073177,0.297681294419572,0.32659973994645464,0.000868741715458205,12,106,131,0.9678231765708712,True,0.7578444358950407
Total (2013–2024),Tipologia | Inundações,Tipologia,Inundações,Comparação: sem dummies,12,143,Inadimplência → desastres,12,1.209742693254829,0.28605596028277624,0.40642213356112367,9.002472319739562e-05,12,106,131,0.9678231765708712,True,0.5607472481166349
Total (2013–2024),Tipologia | Inundações,Tipologia,Inundações,Robustez: diferença sazonal,12,131,Desastres → inadimplência,1,0.4079499975882744,0.5241620379834603,0.5183732384174083,0.3146546174877753,1,127,130,0.5220728159639595,True,0.8832540572341134
Total (2013–2024),Tipologia | Inundações,Tipologia,Inundações,Robustez: diferença sazonal,12,131,Inadimplência → desastres,1,2.038365946158914,0.15582868210642375,0.16103420295091347,0.0840294674391533,1,127,130,0.5220728159639595,True,0.4228511436779322
Total (2013–2024),Tipologia | Inundações,Tipologia,Inundações,Robustez: diferença sazonal,12,131,Desastres → inadimplência,2,0.16888120033272908,0.8448031729118276,0.8252128127051026,0.8313456884609617,2,124,129,0.6490128118667082,True,0.9679560023686106
Total (2013–2024),Tipologia | Inundações,Tipologia,Inundações,Robustez: diferença sazonal,12,131,Inadimplência → desastres,2,2.0801757464764488,0.12924558304064168,0.09742814168470991,0.024824427881531854,2,124,129,0.6490128118667082,True,0.3874268076757844
Total (2013–2024),Tipologia | Inundações,Tipologia,Inundações,Robustez: diferença sazonal,12,131,Desastres → inadimplência,3,0.24021821717705105,0.868141677371161,0.8190716057183838,0.7243001492983783,3,121,128,0.7649155787066758,True,0.9745223741010597
Total (2013–2024),Tipologia | Inundações,Tipologia,Inundações,Robustez: diferença sazonal,12,131,Inadimplência → desastres,3,1.3433287639239622,0.2635655183777937,0.1638671537789583,0.07926781918971255,3,121,128,0.7649155787066758,True,0.5436582474789473
Total (2013–2024),Tipologia | Inundações,Tipologia,Inundações,Robustez: diferença sazonal,12,131,Desastres → inadimplência,4,0.7445931002911135,0.5635016164825117,0.5362866470230631,0.5023589936901897,4,118,127,0.6651815494074347,True,0.8988379624343179
Total (2013–2024),Tipologia | Inundações,Tipologia,Inundações,Robustez: diferença sazonal,12,131,Inadimplência → desastres,4,1.3424543148600112,0.25831068163500975,0.1589268431044895,0.04704673751784806,4,118,127,0.6651815494074347,True,0.5408515109610756
Total (2013–2024),Tipologia | Inundações,Tipologia,Inundações,Robustez: diferença sazonal,12,131,Desastres → inadimplência,5,0.9247319431259406,0.46769999772637694,0.4437515010323889,0.3442079980086704,5,115,126,0.7612276003956382,True,0.8679979794748078
Total (2013–2024),Tipologia | Inundações,Tipologia,Inundações,Robustez: diferença sazonal,12,131,Inadimplência → desastres,5,1.543428303368245,0.18185408752651896,0.146323940420737,0.006259216288338004,5,115,126,0.7612276003956382,True,0.45463521881629737
Total (2013–2024),Tipologia | Inundações,Tipologia,Inundações,Robustez: diferença sazonal,12,131,Desastres → inadimplência,6,1.0950704854292068,0.3697995259075673,0.49447661978680024,0.06386797622412117,6,112,125,0.8853451805683509,True,0.810555774392804
Total (2013–2024),Tipologia | Inundações,Tipologia,Inundações,Robustez: diferença sazonal,12,131,Inadimplência → desastres,6,2.70512370166979,0.017208180873552806,0.015289553145781903,1.1156260071722156e-05,6,112,125,0.8853451805683509,True,0.16926262794807567
Total (2013–2024),Tipologia | Inundações,Tipologia,Inundações,Robustez: diferença sazonal,12,131,Desastres → inadimplência,7,1.0538741431974243,0.39833401905201277,0.4216298287145722,0.17338989036612412,7,109,124,0.8819286686653258,True,0.8302941478018874
Total (2013–2024),Tipologia | Inundações,Tipologia,Inundações,Robustez: diferença sazonal,12,131,Inadimplência → desastres,7,2.1225478531623034,0.04703013559726142,0.044832484230702394,1.2890926243466304e-05,7,109,124,0.8819286686653258,True,0.2533951271404172
Total (2013–2024),Tipologia | Inundações,Tipologia,Inundações,Robustez: diferença sazonal,12,131,Desastres → inadimplência,8,1.2389826960717356,0.28378256655904943,0.34133396052246456,0.12812693743079237,8,106,123,0.8757367604022611,True,0.7515428139805335
Total (2013–2024),Tipologia | Inundações,Tipologia,Inundações,Robustez: diferença sazonal,12,131,Inadimplência → desastres,8,1.8447104820949671,0.07668517041206864,0.0553225399363889,3.356246060467169e-05,8,106,123,0.8757367604022611,True,0.3249371627630027
Total (2013–2024),Tipologia | Inundações,Tipologia,Inundações,Robustez: diferença sazonal,12,131,Desastres → inadimplência,9,1.3118261763408132,0.2398504152071111,0.2348954593984706,0.0013385376327924232,9,103,122,0.8754382609828141,True,0.7188606693261255
Total (2013–2024),Tipologia | Inundações,Tipologia,Inundações,Robustez: diferença sazonal,12,131,Inadimplência → desastres,9,1.5386021048911938,0.14428024828300334,0.10631896621411964,7.982731658712755e-05,9,103,122,0.8754382609828141,True,0.4101757624981675
Total (2013–2024),Tipologia | Inundações,Tipologia,Inundações,Robustez: diferença sazonal,12,131,Desastres → inadimplência,10,1.2816129397977885,0.25104042324286324,0.2853070213107572,0.00010719707235199538,10,100,121,0.8953996798561967,True,0.7263901135499514
Total (2013–2024),Tipologia | Inundações,Tipologia,Inundações,Robustez: diferença sazonal,12,131,Inadimplência → desastres,10,1.6430565336483225,0.10527938548139065,0.06777466210809766,0.00038691761787623387,10,100,121,0.8953996798561967,True,0.36555342181038425
Total (2013–2024),Tipologia | Inundações,Tipologia,Inundações,Robustez: diferença sazonal,12,131,Desastres → inadimplência,11,2.295728816455046,0.015241762703912042,0.053183164599177005,3.614072430579792e-09,11,97,120,0.9518654076821998,True,0.3175083365497919
Total (2013–2024),Tipologia | Inundações,Tipologia,Inundações,Robustez: diferença sazonal,12,131,Inadimplência → desastres,11,1.8717686664208597,0.05246157931320584,0.0314040224077255,1.1216796110850719e-05,11,97,120,0.9518654076821998,True,0.2654938224352522
Total (2013–2024),Tipologia | Inundações,Tipologia,Inundações,Robustez: diferença sazonal,12,131,Desastres → inadimplência,12,1.9274790801326205,0.04047146564960989,0.10348910685422015,1.780223659525207e-07,12,94,119,0.9784156054621765,True,0.42872315306790143
Total (2013–2024),Tipologia | Inundações,Tipologia,Inundações,Robustez: diferença sazonal,12,131,Inadimplência → desastres,12,1.6084061249529726,0.10234056152963725,0.0310969552177122,0.00027498632828866824,12,94,119,0.9784156054621765,True,0.3616830454558228
Total (2013–2024),Tipologia | Movimento de Massa,Tipologia,Movimento de Massa,Principal: 11 dummies,12,143,Desastres → inadimplência,1,2.152824093733368,0.14476070673287642,0.2829621705345188,0.25233561612606414,1,128,142,0.5331535766982972,True,0.6092622337242273
Total (2013–2024),Tipologia | Movimento de Massa,Tipologia,Movimento de Massa,Principal: 11 dummies,12,143,Inadimplência → desastres,1,0.00968119289587949,0.9217741072998699,0.9276422441824748,0.8833920447543888,1,128,142,0.5331535766982972,True,0.9601813617706978
Total (2013–2024),Tipologia | Movimento de Massa,Tipologia,Movimento de Massa,Principal: 11 dummies,12,143,Desastres → inadimplência,2,1.7291297282008877,0.1816555766672121,0.34322554590591303,0.22976298166409312,2,125,141,0.6691561400864009,True,0.653825799941562
Total (2013–2024),Tipologia | Movimento de Massa,Tipologia,Movimento de Massa,Principal: 11 dummies,12,143,Inadimplência → desastres,2,0.9683523040435668,0.38253801294321843,0.2829366439192357,0.05591007160795046,2,125,141,0.6691561400864009,True,0.6409686395963462
Total (2013–2024),Tipologia | Movimento de Massa,Tipologia,Movimento de Massa,Principal: 11 dummies,12,143,Desastres → inadimplência,3,1.0493581561512815,0.37337087390103907,0.6055910556991455,0.2633305160461793,3,122,140,0.7581927084202875,True,0.8106874740653794
Total (2013–2024),Tipologia | Movimento de Massa,Tipologia,Movimento de Massa,Principal: 11 dummies,12,143,Inadimplência → desastres,3,0.759850975338176,0.5187314565006246,0.43391829424504136,0.09757524677888782,3,122,140,0.7581927084202875,True,0.7348114506003489
Total (2013–2024),Tipologia | Movimento de Massa,Tipologia,Movimento de Massa,Principal: 11 dummies,12,143,Desastres → inadimplência,4,2.4607222922373433,0.04902140482606342,0.24536906785337786,1.2115443234071043e-05,4,119,139,0.796702491469678,True,0.46061298057359557
Total (2013–2024),Tipologia | Movimento de Massa,Tipologia,Movimento de Massa,Principal: 11 dummies,12,143,Inadimplência → desastres,4,0.4174979207269688,0.7957531527438939,0.8075921714072132,0.3876324899618073,4,119,139,0.796702491469678,True,0.8881173579730959
Total (2013–2024),Tipologia | Movimento de Massa,Tipologia,Movimento de Massa,Principal: 11 dummies,12,143,Desastres → inadimplência,5,1.9566025483145226,0.09029287379233691,0.372751971995935,4.6691006597907636e-05,5,116,138,0.7969127060227147,True,0.5426254434635632
Total (2013–2024),Tipologia | Movimento de Massa,Tipologia,Movimento de Massa,Principal: 11 dummies,12,143,Inadimplência → desastres,5,0.3762787329187082,0.8641089943114014,0.8827516821110116,0.47560187549083766,5,116,138,0.7969127060227147,True,0.9280763841642622
Total (2013–2024),Tipologia | Movimento de Massa,Tipologia,Movimento de Massa,Principal: 11 dummies,12,143,Desastres → inadimplência,6,2.037994511364665,0.06627131998833795,0.48285539950976397,0.0002438637333891857,6,113,137,0.7879306681666188,True,0.4855614559401165
Total (2013–2024),Tipologia | Movimento de Massa,Tipologia,Movimento de Massa,Principal: 11 dummies,12,143,Inadimplência → desastres,6,0.431695023931066,0.8564316539141622,0.7927884286984592,0.12658521414944016,6,113,137,0.7879306681666188,True,0.9260722901320959
Total (2013–2024),Tipologia | Movimento de Massa,Tipologia,Movimento de Massa,Principal: 11 dummies,12,143,Desastres → inadimplência,7,1.7664309488426762,0.10120932106469982,0.6308140019218246,0.0004329176107889892,7,110,136,0.8499254964843451,True,0.543788638138664
Total (2013–2024),Tipologia | Movimento de Massa,Tipologia,Movimento de Massa,Principal: 11 dummies,12,143,Inadimplência → desastres,7,1.095837536916165,0.3709210088533267,0.268526705798509,0.0034896553464227147,7,110,136,0.8499254964843451,True,0.6291061886928878
Total (2013–2024),Tipologia | Movimento de Massa,Tipologia,Movimento de Massa,Principal: 11 dummies,12,143,Desastres → inadimplência,8,1.7331557000417404,0.09890873395505874,0.6690367465525526,9.828715031866031e-05,8,107,135,0.8844556890546422,True,0.543788638138664
Total (2013–2024),Tipologia | Movimento de Massa,Tipologia,Movimento de Massa,Principal: 11 dummies,12,143,Inadimplência → desastres,8,0.9165727202947959,0.5058498939203393,0.3666530151499333,0.005273787630253914,8,107,135,0.8844556890546422,True,0.7278925859189871
Total (2013–2024),Tipologia | Movimento de Massa,Tipologia,Movimento de Massa,Principal: 11 dummies,12,143,Desastres → inadimplência,9,1.6783585756846975,0.10346464652140253,0.7205430837518003,0.0009106799931303189,9,104,134,0.9055456680265418,True,0.543788638138664
Total (2013–2024),Tipologia | Movimento de Massa,Tipologia,Movimento de Massa,Principal: 11 dummies,12,143,Inadimplência → desastres,9,1.0129578399369368,0.43464864565924505,0.3568302932092,0.0025759874258833738,9,104,134,0.9055456680265418,True,0.6769762794481332
Total (2013–2024),Tipologia | Movimento de Massa,Tipologia,Movimento de Massa,Principal: 11 dummies,12,143,Desastres → inadimplência,10,1.551591835230769,0.1323164191303994,0.8200637939126382,0.002124099465773358,10,101,133,0.9113584510856039,True,0.58441953662684
Total (2013–2024),Tipologia | Movimento de Massa,Tipologia,Movimento de Massa,Principal: 11 dummies,12,143,Inadimplência → desastres,10,1.362802240776914,0.20844198681741968,0.2172367173906438,0.0002497920750838401,10,101,133,0.9113584510856039,True,0.48072413933906755
Total (2013–2024),Tipologia | Movimento de Massa,Tipologia,Movimento de Massa,Principal: 11 dummies,12,143,Desastres → inadimplência,11,1.3960885512109926,0.18681726912115035,0.8833538139175835,0.00638538448358209,11,98,132,0.9185633614477611,True,0.657729618809072
Total (2013–2024),Tipologia | Movimento de Massa,Tipologia,Movimento de Massa,Principal: 11 dummies,12,143,Inadimplência → desastres,11,1.3161317544008118,0.22700350314982304,0.2667011560952887,0.00021088485482517882,11,98,132,0.9185633614477611,True,0.5076106957733073
Total (2013–2024),Tipologia | Movimento de Massa,Tipologia,Movimento de Massa,Principal: 11 dummies,12,143,Desastres → inadimplência,12,1.4749963759550981,0.14723972459012216,0.8672629335441271,0.07375319847489564,12,95,131,0.9186302758969175,True,0.6134988524588424
Total (2013–2024),Tipologia | Movimento de Massa,Tipologia,Movimento de Massa,Principal: 11 dummies,12,143,Inadimplência → desastres,12,1.1871345925757089,0.30353381446811406,0.462596259974013,4.575152431968681e-05,12,95,131,0.9186302758969175,True,0.5671409089464015
Total (2013–2024),Tipologia | Movimento de Massa,Tipologia,Movimento de Massa,Comparação: sem dummies,12,143,Desastres → inadimplência,1,0.004550753433682005,0.9463130222991785,0.9492331893470515,0.9199115101802426,1,139,142,0.4923126333911577,True,0.9899358849372114
Total (2013–2024),Tipologia | Movimento de Massa,Tipologia,Movimento de Massa,Comparação: sem dummies,12,143,Inadimplência → desastres,1,0.03714151494620972,0.8474585055409054,0.8599294837462688,0.7599364844174946,1,139,142,0.4923126333911577,True,0.9206026312352223
Total (2013–2024),Tipologia | Movimento de Massa,Tipologia,Movimento de Massa,Comparação: sem dummies,12,143,Desastres → inadimplência,2,2.8196148967972476,0.06311955498081143,0.049929838420768216,0.09101052334617336,2,136,141,0.5271974975680268,True,0.48418606498525063
Total (2013–2024),Tipologia | Movimento de Massa,Tipologia,Movimento de Massa,Comparação: sem dummies,12,143,Inadimplência → desastres,2,0.48672280619628294,0.6157038655619093,0.5263610888514959,0.29372924937879535,2,136,141,0.5271974975680268,True,0.786942568458473
Total (2013–2024),Tipologia | Movimento de Massa,Tipologia,Movimento de Massa,Comparação: sem dummies,12,143,Desastres → inadimplência,3,2.365425315355845,0.07385996873328417,0.05128640732979027,0.0069005132547876845,3,133,140,0.7124426809729761,True,0.5102374428805838
Total (2013–2024),Tipologia | Movimento de Massa,Tipologia,Movimento de Massa,Comparação: sem dummies,12,143,Inadimplência → desastres,3,0.42406563875373604,0.7360563292386116,0.6541180711794972,0.38077640351666797,3,133,140,0.7124426809729761,True,0.8567683834729264
Total (2013–2024),Tipologia | Movimento de Massa,Tipologia,Movimento de Massa,Comparação: sem dummies,12,143,Desastres → inadimplência,4,1.6580206180173584,0.16367138298625944,0.0649765596676137,0.0028010709569651184,4,130,139,0.7741044404874875,True,0.6353702755677774
Total (2013–2024),Tipologia | Movimento de Massa,Tipologia,Movimento de Massa,Comparação: sem dummies,12,143,Inadimplência → desastres,4,0.36106724047147604,0.8359335628976283,0.7978343378213595,0.2240481264439743,4,130,139,0.7741044404874875,True,0.9125912258707732
Total (2013–2024),Tipologia | Movimento de Massa,Tipologia,Movimento de Massa,Comparação: sem dummies,12,143,Desastres → inadimplência,5,1.2337203771964846,0.29717831730439676,0.191289620671363,0.021071265578756337,5,127,138,0.7857494032497276,True,0.7578444358950407
Total (2013–2024),Tipologia | Movimento de Massa,Tipologia,Movimento de Massa,Comparação: sem dummies,12,143,Inadimplência → desastres,5,0.30119320007156414,0.9113681810207104,0.893232855269695,0.30572149933638415,5,127,138,0.7857494032497276,True,0.9557132770770872
Total (2013–2024),Tipologia | Movimento de Massa,Tipologia,Movimento de Massa,Comparação: sem dummies,12,143,Desastres → inadimplência,6,1.5349371175960038,0.17215836863586528,0.09676977612119114,0.002234209713285791,6,124,137,0.9142745331527432,True,0.6458395860626522
Total (2013–2024),Tipologia | Movimento de Massa,Tipologia,Movimento de Massa,Comparação: sem dummies,12,143,Inadimplência → desastres,6,0.22425942348926745,0.9682604251012314,0.969976180983873,0.243320640496496,6,124,137,0.9142745331527432,True,0.9851264815877532
Total (2013–2024),Tipologia | Movimento de Massa,Tipologia,Movimento de Massa,Comparação: sem dummies,12,143,Desastres → inadimplência,7,1.340847027299782,0.23696016579634976,0.14639611454795617,0.005738648322592229,7,121,136,0.9311499915335592,True,0.7140098718309754
Total (2013–2024),Tipologia | Movimento de Massa,Tipologia,Movimento de Massa,Comparação: sem dummies,12,143,Inadimplência → desastres,7,0.7793589611764256,0.6057923218575773,0.5831609570785811,0.01922017277851002,7,121,136,0.9311499915335592,True,0.7806602085793521
Total (2013–2024),Tipologia | Movimento de Massa,Tipologia,Movimento de Massa,Comparação: sem dummies,12,143,Desastres → inadimplência,8,1.1817030212025381,0.3158533371031996,0.2466458979856741,0.009795664276449824,8,118,135,0.9277579332930632,True,0.7767560045564231
Total (2013–2024),Tipologia | Movimento de Massa,Tipologia,Movimento de Massa,Comparação: sem dummies,12,143,Inadimplência → desastres,8,0.758959183938098,0.6394488716434201,0.7009126366779097,0.07542172247495091,8,118,135,0.9277579332930632,True,0.8033277281952513
Total (2013–2024),Tipologia | Movimento de Massa,Tipologia,Movimento de Massa,Comparação: sem dummies,12,143,Desastres → inadimplência,9,1.040852973198763,0.41221063630280147,0.3667646955263533,0.0023072113654669,9,115,134,0.917347663577281,True,0.8375640485999992
Total (2013–2024),Tipologia | Movimento de Massa,Tipologia,Movimento de Massa,Comparação: sem dummies,12,143,Inadimplência → desastres,9,0.829367004997947,0.5904463987314743,0.1861442534364843,0.10484645082776373,9,115,134,0.917347663577281,True,0.7748906554085087
Total (2013–2024),Tipologia | Movimento de Massa,Tipologia,Movimento de Massa,Comparação: sem dummies,12,143,Desastres → inadimplência,10,1.0344265936215982,0.41954192654812666,0.3843573586738933,0.002778244347034312,10,112,133,0.936556507832111,True,0.8404285387582666
Total (2013–2024),Tipologia | Movimento de Massa,Tipologia,Movimento de Massa,Comparação: sem dummies,12,143,Inadimplência → desastres,10,0.9853867951443079,0.4603368848490832,0.5859708738202244,0.29911779960111506,10,112,133,0.936556507832111,True,0.689881599816553
Total (2013–2024),Tipologia | Movimento de Massa,Tipologia,Movimento de Massa,Comparação: sem dummies,12,143,Desastres → inadimplência,11,0.9428949824918046,0.5027692670636397,0.4578095104243036,0.010295018771397085,11,109,132,0.940605998120454,True,0.8754569642361758
Total (2013–2024),Tipologia | Movimento de Massa,Tipologia,Movimento de Massa,Comparação: sem dummies,12,143,Inadimplência → desastres,11,1.014540708637348,0.4386037671833612,0.5435191540848076,0.07172613242917204,11,109,132,0.940605998120454,True,0.6776943250669981
Total (2013–2024),Tipologia | Movimento de Massa,Tipologia,Movimento de Massa,Comparação: sem dummies,12,143,Desastres → inadimplência,12,1.0277685666306502,0.4292464795282988,0.6199829089979313,0.002426078041864386,12,106,131,0.9689366104060337,True,0.8457658034478042
Total (2013–2024),Tipologia | Movimento de Massa,Tipologia,Movimento de Massa,Comparação: sem dummies,12,143,Inadimplência → desastres,12,1.216267251136805,0.28163668728759605,0.5276022662141102,0.0034623853922385642,12,106,131,0.9689366104060337,True,0.5579173678438907
Total (2013–2024),Tipologia | Movimento de Massa,Tipologia,Movimento de Massa,Robustez: diferença sazonal,12,131,Desastres → inadimplência,1,0.9154789559341433,0.34048268751494576,0.3612302231781333,0.35655146451278324,1,127,130,0.5229658889949513,True,0.7933688274062665
Total (2013–2024),Tipologia | Movimento de Massa,Tipologia,Movimento de Massa,Robustez: diferença sazonal,12,131,Inadimplência → desastres,1,0.06253161755636276,0.8029425053740664,0.8069439192691786,0.7108347314979304,1,127,130,0.5229658889949513,True,0.8929520744818354
Total (2013–2024),Tipologia | Movimento de Massa,Tipologia,Movimento de Massa,Robustez: diferença sazonal,12,131,Desastres → inadimplência,2,2.490034568534265,0.08704482280033939,0.11705560612193613,0.0401408727787123,2,124,129,0.6777616179948929,True,0.5310609721939257
Total (2013–2024),Tipologia | Movimento de Massa,Tipologia,Movimento de Massa,Robustez: diferença sazonal,12,131,Inadimplência → desastres,2,0.7762880038312135,0.4623337114878072,0.4621174706342388,0.04471360403199706,2,124,129,0.6777616179948929,True,0.6904625320905126
Total (2013–2024),Tipologia | Movimento de Massa,Tipologia,Movimento de Massa,Robustez: diferença sazonal,12,131,Desastres → inadimplência,3,1.417624350620219,0.24096209635811724,0.2533314668375799,0.0019748735351283984,3,121,128,0.7668292296640998,True,0.7188606693261255
Total (2013–2024),Tipologia | Movimento de Massa,Tipologia,Movimento de Massa,Robustez: diferença sazonal,12,131,Inadimplência → desastres,3,0.8761538211632792,0.4555628799672302,0.49028314503201775,0.07858251998836344,3,121,128,0.7668292296640998,True,0.6894111379649367
Total (2013–2024),Tipologia | Movimento de Massa,Tipologia,Movimento de Massa,Robustez: diferença sazonal,12,131,Desastres → inadimplência,4,3.15162040799714,0.0167826001934685,0.041697921830442346,1.0824636177225137e-05,4,118,127,0.7917456096047619,True,0.31785227639144886
Total (2013–2024),Tipologia | Movimento de Massa,Tipologia,Movimento de Massa,Robustez: diferença sazonal,12,131,Inadimplência → desastres,4,0.774378434936608,0.5439828994587205,0.6073217351762441,0.05754445790024326,4,118,127,0.7917456096047619,True,0.7480512918849291
Total (2013–2024),Tipologia | Movimento de Massa,Tipologia,Movimento de Massa,Robustez: diferença sazonal,12,131,Desastres → inadimplência,5,3.017263138865324,0.013490166102722979,0.032786007321259275,1.2950526257189049e-05,5,115,126,0.8140340439673429,True,0.3175083365497919
Total (2013–2024),Tipologia | Movimento de Massa,Tipologia,Movimento de Massa,Robustez: diferença sazonal,12,131,Inadimplência → desastres,5,0.6588101915174768,0.6554027557865972,0.7686341290257352,0.4623129326470974,5,115,126,0.8140340439673429,True,0.8135585349883283
Total (2013–2024),Tipologia | Movimento de Massa,Tipologia,Movimento de Massa,Robustez: diferença sazonal,12,131,Desastres → inadimplência,6,2.347249832301232,0.03576089627268053,0.08343284922862212,4.354312150770792e-05,6,112,125,0.7955272974508548,True,0.4101020214756942
Total (2013–2024),Tipologia | Movimento de Massa,Tipologia,Movimento de Massa,Robustez: diferença sazonal,12,131,Inadimplência → desastres,6,0.6010200425004406,0.7289971011160499,0.8601427455033089,0.5000184931768137,6,112,125,0.7955272974508548,True,0.8533362357618064
Total (2013–2024),Tipologia | Movimento de Massa,Tipologia,Movimento de Massa,Robustez: diferença sazonal,12,131,Desastres → inadimplência,7,2.0350091844886538,0.05697803757454497,0.13938386817522141,0.0003469752936773248,7,109,124,0.918512347013073,True,0.48081286519693056
Total (2013–2024),Tipologia | Movimento de Massa,Tipologia,Movimento de Massa,Robustez: diferença sazonal,12,131,Inadimplência → desastres,7,2.437354333950515,0.023285189476571898,0.01915279409113868,4.2634182525099904e-07,7,109,124,0.918512347013073,True,0.18873274324476508
Total (2013–2024),Tipologia | Movimento de Massa,Tipologia,Movimento de Massa,Robustez: diferença sazonal,12,131,Desastres → inadimplência,8,1.520933723796096,0.15853754911963464,0.3126357456480625,0.0008913975575496294,8,106,123,0.9218637715662914,True,0.6319374426847137
Total (2013–2024),Tipologia | Movimento de Massa,Tipologia,Movimento de Massa,Robustez: diferença sazonal,12,131,Inadimplência → desastres,8,2.415562413955477,0.019476096924286666,0.01358369907237431,3.2092208031523015e-06,8,106,123,0.9218637715662914,True,0.1764139214156401
Total (2013–2024),Tipologia | Movimento de Massa,Tipologia,Movimento de Massa,Robustez: diferença sazonal,12,131,Desastres → inadimplência,9,1.4540553848807898,0.17519312561433167,0.36512923644968376,0.001311900102583345,9,103,122,0.9278668012998523,True,0.6458395860626522
Total (2013–2024),Tipologia | Movimento de Massa,Tipologia,Movimento de Massa,Robustez: diferença sazonal,12,131,Inadimplência → desastres,9,2.3268110675834723,0.019888405483738665,0.02464261266478976,8.956484035196188e-06,9,103,122,0.9278668012998523,True,0.17756908381853606
Total (2013–2024),Tipologia | Movimento de Massa,Tipologia,Movimento de Massa,Robustez: diferença sazonal,12,131,Desastres → inadimplência,10,1.5391492537380476,0.1366354471097603,0.34399511547363465,0.0018082307443039087,10,100,121,0.9270337991854906,True,0.5992782767971943
Total (2013–2024),Tipologia | Movimento de Massa,Tipologia,Movimento de Massa,Robustez: diferença sazonal,12,131,Inadimplência → desastres,10,2.399190124852578,0.013458096815875719,0.053986456222325355,7.333295290662611e-06,10,100,121,0.9270337991854906,True,0.16331270176847915
Total (2013–2024),Tipologia | Movimento de Massa,Tipologia,Movimento de Massa,Robustez: diferença sazonal,12,131,Desastres → inadimplência,11,1.5887628520370942,0.11405630566271067,0.3375160959620806,0.00013003987159751354,11,97,120,0.9454588172763597,True,0.5453141538059578
Total (2013–2024),Tipologia | Movimento de Massa,Tipologia,Movimento de Massa,Robustez: diferença sazonal,12,131,Inadimplência → desastres,11,1.8355514821900956,0.05809876384298314,0.18690508856737692,8.1381457815769e-07,11,97,120,0.9454588172763597,True,0.27430847673411135
Total (2013–2024),Tipologia | Movimento de Massa,Tipologia,Movimento de Massa,Robustez: diferença sazonal,12,131,Desastres → inadimplência,12,1.3120391697545857,0.22481551373882258,0.5239501129167432,0.005828984968600439,12,94,119,0.9732401044388628,True,0.7132294285430795
Total (2013–2024),Tipologia | Movimento de Massa,Tipologia,Movimento de Massa,Robustez: diferença sazonal,12,131,Inadimplência → desastres,12,1.9223058412303735,0.04110465072313733,0.1336769186132118,3.806894550145386e-06,12,94,119,0.9732401044388628,True,0.24305689147570378
Total (2013–2024),Tipologia | Onda de Calor e Baixa Umidade,Tipologia,Onda de Calor e Baixa Umidade,Principal: 11 dummies,12,143,Desastres → inadimplência,1,0.0005366246009821839,0.9815546039841685,0.9826648279760358,0.9780838350302952,1,128,142,0.4698956597158074,True,0.9992078848635362
Total (2013–2024),Tipologia | Onda de Calor e Baixa Umidade,Tipologia,Onda de Calor e Baixa Umidade,Principal: 11 dummies,12,143,Inadimplência → desastres,1,0.27621778384276674,0.6001002837093294,0.7462222825316879,0.6677288632274755,1,128,142,0.4698956597158074,True,0.7797560859008958
Total (2013–2024),Tipologia | Onda de Calor e Baixa Umidade,Tipologia,Onda de Calor e Baixa Umidade,Principal: 11 dummies,12,143,Desastres → inadimplência,2,0.1935911263894133,0.8242413232887549,0.7990902713430134,0.6266862450101487,2,125,141,0.6609014720392709,True,0.9635776473725449
Total (2013–2024),Tipologia | Onda de Calor e Baixa Umidade,Tipologia,Onda de Calor e Baixa Umidade,Principal: 11 dummies,12,143,Inadimplência → desastres,2,0.3658262438561606,0.6943634359431915,0.7463725346707686,0.7811023996133271,2,125,141,0.6609014720392709,True,0.8383126931569467
Total (2013–2024),Tipologia | Onda de Calor e Baixa Umidade,Tipologia,Onda de Calor e Baixa Umidade,Principal: 11 dummies,12,143,Desastres → inadimplência,3,0.16606795233523983,0.9190628694160576,0.9337423809260315,0.7768139276671625,3,122,140,0.7435925649320879,True,0.9847805998314437
Total (2013–2024),Tipologia | Onda de Calor e Baixa Umidade,Tipologia,Onda de Calor e Baixa Umidade,Principal: 11 dummies,12,143,Inadimplência → desastres,3,1.5804241717922776,0.19758533862190936,0.2368998581404021,0.007796476265183016,3,122,140,0.7435925649320879,True,0.4713390711400509
Total (2013–2024),Tipologia | Onda de Calor e Baixa Umidade,Tipologia,Onda de Calor e Baixa Umidade,Principal: 11 dummies,12,143,Desastres → inadimplência,4,2.0118276858910082,0.09716431579629599,0.19140011118582373,0.03112844222787899,4,119,139,0.7510208008037115,True,0.543788638138664
Total (2013–2024),Tipologia | Onda de Calor e Baixa Umidade,Tipologia,Onda de Calor e Baixa Umidade,Principal: 11 dummies,12,143,Inadimplência → desastres,4,2.670118183533546,0.0354722674050654,0.28205850674947563,7.691961747880913e-05,4,119,139,0.7510208008037115,True,0.22339377987795594
Total (2013–2024),Tipologia | Onda de Calor e Baixa Umidade,Tipologia,Onda de Calor e Baixa Umidade,Principal: 11 dummies,12,143,Desastres → inadimplência,5,1.564174383583505,0.17566836740904143,0.2590825704492942,0.005100092937054939,5,116,138,0.8446083135411938,True,0.6458395860626522
Total (2013–2024),Tipologia | Onda de Calor e Baixa Umidade,Tipologia,Onda de Calor e Baixa Umidade,Principal: 11 dummies,12,143,Inadimplência → desastres,5,3.5141532884752698,0.005394502278250052,0.29455764868027207,0.00017816363982864025,5,116,138,0.8446083135411938,True,0.129264071884558
Total (2013–2024),Tipologia | Onda de Calor e Baixa Umidade,Tipologia,Onda de Calor e Baixa Umidade,Principal: 11 dummies,12,143,Desastres → inadimplência,6,1.748611533289593,0.11616027183285728,0.21842599460585868,0.0005098285050009467,6,113,137,0.8709041428897585,True,0.545865939064179
Total (2013–2024),Tipologia | Onda de Calor e Baixa Umidade,Tipologia,Onda de Calor e Baixa Umidade,Principal: 11 dummies,12,143,Inadimplência → desastres,6,2.97904027773051,0.009725507419227609,0.1664167024466414,6.584014988563525e-05,6,113,137,0.8709041428897585,True,0.15579806518550718
Total (2013–2024),Tipologia | Onda de Calor e Baixa Umidade,Tipologia,Onda de Calor e Baixa Umidade,Principal: 11 dummies,12,143,Desastres → inadimplência,7,1.5764650914635907,0.14982374307173923,0.3536019496250814,0.00018245390779376606,7,110,136,0.8623589533742002,True,0.6221916240520733
Total (2013–2024),Tipologia | Onda de Calor e Baixa Umidade,Tipologia,Onda de Calor e Baixa Umidade,Principal: 11 dummies,12,143,Inadimplência → desastres,7,2.358557290164967,0.02774483103312499,0.33292745468277807,0.00137116876100551,7,110,136,0.8623589533742002,True,0.20521324728642745
Total (2013–2024),Tipologia | Onda de Calor e Baixa Umidade,Tipologia,Onda de Calor e Baixa Umidade,Principal: 11 dummies,12,143,Desastres → inadimplência,8,1.5126316273063922,0.16127043537313893,0.35662076787212493,0.0026683676339014453,8,107,135,0.9036802646248555,True,0.6319374426847137
Total (2013–2024),Tipologia | Onda de Calor e Baixa Umidade,Tipologia,Onda de Calor e Baixa Umidade,Principal: 11 dummies,12,143,Inadimplência → desastres,8,1.7892195524302377,0.08702321579394544,0.3211624954345973,0.0005989937313208263,8,107,135,0.9036802646248555,True,0.3402910252736176
Total (2013–2024),Tipologia | Onda de Calor e Baixa Umidade,Tipologia,Onda de Calor e Baixa Umidade,Principal: 11 dummies,12,143,Desastres → inadimplência,9,1.8585846307777374,0.06642480717260794,0.2947544369885833,0.0007295067750401388,9,104,134,0.9208087744509987,True,0.4855614559401165
Total (2013–2024),Tipologia | Onda de Calor e Baixa Umidade,Tipologia,Onda de Calor e Baixa Umidade,Principal: 11 dummies,12,143,Inadimplência → desastres,9,1.6691554340384602,0.10578550364223539,0.33647284326537974,0.002819575411930422,9,104,134,0.9208087744509987,True,0.3659838503925786
Total (2013–2024),Tipologia | Onda de Calor e Baixa Umidade,Tipologia,Onda de Calor e Baixa Umidade,Principal: 11 dummies,12,143,Desastres → inadimplência,10,1.6911527527429606,0.0929223278157262,0.40265089651713815,0.009227747594732265,10,101,133,0.9244609828958549,True,0.543788638138664
Total (2013–2024),Tipologia | Onda de Calor e Baixa Umidade,Tipologia,Onda de Calor e Baixa Umidade,Principal: 11 dummies,12,143,Inadimplência → desastres,10,1.4083739322173565,0.1873152188646103,0.559902575660531,0.007124033420287981,10,101,133,0.9244609828958549,True,0.4602542937454006
Total (2013–2024),Tipologia | Onda de Calor e Baixa Umidade,Tipologia,Onda de Calor e Baixa Umidade,Principal: 11 dummies,12,143,Desastres → inadimplência,11,1.7027495438495006,0.08375723670431788,0.37842574216187913,0.0024225413207629816,11,98,132,0.924732740604683,True,0.5310609721939257
Total (2013–2024),Tipologia | Onda de Calor e Baixa Umidade,Tipologia,Onda de Calor e Baixa Umidade,Principal: 11 dummies,12,143,Inadimplência → desastres,11,1.339695017537813,0.21449283020287951,0.6517988138085524,0.00044285747953709624,11,98,132,0.924732740604683,True,0.49015729022595866
Total (2013–2024),Tipologia | Onda de Calor e Baixa Umidade,Tipologia,Onda de Calor e Baixa Umidade,Principal: 11 dummies,12,143,Desastres → inadimplência,12,1.4352959949047666,0.1636358546034173,0.5166480118315273,0.0064688042505707324,12,95,131,0.932596305505446,True,0.6353702755677774
Total (2013–2024),Tipologia | Onda de Calor e Baixa Umidade,Tipologia,Onda de Calor e Baixa Umidade,Principal: 11 dummies,12,143,Inadimplência → desastres,12,1.3106060820808518,0.22540716215596793,0.7108585443471604,0.00171377250639496,12,95,131,0.932596305505446,True,0.5071893370482949
Total (2013–2024),Tipologia | Onda de Calor e Baixa Umidade,Tipologia,Onda de Calor e Baixa Umidade,Comparação: sem dummies,12,143,Desastres → inadimplência,1,0.09214018177147232,0.7619276636726328,0.7883450955226035,0.6721807635127935,1,139,142,0.423765457700124,True,0.9461996113825728
Total (2013–2024),Tipologia | Onda de Calor e Baixa Umidade,Tipologia,Onda de Calor e Baixa Umidade,Comparação: sem dummies,12,143,Inadimplência → desastres,1,1.1376440016264493,0.28799978663270365,0.5562140672608461,0.3924906119981667,1,139,142,0.423765457700124,True,0.5607472481166349
Total (2013–2024),Tipologia | Onda de Calor e Baixa Umidade,Tipologia,Onda de Calor e Baixa Umidade,Comparação: sem dummies,12,143,Desastres → inadimplência,2,0.028136890411371136,0.9722609234261548,0.9816479391465927,0.951652437411223,2,136,141,0.4634904998739263,True,0.9985501563829594
Total (2013–2024),Tipologia | Onda de Calor e Baixa Umidade,Tipologia,Onda de Calor e Baixa Umidade,Comparação: sem dummies,12,143,Inadimplência → desastres,2,0.9460951843842949,0.3907942733531603,0.6329640331581423,0.6669534883273638,2,136,141,0.4634904998739263,True,0.6481640287000038
Total (2013–2024),Tipologia | Onda de Calor e Baixa Umidade,Tipologia,Onda de Calor e Baixa Umidade,Comparação: sem dummies,12,143,Desastres → inadimplência,3,0.7504820365483214,0.5239261682226748,0.5859098916797789,0.24932658760132875,3,133,140,0.7228531650148226,True,0.8832540572341134
Total (2013–2024),Tipologia | Onda de Calor e Baixa Umidade,Tipologia,Onda de Calor e Baixa Umidade,Comparação: sem dummies,12,143,Inadimplência → desastres,3,1.5872482518502822,0.195462520901385,0.45982126619839947,0.4198645713912019,3,133,140,0.7228531650148226,True,0.4689730068263471
Total (2013–2024),Tipologia | Onda de Calor e Baixa Umidade,Tipologia,Onda de Calor e Baixa Umidade,Comparação: sem dummies,12,143,Desastres → inadimplência,4,1.9901453920730012,0.09976820989928932,0.1745394589702688,0.005287230482911321,4,130,139,0.7688206464025067,True,0.543788638138664
Total (2013–2024),Tipologia | Onda de Calor e Baixa Umidade,Tipologia,Onda de Calor e Baixa Umidade,Comparação: sem dummies,12,143,Inadimplência → desastres,4,4.687519014966491,0.0014456789663569857,0.25661375127714336,0.002906370072061691,4,130,139,0.7688206464025067,True,0.0903549353973116
Total (2013–2024),Tipologia | Onda de Calor e Baixa Umidade,Tipologia,Onda de Calor e Baixa Umidade,Comparação: sem dummies,12,143,Desastres → inadimplência,5,2.281391176785528,0.05037947520447789,0.058745519125873086,0.0010247704008331962,5,127,138,0.8491686003097777,True,0.46433405820221224
Total (2013–2024),Tipologia | Onda de Calor e Baixa Umidade,Tipologia,Onda de Calor e Baixa Umidade,Comparação: sem dummies,12,143,Inadimplência → desastres,5,4.912130566818759,0.0003828945321299895,0.26492566612291485,0.0003552919640534346,5,127,138,0.8491686003097777,True,0.06739057631552649
Total (2013–2024),Tipologia | Onda de Calor e Baixa Umidade,Tipologia,Onda de Calor e Baixa Umidade,Comparação: sem dummies,12,143,Desastres → inadimplência,6,4.23717237542472,0.0006475951727825629,0.0012026471325418423,2.5249193614958864e-10,6,124,137,0.9397785364085983,True,0.24297138248024852
Total (2013–2024),Tipologia | Onda de Calor e Baixa Umidade,Tipologia,Onda de Calor e Baixa Umidade,Comparação: sem dummies,12,143,Inadimplência → desastres,6,4.384023470934025,0.0004734280628399238,0.2439007167446918,0.0004434118989777601,6,124,137,0.9397785364085983,True,0.06739057631552649
Total (2013–2024),Tipologia | Onda de Calor e Baixa Umidade,Tipologia,Onda de Calor e Baixa Umidade,Comparação: sem dummies,12,143,Desastres → inadimplência,7,2.5812821167642968,0.016256426831349344,0.02842551909498565,0.0013388886759086618,7,121,136,0.9430149604726753,True,0.3175083365497919
Total (2013–2024),Tipologia | Onda de Calor e Baixa Umidade,Tipologia,Onda de Calor e Baixa Umidade,Comparação: sem dummies,12,143,Inadimplência → desastres,7,3.522524862062952,0.0017775901056974069,0.4097940670617474,0.0001659913256830381,7,121,136,0.9430149604726753,True,0.09297201274579898
Total (2013–2024),Tipologia | Onda de Calor e Baixa Umidade,Tipologia,Onda de Calor e Baixa Umidade,Comparação: sem dummies,12,143,Desastres → inadimplência,8,2.847249897977991,0.006285260876565103,0.02302834688157635,0.002180460290549011,8,118,135,0.9445041853993269,True,0.2618858698568793
Total (2013–2024),Tipologia | Onda de Calor e Baixa Umidade,Tipologia,Onda de Calor e Baixa Umidade,Comparação: sem dummies,12,143,Inadimplência → desastres,8,2.7571551400557044,0.007916486083307979,0.39837693826549275,0.00014671623008864044,8,118,135,0.9445041853993269,True,0.15132266109471237
Total (2013–2024),Tipologia | Onda de Calor e Baixa Umidade,Tipologia,Onda de Calor e Baixa Umidade,Comparação: sem dummies,12,143,Desastres → inadimplência,9,2.663636010608842,0.007633908413659565,0.054073599418328885,0.004345686772157658,9,115,134,0.9553548153277882,True,0.28916319748710473
Total (2013–2024),Tipologia | Onda de Calor e Baixa Umidade,Tipologia,Onda de Calor e Baixa Umidade,Comparação: sem dummies,12,143,Inadimplência → desastres,9,2.0368176192659244,0.041217256249431886,0.551156713806133,0.000163869951759661,9,115,134,0.9553548153277882,True,0.24305689147570378
Total (2013–2024),Tipologia | Onda de Calor e Baixa Umidade,Tipologia,Onda de Calor e Baixa Umidade,Comparação: sem dummies,12,143,Desastres → inadimplência,10,2.8105394663240633,0.0038114088736240894,0.03819432538847234,0.0003267647962214279,10,112,133,0.9668224514424446,True,0.24297138248024852
Total (2013–2024),Tipologia | Onda de Calor e Baixa Umidade,Tipologia,Onda de Calor e Baixa Umidade,Comparação: sem dummies,12,143,Inadimplência → desastres,10,1.6263967803702406,0.10800033192365308,0.7115550256657704,0.000870282856460677,10,112,133,0.9668224514424446,True,0.3698641504234695
Total (2013–2024),Tipologia | Onda de Calor e Baixa Umidade,Tipologia,Onda de Calor e Baixa Umidade,Comparação: sem dummies,12,143,Desastres → inadimplência,11,2.6496326264845953,0.004817477616861344,0.06341656599544969,0.00021399256444473887,11,109,132,0.9753377911198835,True,0.24297138248024852
Total (2013–2024),Tipologia | Onda de Calor e Baixa Umidade,Tipologia,Onda de Calor e Baixa Umidade,Comparação: sem dummies,12,143,Inadimplência → desastres,11,1.5445825338262904,0.12599483781506501,0.782091611877762,0.0022010254279205207,11,109,132,0.9753377911198835,True,0.38239974695218304
Total (2013–2024),Tipologia | Onda de Calor e Baixa Umidade,Tipologia,Onda de Calor e Baixa Umidade,Comparação: sem dummies,12,143,Desastres → inadimplência,12,2.3200073271794666,0.01126693783307394,0.08143140773025187,0.00038248757417375605,12,106,131,0.9764165758227484,True,0.30598466858609275
Total (2013–2024),Tipologia | Onda de Calor e Baixa Umidade,Tipologia,Onda de Calor e Baixa Umidade,Comparação: sem dummies,12,143,Inadimplência → desastres,12,1.5826408351920087,0.10762850132657653,0.7045223928032275,0.003974462006487835,12,106,131,0.9764165758227484,True,0.3696033699401666
Total (2013–2024),Tipologia | Onda de Calor e Baixa Umidade,Tipologia,Onda de Calor e Baixa Umidade,Robustez: diferença sazonal,12,131,Desastres → inadimplência,1,0.1670589536234575,0.6834273339422952,0.6520167136981846,0.5023670819191802,1,127,130,0.513672650470973,True,0.9235504512733719
Total (2013–2024),Tipologia | Onda de Calor e Baixa Umidade,Tipologia,Onda de Calor e Baixa Umidade,Robustez: diferença sazonal,12,131,Inadimplência → desastres,1,0.1249898268392277,0.7242705924049289,0.7945255958333257,0.7142052440223019,1,127,130,0.513672650470973,True,0.8521142522128935
Total (2013–2024),Tipologia | Onda de Calor e Baixa Umidade,Tipologia,Onda de Calor e Baixa Umidade,Robustez: diferença sazonal,12,131,Desastres → inadimplência,2,0.26904965420837923,0.764550220073952,0.7034714428625233,0.6638448819633833,2,124,129,0.6555293532295265,True,0.9461996113825728
Total (2013–2024),Tipologia | Onda de Calor e Baixa Umidade,Tipologia,Onda de Calor e Baixa Umidade,Robustez: diferença sazonal,12,131,Inadimplência → desastres,2,0.38394105780383403,0.6819784999131078,0.7116942843535272,0.7525804579250769,2,124,129,0.6555293532295265,True,0.8324932860267429
Total (2013–2024),Tipologia | Onda de Calor e Baixa Umidade,Tipologia,Onda de Calor e Baixa Umidade,Robustez: diferença sazonal,12,131,Desastres → inadimplência,3,0.21302204646615097,0.8872154128224193,0.8408143686357719,0.7333995241809941,3,121,128,0.7547012910798094,True,0.976515560155759
Total (2013–2024),Tipologia | Onda de Calor e Baixa Umidade,Tipologia,Onda de Calor e Baixa Umidade,Robustez: diferença sazonal,12,131,Inadimplência → desastres,3,1.8332667917622179,0.1447100090093535,0.15256684321958153,0.0013046434755203062,3,121,128,0.7547012910798094,True,0.4101757624981675
Total (2013–2024),Tipologia | Onda de Calor e Baixa Umidade,Tipologia,Onda de Calor e Baixa Umidade,Robustez: diferença sazonal,12,131,Desastres → inadimplência,4,1.8837630434737707,0.11778538668264514,0.053325554757133325,0.01613263624670818,4,118,127,0.7544825719024452,True,0.549372139378009
Total (2013–2024),Tipologia | Onda de Calor e Baixa Umidade,Tipologia,Onda de Calor e Baixa Umidade,Robustez: diferença sazonal,12,131,Inadimplência → desastres,4,1.8400882990022902,0.12569562427783706,0.1870798530411694,0.00033292501866060754,4,118,127,0.7544825719024452,True,0.38239974695218304
Total (2013–2024),Tipologia | Onda de Calor e Baixa Umidade,Tipologia,Onda de Calor e Baixa Umidade,Robustez: diferença sazonal,12,131,Desastres → inadimplência,5,1.5175909403024654,0.18972475664252145,0.09350217077135028,2.3547916131391116e-05,5,115,126,0.8378809801040651,True,0.6582843187836338
Total (2013–2024),Tipologia | Onda de Calor e Baixa Umidade,Tipologia,Onda de Calor e Baixa Umidade,Robustez: diferença sazonal,12,131,Inadimplência → desastres,5,2.792409023383966,0.02033707107186622,0.13874607806153105,0.004181216034262597,5,115,126,0.8378809801040651,True,0.17902351295656882
Total (2013–2024),Tipologia | Onda de Calor e Baixa Umidade,Tipologia,Onda de Calor e Baixa Umidade,Robustez: diferença sazonal,12,131,Desastres → inadimplência,6,1.5988295150917768,0.15399259451324937,0.06274575190551483,1.78602279919956e-05,6,112,125,0.8371507296432866,True,0.6249699452648108
Total (2013–2024),Tipologia | Onda de Calor e Baixa Umidade,Tipologia,Onda de Calor e Baixa Umidade,Robustez: diferença sazonal,12,131,Inadimplência → desastres,6,2.4651931672373824,0.02814455398078371,0.10125080351078836,0.005892083267835203,6,112,125,0.8371507296432866,True,0.20573504371917917
Total (2013–2024),Tipologia | Onda de Calor e Baixa Umidade,Tipologia,Onda de Calor e Baixa Umidade,Robustez: diferença sazonal,12,131,Desastres → inadimplência,7,1.8493466063720672,0.08502400478736204,0.11263758868072023,3.2244625023629417e-06,7,109,124,0.8452468994568652,True,0.5310609721939257
Total (2013–2024),Tipologia | Onda de Calor e Baixa Umidade,Tipologia,Onda de Calor e Baixa Umidade,Robustez: diferença sazonal,12,131,Inadimplência → desastres,7,2.1134529490177605,0.04798111377871148,0.1655301578759975,0.005830668069674474,7,109,124,0.8452468994568652,True,0.2538127077770089
Total (2013–2024),Tipologia | Onda de Calor e Baixa Umidade,Tipologia,Onda de Calor e Baixa Umidade,Robustez: diferença sazonal,12,131,Desastres → inadimplência,8,1.939706545943017,0.061444080769879866,0.06493245920578905,6.245676448611684e-07,8,106,123,0.8783590324110747,True,0.48109404000454004
Total (2013–2024),Tipologia | Onda de Calor e Baixa Umidade,Tipologia,Onda de Calor e Baixa Umidade,Robustez: diferença sazonal,12,131,Inadimplência → desastres,8,1.5680624551219273,0.14310094970559473,0.22394356133915788,0.009253814949474479,8,106,123,0.8783590324110747,True,0.40839312130592104
Total (2013–2024),Tipologia | Onda de Calor e Baixa Umidade,Tipologia,Onda de Calor e Baixa Umidade,Robustez: diferença sazonal,12,131,Desastres → inadimplência,9,2.6277791690222507,0.008895772162987472,0.027712947131318867,1.1516602993517149e-10,9,103,122,0.898080638192636,True,0.30598466858609275
Total (2013–2024),Tipologia | Onda de Calor e Baixa Umidade,Tipologia,Onda de Calor e Baixa Umidade,Robustez: diferença sazonal,12,131,Inadimplência → desastres,9,1.4053469204723872,0.1954557889796173,0.3519303462686028,0.03772422477080314,9,103,122,0.898080638192636,True,0.4689730068263471
Total (2013–2024),Tipologia | Onda de Calor e Baixa Umidade,Tipologia,Onda de Calor e Baixa Umidade,Robustez: diferença sazonal,12,131,Desastres → inadimplência,10,2.4303580750690177,0.012315980188125533,0.05750905294816923,5.976414596704444e-08,10,100,121,0.9245310556647687,True,0.3175083365497919
Total (2013–2024),Tipologia | Onda de Calor e Baixa Umidade,Tipologia,Onda de Calor e Baixa Umidade,Robustez: diferença sazonal,12,131,Inadimplência → desastres,10,1.2726642372923518,0.2561077056179787,0.334434988759266,0.027546086795927783,10,100,121,0.9245310556647687,True,0.5406117360234499
Total (2013–2024),Tipologia | Onda de Calor e Baixa Umidade,Tipologia,Onda de Calor e Baixa Umidade,Robustez: diferença sazonal,12,131,Desastres → inadimplência,11,2.4126685098920784,0.010731546558313595,0.03376222185887167,2.5220336878154147e-08,11,97,120,0.9464126353649991,True,0.30598466858609275
Total (2013–2024),Tipologia | Onda de Calor e Baixa Umidade,Tipologia,Onda de Calor e Baixa Umidade,Robustez: diferença sazonal,12,131,Inadimplência → desastres,11,0.8422066791911988,0.5987232289790785,0.6053293954262938,0.1903999599163526,11,97,120,0.9464126353649991,True,0.7795481515818052
Total (2013–2024),Tipologia | Onda de Calor e Baixa Umidade,Tipologia,Onda de Calor e Baixa Umidade,Robustez: diferença sazonal,12,131,Desastres → inadimplência,12,1.4631905558448588,0.15218553816407918,0.28749462369458245,3.958309099350429e-06,12,94,119,0.9693628643259835,True,0.6249699452648108
Total (2013–2024),Tipologia | Onda de Calor e Baixa Umidade,Tipologia,Onda de Calor e Baixa Umidade,Robustez: diferença sazonal,12,131,Inadimplência → desastres,12,0.816354658232018,0.6331126380373613,0.7081286063395247,0.025117422570676798,12,94,119,0.9693628643259835,True,0.8008325447621176
Total (2013–2024),Tipologia | Onda de Frio,Tipologia,Onda de Frio,Principal: 11 dummies,12,143,Desastres → inadimplência,1,2.3475505737971054,0.12794790146592097,0.103353250441594,0.022896087117287092,1,128,142,0.456074350092898,True,0.5711959886871472
Total (2013–2024),Tipologia | Onda de Frio,Tipologia,Onda de Frio,Principal: 11 dummies,12,143,Inadimplência → desastres,1,0.4399067602763551,0.5083601820058206,0.5173666435797145,0.2789101183472643,1,128,142,0.456074350092898,True,0.7278925859189871
Total (2013–2024),Tipologia | Onda de Frio,Tipologia,Onda de Frio,Principal: 11 dummies,12,143,Desastres → inadimplência,2,1.3305210160234802,0.2680567504196684,0.21221289833577217,0.07798206749585596,2,125,141,0.6627966249927963,True,0.7485099092804823
Total (2013–2024),Tipologia | Onda de Frio,Tipologia,Onda de Frio,Principal: 11 dummies,12,143,Inadimplência → desastres,2,0.060333227938698816,0.9414781621665322,0.9402310107283786,0.8486535316165502,2,125,141,0.6627966249927963,True,0.9698518627109822
Total (2013–2024),Tipologia | Onda de Frio,Tipologia,Onda de Frio,Principal: 11 dummies,12,143,Desastres → inadimplência,3,0.717133623866678,0.5435928727886896,0.6021900105402304,0.29940616881096666,3,122,140,0.7513093370049388,True,0.8980501543719078
Total (2013–2024),Tipologia | Onda de Frio,Tipologia,Onda de Frio,Principal: 11 dummies,12,143,Inadimplência → desastres,3,0.6857635866397231,0.5624101467255169,0.5972105775841794,0.4895412214118695,3,122,140,0.7513093370049388,True,0.7617488551447619
Total (2013–2024),Tipologia | Onda de Frio,Tipologia,Onda de Frio,Principal: 11 dummies,12,143,Desastres → inadimplência,4,0.5018852167409308,0.7343919223484354,0.8356594816598266,0.45306840742731347,4,119,139,0.7698279205711859,True,0.9348339416842002
Total (2013–2024),Tipologia | Onda de Frio,Tipologia,Onda de Frio,Principal: 11 dummies,12,143,Inadimplência → desastres,4,0.49916685084287177,0.7363753020131807,0.6905105046670675,0.33393185363963657,4,119,139,0.7698279205711859,True,0.8567683834729264
Total (2013–2024),Tipologia | Onda de Frio,Tipologia,Onda de Frio,Principal: 11 dummies,12,143,Desastres → inadimplência,5,0.6855370749152776,0.6353161655406607,0.7524491190993885,0.4265286624970037,5,116,138,0.7680431533642901,True,0.9168999854112312
Total (2013–2024),Tipologia | Onda de Frio,Tipologia,Onda de Frio,Principal: 11 dummies,12,143,Inadimplência → desastres,5,0.3322357904472975,0.8925833786885038,0.8463029926540112,0.23330621371110763,5,116,138,0.7680431533642901,True,0.9439333530969795
Total (2013–2024),Tipologia | Onda de Frio,Tipologia,Onda de Frio,Principal: 11 dummies,12,143,Desastres → inadimplência,6,0.5029338258061989,0.8050341938177719,0.8933492425689029,0.5853332332931952,6,113,137,0.8061529219619147,True,0.9578109280787415
Total (2013–2024),Tipologia | Onda de Frio,Tipologia,Onda de Frio,Principal: 11 dummies,12,143,Inadimplência → desastres,6,0.20130547566810486,0.9757564860585832,0.9552551614166122,0.522640274524026,6,113,137,0.8061529219619147,True,0.9876077794115214
Total (2013–2024),Tipologia | Onda de Frio,Tipologia,Onda de Frio,Principal: 11 dummies,12,143,Desastres → inadimplência,7,0.5363244492401695,0.8053274283286058,0.926118101557055,0.5279833964808702,7,110,136,0.8166781057800286,True,0.9578109280787415
Total (2013–2024),Tipologia | Onda de Frio,Tipologia,Onda de Frio,Principal: 11 dummies,12,143,Inadimplência → desastres,7,0.31071325084294105,0.9477994377726398,0.8641213142084623,0.1468184619025201,7,110,136,0.8166781057800286,True,0.9734998333737056
Total (2013–2024),Tipologia | Onda de Frio,Tipologia,Onda de Frio,Principal: 11 dummies,12,143,Desastres → inadimplência,8,1.2621019272133702,0.27105228610575094,0.5486721596607507,0.015666614429371502,8,107,135,0.8831907657148259,True,0.7485099092804823
Total (2013–2024),Tipologia | Onda de Frio,Tipologia,Onda de Frio,Principal: 11 dummies,12,143,Inadimplência → desastres,8,0.34978660096749414,0.9440498223580239,0.8446440945944493,0.03687648544336979,8,107,135,0.8831907657148259,True,0.9712446732078436
Total (2013–2024),Tipologia | Onda de Frio,Tipologia,Onda de Frio,Principal: 11 dummies,12,143,Desastres → inadimplência,9,1.0930787887518967,0.37437691807270523,0.7158349150818952,0.05594794841617711,9,104,134,0.8825859530837218,True,0.8106874740653794
Total (2013–2024),Tipologia | Onda de Frio,Tipologia,Onda de Frio,Principal: 11 dummies,12,143,Inadimplência → desastres,9,0.35419318172917175,0.953813735715183,0.8793851932939588,0.0344288524470857,9,104,134,0.8825859530837218,True,0.9764677884062071
Total (2013–2024),Tipologia | Onda de Frio,Tipologia,Onda de Frio,Principal: 11 dummies,12,143,Desastres → inadimplência,10,0.9478435988040486,0.4934644072885721,0.8265709616268473,0.11364191010042304,10,101,133,0.9023575343342806,True,0.8734538993045402
Total (2013–2024),Tipologia | Onda de Frio,Tipologia,Onda de Frio,Principal: 11 dummies,12,143,Inadimplência → desastres,10,0.5054853634773396,0.8826648236888988,0.8545151524376895,0.0026316609701697176,10,101,133,0.9023575343342806,True,0.9384636849939987
Total (2013–2024),Tipologia | Onda de Frio,Tipologia,Onda de Frio,Principal: 11 dummies,12,143,Desastres → inadimplência,11,0.8197888788883158,0.6204497947686443,0.8868691924249277,0.13916109803222898,11,98,132,0.9092081667532415,True,0.9168999854112312
Total (2013–2024),Tipologia | Onda de Frio,Tipologia,Onda de Frio,Principal: 11 dummies,12,143,Inadimplência → desastres,11,0.7074563696796492,0.7287549444585343,0.9164098897044564,0.041895791561105775,11,98,132,0.9092081667532415,True,0.8533362357618064
Total (2013–2024),Tipologia | Onda de Frio,Tipologia,Onda de Frio,Principal: 11 dummies,12,143,Desastres → inadimplência,12,1.0144827642580254,0.44212116965255166,0.6418384373968877,0.0015766754036917903,12,95,131,0.938188807007748,True,0.8515430848469793
Total (2013–2024),Tipologia | Onda de Frio,Tipologia,Onda de Frio,Principal: 11 dummies,12,143,Inadimplência → desastres,12,0.7596349528736126,0.689752363766156,0.8672643422787942,0.021902786839066823,12,95,131,0.938188807007748,True,0.8370781113666942
Total (2013–2024),Tipologia | Onda de Frio,Tipologia,Onda de Frio,Comparação: sem dummies,12,143,Desastres → inadimplência,1,0.24003226648511033,0.6249551869761863,0.5817672864538265,0.558514391571445,1,139,142,0.1790932753730803,True,0.9168999854112312
Total (2013–2024),Tipologia | Onda de Frio,Tipologia,Onda de Frio,Comparação: sem dummies,12,143,Inadimplência → desastres,1,2.250683095236996,0.13582342901251537,0.13418393925159977,0.1181006402414893,1,139,142,0.1790932753730803,True,0.3948778925440355
Total (2013–2024),Tipologia | Onda de Frio,Tipologia,Onda de Frio,Comparação: sem dummies,12,143,Desastres → inadimplência,2,0.32051596435925755,0.7263211849973734,0.6176218273576821,0.4360562189098673,2,136,141,0.5497773905290123,True,0.9299407173443379
Total (2013–2024),Tipologia | Onda de Frio,Tipologia,Onda de Frio,Comparação: sem dummies,12,143,Inadimplência → desastres,2,1.6729953698985214,0.19152315372600706,0.288156410147755,0.3155419122988575,2,136,141,0.5497773905290123,True,0.46429317362930544
Total (2013–2024),Tipologia | Onda de Frio,Tipologia,Onda de Frio,Comparação: sem dummies,12,143,Desastres → inadimplência,3,0.27122597347564054,0.8460586472861548,0.6498415038329262,0.26310065702679675,3,133,140,0.7451861328348222,True,0.968352386648868
Total (2013–2024),Tipologia | Onda de Frio,Tipologia,Onda de Frio,Comparação: sem dummies,12,143,Inadimplência → desastres,3,1.35897419665861,0.25816850922614354,0.30772476203920823,0.3689051160367253,3,133,140,0.7451861328348222,True,0.5408515109610756
Total (2013–2024),Tipologia | Onda de Frio,Tipologia,Onda de Frio,Comparação: sem dummies,12,143,Desastres → inadimplência,4,0.39883219741577036,0.8091951236344231,0.7310355471558674,0.06793464496352944,4,130,139,0.7482292815141252,True,0.9596716361888321
Total (2013–2024),Tipologia | Onda de Frio,Tipologia,Onda de Frio,Comparação: sem dummies,12,143,Inadimplência → desastres,4,1.5569394869492745,0.18967525547867978,0.35287830337553516,0.36664680839284775,4,130,139,0.7482292815141252,True,0.4621716751429819
Total (2013–2024),Tipologia | Onda de Frio,Tipologia,Onda de Frio,Comparação: sem dummies,12,143,Desastres → inadimplência,5,1.9239187991598536,0.09479726476821929,0.1130892115952863,1.5554742292751576e-06,5,127,138,0.8157910991843506,True,0.543788638138664
Total (2013–2024),Tipologia | Onda de Frio,Tipologia,Onda de Frio,Comparação: sem dummies,12,143,Inadimplência → desastres,5,1.2601233976409303,0.2852755805249153,0.4995559933183692,0.3334650628660047,5,127,138,0.8157910991843506,True,0.5607472481166349
Total (2013–2024),Tipologia | Onda de Frio,Tipologia,Onda de Frio,Comparação: sem dummies,12,143,Desastres → inadimplência,6,1.8189292212402497,0.10063314275413332,0.0938102569061408,6.640019793421353e-07,6,124,137,0.9167678814187321,True,0.543788638138664
Total (2013–2024),Tipologia | Onda de Frio,Tipologia,Onda de Frio,Comparação: sem dummies,12,143,Inadimplência → desastres,6,1.374638824982455,0.2299738854739693,0.5521735529616472,0.13919983377043357,6,124,137,0.9167678814187321,True,0.5090840908045676
Total (2013–2024),Tipologia | Onda de Frio,Tipologia,Onda de Frio,Comparação: sem dummies,12,143,Desastres → inadimplência,7,1.3526331789847057,0.23167753523115847,0.31118590171279487,0.0005882290864202339,7,121,136,0.9349178116759941,True,0.7132294285430795
Total (2013–2024),Tipologia | Onda de Frio,Tipologia,Onda de Frio,Comparação: sem dummies,12,143,Inadimplência → desastres,7,1.6610257614403614,0.12493149196044412,0.3947126211109868,0.002086113087237484,7,121,136,0.9349178116759941,True,0.38239974695218304
Total (2013–2024),Tipologia | Onda de Frio,Tipologia,Onda de Frio,Comparação: sem dummies,12,143,Desastres → inadimplência,8,1.6229714941926938,0.12537582276314163,0.23956035736848436,0.0006744783493870671,8,118,135,0.9346782933541621,True,0.5678252842533589
Total (2013–2024),Tipologia | Onda de Frio,Tipologia,Onda de Frio,Comparação: sem dummies,12,143,Inadimplência → desastres,8,1.6656373816949592,0.11390018529846005,0.5342695012468632,0.0022963287017755767,8,118,135,0.9346782933541621,True,0.37368827197657495
Total (2013–2024),Tipologia | Onda de Frio,Tipologia,Onda de Frio,Comparação: sem dummies,12,143,Desastres → inadimplência,9,1.8202890938149467,0.07177068852577516,0.15730439053721867,2.2793269272962387e-05,9,115,134,0.9392774547349925,True,0.5068551449560392
Total (2013–2024),Tipologia | Onda de Frio,Tipologia,Onda de Frio,Comparação: sem dummies,12,143,Inadimplência → desastres,9,1.0802060339888502,0.38274518679413916,0.6814055998453339,0.0002610136801905019,9,115,134,0.9392774547349925,True,0.6409686395963462
Total (2013–2024),Tipologia | Onda de Frio,Tipologia,Onda de Frio,Comparação: sem dummies,12,143,Desastres → inadimplência,10,1.7171929587098498,0.0853033606494533,0.17306855540007143,4.0708967698088156e-05,10,112,133,0.9490534287116216,True,0.5310609721939257
Total (2013–2024),Tipologia | Onda de Frio,Tipologia,Onda de Frio,Comparação: sem dummies,12,143,Inadimplência → desastres,10,0.8609643610655834,0.5717314381618666,0.8114117760611571,0.003132153503148629,10,112,133,0.9490534287116216,True,0.767943463773648
Total (2013–2024),Tipologia | Onda de Frio,Tipologia,Onda de Frio,Comparação: sem dummies,12,143,Desastres → inadimplência,11,1.5792381727500713,0.11487418513644215,0.22772637090714976,0.00012244307928674004,11,109,132,0.9519260571116069,True,0.5453141538059578
Total (2013–2024),Tipologia | Onda de Frio,Tipologia,Onda de Frio,Comparação: sem dummies,12,143,Inadimplência → desastres,11,0.8755617042556072,0.5663299862865467,0.8939396513558127,0.021797503058989372,11,109,132,0.9519260571116069,True,0.7642730696822214
Total (2013–2024),Tipologia | Onda de Frio,Tipologia,Onda de Frio,Comparação: sem dummies,12,143,Desastres → inadimplência,12,1.4928736669166494,0.13814247877977637,0.2677255645211946,3.7842348985698376e-08,12,106,131,0.9715813179884618,True,0.6016658483439737
Total (2013–2024),Tipologia | Onda de Frio,Tipologia,Onda de Frio,Comparação: sem dummies,12,143,Inadimplência → desastres,12,0.9760416203854427,0.47637951030447734,0.8349667490040208,0.03368760885417112,12,106,131,0.9715813179884618,True,0.7058789995099864
Total (2013–2024),Tipologia | Onda de Frio,Tipologia,Onda de Frio,Robustez: diferença sazonal,12,131,Desastres → inadimplência,1,3.0696358605219447,0.08218102224897791,0.04665462012199022,0.01361529096631231,1,127,130,0.5133345507928253,True,0.5310609721939257
Total (2013–2024),Tipologia | Onda de Frio,Tipologia,Onda de Frio,Robustez: diferença sazonal,12,131,Inadimplência → desastres,1,0.2377544511379424,0.6266733538783968,0.7141029480379667,0.477782776551937,1,127,130,0.5133345507928253,True,0.7950245430338984
Total (2013–2024),Tipologia | Onda de Frio,Tipologia,Onda de Frio,Robustez: diferença sazonal,12,131,Desastres → inadimplência,2,1.899640307327426,0.15395121162182965,0.038263072446552415,0.00973114991619537,2,124,129,0.6556588662078305,True,0.6249699452648108
Total (2013–2024),Tipologia | Onda de Frio,Tipologia,Onda de Frio,Robustez: diferença sazonal,12,131,Inadimplência → desastres,2,0.05087415397351859,0.9504180933219425,0.9465919936366859,0.8773197758397671,2,124,129,0.6556588662078305,True,0.9748642809609824
Total (2013–2024),Tipologia | Onda de Frio,Tipologia,Onda de Frio,Robustez: diferença sazonal,12,131,Desastres → inadimplência,3,1.2082772624886966,0.30974447168494684,0.10383761049958566,0.053918161566341535,3,121,128,0.7448472192099511,True,0.7767560045564231
Total (2013–2024),Tipologia | Onda de Frio,Tipologia,Onda de Frio,Robustez: diferença sazonal,12,131,Inadimplência → desastres,3,2.1104494875073176,0.10242863847308901,0.13226928737291974,0.056355186125106024,3,121,128,0.7448472192099511,True,0.3616830454558228
Total (2013–2024),Tipologia | Onda de Frio,Tipologia,Onda de Frio,Robustez: diferença sazonal,12,131,Desastres → inadimplência,4,0.7234179531744225,0.5776198369155177,0.3683037458516681,0.11777533540853113,4,118,127,0.7889462875749491,True,0.9093511286453364
Total (2013–2024),Tipologia | Onda de Frio,Tipologia,Onda de Frio,Robustez: diferença sazonal,12,131,Inadimplência → desastres,4,2.4899773612950553,0.04691049560977443,0.1550518890944007,0.06102548329939994,4,118,127,0.7889462875749491,True,0.2533951271404172
Total (2013–2024),Tipologia | Onda de Frio,Tipologia,Onda de Frio,Robustez: diferença sazonal,12,131,Desastres → inadimplência,5,0.6508524738258704,0.6614099508979907,0.440343762729115,0.2011133631606412,5,115,126,0.782074379148966,True,0.9168999854112312
Total (2013–2024),Tipologia | Onda de Frio,Tipologia,Onda de Frio,Robustez: diferença sazonal,12,131,Inadimplência → desastres,5,1.929345562122973,0.0947347930882007,0.2679542149773343,0.06690003491559782,5,115,126,0.782074379148966,True,0.35169339334534155
Total (2013–2024),Tipologia | Onda de Frio,Tipologia,Onda de Frio,Robustez: diferença sazonal,12,131,Desastres → inadimplência,6,0.44562480992917325,0.8467273268857701,0.6487546492175419,0.28000036400769823,6,112,125,0.8184697440217656,True,0.968352386648868
Total (2013–2024),Tipologia | Onda de Frio,Tipologia,Onda de Frio,Robustez: diferença sazonal,12,131,Inadimplência → desastres,6,1.6111216652807112,0.15052264127487153,0.47409730320059373,0.09158752663828108,6,112,125,0.8184697440217656,True,0.41904966947347305
Total (2013–2024),Tipologia | Onda de Frio,Tipologia,Onda de Frio,Robustez: diferença sazonal,12,131,Desastres → inadimplência,7,0.4651613969428533,0.8578125088372823,0.6613178363164928,0.3371404313057493,7,109,124,0.8083357437424034,True,0.9712551051146766
Total (2013–2024),Tipologia | Onda de Frio,Tipologia,Onda de Frio,Robustez: diferença sazonal,12,131,Inadimplência → desastres,7,1.4533004901789994,0.1916602220741773,0.5942350397745357,0.12518081795393948,7,109,124,0.8083357437424034,True,0.46429317362930544
Total (2013–2024),Tipologia | Onda de Frio,Tipologia,Onda de Frio,Robustez: diferença sazonal,12,131,Desastres → inadimplência,8,1.492614226693984,0.16849767254828452,0.05405502868038488,0.02399771180568062,8,106,123,0.8870890473928036,True,0.6458395860626522
Total (2013–2024),Tipologia | Onda de Frio,Tipologia,Onda de Frio,Robustez: diferença sazonal,12,131,Inadimplência → desastres,8,1.2324001837405578,0.28745620812874606,0.6691999004628466,0.18542120690448166,8,106,123,0.8870890473928036,True,0.5607472481166349
Total (2013–2024),Tipologia | Onda de Frio,Tipologia,Onda de Frio,Robustez: diferença sazonal,12,131,Desastres → inadimplência,9,1.492499933842343,0.16049182808055995,0.08124880679555403,0.002043539321067758,9,103,122,0.9152573227292525,True,0.6319374426847137
Total (2013–2024),Tipologia | Onda de Frio,Tipologia,Onda de Frio,Robustez: diferença sazonal,12,131,Inadimplência → desastres,9,1.7541583315807106,0.0861776903367238,0.7152078565868871,0.005627068303007081,9,103,122,0.9152573227292525,True,0.3402910252736176
Total (2013–2024),Tipologia | Onda de Frio,Tipologia,Onda de Frio,Robustez: diferença sazonal,12,131,Desastres → inadimplência,10,1.3235780193891367,0.22832246171797838,0.1753342454437291,0.00036251204248113845,10,100,121,0.9204825682854615,True,0.7132294285430795
Total (2013–2024),Tipologia | Onda de Frio,Tipologia,Onda de Frio,Robustez: diferença sazonal,12,131,Inadimplência → desastres,10,1.5672891911044178,0.12741735904118634,0.7869023578154725,0.03476939535037176,10,100,121,0.9204825682854615,True,0.3847142483127607
Total (2013–2024),Tipologia | Onda de Frio,Tipologia,Onda de Frio,Robustez: diferença sazonal,12,131,Desastres → inadimplência,11,1.1105742884635634,0.36147459715327557,0.24017293182842966,2.9184268996459883e-05,11,97,120,0.961672166323024,True,0.8083063442604552
Total (2013–2024),Tipologia | Onda de Frio,Tipologia,Onda de Frio,Robustez: diferença sazonal,12,131,Inadimplência → desastres,11,1.801758543382268,0.06386302177060316,0.24493224290478946,8.398898597809936e-06,11,97,120,0.961672166323024,True,0.28408817513613505
Total (2013–2024),Tipologia | Onda de Frio,Tipologia,Onda de Frio,Robustez: diferença sazonal,12,131,Desastres → inadimplência,12,1.1920072793518446,0.30029641007516883,0.27111366043540785,3.074582245024103e-06,12,94,119,0.9804962668534353,True,0.7614006340648297
Total (2013–2024),Tipologia | Onda de Frio,Tipologia,Onda de Frio,Robustez: diferença sazonal,12,131,Inadimplência → desastres,12,1.4876910224076685,0.14252706254449551,0.3235768838768215,4.9320714744686774e-08,12,94,119,0.9804962668534353,True,0.40768610567647456
Total (2013–2024),Tipologia | Outros,Tipologia,Outros,Principal: 11 dummies,12,143,Desastres → inadimplência,1,0.5043507810405616,0.4788864953535233,0.505766059082092,0.45230774281658365,1,128,142,0.45863066707838535,True,0.8688071396108913
Total (2013–2024),Tipologia | Outros,Tipologia,Outros,Principal: 11 dummies,12,143,Inadimplência → desastres,1,0.0011909440579364941,0.9725241807958026,0.9753149571359068,0.9689241571707667,1,128,142,0.45863066707838535,True,0.987534708362919
Total (2013–2024),Tipologia | Outros,Tipologia,Outros,Principal: 11 dummies,12,143,Desastres → inadimplência,2,0.3149419315296171,0.7304086698077356,0.7591909731747505,0.5398041736366479,2,125,141,0.6615556948944519,True,0.9325953393867921
Total (2013–2024),Tipologia | Outros,Tipologia,Outros,Principal: 11 dummies,12,143,Inadimplência → desastres,2,0.8900547653030015,0.41321934782324127,0.4805654612979223,0.12714054734106228,2,125,141,0.6615556948944519,True,0.6629016245449223
Total (2013–2024),Tipologia | Outros,Tipologia,Outros,Principal: 11 dummies,12,143,Desastres → inadimplência,3,0.3724535598129348,0.7730166346396485,0.821191515545606,0.6358399703165496,3,122,140,0.7582707040572096,True,0.9467345000827834
Total (2013–2024),Tipologia | Outros,Tipologia,Outros,Principal: 11 dummies,12,143,Inadimplência → desastres,3,1.62350251728218,0.1874193839274348,0.15000293785861366,0.003861793928433568,3,122,140,0.7582707040572096,True,0.4602542937454006
Total (2013–2024),Tipologia | Outros,Tipologia,Outros,Principal: 11 dummies,12,143,Desastres → inadimplência,4,0.35924811002134216,0.8371566428245936,0.8177658542977264,0.7651545709771769,4,119,139,0.7071492171234092,True,0.9644661783693474
Total (2013–2024),Tipologia | Outros,Tipologia,Outros,Principal: 11 dummies,12,143,Inadimplência → desastres,4,1.2519607630333203,0.2928576829485948,0.3266625169625094,0.01150645518814443,4,119,139,0.7071492171234092,True,0.5621668943154214
Total (2013–2024),Tipologia | Outros,Tipologia,Outros,Principal: 11 dummies,12,143,Desastres → inadimplência,5,0.3372312259778701,0.889462162603434,0.8961157237157389,0.5603769368541028,5,116,138,0.7507674104837316,True,0.976515560155759
Total (2013–2024),Tipologia | Outros,Tipologia,Outros,Principal: 11 dummies,12,143,Inadimplência → desastres,5,0.9610743284719762,0.44473218659667024,0.5992362470088595,0.07407852555958233,5,116,138,0.7507674104837316,True,0.6804348020144894
Total (2013–2024),Tipologia | Outros,Tipologia,Outros,Principal: 11 dummies,12,143,Desastres → inadimplência,6,0.6546346011642443,0.6863068869321594,0.9167646784630216,0.768703423960706,6,113,137,0.8320564954767508,True,0.9254407860466011
Total (2013–2024),Tipologia | Outros,Tipologia,Outros,Principal: 11 dummies,12,143,Inadimplência → desastres,6,0.9110822500879336,0.48971931346080433,0.7445092680281422,0.04669711635642815,6,113,137,0.8320564954767508,True,0.716269053949184
Total (2013–2024),Tipologia | Outros,Tipologia,Outros,Principal: 11 dummies,12,143,Desastres → inadimplência,7,0.6491445288240318,0.7143448603713075,0.961830164478169,0.7476668281122807,7,110,136,0.8243141962856887,True,0.9299407173443379
Total (2013–2024),Tipologia | Outros,Tipologia,Outros,Principal: 11 dummies,12,143,Inadimplência → desastres,7,0.7183553465286798,0.6566038811542855,0.8583191640592669,0.047411195836075615,7,110,136,0.8243141962856887,True,0.8138236763560663
Total (2013–2024),Tipologia | Outros,Tipologia,Outros,Principal: 11 dummies,12,143,Desastres → inadimplência,8,0.5402982210549354,0.8237705626193412,0.9872800863726039,0.842790853677186,8,107,135,0.8352153788797796,True,0.9635776473725449
Total (2013–2024),Tipologia | Outros,Tipologia,Outros,Principal: 11 dummies,12,143,Inadimplência → desastres,8,0.7641779896312065,0.6349328326740797,0.8832539556428541,0.02577068145641667,8,107,135,0.8352153788797796,True,0.8008325447621176
Total (2013–2024),Tipologia | Outros,Tipologia,Outros,Principal: 11 dummies,12,143,Desastres → inadimplência,9,0.5193382305317434,0.857669844238565,0.9914672184604453,0.8190658148774479,9,104,134,0.8329806363585014,True,0.9712551051146766
Total (2013–2024),Tipologia | Outros,Tipologia,Outros,Principal: 11 dummies,12,143,Inadimplência → desastres,9,0.6588369881212071,0.7440966300363221,0.9281819511986149,0.030172116719866058,9,104,134,0.8329806363585014,True,0.8596939379919245
Total (2013–2024),Tipologia | Outros,Tipologia,Outros,Principal: 11 dummies,12,143,Desastres → inadimplência,10,0.5852623521027169,0.822647344620859,0.9714821567398869,0.6796784080328115,10,101,133,0.9083063130267893,True,0.9635776473725449
Total (2013–2024),Tipologia | Outros,Tipologia,Outros,Principal: 11 dummies,12,143,Inadimplência → desastres,10,1.0375951435935309,0.41788987792665233,0.5543655895608623,0.0036966913422854593,10,101,133,0.9083063130267893,True,0.6654297419214209
Total (2013–2024),Tipologia | Outros,Tipologia,Outros,Principal: 11 dummies,12,143,Desastres → inadimplência,11,0.6592470620002191,0.7732927396676175,0.9641508885000267,0.34971273020136306,11,98,132,0.9242098754105887,True,0.9467345000827834
Total (2013–2024),Tipologia | Outros,Tipologia,Outros,Principal: 11 dummies,12,143,Inadimplência → desastres,11,1.1724349150438056,0.3160783996936843,0.4271577629114312,1.4906047945097942e-05,11,98,132,0.9242098754105887,True,0.5819395601026106
Total (2013–2024),Tipologia | Outros,Tipologia,Outros,Principal: 11 dummies,12,143,Desastres → inadimplência,12,0.6022774377081248,0.8353612408293967,0.9774852965466578,0.19525894108418854,12,95,131,0.9201258604205427,True,0.9643340559022312
Total (2013–2024),Tipologia | Outros,Tipologia,Outros,Principal: 11 dummies,12,143,Inadimplência → desastres,12,1.0592175752398438,0.4030956937317828,0.5275443474017121,3.6925656857835855e-07,12,95,131,0.9201258604205427,True,0.6537507449181289
Total (2013–2024),Tipologia | Outros,Tipologia,Outros,Comparação: sem dummies,12,143,Desastres → inadimplência,1,0.27049369005332347,0.6038281328455287,0.5624123163236839,0.5373816383910401,1,139,142,0.38808799262405624,True,0.9148911103720132
Total (2013–2024),Tipologia | Outros,Tipologia,Outros,Comparação: sem dummies,12,143,Inadimplência → desastres,1,0.1050173331874858,0.7463768651232291,0.7663806172452852,0.7648993717898059,1,139,142,0.38808799262405624,True,0.860674429339517
Total (2013–2024),Tipologia | Outros,Tipologia,Outros,Comparação: sem dummies,12,143,Desastres → inadimplência,2,0.17919966779208146,0.8361360329218317,0.8610924167959829,0.8433381555705196,2,136,141,0.5864538039335905,True,0.9643340559022312
Total (2013–2024),Tipologia | Outros,Tipologia,Outros,Comparação: sem dummies,12,143,Inadimplência → desastres,2,0.8629247289665228,0.4242232936930908,0.447899310681076,0.060268783469459124,2,136,141,0.5864538039335905,True,0.6724275668995227
Total (2013–2024),Tipologia | Outros,Tipologia,Outros,Comparação: sem dummies,12,143,Desastres → inadimplência,3,0.38930258234018233,0.7608899412627876,0.7463913818168213,0.5610315897147133,3,133,140,0.7405885329700922,True,0.9461996113825728
Total (2013–2024),Tipologia | Outros,Tipologia,Outros,Comparação: sem dummies,12,143,Inadimplência → desastres,3,0.6728848161271627,0.5701293956244158,0.6020652597310411,0.08389193406449705,3,133,140,0.7405885329700922,True,0.767943463773648
Total (2013–2024),Tipologia | Outros,Tipologia,Outros,Comparação: sem dummies,12,143,Desastres → inadimplência,4,0.465688780706806,0.7608113116035541,0.7506419904087467,0.4189714533710116,4,130,139,0.7119649602757864,True,0.9461996113825728
Total (2013–2024),Tipologia | Outros,Tipologia,Outros,Comparação: sem dummies,12,143,Inadimplência → desastres,4,0.5501272845111109,0.6992507247584512,0.7054437398916459,0.10871769878152,4,130,139,0.7119649602757864,True,0.8404455826423692
Total (2013–2024),Tipologia | Outros,Tipologia,Outros,Comparação: sem dummies,12,143,Desastres → inadimplência,5,0.6237639421360737,0.6819084060196989,0.5978155491381212,0.25555236444699364,5,127,138,0.7920126654165109,True,0.9235504512733719
Total (2013–2024),Tipologia | Outros,Tipologia,Outros,Comparação: sem dummies,12,143,Inadimplência → desastres,5,0.5985426424407263,0.7011102793589565,0.7491490596102489,0.030443261074095004,5,127,138,0.7920126654165109,True,0.8410631950083451
Total (2013–2024),Tipologia | Outros,Tipologia,Outros,Comparação: sem dummies,12,143,Desastres → inadimplência,6,0.7681810998376597,0.5963205537592405,0.7126795638194325,0.35575789866366464,6,124,137,0.9171648912325893,True,0.9143945838643741
Total (2013–2024),Tipologia | Outros,Tipologia,Outros,Comparação: sem dummies,12,143,Inadimplência → desastres,6,0.6288129046420216,0.7069458999402709,0.8487093550814756,0.05981884324413482,6,124,137,0.9171648912325893,True,0.8456309763771824
Total (2013–2024),Tipologia | Outros,Tipologia,Outros,Comparação: sem dummies,12,143,Desastres → inadimplência,7,1.0616172747916963,0.3924403958633694,0.8133058084069266,0.24005912223522108,7,121,136,0.9387806055963752,True,0.8249721520802317
Total (2013–2024),Tipologia | Outros,Tipologia,Outros,Comparação: sem dummies,12,143,Inadimplência → desastres,7,0.5334488406032012,0.8077454219180566,0.922676133851909,0.13295931145555226,7,121,136,0.9387806055963752,True,0.8951079586857897
Total (2013–2024),Tipologia | Outros,Tipologia,Outros,Comparação: sem dummies,12,143,Desastres → inadimplência,8,0.9676455321019771,0.4647147673299704,0.8554396574831029,0.14798833080617274,8,118,135,0.9359796493683608,True,0.8670051629290493
Total (2013–2024),Tipologia | Outros,Tipologia,Outros,Comparação: sem dummies,12,143,Inadimplência → desastres,8,0.530121200645026,0.8318419093229049,0.9572581726278495,0.11287117535018679,8,118,135,0.9359796493683608,True,0.9105099708000273
Total (2013–2024),Tipologia | Outros,Tipologia,Outros,Comparação: sem dummies,12,143,Desastres → inadimplência,9,0.8576706056485088,0.5651094919472106,0.9161446514291987,0.16776125024742414,9,115,134,0.9325248096042351,True,0.8988379624343179
Total (2013–2024),Tipologia | Outros,Tipologia,Outros,Comparação: sem dummies,12,143,Inadimplência → desastres,9,0.49700350624532696,0.8739609124806317,0.9446051640208917,0.14328253470244245,9,115,134,0.9325248096042351,True,0.9350237672026176
Total (2013–2024),Tipologia | Outros,Tipologia,Outros,Comparação: sem dummies,12,143,Desastres → inadimplência,10,0.8280250487668697,0.6025201110504617,0.8872736707674921,0.13005258551694115,10,112,133,0.9439784088477127,True,0.9148911103720132
Total (2013–2024),Tipologia | Outros,Tipologia,Outros,Comparação: sem dummies,12,143,Inadimplência → desastres,10,0.8702879939604641,0.5630847537230079,0.3208841550990442,0.00010102408139693177,10,112,133,0.9439784088477127,True,0.7617488551447619
Total (2013–2024),Tipologia | Outros,Tipologia,Outros,Comparação: sem dummies,12,143,Desastres → inadimplência,11,0.7838120056815221,0.655538912645443,0.925925234244198,0.21720294385392688,11,109,132,0.9570425669087156,True,0.9168999854112312
Total (2013–2024),Tipologia | Outros,Tipologia,Outros,Comparação: sem dummies,12,143,Inadimplência → desastres,11,1.35227832660864,0.20615032183288262,0.12556535023287754,3.38920496572243e-07,11,109,132,0.9570425669087156,True,0.4798657398344568
Total (2013–2024),Tipologia | Outros,Tipologia,Outros,Comparação: sem dummies,12,143,Desastres → inadimplência,12,0.7805623437686888,0.6691584599833614,0.8855783003849682,0.15047532326539875,12,106,131,0.9734525688043634,True,0.920639525845021
Total (2013–2024),Tipologia | Outros,Tipologia,Outros,Comparação: sem dummies,12,143,Inadimplência → desastres,12,1.2606916940918635,0.25288360396463927,0.1545128744363264,5.587097718128457e-08,12,106,131,0.9734525688043634,True,0.5390720922998705
Total (2013–2024),Tipologia | Outros,Tipologia,Outros,Robustez: diferença sazonal,12,131,Desastres → inadimplência,1,0.28255510818823176,0.5959599154912095,0.5785329288939232,0.510616256171857,1,127,130,0.5082599491759316,True,0.9143945838643741
Total (2013–2024),Tipologia | Outros,Tipologia,Outros,Robustez: diferença sazonal,12,131,Inadimplência → desastres,1,0.29552574883430605,0.5876540662124826,0.6509043046768437,0.6141198019029936,1,127,130,0.5082599491759316,True,0.7748256645865398
Total (2013–2024),Tipologia | Outros,Tipologia,Outros,Robustez: diferença sazonal,12,131,Desastres → inadimplência,2,0.47531776729249353,0.6228154485103565,0.5835124338922699,0.27799979251655055,2,124,129,0.6585049152078669,True,0.9168999854112312
Total (2013–2024),Tipologia | Outros,Tipologia,Outros,Robustez: diferença sazonal,12,131,Inadimplência → desastres,2,2.186642313120847,0.11660467618941116,0.14817952924049718,0.006738551649504252,2,124,129,0.6585049152078669,True,0.3772217354480179
Total (2013–2024),Tipologia | Outros,Tipologia,Outros,Robustez: diferença sazonal,12,131,Desastres → inadimplência,3,0.4475987182288379,0.7194460085824959,0.7774128731300525,0.6460203790552522,3,121,128,0.7645956669187193,True,0.9299407173443379
Total (2013–2024),Tipologia | Outros,Tipologia,Outros,Robustez: diferença sazonal,12,131,Inadimplência → desastres,3,3.2149278723399615,0.025352596942892894,0.024914242081833245,8.628643533573006e-05,3,121,128,0.7645956669187193,True,0.19722312601138597
Total (2013–2024),Tipologia | Outros,Tipologia,Outros,Robustez: diferença sazonal,12,131,Desastres → inadimplência,4,0.4930095026008414,0.7408681311512626,0.8293803832700726,0.394261779266585,4,118,127,0.6514956199983662,True,0.9356186454536043
Total (2013–2024),Tipologia | Outros,Tipologia,Outros,Robustez: diferença sazonal,12,131,Inadimplência → desastres,4,2.5074707695761256,0.04566307016802957,0.03175702051442723,3.0050640857995162e-05,4,118,127,0.6514956199983662,True,0.25034577942998665
Total (2013–2024),Tipologia | Outros,Tipologia,Outros,Robustez: diferença sazonal,12,131,Desastres → inadimplência,5,0.4298322666506525,0.8270340153163209,0.8757254992480965,0.3787327032271498,5,115,126,0.7010197401136163,True,0.9635776473725449
Total (2013–2024),Tipologia | Outros,Tipologia,Outros,Robustez: diferença sazonal,12,131,Inadimplência → desastres,5,2.3596863103911994,0.04441022206939173,0.03145442292997766,3.996952071220008e-07,5,115,126,0.7010197401136163,True,0.24672345594106515
Total (2013–2024),Tipologia | Outros,Tipologia,Outros,Robustez: diferença sazonal,12,131,Desastres → inadimplência,6,0.7375756614114434,0.6204273095275253,0.8359305623896052,0.6148286160290992,6,112,125,0.8310268930355756,True,0.9168999854112312
Total (2013–2024),Tipologia | Outros,Tipologia,Outros,Robustez: diferença sazonal,12,131,Inadimplência → desastres,6,2.0371627019208423,0.06646220133420108,0.056158392271090075,9.586568515732157e-10,6,112,125,0.8310268930355756,True,0.2925272946047583
Total (2013–2024),Tipologia | Outros,Tipologia,Outros,Robustez: diferença sazonal,12,131,Desastres → inadimplência,7,0.7309892437167419,0.6460620033873566,0.8797580702709001,0.26532841123001805,7,109,124,0.8459565189841299,True,0.9168999854112312
Total (2013–2024),Tipologia | Outros,Tipologia,Outros,Robustez: diferença sazonal,12,131,Inadimplência → desastres,7,1.787294835761346,0.0969665987221637,0.0864427895727387,9.941656069940957e-10,7,109,124,0.8459565189841299,True,0.35234955931018785
Total (2013–2024),Tipologia | Outros,Tipologia,Outros,Robustez: diferença sazonal,12,131,Desastres → inadimplência,8,0.6531934079382152,0.7312609844350774,0.9224782669595188,0.260099725600523,8,106,123,0.8766203271684945,True,0.9327308474937211
Total (2013–2024),Tipologia | Outros,Tipologia,Outros,Robustez: diferença sazonal,12,131,Inadimplência → desastres,8,1.667625565518346,0.11479836742480494,0.09348123634953123,8.821570442503498e-10,8,106,123,0.8766203271684945,True,0.37369260229428697
Total (2013–2024),Tipologia | Outros,Tipologia,Outros,Robustez: diferença sazonal,12,131,Desastres → inadimplência,9,0.5629984252275028,0.8244150468877577,0.964342705580105,0.4031873588551862,9,103,122,0.9114968329299228,True,0.9635776473725449
Total (2013–2024),Tipologia | Outros,Tipologia,Outros,Robustez: diferença sazonal,12,131,Inadimplência → desastres,9,1.507509578600123,0.15504812552120925,0.12373688684113018,4.661337102827938e-10,9,103,122,0.9114968329299228,True,0.4228511436779322
Total (2013–2024),Tipologia | Outros,Tipologia,Outros,Robustez: diferença sazonal,12,131,Desastres → inadimplência,10,0.5704021147311434,0.834524299197116,0.966760431173601,0.11989573002255233,10,100,121,0.9341259295326719,True,0.9643340559022312
Total (2013–2024),Tipologia | Outros,Tipologia,Outros,Robustez: diferença sazonal,12,131,Inadimplência → desastres,10,1.6229704084198826,0.11078510847466033,0.04195862757389736,4.1241779449166827e-14,10,100,121,0.9341259295326719,True,0.37368827197657495
Total (2013–2024),Tipologia | Outros,Tipologia,Outros,Robustez: diferença sazonal,12,131,Desastres → inadimplência,11,0.8162060375800197,0.6239325263978711,0.7039703946752013,0.012333181926222151,11,97,120,0.9449332061975576,True,0.9168999854112312
Total (2013–2024),Tipologia | Outros,Tipologia,Outros,Robustez: diferença sazonal,12,131,Inadimplência → desastres,11,1.5913223487104353,0.113285491509645,0.02588556473035672,1.0707718698431438e-15,11,97,120,0.9449332061975576,True,0.37368827197657495
Total (2013–2024),Tipologia | Outros,Tipologia,Outros,Robustez: diferença sazonal,12,131,Desastres → inadimplência,12,0.7405275116704344,0.7085618587728413,0.8516918989318469,0.03159216721294139,12,94,119,0.9672057123456781,True,0.9299407173443379
Total (2013–2024),Tipologia | Outros,Tipologia,Outros,Robustez: diferença sazonal,12,131,Inadimplência → desastres,12,1.5837033328210595,0.10963178169084711,0.036096174780323564,2.05393426710287e-13,12,94,119,0.9672057123456781,True,0.37340525099062366
Total (2013–2024),Tipologia | Rompimento/Colapso de barragens,Tipologia,Rompimento/Colapso de barragens,Principal: 11 dummies,12,143,Desastres → inadimplência,1,0.14674143672967327,0.7023044397957487,0.6600630155086672,0.5115674699083838,1,128,142,0.4635057302464835,True,0.9293183407137394
Total (2013–2024),Tipologia | Rompimento/Colapso de barragens,Tipologia,Rompimento/Colapso de barragens,Principal: 11 dummies,12,143,Inadimplência → desastres,1,0.4770150201397787,0.4910280531984349,0.5665166203016356,0.49330306424671844,1,128,142,0.4635057302464835,True,0.716269053949184
Total (2013–2024),Tipologia | Rompimento/Colapso de barragens,Tipologia,Rompimento/Colapso de barragens,Principal: 11 dummies,12,143,Desastres → inadimplência,2,0.4869660532188953,0.6156487047947146,0.6598454231831983,0.25588674876303014,2,125,141,0.6595830264031254,True,0.9168999854112312
Total (2013–2024),Tipologia | Rompimento/Colapso de barragens,Tipologia,Rompimento/Colapso de barragens,Principal: 11 dummies,12,143,Inadimplência → desastres,2,0.39108525838406644,0.6771470933421454,0.7522981918956426,0.58209365844668,2,125,141,0.6595830264031254,True,0.8274035842401581
Total (2013–2024),Tipologia | Rompimento/Colapso de barragens,Tipologia,Rompimento/Colapso de barragens,Principal: 11 dummies,12,143,Desastres → inadimplência,3,0.2408288347217662,0.8677111978665784,0.9488196897366886,0.5475438835452517,3,122,140,0.750724454100753,True,0.9745223741010597
Total (2013–2024),Tipologia | Rompimento/Colapso de barragens,Tipologia,Rompimento/Colapso de barragens,Principal: 11 dummies,12,143,Inadimplência → desastres,3,0.3818195074269931,0.7662794403764102,0.8423027105900855,0.6795823796193565,3,122,140,0.750724454100753,True,0.8756758340045365
Total (2013–2024),Tipologia | Rompimento/Colapso de barragens,Tipologia,Rompimento/Colapso de barragens,Principal: 11 dummies,12,143,Desastres → inadimplência,4,0.34107872960826674,0.8497554401411451,0.9405596594382648,0.7893407147279666,4,119,139,0.6701370285046032,True,0.9700404567821291
Total (2013–2024),Tipologia | Rompimento/Colapso de barragens,Tipologia,Rompimento/Colapso de barragens,Principal: 11 dummies,12,143,Inadimplência → desastres,4,0.41871132455821297,0.7948785040075649,0.8881417064100787,0.7694676322774201,4,119,139,0.6701370285046032,True,0.8881173579730959
Total (2013–2024),Tipologia | Rompimento/Colapso de barragens,Tipologia,Rompimento/Colapso de barragens,Principal: 11 dummies,12,143,Desastres → inadimplência,5,0.33580904119212734,0.8903537906832236,0.9389399860745818,0.8896674882427149,5,116,138,0.7408499007014472,True,0.976515560155759
Total (2013–2024),Tipologia | Rompimento/Colapso de barragens,Tipologia,Rompimento/Colapso de barragens,Principal: 11 dummies,12,143,Inadimplência → desastres,5,0.316745814239295,0.9020665803712876,0.972553051299407,0.6432826985141822,5,116,138,0.7408499007014472,True,0.9491441291785433
Total (2013–2024),Tipologia | Rompimento/Colapso de barragens,Tipologia,Rompimento/Colapso de barragens,Principal: 11 dummies,12,143,Desastres → inadimplência,6,0.29898835169091814,0.9362247041521855,0.9693789728359073,0.9592116856787842,6,113,137,0.781320539811887,True,0.9899358849372114
Total (2013–2024),Tipologia | Rompimento/Colapso de barragens,Tipologia,Rompimento/Colapso de barragens,Principal: 11 dummies,12,143,Inadimplência → desastres,6,0.3327236186512927,0.9184358764519835,0.9781742196111608,0.6770462892261148,6,113,137,0.781320539811887,True,0.9593300493397471
Total (2013–2024),Tipologia | Rompimento/Colapso de barragens,Tipologia,Rompimento/Colapso de barragens,Principal: 11 dummies,12,143,Desastres → inadimplência,7,0.2515982527278867,0.9707011541553964,0.9835292517522944,0.9850168948539614,7,110,136,0.8325983087413273,True,0.9985501563829594
Total (2013–2024),Tipologia | Rompimento/Colapso de barragens,Tipologia,Rompimento/Colapso de barragens,Principal: 11 dummies,12,143,Inadimplência → desastres,7,0.5789855425389498,0.7717269713241093,0.8641300828212849,0.37029511310696617,7,110,136,0.8325983087413273,True,0.8785598489573193
Total (2013–2024),Tipologia | Rompimento/Colapso de barragens,Tipologia,Rompimento/Colapso de barragens,Principal: 11 dummies,12,143,Desastres → inadimplência,8,0.2816425435304412,0.9707387294332125,0.9649200475253612,0.6390639056202052,8,107,135,0.8150894961434588,True,0.9985501563829594
Total (2013–2024),Tipologia | Rompimento/Colapso de barragens,Tipologia,Rompimento/Colapso de barragens,Principal: 11 dummies,12,143,Inadimplência → desastres,8,0.4977216075436811,0.8555028973444632,0.9324856368655069,0.47636780573281867,8,107,135,0.8150894961434588,True,0.9260722901320959
Total (2013–2024),Tipologia | Rompimento/Colapso de barragens,Tipologia,Rompimento/Colapso de barragens,Principal: 11 dummies,12,143,Desastres → inadimplência,9,0.5204031690282852,0.8568916147664285,0.7947902153256955,0.03541608110248566,9,104,134,0.8822761633996256,True,0.9712551051146766
Total (2013–2024),Tipologia | Rompimento/Colapso de barragens,Tipologia,Rompimento/Colapso de barragens,Principal: 11 dummies,12,143,Inadimplência → desastres,9,0.5719323093613063,0.8173489649572301,0.9054362113214007,0.4407482822298482,9,104,134,0.8822761633996256,True,0.9013838493093929
Total (2013–2024),Tipologia | Rompimento/Colapso de barragens,Tipologia,Rompimento/Colapso de barragens,Principal: 11 dummies,12,143,Desastres → inadimplência,10,0.881470461671629,0.5530790428514021,0.7962816756902652,0.05445112040910592,10,101,133,0.9133942393343055,True,0.8987103429813551
Total (2013–2024),Tipologia | Rompimento/Colapso de barragens,Tipologia,Rompimento/Colapso de barragens,Principal: 11 dummies,12,143,Inadimplência → desastres,10,1.067478381812951,0.3942777045430796,0.5344271493951025,0.012856964044356628,10,101,133,0.9133942393343055,True,0.6505966012064739
Total (2013–2024),Tipologia | Rompimento/Colapso de barragens,Tipologia,Rompimento/Colapso de barragens,Principal: 11 dummies,12,143,Desastres → inadimplência,11,0.8544129860374423,0.5869197384459427,0.8581066193730595,0.05190369159873925,11,98,132,0.9352922346088244,True,0.9143945838643741
Total (2013–2024),Tipologia | Rompimento/Colapso de barragens,Tipologia,Rompimento/Colapso de barragens,Principal: 11 dummies,12,143,Inadimplência → desastres,11,0.8889267043474184,0.5538567696060565,0.7240936957087962,0.014576950221612399,11,98,132,0.9352922346088244,True,0.7574627593080642
Total (2013–2024),Tipologia | Rompimento/Colapso de barragens,Tipologia,Rompimento/Colapso de barragens,Principal: 11 dummies,12,143,Desastres → inadimplência,12,0.8719531629557992,0.5775849408985523,0.8413245972507758,0.002220041818980583,12,95,131,0.9259176219081879,True,0.9093511286453364
Total (2013–2024),Tipologia | Rompimento/Colapso de barragens,Tipologia,Rompimento/Colapso de barragens,Principal: 11 dummies,12,143,Inadimplência → desastres,12,0.8586862556980077,0.590776635683447,0.8124080650832706,0.030972348256444078,12,95,131,0.9259176219081879,True,0.7748906554085087
Total (2013–2024),Tipologia | Rompimento/Colapso de barragens,Tipologia,Rompimento/Colapso de barragens,Comparação: sem dummies,12,143,Desastres → inadimplência,1,1.5995730913802617,0.20808009266588606,0.07020319680406617,0.0011243535974759244,1,139,142,0.4739003339138964,True,0.6862799890035819
Total (2013–2024),Tipologia | Rompimento/Colapso de barragens,Tipologia,Rompimento/Colapso de barragens,Comparação: sem dummies,12,143,Inadimplência → desastres,1,0.07074466316075406,0.7906497343936323,0.7676675433628835,0.7274903232046939,1,139,142,0.4739003339138964,True,0.8881173579730959
Total (2013–2024),Tipologia | Rompimento/Colapso de barragens,Tipologia,Rompimento/Colapso de barragens,Comparação: sem dummies,12,143,Desastres → inadimplência,2,0.6874159608017435,0.5046124161898767,0.26782825907300417,0.011079123458327454,2,136,141,0.6141560853930969,True,0.8754569642361758
Total (2013–2024),Tipologia | Rompimento/Colapso de barragens,Tipologia,Rompimento/Colapso de barragens,Comparação: sem dummies,12,143,Inadimplência → desastres,2,0.7190070056853024,0.4890784697829735,0.4151882554312681,0.12584071836880856,2,136,141,0.6141560853930969,True,0.716269053949184
Total (2013–2024),Tipologia | Rompimento/Colapso de barragens,Tipologia,Rompimento/Colapso de barragens,Comparação: sem dummies,12,143,Desastres → inadimplência,3,0.7108151200211857,0.5471835617065608,0.19805589131871723,0.0004788629071771908,3,133,140,0.7400209874658703,True,0.8980501543719078
Total (2013–2024),Tipologia | Rompimento/Colapso de barragens,Tipologia,Rompimento/Colapso de barragens,Comparação: sem dummies,12,143,Inadimplência → desastres,3,0.3876744142672527,0.7620587893640065,0.6949015645774419,0.23962064774599048,3,133,140,0.7400209874658703,True,0.8747824571937884
Total (2013–2024),Tipologia | Rompimento/Colapso de barragens,Tipologia,Rompimento/Colapso de barragens,Comparação: sem dummies,12,143,Desastres → inadimplência,4,0.7939562636206955,0.5311474975997361,0.1500835111222011,0.0011273156960713276,4,130,139,0.7231326704743298,True,0.8891569665946155
Total (2013–2024),Tipologia | Rompimento/Colapso de barragens,Tipologia,Rompimento/Colapso de barragens,Comparação: sem dummies,12,143,Inadimplência → desastres,4,0.6258680687577548,0.6448787404326315,0.5422587697578571,0.04548386949320847,4,130,139,0.7231326704743298,True,0.8060984255407894
Total (2013–2024),Tipologia | Rompimento/Colapso de barragens,Tipologia,Rompimento/Colapso de barragens,Comparação: sem dummies,12,143,Desastres → inadimplência,5,0.5433542492652604,0.7431083946477353,0.3297193053851597,0.07009053555655276,5,127,138,0.79218324589646,True,0.9364198567348027
Total (2013–2024),Tipologia | Rompimento/Colapso de barragens,Tipologia,Rompimento/Colapso de barragens,Comparação: sem dummies,12,143,Inadimplência → desastres,5,0.41955919195541713,0.8344213394868494,0.753914744922353,0.08696317553361578,5,127,138,0.79218324589646,True,0.9125342732795816
Total (2013–2024),Tipologia | Rompimento/Colapso de barragens,Tipologia,Rompimento/Colapso de barragens,Comparação: sem dummies,12,143,Desastres → inadimplência,6,0.40947197283445635,0.8716128113959878,0.785205280521544,0.2710492641495623,6,124,137,0.9106701197987104,True,0.9745223741010597
Total (2013–2024),Tipologia | Rompimento/Colapso de barragens,Tipologia,Rompimento/Colapso de barragens,Comparação: sem dummies,12,143,Inadimplência → desastres,6,0.4144002079442261,0.8683297554268397,0.8345908092959851,0.05376168687551271,6,124,137,0.9106701197987104,True,0.9316842869386691
Total (2013–2024),Tipologia | Rompimento/Colapso de barragens,Tipologia,Rompimento/Colapso de barragens,Comparação: sem dummies,12,143,Desastres → inadimplência,7,0.36637831862465464,0.920178992482501,0.812265446189951,0.23524902577168064,7,121,136,0.9372677673718351,True,0.9847805998314437
Total (2013–2024),Tipologia | Rompimento/Colapso de barragens,Tipologia,Rompimento/Colapso de barragens,Comparação: sem dummies,12,143,Inadimplência → desastres,7,0.4178876690391552,0.8896204109540806,0.8699198910435637,0.07518656047167899,7,121,136,0.9372677673718351,True,0.9423945031293227
Total (2013–2024),Tipologia | Rompimento/Colapso de barragens,Tipologia,Rompimento/Colapso de barragens,Comparação: sem dummies,12,143,Desastres → inadimplência,8,0.5309722386124307,0.8311952549726446,0.5214400405004136,0.005684486616345685,8,118,135,0.9356913876439451,True,0.9635776473725449
Total (2013–2024),Tipologia | Rompimento/Colapso de barragens,Tipologia,Rompimento/Colapso de barragens,Comparação: sem dummies,12,143,Inadimplência → desastres,8,0.3831992292966889,0.9277482122342146,0.9182222070145453,0.08903944928967782,8,118,135,0.9356913876439451,True,0.9637331191482107
Total (2013–2024),Tipologia | Rompimento/Colapso de barragens,Tipologia,Rompimento/Colapso de barragens,Comparação: sem dummies,12,143,Desastres → inadimplência,9,0.4660644998462349,0.8946360826236109,0.6216677438957019,0.005334229979311033,9,115,134,0.9380718085885102,True,0.976676946095645
Total (2013–2024),Tipologia | Rompimento/Colapso de barragens,Tipologia,Rompimento/Colapso de barragens,Comparação: sem dummies,12,143,Inadimplência → desastres,9,0.3621468992847579,0.95068764679315,0.9665824857427505,0.04428097777763559,9,115,134,0.9380718085885102,True,0.9748642809609824
Total (2013–2024),Tipologia | Rompimento/Colapso de barragens,Tipologia,Rompimento/Colapso de barragens,Comparação: sem dummies,12,143,Desastres → inadimplência,10,0.6259511222638737,0.7889750632749186,0.5899835134401588,0.018323776901970783,10,112,133,0.9446434648098534,True,0.9528684339069066
Total (2013–2024),Tipologia | Rompimento/Colapso de barragens,Tipologia,Rompimento/Colapso de barragens,Comparação: sem dummies,12,143,Inadimplência → desastres,10,0.9182090643043774,0.5192960233880792,0.6212306986819744,0.00365201852397772,10,112,133,0.9446434648098534,True,0.7348114506003489
Total (2013–2024),Tipologia | Rompimento/Colapso de barragens,Tipologia,Rompimento/Colapso de barragens,Comparação: sem dummies,12,143,Desastres → inadimplência,11,0.5945361858650128,0.8297574862138201,0.5817114847718867,0.036870709886385196,11,109,132,0.9518990171823971,True,0.9635776473725449
Total (2013–2024),Tipologia | Rompimento/Colapso de barragens,Tipologia,Rompimento/Colapso de barragens,Comparação: sem dummies,12,143,Inadimplência → desastres,11,0.9132513892626268,0.5304347487146193,0.7788733455356733,0.07068075181939196,11,109,132,0.9518990171823971,True,0.7383216327419855
Total (2013–2024),Tipologia | Rompimento/Colapso de barragens,Tipologia,Rompimento/Colapso de barragens,Comparação: sem dummies,12,143,Desastres → inadimplência,12,0.4406004167351116,0.9432924284237659,0.8663865118286668,4.9637783023448225e-05,12,106,131,0.9639569662995554,True,0.9899358849372114
Total (2013–2024),Tipologia | Rompimento/Colapso de barragens,Tipologia,Rompimento/Colapso de barragens,Comparação: sem dummies,12,143,Inadimplência → desastres,12,0.8512633365277307,0.5980601515082888,0.857844518676393,0.01972388620451488,12,106,131,0.9639569662995554,True,0.7795481515818052
Total (2013–2024),Tipologia | Rompimento/Colapso de barragens,Tipologia,Rompimento/Colapso de barragens,Robustez: diferença sazonal,12,131,Desastres → inadimplência,1,0.6792623486774062,0.4113860097069043,0.5468014609601558,0.34105483102740003,1,127,130,0.5107825033096254,True,0.8375640485999992
Total (2013–2024),Tipologia | Rompimento/Colapso de barragens,Tipologia,Rompimento/Colapso de barragens,Robustez: diferença sazonal,12,131,Inadimplência → desastres,1,0.0025484051685564064,0.9598178177295102,0.9667806989589438,0.9425377161171219,1,127,130,0.5107825033096254,True,0.9802061047074248
Total (2013–2024),Tipologia | Rompimento/Colapso de barragens,Tipologia,Rompimento/Colapso de barragens,Robustez: diferença sazonal,12,131,Desastres → inadimplência,2,4.324780071330758,0.015289173108567727,0.0486022028365446,0.000535086458349211,2,124,129,0.6659941327479413,True,0.3175083365497919
Total (2013–2024),Tipologia | Rompimento/Colapso de barragens,Tipologia,Rompimento/Colapso de barragens,Robustez: diferença sazonal,12,131,Inadimplência → desastres,2,0.18499893833057465,0.8313341315494285,0.8602788730983977,0.7474147887491012,2,124,129,0.6659941327479413,True,0.9105099708000273
Total (2013–2024),Tipologia | Rompimento/Colapso de barragens,Tipologia,Rompimento/Colapso de barragens,Robustez: diferença sazonal,12,131,Desastres → inadimplência,3,2.7420461617574095,0.0461946051005775,0.1628706032471861,0.0037276973088491592,3,121,128,0.7548484914601088,True,0.4546713100450541
Total (2013–2024),Tipologia | Rompimento/Colapso de barragens,Tipologia,Rompimento/Colapso de barragens,Robustez: diferença sazonal,12,131,Inadimplência → desastres,3,0.23098852843217818,0.8746535222093484,0.8980938417464611,0.8116659752496461,3,121,128,0.7548484914601088,True,0.9350237672026176
Total (2013–2024),Tipologia | Rompimento/Colapso de barragens,Tipologia,Rompimento/Colapso de barragens,Robustez: diferença sazonal,12,131,Desastres → inadimplência,4,2.0117877251937206,0.09723157979524877,0.31635116729353097,0.0026863433264059035,4,118,127,0.7048846774506449,True,0.543788638138664
Total (2013–2024),Tipologia | Rompimento/Colapso de barragens,Tipologia,Rompimento/Colapso de barragens,Robustez: diferença sazonal,12,131,Inadimplência → desastres,4,0.9219552765982053,0.45368671111036296,0.6238675496921435,0.2749876695751463,4,118,127,0.7048846774506449,True,0.68823833602907
Total (2013–2024),Tipologia | Rompimento/Colapso de barragens,Tipologia,Rompimento/Colapso de barragens,Robustez: diferença sazonal,12,131,Desastres → inadimplência,5,1.6872219900336103,0.14318605803030568,0.38552270701442715,1.7277475081015954e-05,5,115,126,0.7273760867017474,True,0.6072445307128613
Total (2013–2024),Tipologia | Rompimento/Colapso de barragens,Tipologia,Rompimento/Colapso de barragens,Robustez: diferença sazonal,12,131,Inadimplência → desastres,5,0.6762515489423756,0.6422814551459434,0.7671452502910294,0.3799435035044674,5,115,126,0.7273760867017474,True,0.8044607404132558
Total (2013–2024),Tipologia | Rompimento/Colapso de barragens,Tipologia,Rompimento/Colapso de barragens,Robustez: diferença sazonal,12,131,Desastres → inadimplência,6,1.2701421981377943,0.27682582082261753,0.677576327886261,0.0012803527816372322,6,112,125,0.8299441081710617,True,0.7485099092804823
Total (2013–2024),Tipologia | Rompimento/Colapso de barragens,Tipologia,Rompimento/Colapso de barragens,Robustez: diferença sazonal,12,131,Inadimplência → desastres,6,0.552052354044858,0.7674697061639413,0.8324017390763468,0.3164119424904134,6,112,125,0.8299441081710617,True,0.8761069705067823
Total (2013–2024),Tipologia | Rompimento/Colapso de barragens,Tipologia,Rompimento/Colapso de barragens,Robustez: diferença sazonal,12,131,Desastres → inadimplência,7,1.0895300915152601,0.37501965247730074,0.6891520390368067,0.0025386734353029634,7,109,124,0.8137462986904126,True,0.8106874740653794
Total (2013–2024),Tipologia | Rompimento/Colapso de barragens,Tipologia,Rompimento/Colapso de barragens,Robustez: diferença sazonal,12,131,Inadimplência → desastres,7,0.6411328329362007,0.7209759663660696,0.7448966417880071,0.27037367857591615,7,109,124,0.8137462986904126,True,0.8510103474575893
Total (2013–2024),Tipologia | Rompimento/Colapso de barragens,Tipologia,Rompimento/Colapso de barragens,Robustez: diferença sazonal,12,131,Desastres → inadimplência,8,0.990459841808335,0.44777903116410445,0.823153199248542,0.011219988712994539,8,106,123,0.8495652565174705,True,0.855378330038648
Total (2013–2024),Tipologia | Rompimento/Colapso de barragens,Tipologia,Rompimento/Colapso de barragens,Robustez: diferença sazonal,12,131,Inadimplência → desastres,8,0.5576028258793578,0.8102521689220095,0.8407882076335981,0.44257102241346347,8,106,123,0.8495652565174705,True,0.8970905324645809
Total (2013–2024),Tipologia | Rompimento/Colapso de barragens,Tipologia,Rompimento/Colapso de barragens,Robustez: diferença sazonal,12,131,Desastres → inadimplência,9,1.112105792333693,0.36100446545334663,0.6840926624612399,0.0005203554985176032,9,103,122,0.878874639667405,True,0.8083063442604552
Total (2013–2024),Tipologia | Rompimento/Colapso de barragens,Tipologia,Rompimento/Colapso de barragens,Robustez: diferença sazonal,12,131,Inadimplência → desastres,9,0.5241767535725658,0.8540822842105162,0.8415237983500932,0.45072033986952154,9,103,122,0.878874639667405,True,0.9259348267676889
Total (2013–2024),Tipologia | Rompimento/Colapso de barragens,Tipologia,Rompimento/Colapso de barragens,Robustez: diferença sazonal,12,131,Desastres → inadimplência,10,0.9744352880208079,0.47046624008553783,0.7904138491526881,0.0023811423333090866,10,100,121,0.9189559306280358,True,0.8679979794748078
Total (2013–2024),Tipologia | Rompimento/Colapso de barragens,Tipologia,Rompimento/Colapso de barragens,Robustez: diferença sazonal,12,131,Inadimplência → desastres,10,1.0629562141697155,0.3978985831327117,0.5537994151772603,0.294456005596891,10,100,121,0.9189559306280358,True,0.6518606226781614
Total (2013–2024),Tipologia | Rompimento/Colapso de barragens,Tipologia,Rompimento/Colapso de barragens,Robustez: diferença sazonal,12,131,Desastres → inadimplência,11,0.9577046285651992,0.48989305200376687,0.8086982583370655,0.00288467773391694,11,97,120,0.9459165817169147,True,0.8723166880408955
Total (2013–2024),Tipologia | Rompimento/Colapso de barragens,Tipologia,Rompimento/Colapso de barragens,Robustez: diferença sazonal,12,131,Inadimplência → desastres,11,0.815936431217321,0.6241944206364577,0.756314210241666,0.433607775950424,11,97,120,0.9459165817169147,True,0.7946402272722006
Total (2013–2024),Tipologia | Rompimento/Colapso de barragens,Tipologia,Rompimento/Colapso de barragens,Robustez: diferença sazonal,12,131,Desastres → inadimplência,12,0.8148297344015899,0.6346402280987373,0.8994251789287085,0.032208403542886024,12,94,119,0.9737696981823121,True,0.9168999854112312
Total (2013–2024),Tipologia | Rompimento/Colapso de barragens,Tipologia,Rompimento/Colapso de barragens,Robustez: diferença sazonal,12,131,Inadimplência → desastres,12,0.5526336238919998,0.87411753874694,0.9212496924942905,0.4655767646224195,12,94,119,0.9737696981823121,True,0.9350237672026176
Total (2013–2024),Tipologia | Tornado,Tipologia,Tornado,Principal: 11 dummies,12,143,Desastres → inadimplência,1,1.7597789252018436,0.18701399918998557,0.199687775765832,0.02823266439553385,1,128,142,0.5303267041398727,True,0.657729618809072
Total (2013–2024),Tipologia | Tornado,Tipologia,Tornado,Principal: 11 dummies,12,143,Inadimplência → desastres,1,0.2724416027844527,0.6026006882003412,0.6770902294284448,0.507822760246033,1,128,142,0.5303267041398727,True,0.7797893493354456
Total (2013–2024),Tipologia | Tornado,Tipologia,Tornado,Principal: 11 dummies,12,143,Desastres → inadimplência,2,0.7581488729934311,0.4706750178459214,0.512288707033757,0.17748339410661623,2,125,141,0.6570718548759731,True,0.8679979794748078
Total (2013–2024),Tipologia | Tornado,Tipologia,Tornado,Principal: 11 dummies,12,143,Inadimplência → desastres,2,0.20154068453530963,0.8177354280934812,0.9036861052921258,0.682686125206815,2,125,141,0.6570718548759731,True,0.9013838493093929
Total (2013–2024),Tipologia | Tornado,Tipologia,Tornado,Principal: 11 dummies,12,143,Desastres → inadimplência,3,0.539041015045941,0.6564336282713581,0.7307058355402505,0.2907023342106765,3,122,140,0.7609413614015579,True,0.9168999854112312
Total (2013–2024),Tipologia | Tornado,Tipologia,Tornado,Principal: 11 dummies,12,143,Inadimplência → desastres,3,0.5342837057749366,0.6596369498666833,0.61398775404667,0.463478256085728,3,122,140,0.7609413614015579,True,0.8160415460667894
Total (2013–2024),Tipologia | Tornado,Tipologia,Tornado,Principal: 11 dummies,12,143,Desastres → inadimplência,4,0.5541835747770473,0.6963404245104494,0.784715927064134,0.3338654797663527,4,119,139,0.7675020559771444,True,0.9288097734132648
Total (2013–2024),Tipologia | Tornado,Tipologia,Tornado,Principal: 11 dummies,12,143,Inadimplência → desastres,4,0.5481589650879728,0.7007076575306536,0.7078564345224263,0.4943608498116918,4,119,139,0.7675020559771444,True,0.8410631950083451
Total (2013–2024),Tipologia | Tornado,Tipologia,Tornado,Principal: 11 dummies,12,143,Desastres → inadimplência,5,0.4668218481483516,0.8002826749154317,0.8828430936943401,0.42678172194324093,5,116,138,0.7908973870945294,True,0.9578109280787415
Total (2013–2024),Tipologia | Tornado,Tipologia,Tornado,Principal: 11 dummies,12,143,Inadimplência → desastres,5,1.6663206821565713,0.14821706878487012,0.5006121279007614,0.2758843353641472,5,116,138,0.7908973870945294,True,0.41540658291723687
Total (2013–2024),Tipologia | Tornado,Tipologia,Tornado,Principal: 11 dummies,12,143,Desastres → inadimplência,6,0.548716169514324,0.7700706180746015,0.8295862799857999,0.3513810792135176,6,113,137,0.7931516792176375,True,0.9465074783265984
Total (2013–2024),Tipologia | Tornado,Tipologia,Tornado,Principal: 11 dummies,12,143,Inadimplência → desastres,6,1.3652968702352821,0.23469370096007341,0.6499065327538405,0.3147078645466257,6,113,137,0.7931516792176375,True,0.5128795912589017
Total (2013–2024),Tipologia | Tornado,Tipologia,Tornado,Principal: 11 dummies,12,143,Desastres → inadimplência,7,0.6376949052772092,0.7238309451331926,0.8205788521807157,0.0891969927423979,7,110,136,0.8300288809359699,True,0.9299407173443379
Total (2013–2024),Tipologia | Tornado,Tipologia,Tornado,Principal: 11 dummies,12,143,Inadimplência → desastres,7,1.3427021320912205,0.23717082412580134,0.7124118974683793,0.023414547419312568,7,110,136,0.8300288809359699,True,0.5155887480995681
Total (2013–2024),Tipologia | Tornado,Tipologia,Tornado,Principal: 11 dummies,12,143,Desastres → inadimplência,8,0.555190788460539,0.8121787541777341,0.8894858078526733,0.1564584905694297,8,107,135,0.8349385019223078,True,0.9604762939660999
Total (2013–2024),Tipologia | Tornado,Tipologia,Tornado,Principal: 11 dummies,12,143,Inadimplência → desastres,8,1.1561919018005895,0.33256207076071276,0.7886701360613524,0.04877428625611441,8,107,135,0.8349385019223078,True,0.5955624476373795
Total (2013–2024),Tipologia | Tornado,Tipologia,Tornado,Principal: 11 dummies,12,143,Desastres → inadimplência,9,0.5099217842509564,0.8644760914321257,0.9248934562336232,0.27037996609437326,9,104,134,0.881418778724798,True,0.9745223741010597
Total (2013–2024),Tipologia | Tornado,Tipologia,Tornado,Principal: 11 dummies,12,143,Inadimplência → desastres,9,1.0202656253105642,0.42892342177638176,0.9147219253105628,0.0037545140865500475,9,104,134,0.881418778724798,True,0.6769613470199253
Total (2013–2024),Tipologia | Tornado,Tipologia,Tornado,Principal: 11 dummies,12,143,Desastres → inadimplência,10,0.4913545219049862,0.892163549401155,0.9414193455743937,0.03889296979729846,10,101,133,0.8930240702745779,True,0.976515560155759
Total (2013–2024),Tipologia | Tornado,Tipologia,Tornado,Principal: 11 dummies,12,143,Inadimplência → desastres,10,0.9880059661435258,0.45883466133052153,0.8579024285088692,0.015332267482864802,10,101,133,0.8930240702745779,True,0.689881599816553
Total (2013–2024),Tipologia | Tornado,Tipologia,Tornado,Principal: 11 dummies,12,143,Desastres → inadimplência,11,0.5084754523405652,0.8935083191876458,0.943685187462553,0.007755160828818216,11,98,132,0.9080628369495759,True,0.976515560155759
Total (2013–2024),Tipologia | Tornado,Tipologia,Tornado,Principal: 11 dummies,12,143,Inadimplência → desastres,11,1.2945152238807551,0.23898695805108033,0.493928445782721,0.0006883581495243577,11,98,132,0.9080628369495759,True,0.518634891603907
Total (2013–2024),Tipologia | Tornado,Tipologia,Tornado,Principal: 11 dummies,12,143,Desastres → inadimplência,12,0.49247646355077995,0.9145676404940856,0.9647478316090676,0.022819190377671057,12,95,131,0.9266090411717176,True,0.981295751603096
Total (2013–2024),Tipologia | Tornado,Tipologia,Tornado,Principal: 11 dummies,12,143,Inadimplência → desastres,12,1.4797797310412315,0.14536280250479572,0.27857280107903376,4.745629039897613e-05,12,95,131,0.9266090411717176,True,0.4110938984864132
Total (2013–2024),Tipologia | Tornado,Tipologia,Tornado,Comparação: sem dummies,12,143,Desastres → inadimplência,1,0.2938462551390255,0.5886341859567209,0.5546459397110428,0.38999171911879793,1,139,142,0.5148862757685576,True,0.9143945838643741
Total (2013–2024),Tipologia | Tornado,Tipologia,Tornado,Comparação: sem dummies,12,143,Inadimplência → desastres,1,0.04033144251582502,0.8411274896778237,0.8496175880368642,0.8203837539190344,1,139,142,0.5148862757685576,True,0.9166602982539491
Total (2013–2024),Tipologia | Tornado,Tipologia,Tornado,Comparação: sem dummies,12,143,Desastres → inadimplência,2,0.16511055919765602,0.8479696525617534,0.8083608656766915,0.686702516804569,2,136,141,0.4886981622787505,True,0.9688867145358243
Total (2013–2024),Tipologia | Tornado,Tipologia,Tornado,Comparação: sem dummies,12,143,Inadimplência → desastres,2,0.2292084387206863,0.7954693137513821,0.8276957912124632,0.5560929335450526,2,136,141,0.4886981622787505,True,0.8881173579730959
Total (2013–2024),Tipologia | Tornado,Tipologia,Tornado,Comparação: sem dummies,12,143,Desastres → inadimplência,3,0.04630018749071696,0.9867294669120692,0.9733279206942383,0.9577315902012042,3,133,140,0.7341200190230621,True,0.9992078848635362
Total (2013–2024),Tipologia | Tornado,Tipologia,Tornado,Comparação: sem dummies,12,143,Inadimplência → desastres,3,0.13719937349122455,0.9376478755115464,0.954628972529501,0.7614123920855611,3,133,140,0.7341200190230621,True,0.9687014978477368
Total (2013–2024),Tipologia | Tornado,Tipologia,Tornado,Comparação: sem dummies,12,143,Desastres → inadimplência,4,0.08176347552781865,0.9878558590624099,0.9821939414103872,0.8946084449779058,4,130,139,0.7747731946348626,True,0.9992078848635362
Total (2013–2024),Tipologia | Tornado,Tipologia,Tornado,Comparação: sem dummies,12,143,Inadimplência → desastres,4,0.377659635378409,0.8242604121186865,0.7300503621229302,0.6925269314352815,4,130,139,0.7747731946348626,True,0.9061789930944223
Total (2013–2024),Tipologia | Tornado,Tipologia,Tornado,Comparação: sem dummies,12,143,Desastres → inadimplência,5,0.2247784531635341,0.9512236933441314,0.9353802461401515,0.5223722258563104,5,127,138,0.801673179630577,True,0.9923078696127101
Total (2013–2024),Tipologia | Tornado,Tipologia,Tornado,Comparação: sem dummies,12,143,Inadimplência → desastres,5,1.1521302102568518,0.3365323279670728,0.5745202647228116,0.3320215896288446,5,127,138,0.801673179630577,True,0.5966885247643134
Total (2013–2024),Tipologia | Tornado,Tipologia,Tornado,Comparação: sem dummies,12,143,Desastres → inadimplência,6,0.3209670550633601,0.9249886113256743,0.9067361119978534,0.9131500114614458,6,124,137,0.9126840088174422,True,0.9865492868234581
Total (2013–2024),Tipologia | Tornado,Tipologia,Tornado,Comparação: sem dummies,12,143,Inadimplência → desastres,6,0.9476982999787071,0.46368944120232336,0.706019281588691,0.24950968150445707,6,124,137,0.9126840088174422,True,0.690836473781769
Total (2013–2024),Tipologia | Tornado,Tipologia,Tornado,Comparação: sem dummies,12,143,Desastres → inadimplência,7,0.2107468766012527,0.9824344224201459,0.9751719731138135,0.928112207367251,7,121,136,0.9389172006103078,True,0.9992078848635362
Total (2013–2024),Tipologia | Tornado,Tipologia,Tornado,Comparação: sem dummies,12,143,Inadimplência → desastres,7,0.8360643888707174,0.5594707512019039,0.8152285143932162,0.20553980383150272,7,121,136,0.9389172006103078,True,0.7617488551447619
Total (2013–2024),Tipologia | Tornado,Tipologia,Tornado,Comparação: sem dummies,12,143,Desastres → inadimplência,8,0.18555950823705455,0.9924995830527129,0.9886083081855329,0.9445223085109777,8,118,135,0.9406982896128555,True,0.9992078848635362
Total (2013–2024),Tipologia | Tornado,Tipologia,Tornado,Comparação: sem dummies,12,143,Inadimplência → desastres,8,0.792824822403861,0.6099500108640686,0.8693834483138523,0.3115181326741541,8,118,135,0.9406982896128555,True,0.782790055010355
Total (2013–2024),Tipologia | Tornado,Tipologia,Tornado,Comparação: sem dummies,12,143,Desastres → inadimplência,9,0.16796832533605444,0.9967814663606961,0.9956267796803597,0.9595801152092861,9,115,134,0.9387962970511133,True,0.9992078848635362
Total (2013–2024),Tipologia | Tornado,Tipologia,Tornado,Comparação: sem dummies,12,143,Inadimplência → desastres,9,0.7153202014871157,0.6939198399634717,0.901722659391014,0.35248146434252003,9,115,134,0.9387962970511133,True,0.8383126931569467
Total (2013–2024),Tipologia | Tornado,Tipologia,Tornado,Comparação: sem dummies,12,143,Desastres → inadimplência,10,0.1885549203363213,0.9968077776578878,0.9973384458203832,0.9431930265136637,10,112,133,0.9421875818982266,True,0.9992078848635362
Total (2013–2024),Tipologia | Tornado,Tipologia,Tornado,Comparação: sem dummies,12,143,Inadimplência → desastres,10,0.7529306829867947,0.6733183420374055,0.8759346513954679,0.2276448210114615,10,112,133,0.9421875818982266,True,0.8241135223029652
Total (2013–2024),Tipologia | Tornado,Tipologia,Tornado,Comparação: sem dummies,12,143,Desastres → inadimplência,11,0.26794808680507465,0.9903650975562727,0.9911546867909727,0.7178171206324628,11,109,132,0.947386481409044,True,0.9992078848635362
Total (2013–2024),Tipologia | Tornado,Tipologia,Tornado,Comparação: sem dummies,12,143,Inadimplência → desastres,11,0.7143213962492423,0.722618712376681,0.8647909188456102,0.32768085504489636,11,109,132,0.947386481409044,True,0.8521142522128935
Total (2013–2024),Tipologia | Tornado,Tipologia,Tornado,Comparação: sem dummies,12,143,Desastres → inadimplência,12,0.1507784411427834,0.9995716256883673,0.9995484732523445,0.9142180945175109,12,106,131,0.9638257536029994,True,0.9995716256883673
Total (2013–2024),Tipologia | Tornado,Tipologia,Tornado,Comparação: sem dummies,12,143,Inadimplência → desastres,12,1.1181512691921587,0.3534089695265906,0.5486980912681165,0.0802436638399757,12,106,131,0.9638257536029994,True,0.6110113581026808
Total (2013–2024),Tipologia | Tornado,Tipologia,Tornado,Robustez: diferença sazonal,12,131,Desastres → inadimplência,1,0.2108038162963623,0.6469229828725295,0.6164669416664471,0.5109826683413173,1,127,130,0.5145751323655885,True,0.9168999854112312
Total (2013–2024),Tipologia | Tornado,Tipologia,Tornado,Robustez: diferença sazonal,12,131,Inadimplência → desastres,1,0.38012728242367566,0.5386387450981241,0.5772046350364836,0.3337153775738345,1,127,130,0.5145751323655885,True,0.743155001515072
Total (2013–2024),Tipologia | Tornado,Tipologia,Tornado,Robustez: diferença sazonal,12,131,Desastres → inadimplência,2,0.9252490468084038,0.3991519706226418,0.33273887304439004,0.4701572208643486,2,124,129,0.6487141854172537,True,0.8302941478018874
Total (2013–2024),Tipologia | Tornado,Tipologia,Tornado,Robustez: diferença sazonal,12,131,Inadimplência → desastres,2,0.3811305915277249,0.6838860871605066,0.7471008485927308,0.3500612185240176,2,124,129,0.6487141854172537,True,0.8326714377997303
Total (2013–2024),Tipologia | Tornado,Tipologia,Tornado,Robustez: diferença sazonal,12,131,Desastres → inadimplência,3,0.6788621055778793,0.566627451518594,0.4587589105606592,0.4470858603203117,3,121,128,0.7647712502442767,True,0.8988379624343179
Total (2013–2024),Tipologia | Tornado,Tipologia,Tornado,Robustez: diferença sazonal,12,131,Inadimplência → desastres,3,0.592876722985166,0.6208396388224238,0.5761428740856469,0.2124189031682474,3,121,128,0.7647712502442767,True,0.7924942819906934
Total (2013–2024),Tipologia | Tornado,Tipologia,Tornado,Robustez: diferença sazonal,12,131,Desastres → inadimplência,4,0.5756040772528371,0.6808685214847328,0.5818638170411788,0.5685337499444163,4,118,127,0.809716048975425,True,0.9235504512733719
Total (2013–2024),Tipologia | Tornado,Tipologia,Tornado,Robustez: diferença sazonal,12,131,Inadimplência → desastres,4,0.553852489320267,0.6965834618666001,0.7782224771576569,0.21625639316746179,4,118,127,0.809716048975425,True,0.8388529165060213
Total (2013–2024),Tipologia | Tornado,Tipologia,Tornado,Robustez: diferença sazonal,12,131,Desastres → inadimplência,5,0.46063447151914566,0.8048031090341445,0.7283328541040441,0.679363267485519,5,115,126,0.8053976173411775,True,0.9578109280787415
Total (2013–2024),Tipologia | Tornado,Tipologia,Tornado,Robustez: diferença sazonal,12,131,Inadimplência → desastres,5,1.0485168859802145,0.3927970366407832,0.6533195786511716,0.18144035352962057,5,115,126,0.8053976173411775,True,0.6494659997367447
Total (2013–2024),Tipologia | Tornado,Tipologia,Tornado,Robustez: diferença sazonal,12,131,Desastres → inadimplência,6,0.41816524651834164,0.8656289652911517,0.8508643987780882,0.7820040620265325,6,112,125,0.7870355237753807,True,0.9745223741010597
Total (2013–2024),Tipologia | Tornado,Tipologia,Tornado,Robustez: diferença sazonal,12,131,Inadimplência → desastres,6,0.9203623344158829,0.4831914370805558,0.7230429192783246,0.13298866254052266,6,112,125,0.7870355237753807,True,0.712251528715442
Total (2013–2024),Tipologia | Tornado,Tipologia,Tornado,Robustez: diferença sazonal,12,131,Desastres → inadimplência,7,0.3608834473978751,0.922965441367174,0.9017942906988633,0.6271342173239189,7,109,124,0.787690464874521,True,0.9852321107676921
Total (2013–2024),Tipologia | Tornado,Tipologia,Tornado,Robustez: diferença sazonal,12,131,Inadimplência → desastres,7,0.8686865088502892,0.5337565407836402,0.7620704454623312,0.003024251768255476,7,109,124,0.787690464874521,True,0.7388656433882063
Total (2013–2024),Tipologia | Tornado,Tipologia,Tornado,Robustez: diferença sazonal,12,131,Desastres → inadimplência,8,0.2663202571590923,0.9754025849444268,0.9755759998525158,0.8469958147761714,8,106,123,0.830548508190853,True,0.9991917535482842
Total (2013–2024),Tipologia | Tornado,Tipologia,Tornado,Robustez: diferença sazonal,12,131,Inadimplência → desastres,8,0.7724384453041496,0.6277513791795661,0.79088911361636,0.0014914124884560973,8,106,123,0.830548508190853,True,0.7950245430338984
Total (2013–2024),Tipologia | Tornado,Tipologia,Tornado,Robustez: diferença sazonal,12,131,Desastres → inadimplência,9,0.23250208814703496,0.9890324086983028,0.9917153937012787,0.974654571366628,9,103,122,0.9085126025290773,True,0.9992078848635362
Total (2013–2024),Tipologia | Tornado,Tipologia,Tornado,Robustez: diferença sazonal,12,131,Inadimplência → desastres,9,0.8334683626014261,0.586951119458631,0.7771480686898272,0.000226630537806924,9,103,122,0.9085126025290773,True,0.7748256645865398
Total (2013–2024),Tipologia | Tornado,Tipologia,Tornado,Robustez: diferença sazonal,12,131,Desastres → inadimplência,10,0.3241146218222407,0.9729872723795557,0.9889516075807033,0.9272256896519505,10,100,121,0.9287218640966217,True,0.9985501563829594
Total (2013–2024),Tipologia | Tornado,Tipologia,Tornado,Robustez: diferença sazonal,12,131,Inadimplência → desastres,10,0.8714203185095113,0.5623428109980511,0.5064918479636462,2.2595633678597015e-05,10,100,121,0.9287218640966217,True,0.7617488551447619
Total (2013–2024),Tipologia | Tornado,Tipologia,Tornado,Robustez: diferença sazonal,12,131,Desastres → inadimplência,11,0.4170881170806762,0.9453424597751122,0.9871666906199065,0.9423989781754664,11,97,120,0.9594450208495857,True,0.9899358849372114
Total (2013–2024),Tipologia | Tornado,Tipologia,Tornado,Robustez: diferença sazonal,12,131,Inadimplência → desastres,11,1.3527188621514357,0.20801315472010098,0.15409900791517867,3.342478997346149e-05,11,97,120,0.9594450208495857,True,0.48062189168230357
Total (2013–2024),Tipologia | Tornado,Tipologia,Tornado,Robustez: diferença sazonal,12,131,Desastres → inadimplência,12,0.3521632122980427,0.9762564625000774,0.994667262496938,0.4715965591347021,12,94,119,0.9735771142740348,True,0.9991917535482842
Total (2013–2024),Tipologia | Tornado,Tipologia,Tornado,Robustez: diferença sazonal,12,131,Inadimplência → desastres,12,1.2687752796140352,0.25011017636419575,0.2492421466656754,1.5836211748585002e-06,12,94,119,0.9735771142740348,True,0.5362568103863545
Total (2013–2024),Tipologia | Vendavais e Ciclones,Tipologia,Vendavais e Ciclones,Principal: 11 dummies,12,143,Desastres → inadimplência,1,0.03846067668667123,0.8448319988673233,0.8588896901781398,0.7033378367656148,1,128,142,0.4603908685553068,True,0.9679560023686106
Total (2013–2024),Tipologia | Vendavais e Ciclones,Tipologia,Vendavais e Ciclones,Principal: 11 dummies,12,143,Inadimplência → desastres,1,0.4179401896672446,0.519124139720638,0.7370111453582476,0.42789725206609724,1,128,142,0.4603908685553068,True,0.7348114506003489
Total (2013–2024),Tipologia | Vendavais e Ciclones,Tipologia,Vendavais e Ciclones,Principal: 11 dummies,12,143,Desastres → inadimplência,2,4.0442325899929426,0.019865512402116623,0.0020813898040379355,4.647790297783903e-07,2,125,141,0.6695928227655112,True,0.323410687130845
Total (2013–2024),Tipologia | Vendavais e Ciclones,Tipologia,Vendavais e Ciclones,Principal: 11 dummies,12,143,Inadimplência → desastres,2,0.347762816337389,0.7069474962513245,0.8294955901805776,0.6834685409944691,2,125,141,0.6695928227655112,True,0.8456309763771824
Total (2013–2024),Tipologia | Vendavais e Ciclones,Tipologia,Vendavais e Ciclones,Principal: 11 dummies,12,143,Desastres → inadimplência,3,2.7164191011922454,0.047679908481858616,0.005228112807868763,4.857194011293748e-07,3,122,140,0.7240175028617126,True,0.4564760006094265
Total (2013–2024),Tipologia | Vendavais e Ciclones,Tipologia,Vendavais e Ciclones,Principal: 11 dummies,12,143,Inadimplência → desastres,3,4.221045777194333,0.007058308546378198,0.05628517974030603,0.07208904596550236,3,122,140,0.7240175028617126,True,0.1464341857420591
Total (2013–2024),Tipologia | Vendavais e Ciclones,Tipologia,Vendavais e Ciclones,Principal: 11 dummies,12,143,Desastres → inadimplência,4,1.9543475065618596,0.10592847146411356,0.052867015674714295,9.17413826246437e-06,4,119,139,0.681850185202921,True,0.5453141538059578
Total (2013–2024),Tipologia | Vendavais e Ciclones,Tipologia,Vendavais e Ciclones,Principal: 11 dummies,12,143,Inadimplência → desastres,4,4.122412929013641,0.003652838623624282,0.06404785433385436,0.008626944836538673,4,119,139,0.681850185202921,True,0.11351835860593183
Total (2013–2024),Tipologia | Vendavais e Ciclones,Tipologia,Vendavais e Ciclones,Principal: 11 dummies,12,143,Desastres → inadimplência,5,1.5228040873487587,0.18803426350781746,0.04994925259237354,0.00036814838552141975,5,116,138,0.7061462322747974,True,0.657729618809072
Total (2013–2024),Tipologia | Vendavais e Ciclones,Tipologia,Vendavais e Ciclones,Principal: 11 dummies,12,143,Inadimplência → desastres,5,3.46262713646149,0.005932449186800673,0.07311264082152857,0.0010461285810692098,5,116,138,0.7061462322747974,True,0.13242074077680074
Total (2013–2024),Tipologia | Vendavais e Ciclones,Tipologia,Vendavais e Ciclones,Principal: 11 dummies,12,143,Desastres → inadimplência,6,1.0414304058559944,0.4024121221265881,0.32987619695573345,0.019207960111404045,6,113,137,0.7991903711388861,True,0.8329207858740002
Total (2013–2024),Tipologia | Vendavais e Ciclones,Tipologia,Vendavais e Ciclones,Principal: 11 dummies,12,143,Inadimplência → desastres,6,2.634384379050909,0.019858770077460473,0.15896074654220257,0.000929534538609209,6,113,137,0.7991903711388861,True,0.17756908381853606
Total (2013–2024),Tipologia | Vendavais e Ciclones,Tipologia,Vendavais e Ciclones,Principal: 11 dummies,12,143,Desastres → inadimplência,7,0.9988706419481641,0.43608816534087913,0.45423341825721175,0.04837893782951503,7,110,136,0.8330584265909444,True,0.8504059386522603
Total (2013–2024),Tipologia | Vendavais e Ciclones,Tipologia,Vendavais e Ciclones,Principal: 11 dummies,12,143,Inadimplência → desastres,7,2.4692526525196383,0.021606714409764447,0.2078003575329438,0.0017611261395666994,7,110,136,0.8330584265909444,True,0.18126438263225209
Total (2013–2024),Tipologia | Vendavais e Ciclones,Tipologia,Vendavais e Ciclones,Principal: 11 dummies,12,143,Desastres → inadimplência,8,1.070742090064539,0.3891263113727968,0.39302010752110156,0.01162037823612209,8,107,135,0.8350393625813382,True,0.8238880488820793
Total (2013–2024),Tipologia | Vendavais e Ciclones,Tipologia,Vendavais e Ciclones,Principal: 11 dummies,12,143,Inadimplência → desastres,8,2.4029122642098053,0.020029792654730868,0.25621043894911866,6.501049800951666e-07,8,107,135,0.8350393625813382,True,0.17756908381853606
Total (2013–2024),Tipologia | Vendavais e Ciclones,Tipologia,Vendavais e Ciclones,Principal: 11 dummies,12,143,Desastres → inadimplência,9,1.0395686981926295,0.41401494554659024,0.40529770443229707,0.021496393635478193,9,104,134,0.8901609087670586,True,0.8375640485999992
Total (2013–2024),Tipologia | Vendavais e Ciclones,Tipologia,Vendavais e Ciclones,Principal: 11 dummies,12,143,Inadimplência → desastres,9,2.468551075879682,0.013585189887950556,0.38830347351721717,3.9483157818196955e-05,9,104,134,0.8901609087670586,True,0.16331270176847915
Total (2013–2024),Tipologia | Vendavais e Ciclones,Tipologia,Vendavais e Ciclones,Principal: 11 dummies,12,143,Desastres → inadimplência,10,0.9731577049703906,0.4714937828242983,0.4837432985912181,0.008898420581441923,10,101,133,0.9014523375447323,True,0.8679979794748078
Total (2013–2024),Tipologia | Vendavais e Ciclones,Tipologia,Vendavais e Ciclones,Principal: 11 dummies,12,143,Inadimplência → desastres,10,2.418986079139334,0.012659156333603405,0.22872450221920038,3.0302652095237778e-05,10,101,133,0.9014523375447323,True,0.16331270176847915
Total (2013–2024),Tipologia | Vendavais e Ciclones,Tipologia,Vendavais e Ciclones,Principal: 11 dummies,12,143,Desastres → inadimplência,11,0.8824914529992867,0.5599844979101805,0.5849806065566365,1.0836815604281548e-05,11,98,132,0.9231666106270031,True,0.8987103429813551
Total (2013–2024),Tipologia | Vendavais e Ciclones,Tipologia,Vendavais e Ciclones,Principal: 11 dummies,12,143,Inadimplência → desastres,11,2.9063143300528846,0.0023560558071869285,0.04791916945580182,1.2291610103497631e-12,11,98,132,0.9231666106270031,True,0.09301921367378953
Total (2013–2024),Tipologia | Vendavais e Ciclones,Tipologia,Vendavais e Ciclones,Principal: 11 dummies,12,143,Desastres → inadimplência,12,0.7751326963287686,0.6743519463954457,0.6046058773262792,6.948899980937991e-06,12,95,131,0.923530237265666,True,0.9230936528924308
Total (2013–2024),Tipologia | Vendavais e Ciclones,Tipologia,Vendavais e Ciclones,Principal: 11 dummies,12,143,Inadimplência → desastres,12,2.8153486695662693,0.0024557072409880434,0.029938298862342606,2.0978850974443092e-11,12,95,131,0.923530237265666,True,0.09301921367378953
Total (2013–2024),Tipologia | Vendavais e Ciclones,Tipologia,Vendavais e Ciclones,Comparação: sem dummies,12,143,Desastres → inadimplência,1,0.8646677545585023,0.3540478271625556,0.4080935092480328,0.11101195428208864,1,139,142,0.3613529950185375,True,0.8069713964343528
Total (2013–2024),Tipologia | Vendavais e Ciclones,Tipologia,Vendavais e Ciclones,Comparação: sem dummies,12,143,Inadimplência → desastres,1,0.4096005521657487,0.5232258311222759,0.7153415743804415,0.6235933777419921,1,139,142,0.3613529950185375,True,0.7354766420422758
Total (2013–2024),Tipologia | Vendavais e Ciclones,Tipologia,Vendavais e Ciclones,Comparação: sem dummies,12,143,Desastres → inadimplência,2,3.4800321855926666,0.033577146522147876,0.04048840996481058,0.006549413836068352,2,136,141,0.48972851142632584,True,0.39595691653476267
Total (2013–2024),Tipologia | Vendavais e Ciclones,Tipologia,Vendavais e Ciclones,Comparação: sem dummies,12,143,Inadimplência → desastres,2,0.2477098832508114,0.7809377810039454,0.8859954635233759,0.8288508859158615,2,136,141,0.48972851142632584,True,0.8835064676400979
Total (2013–2024),Tipologia | Vendavais e Ciclones,Tipologia,Vendavais e Ciclones,Comparação: sem dummies,12,143,Desastres → inadimplência,3,2.5767778609892926,0.05648782812673634,0.018803926430215594,0.0027850085078756147,3,133,140,0.7131244221247106,True,0.48081286519693056
Total (2013–2024),Tipologia | Vendavais e Ciclones,Tipologia,Vendavais e Ciclones,Comparação: sem dummies,12,143,Inadimplência → desastres,3,0.6578525611258298,0.5794115571965966,0.8639271546914992,0.6676367325393183,3,133,140,0.7131244221247106,True,0.7696752885183271
Total (2013–2024),Tipologia | Vendavais e Ciclones,Tipologia,Vendavais e Ciclones,Comparação: sem dummies,12,143,Desastres → inadimplência,4,1.9308843619377982,0.109091620070459,0.054418115118700025,0.002496331148721203,4,130,139,0.7092065964605125,True,0.5453141538059578
Total (2013–2024),Tipologia | Vendavais e Ciclones,Tipologia,Vendavais e Ciclones,Comparação: sem dummies,12,143,Inadimplência → desastres,4,0.5853583734913036,0.6737952158349043,0.8937754727448175,0.5124369872607659,4,130,139,0.7092065964605125,True,0.8241135223029652
Total (2013–2024),Tipologia | Vendavais e Ciclones,Tipologia,Vendavais e Ciclones,Comparação: sem dummies,12,143,Desastres → inadimplência,5,2.0641575983168425,0.07414479115988305,0.06145879735637018,0.007135356356437606,5,127,138,0.8322311286495079,True,0.5102374428805838
Total (2013–2024),Tipologia | Vendavais e Ciclones,Tipologia,Vendavais e Ciclones,Comparação: sem dummies,12,143,Inadimplência → desastres,5,1.2234126054108905,0.30193429956700296,0.4009844553496872,0.04748580045689612,5,127,138,0.8322311286495079,True,0.566386324400215
Total (2013–2024),Tipologia | Vendavais e Ciclones,Tipologia,Vendavais e Ciclones,Comparação: sem dummies,12,143,Desastres → inadimplência,6,1.6005587575716658,0.15244610209150022,0.23978711882478537,0.02037525525905206,6,124,137,0.9166780568445502,True,0.6249699452648108
Total (2013–2024),Tipologia | Vendavais e Ciclones,Tipologia,Vendavais e Ciclones,Comparação: sem dummies,12,143,Inadimplência → desastres,6,1.2181065068734693,0.3014438390324219,0.38696935327993826,0.023384587628973087,6,124,137,0.9166780568445502,True,0.566386324400215
Total (2013–2024),Tipologia | Vendavais e Ciclones,Tipologia,Vendavais e Ciclones,Comparação: sem dummies,12,143,Desastres → inadimplência,7,2.3369798314395402,0.028458971155280812,0.013977264697863765,7.318904404827035e-05,7,121,136,0.9357229473280554,True,0.3905139274872028
Total (2013–2024),Tipologia | Vendavais e Ciclones,Tipologia,Vendavais e Ciclones,Comparação: sem dummies,12,143,Inadimplência → desastres,7,1.7949935803365311,0.09423448963386885,0.12373042586585908,3.244236507449047e-05,7,121,136,0.9357229473280554,True,0.35169339334534155
Total (2013–2024),Tipologia | Vendavais e Ciclones,Tipologia,Vendavais e Ciclones,Comparação: sem dummies,12,143,Desastres → inadimplência,8,2.159962537892804,0.03541268076955657,0.0351015658767613,0.000122324261297366,8,118,135,0.9518627947649826,True,0.40986899038838626
Total (2013–2024),Tipologia | Vendavais e Ciclones,Tipologia,Vendavais e Ciclones,Comparação: sem dummies,12,143,Inadimplência → desastres,8,2.1623479013303415,0.03520661810072777,0.07811473420251251,2.7564516521374953e-05,8,118,135,0.9518627947649826,True,0.22339377987795594
Total (2013–2024),Tipologia | Vendavais e Ciclones,Tipologia,Vendavais e Ciclones,Comparação: sem dummies,12,143,Desastres → inadimplência,9,1.905598114022815,0.05781843410435827,0.07353348043046126,6.9120027057062536e-06,9,115,134,0.9517099942320068,True,0.48081286519693056
Total (2013–2024),Tipologia | Vendavais e Ciclones,Tipologia,Vendavais e Ciclones,Comparação: sem dummies,12,143,Inadimplência → desastres,9,1.9003877418305792,0.058592290630406184,0.12176102360469201,3.607713430790521e-06,9,115,134,0.9517099942320068,True,0.27430847673411135
Total (2013–2024),Tipologia | Vendavais e Ciclones,Tipologia,Vendavais e Ciclones,Comparação: sem dummies,12,143,Desastres → inadimplência,10,1.5832382516132075,0.12057853047628128,0.11575371674906317,7.692218357354085e-06,10,112,133,0.9569851318136579,True,0.5530283168899143
Total (2013–2024),Tipologia | Vendavais e Ciclones,Tipologia,Vendavais e Ciclones,Comparação: sem dummies,12,143,Inadimplência → desastres,10,1.643208437772457,0.10342687501606809,0.172116602799393,4.055917360955862e-07,10,112,133,0.9569851318136579,True,0.3626022630412961
Total (2013–2024),Tipologia | Vendavais e Ciclones,Tipologia,Vendavais e Ciclones,Comparação: sem dummies,12,143,Desastres → inadimplência,11,1.4395869939238153,0.16560906351563906,0.1752304248827968,0.00013637190806227765,11,109,132,0.9639173321880409,True,0.6389238561560149
Total (2013–2024),Tipologia | Vendavais e Ciclones,Tipologia,Vendavais e Ciclones,Comparação: sem dummies,12,143,Inadimplência → desastres,11,1.5676571337086906,0.11849004983314952,0.12090977180193078,4.9716585567474115e-08,11,109,132,0.9639173321880409,True,0.3788269613865243
Total (2013–2024),Tipologia | Vendavais e Ciclones,Tipologia,Vendavais e Ciclones,Comparação: sem dummies,12,143,Desastres → inadimplência,12,1.3456624559932213,0.20424094294259754,0.2446013355354701,0.0004862533134702919,12,106,131,0.9795440303499846,True,0.6808031431419919
Total (2013–2024),Tipologia | Vendavais e Ciclones,Tipologia,Vendavais e Ciclones,Comparação: sem dummies,12,143,Inadimplência → desastres,12,1.489267370054035,0.13951167599098116,0.21305137000452148,1.650618388297849e-07,12,106,131,0.9795440303499846,True,0.40367961802945934
Total (2013–2024),Tipologia | Vendavais e Ciclones,Tipologia,Vendavais e Ciclones,Robustez: diferença sazonal,12,131,Desastres → inadimplência,1,4.352298006896925,0.038959901668307054,0.031202224634338485,0.00017882336892926145,1,127,130,0.5344242056157318,True,0.42648062491943156
Total (2013–2024),Tipologia | Vendavais e Ciclones,Tipologia,Vendavais e Ciclones,Robustez: diferença sazonal,12,131,Inadimplência → desastres,1,0.018954700424387235,0.8907144721952575,0.9355529521329545,0.8303649461614319,1,127,130,0.5344242056157318,True,0.9427545217985367
Total (2013–2024),Tipologia | Vendavais e Ciclones,Tipologia,Vendavais e Ciclones,Robustez: diferença sazonal,12,131,Desastres → inadimplência,2,4.711502633174532,0.010662030613594654,0.0003957289228701682,8.609324576574699e-05,2,124,129,0.6610011433713199,True,0.30598466858609275
Total (2013–2024),Tipologia | Vendavais e Ciclones,Tipologia,Vendavais e Ciclones,Robustez: diferença sazonal,12,131,Inadimplência → desastres,2,0.23707259619646978,0.7892907710134954,0.8547900404874172,0.8057836224851264,2,124,129,0.6610011433713199,True,0.8881173579730959
Total (2013–2024),Tipologia | Vendavais e Ciclones,Tipologia,Vendavais e Ciclones,Robustez: diferença sazonal,12,131,Desastres → inadimplência,3,3.0927334151599326,0.029608156517723284,0.0008544747067055574,5.636944004397127e-05,3,121,128,0.7118051642845873,True,0.3905139274872028
Total (2013–2024),Tipologia | Vendavais e Ciclones,Tipologia,Vendavais e Ciclones,Robustez: diferença sazonal,12,131,Inadimplência → desastres,3,4.929405278329268,0.002893044306850085,0.028989682803253744,0.0236347453016037,3,121,128,0.7118051642845873,True,0.09773798333952989
Total (2013–2024),Tipologia | Vendavais e Ciclones,Tipologia,Vendavais e Ciclones,Robustez: diferença sazonal,12,131,Desastres → inadimplência,4,2.027736455527218,0.09492494701978012,0.016005010781925982,2.1378207725405072e-08,4,118,127,0.6722357831326377,True,0.543788638138664
Total (2013–2024),Tipologia | Vendavais e Ciclones,Tipologia,Vendavais e Ciclones,Robustez: diferença sazonal,12,131,Inadimplência → desastres,4,4.413483388325971,0.002322514745728264,0.0530794253687132,0.007584281412046721,4,118,127,0.6722357831326377,True,0.09301921367378953
Total (2013–2024),Tipologia | Vendavais e Ciclones,Tipologia,Vendavais e Ciclones,Robustez: diferença sazonal,12,131,Desastres → inadimplência,5,1.571385155276699,0.17366851657720286,0.053908785880777146,3.406004346907513e-08,5,115,126,0.7471881448920726,True,0.6458395860626522
Total (2013–2024),Tipologia | Vendavais e Ciclones,Tipologia,Vendavais e Ciclones,Robustez: diferença sazonal,12,131,Inadimplência → desastres,5,3.4758517980639554,0.005808287510503446,0.1015195732915953,0.013016085737664914,5,115,126,0.7471881448920726,True,0.13200653432962378
Total (2013–2024),Tipologia | Vendavais e Ciclones,Tipologia,Vendavais e Ciclones,Robustez: diferença sazonal,12,131,Desastres → inadimplência,6,1.1459781540324938,0.3406144502525376,0.3258166370465043,0.004715743370716483,6,112,125,0.8202265320705824,True,0.7933688274062665
Total (2013–2024),Tipologia | Vendavais e Ciclones,Tipologia,Vendavais e Ciclones,Robustez: diferença sazonal,12,131,Inadimplência → desastres,6,2.8245518238822394,0.013444893974525387,0.25711078001353194,0.001979629942878082,6,112,125,0.8202265320705824,True,0.16331270176847915
Total (2013–2024),Tipologia | Vendavais e Ciclones,Tipologia,Vendavais e Ciclones,Robustez: diferença sazonal,12,131,Desastres → inadimplência,7,1.0354566485718761,0.4107488896884852,0.37847322291165514,0.0003055873178956371,7,109,124,0.7944892396586836,True,0.8375640485999992
Total (2013–2024),Tipologia | Vendavais e Ciclones,Tipologia,Vendavais e Ciclones,Robustez: diferença sazonal,12,131,Inadimplência → desastres,7,2.8658117151024096,0.008745412107079084,0.2259156633862782,8.218937972576266e-06,7,109,124,0.7944892396586836,True,0.15579806518550718
Total (2013–2024),Tipologia | Vendavais e Ciclones,Tipologia,Vendavais e Ciclones,Robustez: diferença sazonal,12,131,Desastres → inadimplência,8,0.9510987997714591,0.4782753490070313,0.49709172718682315,0.023216971794803566,8,106,123,0.875280405904345,True,0.8688071396108913
Total (2013–2024),Tipologia | Vendavais e Ciclones,Tipologia,Vendavais e Ciclones,Robustez: diferença sazonal,12,131,Inadimplência → desastres,8,2.7147211247332144,0.009248929533221999,0.36446943378526936,1.1979807816916721e-06,8,106,123,0.875280405904345,True,0.15579806518550718
Total (2013–2024),Tipologia | Vendavais e Ciclones,Tipologia,Vendavais e Ciclones,Robustez: diferença sazonal,12,131,Desastres → inadimplência,9,0.959343203728804,0.4780032608473822,0.6107761652570153,0.19005419440782123,9,103,122,0.9142467486822627,True,0.8688071396108913
Total (2013–2024),Tipologia | Vendavais e Ciclones,Tipologia,Vendavais e Ciclones,Robustez: diferença sazonal,12,131,Inadimplência → desastres,9,2.50726817279711,0.012299855048506371,0.3105763729709269,1.1942628565470124e-09,9,103,122,0.9142467486822627,True,0.16331270176847915
Total (2013–2024),Tipologia | Vendavais e Ciclones,Tipologia,Vendavais e Ciclones,Robustez: diferença sazonal,12,131,Desastres → inadimplência,10,0.9681979401241827,0.47582682148923405,0.5744102527684056,0.009126353715213595,10,100,121,0.896027367498712,True,0.8688071396108913
Total (2013–2024),Tipologia | Vendavais e Ciclones,Tipologia,Vendavais e Ciclones,Robustez: diferença sazonal,12,131,Inadimplência → desastres,10,2.3018317314436745,0.017729678612043692,0.35357473625542246,2.5293745510233967e-09,10,100,121,0.896027367498712,True,0.16926262794807567
Total (2013–2024),Tipologia | Vendavais e Ciclones,Tipologia,Vendavais e Ciclones,Robustez: diferença sazonal,12,131,Desastres → inadimplência,11,0.8988578888432192,0.5444779828564614,0.5622051586566624,2.370823822740252e-05,11,97,120,0.9493039038703054,True,0.8980501543719078
Total (2013–2024),Tipologia | Vendavais e Ciclones,Tipologia,Vendavais e Ciclones,Robustez: diferença sazonal,12,131,Inadimplência → desastres,11,2.634120009648051,0.0054807966479052585,0.0783579543023187,2.969902532708939e-13,11,97,120,0.9493039038703054,True,0.129264071884558
Total (2013–2024),Tipologia | Vendavais e Ciclones,Tipologia,Vendavais e Ciclones,Robustez: diferença sazonal,12,131,Desastres → inadimplência,12,0.7328457389033475,0.7160818536359941,0.6741295508825185,0.0010903857701094102,12,94,119,0.969779639104914,True,0.9299407173443379
Total (2013–2024),Tipologia | Vendavais e Ciclones,Tipologia,Vendavais e Ciclones,Robustez: diferença sazonal,12,131,Inadimplência → desastres,12,2.351125584155644,0.010942636854620588,0.06290599739159497,1.7938659567290151e-09,12,94,119,0.969779639104914,True,0.1622269276534126
Pré-pandemia (até jan/2020),Total nacional,Referência,Total nacional,Principal: 11 dummies,6,84,Desastres → inadimplência,1,1.4523092658916914,0.23227468373141696,0.2442173488533134,0.15233344747671848,1,69,83,0.4579579005211032,True,0.7132294285430795
Pré-pandemia (até jan/2020),Total nacional,Referência,Total nacional,Principal: 11 dummies,6,84,Inadimplência → desastres,1,5.324833538874112e-07,0.9994198776940685,0.9994778273059642,0.9992410145009254,1,69,83,0.4579579005211032,True,0.9994198776940685
Pré-pandemia (até jan/2020),Total nacional,Referência,Total nacional,Principal: 11 dummies,6,84,Desastres → inadimplência,2,1.2479906993264323,0.2937661954326012,0.3712655841910987,0.1835608102483605,2,66,82,0.6492772502803209,True,0.7578444358950407
Pré-pandemia (até jan/2020),Total nacional,Referência,Total nacional,Principal: 11 dummies,6,84,Inadimplência → desastres,2,1.2200382299648478,0.3017892967762439,0.31332985156445803,0.0831365835852017,2,66,82,0.6492772502803209,True,0.566386324400215
Pré-pandemia (até jan/2020),Total nacional,Referência,Total nacional,Principal: 11 dummies,6,84,Desastres → inadimplência,3,0.2509116993686621,0.8603951406260352,0.8682498241641073,0.6947165814153549,3,63,81,0.8449346752735081,True,0.9724176544145967
Pré-pandemia (até jan/2020),Total nacional,Referência,Total nacional,Principal: 11 dummies,6,84,Inadimplência → desastres,3,1.1070455457246757,0.35297150157176715,0.4085506213320813,0.10335100834855385,3,63,81,0.8449346752735081,True,0.6110113581026808
Pré-pandemia (até jan/2020),Total nacional,Referência,Total nacional,Principal: 11 dummies,6,84,Desastres → inadimplência,4,0.2953062205158332,0.8798978001211273,0.8989349173910335,0.1769508032257425,4,60,80,0.8264324726106493,True,0.976515560155759
Pré-pandemia (até jan/2020),Total nacional,Referência,Total nacional,Principal: 11 dummies,6,84,Inadimplência → desastres,4,2.61091860735904,0.044206719098006886,0.08985196905757195,0.05790807503217919,4,60,80,0.8264324726106493,True,0.24672345594106515
Pré-pandemia (até jan/2020),Total nacional,Referência,Total nacional,Principal: 11 dummies,6,84,Desastres → inadimplência,5,0.31732250279092755,0.9005701626554137,0.9343235428842572,0.16328376888191212,5,57,79,0.8339096646923665,True,0.9798981071848755
Pré-pandemia (até jan/2020),Total nacional,Referência,Total nacional,Principal: 11 dummies,6,84,Inadimplência → desastres,5,2.6434837009398953,0.032258009465670125,0.10928875347833275,0.03042595213154948,5,57,79,0.8339096646923665,True,0.21862166913328757
Pré-pandemia (até jan/2020),Total nacional,Referência,Total nacional,Principal: 11 dummies,6,84,Desastres → inadimplência,6,0.1728667484875731,0.9830318461291306,0.9917281318194529,0.5566625330472339,6,54,78,0.8742512503260271,True,0.9992078848635362
Pré-pandemia (até jan/2020),Total nacional,Referência,Total nacional,Principal: 11 dummies,6,84,Inadimplência → desastres,6,2.1411537592621044,0.06334539903459736,0.15899985321184196,0.06250009891664673,6,54,78,0.8742512503260271,True,0.28408817513613505
Pré-pandemia (até jan/2020),Total nacional,Referência,Total nacional,Comparação: sem dummies,11,84,Desastres → inadimplência,1,4.814585741703581,0.031120823533057257,0.01920496962490128,0.02987471960433753,1,80,83,0.29101065866533515,True,0.3905139274872028
Pré-pandemia (até jan/2020),Total nacional,Referência,Total nacional,Comparação: sem dummies,11,84,Inadimplência → desastres,1,1.4595450868229742,0.23056171735113365,0.3630478215088406,0.27920987883767906,1,80,83,0.29101065866533515,True,0.5090840908045676
Pré-pandemia (até jan/2020),Total nacional,Referência,Total nacional,Comparação: sem dummies,11,84,Desastres → inadimplência,2,3.3130421486562422,0.04166151767330476,0.028366238381285123,0.02929081715188752,2,77,82,0.6892072480743984,True,0.43762098396328525
Pré-pandemia (até jan/2020),Total nacional,Referência,Total nacional,Comparação: sem dummies,11,84,Inadimplência → desastres,2,4.545004405194012,0.013621092964080986,0.005218242607934574,0.0026855981122248175,2,77,82,0.6892072480743984,True,0.16331270176847915
Pré-pandemia (até jan/2020),Total nacional,Referência,Total nacional,Comparação: sem dummies,11,84,Desastres → inadimplência,3,2.5326838462197916,0.06346127140884299,0.015571675982511206,0.00011655386529636832,3,74,81,0.8073283526032814,True,0.48418606498525063
Pré-pandemia (até jan/2020),Total nacional,Referência,Total nacional,Comparação: sem dummies,11,84,Inadimplência → desastres,3,4.073146170636686,0.009818576727059125,0.011634098140104432,0.008170768613323475,3,74,81,0.8073283526032814,True,0.15579806518550718
Pré-pandemia (até jan/2020),Total nacional,Referência,Total nacional,Comparação: sem dummies,11,84,Desastres → inadimplência,4,2.043423221238151,0.0974752931277579,0.028855841384953635,0.0008133991558273657,4,71,80,0.8690949225314435,True,0.543788638138664
Pré-pandemia (até jan/2020),Total nacional,Referência,Total nacional,Comparação: sem dummies,11,84,Inadimplência → desastres,4,5.7958846752083915,0.0004285952828646694,0.000215463564173679,2.8538222241215406e-06,4,71,80,0.8690949225314435,True,0.06739057631552649
Pré-pandemia (até jan/2020),Total nacional,Referência,Total nacional,Comparação: sem dummies,11,84,Desastres → inadimplência,5,1.8564975052921047,0.11355198203621794,0.05347044142720475,0.01179125713701295,5,68,79,0.9052169979552633,True,0.5453141538059578
Pré-pandemia (até jan/2020),Total nacional,Referência,Total nacional,Comparação: sem dummies,11,84,Inadimplência → desastres,5,4.7993796821553465,0.000813249282579837,0.002789789642061108,3.7619062457053765e-07,5,68,79,0.9052169979552633,True,0.06840516675332589
Pré-pandemia (até jan/2020),Total nacional,Referência,Total nacional,Comparação: sem dummies,11,84,Desastres → inadimplência,6,0.4697843393405008,0.8282713407320593,0.8081265628038036,0.07788615707021895,6,65,78,0.9454213453387479,True,0.9635776473725449
Pré-pandemia (até jan/2020),Total nacional,Referência,Total nacional,Comparação: sem dummies,11,84,Inadimplência → desastres,6,4.198782877408749,0.001250800857100127,0.0015625383001557193,2.8700226607738284e-10,6,65,78,0.9454213453387479,True,0.08686117063195327
Pré-pandemia (até jan/2020),Total nacional,Referência,Total nacional,Comparação: sem dummies,11,84,Desastres → inadimplência,7,0.4479283037720322,0.8678483070811608,0.877501468852754,0.06651884824809359,7,62,77,0.9531762353065248,True,0.9745223741010597
Pré-pandemia (até jan/2020),Total nacional,Referência,Total nacional,Comparação: sem dummies,11,84,Inadimplência → desastres,7,4.241460266487139,0.0007008619936814754,0.00039790758718709004,6.529320052317938e-15,7,62,77,0.9531762353065248,True,0.06739057631552649
Pré-pandemia (até jan/2020),Total nacional,Referência,Total nacional,Comparação: sem dummies,11,84,Desastres → inadimplência,8,0.29021428384664516,0.9666175986318957,0.9860210134216986,0.5637612160344916,8,59,76,0.9618426629054342,True,0.9974321353428666
Pré-pandemia (até jan/2020),Total nacional,Referência,Total nacional,Comparação: sem dummies,11,84,Inadimplência → desastres,8,3.6095951497561116,0.0017850626447193404,0.003954218556602021,1.3619674799063701e-09,8,59,76,0.9618426629054342,True,0.09297201274579898
Pré-pandemia (até jan/2020),Total nacional,Referência,Total nacional,Comparação: sem dummies,11,84,Desastres → inadimplência,9,0.643701169115144,0.7549067093453607,0.7457185122083807,0.004002892271006396,9,56,75,0.9691411305264036,True,0.9445779646463472
Pré-pandemia (até jan/2020),Total nacional,Referência,Total nacional,Comparação: sem dummies,11,84,Inadimplência → desastres,9,3.3825905186995,0.0022420254960043135,0.00046299332259105476,4.5076324349551344e-10,9,56,75,0.9691411305264036,True,0.09301921367378953
Pré-pandemia (até jan/2020),Total nacional,Referência,Total nacional,Comparação: sem dummies,11,84,Desastres → inadimplência,10,0.571655245089069,0.8295171849640605,0.9279721224281762,0.05258645457809752,10,53,74,0.9511401464969282,True,0.9635776473725449
Pré-pandemia (até jan/2020),Total nacional,Referência,Total nacional,Comparação: sem dummies,11,84,Inadimplência → desastres,10,3.264948721839237,0.0023790042295746988,0.001349175553077228,1.2166420587262698e-14,10,53,74,0.9511401464969282,True,0.09301921367378953
Pré-pandemia (até jan/2020),Total nacional,Referência,Total nacional,Comparação: sem dummies,11,84,Desastres → inadimplência,11,0.6610480715924212,0.7674469276051273,0.8830986940152129,1.2298698097303124e-05,11,50,73,0.9907118030741696,True,0.9461996113825728
Pré-pandemia (até jan/2020),Total nacional,Referência,Total nacional,Comparação: sem dummies,11,84,Inadimplência → desastres,11,2.436910806763322,0.01609664932278792,0.0184630225851596,2.866636969143516e-15,11,50,73,0.9907118030741696,True,0.16628769961557768
Pré-pandemia (até jan/2020),Total nacional,Referência,Total nacional,Robustez: diferença sazonal,9,72,Desastres → inadimplência,1,0.1251879413899633,0.7245691782936726,0.7100384027127413,0.5687150911116332,1,68,71,0.42208946600832925,True,0.9299407173443379
Pré-pandemia (até jan/2020),Total nacional,Referência,Total nacional,Robustez: diferença sazonal,9,72,Inadimplência → desastres,1,0.48784546309537263,0.4872718324720881,0.5354477959211896,0.5993216759127804,1,68,71,0.42208946600832925,True,0.71573418400718
Pré-pandemia (até jan/2020),Total nacional,Referência,Total nacional,Robustez: diferença sazonal,9,72,Desastres → inadimplência,2,0.6050690173780908,0.5490830769212981,0.5899808713585136,0.17092720941493772,2,65,70,0.6839933840023362,True,0.8983689085754223
Pré-pandemia (até jan/2020),Total nacional,Referência,Total nacional,Robustez: diferença sazonal,9,72,Inadimplência → desastres,2,1.5217568555155772,0.22600356858872023,0.3590362854024369,0.23289135613169654,2,65,70,0.6839933840023362,True,0.5071893370482949
Pré-pandemia (até jan/2020),Total nacional,Referência,Total nacional,Robustez: diferença sazonal,9,72,Desastres → inadimplência,3,0.4439151559281061,0.7224524027156328,0.6563970596587593,0.2107965920717175,3,62,69,0.7774633965333827,True,0.9299407173443379
Pré-pandemia (até jan/2020),Total nacional,Referência,Total nacional,Robustez: diferença sazonal,9,72,Inadimplência → desastres,3,0.8138361924590591,0.49107406338756054,0.6295512014254244,0.35550365845849835,3,62,69,0.7774633965333827,True,0.716269053949184
Pré-pandemia (até jan/2020),Total nacional,Referência,Total nacional,Robustez: diferença sazonal,9,72,Desastres → inadimplência,4,0.302810644833487,0.8749448695936746,0.8583217318065057,0.13671733448503232,4,59,68,0.7476232193802881,True,0.9747603270874271
Pré-pandemia (até jan/2020),Total nacional,Referência,Total nacional,Robustez: diferença sazonal,9,72,Inadimplência → desastres,4,4.324818681658704,0.003905031536044055,0.001321683023278747,2.518695671416336e-09,4,59,68,0.7476232193802881,True,0.11351835860593183
Pré-pandemia (até jan/2020),Total nacional,Referência,Total nacional,Robustez: diferença sazonal,9,72,Desastres → inadimplência,5,0.2021154614385372,0.9602690650698364,0.9675413876481924,0.7744105259090543,5,56,67,0.7399236770679347,True,0.9928340209572337
Pré-pandemia (até jan/2020),Total nacional,Referência,Total nacional,Robustez: diferença sazonal,9,72,Inadimplência → desastres,5,3.7954288207303213,0.004967223871110979,0.0024446333602858488,3.037527538197925e-08,5,56,67,0.7399236770679347,True,0.12789019950449473
Pré-pandemia (até jan/2020),Total nacional,Referência,Total nacional,Robustez: diferença sazonal,9,72,Desastres → inadimplência,6,0.6129803060665228,0.7188537643360511,0.7502692314142732,0.14067317099558657,6,53,66,0.8618537696862616,True,0.9299407173443379
Pré-pandemia (até jan/2020),Total nacional,Referência,Total nacional,Robustez: diferença sazonal,9,72,Inadimplência → desastres,6,2.9036766278693396,0.015998503330233976,0.0147972884345769,4.7217846735182957e-07,6,53,66,0.8618537696862616,True,0.16628769961557768
Pré-pandemia (até jan/2020),Total nacional,Referência,Total nacional,Robustez: diferença sazonal,9,72,Desastres → inadimplência,7,0.6549961409322622,0.7084774141066683,0.816696224686888,0.001871461572801065,7,50,65,0.905017587477396,True,0.9299407173443379
Pré-pandemia (até jan/2020),Total nacional,Referência,Total nacional,Robustez: diferença sazonal,9,72,Inadimplência → desastres,7,2.729807969681545,0.01766488492218769,0.024745177119824803,5.666175478159305e-10,7,50,65,0.905017587477396,True,0.16926262794807567
Pré-pandemia (até jan/2020),Total nacional,Referência,Total nacional,Robustez: diferença sazonal,9,72,Desastres → inadimplência,8,0.8180342132655648,0.5905991396211687,0.8562573554714931,4.879063404999451e-07,8,47,64,0.9125775552337582,True,0.9143945838643741
Pré-pandemia (até jan/2020),Total nacional,Referência,Total nacional,Robustez: diferença sazonal,9,72,Inadimplência → desastres,8,2.8179377754939168,0.012257877055513986,0.02650358833229222,1.50044989370592e-12,8,47,64,0.9125775552337582,True,0.16331270176847915
Pré-pandemia (até jan/2020),Total nacional,Referência,Total nacional,Robustez: diferença sazonal,9,72,Desastres → inadimplência,9,1.2471449996098005,0.292360065400498,0.5015393436925155,8.537753281074919e-07,9,44,63,0.9295119206414622,True,0.7578444358950407
Pré-pandemia (até jan/2020),Total nacional,Referência,Total nacional,Robustez: diferença sazonal,9,72,Inadimplência → desastres,9,2.703788993024285,0.01345404481742966,0.02286164835368198,1.18748947109305e-10,9,44,63,0.9295119206414622,True,0.16331270176847915
Pré-pandemia (até jan/2020),Grupo | Climatológico,Grupo,Climatológico,Principal: 11 dummies,6,84,Desastres → inadimplência,1,3.165600976176903,0.079608847841576,0.12718344359040046,0.16486099505554194,1,69,83,0.4485209004344558,True,0.5310609721939257
Pré-pandemia (até jan/2020),Grupo | Climatológico,Grupo,Climatológico,Principal: 11 dummies,6,84,Inadimplência → desastres,1,1.8645455764209384,0.17653623049102918,0.20272753995124715,0.10810405771122543,1,69,83,0.4485209004344558,True,0.44691975606310386
Pré-pandemia (até jan/2020),Grupo | Climatológico,Grupo,Climatológico,Principal: 11 dummies,6,84,Desastres → inadimplência,2,2.9336110127070154,0.06017714283370579,0.12773946379624876,0.0631532629537951,2,66,82,0.6380586136816098,True,0.48100491439058674
Pré-pandemia (até jan/2020),Grupo | Climatológico,Grupo,Climatológico,Principal: 11 dummies,6,84,Inadimplência → desastres,2,1.0838977968239187,0.34421882811979265,0.4446754980209604,0.08648104524897365,2,66,82,0.6380586136816098,True,0.6027092785829633
Pré-pandemia (até jan/2020),Grupo | Climatológico,Grupo,Climatológico,Principal: 11 dummies,6,84,Desastres → inadimplência,3,0.6502518053896772,0.5857386096373605,0.709908231401006,0.5586176063304442,3,63,81,0.8454965451940145,True,0.9143945838643741
Pré-pandemia (até jan/2020),Grupo | Climatológico,Grupo,Climatológico,Principal: 11 dummies,6,84,Inadimplência → desastres,3,1.1517123337400452,0.33529514045743597,0.5606553407295769,0.1745305854969958,3,63,81,0.8454965451940145,True,0.5957156012264245
Pré-pandemia (até jan/2020),Grupo | Climatológico,Grupo,Climatológico,Principal: 11 dummies,6,84,Desastres → inadimplência,4,0.49297706302860395,0.7408755377614711,0.8498358178846286,0.7133602782452005,4,60,80,0.8255611634627572,True,0.9356186454536043
Pré-pandemia (até jan/2020),Grupo | Climatológico,Grupo,Climatológico,Principal: 11 dummies,6,84,Inadimplência → desastres,4,1.9120097983154563,0.12009164604641548,0.29458602095980563,0.09555355734934733,4,60,80,0.8255611634627572,True,0.38117060327998703
Pré-pandemia (até jan/2020),Grupo | Climatológico,Grupo,Climatológico,Principal: 11 dummies,6,84,Desastres → inadimplência,5,0.7607692888801822,0.5818422835200538,0.7078532459527231,0.04937667713981496,5,57,79,0.8689303370752542,True,0.9114070857143701
Pré-pandemia (até jan/2020),Grupo | Climatológico,Grupo,Climatológico,Principal: 11 dummies,6,84,Inadimplência → desastres,5,1.6173319318640855,0.1701512374258352,0.2866903119784108,0.05256685092845034,5,57,79,0.8689303370752542,True,0.44310218079644587
Pré-pandemia (até jan/2020),Grupo | Climatológico,Grupo,Climatológico,Principal: 11 dummies,6,84,Desastres → inadimplência,6,0.3462046488172114,0.9090542794771107,0.9617277069752611,0.3738600017824998,6,54,78,0.8821715551784769,True,0.981295751603096
Pré-pandemia (até jan/2020),Grupo | Climatológico,Grupo,Climatológico,Principal: 11 dummies,6,84,Inadimplência → desastres,6,1.3885987436480596,0.2360390334157902,0.4232840252435625,0.04381062155185894,6,54,78,0.8821715551784769,True,0.514022285313132
Pré-pandemia (até jan/2020),Grupo | Climatológico,Grupo,Climatológico,Comparação: sem dummies,11,84,Desastres → inadimplência,1,6.210425532803374,0.014766405557294233,0.022387865815882303,0.10669539202592389,1,80,83,0.31696912798958465,True,0.3175083365497919
Pré-pandemia (até jan/2020),Grupo | Climatológico,Grupo,Climatológico,Comparação: sem dummies,11,84,Inadimplência → desastres,1,2.270007085080622,0.1358379950351482,0.11822872442123385,0.11689582965094969,1,80,83,0.31696912798958465,True,0.3948778925440355
Pré-pandemia (até jan/2020),Grupo | Climatológico,Grupo,Climatológico,Comparação: sem dummies,11,84,Desastres → inadimplência,2,3.721770099484355,0.02864740414381739,0.04426588263713151,0.21959929510692158,2,77,82,0.5833127273379687,True,0.3905139274872028
Pré-pandemia (até jan/2020),Grupo | Climatológico,Grupo,Climatológico,Comparação: sem dummies,11,84,Inadimplência → desastres,2,2.422200827405156,0.09545908456569493,0.08977232140356584,0.02419482175669248,2,77,82,0.5833127273379687,True,0.35169339334534155
Pré-pandemia (até jan/2020),Grupo | Climatológico,Grupo,Climatológico,Comparação: sem dummies,11,84,Desastres → inadimplência,3,3.1625748895222867,0.02947321568707284,0.030815486233583555,0.019217903285608205,3,74,81,0.7965191729908792,True,0.3905139274872028
Pré-pandemia (até jan/2020),Grupo | Climatológico,Grupo,Climatológico,Comparação: sem dummies,11,84,Inadimplência → desastres,3,3.129086625096981,0.030697150977474254,0.03236781863534871,0.015972207113704607,3,74,81,0.7965191729908792,True,0.21317465956579346
Pré-pandemia (até jan/2020),Grupo | Climatológico,Grupo,Climatológico,Comparação: sem dummies,11,84,Desastres → inadimplência,4,2.5739423870819382,0.04490556966544458,0.055694670059533984,0.021741610769688984,4,71,80,0.8189605313362682,True,0.4490556966544458
Pré-pandemia (até jan/2020),Grupo | Climatológico,Grupo,Climatológico,Comparação: sem dummies,11,84,Inadimplência → desastres,4,3.9676433197435617,0.0058065204501019825,0.014000222695867714,0.0001192839938670099,4,71,80,0.8189605313362682,True,0.13200653432962378
Pré-pandemia (até jan/2020),Grupo | Climatológico,Grupo,Climatológico,Comparação: sem dummies,11,84,Desastres → inadimplência,5,2.3570140941388478,0.049377711517489445,0.09559113878718299,0.028587718038581664,5,68,79,0.8827716348171408,True,0.46061298057359557
Pré-pandemia (até jan/2020),Grupo | Climatológico,Grupo,Climatológico,Comparação: sem dummies,11,84,Inadimplência → desastres,5,2.1713693227965463,0.06741844126083472,0.08485188936593283,0.001064001433716659,5,68,79,0.8827716348171408,True,0.2956949178106786
Pré-pandemia (até jan/2020),Grupo | Climatológico,Grupo,Climatológico,Comparação: sem dummies,11,84,Desastres → inadimplência,6,0.7013623028324123,0.6494801928696337,0.51715303087044,0.0007987286389777326,6,65,78,0.9370712956468482,True,0.9168999854112312
Pré-pandemia (até jan/2020),Grupo | Climatológico,Grupo,Climatológico,Comparação: sem dummies,11,84,Inadimplência → desastres,6,2.4231689314404066,0.03556428975657059,0.019652704215865294,1.3793365746708334e-07,6,65,78,0.9370712956468482,True,0.22339377987795594
Pré-pandemia (até jan/2020),Grupo | Climatológico,Grupo,Climatológico,Comparação: sem dummies,11,84,Desastres → inadimplência,7,0.9583786908319596,0.4693128956327648,0.43648290008757684,0.0026527566405467437,7,62,77,0.964329581509906,True,0.8679979794748078
Pré-pandemia (até jan/2020),Grupo | Climatológico,Grupo,Climatológico,Comparação: sem dummies,11,84,Inadimplência → desastres,7,3.013211156294605,0.008635693601307478,0.0007713277630551633,1.4697989903078794e-14,7,62,77,0.964329581509906,True,0.15579806518550718
Pré-pandemia (até jan/2020),Grupo | Climatológico,Grupo,Climatológico,Comparação: sem dummies,11,84,Desastres → inadimplência,8,0.8920924090044176,0.5289142527559334,0.5482381100344785,0.002384363554514033,8,59,76,0.9576688005609572,True,0.8891569665946155
Pré-pandemia (até jan/2020),Grupo | Climatológico,Grupo,Climatológico,Comparação: sem dummies,11,84,Inadimplência → desastres,8,2.651591060343198,0.014822112126042727,0.0007535374305046615,1.322061844329405e-13,8,59,76,0.9576688005609572,True,0.16331270176847915
Pré-pandemia (até jan/2020),Grupo | Climatológico,Grupo,Climatológico,Comparação: sem dummies,11,84,Desastres → inadimplência,9,0.9472897946255685,0.49260504226940993,0.39704810375378247,2.594359976954597e-10,9,56,75,0.9822602197687268,True,0.8734538993045402
Pré-pandemia (até jan/2020),Grupo | Climatológico,Grupo,Climatológico,Comparação: sem dummies,11,84,Inadimplência → desastres,9,2.104634127857064,0.04428612662785307,0.0036062425426792383,3.1822745660970334e-11,9,56,75,0.9822602197687268,True,0.24672345594106515
Pré-pandemia (até jan/2020),Grupo | Climatológico,Grupo,Climatológico,Comparação: sem dummies,11,84,Desastres → inadimplência,10,0.7958821655842857,0.6329078684950047,0.5725255628162346,5.008358115751198e-09,10,53,74,0.9536668312887714,True,0.9168999854112312
Pré-pandemia (até jan/2020),Grupo | Climatológico,Grupo,Climatológico,Comparação: sem dummies,11,84,Inadimplência → desastres,10,2.655702804957202,0.010494885941226178,0.0002452007231996278,6.7936965610806745e-18,10,53,74,0.9536668312887714,True,0.1599830173967405
Pré-pandemia (até jan/2020),Grupo | Climatológico,Grupo,Climatológico,Comparação: sem dummies,11,84,Desastres → inadimplência,11,0.7761871454084835,0.6616350294727444,0.6620913188063595,2.8190860568507642e-11,11,50,73,0.9876177689282832,True,0.9168999854112312
Pré-pandemia (até jan/2020),Grupo | Climatológico,Grupo,Climatológico,Comparação: sem dummies,11,84,Inadimplência → desastres,11,1.7600705286691207,0.08711450247004611,0.015939320155976672,1.4567579643017713e-13,11,50,73,0.9876177689282832,True,0.3402910252736176
Pré-pandemia (até jan/2020),Grupo | Climatológico,Grupo,Climatológico,Robustez: diferença sazonal,9,72,Desastres → inadimplência,1,2.708854338641313,0.10440741852262347,0.115556220803275,0.0708432121632111,1,68,71,0.4378774324885941,True,0.543788638138664
Pré-pandemia (até jan/2020),Grupo | Climatológico,Grupo,Climatológico,Robustez: diferença sazonal,9,72,Inadimplência → desastres,1,0.0354680079874889,0.8511792527406511,0.85592259596705,0.8725209010230806,1,68,71,0.4378774324885941,True,0.9235885988939356
Pré-pandemia (até jan/2020),Grupo | Climatológico,Grupo,Climatológico,Robustez: diferença sazonal,9,72,Desastres → inadimplência,2,2.3475485073108158,0.10366012178313322,0.10834629204644798,0.05766254187619148,2,65,70,0.6217474906104129,True,0.543788638138664
Pré-pandemia (até jan/2020),Grupo | Climatológico,Grupo,Climatológico,Robustez: diferença sazonal,9,72,Inadimplência → desastres,2,0.6582545335039305,0.5211710085839347,0.6726532211568778,0.5419335260218898,2,65,70,0.6217474906104129,True,0.7348114506003489
Pré-pandemia (até jan/2020),Grupo | Climatológico,Grupo,Climatológico,Robustez: diferença sazonal,9,72,Desastres → inadimplência,3,1.4943626670262093,0.22485109621265567,0.3185752169223541,0.12630104947720283,3,62,69,0.7888236871537138,True,0.7132294285430795
Pré-pandemia (até jan/2020),Grupo | Climatológico,Grupo,Climatológico,Robustez: diferença sazonal,9,72,Inadimplência → desastres,3,0.46155005113531755,0.7101437756555761,0.8841477207403491,0.6801187644955766,3,62,69,0.7888236871537138,True,0.8465135751150248
Pré-pandemia (até jan/2020),Grupo | Climatológico,Grupo,Climatológico,Robustez: diferença sazonal,9,72,Desastres → inadimplência,4,1.197579125089526,0.3214324882294343,0.31208162214741886,0.11317771247443278,4,59,68,0.8095394159333434,True,0.7847472857163923
Pré-pandemia (até jan/2020),Grupo | Climatológico,Grupo,Climatológico,Robustez: diferença sazonal,9,72,Inadimplência → desastres,4,2.9189683000785793,0.028545048428817735,0.06469942547872447,0.009949873002930775,4,59,68,0.8095394159333434,True,0.2062503499192033
Pré-pandemia (até jan/2020),Grupo | Climatológico,Grupo,Climatológico,Robustez: diferença sazonal,9,72,Desastres → inadimplência,5,0.9204278768032038,0.4746448547127865,0.5589563117436167,0.16139887377371193,5,56,67,0.8025213809186794,True,0.8686765276588333
Pré-pandemia (até jan/2020),Grupo | Climatológico,Grupo,Climatológico,Robustez: diferença sazonal,9,72,Inadimplência → desastres,5,2.7343941012954227,0.027965828245454873,0.06072985897528986,6.946973447475606e-07,5,56,67,0.8025213809186794,True,0.20563109004010935
Pré-pandemia (até jan/2020),Grupo | Climatológico,Grupo,Climatológico,Robustez: diferença sazonal,9,72,Desastres → inadimplência,6,0.9731188065739536,0.45251733853987697,0.6675149183167044,0.050874871789121534,6,53,66,0.8492567696838482,True,0.857040413901282
Pré-pandemia (até jan/2020),Grupo | Climatológico,Grupo,Climatológico,Robustez: diferença sazonal,9,72,Inadimplência → desastres,6,2.181601120992284,0.05921383431715922,0.1250272892958195,6.778408662826941e-06,6,53,66,0.8492567696838482,True,0.2751572226633793
Pré-pandemia (até jan/2020),Grupo | Climatológico,Grupo,Climatológico,Robustez: diferença sazonal,9,72,Desastres → inadimplência,7,0.7562559829190227,0.626106197322289,0.8303150885427304,0.2720323502997194,7,50,65,0.8744479373045272,True,0.9168999854112312
Pré-pandemia (até jan/2020),Grupo | Climatológico,Grupo,Climatológico,Robustez: diferença sazonal,9,72,Inadimplência → desastres,7,2.8759904729778105,0.013260654852825371,0.04502392249443784,8.043497757884158e-08,7,50,65,0.8744479373045272,True,0.16331270176847915
Pré-pandemia (até jan/2020),Grupo | Climatológico,Grupo,Climatológico,Robustez: diferença sazonal,9,72,Desastres → inadimplência,8,0.7661243811830296,0.6339185212411134,0.877490983147208,0.04537833042285167,8,47,64,0.9069149933871992,True,0.9168999854112312
Pré-pandemia (até jan/2020),Grupo | Climatológico,Grupo,Climatológico,Robustez: diferença sazonal,9,72,Inadimplência → desastres,8,2.8686720051160837,0.011031431080432058,0.08886754904589349,4.098375728492722e-08,8,47,64,0.9069149933871992,True,0.1622269276534126
Pré-pandemia (até jan/2020),Grupo | Climatológico,Grupo,Climatológico,Robustez: diferença sazonal,9,72,Desastres → inadimplência,9,0.7190185554408445,0.6887276389478039,0.8581521413135991,0.004617347861058614,9,44,63,0.9147469145177325,True,0.925709192134145
Pré-pandemia (até jan/2020),Grupo | Climatológico,Grupo,Climatológico,Robustez: diferença sazonal,9,72,Inadimplência → desastres,9,2.5754238648310355,0.017790862016110583,0.12175143250856794,8.17150301517656e-09,9,44,63,0.9147469145177325,True,0.16926262794807567
Pré-pandemia (até jan/2020),Grupo | Hidrológico,Grupo,Hidrológico,Principal: 11 dummies,6,84,Desastres → inadimplência,1,0.3788518164185854,0.5402433156429546,0.5707298439135028,0.23542381634568868,1,69,83,0.3364107522076718,True,0.8959352950651162
Pré-pandemia (até jan/2020),Grupo | Hidrológico,Grupo,Hidrológico,Principal: 11 dummies,6,84,Inadimplência → desastres,1,0.6287086197687801,0.43054741670467245,0.5361093848426708,0.47442082286739873,1,69,83,0.3364107522076718,True,0.6769613470199253
Pré-pandemia (até jan/2020),Grupo | Hidrológico,Grupo,Hidrológico,Principal: 11 dummies,6,84,Desastres → inadimplência,2,0.27311637702986924,0.761860063263269,0.7648773404341516,0.503920278060387,2,66,82,0.595456846790441,True,0.9461996113825728
Pré-pandemia (até jan/2020),Grupo | Hidrológico,Grupo,Hidrológico,Principal: 11 dummies,6,84,Inadimplência → desastres,2,0.3058897556226725,0.737506224493495,0.8079814727823093,0.5850212278524133,2,66,82,0.595456846790441,True,0.8567683834729264
Pré-pandemia (até jan/2020),Grupo | Hidrológico,Grupo,Hidrológico,Principal: 11 dummies,6,84,Desastres → inadimplência,3,0.2789799573612437,0.8403634063139774,0.8656805133467567,0.6177302023731126,3,63,81,0.8480142899331374,True,0.9663792620905903
Pré-pandemia (até jan/2020),Grupo | Hidrológico,Grupo,Hidrológico,Principal: 11 dummies,6,84,Inadimplência → desastres,3,0.7360854967627256,0.534414798303455,0.6082770300778775,0.24651716804017498,3,63,81,0.8480142899331374,True,0.7389585153532287
Pré-pandemia (até jan/2020),Grupo | Hidrológico,Grupo,Hidrológico,Principal: 11 dummies,6,84,Desastres → inadimplência,4,0.5830378576711639,0.6760999048717731,0.7224679088951832,0.16563121085102017,4,60,80,0.8156135125583093,True,0.9235504512733719
Pré-pandemia (até jan/2020),Grupo | Hidrológico,Grupo,Hidrológico,Principal: 11 dummies,6,84,Inadimplência → desastres,4,0.6192722316172294,0.6504991472881234,0.7431325046436555,0.31956089499594226,4,60,80,0.8156135125583093,True,0.8106918585345506
Pré-pandemia (até jan/2020),Grupo | Hidrológico,Grupo,Hidrológico,Principal: 11 dummies,6,84,Desastres → inadimplência,5,0.5328884831771402,0.7504545059183767,0.8085700204423991,0.1905756243973089,5,57,79,0.7863430781286521,True,0.9408908048124082
Pré-pandemia (até jan/2020),Grupo | Hidrológico,Grupo,Hidrológico,Principal: 11 dummies,6,84,Inadimplência → desastres,5,1.0978059332844075,0.3717296541434284,0.4219394517835622,1.2591151328446519e-05,5,57,79,0.7863430781286521,True,0.6296233979394112
Pré-pandemia (até jan/2020),Grupo | Hidrológico,Grupo,Hidrológico,Principal: 11 dummies,6,84,Desastres → inadimplência,6,0.49203515600882836,0.8114711517442852,0.8560324581704408,0.06499296108147466,6,54,78,0.8635467334965602,True,0.9604762939660999
Pré-pandemia (até jan/2020),Grupo | Hidrológico,Grupo,Hidrológico,Principal: 11 dummies,6,84,Inadimplência → desastres,6,1.1633635516245169,0.33952053558221396,0.5569276942957451,0.00010547888204168814,6,54,78,0.8635467334965602,True,0.5994359738386545
Pré-pandemia (até jan/2020),Grupo | Hidrológico,Grupo,Hidrológico,Comparação: sem dummies,11,84,Desastres → inadimplência,1,0.24388241695139268,0.6227691675556131,0.6105784801944236,0.5670687333590343,1,80,83,0.2663442040161473,True,0.9168999854112312
Pré-pandemia (até jan/2020),Grupo | Hidrológico,Grupo,Hidrológico,Comparação: sem dummies,11,84,Inadimplência → desastres,1,0.343495259460032,0.5594685762118746,0.7015825667477101,0.655204382822191,1,80,83,0.2663442040161473,True,0.7617488551447619
Pré-pandemia (até jan/2020),Grupo | Hidrológico,Grupo,Hidrológico,Comparação: sem dummies,11,84,Desastres → inadimplência,2,0.4899585088035404,0.6145487282678385,0.6703302133225945,0.288737518983763,2,77,82,0.3761448828455488,True,0.9168999854112312
Pré-pandemia (até jan/2020),Grupo | Hidrológico,Grupo,Hidrológico,Comparação: sem dummies,11,84,Inadimplência → desastres,2,1.1862989963290989,0.3108672597090078,0.1968028368850064,0.2088979526607956,2,77,82,0.3761448828455488,True,0.5756801105722367
Pré-pandemia (até jan/2020),Grupo | Hidrológico,Grupo,Hidrológico,Comparação: sem dummies,11,84,Desastres → inadimplência,3,0.7382293152481506,0.5325750602389696,0.5954261456692034,0.2716203901885874,3,74,81,0.7239114611346404,True,0.8897598956297889
Pré-pandemia (até jan/2020),Grupo | Hidrológico,Grupo,Hidrológico,Comparação: sem dummies,11,84,Inadimplência → desastres,3,0.7743502762299622,0.5120111582218184,0.3428327720513525,0.2535826695558509,3,74,81,0.7239114611346404,True,0.7293224099508568
Pré-pandemia (até jan/2020),Grupo | Hidrológico,Grupo,Hidrológico,Comparação: sem dummies,11,84,Desastres → inadimplência,4,3.136940205268522,0.019611047289135895,0.0013066023438069701,1.0054756246903471e-08,4,71,80,0.8427807548816143,True,0.323410687130845
Pré-pandemia (até jan/2020),Grupo | Hidrológico,Grupo,Hidrológico,Comparação: sem dummies,11,84,Inadimplência → desastres,4,1.1284434235690337,0.3500844129889191,0.11623747384846465,0.019516221757524318,4,71,80,0.8427807548816143,True,0.6086307597164796
Pré-pandemia (até jan/2020),Grupo | Hidrológico,Grupo,Hidrológico,Comparação: sem dummies,11,84,Desastres → inadimplência,5,3.027155795624131,0.015867686171496722,0.0030208199625290566,6.164867690644977e-08,5,68,79,0.8866468002346827,True,0.3175083365497919
Pré-pandemia (até jan/2020),Grupo | Hidrológico,Grupo,Hidrológico,Comparação: sem dummies,11,84,Inadimplência → desastres,5,1.5186787698768867,0.19557418667627133,0.11677822422197713,0.0011711971347477036,5,68,79,0.8866468002346827,True,0.4689730068263471
Pré-pandemia (até jan/2020),Grupo | Hidrológico,Grupo,Hidrológico,Comparação: sem dummies,11,84,Desastres → inadimplência,6,2.4804981832080673,0.031920846024805966,0.02243335321447793,2.1423191037261326e-07,6,65,78,0.9522456678175596,True,0.3905139274872028
Pré-pandemia (até jan/2020),Grupo | Hidrológico,Grupo,Hidrológico,Comparação: sem dummies,11,84,Inadimplência → desastres,6,2.764038904513085,0.018666489964134832,0.03482597221140682,6.660338624588278e-07,6,65,78,0.9522456678175596,True,0.1715670033468275
Pré-pandemia (até jan/2020),Grupo | Hidrológico,Grupo,Hidrológico,Comparação: sem dummies,11,84,Desastres → inadimplência,7,1.7471302369335227,0.11449955185770833,0.09185683253916019,2.115798966182294e-05,7,62,77,0.957087721895661,True,0.5453141538059578
Pré-pandemia (até jan/2020),Grupo | Hidrológico,Grupo,Hidrológico,Comparação: sem dummies,11,84,Inadimplência → desastres,7,2.1771544575687956,0.048413975556923866,0.071248541176663,4.5512969827648736e-08,7,62,77,0.957087721895661,True,0.2538127077770089
Pré-pandemia (até jan/2020),Grupo | Hidrológico,Grupo,Hidrológico,Comparação: sem dummies,11,84,Desastres → inadimplência,8,1.4844982378202656,0.182403067762648,0.38654596628312754,0.0007382146925838548,8,59,76,0.9700899238934537,True,0.653825799941562
Pré-pandemia (até jan/2020),Grupo | Hidrológico,Grupo,Hidrológico,Comparação: sem dummies,11,84,Inadimplência → desastres,8,1.8341845637087282,0.08853984242939512,0.16552249443644404,3.3777391587789444e-06,8,59,76,0.9700899238934537,True,0.3415888982615553
Pré-pandemia (até jan/2020),Grupo | Hidrológico,Grupo,Hidrológico,Comparação: sem dummies,11,84,Desastres → inadimplência,9,1.3501337020837434,0.23300554445518817,0.31980843908057505,0.0005686157199644726,9,56,75,0.9590394666417781,True,0.7132294285430795
Pré-pandemia (até jan/2020),Grupo | Hidrológico,Grupo,Hidrológico,Comparação: sem dummies,11,84,Inadimplência → desastres,9,1.586437478590267,0.14183880441147811,0.27181818617935594,3.5620056558805172e-06,9,56,75,0.9590394666417781,True,0.4075342919479608
Pré-pandemia (até jan/2020),Grupo | Hidrológico,Grupo,Hidrológico,Comparação: sem dummies,11,84,Desastres → inadimplência,10,1.321993247585573,0.2432397996502216,0.3718979379855719,2.927234216439947e-06,10,53,74,0.9567408776350773,True,0.720577486821982
Pré-pandemia (até jan/2020),Grupo | Hidrológico,Grupo,Hidrológico,Comparação: sem dummies,11,84,Inadimplência → desastres,10,1.1919256721609832,0.3174086223304509,0.5541429454712604,8.619664488367874e-08,10,53,74,0.9567408776350773,True,0.5826149455404753
Pré-pandemia (até jan/2020),Grupo | Hidrológico,Grupo,Hidrológico,Comparação: sem dummies,11,84,Desastres → inadimplência,11,1.265649441025727,0.2715051114028216,0.38904667666734744,2.0895149631960992e-08,11,50,73,0.9729428220074121,True,0.7485099092804823
Pré-pandemia (até jan/2020),Grupo | Hidrológico,Grupo,Hidrológico,Comparação: sem dummies,11,84,Inadimplência → desastres,11,1.062883387548789,0.4090564077198963,0.43288734576645516,1.0768811882473833e-07,11,50,73,0.9729428220074121,True,0.6606208135011246
Pré-pandemia (até jan/2020),Grupo | Hidrológico,Grupo,Hidrológico,Robustez: diferença sazonal,9,72,Desastres → inadimplência,1,1.6907724606880523,0.19788911788209307,0.18016911834537241,0.003926169450538603,1,68,71,0.31283446912175267,True,0.6716321438869381
Pré-pandemia (até jan/2020),Grupo | Hidrológico,Grupo,Hidrológico,Robustez: diferença sazonal,9,72,Inadimplência → desastres,1,0.03225925624742808,0.8579939712784521,0.8829888732123239,0.9012998131647992,1,68,71,0.31283446912175267,True,0.926959778822874
Pré-pandemia (até jan/2020),Grupo | Hidrológico,Grupo,Hidrológico,Robustez: diferença sazonal,9,72,Desastres → inadimplência,2,1.105341049500335,0.337240128047334,0.3881791251848021,0.14576101793578164,2,65,70,0.5037560127966106,True,0.7933688274062665
Pré-pandemia (até jan/2020),Grupo | Hidrológico,Grupo,Hidrológico,Robustez: diferença sazonal,9,72,Inadimplência → desastres,2,0.047426712699073656,0.9537133333711014,0.9477192881242518,0.7316969858398444,2,65,70,0.5037560127966106,True,0.9764677884062071
Pré-pandemia (até jan/2020),Grupo | Hidrológico,Grupo,Hidrológico,Robustez: diferença sazonal,9,72,Desastres → inadimplência,3,1.0991185484988144,0.3563246284918503,0.19419970000222717,0.02219512586512084,3,62,69,0.7714516084870624,True,0.8069713964343528
Pré-pandemia (até jan/2020),Grupo | Hidrológico,Grupo,Hidrológico,Robustez: diferença sazonal,9,72,Inadimplência → desastres,3,0.7867449554791338,0.5058648616876795,0.5442565411362539,0.3565644630736387,3,62,69,0.7714516084870624,True,0.7278925859189871
Pré-pandemia (até jan/2020),Grupo | Hidrológico,Grupo,Hidrológico,Robustez: diferença sazonal,9,72,Desastres → inadimplência,4,1.0281585786853005,0.4003419561525213,0.27584858314421434,0.03358838088170194,4,59,68,0.6949591078960465,True,0.8312748258980925
Pré-pandemia (até jan/2020),Grupo | Hidrológico,Grupo,Hidrológico,Robustez: diferença sazonal,9,72,Inadimplência → desastres,4,0.709477364046717,0.5886996755307173,0.517943183855198,0.017001580029520215,4,59,68,0.6949591078960465,True,0.7748256645865398
Pré-pandemia (até jan/2020),Grupo | Hidrológico,Grupo,Hidrológico,Robustez: diferença sazonal,9,72,Desastres → inadimplência,5,0.7391070966735986,0.5973742608356608,0.5699358396969585,0.11819999633839996,5,56,67,0.7924792050850784,True,0.9143945838643741
Pré-pandemia (até jan/2020),Grupo | Hidrológico,Grupo,Hidrológico,Robustez: diferença sazonal,9,72,Inadimplência → desastres,5,0.9967684905125634,0.42819519127256067,0.24147531296758784,1.237915765519227e-05,5,56,67,0.7924792050850784,True,0.6766674956898873
Pré-pandemia (até jan/2020),Grupo | Hidrológico,Grupo,Hidrológico,Robustez: diferença sazonal,9,72,Desastres → inadimplência,6,0.6886349343794137,0.6596239555042925,0.719701622372158,0.10707809460913827,6,53,66,0.819967830693678,True,0.9168999854112312
Pré-pandemia (até jan/2020),Grupo | Hidrológico,Grupo,Hidrológico,Robustez: diferença sazonal,9,72,Inadimplência → desastres,6,1.0866717375422243,0.38240355909611434,0.20612543015518872,2.5421759759370633e-07,6,53,66,0.819967830693678,True,0.6409686395963462
Pré-pandemia (até jan/2020),Grupo | Hidrológico,Grupo,Hidrológico,Robustez: diferença sazonal,9,72,Desastres → inadimplência,7,0.5870599373401859,0.7632134903006794,0.8193038874558983,0.1445027879179774,7,50,65,0.8377181001850796,True,0.9461996113825728
Pré-pandemia (até jan/2020),Grupo | Hidrológico,Grupo,Hidrológico,Robustez: diferença sazonal,9,72,Inadimplência → desastres,7,1.2895777561956367,0.27477282435571665,0.17264222578799268,2.4374722926196426e-07,7,50,65,0.8377181001850796,True,0.552571983653619
Pré-pandemia (até jan/2020),Grupo | Hidrológico,Grupo,Hidrológico,Robustez: diferença sazonal,9,72,Desastres → inadimplência,8,0.7705378646674514,0.6302085827230368,0.6294363547436526,0.00547880659759306,8,47,64,0.8758430126168251,True,0.9168999854112312
Pré-pandemia (até jan/2020),Grupo | Hidrológico,Grupo,Hidrológico,Robustez: diferença sazonal,9,72,Inadimplência → desastres,8,1.2896518667764734,0.27190755560625457,0.2199159826751661,1.5691638579807663e-07,8,47,64,0.8758430126168251,True,0.5522152457799396
Pré-pandemia (até jan/2020),Grupo | Hidrológico,Grupo,Hidrológico,Robustez: diferença sazonal,9,72,Desastres → inadimplência,9,0.9775420521152137,0.4714965024507156,0.2774533775710485,0.0018863821585600473,9,44,63,0.9077860346629841,True,0.8679979794748078
Pré-pandemia (até jan/2020),Grupo | Hidrológico,Grupo,Hidrológico,Robustez: diferença sazonal,9,72,Inadimplência → desastres,9,1.2778529430701102,0.27582268741583904,0.42276655192562035,7.873981077512867e-06,9,44,63,0.9077860346629841,True,0.552571983653619
Pré-pandemia (até jan/2020),Grupo | Meteorológico,Grupo,Meteorológico,Principal: 11 dummies,6,84,Desastres → inadimplência,1,0.49578195681591797,0.48372899789120544,0.5046165394295214,0.25377297874143573,1,69,83,0.6680857341157805,True,0.8699822529860834
Pré-pandemia (até jan/2020),Grupo | Meteorológico,Grupo,Meteorológico,Principal: 11 dummies,6,84,Inadimplência → desastres,1,0.7731575150426383,0.38229402760772224,0.5098070609279699,0.4717268528012858,1,69,83,0.6680857341157805,True,0.6409686395963462
Pré-pandemia (até jan/2020),Grupo | Meteorológico,Grupo,Meteorológico,Principal: 11 dummies,6,84,Desastres → inadimplência,2,0.7551146589235767,0.47397302696032406,0.49510555820223345,0.38326952534833525,2,66,82,0.6685542804408792,True,0.8686765276588333
Pré-pandemia (até jan/2020),Grupo | Meteorológico,Grupo,Meteorológico,Principal: 11 dummies,6,84,Inadimplência → desastres,2,1.5735502934169776,0.21498527665238185,0.3622163076450552,0.15901498454595028,2,66,82,0.6685542804408792,True,0.490386123750871
Pré-pandemia (até jan/2020),Grupo | Meteorológico,Grupo,Meteorológico,Principal: 11 dummies,6,84,Desastres → inadimplência,3,0.7048463244298557,0.5526859428262323,0.6173871434268405,0.053699180129721115,3,63,81,0.8504206671342672,True,0.8987103429813551
Pré-pandemia (até jan/2020),Grupo | Meteorológico,Grupo,Meteorológico,Principal: 11 dummies,6,84,Inadimplência → desastres,3,1.3565990173330662,0.26421188847499866,0.506372013567832,0.27444681259305986,3,63,81,0.8504206671342672,True,0.5440439109491263
Pré-pandemia (até jan/2020),Grupo | Meteorológico,Grupo,Meteorológico,Principal: 11 dummies,6,84,Desastres → inadimplência,4,0.576697895548326,0.6806142399739774,0.7411602773747252,0.08322228779341069,4,60,80,0.8193514887020108,True,0.9235504512733719
Pré-pandemia (até jan/2020),Grupo | Meteorológico,Grupo,Meteorológico,Principal: 11 dummies,6,84,Inadimplência → desastres,4,1.8741250183312088,0.12670197716262763,0.40511682558415607,0.01016832725698989,4,60,80,0.8193514887020108,True,0.3834805604195751
Pré-pandemia (até jan/2020),Grupo | Meteorológico,Grupo,Meteorológico,Principal: 11 dummies,6,84,Desastres → inadimplência,5,0.7608518009590942,0.581783698962118,0.7710084135352799,0.005889254356806744,5,57,79,0.7857430234683828,True,0.9114070857143701
Pré-pandemia (até jan/2020),Grupo | Meteorológico,Grupo,Meteorológico,Principal: 11 dummies,6,84,Inadimplência → desastres,5,1.4804103470975192,0.2105189276107335,0.5654931381079753,0.02751657354034656,5,57,79,0.7857430234683828,True,0.48372915351731044
Pré-pandemia (até jan/2020),Grupo | Meteorológico,Grupo,Meteorológico,Principal: 11 dummies,6,84,Desastres → inadimplência,6,0.7216881791831804,0.6338997568762642,0.7506051919042381,0.0014116258702625342,6,54,78,0.8805334078179164,True,0.9168999854112312
Pré-pandemia (até jan/2020),Grupo | Meteorológico,Grupo,Meteorológico,Principal: 11 dummies,6,84,Inadimplência → desastres,6,2.567036826262073,0.029237829922754296,0.1983836435928404,5.526828186441438e-06,6,54,78,0.8805334078179164,True,0.20648184973696537
Pré-pandemia (até jan/2020),Grupo | Meteorológico,Grupo,Meteorológico,Comparação: sem dummies,11,84,Desastres → inadimplência,1,0.9629947813216551,0.32939194895250085,0.30698250607290506,0.049106348236148366,1,80,83,0.4701899175845458,True,0.7918075695973579
Pré-pandemia (até jan/2020),Grupo | Meteorológico,Grupo,Meteorológico,Comparação: sem dummies,11,84,Inadimplência → desastres,1,0.428440174555046,0.5146327993574799,0.6135888197212229,0.6121096419640478,1,80,83,0.4701899175845458,True,0.731844140155688
Pré-pandemia (até jan/2020),Grupo | Meteorológico,Grupo,Meteorológico,Comparação: sem dummies,11,84,Desastres → inadimplência,2,2.299932396196946,0.10711480758838698,0.15876596828635836,0.0046493213098900725,2,77,82,0.36143647732561607,True,0.5453141538059578
Pré-pandemia (até jan/2020),Grupo | Meteorológico,Grupo,Meteorológico,Comparação: sem dummies,11,84,Inadimplência → desastres,2,0.3651260593698366,0.6953044034456339,0.8024946957596155,0.4672710483980636,2,77,82,0.36143647732561607,True,0.8383126931569467
Pré-pandemia (até jan/2020),Grupo | Meteorológico,Grupo,Meteorológico,Comparação: sem dummies,11,84,Desastres → inadimplência,3,2.3877754292382107,0.07571969739119293,0.11606488172732336,0.05701949037832755,3,74,81,0.7313997655996549,True,0.5144001181466911
Pré-pandemia (até jan/2020),Grupo | Meteorológico,Grupo,Meteorológico,Comparação: sem dummies,11,84,Inadimplência → desastres,3,0.2964930676325789,0.8278136468662397,0.8994624746383303,0.5125227765278129,3,74,81,0.7313997655996549,True,0.9084873209682174
Pré-pandemia (até jan/2020),Grupo | Meteorológico,Grupo,Meteorológico,Comparação: sem dummies,11,84,Desastres → inadimplência,4,1.8949194604790798,0.12078138440875728,0.060759601407004836,0.0001818373353050241,4,71,80,0.7972569257744575,True,0.5530283168899143
Pré-pandemia (até jan/2020),Grupo | Meteorológico,Grupo,Meteorológico,Comparação: sem dummies,11,84,Inadimplência → desastres,4,1.932668571471903,0.11439308362089626,0.19545738097309118,0.12054183497562398,4,71,80,0.7972569257744575,True,0.37369260229428697
Pré-pandemia (até jan/2020),Grupo | Meteorológico,Grupo,Meteorológico,Comparação: sem dummies,11,84,Desastres → inadimplência,5,3.515669555240789,0.0069294937856756765,0.0060413456801346145,2.4566568014151944e-06,5,68,79,0.8934132318824946,True,0.2794150720030515
Pré-pandemia (até jan/2020),Grupo | Meteorológico,Grupo,Meteorológico,Comparação: sem dummies,11,84,Inadimplência → desastres,5,1.8628195744676117,0.11238223669073787,0.12445170157482008,0.007236983550402324,5,68,79,0.8934132318824946,True,0.37368827197657495
Pré-pandemia (até jan/2020),Grupo | Meteorológico,Grupo,Meteorológico,Comparação: sem dummies,11,84,Desastres → inadimplência,6,2.6794048084576376,0.021914166871925822,0.01045754224290322,1.2525384909285774e-08,6,65,78,0.9595390548616132,True,0.3381815875297195
Pré-pandemia (até jan/2020),Grupo | Meteorológico,Grupo,Meteorológico,Comparação: sem dummies,11,84,Inadimplência → desastres,6,4.5515972056851925,0.0006524519194539768,0.0031084426902745345,1.0022618704382803e-09,6,65,78,0.9595390548616132,True,0.06739057631552649
Pré-pandemia (até jan/2020),Grupo | Meteorológico,Grupo,Meteorológico,Comparação: sem dummies,11,84,Desastres → inadimplência,7,1.906981666855815,0.08348357135737446,0.028812046865187933,2.4981195789946284e-09,7,62,77,0.9601178556986988,True,0.5310609721939257
Pré-pandemia (até jan/2020),Grupo | Meteorológico,Grupo,Meteorológico,Comparação: sem dummies,11,84,Inadimplência → desastres,7,5.217460594951207,0.00010267326132992088,0.00011300072158611074,9.451743596700944e-13,7,62,77,0.9601178556986988,True,0.06739057631552649
Pré-pandemia (até jan/2020),Grupo | Meteorológico,Grupo,Meteorológico,Comparação: sem dummies,11,84,Desastres → inadimplência,8,1.862527084726266,0.08336126091577788,0.007134290054276555,8.168047610325944e-10,8,59,76,0.9732104669908056,True,0.5310609721939257
Pré-pandemia (até jan/2020),Grupo | Meteorológico,Grupo,Meteorológico,Comparação: sem dummies,11,84,Inadimplência → desastres,8,4.387050312570509,0.0003345506035576946,0.0008808634587255954,6.232767487933218e-15,8,59,76,0.9732104669908056,True,0.06739057631552649
Pré-pandemia (até jan/2020),Grupo | Meteorológico,Grupo,Meteorológico,Comparação: sem dummies,11,84,Desastres → inadimplência,9,1.93932667883596,0.06468725828202948,0.0019471942605263411,3.6120035981192676e-12,9,56,75,0.9682850531283508,True,0.48418606498525063
Pré-pandemia (até jan/2020),Grupo | Meteorológico,Grupo,Meteorológico,Comparação: sem dummies,11,84,Inadimplência → desastres,9,3.2802919627729112,0.0028423152770593123,0.016548993818124504,4.508861132780772e-10,9,56,75,0.9682850531283508,True,0.09773798333952989
Pré-pandemia (até jan/2020),Grupo | Meteorológico,Grupo,Meteorológico,Comparação: sem dummies,11,84,Desastres → inadimplência,10,1.5632649952666822,0.14367189068382646,0.017578244132278164,2.3637385324007175e-10,10,53,74,0.9721862677733709,True,0.6072445307128613
Pré-pandemia (até jan/2020),Grupo | Meteorológico,Grupo,Meteorológico,Comparação: sem dummies,11,84,Inadimplência → desastres,10,3.933870103161861,0.00048429452394631393,0.00412231621443626,1.6660128147456872e-12,10,53,74,0.9721862677733709,True,0.06739057631552649
Pré-pandemia (até jan/2020),Grupo | Meteorológico,Grupo,Meteorológico,Comparação: sem dummies,11,84,Desastres → inadimplência,11,1.4921823599579138,0.16422911320155395,0.006031006568371692,1.8551430893587242e-20,11,50,73,0.980974684451371,True,0.6355615835973449
Pré-pandemia (até jan/2020),Grupo | Meteorológico,Grupo,Meteorológico,Comparação: sem dummies,11,84,Inadimplência → desastres,11,2.9600178532661268,0.004296456713677743,0.03693406162662349,1.7575992027466464e-12,11,50,73,0.980974684451371,True,0.12067799175385895
Pré-pandemia (até jan/2020),Grupo | Meteorológico,Grupo,Meteorológico,Robustez: diferença sazonal,9,72,Desastres → inadimplência,1,1.04581525070454,0.3100972989594893,0.31166997567323,0.09718865137000736,1,68,71,0.5461956241172372,True,0.7767560045564231
Pré-pandemia (até jan/2020),Grupo | Meteorológico,Grupo,Meteorológico,Robustez: diferença sazonal,9,72,Inadimplência → desastres,1,0.8454471784722554,0.3610937772925559,0.4711834836858534,0.4264334648845033,1,68,71,0.5461956241172372,True,0.6191594260846294
Pré-pandemia (até jan/2020),Grupo | Meteorológico,Grupo,Meteorológico,Robustez: diferença sazonal,9,72,Desastres → inadimplência,2,0.5325744001733648,0.5896312899237968,0.5488949300352639,0.345685348837069,2,65,70,0.5410790892406563,True,0.9143945838643741
Pré-pandemia (até jan/2020),Grupo | Meteorológico,Grupo,Meteorológico,Robustez: diferença sazonal,9,72,Inadimplência → desastres,2,2.685628303113307,0.07574197739110984,0.0714763899219276,0.09723867144105341,2,65,70,0.5410790892406563,True,0.3231313028630966
Pré-pandemia (até jan/2020),Grupo | Meteorológico,Grupo,Meteorológico,Robustez: diferença sazonal,9,72,Desastres → inadimplência,3,0.1640739040930582,0.9201631299411882,0.8700433268369872,0.8545424453088519,3,62,69,0.7637523539048536,True,0.9847805998314437
Pré-pandemia (até jan/2020),Grupo | Meteorológico,Grupo,Meteorológico,Robustez: diferença sazonal,9,72,Inadimplência → desastres,3,1.9330802505720384,0.1334743240632072,0.12788945734521592,0.18016259178920802,3,62,69,0.7637523539048536,True,0.39431614034461676
Pré-pandemia (até jan/2020),Grupo | Meteorológico,Grupo,Meteorológico,Robustez: diferença sazonal,9,72,Desastres → inadimplência,4,0.15767533506141027,0.9587616939775707,0.9142609998085954,0.7070654339487333,4,59,68,0.7573586811060323,True,0.9928340209572337
Pré-pandemia (até jan/2020),Grupo | Meteorológico,Grupo,Meteorológico,Robustez: diferença sazonal,9,72,Inadimplência → desastres,4,2.5537232188644414,0.048183663165417744,0.12529776857328415,0.07324213082069927,4,59,68,0.7573586811060323,True,0.2538127077770089
Pré-pandemia (até jan/2020),Grupo | Meteorológico,Grupo,Meteorológico,Robustez: diferença sazonal,9,72,Desastres → inadimplência,5,0.05019096020167003,0.9983740475751984,0.9961758987435696,0.9739790098753203,5,56,67,0.8385479796140418,True,0.9995716256883673
Pré-pandemia (até jan/2020),Grupo | Meteorológico,Grupo,Meteorológico,Robustez: diferença sazonal,9,72,Inadimplência → desastres,5,2.7146266920745354,0.028887102191171705,0.10524403202002315,0.027382776457225595,5,56,67,0.8385479796140418,True,0.2064187927902755
Pré-pandemia (até jan/2020),Grupo | Meteorológico,Grupo,Meteorológico,Robustez: diferença sazonal,9,72,Desastres → inadimplência,6,0.24399913622262054,0.9596371663844282,0.9186563017563683,0.04657802972790667,6,53,66,0.9253105854051578,True,0.9928340209572337
Pré-pandemia (até jan/2020),Grupo | Meteorológico,Grupo,Meteorológico,Robustez: diferença sazonal,9,72,Inadimplência → desastres,6,4.165064681286352,0.0016804559139217017,0.006682436910251274,7.536765439837594e-07,6,53,66,0.9253105854051578,True,0.09297201274579898
Pré-pandemia (até jan/2020),Grupo | Meteorológico,Grupo,Meteorológico,Robustez: diferença sazonal,9,72,Desastres → inadimplência,7,0.588302202723874,0.7622266850735486,0.7672637947533882,0.0052021773528779965,7,50,65,0.9561386629097284,True,0.9461996113825728
Pré-pandemia (até jan/2020),Grupo | Meteorológico,Grupo,Meteorológico,Robustez: diferença sazonal,9,72,Inadimplência → desastres,7,3.9480413167861204,0.0016743439298238598,0.004759191251589953,3.647960550994226e-11,7,50,65,0.9561386629097284,True,0.09297201274579898
Pré-pandemia (até jan/2020),Grupo | Meteorológico,Grupo,Meteorológico,Robustez: diferença sazonal,9,72,Desastres → inadimplência,8,0.5846938651365899,0.7853017716681008,0.8805280103818895,0.023493710155804454,8,47,64,0.9660239749720034,True,0.9528515418865274
Pré-pandemia (até jan/2020),Grupo | Meteorológico,Grupo,Meteorológico,Robustez: diferença sazonal,9,72,Inadimplência → desastres,8,3.3011470202095583,0.004518802155923532,0.005616376189598039,5.391734346252604e-07,8,47,64,0.9660239749720034,True,0.12091236637931095
Pré-pandemia (até jan/2020),Grupo | Meteorológico,Grupo,Meteorológico,Robustez: diferença sazonal,9,72,Desastres → inadimplência,9,0.7683259101532491,0.6457266133558548,0.8216929971922353,0.005693496778709053,9,44,63,0.9761701537231825,True,0.9168999854112312
Pré-pandemia (até jan/2020),Grupo | Meteorológico,Grupo,Meteorológico,Robustez: diferença sazonal,9,72,Inadimplência → desastres,9,2.7224068991083774,0.012920462207527942,0.008219891382474295,6.828240614605616e-08,9,44,63,0.9761701537231825,True,0.16331270176847915
Pré-pandemia (até jan/2020),Grupo | Outros,Grupo,Outros,Principal: 11 dummies,6,84,Desastres → inadimplência,1,0.07735749414259366,0.7817426704496744,0.8055018305549725,0.7775061520150786,1,69,83,0.4358390221244584,True,0.9528515418865274
Pré-pandemia (até jan/2020),Grupo | Outros,Grupo,Outros,Principal: 11 dummies,6,84,Inadimplência → desastres,1,2.775706686888618,0.10023834760068728,0.12443310463892451,0.009729047139770578,1,69,83,0.4358390221244584,True,0.35697417236712
Pré-pandemia (até jan/2020),Grupo | Outros,Grupo,Outros,Principal: 11 dummies,6,84,Desastres → inadimplência,2,0.2594875459316156,0.7722301483101843,0.816635430565364,0.7481170164708244,2,66,82,0.5846520117114742,True,0.9467345000827834
Pré-pandemia (até jan/2020),Grupo | Outros,Grupo,Outros,Principal: 11 dummies,6,84,Inadimplência → desastres,2,1.4455220913803788,0.24298448741835635,0.3090775758586659,0.05787856138484883,2,66,82,0.5846520117114742,True,0.5248986585429238
Pré-pandemia (até jan/2020),Grupo | Outros,Grupo,Outros,Principal: 11 dummies,6,84,Desastres → inadimplência,3,1.1764385397254729,0.32586182290653376,0.32477632558114816,0.14496992888927399,3,63,81,0.8582503282802756,True,0.7875798979986969
Pré-pandemia (até jan/2020),Grupo | Outros,Grupo,Outros,Principal: 11 dummies,6,84,Inadimplência → desastres,3,0.8691503492845593,0.46188709585975596,0.5875641344863655,0.04277205074093144,3,63,81,0.8582503282802756,True,0.6904625320905126
Pré-pandemia (até jan/2020),Grupo | Outros,Grupo,Outros,Principal: 11 dummies,6,84,Desastres → inadimplência,4,1.4337282650393426,0.23390427786620155,0.3321680968216867,0.05606512994716799,4,60,80,0.8562252610512828,True,0.7132294285430795
Pré-pandemia (até jan/2020),Grupo | Outros,Grupo,Outros,Principal: 11 dummies,6,84,Inadimplência → desastres,4,0.9220538625679584,0.4571827285074609,0.6890475307476764,0.05370776104672677,4,60,80,0.8562252610512828,True,0.689881599816553
Pré-pandemia (até jan/2020),Grupo | Outros,Grupo,Outros,Principal: 11 dummies,6,84,Desastres → inadimplência,5,1.450486783334927,0.22042743298751893,0.3952552183042217,0.013719600900198371,5,57,79,0.8697703566679884,True,0.7126437847208131
Pré-pandemia (até jan/2020),Grupo | Outros,Grupo,Outros,Principal: 11 dummies,6,84,Inadimplência → desastres,5,1.4247961399791005,0.2292666426924699,0.25384724058032004,0.012153899211156529,5,57,79,0.8697703566679884,True,0.5090840908045676
Pré-pandemia (até jan/2020),Grupo | Outros,Grupo,Outros,Principal: 11 dummies,6,84,Desastres → inadimplência,6,1.251067991859516,0.2954764352379471,0.5509162179892978,0.00033789183588007,6,54,78,0.8747835578173802,True,0.7578444358950407
Pré-pandemia (até jan/2020),Grupo | Outros,Grupo,Outros,Principal: 11 dummies,6,84,Inadimplência → desastres,6,1.5682881846392518,0.17429143012957496,0.2496006412337703,0.0008319137866057395,6,54,78,0.8747835578173802,True,0.44691975606310386
Pré-pandemia (até jan/2020),Grupo | Outros,Grupo,Outros,Comparação: sem dummies,11,84,Desastres → inadimplência,1,0.2522761343602436,0.6168566588983265,0.5955626560756653,0.4788483759173705,1,80,83,0.4480320210655036,True,0.9168999854112312
Pré-pandemia (até jan/2020),Grupo | Outros,Grupo,Outros,Comparação: sem dummies,11,84,Inadimplência → desastres,1,0.10813358819421348,0.7431383827062542,0.7644699498475889,0.7071108309343289,1,80,83,0.4480320210655036,True,0.8596939379919245
Pré-pandemia (até jan/2020),Grupo | Outros,Grupo,Outros,Comparação: sem dummies,11,84,Desastres → inadimplência,2,0.48363176384675305,0.618400293289623,0.567931648414394,0.3795318745352735,2,77,82,0.37598482645467324,True,0.9168999854112312
Pré-pandemia (até jan/2020),Grupo | Outros,Grupo,Outros,Comparação: sem dummies,11,84,Inadimplência → desastres,2,0.05988131691715316,0.9419201290649059,0.9544993199938836,0.9319630304051995,2,77,82,0.37598482645467324,True,0.9698518627109822
Pré-pandemia (até jan/2020),Grupo | Outros,Grupo,Outros,Comparação: sem dummies,11,84,Desastres → inadimplência,3,0.6144725906061913,0.6077715362710306,0.5410011544926836,0.15426766393413902,3,74,81,0.7286140702437061,True,0.9168999854112312
Pré-pandemia (até jan/2020),Grupo | Outros,Grupo,Outros,Comparação: sem dummies,11,84,Inadimplência → desastres,3,0.422587072212697,0.7373513003461054,0.6886034684867646,0.4766797365965747,3,74,81,0.7286140702437061,True,0.8567683834729264
Pré-pandemia (até jan/2020),Grupo | Outros,Grupo,Outros,Comparação: sem dummies,11,84,Desastres → inadimplência,4,1.9272363151411265,0.11529193736118518,0.11342688226416131,0.00020891553825748662,4,71,80,0.8114803292569219,True,0.5453141538059578
Pré-pandemia (até jan/2020),Grupo | Outros,Grupo,Outros,Comparação: sem dummies,11,84,Inadimplência → desastres,4,0.524210523749168,0.7182344181692039,0.494551916221897,0.219571334748012,4,71,80,0.8114803292569219,True,0.8504655051683285
Pré-pandemia (até jan/2020),Grupo | Outros,Grupo,Outros,Comparação: sem dummies,11,84,Desastres → inadimplência,5,2.0980088325302306,0.07619360031253342,0.2501732309199907,0.015916982020782913,5,68,79,0.8682811386430572,True,0.514821623733334
Pré-pandemia (até jan/2020),Grupo | Outros,Grupo,Outros,Comparação: sem dummies,11,84,Inadimplência → desastres,5,0.9825941147823974,0.434867699253521,0.0726897610849428,0.005325441152685505,5,68,79,0.8682811386430572,True,0.6769762794481332
Pré-pandemia (até jan/2020),Grupo | Outros,Grupo,Outros,Comparação: sem dummies,11,84,Desastres → inadimplência,6,1.9452467077309128,0.08663919524479184,0.22804812319662368,0.004675920484997129,6,65,78,0.95094745126946,True,0.5310609721939257
Pré-pandemia (até jan/2020),Grupo | Outros,Grupo,Outros,Comparação: sem dummies,11,84,Inadimplência → desastres,6,0.9829235934083058,0.444130327060583,0.06346302108459143,0.0008986957040119088,6,65,78,0.95094745126946,True,0.6804348020144894
Pré-pandemia (até jan/2020),Grupo | Outros,Grupo,Outros,Comparação: sem dummies,11,84,Desastres → inadimplência,7,1.841966093069916,0.09499694304916947,0.28662646319962864,0.001622637739624867,7,62,77,0.9686543879549323,True,0.543788638138664
Pré-pandemia (até jan/2020),Grupo | Outros,Grupo,Outros,Comparação: sem dummies,11,84,Inadimplência → desastres,7,1.2964355201064963,0.26711352308005587,0.08065442747960012,0.0011987677530976017,7,62,77,0.9686543879549323,True,0.5464679277415219
Pré-pandemia (até jan/2020),Grupo | Outros,Grupo,Outros,Comparação: sem dummies,11,84,Desastres → inadimplência,8,1.7349005780518265,0.10916663468185525,0.2113206068344551,0.008674548317140445,8,59,76,0.96569849992048,True,0.5453141538059578
Pré-pandemia (até jan/2020),Grupo | Outros,Grupo,Outros,Comparação: sem dummies,11,84,Inadimplência → desastres,8,0.9386159696468216,0.49216165925311484,0.2746167817613773,0.0003135612275355057,8,59,76,0.96569849992048,True,0.717018734343116
Pré-pandemia (até jan/2020),Grupo | Outros,Grupo,Outros,Comparação: sem dummies,11,84,Desastres → inadimplência,9,1.6828105454169162,0.11494608889628342,0.24374032690865163,0.000689466263474301,9,56,75,0.9564256127655006,True,0.5453141538059578
Pré-pandemia (até jan/2020),Grupo | Outros,Grupo,Outros,Comparação: sem dummies,11,84,Inadimplência → desastres,9,1.017116318646185,0.43786460379729675,0.4844776443727369,4.7157242940409e-06,9,56,75,0.9564256127655006,True,0.6776943250669981
Pré-pandemia (até jan/2020),Grupo | Outros,Grupo,Outros,Comparação: sem dummies,11,84,Desastres → inadimplência,10,1.6612760779734006,0.11494992965577189,0.29311500799567314,6.945392432431575e-05,10,53,74,0.9645785233569825,True,0.5453141538059578
Pré-pandemia (até jan/2020),Grupo | Outros,Grupo,Outros,Comparação: sem dummies,11,84,Inadimplência → desastres,10,1.221524964064718,0.2991508885034748,0.5460147803305797,1.3586692198959202e-07,10,53,74,0.9645785233569825,True,0.5640099707833236
Pré-pandemia (até jan/2020),Grupo | Outros,Grupo,Outros,Comparação: sem dummies,11,84,Desastres → inadimplência,11,2.3567516927393397,0.019713863621432157,0.07635635625774469,1.5324408194087455e-08,11,50,73,0.9667523320884671,True,0.323410687130845
Pré-pandemia (até jan/2020),Grupo | Outros,Grupo,Outros,Comparação: sem dummies,11,84,Inadimplência → desastres,11,0.9785214228179274,0.4778629454578094,0.6080910290575601,1.1404536430337596e-06,11,50,73,0.9667523320884671,True,0.7060622716575198
Pré-pandemia (até jan/2020),Grupo | Outros,Grupo,Outros,Robustez: diferença sazonal,9,72,Desastres → inadimplência,1,0.23134811189679153,0.6320700798090625,0.6492951230738868,0.6483545927337604,1,68,71,0.4778120529733363,True,0.9168999854112312
Pré-pandemia (até jan/2020),Grupo | Outros,Grupo,Outros,Robustez: diferença sazonal,9,72,Inadimplência → desastres,1,3.7208004044959964,0.057913498454938636,0.08518175808303012,0.016267860921440145,1,68,71,0.4778120529733363,True,0.27430847673411135
Pré-pandemia (até jan/2020),Grupo | Outros,Grupo,Outros,Robustez: diferença sazonal,9,72,Desastres → inadimplência,2,0.02347173547388848,0.9768098582688026,0.9780520574492022,0.95262709498799,2,65,70,0.4992301585029135,True,0.9991917535482842
Pré-pandemia (até jan/2020),Grupo | Outros,Grupo,Outros,Robustez: diferença sazonal,9,72,Inadimplência → desastres,2,2.061598956892075,0.13549082021879943,0.11583169129023874,0.020591969038562166,2,65,70,0.4992301585029135,True,0.3948778925440355
Pré-pandemia (até jan/2020),Grupo | Outros,Grupo,Outros,Robustez: diferença sazonal,9,72,Desastres → inadimplência,3,0.7538569549314422,0.5242996083741698,0.4586129457346345,0.0010843122628812888,3,62,69,0.8046632648547035,True,0.8832540572341134
Pré-pandemia (até jan/2020),Grupo | Outros,Grupo,Outros,Robustez: diferença sazonal,9,72,Inadimplência → desastres,3,1.6955915778261497,0.17716383398143337,0.1039220430196792,0.002511421958703533,3,62,69,0.8046632648547035,True,0.44691975606310386
Pré-pandemia (até jan/2020),Grupo | Outros,Grupo,Outros,Robustez: diferença sazonal,9,72,Desastres → inadimplência,4,1.0211653539654582,0.40391470762793313,0.3277511184511014,0.000209449820157931,4,59,68,0.8185554444828391,True,0.8345345198924239
Pré-pandemia (até jan/2020),Grupo | Outros,Grupo,Outros,Robustez: diferença sazonal,9,72,Inadimplência → desastres,4,1.9131354793092905,0.1201449741538519,0.02870797612135149,0.00031680687085033107,4,59,68,0.8185554444828391,True,0.38117060327998703
Pré-pandemia (até jan/2020),Grupo | Outros,Grupo,Outros,Robustez: diferença sazonal,9,72,Desastres → inadimplência,5,0.7934518789114144,0.5589457187854773,0.45143095631416763,4.378635581993746e-06,5,56,67,0.8292700209854283,True,0.8987103429813551
Pré-pandemia (até jan/2020),Grupo | Outros,Grupo,Outros,Robustez: diferença sazonal,9,72,Inadimplência → desastres,5,2.3877047994156735,0.049349697831766105,0.036651435460734176,5.1830735074541855e-05,5,56,67,0.8292700209854283,True,0.254393384065433
Pré-pandemia (até jan/2020),Grupo | Outros,Grupo,Outros,Robustez: diferença sazonal,9,72,Desastres → inadimplência,6,0.6105697306656697,0.7207391259246361,0.6821449138851472,0.0003975801772985811,6,53,66,0.8287626413461153,True,0.9299407173443379
Pré-pandemia (até jan/2020),Grupo | Outros,Grupo,Outros,Robustez: diferença sazonal,9,72,Inadimplência → desastres,6,2.4981133175821233,0.03340550722870476,0.01877616923111114,2.9153852732426436e-05,6,53,66,0.8287626413461153,True,0.222232582546802
Pré-pandemia (até jan/2020),Grupo | Outros,Grupo,Outros,Robustez: diferença sazonal,9,72,Desastres → inadimplência,7,0.6473817894675026,0.7146688374869509,0.8329637317608541,0.001699248408958816,7,50,65,0.8654066084577526,True,0.9299407173443379
Pré-pandemia (até jan/2020),Grupo | Outros,Grupo,Outros,Robustez: diferença sazonal,9,72,Inadimplência → desastres,7,2.221604071090405,0.04786109666455368,0.045605873416626454,7.737021909635675e-06,7,50,65,0.8654066084577526,True,0.2538127077770089
Pré-pandemia (até jan/2020),Grupo | Outros,Grupo,Outros,Robustez: diferença sazonal,9,72,Desastres → inadimplência,8,1.2907287361561839,0.2713718631530731,0.12548086439992504,1.2949186627276374e-05,8,47,64,0.8971178218123863,True,0.7485099092804823
Pré-pandemia (até jan/2020),Grupo | Outros,Grupo,Outros,Robustez: diferença sazonal,9,72,Inadimplência → desastres,8,1.7810222915901206,0.10487230046280424,0.0753287398663186,1.4311330762669088e-06,8,47,64,0.8971178218123863,True,0.36515424952229886
Pré-pandemia (até jan/2020),Grupo | Outros,Grupo,Outros,Robustez: diferença sazonal,9,72,Desastres → inadimplência,9,1.3327033424065706,0.2481954229283713,0.184482401543389,2.5429777395313812e-05,9,44,63,0.921501840632924,True,0.7248121050998283
Pré-pandemia (até jan/2020),Grupo | Outros,Grupo,Outros,Robustez: diferença sazonal,9,72,Inadimplência → desastres,9,1.698130895123041,0.11827920104285437,0.03745743828346767,3.1487834991545634e-07,9,44,63,0.921501840632924,True,0.3788269613865243
Pré-pandemia (até jan/2020),Tipologia | Alagamentos,Tipologia,Alagamentos,Principal: 11 dummies,6,84,Desastres → inadimplência,1,0.04107975143865112,0.8399805222899812,0.881068776959929,0.8533841147074208,1,69,83,0.2694046534834073,True,0.9663792620905903
Pré-pandemia (até jan/2020),Tipologia | Alagamentos,Tipologia,Alagamentos,Principal: 11 dummies,6,84,Inadimplência → desastres,1,1.9754258032853687,0.1643599202417211,0.31644680213878706,0.21888915831824796,1,69,83,0.2694046534834073,True,0.4380594889171672
Pré-pandemia (até jan/2020),Tipologia | Alagamentos,Tipologia,Alagamentos,Principal: 11 dummies,6,84,Desastres → inadimplência,2,3.067859362475505,0.053209341671563215,0.15810712419755152,0.0785736023979344,2,66,82,0.6411143442819217,True,0.46883858647491805
Pré-pandemia (até jan/2020),Tipologia | Alagamentos,Tipologia,Alagamentos,Principal: 11 dummies,6,84,Inadimplência → desastres,2,1.0750685186132019,0.3471743801707667,0.4278229355847714,0.25518265396724393,2,66,82,0.6411143442819217,True,0.605925158596897
Pré-pandemia (até jan/2020),Tipologia | Alagamentos,Tipologia,Alagamentos,Principal: 11 dummies,6,84,Desastres → inadimplência,3,1.634783780513704,0.1902529307866234,0.2015894306727811,0.07813544933510139,3,63,81,0.8238276149031807,True,0.6582843187836338
Pré-pandemia (até jan/2020),Tipologia | Alagamentos,Tipologia,Alagamentos,Principal: 11 dummies,6,84,Inadimplência → desastres,3,1.2643952574832655,0.2942558325907128,0.3572567062062341,0.30107675182968485,3,63,81,0.8238276149031807,True,0.5621668943154214
Pré-pandemia (até jan/2020),Tipologia | Alagamentos,Tipologia,Alagamentos,Principal: 11 dummies,6,84,Desastres → inadimplência,4,1.41983838061446,0.23837729528936924,0.14502978378777626,0.19067336857100542,4,60,80,0.791591775880572,True,0.716277930556999
Pré-pandemia (até jan/2020),Tipologia | Alagamentos,Tipologia,Alagamentos,Principal: 11 dummies,6,84,Inadimplência → desastres,4,1.2887722566139879,0.28456528180053586,0.2524958394526339,0.1663108765124622,4,60,80,0.791591775880572,True,0.5607472481166349
Pré-pandemia (até jan/2020),Tipologia | Alagamentos,Tipologia,Alagamentos,Principal: 11 dummies,6,84,Desastres → inadimplência,5,1.6596867812214948,0.15919260116752204,0.12906169932170694,3.9853010130203194e-05,5,57,79,0.7953765048323853,True,0.6319374426847137
Pré-pandemia (até jan/2020),Tipologia | Alagamentos,Tipologia,Alagamentos,Principal: 11 dummies,6,84,Inadimplência → desastres,5,1.359395400229401,0.25320958424219747,0.15488197509116822,0.003736993355899731,5,57,79,0.7953765048323853,True,0.5390720922998705
Pré-pandemia (até jan/2020),Tipologia | Alagamentos,Tipologia,Alagamentos,Principal: 11 dummies,6,84,Desastres → inadimplência,6,1.8940670909694284,0.09861270881243178,0.17371772687028053,3.6876115189977196e-05,6,54,78,0.891003092469608,True,0.543788638138664
Pré-pandemia (até jan/2020),Tipologia | Alagamentos,Tipologia,Alagamentos,Principal: 11 dummies,6,84,Inadimplência → desastres,6,1.0624685049252505,0.3963990278217382,0.2709944079559813,0.02814463367462145,6,54,78,0.891003092469608,True,0.6518606226781614
Pré-pandemia (até jan/2020),Tipologia | Alagamentos,Tipologia,Alagamentos,Comparação: sem dummies,11,84,Desastres → inadimplência,1,0.06314109505761598,0.802242796634556,0.8422757131870948,0.8690670723123828,1,80,83,0.11996197052357989,True,0.9578109280787415
Pré-pandemia (até jan/2020),Tipologia | Alagamentos,Tipologia,Alagamentos,Comparação: sem dummies,11,84,Inadimplência → desastres,1,0.09058948527079,0.7642099546044936,0.7987690658695805,0.7386512172351695,1,80,83,0.11996197052357989,True,0.8747824571937884
Pré-pandemia (até jan/2020),Tipologia | Alagamentos,Tipologia,Alagamentos,Comparação: sem dummies,11,84,Desastres → inadimplência,2,0.3883826976906003,0.6794736682400776,0.7369895834930337,0.6594986718305167,2,77,82,0.3658053559387821,True,0.9235504512733719
Pré-pandemia (até jan/2020),Tipologia | Alagamentos,Tipologia,Alagamentos,Comparação: sem dummies,11,84,Inadimplência → desastres,2,0.07450707646847848,0.9282677403635565,0.9355877601218204,0.7834450279513022,2,77,82,0.3658053559387821,True,0.9637331191482107
Pré-pandemia (até jan/2020),Tipologia | Alagamentos,Tipologia,Alagamentos,Comparação: sem dummies,11,84,Desastres → inadimplência,3,1.4674784676910009,0.23035290958116209,0.13906069627025652,0.07143579593736245,3,74,81,0.7438483117044924,True,0.7132294285430795
Pré-pandemia (até jan/2020),Tipologia | Alagamentos,Tipologia,Alagamentos,Comparação: sem dummies,11,84,Inadimplência → desastres,3,0.05278159157524461,0.9838847374464176,0.975510080171312,0.9108282556978485,3,74,81,0.7438483117044924,True,0.9925372770171761
Pré-pandemia (até jan/2020),Tipologia | Alagamentos,Tipologia,Alagamentos,Comparação: sem dummies,11,84,Desastres → inadimplência,4,2.8472149240986138,0.030041862773037904,0.005511865800282139,5.480286415533824e-06,4,71,80,0.8104975583577606,True,0.3905139274872028
Pré-pandemia (até jan/2020),Tipologia | Alagamentos,Tipologia,Alagamentos,Comparação: sem dummies,11,84,Inadimplência → desastres,4,0.9346457342916674,0.44896737537644305,0.4600004240255491,0.20238952330150453,4,71,80,0.8104975583577606,True,0.6839170307241061
Pré-pandemia (até jan/2020),Tipologia | Alagamentos,Tipologia,Alagamentos,Comparação: sem dummies,11,84,Desastres → inadimplência,5,2.9353187032339605,0.018546276798535714,0.005863724439025489,4.724835360822548e-10,5,68,79,0.8958962757139786,True,0.323410687130845
Pré-pandemia (até jan/2020),Tipologia | Alagamentos,Tipologia,Alagamentos,Comparação: sem dummies,11,84,Inadimplência → desastres,5,1.4131293682282653,0.2306455399506719,0.28282312332467074,0.06406033375150169,5,68,79,0.8958962757139786,True,0.5090840908045676
Pré-pandemia (até jan/2020),Tipologia | Alagamentos,Tipologia,Alagamentos,Comparação: sem dummies,11,84,Desastres → inadimplência,6,3.8891618144962017,0.0022270849105287256,0.0005218546531869022,6.333325782917952e-09,6,65,78,0.9604978630379947,True,0.24297138248024852
Pré-pandemia (até jan/2020),Tipologia | Alagamentos,Tipologia,Alagamentos,Comparação: sem dummies,11,84,Inadimplência → desastres,6,1.630717886170074,0.1528675901655,0.14241873842518482,0.0004924396567156022,6,65,78,0.9604978630379947,True,0.42182006116307946
Pré-pandemia (até jan/2020),Tipologia | Alagamentos,Tipologia,Alagamentos,Comparação: sem dummies,11,84,Desastres → inadimplência,7,2.893288356078783,0.011069786969910072,0.005418300598920121,2.8599530997954736e-06,7,62,77,0.9664590350662414,True,0.30598466858609275
Pré-pandemia (até jan/2020),Tipologia | Alagamentos,Tipologia,Alagamentos,Comparação: sem dummies,11,84,Inadimplência → desastres,7,1.3538052687780815,0.2409644165297912,0.16081710102549923,0.00011852356612567588,7,62,77,0.9664590350662414,True,0.5220199664856828
Pré-pandemia (até jan/2020),Tipologia | Alagamentos,Tipologia,Alagamentos,Comparação: sem dummies,11,84,Desastres → inadimplência,8,2.575434774247407,0.017549492302223052,0.017416058446076896,1.58199873075539e-06,8,59,76,0.9745701844372779,True,0.323410687130845
Pré-pandemia (até jan/2020),Tipologia | Alagamentos,Tipologia,Alagamentos,Comparação: sem dummies,11,84,Inadimplência → desastres,8,1.001939929503483,0.4444088356786673,0.33520698218382405,2.366099273293815e-06,8,59,76,0.9745701844372779,True,0.6804348020144894
Pré-pandemia (até jan/2020),Tipologia | Alagamentos,Tipologia,Alagamentos,Comparação: sem dummies,11,84,Desastres → inadimplência,9,2.4894817484483007,0.01807978629330062,0.013433501721872144,4.016869609920398e-08,9,56,75,0.9633610467118822,True,0.323410687130845
Pré-pandemia (até jan/2020),Tipologia | Alagamentos,Tipologia,Alagamentos,Comparação: sem dummies,11,84,Inadimplência → desastres,9,0.9353876460375898,0.5022830492236834,0.4125787054119577,2.1415302964733003e-07,9,56,75,0.9633610467118822,True,0.7268877034288694
Pré-pandemia (até jan/2020),Tipologia | Alagamentos,Tipologia,Alagamentos,Comparação: sem dummies,11,84,Desastres → inadimplência,10,2.1934069383955754,0.032472574057985,0.05549544857823149,7.123238325944421e-07,10,53,74,0.9679810102580781,True,0.3905139274872028
Pré-pandemia (até jan/2020),Tipologia | Alagamentos,Tipologia,Alagamentos,Comparação: sem dummies,11,84,Inadimplência → desastres,10,0.7743899567276429,0.6525028124283356,0.5945261286794992,0.001686932010107785,10,53,74,0.9679810102580781,True,0.8117151424746293
Pré-pandemia (até jan/2020),Tipologia | Alagamentos,Tipologia,Alagamentos,Comparação: sem dummies,11,84,Desastres → inadimplência,11,2.0790084052910345,0.0396579235995852,0.06491317640822052,8.619813489112167e-14,11,50,73,0.9784075665649298,True,0.42648062491943156
Pré-pandemia (até jan/2020),Tipologia | Alagamentos,Tipologia,Alagamentos,Comparação: sem dummies,11,84,Inadimplência → desastres,11,1.0247012151855106,0.43942751217942927,0.3799114874503998,2.7507387490355305e-08,11,50,73,0.9784075665649298,True,0.6781288768201069
Pré-pandemia (até jan/2020),Tipologia | Alagamentos,Tipologia,Alagamentos,Robustez: diferença sazonal,9,72,Desastres → inadimplência,1,1.222414157199279,0.27278383404756407,0.37251355802940406,0.19459978226353514,1,68,71,0.08046859534138193,True,0.7485099092804823
Pré-pandemia (até jan/2020),Tipologia | Alagamentos,Tipologia,Alagamentos,Robustez: diferença sazonal,9,72,Inadimplência → desastres,1,2.6158581535031673,0.11043019397718247,0.1418112534692221,0.05281311075489619,1,68,71,0.08046859534138193,True,0.37368827197657495
Pré-pandemia (até jan/2020),Tipologia | Alagamentos,Tipologia,Alagamentos,Robustez: diferença sazonal,9,72,Desastres → inadimplência,2,6.577047822771741,0.002504681306573855,0.0022166477445877335,0.0004952851326330059,2,65,70,0.5956543219853504,True,0.24297138248024852
Pré-pandemia (até jan/2020),Tipologia | Alagamentos,Tipologia,Alagamentos,Robustez: diferença sazonal,9,72,Inadimplência → desastres,2,2.444822381076233,0.09468191155310826,0.08430465484911505,0.08308567281538655,2,65,70,0.5956543219853504,True,0.35169339334534155
Pré-pandemia (até jan/2020),Tipologia | Alagamentos,Tipologia,Alagamentos,Robustez: diferença sazonal,9,72,Desastres → inadimplência,3,4.979690967100651,0.0036886682077664555,0.00238151182237564,8.087187493613883e-06,3,62,69,0.730186954602586,True,0.24297138248024852
Pré-pandemia (até jan/2020),Tipologia | Alagamentos,Tipologia,Alagamentos,Robustez: diferença sazonal,9,72,Inadimplência → desastres,3,1.908426331045387,0.13746502990441842,0.14092501700030124,0.0790635266952179,3,62,69,0.730186954602586,True,0.39868048116130633
Pré-pandemia (até jan/2020),Tipologia | Alagamentos,Tipologia,Alagamentos,Robustez: diferença sazonal,9,72,Desastres → inadimplência,4,3.587826182246853,0.010997708912632732,0.0018930874347821852,0.00017146464244908126,4,59,68,0.7049705149098247,True,0.30598466858609275
Pré-pandemia (até jan/2020),Tipologia | Alagamentos,Tipologia,Alagamentos,Robustez: diferença sazonal,9,72,Inadimplência → desastres,4,1.908720920700532,0.12089675999220849,0.16783376525111876,0.09660121957832228,4,59,68,0.7049705149098247,True,0.381490886557848
Pré-pandemia (até jan/2020),Tipologia | Alagamentos,Tipologia,Alagamentos,Robustez: diferença sazonal,9,72,Desastres → inadimplência,5,2.9008699507762143,0.021286805898713554,0.010401536115093295,0.00011072386311392829,5,56,67,0.8346188682170615,True,0.33260634216739926
Pré-pandemia (até jan/2020),Tipologia | Alagamentos,Tipologia,Alagamentos,Robustez: diferença sazonal,9,72,Inadimplência → desastres,5,1.8084509513072617,0.12603895659543954,0.11300998693061722,0.00019841126399424713,5,56,67,0.8346188682170615,True,0.38239974695218304
Pré-pandemia (até jan/2020),Tipologia | Alagamentos,Tipologia,Alagamentos,Robustez: diferença sazonal,9,72,Desastres → inadimplência,6,2.9245598899128717,0.015403942162360613,0.007109039897845864,6.931176173853752e-05,6,53,66,0.8916911915426988,True,0.3175083365497919
Pré-pandemia (até jan/2020),Tipologia | Alagamentos,Tipologia,Alagamentos,Robustez: diferença sazonal,9,72,Inadimplência → desastres,6,1.8951581566727222,0.09880586703780704,0.08016843272886005,1.9818980093523025e-07,6,53,66,0.8916911915426988,True,0.35491718241395004
Pré-pandemia (até jan/2020),Tipologia | Alagamentos,Tipologia,Alagamentos,Robustez: diferença sazonal,9,72,Desastres → inadimplência,7,2.2711857284407366,0.04344183271607957,0.03158395760567249,0.0006639240964620015,7,50,65,0.9129118470320794,True,0.4490556966544458
Pré-pandemia (até jan/2020),Tipologia | Alagamentos,Tipologia,Alagamentos,Robustez: diferença sazonal,9,72,Inadimplência → desastres,7,1.8472834101430406,0.09871327770557022,0.05501069169592784,1.7213026838252096e-06,7,50,65,0.9129118470320794,True,0.35491718241395004
Pré-pandemia (até jan/2020),Tipologia | Alagamentos,Tipologia,Alagamentos,Robustez: diferença sazonal,9,72,Desastres → inadimplência,8,2.90270563507402,0.0102789409307591,0.010906037899716654,1.166430876131635e-07,8,47,64,0.9025380362168535,True,0.30598466858609275
Pré-pandemia (até jan/2020),Tipologia | Alagamentos,Tipologia,Alagamentos,Robustez: diferença sazonal,9,72,Inadimplência → desastres,8,2.157074294832682,0.0485289897269641,0.029946493282747278,3.6639894371592147e-10,8,47,64,0.9025380362168535,True,0.2538127077770089
Pré-pandemia (até jan/2020),Tipologia | Alagamentos,Tipologia,Alagamentos,Robustez: diferença sazonal,9,72,Desastres → inadimplência,9,2.604002803355759,0.016717031241269893,0.03291872590786701,1.0586115984202357e-07,9,44,63,0.9186691739403857,True,0.31785227639144886
Pré-pandemia (até jan/2020),Tipologia | Alagamentos,Tipologia,Alagamentos,Robustez: diferença sazonal,9,72,Inadimplência → desastres,9,1.7612813094327409,0.10355920632459417,0.15340503887202883,9.609488598564153e-08,9,44,63,0.9186691739403857,True,0.3626022630412961
Pré-pandemia (até jan/2020),Tipologia | Chuvas Intensas,Tipologia,Chuvas Intensas,Principal: 11 dummies,6,84,Desastres → inadimplência,1,1.9041437272322357,0.17207033508722713,0.1942747328670455,0.007441575834438266,1,69,83,0.291916611349975,True,0.6458395860626522
Pré-pandemia (até jan/2020),Tipologia | Chuvas Intensas,Tipologia,Chuvas Intensas,Principal: 11 dummies,6,84,Inadimplência → desastres,1,2.707450936404299,0.10442874441124257,0.1633293779339326,0.11871498286911247,1,69,83,0.291916611349975,True,0.3646255042291989
Pré-pandemia (até jan/2020),Tipologia | Chuvas Intensas,Tipologia,Chuvas Intensas,Principal: 11 dummies,6,84,Desastres → inadimplência,2,1.7058977398508783,0.18951853181085052,0.116039159052428,0.0023509847457424244,2,66,82,0.6159730581512819,True,0.6582843187836338
Pré-pandemia (até jan/2020),Tipologia | Chuvas Intensas,Tipologia,Chuvas Intensas,Principal: 11 dummies,6,84,Inadimplência → desastres,2,1.0189774707130144,0.3665714020573165,0.42506360236360496,0.2722842215965276,2,66,82,0.6159730581512819,True,0.6242700988714517
Pré-pandemia (até jan/2020),Tipologia | Chuvas Intensas,Tipologia,Chuvas Intensas,Principal: 11 dummies,6,84,Desastres → inadimplência,3,0.955391258268173,0.41941653534689993,0.46680167793043326,0.007353105539870302,3,63,81,0.8517203980180322,True,0.8404285387582666
Pré-pandemia (até jan/2020),Tipologia | Chuvas Intensas,Tipologia,Chuvas Intensas,Principal: 11 dummies,6,84,Inadimplência → desastres,3,1.4532149634651372,0.23585408619697856,0.30730381769001397,0.05267407042453706,3,63,81,0.8517203980180322,True,0.514022285313132
Pré-pandemia (até jan/2020),Tipologia | Chuvas Intensas,Tipologia,Chuvas Intensas,Principal: 11 dummies,6,84,Desastres → inadimplência,4,1.1440156547155365,0.34463941862528213,0.3916994320869075,0.0020991687281474354,4,60,80,0.8157377907338158,True,0.7933688274062665
Pré-pandemia (até jan/2020),Tipologia | Chuvas Intensas,Tipologia,Chuvas Intensas,Principal: 11 dummies,6,84,Inadimplência → desastres,4,1.027852379866702,0.40034686989771245,0.5330639101254926,0.1354867913413402,4,60,80,0.8157377907338158,True,0.6518606226781614
Pré-pandemia (até jan/2020),Tipologia | Chuvas Intensas,Tipologia,Chuvas Intensas,Principal: 11 dummies,6,84,Desastres → inadimplência,5,1.027409544138786,0.41031519872070255,0.48691333430305894,0.0016261229551582691,5,57,79,0.7851818688211801,True,0.8375640485999992
Pré-pandemia (até jan/2020),Tipologia | Chuvas Intensas,Tipologia,Chuvas Intensas,Principal: 11 dummies,6,84,Inadimplência → desastres,5,1.3584285393262265,0.25357951221785907,0.3558284736575501,0.003894088579249283,5,57,79,0.7851818688211801,True,0.5390720922998705
Pré-pandemia (até jan/2020),Tipologia | Chuvas Intensas,Tipologia,Chuvas Intensas,Principal: 11 dummies,6,84,Desastres → inadimplência,6,0.8775168471675102,0.5176278319148945,0.6616669699775725,0.020370941610008818,6,54,78,0.846598813902491,True,0.8813357029410543
Pré-pandemia (até jan/2020),Tipologia | Chuvas Intensas,Tipologia,Chuvas Intensas,Principal: 11 dummies,6,84,Inadimplência → desastres,6,1.7274667881836236,0.13229217577572128,0.18832089036385108,9.227943059571822e-05,6,54,78,0.846598813902491,True,0.3919240324181706
Pré-pandemia (até jan/2020),Tipologia | Chuvas Intensas,Tipologia,Chuvas Intensas,Comparação: sem dummies,11,84,Desastres → inadimplência,1,0.6986444098491675,0.4057291240167868,0.3685266884074977,0.2237677368503188,1,80,83,0.23384842452535057,True,0.8355212603311096
Pré-pandemia (até jan/2020),Tipologia | Chuvas Intensas,Tipologia,Chuvas Intensas,Comparação: sem dummies,11,84,Inadimplência → desastres,1,0.007291552639500888,0.9321642182280975,0.9559751824893711,0.9400854427770341,1,80,83,0.23384842452535057,True,0.9661735263558224
Pré-pandemia (até jan/2020),Tipologia | Chuvas Intensas,Tipologia,Chuvas Intensas,Comparação: sem dummies,11,84,Desastres → inadimplência,2,0.4304885898618484,0.6517464827686129,0.6428713006355469,0.478655558684237,2,77,82,0.4173362084075043,True,0.9168999854112312
Pré-pandemia (até jan/2020),Tipologia | Chuvas Intensas,Tipologia,Chuvas Intensas,Comparação: sem dummies,11,84,Inadimplência → desastres,2,1.3457138437159128,0.2664072475750341,0.16507501429873925,0.08947115604893666,2,77,82,0.4173362084075043,True,0.5464679277415219
Pré-pandemia (até jan/2020),Tipologia | Chuvas Intensas,Tipologia,Chuvas Intensas,Comparação: sem dummies,11,84,Desastres → inadimplência,3,0.7702194691711058,0.5143307490657614,0.45967445624454606,0.17016034816587625,3,74,81,0.7185549727128298,True,0.8794541886851518
Pré-pandemia (até jan/2020),Tipologia | Chuvas Intensas,Tipologia,Chuvas Intensas,Comparação: sem dummies,11,84,Inadimplência → desastres,3,0.9582930478688763,0.41706628613969177,0.28205137499903976,0.2255577730565823,3,74,81,0.7185549727128298,True,0.6649653796870085
Pré-pandemia (até jan/2020),Tipologia | Chuvas Intensas,Tipologia,Chuvas Intensas,Comparação: sem dummies,11,84,Desastres → inadimplência,4,3.2658839847909897,0.016222925023461243,0.00568122561094709,3.366869726981506e-07,4,71,80,0.8408270970691998,True,0.3175083365497919
Pré-pandemia (até jan/2020),Tipologia | Chuvas Intensas,Tipologia,Chuvas Intensas,Comparação: sem dummies,11,84,Inadimplência → desastres,4,1.0948986004803543,0.3658031728832794,0.0981618952843199,0.020527990158205077,4,71,80,0.8408270970691998,True,0.6238116863630276
Pré-pandemia (até jan/2020),Tipologia | Chuvas Intensas,Tipologia,Chuvas Intensas,Comparação: sem dummies,11,84,Desastres → inadimplência,5,3.7029206909385244,0.0050504745032149655,0.004260406256784507,2.0342402511833727e-08,5,68,79,0.8834948527748647,True,0.24297138248024852
Pré-pandemia (até jan/2020),Tipologia | Chuvas Intensas,Tipologia,Chuvas Intensas,Comparação: sem dummies,11,84,Inadimplência → desastres,5,1.4109109847766137,0.23143922184533583,0.14784463554337626,0.01259026015807259,5,68,79,0.8834948527748647,True,0.5093292734272356
Pré-pandemia (até jan/2020),Tipologia | Chuvas Intensas,Tipologia,Chuvas Intensas,Comparação: sem dummies,11,84,Desastres → inadimplência,6,3.019120206882457,0.011505023538837087,0.010507630007687598,1.036113691292275e-10,6,65,78,0.9520315903907042,True,0.30598466858609275
Pré-pandemia (até jan/2020),Tipologia | Chuvas Intensas,Tipologia,Chuvas Intensas,Comparação: sem dummies,11,84,Inadimplência → desastres,6,2.9468828770962863,0.013195250144853577,0.015509503491751009,0.00044378539133165906,6,65,78,0.9520315903907042,True,0.16331270176847915
Pré-pandemia (até jan/2020),Tipologia | Chuvas Intensas,Tipologia,Chuvas Intensas,Comparação: sem dummies,11,84,Desastres → inadimplência,7,2.097706222752021,0.05689148086318835,0.041190899186690375,3.158928504769256e-07,7,62,77,0.95331330828625,True,0.48081286519693056
Pré-pandemia (até jan/2020),Tipologia | Chuvas Intensas,Tipologia,Chuvas Intensas,Comparação: sem dummies,11,84,Inadimplência → desastres,7,2.1710454507932857,0.049019768084916815,0.0767957757618219,0.00012323464449232835,7,62,77,0.95331330828625,True,0.25425190915413287
Pré-pandemia (até jan/2020),Tipologia | Chuvas Intensas,Tipologia,Chuvas Intensas,Comparação: sem dummies,11,84,Desastres → inadimplência,8,2.075008694993584,0.05276254660568011,0.12683417593736607,2.443414151162276e-06,8,59,76,0.9683678245115233,True,0.46883858647491805
Pré-pandemia (até jan/2020),Tipologia | Chuvas Intensas,Tipologia,Chuvas Intensas,Comparação: sem dummies,11,84,Inadimplência → desastres,8,1.8454883808951268,0.08643906758096896,0.12392102446880615,0.00035282000551058624,8,59,76,0.9683678245115233,True,0.3402910252736176
Pré-pandemia (até jan/2020),Tipologia | Chuvas Intensas,Tipologia,Chuvas Intensas,Comparação: sem dummies,11,84,Desastres → inadimplência,9,1.8110130953058856,0.0864476857999755,0.19560881194817872,1.8624773146600123e-07,9,56,75,0.960020308185131,True,0.5310609721939257
Pré-pandemia (até jan/2020),Tipologia | Chuvas Intensas,Tipologia,Chuvas Intensas,Comparação: sem dummies,11,84,Inadimplência → desastres,9,1.5500723916411054,0.15339001944809952,0.254619970929851,0.000475915587632129,9,56,75,0.960020308185131,True,0.4223293487007145
Pré-pandemia (até jan/2020),Tipologia | Chuvas Intensas,Tipologia,Chuvas Intensas,Comparação: sem dummies,11,84,Desastres → inadimplência,10,1.7556717343365618,0.09238051107118236,0.22624033653295467,2.2728774539023724e-11,10,53,74,0.9679304555282124,True,0.543788638138664
Pré-pandemia (até jan/2020),Tipologia | Chuvas Intensas,Tipologia,Chuvas Intensas,Comparação: sem dummies,11,84,Inadimplência → desastres,10,1.0437742721263419,0.4211238747195391,0.3416130060073403,1.864871626042099e-07,10,53,74,0.9679304555282124,True,0.6697262638669514
Pré-pandemia (até jan/2020),Tipologia | Chuvas Intensas,Tipologia,Chuvas Intensas,Comparação: sem dummies,11,84,Desastres → inadimplência,11,1.544279100947013,0.14557916675571866,0.3750574532952985,1.0284488557437714e-11,11,50,73,0.9817448190510238,True,0.6106508672639206
Pré-pandemia (até jan/2020),Tipologia | Chuvas Intensas,Tipologia,Chuvas Intensas,Comparação: sem dummies,11,84,Inadimplência → desastres,11,1.383044285996193,0.2102434865760972,0.1874275049411015,3.3152170334990102e-09,11,50,73,0.9817448190510238,True,0.48372915351731044
Pré-pandemia (até jan/2020),Tipologia | Chuvas Intensas,Tipologia,Chuvas Intensas,Robustez: diferença sazonal,9,72,Desastres → inadimplência,1,2.7526223660301596,0.10170082261072343,0.0856906362820425,0.0017259524933985052,1,68,71,0.3896719030038143,True,0.543788638138664
Pré-pandemia (até jan/2020),Tipologia | Chuvas Intensas,Tipologia,Chuvas Intensas,Robustez: diferença sazonal,9,72,Inadimplência → desastres,1,1.3151331039097098,0.255486588127181,0.24398187631109156,0.29352769166978476,1,68,71,0.3896719030038143,True,0.5406117360234499
Pré-pandemia (até jan/2020),Tipologia | Chuvas Intensas,Tipologia,Chuvas Intensas,Robustez: diferença sazonal,9,72,Desastres → inadimplência,2,3.4546980639044755,0.037510317102429365,0.06941952313234648,9.972099670055056e-05,2,65,70,0.5375347845260867,True,0.4186419319467563
Pré-pandemia (até jan/2020),Tipologia | Chuvas Intensas,Tipologia,Chuvas Intensas,Robustez: diferença sazonal,9,72,Inadimplência → desastres,2,0.5575226865627162,0.5753396841124505,0.49597218495123,0.41954511355475893,2,65,70,0.5375347845260867,True,0.767943463773648
Pré-pandemia (até jan/2020),Tipologia | Chuvas Intensas,Tipologia,Chuvas Intensas,Robustez: diferença sazonal,9,72,Desastres → inadimplência,3,2.032201171673424,0.11855262146281767,0.18163938193361603,0.00017195902425406478,3,62,69,0.783587246283622,True,0.5499063072187579
Pré-pandemia (até jan/2020),Tipologia | Chuvas Intensas,Tipologia,Chuvas Intensas,Robustez: diferença sazonal,9,72,Inadimplência → desastres,3,1.4723934172084228,0.23075113673015443,0.3175631799437885,0.47242884079390546,3,62,69,0.783587246283622,True,0.5090840908045676
Pré-pandemia (até jan/2020),Tipologia | Chuvas Intensas,Tipologia,Chuvas Intensas,Robustez: diferença sazonal,9,72,Desastres → inadimplência,4,2.1960017306460227,0.08038679893709366,0.048754995971280274,5.588071428447944e-06,4,59,68,0.7834299016441743,True,0.5310609721939257
Pré-pandemia (até jan/2020),Tipologia | Chuvas Intensas,Tipologia,Chuvas Intensas,Robustez: diferença sazonal,9,72,Inadimplência → desastres,4,1.2537095666497933,0.29840982685584516,0.28463877615765454,0.039006284448136405,4,59,68,0.7834299016441743,True,0.5640099707833236
Pré-pandemia (até jan/2020),Tipologia | Chuvas Intensas,Tipologia,Chuvas Intensas,Robustez: diferença sazonal,9,72,Desastres → inadimplência,5,1.7389322268878142,0.14075963883264694,0.13681385285261904,6.026687538745078e-06,5,56,67,0.7879204681084565,True,0.6072445307128613
Pré-pandemia (até jan/2020),Tipologia | Chuvas Intensas,Tipologia,Chuvas Intensas,Robustez: diferença sazonal,9,72,Inadimplência → desastres,5,1.0462783711485164,0.3998806813724518,0.25995028985523266,0.06540531987790071,5,56,67,0.7879204681084565,True,0.6518606226781614
Pré-pandemia (até jan/2020),Tipologia | Chuvas Intensas,Tipologia,Chuvas Intensas,Robustez: diferença sazonal,9,72,Desastres → inadimplência,6,1.407955011973678,0.2289463511587251,0.2134603964646432,1.2593882254907863e-05,6,53,66,0.8248534661104318,True,0.7132294285430795
Pré-pandemia (até jan/2020),Tipologia | Chuvas Intensas,Tipologia,Chuvas Intensas,Robustez: diferença sazonal,9,72,Inadimplência → desastres,6,1.1556627643300132,0.34392108097085405,0.21979566303825393,0.06492928014447324,6,53,66,0.8248534661104318,True,0.6027092785829633
Pré-pandemia (até jan/2020),Tipologia | Chuvas Intensas,Tipologia,Chuvas Intensas,Robustez: diferença sazonal,9,72,Desastres → inadimplência,7,1.177678461284871,0.3324247703237062,0.3113001684013781,0.00011340623534906321,7,50,65,0.8393181362376604,True,0.7929980208103679
Pré-pandemia (até jan/2020),Tipologia | Chuvas Intensas,Tipologia,Chuvas Intensas,Robustez: diferença sazonal,9,72,Inadimplência → desastres,7,1.150884961280963,0.3475586709711801,0.23824477553297035,0.029833992702844835,7,50,65,0.8393181362376604,True,0.605925158596897
Pré-pandemia (até jan/2020),Tipologia | Chuvas Intensas,Tipologia,Chuvas Intensas,Robustez: diferença sazonal,9,72,Desastres → inadimplência,8,0.930134803464669,0.5008717979859126,0.4003109674835828,0.00031091349940099333,8,47,64,0.8573701177392639,True,0.8754569642361758
Pré-pandemia (até jan/2020),Tipologia | Chuvas Intensas,Tipologia,Chuvas Intensas,Robustez: diferença sazonal,9,72,Inadimplência → desastres,8,1.3113521738048866,0.26128023076020207,0.24504795333269466,1.7647273185759815e-08,8,47,64,0.8573701177392639,True,0.5426340561628513
Pré-pandemia (até jan/2020),Tipologia | Chuvas Intensas,Tipologia,Chuvas Intensas,Robustez: diferença sazonal,9,72,Desastres → inadimplência,9,0.9689773384635687,0.4781444095254195,0.48873007157815984,0.0008509945411732203,9,44,63,0.8738229720799449,True,0.8688071396108913
Pré-pandemia (até jan/2020),Tipologia | Chuvas Intensas,Tipologia,Chuvas Intensas,Robustez: diferença sazonal,9,72,Inadimplência → desastres,9,1.3034377801397525,0.26263488318282,0.25605234886690287,3.893304084952453e-09,9,44,63,0.8738229720799449,True,0.5426340561628513
Pré-pandemia (até jan/2020),Tipologia | Doenças infecciosas,Tipologia,Doenças infecciosas,Principal: 11 dummies,6,84,Desastres → inadimplência,1,0.006327468416151699,0.9368290867687195,0.944527361417149,0.9391207051589013,1,69,83,0.32044721350307415,True,0.9899358849372114
Pré-pandemia (até jan/2020),Tipologia | Doenças infecciosas,Tipologia,Doenças infecciosas,Principal: 11 dummies,6,84,Inadimplência → desastres,1,0.016677731158445144,0.8976207674565051,0.9207793185267229,0.9026805472238657,1,69,83,0.32044721350307415,True,0.9472528750729985
Pré-pandemia (até jan/2020),Tipologia | Doenças infecciosas,Tipologia,Doenças infecciosas,Principal: 11 dummies,6,84,Desastres → inadimplência,2,0.54865426022382,0.5803387702165884,0.6342203673284565,0.10006554127018209,2,66,82,0.5707063914856468,True,0.9114070857143701
Pré-pandemia (até jan/2020),Tipologia | Doenças infecciosas,Tipologia,Doenças infecciosas,Principal: 11 dummies,6,84,Inadimplência → desastres,2,0.846120000687745,0.4336772591052806,0.5571632362778813,0.23592266024594244,2,66,82,0.5707063914856468,True,0.6769762794481332
Pré-pandemia (até jan/2020),Tipologia | Doenças infecciosas,Tipologia,Doenças infecciosas,Principal: 11 dummies,6,84,Desastres → inadimplência,3,0.4468274099738619,0.7203994901571442,0.6758722338112595,0.20017719698871064,3,63,81,0.8485219997519545,True,0.9299407173443379
Pré-pandemia (até jan/2020),Tipologia | Doenças infecciosas,Tipologia,Doenças infecciosas,Principal: 11 dummies,6,84,Inadimplência → desastres,3,0.8979897449710109,0.4472936968304111,0.6334968830524554,0.1514486617221729,3,63,81,0.8485219997519545,True,0.6828815312359907
Pré-pandemia (até jan/2020),Tipologia | Doenças infecciosas,Tipologia,Doenças infecciosas,Principal: 11 dummies,6,84,Desastres → inadimplência,4,0.837077234291457,0.5070597968268331,0.7701758474788353,0.158880585176889,4,60,80,0.845843297101668,True,0.8754569642361758
Pré-pandemia (até jan/2020),Tipologia | Doenças infecciosas,Tipologia,Doenças infecciosas,Principal: 11 dummies,6,84,Inadimplência → desastres,4,0.7430014619604371,0.5664808896263429,0.761078854640774,0.13799274606757486,4,60,80,0.845843297101668,True,0.7642730696822214
Pré-pandemia (até jan/2020),Tipologia | Doenças infecciosas,Tipologia,Doenças infecciosas,Principal: 11 dummies,6,84,Desastres → inadimplência,5,1.158567706728695,0.3407641512151131,0.6186525483889619,0.044338851375208696,5,57,79,0.8491246486391597,True,0.7933688274062665
Pré-pandemia (até jan/2020),Tipologia | Doenças infecciosas,Tipologia,Doenças infecciosas,Principal: 11 dummies,6,84,Inadimplência → desastres,5,1.907612675433,0.10724401472793156,0.11089948073552644,5.831969099975479e-06,5,57,79,0.8491246486391597,True,0.3692975713771748
Pré-pandemia (até jan/2020),Tipologia | Doenças infecciosas,Tipologia,Doenças infecciosas,Principal: 11 dummies,6,84,Desastres → inadimplência,6,1.006228314485924,0.43100225343700105,0.6398323974760849,0.025953268726783607,6,54,78,0.8493127392969593,True,0.8457658034478042
Pré-pandemia (até jan/2020),Tipologia | Doenças infecciosas,Tipologia,Doenças infecciosas,Principal: 11 dummies,6,84,Inadimplência → desastres,6,2.0165886551826118,0.07924614644114286,0.04037898417488313,3.150336616261772e-08,6,54,78,0.8493127392969593,True,0.3335275523617124
Pré-pandemia (até jan/2020),Tipologia | Doenças infecciosas,Tipologia,Doenças infecciosas,Comparação: sem dummies,11,84,Desastres → inadimplência,1,0.15405233556000789,0.695736297494405,0.6825272744118226,0.5892209343061312,1,80,83,0.2741673202466527,True,0.9288097734132648
Pré-pandemia (até jan/2020),Tipologia | Doenças infecciosas,Tipologia,Doenças infecciosas,Comparação: sem dummies,11,84,Inadimplência → desastres,1,1.9267055173103236,0.1689729055210838,0.287825145772227,0.25141765792888726,1,80,83,0.2741673202466527,True,0.44218221832224386
Pré-pandemia (até jan/2020),Tipologia | Doenças infecciosas,Tipologia,Doenças infecciosas,Comparação: sem dummies,11,84,Desastres → inadimplência,2,0.4167135703427777,0.6606873707564509,0.513030713224412,0.17763435372711459,2,77,82,0.4764397430655735,True,0.9168999854112312
Pré-pandemia (até jan/2020),Tipologia | Doenças infecciosas,Tipologia,Doenças infecciosas,Comparação: sem dummies,11,84,Inadimplência → desastres,2,0.8476182588116,0.4323921366474963,0.5413757245361653,0.4188705973173083,2,77,82,0.4764397430655735,True,0.6769762794481332
Pré-pandemia (até jan/2020),Tipologia | Doenças infecciosas,Tipologia,Doenças infecciosas,Comparação: sem dummies,11,84,Desastres → inadimplência,3,0.1799837094000466,0.9096607655008245,0.8368265386295991,0.7736853677305693,3,74,81,0.7097439399056551,True,0.981295751603096
Pré-pandemia (até jan/2020),Tipologia | Doenças infecciosas,Tipologia,Doenças infecciosas,Comparação: sem dummies,11,84,Inadimplência → desastres,3,0.9415581578912895,0.4250389785545228,0.6283298275934663,0.4612936329617652,3,74,81,0.7097439399056551,True,0.6725300293584221
Pré-pandemia (até jan/2020),Tipologia | Doenças infecciosas,Tipologia,Doenças infecciosas,Comparação: sem dummies,11,84,Desastres → inadimplência,4,1.891333033414397,0.12140584795483428,0.37914435323581075,0.010322501531716096,4,71,80,0.7712001070865451,True,0.55385879541439
Pré-pandemia (até jan/2020),Tipologia | Doenças infecciosas,Tipologia,Doenças infecciosas,Comparação: sem dummies,11,84,Inadimplência → desastres,4,1.1485648156872525,0.3409295692526524,0.7235045333178911,0.44952070455432147,4,71,80,0.7712001070865451,True,0.6010746989644787
Pré-pandemia (até jan/2020),Tipologia | Doenças infecciosas,Tipologia,Doenças infecciosas,Comparação: sem dummies,11,84,Desastres → inadimplência,5,2.0139645475688472,0.08760610474990464,0.47603468997882326,0.005188323840512669,5,68,79,0.8603011147214334,True,0.5315904414435961
Pré-pandemia (até jan/2020),Tipologia | Doenças infecciosas,Tipologia,Doenças infecciosas,Comparação: sem dummies,11,84,Inadimplência → desastres,5,1.2042983423306652,0.3165751206958202,0.07949658758668189,0.0006649682615170538,5,68,79,0.8603011147214334,True,0.5819395601026106
Pré-pandemia (até jan/2020),Tipologia | Doenças infecciosas,Tipologia,Doenças infecciosas,Comparação: sem dummies,11,84,Desastres → inadimplência,6,2.091844803212124,0.06610453394417568,0.06629405592819976,5.037882288584623e-05,6,65,78,0.9329953185448517,True,0.4855614559401165
Pré-pandemia (até jan/2020),Tipologia | Doenças infecciosas,Tipologia,Doenças infecciosas,Comparação: sem dummies,11,84,Inadimplência → desastres,6,1.748544207007795,0.12387592003395613,0.028990027137733555,0.01989992269986473,6,65,78,0.9329953185448517,True,0.38239974695218304
Pré-pandemia (até jan/2020),Tipologia | Doenças infecciosas,Tipologia,Doenças infecciosas,Comparação: sem dummies,11,84,Desastres → inadimplência,7,1.6371553355163697,0.14175578524709853,0.21584829334509972,4.203409801430922e-05,7,62,77,0.9598990902826172,True,0.6072445307128613
Pré-pandemia (até jan/2020),Tipologia | Doenças infecciosas,Tipologia,Doenças infecciosas,Comparação: sem dummies,11,84,Inadimplência → desastres,7,2.5763877284584393,0.02132774925858032,0.021620964924101482,0.01894613816820245,7,62,77,0.9598990902826172,True,0.18042560956402565
Pré-pandemia (até jan/2020),Tipologia | Doenças infecciosas,Tipologia,Doenças infecciosas,Comparação: sem dummies,11,84,Desastres → inadimplência,8,1.4219806316059727,0.2064753476739811,0.3549897731033278,0.00015391917082533944,8,59,76,0.9648157839216501,True,0.6845999591312371
Pré-pandemia (até jan/2020),Tipologia | Doenças infecciosas,Tipologia,Doenças infecciosas,Comparação: sem dummies,11,84,Inadimplência → desastres,8,2.2276470154587678,0.037810495138581895,0.051276481158475384,0.004994832100217286,8,59,76,0.9648157839216501,True,0.23282324592722844
Pré-pandemia (até jan/2020),Tipologia | Doenças infecciosas,Tipologia,Doenças infecciosas,Comparação: sem dummies,11,84,Desastres → inadimplência,9,1.307674728669693,0.2538316696041462,0.3374680212772868,0.00033646794582280795,9,56,75,0.9558122376459723,True,0.7295060750278837
Pré-pandemia (até jan/2020),Tipologia | Doenças infecciosas,Tipologia,Doenças infecciosas,Comparação: sem dummies,11,84,Inadimplência → desastres,9,1.783789793439773,0.09188010733103284,0.1724032176953571,0.001127396356682608,9,56,75,0.9558122376459723,True,0.35015284806033853
Pré-pandemia (até jan/2020),Tipologia | Doenças infecciosas,Tipologia,Doenças infecciosas,Comparação: sem dummies,11,84,Desastres → inadimplência,10,1.2031889047915472,0.31036388724610325,0.4393219540008215,0.00039312801759538237,10,53,74,0.9643122911602636,True,0.7767560045564231
Pré-pandemia (até jan/2020),Tipologia | Doenças infecciosas,Tipologia,Doenças infecciosas,Comparação: sem dummies,11,84,Inadimplência → desastres,10,2.079315791352124,0.042799771541178706,0.060455019651483685,0.0005353821095524724,10,53,74,0.9643122911602636,True,0.24541153406639166
Pré-pandemia (até jan/2020),Tipologia | Doenças infecciosas,Tipologia,Doenças infecciosas,Comparação: sem dummies,11,84,Desastres → inadimplência,11,1.6884227625203676,0.10353684884820631,0.29527735398845323,2.502401500766282e-07,11,50,73,0.9778149112614112,True,0.543788638138664
Pré-pandemia (até jan/2020),Tipologia | Doenças infecciosas,Tipologia,Doenças infecciosas,Comparação: sem dummies,11,84,Inadimplência → desastres,11,2.1265022488924914,0.03521074775556174,0.3293391415324047,0.022109888724245633,11,50,73,0.9778149112614112,True,0.22339377987795594
Pré-pandemia (até jan/2020),Tipologia | Doenças infecciosas,Tipologia,Doenças infecciosas,Robustez: diferença sazonal,9,72,Desastres → inadimplência,1,0.01656716688422451,0.8979642838815179,0.9021000411214215,0.8954513139178549,1,68,71,0.3501153449319871,True,0.9794549344257395
Pré-pandemia (até jan/2020),Tipologia | Doenças infecciosas,Tipologia,Doenças infecciosas,Robustez: diferença sazonal,9,72,Inadimplência → desastres,1,0.28951387108924154,0.5922890454004851,0.67724997982319,0.7106195231427911,1,68,71,0.3501153449319871,True,0.7760600699691891
Pré-pandemia (até jan/2020),Tipologia | Doenças infecciosas,Tipologia,Doenças infecciosas,Robustez: diferença sazonal,9,72,Desastres → inadimplência,2,0.4077930726163793,0.6668061622920773,0.41806743686974246,0.19472603234524963,2,65,70,0.44696270833658075,True,0.9189721090023116
Pré-pandemia (até jan/2020),Tipologia | Doenças infecciosas,Tipologia,Doenças infecciosas,Robustez: diferença sazonal,9,72,Inadimplência → desastres,2,1.6404586013548021,0.20181588061082767,0.4212400008632031,0.01099815230712143,2,65,70,0.44696270833658075,True,0.4750844647147544
Pré-pandemia (até jan/2020),Tipologia | Doenças infecciosas,Tipologia,Doenças infecciosas,Robustez: diferença sazonal,9,72,Desastres → inadimplência,3,1.116563860576786,0.3492666697806057,0.2727157916438199,0.10058836365258003,3,62,69,0.8018363481486904,True,0.8010703435334994
Pré-pandemia (até jan/2020),Tipologia | Doenças infecciosas,Tipologia,Doenças infecciosas,Robustez: diferença sazonal,9,72,Inadimplência → desastres,3,1.1817967685499386,0.3239906420267425,0.507776217500628,0.013750889822131908,3,62,69,0.8018363481486904,True,0.5876457783142869
Pré-pandemia (até jan/2020),Tipologia | Doenças infecciosas,Tipologia,Doenças infecciosas,Robustez: diferença sazonal,9,72,Desastres → inadimplência,4,0.8321056859482135,0.5101852667545307,0.444603994851306,0.15261064224084883,4,59,68,0.7641882218057278,True,0.8754569642361758
Pré-pandemia (até jan/2020),Tipologia | Doenças infecciosas,Tipologia,Doenças infecciosas,Robustez: diferença sazonal,9,72,Inadimplência → desastres,4,0.8883853932223328,0.47660950046914285,0.7210442601990563,0.023926059134094513,4,59,68,0.7641882218057278,True,0.7058789995099864
Pré-pandemia (até jan/2020),Tipologia | Doenças infecciosas,Tipologia,Doenças infecciosas,Robustez: diferença sazonal,9,72,Desastres → inadimplência,5,1.076214523932142,0.3834600288952073,0.3592078859540888,0.03520763211645345,5,56,67,0.8593590068436726,True,0.818953342699688
Pré-pandemia (até jan/2020),Tipologia | Doenças infecciosas,Tipologia,Doenças infecciosas,Robustez: diferença sazonal,9,72,Inadimplência → desastres,5,3.024667834704463,0.01738052600989391,0.007303379101059405,6.59566986532648e-08,5,56,67,0.8593590068436726,True,0.16926262794807567
Pré-pandemia (até jan/2020),Tipologia | Doenças infecciosas,Tipologia,Doenças infecciosas,Robustez: diferença sazonal,9,72,Desastres → inadimplência,6,0.8533770238251436,0.5350478181387675,0.558335423168258,0.17145780381957199,6,53,66,0.8163580946326733,True,0.8905589516291069
Pré-pandemia (até jan/2020),Tipologia | Doenças infecciosas,Tipologia,Doenças infecciosas,Robustez: diferença sazonal,9,72,Inadimplência → desastres,6,2.802390824897749,0.019226430443549936,0.005745525399485712,8.445899769681824e-07,6,53,66,0.8163580946326733,True,0.17542363543384978
Pré-pandemia (até jan/2020),Tipologia | Doenças infecciosas,Tipologia,Doenças infecciosas,Robustez: diferença sazonal,9,72,Desastres → inadimplência,7,0.7146204214975351,0.6598754727784252,0.5996941895829202,0.056289740098413484,7,50,65,0.8432987830215746,True,0.9168999854112312
Pré-pandemia (até jan/2020),Tipologia | Doenças infecciosas,Tipologia,Doenças infecciosas,Robustez: diferença sazonal,9,72,Inadimplência → desastres,7,2.816745482758583,0.014894118401285298,0.014272837150821043,3.343011481032616e-06,7,50,65,0.8432987830215746,True,0.16331270176847915
Pré-pandemia (até jan/2020),Tipologia | Doenças infecciosas,Tipologia,Doenças infecciosas,Robustez: diferença sazonal,9,72,Desastres → inadimplência,8,0.6752112567005082,0.7106545844076879,0.7141144507281807,0.03690041771851132,8,47,64,0.874033490352985,True,0.9299407173443379
Pré-pandemia (até jan/2020),Tipologia | Doenças infecciosas,Tipologia,Doenças infecciosas,Robustez: diferença sazonal,9,72,Inadimplência → desastres,8,2.3521299954515613,0.03235600703172656,0.046370665926006076,2.9059330484891344e-07,8,47,64,0.874033490352985,True,0.21862166913328757
Pré-pandemia (até jan/2020),Tipologia | Doenças infecciosas,Tipologia,Doenças infecciosas,Robustez: diferença sazonal,9,72,Desastres → inadimplência,9,1.0052203100487862,0.45038068654229896,0.36687522860738797,0.001538432716640814,9,44,63,0.9250499718070627,True,0.8555864106046713
Pré-pandemia (até jan/2020),Tipologia | Doenças infecciosas,Tipologia,Doenças infecciosas,Robustez: diferença sazonal,9,72,Inadimplência → desastres,9,1.9940320325659024,0.06298888674297223,0.007846333114203316,1.8060039171551172e-10,9,44,63,0.9250499718070627,True,0.28408817513613505
Pré-pandemia (até jan/2020),Tipologia | Enxurradas,Tipologia,Enxurradas,Principal: 11 dummies,6,84,Desastres → inadimplência,1,0.17748802827423943,0.6748504393105345,0.7086223998474872,0.6155346829910382,1,69,83,0.2634188032452849,True,0.9230936528924308
Pré-pandemia (até jan/2020),Tipologia | Enxurradas,Tipologia,Enxurradas,Principal: 11 dummies,6,84,Inadimplência → desastres,1,0.44485767206172355,0.5070114903820393,0.6338601053084962,0.561239501279435,1,69,83,0.2634188032452849,True,0.7278925859189871
Pré-pandemia (até jan/2020),Tipologia | Enxurradas,Tipologia,Enxurradas,Principal: 11 dummies,6,84,Desastres → inadimplência,2,0.5827912795196674,0.5611848481954862,0.6212102061108348,0.2834930313148317,2,66,82,0.5822213500652724,True,0.8987103429813551
Pré-pandemia (até jan/2020),Tipologia | Enxurradas,Tipologia,Enxurradas,Principal: 11 dummies,6,84,Inadimplência → desastres,2,0.3174748407552445,0.7290904798348874,0.7773882533174777,0.5421732879277148,2,66,82,0.5822213500652724,True,0.8533362357618064
Pré-pandemia (até jan/2020),Tipologia | Enxurradas,Tipologia,Enxurradas,Principal: 11 dummies,6,84,Desastres → inadimplência,3,0.8954365864193684,0.44856967930541947,0.3980901095515705,0.044197944135300433,3,63,81,0.8504680783040097,True,0.855378330038648
Pré-pandemia (até jan/2020),Tipologia | Enxurradas,Tipologia,Enxurradas,Principal: 11 dummies,6,84,Inadimplência → desastres,3,0.22997559631847614,0.8751822461016501,0.9192133955441619,0.7173041262106793,3,63,81,0.8504680783040097,True,0.9350237672026176
Pré-pandemia (até jan/2020),Tipologia | Enxurradas,Tipologia,Enxurradas,Principal: 11 dummies,6,84,Desastres → inadimplência,4,1.001238300260561,0.4140916656278396,0.22056069844170864,0.0008406440762336708,4,60,80,0.8317052327984145,True,0.8375640485999992
Pré-pandemia (até jan/2020),Tipologia | Enxurradas,Tipologia,Enxurradas,Principal: 11 dummies,6,84,Inadimplência → desastres,4,0.6526385041344984,0.6272754755560684,0.7295863985800976,0.16362213028690561,4,60,80,0.8317052327984145,True,0.7950245430338984
Pré-pandemia (até jan/2020),Tipologia | Enxurradas,Tipologia,Enxurradas,Principal: 11 dummies,6,84,Desastres → inadimplência,5,0.9989348649040376,0.4267514690248905,0.22620844493012326,0.00027077767690622344,5,57,79,0.826854631613442,True,0.8453872207307656
Pré-pandemia (até jan/2020),Tipologia | Enxurradas,Tipologia,Enxurradas,Principal: 11 dummies,6,84,Inadimplência → desastres,5,1.122739016254725,0.358762568531493,0.2925817708855952,1.6327063021467935e-05,5,57,79,0.826854631613442,True,0.6168544850954144
Pré-pandemia (até jan/2020),Tipologia | Enxurradas,Tipologia,Enxurradas,Principal: 11 dummies,6,84,Desastres → inadimplência,6,1.0577793073974033,0.3992054262631475,0.13196909575233098,3.5261308369846924e-06,6,54,78,0.8623432695015869,True,0.8302941478018874
Pré-pandemia (até jan/2020),Tipologia | Enxurradas,Tipologia,Enxurradas,Principal: 11 dummies,6,84,Inadimplência → desastres,6,1.0833650364884326,0.3840684088461306,0.2495704722172145,3.237088986976643e-05,6,54,78,0.8623432695015869,True,0.6409686395963462
Pré-pandemia (até jan/2020),Tipologia | Enxurradas,Tipologia,Enxurradas,Comparação: sem dummies,11,84,Desastres → inadimplência,1,0.11068291770249704,0.7402382119596176,0.7372952453357854,0.7526217258711912,1,80,83,0.26646022003320563,True,0.9356186454536043
Pré-pandemia (até jan/2020),Tipologia | Enxurradas,Tipologia,Enxurradas,Comparação: sem dummies,11,84,Inadimplência → desastres,1,0.2793065864895898,0.5986191956458522,0.7399686386316193,0.7151848647867663,1,80,83,0.26646022003320563,True,0.7795481515818052
Pré-pandemia (até jan/2020),Tipologia | Enxurradas,Tipologia,Enxurradas,Comparação: sem dummies,11,84,Desastres → inadimplência,2,1.0392563106559556,0.35862533950523245,0.4529799843333568,0.05349767434000441,2,77,82,0.42710258966127546,True,0.8083063442604552
Pré-pandemia (até jan/2020),Tipologia | Enxurradas,Tipologia,Enxurradas,Comparação: sem dummies,11,84,Inadimplência → desastres,2,0.8337827696176238,0.438286466094298,0.31730199765005923,0.3159038107171367,2,77,82,0.42710258966127546,True,0.6776943250669981
Pré-pandemia (até jan/2020),Tipologia | Enxurradas,Tipologia,Enxurradas,Comparação: sem dummies,11,84,Desastres → inadimplência,3,1.195234340363657,0.31753785466266576,0.3954714370695948,0.18235237388617703,3,74,81,0.7472618256868503,True,0.7767560045564231
Pré-pandemia (até jan/2020),Tipologia | Enxurradas,Tipologia,Enxurradas,Comparação: sem dummies,11,84,Inadimplência → desastres,3,0.7775024167110581,0.5102467045508495,0.37324507741030916,0.0531945080753349,3,74,81,0.7472618256868503,True,0.7289238636440708
Pré-pandemia (até jan/2020),Tipologia | Enxurradas,Tipologia,Enxurradas,Comparação: sem dummies,11,84,Desastres → inadimplência,4,3.1657358086611738,0.01879748978113781,0.0017536577766324374,6.761655925589104e-10,4,71,80,0.8476820056413886,True,0.323410687130845
Pré-pandemia (até jan/2020),Tipologia | Enxurradas,Tipologia,Enxurradas,Comparação: sem dummies,11,84,Inadimplência → desastres,4,1.7491672967078875,0.14880473525116764,0.08116181584586973,0.0006993619429032764,4,71,80,0.8476820056413886,True,0.4161206243041601
Pré-pandemia (até jan/2020),Tipologia | Enxurradas,Tipologia,Enxurradas,Comparação: sem dummies,11,84,Desastres → inadimplência,5,3.329231715321488,0.009502484969724657,0.003599954293450017,5.4215302690955443e-08,5,68,79,0.8915665768679133,True,0.30598466858609275
Pré-pandemia (até jan/2020),Tipologia | Enxurradas,Tipologia,Enxurradas,Comparação: sem dummies,11,84,Inadimplência → desastres,5,1.8051655885463294,0.12348603385228632,0.1532027434591934,0.0011753539530836956,5,68,79,0.8915665768679133,True,0.38239974695218304
Pré-pandemia (até jan/2020),Tipologia | Enxurradas,Tipologia,Enxurradas,Comparação: sem dummies,11,84,Desastres → inadimplência,6,2.472456497605805,0.03240882798051559,0.025301254543644198,1.209715193181585e-06,6,65,78,0.9532135347885957,True,0.3905139274872028
Pré-pandemia (até jan/2020),Tipologia | Enxurradas,Tipologia,Enxurradas,Comparação: sem dummies,11,84,Inadimplência → desastres,6,2.482035680250095,0.03182837654259558,0.016190417185475228,5.4060324840452885e-11,6,65,78,0.9532135347885957,True,0.2179593217402472
Pré-pandemia (até jan/2020),Tipologia | Enxurradas,Tipologia,Enxurradas,Comparação: sem dummies,11,84,Desastres → inadimplência,7,1.794622536077512,0.10430657617104855,0.10428437344568285,1.938714311386449e-05,7,62,77,0.9597983299047568,True,0.543788638138664
Pré-pandemia (até jan/2020),Tipologia | Enxurradas,Tipologia,Enxurradas,Comparação: sem dummies,11,84,Inadimplência → desastres,7,2.1116796490233787,0.05530290061759116,0.02857798283894263,3.4032662991566387e-11,7,62,77,0.9597983299047568,True,0.27430847673411135
Pré-pandemia (até jan/2020),Tipologia | Enxurradas,Tipologia,Enxurradas,Comparação: sem dummies,11,84,Desastres → inadimplência,8,1.4597213503578628,0.1916327654273806,0.3606572335413622,3.486777399363709e-05,8,59,76,0.9702097086082319,True,0.658536501515778
Pré-pandemia (até jan/2020),Tipologia | Enxurradas,Tipologia,Enxurradas,Comparação: sem dummies,11,84,Inadimplência → desastres,8,1.792542109632538,0.09670124781686432,0.08858547581319726,1.0461586639193786e-10,8,59,76,0.9702097086082319,True,0.35234955931018785
Pré-pandemia (até jan/2020),Tipologia | Enxurradas,Tipologia,Enxurradas,Comparação: sem dummies,11,84,Desastres → inadimplência,9,1.2621189742002676,0.277846878324915,0.43757348695776355,3.8110015397326724e-05,9,56,75,0.9591155642637601,True,0.7485099092804823
Pré-pandemia (até jan/2020),Tipologia | Enxurradas,Tipologia,Enxurradas,Comparação: sem dummies,11,84,Inadimplência → desastres,9,1.6135257434565629,0.133752034804894,0.15814993940540498,8.109858837143467e-10,9,56,75,0.9591155642637601,True,0.39431614034461676
Pré-pandemia (até jan/2020),Tipologia | Enxurradas,Tipologia,Enxurradas,Comparação: sem dummies,11,84,Desastres → inadimplência,10,1.2852409469055586,0.2626232404423228,0.49317741359931655,3.254597578093831e-05,10,53,74,0.9563034752695847,True,0.7443969400292597
Pré-pandemia (até jan/2020),Tipologia | Enxurradas,Tipologia,Enxurradas,Comparação: sem dummies,11,84,Inadimplência → desastres,10,1.2689850953201414,0.2715864681151706,0.3192637164222003,9.906889689220382e-11,10,53,74,0.9563034752695847,True,0.5522152457799396
Pré-pandemia (até jan/2020),Tipologia | Enxurradas,Tipologia,Enxurradas,Comparação: sem dummies,11,84,Desastres → inadimplência,11,1.1083113413101484,0.3747032922967549,0.6390418379993343,5.26976041570519e-06,11,50,73,0.9604776048650852,True,0.8106874740653794
Pré-pandemia (até jan/2020),Tipologia | Enxurradas,Tipologia,Enxurradas,Comparação: sem dummies,11,84,Inadimplência → desastres,11,0.9702875432258115,0.4848982773941989,0.3809157502177704,4.731392170881417e-10,11,50,73,0.9604776048650852,True,0.7139256145379842
Pré-pandemia (até jan/2020),Tipologia | Enxurradas,Tipologia,Enxurradas,Robustez: diferença sazonal,9,72,Desastres → inadimplência,1,0.9747308476447131,0.32700317364905895,0.33499559624517317,0.2954032874264987,1,68,71,0.3007405647553859,True,0.7875798979986969
Pré-pandemia (até jan/2020),Tipologia | Enxurradas,Tipologia,Enxurradas,Robustez: diferença sazonal,9,72,Inadimplência → desastres,1,0.33891559618791633,0.562381109227644,0.6645797541986086,0.6603542385304321,1,68,71,0.3007405647553859,True,0.7617488551447619
Pré-pandemia (até jan/2020),Tipologia | Enxurradas,Tipologia,Enxurradas,Robustez: diferença sazonal,9,72,Desastres → inadimplência,2,0.6910040262419174,0.5047154008958691,0.5160832999707539,0.044003268076358557,2,65,70,0.5038542886056983,True,0.8754569642361758
Pré-pandemia (até jan/2020),Tipologia | Enxurradas,Tipologia,Enxurradas,Robustez: diferença sazonal,9,72,Inadimplência → desastres,2,0.10794987298510576,0.897833186230992,0.9150126439869264,0.8207041691341314,2,65,70,0.5038542886056983,True,0.9472528750729985
Pré-pandemia (até jan/2020),Tipologia | Enxurradas,Tipologia,Enxurradas,Robustez: diferença sazonal,9,72,Desastres → inadimplência,3,1.2671169988093895,0.2934759893315779,0.11067574982069087,0.0003906471600824703,3,62,69,0.7916698783630214,True,0.7578444358950407
Pré-pandemia (até jan/2020),Tipologia | Enxurradas,Tipologia,Enxurradas,Robustez: diferença sazonal,9,72,Inadimplência → desastres,3,0.17491299712182942,0.9129845144732229,0.94857626421845,0.8345818703984308,3,62,69,0.7916698783630214,True,0.9566057360364867
Pré-pandemia (até jan/2020),Tipologia | Enxurradas,Tipologia,Enxurradas,Robustez: diferença sazonal,9,72,Desastres → inadimplência,4,0.9859316926274896,0.422304054621195,0.13052224398098144,0.00021128726327566074,4,59,68,0.7844010851128747,True,0.8432588950103734
Pré-pandemia (até jan/2020),Tipologia | Enxurradas,Tipologia,Enxurradas,Robustez: diferença sazonal,9,72,Inadimplência → desastres,4,0.7513638961759009,0.5610979801654823,0.6144362479605958,0.051251978171290354,4,59,68,0.7844010851128747,True,0.7617488551447619
Pré-pandemia (até jan/2020),Tipologia | Enxurradas,Tipologia,Enxurradas,Robustez: diferença sazonal,9,72,Desastres → inadimplência,5,0.8663625426773742,0.5095177177531902,0.20348847952728985,0.0006023798435104801,5,56,67,0.8128326844334129,True,0.8754569642361758
Pré-pandemia (até jan/2020),Tipologia | Enxurradas,Tipologia,Enxurradas,Robustez: diferença sazonal,9,72,Inadimplência → desastres,5,1.0222015081579077,0.41347032275395673,0.23611901043289849,0.0028544223215593756,5,56,67,0.8128326844334129,True,0.6629016245449223
Pré-pandemia (até jan/2020),Tipologia | Enxurradas,Tipologia,Enxurradas,Robustez: diferença sazonal,9,72,Desastres → inadimplência,6,0.9240390492054483,0.48534172222542915,0.26648239989862754,0.00020204145740958577,6,53,66,0.8200510662108565,True,0.8699822529860834
Pré-pandemia (até jan/2020),Tipologia | Enxurradas,Tipologia,Enxurradas,Robustez: diferença sazonal,9,72,Inadimplência → desastres,6,1.1583171421163485,0.34250293382845465,0.12734290157358155,0.0012752642040921257,6,53,66,0.8200510662108565,True,0.6027092785829633
Pré-pandemia (até jan/2020),Tipologia | Enxurradas,Tipologia,Enxurradas,Robustez: diferença sazonal,9,72,Desastres → inadimplência,7,0.9750123888839539,0.4597240794956068,0.3437840001614341,3.450472683785186e-05,7,50,65,0.854682701913203,True,0.8628454945488114
Pré-pandemia (até jan/2020),Tipologia | Enxurradas,Tipologia,Enxurradas,Robustez: diferença sazonal,9,72,Inadimplência → desastres,7,1.2844698885450512,0.2772130825270793,0.3202163010867611,0.0009587175553191496,7,50,65,0.854682701913203,True,0.5536093107857354
Pré-pandemia (até jan/2020),Tipologia | Enxurradas,Tipologia,Enxurradas,Robustez: diferença sazonal,9,72,Desastres → inadimplência,8,1.2711580960848408,0.28124409980437004,0.1898097397147108,5.732999743286044e-05,8,47,64,0.8754471628706997,True,0.7489901687047872
Pré-pandemia (até jan/2020),Tipologia | Enxurradas,Tipologia,Enxurradas,Robustez: diferença sazonal,9,72,Inadimplência → desastres,8,1.2790117530853262,0.2772475428414963,0.3979556069792694,0.00010868572286678843,8,47,64,0.8754471628706997,True,0.5536093107857354
Pré-pandemia (até jan/2020),Tipologia | Enxurradas,Tipologia,Enxurradas,Robustez: diferença sazonal,9,72,Desastres → inadimplência,9,1.3037270704722506,0.26248879919780127,0.12839489743274096,1.6671943542832099e-06,9,44,63,0.9042232144019249,True,0.7443969400292597
Pré-pandemia (até jan/2020),Tipologia | Enxurradas,Tipologia,Enxurradas,Robustez: diferença sazonal,9,72,Inadimplência → desastres,9,1.47391820581466,0.18766212176783922,0.6082525006813302,1.3278787492201894e-05,9,44,63,0.9042232144019249,True,0.4602542937454006
Pré-pandemia (até jan/2020),Tipologia | Erosão,Tipologia,Erosão,Principal: 11 dummies,6,84,Desastres → inadimplência,1,1.015289188767552,0.31715956846185817,0.423063573240573,0.42580178447786426,1,69,83,0.5084434648917934,True,0.7767560045564231
Pré-pandemia (até jan/2020),Tipologia | Erosão,Tipologia,Erosão,Principal: 11 dummies,6,84,Inadimplência → desastres,1,0.622943076996126,0.43265948241354785,0.5170208566178569,0.20653054827278078,1,69,83,0.5084434648917934,True,0.6769762794481332
Pré-pandemia (até jan/2020),Tipologia | Erosão,Tipologia,Erosão,Principal: 11 dummies,6,84,Desastres → inadimplência,2,0.5023748036846009,0.6073869394620439,0.654113577837774,0.7858416964907831,2,66,82,0.7158677595469377,True,0.9168999854112312
Pré-pandemia (até jan/2020),Tipologia | Erosão,Tipologia,Erosão,Principal: 11 dummies,6,84,Inadimplência → desastres,2,0.37108400294836663,0.691416353445013,0.7544017741879437,0.442765813360997,2,66,82,0.7158677595469377,True,0.8374713583394052
Pré-pandemia (até jan/2020),Tipologia | Erosão,Tipologia,Erosão,Principal: 11 dummies,6,84,Desastres → inadimplência,3,0.31610297472080845,0.8136732899743002,0.896623481432715,0.5592393982695587,3,63,81,0.8501448763297326,True,0.9610721162745289
Pré-pandemia (até jan/2020),Tipologia | Erosão,Tipologia,Erosão,Principal: 11 dummies,6,84,Inadimplência → desastres,3,0.4125964698133574,0.7445185514827372,0.7868579057199366,0.5045094683052835,3,63,81,0.8501448763297326,True,0.8596939379919245
Pré-pandemia (até jan/2020),Tipologia | Erosão,Tipologia,Erosão,Principal: 11 dummies,6,84,Desastres → inadimplência,4,0.34898950966979825,0.8437198206151939,0.9280384133388843,0.27894852420794997,4,60,80,0.8208553822276702,True,0.9679560023686106
Pré-pandemia (até jan/2020),Tipologia | Erosão,Tipologia,Erosão,Principal: 11 dummies,6,84,Inadimplência → desastres,4,0.8063262156657517,0.5260128943886356,0.611948589118176,0.020766139818104063,4,60,80,0.8208553822276702,True,0.7354766420422758
Pré-pandemia (até jan/2020),Tipologia | Erosão,Tipologia,Erosão,Principal: 11 dummies,6,84,Desastres → inadimplência,5,0.21019856646577556,0.9568527307240808,0.987372283921734,0.5758980510956602,5,57,79,0.7855987435603231,True,0.9928340209572337
Pré-pandemia (até jan/2020),Tipologia | Erosão,Tipologia,Erosão,Principal: 11 dummies,6,84,Inadimplência → desastres,5,0.7561851925085874,0.5851014087951093,0.7600096375011021,0.032146791782226465,5,57,79,0.7855987435603231,True,0.7748256645865398
Pré-pandemia (até jan/2020),Tipologia | Erosão,Tipologia,Erosão,Principal: 11 dummies,6,84,Desastres → inadimplência,6,0.4173621785537466,0.8642946294276258,0.963585153572693,0.1307628930339696,6,54,78,0.8557494279484137,True,0.9745223741010597
Pré-pandemia (até jan/2020),Tipologia | Erosão,Tipologia,Erosão,Principal: 11 dummies,6,84,Inadimplência → desastres,6,1.3647979459147197,0.24552199820197768,0.340662063371946,9.545741325937839e-06,6,54,78,0.8557494279484137,True,0.5273238792997802
Pré-pandemia (até jan/2020),Tipologia | Erosão,Tipologia,Erosão,Comparação: sem dummies,11,84,Desastres → inadimplência,1,6.895607489698247e-07,0.999339505596078,0.999399479442419,0.9993158135999274,1,80,83,0.4942456246007091,True,0.9995716256883673
Pré-pandemia (até jan/2020),Tipologia | Erosão,Tipologia,Erosão,Comparação: sem dummies,11,84,Inadimplência → desastres,1,0.12248052798790032,0.727279278420372,0.7535871143192251,0.6462788436552606,1,80,83,0.4942456246007091,True,0.8533362357618064
Pré-pandemia (até jan/2020),Tipologia | Erosão,Tipologia,Erosão,Comparação: sem dummies,11,84,Desastres → inadimplência,2,0.003195446243188425,0.9968097859398637,0.9976199509942623,0.9950047435039854,2,77,82,0.6954397200899166,True,0.9992078848635362
Pré-pandemia (até jan/2020),Tipologia | Erosão,Tipologia,Erosão,Comparação: sem dummies,11,84,Inadimplência → desastres,2,0.1780278860459102,0.837262580798135,0.7750861222209229,0.40371256863819255,2,77,82,0.6954397200899166,True,0.9132445253033759
Pré-pandemia (até jan/2020),Tipologia | Erosão,Tipologia,Erosão,Comparação: sem dummies,11,84,Desastres → inadimplência,3,0.048774614404320474,0.9856313172099624,0.988606451048408,0.9561485662010403,3,74,81,0.711633955057023,True,0.9992078848635362
Pré-pandemia (até jan/2020),Tipologia | Erosão,Tipologia,Erosão,Comparação: sem dummies,11,84,Inadimplência → desastres,3,0.25717116564567605,0.8559917713198236,0.8093071270690214,0.38199317323157084,3,74,81,0.711633955057023,True,0.9260722901320959
Pré-pandemia (até jan/2020),Tipologia | Erosão,Tipologia,Erosão,Comparação: sem dummies,11,84,Desastres → inadimplência,4,0.04115170718231653,0.9967129100737461,0.9977332660343722,0.9879060678050066,4,71,80,0.7490853862393214,True,0.9992078848635362
Pré-pandemia (até jan/2020),Tipologia | Erosão,Tipologia,Erosão,Comparação: sem dummies,11,84,Inadimplência → desastres,4,0.42354778516805275,0.791141686115753,0.6023002906195443,0.11815404145318952,4,71,80,0.7490853862393214,True,0.8881173579730959
Pré-pandemia (até jan/2020),Tipologia | Erosão,Tipologia,Erosão,Comparação: sem dummies,11,84,Desastres → inadimplência,5,0.10428869926193177,0.9909516934946625,0.9912585254617288,0.9587656405235531,5,68,79,0.8207404219033309,True,0.9992078848635362
Pré-pandemia (até jan/2020),Tipologia | Erosão,Tipologia,Erosão,Comparação: sem dummies,11,84,Inadimplência → desastres,5,0.9526967000947256,0.45303811651987635,0.1934947191521844,0.2521158783614925,5,68,79,0.8207404219033309,True,0.6880894843862034
Pré-pandemia (até jan/2020),Tipologia | Erosão,Tipologia,Erosão,Comparação: sem dummies,11,84,Desastres → inadimplência,6,1.0139376757781287,0.4241588541931138,0.422158015523043,0.00045153117586825293,6,65,78,0.9506620493963546,True,0.8450299596703985
Pré-pandemia (até jan/2020),Tipologia | Erosão,Tipologia,Erosão,Comparação: sem dummies,11,84,Inadimplência → desastres,6,0.9063241900360032,0.4960245818931598,0.14961867760828487,0.022772178115407223,6,65,78,0.9506620493963546,True,0.7204816345958182
Pré-pandemia (até jan/2020),Tipologia | Erosão,Tipologia,Erosão,Comparação: sem dummies,11,84,Desastres → inadimplência,7,1.2453933510207547,0.2923079010221963,0.3742782398424069,0.0028899359519796615,7,62,77,0.9635012846632526,True,0.7578444358950407
Pré-pandemia (até jan/2020),Tipologia | Erosão,Tipologia,Erosão,Comparação: sem dummies,11,84,Inadimplência → desastres,7,0.851481092834699,0.5495852163969566,0.24449502193096947,0.05250177651716944,7,62,77,0.9635012846632526,True,0.7524441626464355
Pré-pandemia (até jan/2020),Tipologia | Erosão,Tipologia,Erosão,Comparação: sem dummies,11,84,Desastres → inadimplência,8,1.1234201066346183,0.3612035778810942,0.47789298417839265,0.005102672422987941,8,59,76,0.9578925935531238,True,0.8083063442604552
Pré-pandemia (até jan/2020),Tipologia | Erosão,Tipologia,Erosão,Comparação: sem dummies,11,84,Inadimplência → desastres,8,1.0753525165287736,0.39273904627048467,0.18429458923284175,0.07080663372008181,8,59,76,0.9578925935531238,True,0.6494659997367447
Pré-pandemia (até jan/2020),Tipologia | Erosão,Tipologia,Erosão,Comparação: sem dummies,11,84,Desastres → inadimplência,9,1.0287201021556878,0.42912955211503256,0.5920072294235268,0.002290694302404127,9,56,75,0.9509113523871838,True,0.8457658034478042
Pré-pandemia (até jan/2020),Tipologia | Erosão,Tipologia,Erosão,Comparação: sem dummies,11,84,Inadimplência → desastres,9,0.9890259338408236,0.459448858623119,0.2638217231766302,0.03275464339020179,9,56,75,0.9509113523871838,True,0.689881599816553
Pré-pandemia (até jan/2020),Tipologia | Erosão,Tipologia,Erosão,Comparação: sem dummies,11,84,Desastres → inadimplência,10,0.8876071913671699,0.5505031275815728,0.6877310570814557,0.0035146376495438815,10,53,74,0.972622459129676,True,0.8987103429813551
Pré-pandemia (até jan/2020),Tipologia | Erosão,Tipologia,Erosão,Comparação: sem dummies,11,84,Inadimplência → desastres,10,1.0079157939530377,0.449196705779593,0.5596060604902416,0.001526137270123309,10,53,74,0.972622459129676,True,0.6839170307241061
Pré-pandemia (até jan/2020),Tipologia | Erosão,Tipologia,Erosão,Comparação: sem dummies,11,84,Desastres → inadimplência,11,0.7788987342798963,0.6590947747372238,0.8055380879946064,0.0006616908659874034,11,50,73,0.9678704421404798,True,0.9168999854112312
Pré-pandemia (até jan/2020),Tipologia | Erosão,Tipologia,Erosão,Comparação: sem dummies,11,84,Inadimplência → desastres,11,0.9234930113971305,0.5258203723578805,0.5478065435734282,2.2079782608382575e-06,11,50,73,0.9678704421404798,True,0.7354766420422758
Pré-pandemia (até jan/2020),Tipologia | Erosão,Tipologia,Erosão,Robustez: diferença sazonal,9,72,Desastres → inadimplência,1,1.3874848843052758,0.24293626571944965,0.2999993736606692,0.35617097609797355,1,68,71,0.5601040597534012,True,0.720577486821982
Pré-pandemia (até jan/2020),Tipologia | Erosão,Tipologia,Erosão,Robustez: diferença sazonal,9,72,Inadimplência → desastres,1,0.0015712249815459957,0.9684973384464708,0.9694830152219465,0.9437458680518525,1,68,71,0.5601040597534012,True,0.9851264815877532
Pré-pandemia (até jan/2020),Tipologia | Erosão,Tipologia,Erosão,Robustez: diferença sazonal,9,72,Desastres → inadimplência,2,0.8963850043944185,0.4130254481560761,0.4801918380365562,0.6700298419335315,2,65,70,0.7306722975543968,True,0.8375640485999992
Pré-pandemia (até jan/2020),Tipologia | Erosão,Tipologia,Erosão,Robustez: diferença sazonal,9,72,Inadimplência → desastres,2,0.30006979946415036,0.7417870973747679,0.7533184105705464,0.3290408375397399,2,65,70,0.7306722975543968,True,0.8596939379919245
Pré-pandemia (até jan/2020),Tipologia | Erosão,Tipologia,Erosão,Robustez: diferença sazonal,9,72,Desastres → inadimplência,3,1.0655691257196482,0.37026187774263286,0.5595797453468649,0.09432038038723871,3,62,69,0.8061972864176605,True,0.810555774392804
Pré-pandemia (até jan/2020),Tipologia | Erosão,Tipologia,Erosão,Robustez: diferença sazonal,9,72,Inadimplência → desastres,3,0.7823962071982417,0.508272314961,0.427936326514064,0.3317090963589173,3,62,69,0.8061972864176605,True,0.7278925859189871
Pré-pandemia (até jan/2020),Tipologia | Erosão,Tipologia,Erosão,Robustez: diferença sazonal,9,72,Desastres → inadimplência,4,1.3956984209839214,0.24656316624316954,0.3793328550982892,0.0010306940795049677,4,59,68,0.8342028063918394,True,0.7248121050998283
Pré-pandemia (até jan/2020),Tipologia | Erosão,Tipologia,Erosão,Robustez: diferença sazonal,9,72,Inadimplência → desastres,4,2.1622804530858555,0.0843469710742418,0.06321081086630302,0.005970616496614717,4,59,68,0.8342028063918394,True,0.3402183993405381
Pré-pandemia (até jan/2020),Tipologia | Erosão,Tipologia,Erosão,Robustez: diferença sazonal,9,72,Desastres → inadimplência,5,0.9807394350926111,0.4376696685874759,0.6607222580420927,0.029566855560275634,5,56,67,0.8428772495387717,True,0.8511468864015748
Pré-pandemia (até jan/2020),Tipologia | Erosão,Tipologia,Erosão,Robustez: diferença sazonal,9,72,Inadimplência → desastres,5,1.8182308389487831,0.12408923067760314,0.1257402381974921,1.0248057407321124e-06,5,56,67,0.8428772495387717,True,0.38239974695218304
Pré-pandemia (até jan/2020),Tipologia | Erosão,Tipologia,Erosão,Robustez: diferença sazonal,9,72,Desastres → inadimplência,6,1.1042796394280634,0.37228444506621283,0.6900668537781038,4.228178581932538e-05,6,53,66,0.8578044538683639,True,0.8106874740653794
Pré-pandemia (até jan/2020),Tipologia | Erosão,Tipologia,Erosão,Robustez: diferença sazonal,9,72,Inadimplência → desastres,6,2.842572302400913,0.01787413351131679,0.023572338717032477,6.070073382221454e-06,6,53,66,0.8578044538683639,True,0.16926262794807567
Pré-pandemia (até jan/2020),Tipologia | Erosão,Tipologia,Erosão,Robustez: diferença sazonal,9,72,Desastres → inadimplência,7,1.583568128842721,0.16210163659018284,0.33183964555673423,3.820908253714776e-07,7,50,65,0.9214041385317584,True,0.6332095179304017
Pré-pandemia (até jan/2020),Tipologia | Erosão,Tipologia,Erosão,Robustez: diferença sazonal,9,72,Inadimplência → desastres,7,2.2850183820115557,0.04228230783089651,0.09821672887429457,1.0119638617586951e-08,7,50,65,0.9214041385317584,True,0.2450204088042013
Pré-pandemia (até jan/2020),Tipologia | Erosão,Tipologia,Erosão,Robustez: diferença sazonal,9,72,Desastres → inadimplência,8,1.9487623580819875,0.07455733058029544,0.003557852277420695,2.0251655299237976e-10,8,47,64,0.9521520677140537,True,0.5102374428805838
Pré-pandemia (até jan/2020),Tipologia | Erosão,Tipologia,Erosão,Robustez: diferença sazonal,9,72,Inadimplência → desastres,8,1.82503320761358,0.09594195770460917,0.22461942665753792,1.3555593839394468e-09,8,47,64,0.9521520677140537,True,0.35169339334534155
Pré-pandemia (até jan/2020),Tipologia | Erosão,Tipologia,Erosão,Robustez: diferença sazonal,9,72,Desastres → inadimplência,9,1.73149129196579,0.11027403309757057,0.01148118177570369,2.8939435453332365e-10,9,44,63,0.943413051680066,True,0.5453141538059578
Pré-pandemia (até jan/2020),Tipologia | Erosão,Tipologia,Erosão,Robustez: diferença sazonal,9,72,Inadimplência → desastres,9,1.6875559749152687,0.12092835212909658,0.23514875857631526,2.6185815249867296e-08,9,44,63,0.943413051680066,True,0.381490886557848
Pré-pandemia (até jan/2020),Tipologia | Estiagem e Seca,Tipologia,Estiagem e Seca,Principal: 11 dummies,6,84,Desastres → inadimplência,1,2.574038825575905,0.11319788151544473,0.17111121925379497,0.20152899584481238,1,69,83,0.47802589893572633,True,0.5453141538059578
Pré-pandemia (até jan/2020),Tipologia | Estiagem e Seca,Tipologia,Estiagem e Seca,Principal: 11 dummies,6,84,Inadimplência → desastres,1,1.9310739656038907,0.16910870129768982,0.19646800398835543,0.09813561116342125,1,69,83,0.47802589893572633,True,0.44218221832224386
Pré-pandemia (até jan/2020),Tipologia | Estiagem e Seca,Tipologia,Estiagem e Seca,Principal: 11 dummies,6,84,Desastres → inadimplência,2,2.462837221140183,0.09298978047574692,0.1841182643784378,0.06184187803888001,2,66,82,0.6335331885356454,True,0.543788638138664
Pré-pandemia (até jan/2020),Tipologia | Estiagem e Seca,Tipologia,Estiagem e Seca,Principal: 11 dummies,6,84,Inadimplência → desastres,2,0.9953934058153706,0.3750573336739484,0.4878366175057904,0.10844198265213525,2,66,82,0.6335331885356454,True,0.6344000907881401
Pré-pandemia (até jan/2020),Tipologia | Estiagem e Seca,Tipologia,Estiagem e Seca,Principal: 11 dummies,6,84,Desastres → inadimplência,3,0.449275518607524,0.7186869516235205,0.8110426455118676,0.6909577398377965,3,63,81,0.8442647113915974,True,0.9299407173443379
Pré-pandemia (até jan/2020),Tipologia | Estiagem e Seca,Tipologia,Estiagem e Seca,Principal: 11 dummies,6,84,Inadimplência → desastres,3,1.0937872533569433,0.35837902203147737,0.577348159941687,0.18147426682688608,3,63,81,0.8442647113915974,True,0.6168544850954144
Pré-pandemia (até jan/2020),Tipologia | Estiagem e Seca,Tipologia,Estiagem e Seca,Principal: 11 dummies,6,84,Desastres → inadimplência,4,0.3789180998709587,0.8228199092435873,0.9054530697400816,0.6602476487650806,4,60,80,0.821605150087129,True,0.9635776473725449
Pré-pandemia (até jan/2020),Tipologia | Estiagem e Seca,Tipologia,Estiagem e Seca,Principal: 11 dummies,6,84,Inadimplência → desastres,4,1.6562604598503017,0.1720431175128616,0.35355620016065425,0.13763102558245924,4,60,80,0.821605150087129,True,0.4448645729724944
Pré-pandemia (até jan/2020),Tipologia | Estiagem e Seca,Tipologia,Estiagem e Seca,Principal: 11 dummies,6,84,Desastres → inadimplência,5,0.7052851890871242,0.6218242321974912,0.7530825686226477,0.04301776097494743,5,57,79,0.8729269701643175,True,0.9168999854112312
Pré-pandemia (até jan/2020),Tipologia | Estiagem e Seca,Tipologia,Estiagem e Seca,Principal: 11 dummies,6,84,Inadimplência → desastres,5,1.2647648233267708,0.2917225858126913,0.39138486312309617,0.09616760385338687,5,57,79,0.8729269701643175,True,0.5618693871584963
Pré-pandemia (até jan/2020),Tipologia | Estiagem e Seca,Tipologia,Estiagem e Seca,Principal: 11 dummies,6,84,Desastres → inadimplência,6,0.3041704020992244,0.932082636836527,0.9794717466949984,0.5723723062016999,6,54,78,0.8870339983958883,True,0.9899358849372114
Pré-pandemia (até jan/2020),Tipologia | Estiagem e Seca,Tipologia,Estiagem e Seca,Principal: 11 dummies,6,84,Inadimplência → desastres,6,1.193081095038782,0.32404115658449106,0.4917832883970371,0.0631396259826174,6,54,78,0.8870339983958883,True,0.5876457783142869
Pré-pandemia (até jan/2020),Tipologia | Estiagem e Seca,Tipologia,Estiagem e Seca,Comparação: sem dummies,11,84,Desastres → inadimplência,1,5.055237995617981,0.02730285294593608,0.03625245748478487,0.1618106466237185,1,80,83,0.3073143674860629,True,0.38782461570931925
Pré-pandemia (até jan/2020),Tipologia | Estiagem e Seca,Tipologia,Estiagem e Seca,Comparação: sem dummies,11,84,Inadimplência → desastres,1,2.033500165927138,0.15775651710272628,0.14524894907489821,0.13192547868674018,1,80,83,0.3073143674860629,True,0.42316662312963055
Pré-pandemia (até jan/2020),Tipologia | Estiagem e Seca,Tipologia,Estiagem e Seca,Comparação: sem dummies,11,84,Desastres → inadimplência,2,2.9576826775927194,0.05786882946240957,0.08238929180347264,0.3229681100759203,2,77,82,0.5998929573600305,True,0.48081286519693056
Pré-pandemia (até jan/2020),Tipologia | Estiagem e Seca,Tipologia,Estiagem e Seca,Comparação: sem dummies,11,84,Inadimplência → desastres,2,2.373416641804991,0.09994516959810323,0.07221616690670772,0.017230692743080492,2,77,82,0.5998929573600305,True,0.3569470342789401
Pré-pandemia (até jan/2020),Tipologia | Estiagem e Seca,Tipologia,Estiagem e Seca,Comparação: sem dummies,11,84,Desastres → inadimplência,3,2.8219129572933084,0.044609276963272444,0.041436401301358484,0.013079340462721705,3,74,81,0.8028409227383728,True,0.4490556966544458
Pré-pandemia (até jan/2020),Tipologia | Estiagem e Seca,Tipologia,Estiagem e Seca,Comparação: sem dummies,11,84,Inadimplência → desastres,3,3.0165943011882455,0.0351964165663764,0.022199550891294224,0.010887320668495105,3,74,81,0.8028409227383728,True,0.22339377987795594
Pré-pandemia (até jan/2020),Tipologia | Estiagem e Seca,Tipologia,Estiagem e Seca,Comparação: sem dummies,11,84,Desastres → inadimplência,4,2.2592701070075654,0.07120767346020307,0.08066288642772765,0.01707529845717599,4,71,80,0.8145927841991191,True,0.5068551449560392
Pré-pandemia (até jan/2020),Tipologia | Estiagem e Seca,Tipologia,Estiagem e Seca,Comparação: sem dummies,11,84,Inadimplência → desastres,4,3.748865306742503,0.007989836505800813,0.013775032145836077,7.974303483592013e-05,4,71,80,0.8145927841991191,True,0.15132266109471237
Pré-pandemia (até jan/2020),Tipologia | Estiagem e Seca,Tipologia,Estiagem e Seca,Comparação: sem dummies,11,84,Desastres → inadimplência,5,2.111176083698482,0.07454103672317293,0.129074735911382,0.024319239752934728,5,68,79,0.8902119433877096,True,0.5102374428805838
Pré-pandemia (até jan/2020),Tipologia | Estiagem e Seca,Tipologia,Estiagem e Seca,Comparação: sem dummies,11,84,Inadimplência → desastres,5,1.9713726985304159,0.09400102313456887,0.08088620911144308,0.0014866828129825825,5,68,79,0.8902119433877096,True,0.35169339334534155
Pré-pandemia (até jan/2020),Tipologia | Estiagem e Seca,Tipologia,Estiagem e Seca,Comparação: sem dummies,11,84,Desastres → inadimplência,6,0.5491464695697077,0.7688440879250356,0.701136132457452,0.005007103529665075,6,65,78,0.9377478432498493,True,0.9465074783265984
Pré-pandemia (até jan/2020),Tipologia | Estiagem e Seca,Tipologia,Estiagem e Seca,Comparação: sem dummies,11,84,Inadimplência → desastres,6,2.1402702582156214,0.060417448591656646,0.02444208620577295,9.862752639925526e-08,6,65,78,0.9377478432498493,True,0.2795439177589747
Pré-pandemia (até jan/2020),Tipologia | Estiagem e Seca,Tipologia,Estiagem e Seca,Comparação: sem dummies,11,84,Desastres → inadimplência,7,0.7689569507511195,0.6153906636516036,0.6339217683828335,0.041854702187368115,7,62,77,0.9665923769470575,True,0.9168999854112312
Pré-pandemia (até jan/2020),Tipologia | Estiagem e Seca,Tipologia,Estiagem e Seca,Comparação: sem dummies,11,84,Inadimplência → desastres,7,2.542919538006207,0.022853860066600375,0.001349852383859436,2.4915757047699796e-17,7,62,77,0.9665923769470575,True,0.1879429281792794
Pré-pandemia (até jan/2020),Tipologia | Estiagem e Seca,Tipologia,Estiagem e Seca,Comparação: sem dummies,11,84,Desastres → inadimplência,8,0.7453326144772426,0.6513921030544817,0.6853515516609336,0.033141012356697176,8,59,76,0.9620644258030298,True,0.9168999854112312
Pré-pandemia (até jan/2020),Tipologia | Estiagem e Seca,Tipologia,Estiagem e Seca,Comparação: sem dummies,11,84,Inadimplência → desastres,8,2.193995430225264,0.040703284403818055,0.0027030062856018985,5.242514142775228e-16,8,59,76,0.9620644258030298,True,0.24305689147570378
Pré-pandemia (até jan/2020),Tipologia | Estiagem e Seca,Tipologia,Estiagem e Seca,Comparação: sem dummies,11,84,Desastres → inadimplência,9,0.8476492018690606,0.5761994783000179,0.4522179585546877,3.0573989360821814e-08,9,56,75,0.9879217366831359,True,0.9093511286453364
Pré-pandemia (até jan/2020),Tipologia | Estiagem e Seca,Tipologia,Estiagem e Seca,Comparação: sem dummies,11,84,Inadimplência → desastres,9,1.7761814894275962,0.09345473532477308,0.010212986247634705,1.4632448069832399e-13,9,56,75,0.9879217366831359,True,0.35169339334534155
Pré-pandemia (até jan/2020),Tipologia | Estiagem e Seca,Tipologia,Estiagem e Seca,Comparação: sem dummies,11,84,Desastres → inadimplência,10,0.7746520666702584,0.65226368374439,0.6533379196985016,1.7839466809579512e-06,10,53,74,0.952631488069005,True,0.9168999854112312
Pré-pandemia (até jan/2020),Tipologia | Estiagem e Seca,Tipologia,Estiagem e Seca,Comparação: sem dummies,11,84,Inadimplência → desastres,10,2.3536554669370213,0.021979341977471582,0.0013139596787450991,1.4131387391347135e-17,10,53,74,0.952631488069005,True,0.1831336539073987
Pré-pandemia (até jan/2020),Tipologia | Estiagem e Seca,Tipologia,Estiagem e Seca,Comparação: sem dummies,11,84,Desastres → inadimplência,11,0.7954048551397465,0.6436286069389796,0.6828742125947855,1.6648403589855504e-08,11,50,73,0.9901109985171231,True,0.9168999854112312
Pré-pandemia (até jan/2020),Tipologia | Estiagem e Seca,Tipologia,Estiagem e Seca,Comparação: sem dummies,11,84,Inadimplência → desastres,11,1.513690333567574,0.15628578270336374,0.055409770741800556,4.0421910351040766e-13,11,50,73,0.9901109985171231,True,0.4228511436779322
Pré-pandemia (até jan/2020),Tipologia | Estiagem e Seca,Tipologia,Estiagem e Seca,Robustez: diferença sazonal,9,72,Desastres → inadimplência,1,1.6732434592585987,0.20020148053484257,0.20918350505833982,0.16143196849534705,1,68,71,0.47420914859723073,True,0.6734372099310925
Pré-pandemia (até jan/2020),Tipologia | Estiagem e Seca,Tipologia,Estiagem e Seca,Robustez: diferença sazonal,9,72,Inadimplência → desastres,1,0.012858936103526657,0.9100497461240545,0.911639363266766,0.9212618051778552,1,68,71,0.47420914859723073,True,0.9551319753610984
Pré-pandemia (até jan/2020),Tipologia | Estiagem e Seca,Tipologia,Estiagem e Seca,Robustez: diferença sazonal,9,72,Desastres → inadimplência,2,1.5039915941048003,0.22987274241541594,0.24309609320860978,0.22270747173267105,2,65,70,0.660683563234346,True,0.7132294285430795
Pré-pandemia (até jan/2020),Tipologia | Estiagem e Seca,Tipologia,Estiagem e Seca,Robustez: diferença sazonal,9,72,Inadimplência → desastres,2,0.644979051790647,0.5279981410296322,0.6782953758366262,0.5172152845616848,2,65,70,0.660683563234346,True,0.737427571270436
Pré-pandemia (até jan/2020),Tipologia | Estiagem e Seca,Tipologia,Estiagem e Seca,Robustez: diferença sazonal,9,72,Desastres → inadimplência,3,1.1076938876579947,0.35283922846245025,0.5100647524648494,0.2883053117375394,3,62,69,0.7907230004278044,True,0.8063053666875006
Pré-pandemia (até jan/2020),Tipologia | Estiagem e Seca,Tipologia,Estiagem e Seca,Robustez: diferença sazonal,9,72,Inadimplência → desastres,3,0.5252347368342503,0.6665638994727257,0.8747870768108456,0.6857041573469012,3,62,69,0.7907230004278044,True,0.8208915018137015
Pré-pandemia (até jan/2020),Tipologia | Estiagem e Seca,Tipologia,Estiagem e Seca,Robustez: diferença sazonal,9,72,Desastres → inadimplência,4,0.8477508169971661,0.5006898172899454,0.5865790430458435,0.3665637466143133,4,59,68,0.8036266032613486,True,0.8754569642361758
Pré-pandemia (até jan/2020),Tipologia | Estiagem e Seca,Tipologia,Estiagem e Seca,Robustez: diferença sazonal,9,72,Inadimplência → desastres,4,2.676047101749105,0.040433186611347614,0.08027013121809495,0.007966373252169786,4,59,68,0.8036266032613486,True,0.24298790030857942
Pré-pandemia (até jan/2020),Tipologia | Estiagem e Seca,Tipologia,Estiagem e Seca,Robustez: diferença sazonal,9,72,Desastres → inadimplência,5,0.6365186810635856,0.6726983634535486,0.8278388262842918,0.5521364642289026,5,56,67,0.8088044586058801,True,0.9230936528924308
Pré-pandemia (até jan/2020),Tipologia | Estiagem e Seca,Tipologia,Estiagem e Seca,Robustez: diferença sazonal,9,72,Inadimplência → desastres,5,2.417610378348732,0.04699420593647818,0.0948563049037156,1.0498265229338692e-06,5,56,67,0.8088044586058801,True,0.2533951271404172
Pré-pandemia (até jan/2020),Tipologia | Estiagem e Seca,Tipologia,Estiagem e Seca,Robustez: diferença sazonal,9,72,Desastres → inadimplência,6,0.6996918085791632,0.6510067108590436,0.8588318532771778,0.1891870983007755,6,53,66,0.8367655774464328,True,0.9168999854112312
Pré-pandemia (até jan/2020),Tipologia | Estiagem e Seca,Tipologia,Estiagem e Seca,Robustez: diferença sazonal,9,72,Inadimplência → desastres,6,1.8968735599941147,0.09850606716057449,0.17150280348440441,5.0477568430418185e-06,6,53,66,0.8367655774464328,True,0.35491718241395004
Pré-pandemia (até jan/2020),Tipologia | Estiagem e Seca,Tipologia,Estiagem e Seca,Robustez: diferença sazonal,9,72,Desastres → inadimplência,7,0.5937338233488931,0.7579040441680999,0.9181647756131125,0.32925458649367784,7,50,65,0.8707076502929548,True,0.9461996113825728
Pré-pandemia (até jan/2020),Tipologia | Estiagem e Seca,Tipologia,Estiagem e Seca,Robustez: diferença sazonal,9,72,Inadimplência → desastres,7,2.3530704084696112,0.0370079442029278,0.09347103143995426,1.8765916691692078e-07,7,50,65,0.8707076502929548,True,0.23014890673462562
Pré-pandemia (até jan/2020),Tipologia | Estiagem e Seca,Tipologia,Estiagem e Seca,Robustez: diferença sazonal,9,72,Desastres → inadimplência,8,0.6747613434700525,0.7110329891458671,0.9389978285491556,0.010591322341286518,8,47,64,0.9053710869840226,True,0.9299407173443379
Pré-pandemia (até jan/2020),Tipologia | Estiagem e Seca,Tipologia,Estiagem e Seca,Robustez: diferença sazonal,9,72,Inadimplência → desastres,8,2.3158863483175582,0.03489228435117582,0.15392288159924825,1.722919186990111e-07,8,47,64,0.9053710869840226,True,0.22339377987795594
Pré-pandemia (até jan/2020),Tipologia | Estiagem e Seca,Tipologia,Estiagem e Seca,Robustez: diferença sazonal,9,72,Desastres → inadimplência,9,0.6560096727775556,0.7431427983047394,0.9201286661711738,0.0009932831415509125,9,44,63,0.9134234182784929,True,0.9364198567348027
Pré-pandemia (até jan/2020),Tipologia | Estiagem e Seca,Tipologia,Estiagem e Seca,Robustez: diferença sazonal,9,72,Inadimplência → desastres,9,2.0368016851444954,0.057435620226592585,0.2121093069671938,1.7287060996308742e-07,9,44,63,0.9134234182784929,True,0.27430847673411135
Pré-pandemia (até jan/2020),Tipologia | Granizo,Tipologia,Granizo,Principal: 11 dummies,6,84,Desastres → inadimplência,1,0.05564196308154154,0.8142202969077809,0.8274557727575483,0.7728976173456502,1,69,83,0.48960177968980784,True,0.9610721162745289
Pré-pandemia (até jan/2020),Tipologia | Granizo,Tipologia,Granizo,Principal: 11 dummies,6,84,Inadimplência → desastres,1,1.1957886799904416,0.2779680057381144,0.3039869117263501,0.3010977921192641,1,69,83,0.48960177968980784,True,0.5541626908654593
Pré-pandemia (até jan/2020),Tipologia | Granizo,Tipologia,Granizo,Principal: 11 dummies,6,84,Desastres → inadimplência,2,0.15276680891639302,0.8586324799492602,0.8935376690862015,0.8569166309184444,2,66,82,0.615880512903546,True,0.9713037103498419
Pré-pandemia (até jan/2020),Tipologia | Granizo,Tipologia,Granizo,Principal: 11 dummies,6,84,Inadimplência → desastres,2,2.5852028216951464,0.08299813145857812,0.13369574691484273,0.15283609174391632,2,66,82,0.615880512903546,True,0.3379402746684777
Pré-pandemia (até jan/2020),Tipologia | Granizo,Tipologia,Granizo,Principal: 11 dummies,6,84,Desastres → inadimplência,3,1.1279277883771668,0.34460452544794185,0.44566199868057155,5.4193816084327144e-05,3,63,81,0.8425741494823971,True,0.7933688274062665
Pré-pandemia (até jan/2020),Tipologia | Granizo,Tipologia,Granizo,Principal: 11 dummies,6,84,Inadimplência → desastres,3,1.6449567172421808,0.18796755132184548,0.3124471824827367,0.34424992561193135,3,63,81,0.8425741494823971,True,0.4602542937454006
Pré-pandemia (até jan/2020),Tipologia | Granizo,Tipologia,Granizo,Principal: 11 dummies,6,84,Desastres → inadimplência,4,0.8298886917203926,0.5114482453565082,0.6079188981270687,0.00011846570385132927,4,60,80,0.8162601193972745,True,0.8757675434186786
Pré-pandemia (até jan/2020),Tipologia | Granizo,Tipologia,Granizo,Principal: 11 dummies,6,84,Inadimplência → desastres,4,1.7459218215201344,0.15176902067414244,0.22860652850040483,0.03384606720930692,4,60,80,0.8162601193972745,True,0.4198882775945646
Pré-pandemia (até jan/2020),Tipologia | Granizo,Tipologia,Granizo,Principal: 11 dummies,6,84,Desastres → inadimplência,5,0.604093250392691,0.6969788539693138,0.8093295584053961,0.037915546710124794,5,57,79,0.8070450757685796,True,0.9288097734132648
Pré-pandemia (até jan/2020),Tipologia | Granizo,Tipologia,Granizo,Principal: 11 dummies,6,84,Inadimplência → desastres,5,1.2594444651124537,0.29402981397764016,0.3916702711856148,0.1482136315676103,5,57,79,0.8070450757685796,True,0.5621668943154214
Pré-pandemia (até jan/2020),Tipologia | Granizo,Tipologia,Granizo,Principal: 11 dummies,6,84,Desastres → inadimplência,6,0.6282295958009875,0.7069289606213693,0.8308377303052394,0.02463218190209058,6,54,78,0.8648980893153743,True,0.9299407173443379
Pré-pandemia (até jan/2020),Tipologia | Granizo,Tipologia,Granizo,Principal: 11 dummies,6,84,Inadimplência → desastres,6,1.055619021125667,0.4005031665734623,0.5680736765094229,0.127531800559625,6,54,78,0.8648980893153743,True,0.6518606226781614
Pré-pandemia (até jan/2020),Tipologia | Granizo,Tipologia,Granizo,Comparação: sem dummies,11,84,Desastres → inadimplência,1,0.14686631661241892,0.702564665579587,0.7114002625959053,0.5966129720148917,1,80,83,0.42061403538000813,True,0.9293183407137394
Pré-pandemia (até jan/2020),Tipologia | Granizo,Tipologia,Granizo,Comparação: sem dummies,11,84,Inadimplência → desastres,1,2.0935240349991417,0.15183160117819455,0.22573575358671505,0.26609007205733415,1,80,83,0.42061403538000813,True,0.4198882775945646
Pré-pandemia (até jan/2020),Tipologia | Granizo,Tipologia,Granizo,Comparação: sem dummies,11,84,Desastres → inadimplência,2,1.421246045246355,0.24767415347984018,0.36564781625084897,0.30828511044458556,2,77,82,0.4632252387009708,True,0.7248121050998283
Pré-pandemia (até jan/2020),Tipologia | Granizo,Tipologia,Granizo,Comparação: sem dummies,11,84,Inadimplência → desastres,2,0.9690074919762989,0.38403797656481226,0.5074358392493381,0.47715464286807385,2,77,82,0.4632252387009708,True,0.6409686395963462
Pré-pandemia (até jan/2020),Tipologia | Granizo,Tipologia,Granizo,Comparação: sem dummies,11,84,Desastres → inadimplência,3,1.3293010323127212,0.27133212417167285,0.31801894211875187,0.5157165463057172,3,74,81,0.7280739477171874,True,0.7485099092804823
Pré-pandemia (até jan/2020),Tipologia | Granizo,Tipologia,Granizo,Comparação: sem dummies,11,84,Inadimplência → desastres,3,0.5442404426437615,0.6535538620705077,0.7862082256243399,0.34384450592491494,3,74,81,0.7280739477171874,True,0.8120699081392989
Pré-pandemia (até jan/2020),Tipologia | Granizo,Tipologia,Granizo,Comparação: sem dummies,11,84,Desastres → inadimplência,4,1.1680431159953502,0.332260566420172,0.5448556471664574,0.6576009342484037,4,71,80,0.7954837275708294,True,0.7929980208103679
Pré-pandemia (até jan/2020),Tipologia | Granizo,Tipologia,Granizo,Comparação: sem dummies,11,84,Inadimplência → desastres,4,1.322312060827326,0.27005874560183485,0.2645816836504392,0.005754528936235977,4,71,80,0.7954837275708294,True,0.5515905751671464
Pré-pandemia (até jan/2020),Tipologia | Granizo,Tipologia,Granizo,Comparação: sem dummies,11,84,Desastres → inadimplência,5,1.2916567426149634,0.2777830559272618,0.2702727032782782,0.44928792325895084,5,68,79,0.8388017214962541,True,0.7485099092804823
Pré-pandemia (até jan/2020),Tipologia | Granizo,Tipologia,Granizo,Comparação: sem dummies,11,84,Inadimplência → desastres,5,1.1678685082066567,0.3340285259573161,0.3834068483569719,0.0064043199109044095,5,68,79,0.8388017214962541,True,0.5957156012264245
Pré-pandemia (até jan/2020),Tipologia | Granizo,Tipologia,Granizo,Comparação: sem dummies,11,84,Desastres → inadimplência,6,1.2896246891039007,0.274485218537956,0.32026383969094013,0.0022102288634890544,6,65,78,0.9492089590900793,True,0.7485099092804823
Pré-pandemia (até jan/2020),Tipologia | Granizo,Tipologia,Granizo,Comparação: sem dummies,11,84,Inadimplência → desastres,6,1.79212863582567,0.11451392936637683,0.14702899146578782,1.6051949656862163e-08,6,65,78,0.9492089590900793,True,0.37369260229428697
Pré-pandemia (até jan/2020),Tipologia | Granizo,Tipologia,Granizo,Comparação: sem dummies,11,84,Desastres → inadimplência,7,0.9883968623660757,0.44803804982039797,0.5000799388757089,0.013737649399302995,7,62,77,0.9555976678034818,True,0.855378330038648
Pré-pandemia (até jan/2020),Tipologia | Granizo,Tipologia,Granizo,Comparação: sem dummies,11,84,Inadimplência → desastres,7,1.5513139259581519,0.16702530475254432,0.19102057256276217,1.1190879659476616e-08,7,62,77,0.9555976678034818,True,0.4413987969147577
Pré-pandemia (até jan/2020),Tipologia | Granizo,Tipologia,Granizo,Comparação: sem dummies,11,84,Desastres → inadimplência,8,0.9942740652089306,0.450039148972722,0.5116381315600507,0.018662247755917915,8,59,76,0.967441889276208,True,0.8555864106046713
Pré-pandemia (até jan/2020),Tipologia | Granizo,Tipologia,Granizo,Comparação: sem dummies,11,84,Inadimplência → desastres,8,1.868367130669384,0.08233040839413598,0.07521971122479183,1.7939873046797183e-11,8,59,76,0.967441889276208,True,0.33772442776958234
Pré-pandemia (até jan/2020),Tipologia | Granizo,Tipologia,Granizo,Comparação: sem dummies,11,84,Desastres → inadimplência,9,0.8427835334760254,0.580409262364318,0.6832389261477021,0.0002308329408659258,9,56,75,0.9596608719662021,True,0.9114070857143701
Pré-pandemia (até jan/2020),Tipologia | Granizo,Tipologia,Granizo,Comparação: sem dummies,11,84,Inadimplência → desastres,9,1.4566768065063347,0.18699596531977808,0.4211860170643235,2.300522454895157e-06,9,56,75,0.9596608719662021,True,0.4602542937454006
Pré-pandemia (até jan/2020),Tipologia | Granizo,Tipologia,Granizo,Comparação: sem dummies,11,84,Desastres → inadimplência,10,0.6963354602757843,0.723326367117487,0.8504561399195395,0.004149219110146389,10,53,74,0.9659176997137575,True,0.9299407173443379
Pré-pandemia (até jan/2020),Tipologia | Granizo,Tipologia,Granizo,Comparação: sem dummies,11,84,Inadimplência → desastres,10,2.065771503157814,0.04422041783944191,0.1300352800946172,7.953300102885391e-12,10,53,74,0.9659176997137575,True,0.24672345594106515
Pré-pandemia (até jan/2020),Tipologia | Granizo,Tipologia,Granizo,Comparação: sem dummies,11,84,Desastres → inadimplência,11,0.6957642930259865,0.7362236506169707,0.7495066041303382,4.706088474858179e-06,11,50,73,0.9816586826601887,True,0.9356186454536043
Pré-pandemia (até jan/2020),Tipologia | Granizo,Tipologia,Granizo,Comparação: sem dummies,11,84,Inadimplência → desastres,11,1.6205291834806024,0.12171273548289736,0.1103063554797891,2.541064638439746e-10,11,50,73,0.9816586826601887,True,0.381490886557848
Pré-pandemia (até jan/2020),Tipologia | Granizo,Tipologia,Granizo,Robustez: diferença sazonal,9,72,Desastres → inadimplência,1,2.8276057966347206,0.09724402835283713,0.12309650343130672,0.06920995910290657,1,68,71,0.368624624838623,True,0.543788638138664
Pré-pandemia (até jan/2020),Tipologia | Granizo,Tipologia,Granizo,Robustez: diferença sazonal,9,72,Inadimplência → desastres,1,2.867219795871971,0.09497765744235821,0.11859894694924619,0.11207650767826305,1,68,71,0.368624624838623,True,0.35169339334534155
Pré-pandemia (até jan/2020),Tipologia | Granizo,Tipologia,Granizo,Robustez: diferença sazonal,9,72,Desastres → inadimplência,2,2.274467091749689,0.11097969453854954,0.13591384506385204,0.016811723260084448,2,65,70,0.6530147139676844,True,0.5453141538059578
Pré-pandemia (até jan/2020),Tipologia | Granizo,Tipologia,Granizo,Robustez: diferença sazonal,9,72,Inadimplência → desastres,2,3.9906184438872656,0.023190998956192612,0.02517803305423372,0.08913978859452773,2,65,70,0.6530147139676844,True,0.18873274324476508
Pré-pandemia (até jan/2020),Tipologia | Granizo,Tipologia,Granizo,Robustez: diferença sazonal,9,72,Desastres → inadimplência,3,1.2024752230071991,0.316336272604728,0.39017812672153784,0.12086635203158407,3,62,69,0.7512641656279021,True,0.7767560045564231
Pré-pandemia (até jan/2020),Tipologia | Granizo,Tipologia,Granizo,Robustez: diferença sazonal,9,72,Inadimplência → desastres,3,2.685655437256288,0.054192554084285846,0.05693978378645901,0.1407275835892709,3,62,69,0.7512641656279021,True,0.2731479540538601
Pré-pandemia (até jan/2020),Tipologia | Granizo,Tipologia,Granizo,Robustez: diferença sazonal,9,72,Desastres → inadimplência,4,0.8106857688632658,0.5233840309087396,0.606027388610807,0.1639812293496409,4,59,68,0.7368930060155997,True,0.8832540572341134
Pré-pandemia (até jan/2020),Tipologia | Granizo,Tipologia,Granizo,Robustez: diferença sazonal,9,72,Inadimplência → desastres,4,2.6195339797513126,0.04384567922505965,0.04848656355559344,0.0021523674056372183,4,59,68,0.7368930060155997,True,0.24672345594106515
Pré-pandemia (até jan/2020),Tipologia | Granizo,Tipologia,Granizo,Robustez: diferença sazonal,9,72,Desastres → inadimplência,5,0.7956616192214521,0.5574100913114137,0.80141916329933,0.6024252657246237,5,56,67,0.83193515981171,True,0.8987103429813551
Pré-pandemia (até jan/2020),Tipologia | Granizo,Tipologia,Granizo,Robustez: diferença sazonal,9,72,Inadimplência → desastres,5,2.594303374190182,0.035186373236054704,0.03417195109832983,0.00017124321268523508,5,56,67,0.83193515981171,True,0.22339377987795594
Pré-pandemia (até jan/2020),Tipologia | Granizo,Tipologia,Granizo,Robustez: diferença sazonal,9,72,Desastres → inadimplência,6,0.764362028020902,0.6011738112394335,0.8331908151982335,0.35833399001725347,6,53,66,0.8985777775408282,True,0.9148911103720132
Pré-pandemia (até jan/2020),Tipologia | Granizo,Tipologia,Granizo,Robustez: diferença sazonal,9,72,Inadimplência → desastres,6,1.720085591183369,0.134413447029687,0.1025244699508652,7.287997140443395e-08,6,53,66,0.8985777775408282,True,0.3948778925440355
Pré-pandemia (até jan/2020),Tipologia | Granizo,Tipologia,Granizo,Robustez: diferença sazonal,9,72,Desastres → inadimplência,7,0.6318658369615118,0.7272534868906834,0.9088619240284976,0.02102110735412012,7,50,65,0.9293854202042958,True,0.9299407173443379
Pré-pandemia (até jan/2020),Tipologia | Granizo,Tipologia,Granizo,Robustez: diferença sazonal,9,72,Inadimplência → desastres,7,1.257792411301952,0.29025129276897915,0.28542045835755153,1.7943232761348212e-06,7,50,65,0.9293854202042958,True,0.5613667111075749
Pré-pandemia (até jan/2020),Tipologia | Granizo,Tipologia,Granizo,Robustez: diferença sazonal,9,72,Desastres → inadimplência,8,1.0119193444127796,0.44017766387365936,0.49197394150657014,0.0001706029707960113,8,47,64,0.9301931074855312,True,0.8511468864015748
Pré-pandemia (até jan/2020),Tipologia | Granizo,Tipologia,Granizo,Robustez: diferença sazonal,9,72,Inadimplência → desastres,8,1.3107376615961321,0.26157634817456205,0.07906824904875694,1.3262691559920225e-06,8,47,64,0.9301931074855312,True,0.5426340561628513
Pré-pandemia (até jan/2020),Tipologia | Granizo,Tipologia,Granizo,Robustez: diferença sazonal,9,72,Desastres → inadimplência,9,0.79127639082798,0.6257704582505348,0.6309500646975268,0.0006009800037148996,9,44,63,0.9201720892961333,True,0.9168999854112312
Pré-pandemia (até jan/2020),Tipologia | Granizo,Tipologia,Granizo,Robustez: diferença sazonal,9,72,Inadimplência → desastres,9,1.1196630766638762,0.3695042366195778,0.19198510122802823,2.4686246739664304e-08,9,44,63,0.9201720892961333,True,0.6278727266770899
Pré-pandemia (até jan/2020),Tipologia | Incêndio Florestal,Tipologia,Incêndio Florestal,Principal: 11 dummies,6,84,Desastres → inadimplência,1,0.16010257516948226,0.6902981866530504,0.755278079689152,0.7112465820712437,1,69,83,0.2613164294393305,True,0.9268235588789614
Pré-pandemia (até jan/2020),Tipologia | Incêndio Florestal,Tipologia,Incêndio Florestal,Principal: 11 dummies,6,84,Inadimplência → desastres,1,0.11888950105977875,0.7312908557977461,0.8039761008605572,0.6473430551653659,1,69,83,0.2613164294393305,True,0.8543117474272736
Pré-pandemia (até jan/2020),Tipologia | Incêndio Florestal,Tipologia,Incêndio Florestal,Principal: 11 dummies,6,84,Desastres → inadimplência,2,0.02792571896042365,0.972472083536101,0.9804082879454675,0.8867728954481738,2,66,82,0.5894268721052678,True,0.9985501563829594
Pré-pandemia (até jan/2020),Tipologia | Incêndio Florestal,Tipologia,Incêndio Florestal,Principal: 11 dummies,6,84,Inadimplência → desastres,2,0.1239179220499477,0.8836574057903491,0.9407897773059438,0.8946625172841229,2,66,82,0.5894268721052678,True,0.9384636849939987
Pré-pandemia (até jan/2020),Tipologia | Incêndio Florestal,Tipologia,Incêndio Florestal,Principal: 11 dummies,6,84,Desastres → inadimplência,3,0.436581613269041,0.72758561725021,0.8049141805997072,0.4759032609982353,3,63,81,0.852185337615565,True,0.9299407173443379
Pré-pandemia (até jan/2020),Tipologia | Incêndio Florestal,Tipologia,Incêndio Florestal,Principal: 11 dummies,6,84,Inadimplência → desastres,3,0.21633629908751525,0.8847163564973353,0.881337402962623,0.6160423579217034,3,63,81,0.852185337615565,True,0.9387907008672912
Pré-pandemia (até jan/2020),Tipologia | Incêndio Florestal,Tipologia,Incêndio Florestal,Principal: 11 dummies,6,84,Desastres → inadimplência,4,1.003158232427176,0.4130877168453382,0.5088339239635246,0.14364339052120145,4,60,80,0.8594187148510495,True,0.8375640485999992
Pré-pandemia (até jan/2020),Tipologia | Incêndio Florestal,Tipologia,Incêndio Florestal,Principal: 11 dummies,6,84,Inadimplência → desastres,4,0.12205973997782124,0.9740539145424486,0.9711068844402094,0.8605837236067597,4,60,80,0.8594187148510495,True,0.9875444879644023
Pré-pandemia (até jan/2020),Tipologia | Incêndio Florestal,Tipologia,Incêndio Florestal,Principal: 11 dummies,6,84,Desastres → inadimplência,5,0.9503583997838815,0.4558820927226642,0.7034704164989735,0.034764101128279504,5,57,79,0.8496162188283148,True,0.8582117709387505
Pré-pandemia (até jan/2020),Tipologia | Incêndio Florestal,Tipologia,Incêndio Florestal,Principal: 11 dummies,6,84,Inadimplência → desastres,5,0.6394639029159486,0.6704833058122985,0.8285219708668834,0.6415006249371301,5,57,79,0.8496162188283148,True,0.8234011880729719
Pré-pandemia (até jan/2020),Tipologia | Incêndio Florestal,Tipologia,Incêndio Florestal,Principal: 11 dummies,6,84,Desastres → inadimplência,6,0.6868966296511455,0.6609655743266738,0.8182133210505209,0.026550826973408145,6,54,78,0.8701254855749386,True,0.9168999854112312
Pré-pandemia (até jan/2020),Tipologia | Incêndio Florestal,Tipologia,Incêndio Florestal,Principal: 11 dummies,6,84,Inadimplência → desastres,6,0.5134280341782342,0.7955539013155299,0.883777966546096,0.6795126062947794,6,54,78,0.8701254855749386,True,0.8881173579730959
Pré-pandemia (até jan/2020),Tipologia | Incêndio Florestal,Tipologia,Incêndio Florestal,Comparação: sem dummies,11,84,Desastres → inadimplência,1,0.025261481628038013,0.8741178007467063,0.8921032649256055,0.8878901311009975,1,80,83,0.12279140518761968,True,0.9747603270874271
Pré-pandemia (até jan/2020),Tipologia | Incêndio Florestal,Tipologia,Incêndio Florestal,Comparação: sem dummies,11,84,Inadimplência → desastres,1,0.37507966391643655,0.5419852956635326,0.5736820334894133,0.3111929173960965,1,80,83,0.12279140518761968,True,0.746947761388551
Pré-pandemia (até jan/2020),Tipologia | Incêndio Florestal,Tipologia,Incêndio Florestal,Comparação: sem dummies,11,84,Desastres → inadimplência,2,0.9947984562082245,0.3745000338513604,0.3049281017476966,0.01747535948662486,2,77,82,0.5422259969581452,True,0.8106874740653794
Pré-pandemia (até jan/2020),Tipologia | Incêndio Florestal,Tipologia,Incêndio Florestal,Comparação: sem dummies,11,84,Inadimplência → desastres,2,0.1356884569735108,0.8733229076592601,0.9073644655963681,0.702840423113716,2,77,82,0.5422259969581452,True,0.9350237672026176
Pré-pandemia (até jan/2020),Tipologia | Incêndio Florestal,Tipologia,Incêndio Florestal,Comparação: sem dummies,11,84,Desastres → inadimplência,3,0.7634290314111989,0.5181618436783932,0.5758039903899881,0.23008846371023545,3,74,81,0.7537629264090476,True,0.8813357029410543
Pré-pandemia (até jan/2020),Tipologia | Incêndio Florestal,Tipologia,Incêndio Florestal,Comparação: sem dummies,11,84,Inadimplência → desastres,3,0.09239236087963805,0.9640167818183911,0.9680765080563525,0.763016992954898,3,74,81,0.7537629264090476,True,0.9828882359486043
Pré-pandemia (até jan/2020),Tipologia | Incêndio Florestal,Tipologia,Incêndio Florestal,Comparação: sem dummies,11,84,Desastres → inadimplência,4,1.309837477883889,0.2746780207007656,0.12945778516630074,6.310972745666414e-08,4,71,80,0.8134924434544707,True,0.7485099092804823
Pré-pandemia (até jan/2020),Tipologia | Incêndio Florestal,Tipologia,Incêndio Florestal,Comparação: sem dummies,11,84,Inadimplência → desastres,4,0.07093373936390018,0.9906298272826185,0.9929428919732414,0.9399040248913623,4,71,80,0.8134924434544707,True,0.9954077846489334
Pré-pandemia (até jan/2020),Tipologia | Incêndio Florestal,Tipologia,Incêndio Florestal,Comparação: sem dummies,11,84,Desastres → inadimplência,5,1.4066980036511323,0.23295316764022933,0.22675837463443566,2.6610834752930056e-05,5,68,79,0.823650191473702,True,0.7132294285430795
Pré-pandemia (até jan/2020),Tipologia | Incêndio Florestal,Tipologia,Incêndio Florestal,Comparação: sem dummies,11,84,Inadimplência → desastres,5,0.09139875164499285,0.9933347478669451,0.9974780702656879,0.9361039915918726,5,68,79,0.823650191473702,True,0.9966904007378657
Pré-pandemia (até jan/2020),Tipologia | Incêndio Florestal,Tipologia,Incêndio Florestal,Comparação: sem dummies,11,84,Desastres → inadimplência,6,0.7663521322414475,0.5990478120986471,0.525479317035251,0.06442465398183221,6,65,78,0.9382106742498793,True,0.9148911103720132
Pré-pandemia (até jan/2020),Tipologia | Incêndio Florestal,Tipologia,Incêndio Florestal,Comparação: sem dummies,11,84,Inadimplência → desastres,6,1.1830618953955572,0.32640286678175184,0.4685545412842035,0.0008532469445272084,6,65,78,0.9382106742498793,True,0.5891458135288669
Pré-pandemia (até jan/2020),Tipologia | Incêndio Florestal,Tipologia,Incêndio Florestal,Comparação: sem dummies,11,84,Desastres → inadimplência,7,1.742212079404383,0.11560660060686305,0.09554475905025447,1.7405743191437953e-06,7,62,77,0.954294645998805,True,0.5453141538059578
Pré-pandemia (até jan/2020),Tipologia | Incêndio Florestal,Tipologia,Incêndio Florestal,Comparação: sem dummies,11,84,Inadimplência → desastres,7,1.5091142154708712,0.18087781857225724,0.22474044464910065,1.7315953913351983e-07,7,62,77,0.954294645998805,True,0.45352899225675164
Pré-pandemia (até jan/2020),Tipologia | Incêndio Florestal,Tipologia,Incêndio Florestal,Comparação: sem dummies,11,84,Desastres → inadimplência,8,1.2901254236925552,0.26628795861513455,0.19383666881183725,8.46216994527882e-08,8,59,76,0.9541768383304775,True,0.747999883750378
Pré-pandemia (até jan/2020),Tipologia | Incêndio Florestal,Tipologia,Incêndio Florestal,Comparação: sem dummies,11,84,Inadimplência → desastres,8,2.042570375616916,0.05660960239822106,0.222882288419309,5.349150707713001e-07,8,59,76,0.9541768383304775,True,0.27430847673411135
Pré-pandemia (até jan/2020),Tipologia | Incêndio Florestal,Tipologia,Incêndio Florestal,Comparação: sem dummies,11,84,Desastres → inadimplência,9,1.163470183695056,0.3359906951085024,0.260030678876592,1.1542832708984318e-07,9,56,75,0.9430815100834424,True,0.7933688274062665
Pré-pandemia (até jan/2020),Tipologia | Incêndio Florestal,Tipologia,Incêndio Florestal,Comparação: sem dummies,11,84,Inadimplência → desastres,9,1.8158428207789186,0.08551606374065356,0.3364661651391924,1.0172225697752446e-06,9,56,75,0.9430815100834424,True,0.3402910252736176
Pré-pandemia (até jan/2020),Tipologia | Incêndio Florestal,Tipologia,Incêndio Florestal,Comparação: sem dummies,11,84,Desastres → inadimplência,10,0.9234357228116745,0.5193236773230325,0.28282060641686285,7.054836183524552e-08,10,53,74,0.9540391187092977,True,0.8820035280622156
Pré-pandemia (até jan/2020),Tipologia | Incêndio Florestal,Tipologia,Incêndio Florestal,Comparação: sem dummies,11,84,Inadimplência → desastres,10,1.6498975148664672,0.11799105621988284,0.36934282964371273,2.501263399584773e-06,10,53,74,0.9540391187092977,True,0.3788269613865243
Pré-pandemia (até jan/2020),Tipologia | Incêndio Florestal,Tipologia,Incêndio Florestal,Comparação: sem dummies,11,84,Desastres → inadimplência,11,0.8390334839772315,0.6028784597484766,0.558591941206666,3.664853632656072e-09,11,50,73,0.9623407113612765,True,0.9148911103720132
Pré-pandemia (até jan/2020),Tipologia | Incêndio Florestal,Tipologia,Incêndio Florestal,Comparação: sem dummies,11,84,Inadimplência → desastres,11,1.6134210969386122,0.1237764347922986,0.39395739674756647,4.658851966736638e-06,11,50,73,0.9623407113612765,True,0.38239974695218304
Pré-pandemia (até jan/2020),Tipologia | Incêndio Florestal,Tipologia,Incêndio Florestal,Robustez: diferença sazonal,9,72,Desastres → inadimplência,1,0.020677825472650645,0.8860853918970224,0.8826199930017244,0.8805801107227417,1,68,71,0.3244932516902808,True,0.976515560155759
Pré-pandemia (até jan/2020),Tipologia | Incêndio Florestal,Tipologia,Incêndio Florestal,Robustez: diferença sazonal,9,72,Inadimplência → desastres,1,0.10094370668057147,0.7516736697083578,0.812103012329099,0.6795772592210673,1,68,71,0.3244932516902808,True,0.8643901445588291
Pré-pandemia (até jan/2020),Tipologia | Incêndio Florestal,Tipologia,Incêndio Florestal,Robustez: diferença sazonal,9,72,Desastres → inadimplência,2,1.2951422316496346,0.28083108519727895,0.19870806035414967,0.0032026634859294236,2,65,70,0.5697345030387884,True,0.7489901687047872
Pré-pandemia (até jan/2020),Tipologia | Incêndio Florestal,Tipologia,Incêndio Florestal,Robustez: diferença sazonal,9,72,Inadimplência → desastres,2,0.5188952762818878,0.5976221966313416,0.5744834628341152,0.48739731639579703,2,65,70,0.5697345030387884,True,0.7795481515818052
Pré-pandemia (até jan/2020),Tipologia | Incêndio Florestal,Tipologia,Incêndio Florestal,Robustez: diferença sazonal,9,72,Desastres → inadimplência,3,1.257758410961714,0.29668755296539007,0.14974411330254725,0.023462762445538105,3,62,69,0.7786345946554127,True,0.7578444358950407
Pré-pandemia (até jan/2020),Tipologia | Incêndio Florestal,Tipologia,Incêndio Florestal,Robustez: diferença sazonal,9,72,Inadimplência → desastres,3,0.3110130506869335,0.8173374786757405,0.8196414504287455,0.8233863166402684,3,62,69,0.7786345946554127,True,0.9013838493093929
Pré-pandemia (até jan/2020),Tipologia | Incêndio Florestal,Tipologia,Incêndio Florestal,Robustez: diferença sazonal,9,72,Desastres → inadimplência,4,0.9544891294856505,0.43926430916979664,0.228559083420173,0.025074302135369004,4,59,68,0.8529746171301303,True,0.8511468864015748
Pré-pandemia (até jan/2020),Tipologia | Incêndio Florestal,Tipologia,Incêndio Florestal,Robustez: diferença sazonal,9,72,Inadimplência → desastres,4,0.07122540992007356,0.9905137028934896,0.9886080553734773,0.9742085207438209,4,59,68,0.8529746171301303,True,0.9954077846489334
Pré-pandemia (até jan/2020),Tipologia | Incêndio Florestal,Tipologia,Incêndio Florestal,Robustez: diferença sazonal,9,72,Desastres → inadimplência,5,0.9034842979368314,0.4854021119514922,0.2416364133628489,0.0026273862477620502,5,56,67,0.8910119017877024,True,0.8699822529860834
Pré-pandemia (até jan/2020),Tipologia | Incêndio Florestal,Tipologia,Incêndio Florestal,Robustez: diferença sazonal,9,72,Inadimplência → desastres,5,0.9744863576533118,0.4414062417329486,0.5095546948342757,0.012484914988205933,5,56,67,0.8910119017877024,True,0.6795046824706722
Pré-pandemia (até jan/2020),Tipologia | Incêndio Florestal,Tipologia,Incêndio Florestal,Robustez: diferença sazonal,9,72,Desastres → inadimplência,6,0.8247786612938994,0.55590883983344,0.3634172869816256,0.011244129086643264,6,53,66,0.8843852253404433,True,0.8987103429813551
Pré-pandemia (até jan/2020),Tipologia | Incêndio Florestal,Tipologia,Incêndio Florestal,Robustez: diferença sazonal,9,72,Inadimplência → desastres,6,0.7200624287457291,0.6351923423912423,0.7509342394531684,0.018246911617784526,6,53,66,0.8843852253404433,True,0.8008325447621176
Pré-pandemia (até jan/2020),Tipologia | Incêndio Florestal,Tipologia,Incêndio Florestal,Robustez: diferença sazonal,9,72,Desastres → inadimplência,7,1.4035727658518022,0.22484318633938943,0.053165788915722975,2.7365231160223728e-08,7,50,65,0.9364955423283375,True,0.7132294285430795
Pré-pandemia (até jan/2020),Tipologia | Incêndio Florestal,Tipologia,Incêndio Florestal,Robustez: diferença sazonal,9,72,Inadimplência → desastres,7,0.7382146457282401,0.640700711034687,0.8760183807671151,0.09232418995371182,7,50,65,0.9364955423283375,True,0.8038208474009048
Pré-pandemia (até jan/2020),Tipologia | Incêndio Florestal,Tipologia,Incêndio Florestal,Robustez: diferença sazonal,9,72,Desastres → inadimplência,8,1.2706706814087754,0.28149368077516473,0.08228552087974467,4.499598529734687e-10,8,47,64,0.9594295106020669,True,0.7489901687047872
Pré-pandemia (até jan/2020),Tipologia | Incêndio Florestal,Tipologia,Incêndio Florestal,Robustez: diferença sazonal,9,72,Inadimplência → desastres,8,1.0260518303414286,0.43016990594667515,0.6066606829978871,4.947187694609013e-05,8,47,64,0.9594295106020669,True,0.6769613470199253
Pré-pandemia (até jan/2020),Tipologia | Incêndio Florestal,Tipologia,Incêndio Florestal,Robustez: diferença sazonal,9,72,Desastres → inadimplência,9,1.1216194540375277,0.36821601070056315,0.17813335566047855,3.013473888895289e-10,9,44,63,0.9712996437630758,True,0.810555774392804
Pré-pandemia (até jan/2020),Tipologia | Incêndio Florestal,Tipologia,Incêndio Florestal,Robustez: diferença sazonal,9,72,Inadimplência → desastres,9,0.8122334523262276,0.607642751403912,0.709727204389372,1.1674721695447009e-05,9,44,63,0.9712996437630758,True,0.7822383514468486
Pré-pandemia (até jan/2020),Tipologia | Inundações,Tipologia,Inundações,Principal: 11 dummies,6,84,Desastres → inadimplência,1,0.4948593694499604,0.4841346693015385,0.5204583945283623,0.2992581245575804,1,69,83,0.33156642264419633,True,0.8699822529860834
Pré-pandemia (até jan/2020),Tipologia | Inundações,Tipologia,Inundações,Principal: 11 dummies,6,84,Inadimplência → desastres,1,0.03172550602711578,0.8591533479284501,0.8730654650796128,0.8262770607865807,1,69,83,0.33156642264419633,True,0.9274107814426275
Pré-pandemia (até jan/2020),Tipologia | Inundações,Tipologia,Inundações,Principal: 11 dummies,6,84,Desastres → inadimplência,2,0.44205128219439366,0.6446055418405643,0.657091226182999,0.3927821197773561,2,66,82,0.6059474485860121,True,0.9168999854112312
Pré-pandemia (até jan/2020),Tipologia | Inundações,Tipologia,Inundações,Principal: 11 dummies,6,84,Inadimplência → desastres,2,0.5554549520237368,0.5764699561683981,0.6851525974131291,0.04417644152575832,2,66,82,0.6059474485860121,True,0.7681726233767242
Pré-pandemia (até jan/2020),Tipologia | Inundações,Tipologia,Inundações,Principal: 11 dummies,6,84,Desastres → inadimplência,3,0.13530685101556206,0.9386250918740427,0.9554619562398122,0.7998115983452513,3,63,81,0.8441735508744583,True,0.9899358849372114
Pré-pandemia (até jan/2020),Tipologia | Inundações,Tipologia,Inundações,Principal: 11 dummies,6,84,Inadimplência → desastres,3,0.8388421495251585,0.4776529804272761,0.46513676722756603,0.03485649937876416,3,63,81,0.8441735508744583,True,0.7060622716575198
Pré-pandemia (até jan/2020),Tipologia | Inundações,Tipologia,Inundações,Principal: 11 dummies,6,84,Desastres → inadimplência,4,0.1481717073310776,0.9631170477375863,0.9692970257390864,0.8120754337858208,4,60,80,0.8324639886163798,True,0.9949556278280851
Pré-pandemia (até jan/2020),Tipologia | Inundações,Tipologia,Inundações,Principal: 11 dummies,6,84,Inadimplência → desastres,4,0.6326737089937939,0.6411275078869616,0.6244719904116428,0.12706763669566212,4,60,80,0.8324639886163798,True,0.8038208474009048
Pré-pandemia (até jan/2020),Tipologia | Inundações,Tipologia,Inundações,Principal: 11 dummies,6,84,Desastres → inadimplência,5,0.6779250749444188,0.6419176638629998,0.7055828563662423,0.06878862740411804,5,57,79,0.8405407652495414,True,0.9168999854112312
Pré-pandemia (até jan/2020),Tipologia | Inundações,Tipologia,Inundações,Principal: 11 dummies,6,84,Inadimplência → desastres,5,1.2768598686515353,0.2865347915277,0.371276573957102,0.0018554691850030973,5,57,79,0.8405407652495414,True,0.5607472481166349
Pré-pandemia (até jan/2020),Tipologia | Inundações,Tipologia,Inundações,Principal: 11 dummies,6,84,Desastres → inadimplência,6,0.7124631753572694,0.6410523113783055,0.6863795817513134,8.03711026713121e-05,6,54,78,0.8951271795679625,True,0.9168999854112312
Pré-pandemia (até jan/2020),Tipologia | Inundações,Tipologia,Inundações,Principal: 11 dummies,6,84,Inadimplência → desastres,6,1.223918117152375,0.3085830867560391,0.42524819416575277,0.00018355373793332676,6,54,78,0.8951271795679625,True,0.5731483780758527
Pré-pandemia (até jan/2020),Tipologia | Inundações,Tipologia,Inundações,Comparação: sem dummies,11,84,Desastres → inadimplência,1,0.2128574443746881,0.645788919802376,0.6550962528721844,0.5823906092888225,1,80,83,0.22729211775781483,True,0.9168999854112312
Pré-pandemia (até jan/2020),Tipologia | Inundações,Tipologia,Inundações,Comparação: sem dummies,11,84,Inadimplência → desastres,1,0.07793379599949717,0.7808376713522484,0.8285414708607637,0.7812372745038999,1,80,83,0.22729211775781483,True,0.8835064676400979
Pré-pandemia (até jan/2020),Tipologia | Inundações,Tipologia,Inundações,Comparação: sem dummies,11,84,Desastres → inadimplência,2,0.13027881107342923,0.8780437265834788,0.883379690463226,0.8493389209322624,2,77,82,0.3400188049248542,True,0.9764721158624098
Pré-pandemia (até jan/2020),Tipologia | Inundações,Tipologia,Inundações,Comparação: sem dummies,11,84,Inadimplência → desastres,2,1.6445530104479482,0.1998080406042195,0.2961974980636509,0.012733005139389934,2,77,82,0.3400188049248542,True,0.4732488200952874
Pré-pandemia (até jan/2020),Tipologia | Inundações,Tipologia,Inundações,Comparação: sem dummies,11,84,Desastres → inadimplência,3,0.049057530837687185,0.9855099187727705,0.985520591602513,0.9200773098823677,3,74,81,0.716166587941744,True,0.9992078848635362
Pré-pandemia (até jan/2020),Tipologia | Inundações,Tipologia,Inundações,Comparação: sem dummies,11,84,Inadimplência → desastres,3,1.4846460522256015,0.22569206860954277,0.15146806716652725,0.0083312110364185,3,74,81,0.716166587941744,True,0.5071893370482949
Pré-pandemia (até jan/2020),Tipologia | Inundações,Tipologia,Inundações,Comparação: sem dummies,11,84,Desastres → inadimplência,4,0.5293779701007251,0.7144956599887807,0.7303240553264059,0.3726971597907509,4,71,80,0.7920575155880298,True,0.9299407173443379
Pré-pandemia (até jan/2020),Tipologia | Inundações,Tipologia,Inundações,Comparação: sem dummies,11,84,Inadimplência → desastres,4,1.6265701828731134,0.17705189898594106,0.12376661905919115,0.0018101142984382269,4,71,80,0.7920575155880298,True,0.44691975606310386
Pré-pandemia (até jan/2020),Tipologia | Inundações,Tipologia,Inundações,Comparação: sem dummies,11,84,Desastres → inadimplência,5,0.4919635019763059,0.781146006673298,0.739386521482793,0.538860478515268,5,68,79,0.8207246750556575,True,0.9528515418865274
Pré-pandemia (até jan/2020),Tipologia | Inundações,Tipologia,Inundações,Comparação: sem dummies,11,84,Inadimplência → desastres,5,1.934381632760638,0.09991595624492684,0.05216448760724377,5.482499689486176e-06,5,68,79,0.8207246750556575,True,0.3569470342789401
Pré-pandemia (até jan/2020),Tipologia | Inundações,Tipologia,Inundações,Comparação: sem dummies,11,84,Desastres → inadimplência,6,0.7697943490431747,0.5964114769746542,0.4910563091670167,0.2685670910035413,6,65,78,0.9455630111638705,True,0.9143945838643741
Pré-pandemia (até jan/2020),Tipologia | Inundações,Tipologia,Inundações,Comparação: sem dummies,11,84,Inadimplência → desastres,6,2.531416854104738,0.028994975387972223,0.02728041688209755,2.168586787527744e-06,6,65,78,0.9455630111638705,True,0.2064187927902755
Pré-pandemia (até jan/2020),Tipologia | Inundações,Tipologia,Inundações,Comparação: sem dummies,11,84,Desastres → inadimplência,7,0.5328516627487317,0.8063328927360656,0.746355242998395,0.396083393764881,7,62,77,0.9510972189726485,True,0.9580133518792796
Pré-pandemia (até jan/2020),Tipologia | Inundações,Tipologia,Inundações,Comparação: sem dummies,11,84,Inadimplência → desastres,7,2.0570283091161223,0.06177087255632085,0.07340038573942051,1.5041540400852785e-07,7,62,77,0.9510972189726485,True,0.28160631070101
Pré-pandemia (até jan/2020),Tipologia | Inundações,Tipologia,Inundações,Comparação: sem dummies,11,84,Desastres → inadimplência,8,0.47166178036776485,0.871257736255947,0.8460623078457148,0.5614801863292707,8,59,76,0.9639026373518639,True,0.9745223741010597
Pré-pandemia (até jan/2020),Tipologia | Inundações,Tipologia,Inundações,Comparação: sem dummies,11,84,Inadimplência → desastres,8,1.8004169693121521,0.0951055973621458,0.12060667757146143,3.0030287146599785e-06,8,59,76,0.9639026373518639,True,0.35169339334534155
Pré-pandemia (até jan/2020),Tipologia | Inundações,Tipologia,Inundações,Comparação: sem dummies,11,84,Desastres → inadimplência,9,0.5850407129453296,0.8037528827223243,0.8662046418213738,0.12774982271490445,9,56,75,0.9542638422839043,True,0.9578109280787415
Pré-pandemia (até jan/2020),Tipologia | Inundações,Tipologia,Inundações,Comparação: sem dummies,11,84,Inadimplência → desastres,9,1.5450566891835638,0.15504790971941174,0.2640327358637683,2.003030885146691e-05,9,56,75,0.9542638422839043,True,0.4228511436779322
Pré-pandemia (até jan/2020),Tipologia | Inundações,Tipologia,Inundações,Comparação: sem dummies,11,84,Desastres → inadimplência,10,0.7113271921827291,0.7098415502303209,0.8732552480551101,0.008913945267085084,10,53,74,0.9561980852456652,True,0.9299407173443379
Pré-pandemia (até jan/2020),Tipologia | Inundações,Tipologia,Inundações,Comparação: sem dummies,11,84,Inadimplência → desastres,10,1.4233714191149995,0.19584312765068257,0.2587082087847626,3.4629687235497e-08,10,53,74,0.9561980852456652,True,0.4689730068263471
Pré-pandemia (até jan/2020),Tipologia | Inundações,Tipologia,Inundações,Comparação: sem dummies,11,84,Desastres → inadimplência,11,1.0146841576233796,0.4476116034869771,0.7379151677141225,2.3980930626162816e-05,11,50,73,0.9624232663535772,True,0.855378330038648
Pré-pandemia (até jan/2020),Tipologia | Inundações,Tipologia,Inundações,Comparação: sem dummies,11,84,Inadimplência → desastres,11,1.281842126652737,0.26227884748583885,0.4409375440809862,1.0320000539195632e-06,11,50,73,0.9624232663535772,True,0.5426340561628513
Pré-pandemia (até jan/2020),Tipologia | Inundações,Tipologia,Inundações,Robustez: diferença sazonal,9,72,Desastres → inadimplência,1,0.06125514611154044,0.8052687970493683,0.7998371676857008,0.6306701160996813,1,68,71,0.27098461363869436,True,0.9578109280787415
Pré-pandemia (até jan/2020),Tipologia | Inundações,Tipologia,Inundações,Robustez: diferença sazonal,9,72,Inadimplência → desastres,1,0.2714835030035868,0.6040310636570103,0.6174731496412375,0.6826712593621012,1,68,71,0.27098461363869436,True,0.7797893493354456
Pré-pandemia (até jan/2020),Tipologia | Inundações,Tipologia,Inundações,Robustez: diferença sazonal,9,72,Desastres → inadimplência,2,0.0536493467065266,0.9478063075139379,0.9616804175971122,0.8877867230737996,2,65,70,0.49721524111616927,True,0.9906002377863063
Pré-pandemia (até jan/2020),Tipologia | Inundações,Tipologia,Inundações,Robustez: diferença sazonal,9,72,Inadimplência → desastres,2,0.615370253705929,0.5435590612372451,0.5872009009010725,0.06394395551790037,2,65,70,0.49721524111616927,True,0.7480512918849291
Pré-pandemia (até jan/2020),Tipologia | Inundações,Tipologia,Inundações,Robustez: diferença sazonal,9,72,Desastres → inadimplência,3,0.20812080665077515,0.8904063818505861,0.9287152533000171,0.3544018642106026,3,62,69,0.7882164865319843,True,0.976515560155759
Pré-pandemia (até jan/2020),Tipologia | Inundações,Tipologia,Inundações,Robustez: diferença sazonal,9,72,Inadimplência → desastres,3,1.125558859328318,0.3456773882906056,0.24286059054803402,0.06863649474956196,3,62,69,0.7882164865319843,True,0.6043310984101498
Pré-pandemia (até jan/2020),Tipologia | Inundações,Tipologia,Inundações,Robustez: diferença sazonal,9,72,Desastres → inadimplência,4,0.19230498242692726,0.9414941145007921,0.9344598124532829,0.3103217892193423,4,59,68,0.7296378698669618,True,0.9899358849372114
Pré-pandemia (até jan/2020),Tipologia | Inundações,Tipologia,Inundações,Robustez: diferença sazonal,9,72,Inadimplência → desastres,4,0.9587330685432361,0.4369448189740016,0.26401096198895474,0.05231146961601177,4,59,68,0.7296378698669618,True,0.6776943250669981
Pré-pandemia (até jan/2020),Tipologia | Inundações,Tipologia,Inundações,Robustez: diferença sazonal,9,72,Desastres → inadimplência,5,0.7074109154539183,0.6203163265511572,0.7566379131583727,0.19454962909763152,5,56,67,0.8398135177859269,True,0.9168999854112312
Pré-pandemia (até jan/2020),Tipologia | Inundações,Tipologia,Inundações,Robustez: diferença sazonal,9,72,Inadimplência → desastres,5,2.436309635333231,0.04557827848852153,0.057410861739381876,1.8808662716068485e-05,5,56,67,0.8398135177859269,True,0.25034577942998665
Pré-pandemia (até jan/2020),Tipologia | Inundações,Tipologia,Inundações,Robustez: diferença sazonal,9,72,Desastres → inadimplência,6,0.6516788842623358,0.6885361003041657,0.7849865661207432,0.06165934432769727,6,53,66,0.8819873181593864,True,0.925709192134145
Pré-pandemia (até jan/2020),Tipologia | Inundações,Tipologia,Inundações,Robustez: diferença sazonal,9,72,Inadimplência → desastres,6,2.523368998782317,0.03190924470277219,0.09422544752311382,1.9015998037448794e-07,6,53,66,0.8819873181593864,True,0.2179593217402472
Pré-pandemia (até jan/2020),Tipologia | Inundações,Tipologia,Inundações,Robustez: diferença sazonal,9,72,Desastres → inadimplência,7,0.6093821473447785,0.7453842096624615,0.8514000625927391,0.009869192743346801,7,50,65,0.914048655041248,True,0.9382983505317996
Pré-pandemia (até jan/2020),Tipologia | Inundações,Tipologia,Inundações,Robustez: diferença sazonal,9,72,Inadimplência → desastres,7,2.089070062900985,0.061953388354222205,0.11435599399745806,4.092822719543925e-07,7,50,65,0.914048655041248,True,0.28160631070101
Pré-pandemia (até jan/2020),Tipologia | Inundações,Tipologia,Inundações,Robustez: diferença sazonal,9,72,Desastres → inadimplência,8,1.4300395783133295,0.20916530924216928,0.39137024826061545,0.0016149088338415698,8,47,64,0.931664455590554,True,0.6880437804018726
Pré-pandemia (até jan/2020),Tipologia | Inundações,Tipologia,Inundações,Robustez: diferença sazonal,9,72,Inadimplência → desastres,8,1.9032743327773844,0.08182512949956929,0.22589925101135433,5.326305857787339e-06,8,47,64,0.931664455590554,True,0.33772442776958234
Pré-pandemia (até jan/2020),Tipologia | Inundações,Tipologia,Inundações,Robustez: diferença sazonal,9,72,Desastres → inadimplência,9,1.372997530872784,0.22941340842140295,0.16999892244209508,3.821391580295588e-06,9,44,63,0.9531438250595974,True,0.7132294285430795
Pré-pandemia (até jan/2020),Tipologia | Inundações,Tipologia,Inundações,Robustez: diferença sazonal,9,72,Inadimplência → desastres,9,1.5302328936638505,0.1674155833278059,0.3820025086852022,0.0008328547063136034,9,44,63,0.9531438250595974,True,0.4414967914762814
Pré-pandemia (até jan/2020),Tipologia | Movimento de Massa,Tipologia,Movimento de Massa,Principal: 11 dummies,6,84,Desastres → inadimplência,1,0.08599566725195466,0.7702111074457291,0.8112586036750281,0.7771503088448011,1,69,83,0.5652253549348925,True,0.9465074783265984
Pré-pandemia (até jan/2020),Tipologia | Movimento de Massa,Tipologia,Movimento de Massa,Principal: 11 dummies,6,84,Inadimplência → desastres,1,0.08896653396009616,0.7663914899207703,0.8172479684452897,0.6932459302342825,1,69,83,0.5652253549348925,True,0.8756758340045365
Pré-pandemia (até jan/2020),Tipologia | Movimento de Massa,Tipologia,Movimento de Massa,Principal: 11 dummies,6,84,Desastres → inadimplência,2,0.19183793935729232,0.8258992485491133,0.8818757445242347,0.73574160523185,2,66,82,0.6904768834032559,True,0.9635776473725449
Pré-pandemia (até jan/2020),Tipologia | Movimento de Massa,Tipologia,Movimento de Massa,Principal: 11 dummies,6,84,Inadimplência → desastres,2,0.29590621874960427,0.7448388278762034,0.6772821839310164,0.34291345478110585,2,66,82,0.6904768834032559,True,0.8596939379919245
Pré-pandemia (até jan/2020),Tipologia | Movimento de Massa,Tipologia,Movimento de Massa,Principal: 11 dummies,6,84,Desastres → inadimplência,3,0.5411413140520472,0.6558871128208332,0.6415799228753641,0.04814499020299227,3,63,81,0.8414190159238892,True,0.9168999854112312
Pré-pandemia (até jan/2020),Tipologia | Movimento de Massa,Tipologia,Movimento de Massa,Principal: 11 dummies,6,84,Inadimplência → desastres,3,0.34298424519936266,0.7943135209153052,0.7782705371179602,0.29527133139391687,3,63,81,0.8414190159238892,True,0.8881173579730959
Pré-pandemia (até jan/2020),Tipologia | Movimento de Massa,Tipologia,Movimento de Massa,Principal: 11 dummies,6,84,Desastres → inadimplência,4,0.7123876696154926,0.5867009484039685,0.7418420756207607,0.023219179268973652,4,60,80,0.8454794489616574,True,0.9143945838643741
Pré-pandemia (até jan/2020),Tipologia | Movimento de Massa,Tipologia,Movimento de Massa,Principal: 11 dummies,6,84,Inadimplência → desastres,4,0.4786423393675061,0.7512550176102111,0.8155592070935528,0.4344625845736112,4,60,80,0.8454794489616574,True,0.8643901445588291
Pré-pandemia (até jan/2020),Tipologia | Movimento de Massa,Tipologia,Movimento de Massa,Principal: 11 dummies,6,84,Desastres → inadimplência,5,0.5804962618001447,0.7147142317598608,0.853607493836036,0.007834791158542865,5,57,79,0.8298835305715151,True,0.9299407173443379
Pré-pandemia (até jan/2020),Tipologia | Movimento de Massa,Tipologia,Movimento de Massa,Principal: 11 dummies,6,84,Inadimplência → desastres,5,0.49944149640262797,0.7753654062058374,0.7709351119264931,0.12023264885286646,5,57,79,0.8298835305715151,True,0.8810970525066334
Pré-pandemia (até jan/2020),Tipologia | Movimento de Massa,Tipologia,Movimento de Massa,Principal: 11 dummies,6,84,Desastres → inadimplência,6,0.5170551347452147,0.79282854806994,0.9196076275657504,0.014493702141342876,6,54,78,0.8686210718832494,True,0.9552116140967873
Pré-pandemia (até jan/2020),Tipologia | Movimento de Massa,Tipologia,Movimento de Massa,Principal: 11 dummies,6,84,Inadimplência → desastres,6,0.420320763602281,0.8623007679089736,0.8548577251359992,0.29850824882989,6,54,78,0.8686210718832494,True,0.9280763841642622
Pré-pandemia (até jan/2020),Tipologia | Movimento de Massa,Tipologia,Movimento de Massa,Comparação: sem dummies,11,84,Desastres → inadimplência,1,0.08980629053149175,0.7652007995943093,0.7811698091237146,0.725779302143601,1,80,83,0.5591609461716881,True,0.9461996113825728
Pré-pandemia (até jan/2020),Tipologia | Movimento de Massa,Tipologia,Movimento de Massa,Comparação: sem dummies,11,84,Inadimplência → desastres,1,0.002151508274801532,0.9631195014591213,0.9690803811006312,0.9462409141715508,1,80,83,0.5591609461716881,True,0.9827750014888993
Pré-pandemia (até jan/2020),Tipologia | Movimento de Massa,Tipologia,Movimento de Massa,Comparação: sem dummies,11,84,Desastres → inadimplência,2,0.5968374884806747,0.5530767041928073,0.4528719872761795,0.37646221682299363,2,77,82,0.5804199431912721,True,0.8987103429813551
Pré-pandemia (até jan/2020),Tipologia | Movimento de Massa,Tipologia,Movimento de Massa,Comparação: sem dummies,11,84,Inadimplência → desastres,2,0.01722871049988476,0.9829226430088075,0.9832859364864052,0.9672373227866662,2,77,82,0.5804199431912721,True,0.9924501645888606
Pré-pandemia (até jan/2020),Tipologia | Movimento de Massa,Tipologia,Movimento de Massa,Comparação: sem dummies,11,84,Desastres → inadimplência,3,0.6984590383921505,0.5559471350714044,0.42018003373989343,0.3154338555006487,3,74,81,0.7077030233891035,True,0.8987103429813551
Pré-pandemia (até jan/2020),Tipologia | Movimento de Massa,Tipologia,Movimento de Massa,Comparação: sem dummies,11,84,Inadimplência → desastres,3,0.016500458431747054,0.9970865494970717,0.9977123281415209,0.9872167892326411,3,74,81,0.7077030233891035,True,0.9986844446084452
Pré-pandemia (até jan/2020),Tipologia | Movimento de Massa,Tipologia,Movimento de Massa,Comparação: sem dummies,11,84,Desastres → inadimplência,4,0.6614288272943151,0.6208416576091569,0.4501265082766801,0.10553124134556732,4,71,80,0.8173604396010898,True,0.9168999854112312
Pré-pandemia (até jan/2020),Tipologia | Movimento de Massa,Tipologia,Movimento de Massa,Comparação: sem dummies,11,84,Inadimplência → desastres,4,0.10685279515505171,0.9797665570998758,0.976370916041937,0.6337306815577121,4,71,80,0.8173604396010898,True,0.9908642365492272
Pré-pandemia (até jan/2020),Tipologia | Movimento de Massa,Tipologia,Movimento de Massa,Comparação: sem dummies,11,84,Desastres → inadimplência,5,0.45666174909523927,0.8070304476231052,0.7256793924539304,0.18128136425853306,5,68,79,0.8194355015517469,True,0.9580133518792796
Pré-pandemia (até jan/2020),Tipologia | Movimento de Massa,Tipologia,Movimento de Massa,Comparação: sem dummies,11,84,Inadimplência → desastres,5,0.11694182799118175,0.9882339492794798,0.9919937338082689,0.7146136018663554,5,68,79,0.8194355015517469,True,0.9954008352935937
Pré-pandemia (até jan/2020),Tipologia | Movimento de Massa,Tipologia,Movimento de Massa,Comparação: sem dummies,11,84,Desastres → inadimplência,6,0.6847677111380897,0.6625075807486034,0.6637083245253894,0.013584063925238832,6,65,78,0.9384212885886527,True,0.9170924428967377
Pré-pandemia (até jan/2020),Tipologia | Movimento de Massa,Tipologia,Movimento de Massa,Comparação: sem dummies,11,84,Inadimplência → desastres,6,0.07069352269863029,0.9985357069278608,0.9988260780156222,0.8313371548192477,6,65,78,0.9384212885886527,True,0.9993351750679151
Pré-pandemia (até jan/2020),Tipologia | Movimento de Massa,Tipologia,Movimento de Massa,Comparação: sem dummies,11,84,Desastres → inadimplência,7,0.5843675646950707,0.7660542689153131,0.8034255613703559,0.07140338856646233,7,62,77,0.9462356285100162,True,0.9461996113825728
Pré-pandemia (até jan/2020),Tipologia | Movimento de Massa,Tipologia,Movimento de Massa,Comparação: sem dummies,11,84,Inadimplência → desastres,7,0.2891396143231506,0.9558178297734328,0.9843823407805821,0.27573960062302366,7,62,77,0.9462356285100162,True,0.9777187293099762
Pré-pandemia (até jan/2020),Tipologia | Movimento de Massa,Tipologia,Movimento de Massa,Comparação: sem dummies,11,84,Desastres → inadimplência,8,0.6448779468579023,0.7368549774632116,0.8013511907078714,0.07609830919122686,8,59,76,0.95706342911325,True,0.9356186454536043
Pré-pandemia (até jan/2020),Tipologia | Movimento de Massa,Tipologia,Movimento de Massa,Comparação: sem dummies,11,84,Inadimplência → desastres,8,0.22666486705433622,0.9845969788010387,0.9961758782741943,0.5376848232119686,8,59,76,0.95706342911325,True,0.9925372770171761
Pré-pandemia (até jan/2020),Tipologia | Movimento de Massa,Tipologia,Movimento de Massa,Comparação: sem dummies,11,84,Desastres → inadimplência,9,0.5370913493730555,0.8412436865613486,0.7562601164913361,0.0005793621132776738,9,56,75,0.9365167769959898,True,0.9665023972441965
Pré-pandemia (até jan/2020),Tipologia | Movimento de Massa,Tipologia,Movimento de Massa,Comparação: sem dummies,11,84,Inadimplência → desastres,9,0.4277457703477783,0.9146094590424848,0.9086678471823174,0.16749869242889462,9,56,75,0.9365167769959898,True,0.9567044550653607
Pré-pandemia (até jan/2020),Tipologia | Movimento de Massa,Tipologia,Movimento de Massa,Comparação: sem dummies,11,84,Desastres → inadimplência,10,0.5416668770329952,0.8525762119795355,0.8747142869390258,7.946165406883523e-05,10,53,74,0.9321588773956782,True,0.9706013342207827
Pré-pandemia (até jan/2020),Tipologia | Movimento de Massa,Tipologia,Movimento de Massa,Comparação: sem dummies,11,84,Inadimplência → desastres,10,0.7089884894779795,0.7119508257733139,0.7492833416415166,0.0023839161841053744,10,53,74,0.9321588773956782,True,0.8465135751150248
Pré-pandemia (até jan/2020),Tipologia | Movimento de Massa,Tipologia,Movimento de Massa,Comparação: sem dummies,11,84,Desastres → inadimplência,11,0.5343183512830384,0.8705153508437853,0.9100816074657293,0.0021407353397778187,11,50,73,0.9520033207315142,True,0.9745223741010597
Pré-pandemia (até jan/2020),Tipologia | Movimento de Massa,Tipologia,Movimento de Massa,Comparação: sem dummies,11,84,Inadimplência → desastres,11,0.7858099758318006,0.6526189745496019,0.7756669313691656,0.0008111679788771176,11,50,73,0.9520033207315142,True,0.8117151424746293
Pré-pandemia (até jan/2020),Tipologia | Movimento de Massa,Tipologia,Movimento de Massa,Robustez: diferença sazonal,9,72,Desastres → inadimplência,1,0.00014392815550235845,0.9904631323193576,0.9895551982597538,0.9903992316090722,1,68,71,0.5043125496779275,True,0.9992078848635362
Pré-pandemia (até jan/2020),Tipologia | Movimento de Massa,Tipologia,Movimento de Massa,Robustez: diferença sazonal,9,72,Inadimplência → desastres,1,0.13784995568341374,0.7115821746988975,0.7725326750516409,0.6806850247905566,1,68,71,0.5043125496779275,True,0.8465135751150248
Pré-pandemia (até jan/2020),Tipologia | Movimento de Massa,Tipologia,Movimento de Massa,Robustez: diferença sazonal,9,72,Desastres → inadimplência,2,0.7557204412442102,0.47375358505849585,0.511591859505673,0.2317264653559353,2,65,70,0.6592660960588691,True,0.8686765276588333
Pré-pandemia (até jan/2020),Tipologia | Movimento de Massa,Tipologia,Movimento de Massa,Robustez: diferença sazonal,9,72,Inadimplência → desastres,2,0.4040771127681817,0.6692579165718007,0.6710471440025354,0.20910868594954682,2,65,70,0.6592660960588691,True,0.8233980272782981
Pré-pandemia (até jan/2020),Tipologia | Movimento de Massa,Tipologia,Movimento de Massa,Robustez: diferença sazonal,9,72,Desastres → inadimplência,3,1.7075651744040472,0.1746594812338525,0.156739083702428,0.0006910650155790718,3,62,69,0.7954956944812659,True,0.6458395860626522
Pré-pandemia (até jan/2020),Tipologia | Movimento de Massa,Tipologia,Movimento de Massa,Robustez: diferença sazonal,9,72,Inadimplência → desastres,3,0.4727188674279863,0.7023986247766688,0.7476995870178355,0.33983612759158627,3,62,69,0.7954956944812659,True,0.8418008446508495
Pré-pandemia (até jan/2020),Tipologia | Movimento de Massa,Tipologia,Movimento de Massa,Robustez: diferença sazonal,9,72,Desastres → inadimplência,4,1.9186057013422053,0.11921968740502671,0.11702300864572662,1.2122149809537981e-05,4,59,68,0.8757567886578002,True,0.5499063072187579
Pré-pandemia (até jan/2020),Tipologia | Movimento de Massa,Tipologia,Movimento de Massa,Robustez: diferença sazonal,9,72,Inadimplência → desastres,4,1.125694210301273,0.3531453888892655,0.4182512376288523,0.0003359107221204494,4,59,68,0.8757567886578002,True,0.6110113581026808
Pré-pandemia (até jan/2020),Tipologia | Movimento de Massa,Tipologia,Movimento de Massa,Robustez: diferença sazonal,9,72,Desastres → inadimplência,5,1.7941821296650287,0.12893591692610779,0.1527760496705341,7.303998205156523e-05,5,56,67,0.8980495198481439,True,0.573558349315426
Pré-pandemia (até jan/2020),Tipologia | Movimento de Massa,Tipologia,Movimento de Massa,Robustez: diferença sazonal,9,72,Inadimplência → desastres,5,1.2715011641600866,0.2890934494035754,0.2560632718920905,0.011622592807065554,5,56,67,0.8980495198481439,True,0.5611285896808529
Pré-pandemia (até jan/2020),Tipologia | Movimento de Massa,Tipologia,Movimento de Massa,Robustez: diferença sazonal,9,72,Desastres → inadimplência,6,1.6272307342974408,0.15788585114313705,0.23081261370512549,0.0005842351642228354,6,53,66,0.9146336860869194,True,0.6319374426847137
Pré-pandemia (até jan/2020),Tipologia | Movimento de Massa,Tipologia,Movimento de Massa,Robustez: diferença sazonal,9,72,Inadimplência → desastres,6,1.003030407484931,0.4332431253925621,0.4204199481663643,0.04146013480841671,6,53,66,0.9146336860869194,True,0.6769762794481332
Pré-pandemia (até jan/2020),Tipologia | Movimento de Massa,Tipologia,Movimento de Massa,Robustez: diferença sazonal,9,72,Desastres → inadimplência,7,1.2379612733747,0.3002656686636851,0.48981261173062207,0.003811543157179589,7,50,65,0.9584120633386498,True,0.7614006340648297
Pré-pandemia (até jan/2020),Tipologia | Movimento de Massa,Tipologia,Movimento de Massa,Robustez: diferença sazonal,9,72,Inadimplência → desastres,7,2.0744792501661555,0.06373277063127519,0.2774749741809181,0.024977970183587318,7,50,65,0.9584120633386498,True,0.28408817513613505
Pré-pandemia (até jan/2020),Tipologia | Movimento de Massa,Tipologia,Movimento de Massa,Robustez: diferença sazonal,9,72,Desastres → inadimplência,8,1.244772638563409,0.2950163972513557,0.5748604983316856,5.855904189053846e-05,8,47,64,0.958085486247035,True,0.7578444358950407
Pré-pandemia (até jan/2020),Tipologia | Movimento de Massa,Tipologia,Movimento de Massa,Robustez: diferença sazonal,9,72,Inadimplência → desastres,8,1.7400691867660447,0.11388332993707878,0.2347023185843077,0.0329201072301823,8,47,64,0.958085486247035,True,0.37368827197657495
Pré-pandemia (até jan/2020),Tipologia | Movimento de Massa,Tipologia,Movimento de Massa,Robustez: diferença sazonal,9,72,Desastres → inadimplência,9,1.1607591438217864,0.3431268647767497,0.4519121710097589,2.428706987830225e-05,9,44,63,0.9650101582237596,True,0.7933688274062665
Pré-pandemia (até jan/2020),Tipologia | Movimento de Massa,Tipologia,Movimento de Massa,Robustez: diferença sazonal,9,72,Inadimplência → desastres,9,1.8712390797775342,0.08198181974168571,0.14602969452600878,0.007766545776320636,9,44,63,0.9650101582237596,True,0.33772442776958234
Pré-pandemia (até jan/2020),Tipologia | Onda de Frio,Tipologia,Onda de Frio,Principal: 11 dummies,6,84,Desastres → inadimplência,1,0.8300637866890844,0.3654260556942582,0.46826228338927717,0.33534228845274633,1,69,83,0.14846371197753294,True,0.810555774392804
Pré-pandemia (até jan/2020),Tipologia | Onda de Frio,Tipologia,Onda de Frio,Principal: 11 dummies,6,84,Inadimplência → desastres,1,1.1156810721243562,0.29453460182252195,0.2851667011442552,0.1798394546268247,1,69,83,0.14846371197753294,True,0.5621668943154214
Pré-pandemia (até jan/2020),Tipologia | Onda de Frio,Tipologia,Onda de Frio,Principal: 11 dummies,6,84,Desastres → inadimplência,2,0.7158947300494154,0.49251024946401334,0.5190112819491768,0.33415946380545475,2,66,82,0.629002942709738,True,0.8734538993045402
Pré-pandemia (até jan/2020),Tipologia | Onda de Frio,Tipologia,Onda de Frio,Principal: 11 dummies,6,84,Inadimplência → desastres,2,1.7065640382675753,0.1893985019263567,0.2004100863787514,0.2223330702443023,2,66,82,0.629002942709738,True,0.4621716751429819
Pré-pandemia (até jan/2020),Tipologia | Onda de Frio,Tipologia,Onda de Frio,Principal: 11 dummies,6,84,Desastres → inadimplência,3,0.33628562027076264,0.7991359143681009,0.7152723234029001,0.22911618233826053,3,63,81,0.8486747630426748,True,0.9578109280787415
Pré-pandemia (até jan/2020),Tipologia | Onda de Frio,Tipologia,Onda de Frio,Principal: 11 dummies,6,84,Inadimplência → desastres,3,1.458984989440606,0.23425568493616164,0.28714145677660596,0.3025153402737896,3,63,81,0.8486747630426748,True,0.5128189249915973
Pré-pandemia (até jan/2020),Tipologia | Onda de Frio,Tipologia,Onda de Frio,Principal: 11 dummies,6,84,Desastres → inadimplência,4,0.424017611037195,0.7906952553633853,0.763788785707195,0.06375750664154435,4,60,80,0.8403725446464179,True,0.9540241980735826
Pré-pandemia (até jan/2020),Tipologia | Onda de Frio,Tipologia,Onda de Frio,Principal: 11 dummies,6,84,Inadimplência → desastres,4,2.1348710643126245,0.08747543664829396,0.16306617663051368,0.15909568980136954,4,60,80,0.8403725446464179,True,0.3406364355463161
Pré-pandemia (até jan/2020),Tipologia | Onda de Frio,Tipologia,Onda de Frio,Principal: 11 dummies,6,84,Desastres → inadimplência,5,1.252187571675201,0.2972018262668855,0.4852402631031022,0.06152450192368203,5,57,79,0.8345228307325501,True,0.7578444358950407
Pré-pandemia (até jan/2020),Tipologia | Onda de Frio,Tipologia,Onda de Frio,Principal: 11 dummies,6,84,Inadimplência → desastres,5,1.6145862245025204,0.17088529082501375,0.3210745222565083,0.17984709930733658,5,57,79,0.8345228307325501,True,0.44316724799018087
Pré-pandemia (até jan/2020),Tipologia | Onda de Frio,Tipologia,Onda de Frio,Principal: 11 dummies,6,84,Desastres → inadimplência,6,0.8369914361588473,0.5468457202344764,0.6791867971206278,0.16925359538164086,6,54,78,0.8384306804589088,True,0.8980501543719078
Pré-pandemia (até jan/2020),Tipologia | Onda de Frio,Tipologia,Onda de Frio,Principal: 11 dummies,6,84,Inadimplência → desastres,6,1.728249384187541,0.13211120820801542,0.31701902473962934,0.3016253782636955,6,54,78,0.8384306804589088,True,0.3919240324181706
Pré-pandemia (até jan/2020),Tipologia | Onda de Frio,Tipologia,Onda de Frio,Comparação: sem dummies,11,84,Desastres → inadimplência,1,0.20844662991998447,0.6492248343492275,0.651598143644002,0.43946768122257446,1,80,83,0.17273835268642884,True,0.9168999854112312
Pré-pandemia (até jan/2020),Tipologia | Onda de Frio,Tipologia,Onda de Frio,Comparação: sem dummies,11,84,Inadimplência → desastres,1,6.15507411261045,0.015200644862535194,0.052267374212815576,0.03773421975588498,1,80,83,0.17273835268642884,True,0.16522440067973038
Pré-pandemia (até jan/2020),Tipologia | Onda de Frio,Tipologia,Onda de Frio,Comparação: sem dummies,11,84,Desastres → inadimplência,2,0.30473144466491436,0.7382064281797626,0.5422046905556669,0.28083730851070066,2,77,82,0.5775621341187465,True,0.9356186454536043
Pré-pandemia (até jan/2020),Tipologia | Onda de Frio,Tipologia,Onda de Frio,Comparação: sem dummies,11,84,Inadimplência → desastres,2,5.272928693117917,0.007142040439404434,0.06949671890647115,0.08672978237181735,2,77,82,0.5775621341187465,True,0.1464341857420591
Pré-pandemia (até jan/2020),Tipologia | Onda de Frio,Tipologia,Onda de Frio,Comparação: sem dummies,11,84,Desastres → inadimplência,3,1.0031869618502165,0.3963163142522818,0.014124438573570881,6.022098032740458e-07,3,74,81,0.745925418604903,True,0.8302941478018874
Pré-pandemia (até jan/2020),Tipologia | Onda de Frio,Tipologia,Onda de Frio,Comparação: sem dummies,11,84,Inadimplência → desastres,3,3.333033622512361,0.023965397874170104,0.14241767127056124,0.18425186503519222,3,74,81,0.745925418604903,True,0.19151418439276907
Pré-pandemia (até jan/2020),Tipologia | Onda de Frio,Tipologia,Onda de Frio,Comparação: sem dummies,11,84,Desastres → inadimplência,4,0.895529081077753,0.47131617875283105,0.040310354398343955,1.3974752267809202e-06,4,71,80,0.7980231445874115,True,0.8679979794748078
Pré-pandemia (até jan/2020),Tipologia | Onda de Frio,Tipologia,Onda de Frio,Comparação: sem dummies,11,84,Inadimplência → desastres,4,3.449430690561617,0.012388731611855969,0.16120980747959485,0.1406677493042361,4,71,80,0.7980231445874115,True,0.16331270176847915
Pré-pandemia (até jan/2020),Tipologia | Onda de Frio,Tipologia,Onda de Frio,Comparação: sem dummies,11,84,Desastres → inadimplência,5,2.4831158233606416,0.039918586492458795,0.005428490677775119,7.131991441404708e-09,5,68,79,0.8073292110214034,True,0.42648062491943156
Pré-pandemia (até jan/2020),Tipologia | Onda de Frio,Tipologia,Onda de Frio,Comparação: sem dummies,11,84,Inadimplência → desastres,5,2.5743580432790867,0.034211414314221554,0.2598019346757218,0.25229160035177317,5,68,79,0.8073292110214034,True,0.22339377987795594
Pré-pandemia (até jan/2020),Tipologia | Onda de Frio,Tipologia,Onda de Frio,Comparação: sem dummies,11,84,Desastres → inadimplência,6,1.8083751899290024,0.11119704288003793,0.0015616110442868275,1.832562214711697e-17,6,65,78,0.9469553009444288,True,0.5453141538059578
Pré-pandemia (até jan/2020),Tipologia | Onda de Frio,Tipologia,Onda de Frio,Comparação: sem dummies,11,84,Inadimplência → desastres,6,3.1413541087724104,0.009124096922715874,0.14478917180827014,0.25369859531167965,6,65,78,0.9469553009444288,True,0.15579806518550718
Pré-pandemia (até jan/2020),Tipologia | Onda de Frio,Tipologia,Onda de Frio,Comparação: sem dummies,11,84,Desastres → inadimplência,7,1.3693027128351845,0.23428246639926953,0.01272182594714546,1.1421226785900236e-11,7,62,77,0.9492992098685076,True,0.7132294285430795
Pré-pandemia (até jan/2020),Tipologia | Onda de Frio,Tipologia,Onda de Frio,Comparação: sem dummies,11,84,Inadimplência → desastres,7,2.7334697091326596,0.015412124771165547,0.2351891248552745,0.27257678370157234,7,62,77,0.9492992098685076,True,0.1660789307237667
Pré-pandemia (até jan/2020),Tipologia | Onda de Frio,Tipologia,Onda de Frio,Comparação: sem dummies,11,84,Desastres → inadimplência,8,1.1048940101310532,0.3731380168091413,0.15611799109194183,4.42814581122747e-09,8,59,76,0.9561816098681498,True,0.8106874740653794
Pré-pandemia (até jan/2020),Tipologia | Onda de Frio,Tipologia,Onda de Frio,Comparação: sem dummies,11,84,Inadimplência → desastres,8,2.4890316461668873,0.021251304494815864,0.2797029353416425,0.007636052219492631,8,59,76,0.9561816098681498,True,0.18042560956402565
Pré-pandemia (até jan/2020),Tipologia | Onda de Frio,Tipologia,Onda de Frio,Comparação: sem dummies,11,84,Desastres → inadimplência,9,0.9805870700160986,0.4660509126953476,0.2069247698595855,1.4571009003864314e-09,9,56,75,0.9326714204910096,True,0.8679979794748078
Pré-pandemia (até jan/2020),Tipologia | Onda de Frio,Tipologia,Onda de Frio,Comparação: sem dummies,11,84,Inadimplência → desastres,9,1.8700608466619864,0.07568824974364714,0.5020493293911841,0.09274973375502567,9,56,75,0.9326714204910096,True,0.3231313028630966
Pré-pandemia (até jan/2020),Tipologia | Onda de Frio,Tipologia,Onda de Frio,Comparação: sem dummies,11,84,Desastres → inadimplência,10,0.7137625445768486,0.7076430975434786,0.5169419128711352,6.112064637152958e-06,10,53,74,0.9391972972496222,True,0.9299407173443379
Pré-pandemia (até jan/2020),Tipologia | Onda de Frio,Tipologia,Onda de Frio,Comparação: sem dummies,11,84,Inadimplência → desastres,10,1.4897255575410806,0.169316921583016,0.572673052971391,0.11637355659003477,10,53,74,0.9391972972496222,True,0.44218221832224386
Pré-pandemia (até jan/2020),Tipologia | Onda de Frio,Tipologia,Onda de Frio,Comparação: sem dummies,11,84,Desastres → inadimplência,11,0.8980295423182153,0.5486847776091881,0.5629802712666963,6.883842822061595e-09,11,50,73,0.9391735157816044,True,0.8983689085754223
Pré-pandemia (até jan/2020),Tipologia | Onda de Frio,Tipologia,Onda de Frio,Comparação: sem dummies,11,84,Inadimplência → desastres,11,1.193101916846551,0.3160165002269697,0.7368809459085657,0.22082206302810808,11,50,73,0.9391735157816044,True,0.5819395601026106
Pré-pandemia (até jan/2020),Tipologia | Onda de Frio,Tipologia,Onda de Frio,Robustez: diferença sazonal,9,72,Desastres → inadimplência,1,1.0553790110449008,0.3079120182820492,0.30617851665025814,0.3237555018050464,1,68,71,0.10352201686780768,True,0.7759879492995192
Pré-pandemia (até jan/2020),Tipologia | Onda de Frio,Tipologia,Onda de Frio,Robustez: diferença sazonal,9,72,Inadimplência → desastres,1,3.9229217438990873,0.05167905805840768,0.050250441223992,0.04012710533960769,1,68,71,0.10352201686780768,True,0.26259683972768133
Pré-pandemia (até jan/2020),Tipologia | Onda de Frio,Tipologia,Onda de Frio,Robustez: diferença sazonal,9,72,Desastres → inadimplência,2,1.0156187504788317,0.36785264340780194,0.27292775551662135,0.3138583821987366,2,65,70,0.6561109416561272,True,0.810555774392804
Pré-pandemia (até jan/2020),Tipologia | Onda de Frio,Tipologia,Onda de Frio,Robustez: diferença sazonal,9,72,Inadimplência → desastres,2,2.2016825235350543,0.11880013509081401,0.1519994540286704,0.15821538881496822,2,65,70,0.6561109416561272,True,0.3788269613865243
Pré-pandemia (até jan/2020),Tipologia | Onda de Frio,Tipologia,Onda de Frio,Robustez: diferença sazonal,9,72,Desastres → inadimplência,3,0.47341373023437683,0.7019181116827379,0.6170462298095633,0.266289678818305,3,62,69,0.7962786004809831,True,0.9293183407137394
Pré-pandemia (até jan/2020),Tipologia | Onda de Frio,Tipologia,Onda de Frio,Robustez: diferença sazonal,9,72,Inadimplência → desastres,3,1.462440777865558,0.2334725563714747,0.2738185932428225,0.25066354548345576,3,62,69,0.7962786004809831,True,0.5120012201128831
Pré-pandemia (até jan/2020),Tipologia | Onda de Frio,Tipologia,Onda de Frio,Robustez: diferença sazonal,9,72,Desastres → inadimplência,4,1.2126701057531193,0.3150955039796133,0.30018833844611803,0.00013984211894002216,4,59,68,0.8107684250592168,True,0.7767560045564231
Pré-pandemia (até jan/2020),Tipologia | Onda de Frio,Tipologia,Onda de Frio,Robustez: diferença sazonal,9,72,Inadimplência → desastres,4,1.9036153987714908,0.12177189098926508,0.3087416949837478,0.31648706045883435,4,59,68,0.8107684250592168,True,0.381490886557848
Pré-pandemia (até jan/2020),Tipologia | Onda de Frio,Tipologia,Onda de Frio,Robustez: diferença sazonal,9,72,Desastres → inadimplência,5,1.5761714267518077,0.18178529587995038,0.20066835916825831,0.0016299692507213948,5,56,67,0.8333726460876661,True,0.653825799941562
Pré-pandemia (até jan/2020),Tipologia | Onda de Frio,Tipologia,Onda de Frio,Robustez: diferença sazonal,9,72,Inadimplência → desastres,5,1.5562333125232546,0.18751141786867564,0.4647953375392776,0.4624706864543776,5,56,67,0.8333726460876661,True,0.4602542937454006
Pré-pandemia (até jan/2020),Tipologia | Onda de Frio,Tipologia,Onda de Frio,Robustez: diferença sazonal,9,72,Desastres → inadimplência,6,1.1512074402824262,0.34631177864264945,0.3060684051191574,0.0025704226639900536,6,53,66,0.856623673387365,True,0.7957531678369703
Pré-pandemia (até jan/2020),Tipologia | Onda de Frio,Tipologia,Onda de Frio,Robustez: diferença sazonal,9,72,Inadimplência → desastres,6,2.414472224640979,0.03887598991666796,0.2390596705128323,0.005420833440255032,6,53,66,0.856623673387365,True,0.23697284092799306
Pré-pandemia (até jan/2020),Tipologia | Onda de Frio,Tipologia,Onda de Frio,Robustez: diferença sazonal,9,72,Desastres → inadimplência,7,1.814136376746912,0.10515030720738071,0.26793385388707736,6.13282385093901e-05,7,50,65,0.8910410308597783,True,0.5453141538059578
Pré-pandemia (até jan/2020),Tipologia | Onda de Frio,Tipologia,Onda de Frio,Robustez: diferença sazonal,9,72,Inadimplência → desastres,7,2.1348100769425393,0.05668338173417822,0.41140563050941814,0.0013300841378040063,7,50,65,0.8910410308597783,True,0.27430847673411135
Pré-pandemia (até jan/2020),Tipologia | Onda de Frio,Tipologia,Onda de Frio,Robustez: diferença sazonal,9,72,Desastres → inadimplência,8,1.9078261210889913,0.08106827092685687,0.19710018424097847,3.598341691389196e-07,8,47,64,0.9167056124044468,True,0.5310609721939257
Pré-pandemia (até jan/2020),Tipologia | Onda de Frio,Tipologia,Onda de Frio,Robustez: diferença sazonal,9,72,Inadimplência → desastres,8,1.7902621808501573,0.102934467799412,0.47066243618406245,0.00013407420909401094,8,47,64,0.9167056124044468,True,0.36244530915285916
Pré-pandemia (até jan/2020),Tipologia | Onda de Frio,Tipologia,Onda de Frio,Robustez: diferença sazonal,9,72,Desastres → inadimplência,9,1.7329811632820968,0.10992868164726424,0.2681559506484293,3.7798361887959964e-06,9,44,63,0.9337509377141291,True,0.5453141538059578
Pré-pandemia (até jan/2020),Tipologia | Onda de Frio,Tipologia,Onda de Frio,Robustez: diferença sazonal,9,72,Inadimplência → desastres,9,1.2415332856857915,0.29546677152833023,0.48249814235702304,1.8910296170336926e-05,9,44,63,0.9337509377141291,True,0.5621668943154214
Pré-pandemia (até jan/2020),Tipologia | Outros,Tipologia,Outros,Principal: 11 dummies,6,84,Desastres → inadimplência,1,1.6833342975415753,0.19880311459053368,0.24999370135038665,0.09124329534650297,1,69,83,0.40642740176151293,True,0.6716321438869381
Pré-pandemia (até jan/2020),Tipologia | Outros,Tipologia,Outros,Principal: 11 dummies,6,84,Inadimplência → desastres,1,1.380984177388888,0.243972896490751,0.22654417952595252,0.09532052287085399,1,69,83,0.40642740176151293,True,0.5248986585429238
Pré-pandemia (até jan/2020),Tipologia | Outros,Tipologia,Outros,Principal: 11 dummies,6,84,Desastres → inadimplência,2,2.9769784422403087,0.05782895971879953,0.08934505405267797,0.06419114024165401,2,66,82,0.6400389256962176,True,0.48081286519693056
Pré-pandemia (até jan/2020),Tipologia | Outros,Tipologia,Outros,Principal: 11 dummies,6,84,Inadimplência → desastres,2,1.287326728811433,0.2828462081775497,0.30962586608969855,0.19022634631561983,2,66,82,0.6400389256962176,True,0.5594268357942043
Pré-pandemia (até jan/2020),Tipologia | Outros,Tipologia,Outros,Principal: 11 dummies,6,84,Desastres → inadimplência,3,1.5362186562828037,0.21383474860650425,0.2462500347614031,0.03254906266464079,3,63,81,0.8482706549132559,True,0.699721036016048
Pré-pandemia (até jan/2020),Tipologia | Outros,Tipologia,Outros,Principal: 11 dummies,6,84,Inadimplência → desastres,3,1.4267197756471675,0.24332835327064817,0.23988344685768512,0.011719841075593072,3,63,81,0.8482706549132559,True,0.5248986585429238
Pré-pandemia (até jan/2020),Tipologia | Outros,Tipologia,Outros,Principal: 11 dummies,6,84,Desastres → inadimplência,4,3.374364611211773,0.01478788198385943,0.0835938405406231,0.002763176281505882,4,60,80,0.8256815678862637,True,0.3175083365497919
Pré-pandemia (até jan/2020),Tipologia | Outros,Tipologia,Outros,Principal: 11 dummies,6,84,Inadimplência → desastres,4,1.252353611515403,0.2987453913943402,0.4370310209480438,0.035485138801415565,4,60,80,0.8256815678862637,True,0.5640099707833236
Pré-pandemia (até jan/2020),Tipologia | Outros,Tipologia,Outros,Principal: 11 dummies,6,84,Desastres → inadimplência,5,3.294854152929152,0.011066649414297395,0.08048540242874817,0.0007184472910326284,5,57,79,0.8505191367976829,True,0.30598466858609275
Pré-pandemia (até jan/2020),Tipologia | Outros,Tipologia,Outros,Principal: 11 dummies,6,84,Inadimplência → desastres,5,1.192545078494921,0.32438046962948636,0.28355395495546243,0.00011818312253504891,5,57,79,0.8505191367976829,True,0.5876457783142869
Pré-pandemia (até jan/2020),Tipologia | Outros,Tipologia,Outros,Principal: 11 dummies,6,84,Desastres → inadimplência,6,3.7563846120284623,0.003391040021817106,0.04539518137337399,2.0566047436917212e-08,6,54,78,0.8774032719523579,True,0.24297138248024852
Pré-pandemia (até jan/2020),Tipologia | Outros,Tipologia,Outros,Principal: 11 dummies,6,84,Inadimplência → desastres,6,0.9667459133174332,0.4565068799126166,0.40844118437557003,0.0008147917564316367,6,54,78,0.8774032719523579,True,0.689881599816553
Pré-pandemia (até jan/2020),Tipologia | Outros,Tipologia,Outros,Comparação: sem dummies,11,84,Desastres → inadimplência,1,0.04621703169295523,0.8303288641502322,0.804129828435201,0.7885295414407657,1,80,83,0.4276520981365357,True,0.9635776473725449
Pré-pandemia (até jan/2020),Tipologia | Outros,Tipologia,Outros,Comparação: sem dummies,11,84,Inadimplência → desastres,1,6.676335434657027e-05,0.9935009914555046,0.9938467316763062,0.9948999956298583,1,80,83,0.4276520981365357,True,0.9966904007378657
Pré-pandemia (até jan/2020),Tipologia | Outros,Tipologia,Outros,Comparação: sem dummies,11,84,Desastres → inadimplência,2,1.13985950018586,0.32520108496149186,0.29855701851048244,0.13953593321097274,2,77,82,0.6126788399306708,True,0.7875798979986969
Pré-pandemia (até jan/2020),Tipologia | Outros,Tipologia,Outros,Comparação: sem dummies,11,84,Inadimplência → desastres,2,0.29835182065957705,0.7428941295014488,0.7866099208887423,0.497255574355714,2,77,82,0.6126788399306708,True,0.8596939379919245
Pré-pandemia (até jan/2020),Tipologia | Outros,Tipologia,Outros,Comparação: sem dummies,11,84,Desastres → inadimplência,3,0.7845436442065642,0.5063227348227421,0.4630516916390949,0.07270547796778358,3,74,81,0.7167137738586645,True,0.8754569642361758
Pré-pandemia (até jan/2020),Tipologia | Outros,Tipologia,Outros,Comparação: sem dummies,11,84,Inadimplência → desastres,3,0.4232042513165231,0.7369145319045654,0.6927075964302682,0.18948967903136316,3,74,81,0.7167137738586645,True,0.8567683834729264
Pré-pandemia (até jan/2020),Tipologia | Outros,Tipologia,Outros,Comparação: sem dummies,11,84,Desastres → inadimplência,4,1.8042754412325228,0.1375486481941033,0.32154685798360455,0.03410544239780103,4,71,80,0.7756450221224962,True,0.6011741616875145
Pré-pandemia (até jan/2020),Tipologia | Outros,Tipologia,Outros,Comparação: sem dummies,11,84,Inadimplência → desastres,4,0.6382354893796417,0.6369365473563213,0.5732005380394969,0.0331810907671823,4,71,80,0.7756450221224962,True,0.8017831663599211
Pré-pandemia (até jan/2020),Tipologia | Outros,Tipologia,Outros,Comparação: sem dummies,11,84,Desastres → inadimplência,5,2.1642430256340104,0.06822590380665447,0.05792819912878501,9.86205126291163e-06,5,68,79,0.8606818965332867,True,0.495827789292547
Pré-pandemia (até jan/2020),Tipologia | Outros,Tipologia,Outros,Comparação: sem dummies,11,84,Inadimplência → desastres,5,0.4656573834871429,0.8004855223320327,0.6945360698899108,0.04934829332075941,5,68,79,0.8606818965332867,True,0.891012380155869
Pré-pandemia (até jan/2020),Tipologia | Outros,Tipologia,Outros,Comparação: sem dummies,11,84,Desastres → inadimplência,6,2.781635854617685,0.018053904757369777,0.0413223547461605,1.1031480369260715e-09,6,65,78,0.9337210765890037,True,0.323410687130845
Pré-pandemia (até jan/2020),Tipologia | Outros,Tipologia,Outros,Comparação: sem dummies,11,84,Inadimplência → desastres,6,0.30649422217093597,0.9313826440185852,0.8873412703247151,0.09629242064135479,6,65,78,0.9337210765890037,True,0.9661645684840096
Pré-pandemia (até jan/2020),Tipologia | Outros,Tipologia,Outros,Comparação: sem dummies,11,84,Desastres → inadimplência,7,2.3842325483643467,0.031691045414969574,0.10250117350211745,2.523901682141972e-07,7,62,77,0.9487721179999195,True,0.3905139274872028
Pré-pandemia (até jan/2020),Tipologia | Outros,Tipologia,Outros,Comparação: sem dummies,11,84,Inadimplência → desastres,7,0.3104247056646554,0.9466267007930007,0.9245280533609653,0.2772353566530741,7,62,77,0.9487721179999195,True,0.9730948815717524
Pré-pandemia (até jan/2020),Tipologia | Outros,Tipologia,Outros,Comparação: sem dummies,11,84,Desastres → inadimplência,8,2.2357493533553763,0.03714455953039679,0.12612860866781034,6.281137468053586e-13,8,59,76,0.959195606031326,True,0.4182945893062701
Pré-pandemia (até jan/2020),Tipologia | Outros,Tipologia,Outros,Comparação: sem dummies,11,84,Inadimplência → desastres,8,0.2644335079630468,0.9749039185184579,0.9495773928008857,0.3605309655107262,8,59,76,0.959195606031326,True,0.9875444879644023
Pré-pandemia (até jan/2020),Tipologia | Outros,Tipologia,Outros,Comparação: sem dummies,11,84,Desastres → inadimplência,9,1.9698116596310102,0.060345751030415874,0.18593003723324514,6.983443460295144e-12,9,56,75,0.9400769525981626,True,0.48100491439058674
Pré-pandemia (até jan/2020),Tipologia | Outros,Tipologia,Outros,Comparação: sem dummies,11,84,Inadimplência → desastres,9,0.4434200120939194,0.9053328848435162,0.9081258352088902,0.005836667980785948,9,56,75,0.9400769525981626,True,0.9517797359582801
Pré-pandemia (até jan/2020),Tipologia | Outros,Tipologia,Outros,Comparação: sem dummies,11,84,Desastres → inadimplência,10,1.7808864836074059,0.08709399943980381,0.24558752825088193,1.23315200094363e-10,10,53,74,0.9772731314224344,True,0.5310609721939257
Pré-pandemia (até jan/2020),Tipologia | Outros,Tipologia,Outros,Comparação: sem dummies,11,84,Inadimplência → desastres,10,0.7542056793318946,0.6709138256995395,0.26003866765207273,2.0243647081583714e-06,10,53,74,0.9772731314224344,True,0.8234011880729719
Pré-pandemia (até jan/2020),Tipologia | Outros,Tipologia,Outros,Comparação: sem dummies,11,84,Desastres → inadimplência,11,1.7873907538531502,0.08152287710818668,0.2478462101144583,1.0575191113843135e-10,11,50,73,0.974973721307196,True,0.5310609721939257
Pré-pandemia (até jan/2020),Tipologia | Outros,Tipologia,Outros,Comparação: sem dummies,11,84,Inadimplência → desastres,11,0.923828699371725,0.52552153729573,0.3667952514206741,1.1409070229001097e-06,11,50,73,0.974973721307196,True,0.7354766420422758
Pré-pandemia (até jan/2020),Tipologia | Outros,Tipologia,Outros,Robustez: diferença sazonal,9,72,Desastres → inadimplência,1,1.2810155458708634,0.26168587427661666,0.2708337158118637,0.06323635036923801,1,68,71,0.4336030130465633,True,0.7443969400292597
Pré-pandemia (até jan/2020),Tipologia | Outros,Tipologia,Outros,Robustez: diferença sazonal,9,72,Inadimplência → desastres,1,5.155968554936238,0.026338420391361212,0.04430868712266213,0.005337551659318486,1,68,71,0.4336030130465633,True,0.1995334878133425
Pré-pandemia (até jan/2020),Tipologia | Outros,Tipologia,Outros,Robustez: diferença sazonal,9,72,Desastres → inadimplência,2,1.9356185136613064,0.1525642833836555,0.21133971287255088,0.06972272798175624,2,65,70,0.6892525463160826,True,0.6249699452648108
Pré-pandemia (até jan/2020),Tipologia | Outros,Tipologia,Outros,Robustez: diferença sazonal,9,72,Inadimplência → desastres,2,4.787666122233592,0.011490533469289875,0.02948994470997498,0.00037094097551830263,2,65,70,0.6892525463160826,True,0.16331270176847915
Pré-pandemia (até jan/2020),Tipologia | Outros,Tipologia,Outros,Robustez: diferença sazonal,9,72,Desastres → inadimplência,3,0.7384017860417741,0.5331441294613695,0.5941458056299549,0.11897884340032455,3,62,69,0.7892067609785802,True,0.8897598956297889
Pré-pandemia (até jan/2020),Tipologia | Outros,Tipologia,Outros,Robustez: diferença sazonal,9,72,Inadimplência → desastres,3,4.1646998294811,0.009428785282662019,0.033524042852755204,9.931226683872884e-07,3,62,69,0.7892067609785802,True,0.15579806518550718
Pré-pandemia (até jan/2020),Tipologia | Outros,Tipologia,Outros,Robustez: diferença sazonal,9,72,Desastres → inadimplência,4,2.963069091305011,0.026798065669722496,0.06966068326728947,0.0012130668029588256,4,59,68,0.7960490002876465,True,0.3855517318952533
Pré-pandemia (até jan/2020),Tipologia | Outros,Tipologia,Outros,Robustez: diferença sazonal,9,72,Inadimplência → desastres,4,3.5746339721668634,0.011205347060590587,0.042676631370198545,1.1537009322861239e-05,4,59,68,0.7960490002876465,True,0.16286841657835155
Pré-pandemia (até jan/2020),Tipologia | Outros,Tipologia,Outros,Robustez: diferença sazonal,9,72,Desastres → inadimplência,5,2.809833759476746,0.02471217791731343,0.08126686276730971,0.0009682761778357786,5,56,67,0.9064054357600133,True,0.3755364801837274
Pré-pandemia (até jan/2020),Tipologia | Outros,Tipologia,Outros,Robustez: diferença sazonal,9,72,Inadimplência → desastres,5,3.310895558625877,0.010890365786937412,0.03178752432300664,6.467659055088288e-09,5,56,67,0.9064054357600133,True,0.1622269276534126
Pré-pandemia (até jan/2020),Tipologia | Outros,Tipologia,Outros,Robustez: diferença sazonal,9,72,Desastres → inadimplência,6,3.678701130359472,0.00396553180584414,0.019205536250266372,2.3255843321601684e-08,6,53,66,0.9090566691900799,True,0.24297138248024852
Pré-pandemia (até jan/2020),Tipologia | Outros,Tipologia,Outros,Robustez: diferença sazonal,9,72,Inadimplência → desastres,6,2.362011001831815,0.04275086103977133,0.08698699248534802,4.4519455657980484e-07,6,53,66,0.9090566691900799,True,0.24541153406639166
Pré-pandemia (até jan/2020),Tipologia | Outros,Tipologia,Outros,Robustez: diferença sazonal,9,72,Desastres → inadimplência,7,3.2947462016667193,0.0058576810372499176,0.013579491825788785,6.99551050177437e-11,7,50,65,0.9389840837565246,True,0.2525437098718977
Pré-pandemia (até jan/2020),Tipologia | Outros,Tipologia,Outros,Robustez: diferença sazonal,9,72,Inadimplência → desastres,7,2.0811536764690257,0.06291272239260982,0.2175771596492234,1.914859905560937e-06,7,50,65,0.9389840837565246,True,0.28408817513613505
Pré-pandemia (até jan/2020),Tipologia | Outros,Tipologia,Outros,Robustez: diferença sazonal,9,72,Desastres → inadimplência,8,2.3853931337809695,0.03018972496404918,0.05285823136703256,8.140062144500809e-10,8,47,64,0.9479385170954592,True,0.3905139274872028
Pré-pandemia (até jan/2020),Tipologia | Outros,Tipologia,Outros,Robustez: diferença sazonal,9,72,Inadimplência → desastres,8,1.8402448953330186,0.0930269607471145,0.2684987340194867,1.8928142288711676e-05,8,47,64,0.9479385170954592,True,0.35169339334534155
Pré-pandemia (até jan/2020),Tipologia | Outros,Tipologia,Outros,Robustez: diferença sazonal,9,72,Desastres → inadimplência,9,2.083512237423058,0.05191618608890285,0.10454418969619973,9.933078495260988e-12,9,44,63,0.9623628921521349,True,0.46687217705847894
Pré-pandemia (até jan/2020),Tipologia | Outros,Tipologia,Outros,Robustez: diferença sazonal,9,72,Inadimplência → desastres,9,1.3415885118579598,0.24394563117752735,0.41276035619496365,0.0004219603190324955,9,44,63,0.9623628921521349,True,0.5248986585429238
Pré-pandemia (até jan/2020),Tipologia | Tornado,Tipologia,Tornado,Principal: 11 dummies,6,84,Desastres → inadimplência,1,0.7564680531495099,0.38745172010087364,0.43243768290362483,0.129662518633871,1,69,83,0.5790270593455702,True,0.8222659594670493
Pré-pandemia (até jan/2020),Tipologia | Tornado,Tipologia,Tornado,Principal: 11 dummies,6,84,Inadimplência → desastres,1,0.18761555959405232,0.6662596605917109,0.7048726419778152,0.6553071719832547,1,69,83,0.5790270593455702,True,0.8208915018137015
Pré-pandemia (até jan/2020),Tipologia | Tornado,Tipologia,Tornado,Principal: 11 dummies,6,84,Desastres → inadimplência,2,0.9370632587720787,0.3969259592859426,0.4497187491256106,0.20119958044550285,2,66,82,0.5843751885675775,True,0.8302941478018874
Pré-pandemia (até jan/2020),Tipologia | Tornado,Tipologia,Tornado,Principal: 11 dummies,6,84,Inadimplência → desastres,2,0.5799586595626924,0.562749127502787,0.5400672769056348,0.15622291225744353,2,66,82,0.5843751885675775,True,0.7617488551447619
Pré-pandemia (até jan/2020),Tipologia | Tornado,Tipologia,Tornado,Principal: 11 dummies,6,84,Desastres → inadimplência,3,1.0972881481513646,0.3569439070437974,0.37942068127143314,0.15007957766382862,3,63,81,0.8384972675196896,True,0.8069713964343528
Pré-pandemia (até jan/2020),Tipologia | Tornado,Tipologia,Tornado,Principal: 11 dummies,6,84,Inadimplência → desastres,3,0.7105064458665737,0.5493405466651351,0.6147194611655393,0.1671971645998883,3,63,81,0.8384972675196896,True,0.7524441626464355
Pré-pandemia (até jan/2020),Tipologia | Tornado,Tipologia,Tornado,Principal: 11 dummies,6,84,Desastres → inadimplência,4,0.7740345710964796,0.5464130427392293,0.5067926037562223,0.12557689247267084,4,60,80,0.8346712897061916,True,0.8980501543719078
Pré-pandemia (até jan/2020),Tipologia | Tornado,Tipologia,Tornado,Principal: 11 dummies,6,84,Inadimplência → desastres,4,1.002602412527873,0.4133781611642806,0.22446673744757772,7.00415148883825e-05,4,60,80,0.8346712897061916,True,0.6629016245449223
Pré-pandemia (até jan/2020),Tipologia | Tornado,Tipologia,Tornado,Principal: 11 dummies,6,84,Desastres → inadimplência,5,0.5778751219744459,0.7166851074445753,0.6770061314985194,0.0963600728232694,5,57,79,0.7922801002589772,True,0.9299407173443379
Pré-pandemia (até jan/2020),Tipologia | Tornado,Tipologia,Tornado,Principal: 11 dummies,6,84,Inadimplência → desastres,5,1.0070022947230168,0.4220464655292722,0.37677813012282646,0.0017020424057851455,5,57,79,0.7922801002589772,True,0.6703406377529736
Pré-pandemia (até jan/2020),Tipologia | Tornado,Tipologia,Tornado,Principal: 11 dummies,6,84,Desastres → inadimplência,6,0.5015519342626571,0.8044249027898882,0.8609564085701562,0.27903853414641383,6,54,78,0.8562704498852829,True,0.9578109280787415
Pré-pandemia (até jan/2020),Tipologia | Tornado,Tipologia,Tornado,Principal: 11 dummies,6,84,Inadimplência → desastres,6,1.0739508105202924,0.3895880167551734,0.5194824181557899,0.0029612374499875652,6,54,78,0.8562704498852829,True,0.6481640287000038
Pré-pandemia (até jan/2020),Tipologia | Tornado,Tipologia,Tornado,Comparação: sem dummies,11,84,Desastres → inadimplência,1,0.5645242163107684,0.45464771581213576,0.4147609353811548,0.14368361894961007,1,80,83,0.546597420254459,True,0.8571789513803465
Pré-pandemia (até jan/2020),Tipologia | Tornado,Tipologia,Tornado,Comparação: sem dummies,11,84,Inadimplência → desastres,1,0.09137562081952022,0.7632200799984131,0.7876892485221771,0.7603463870455712,1,80,83,0.546597420254459,True,0.8747824571937884
Pré-pandemia (até jan/2020),Tipologia | Tornado,Tipologia,Tornado,Comparação: sem dummies,11,84,Desastres → inadimplência,2,0.2395166600254261,0.7875923118401463,0.7405978682999728,0.15422168760873345,2,77,82,0.5480062601943657,True,0.9528515418865274
Pré-pandemia (até jan/2020),Tipologia | Tornado,Tipologia,Tornado,Comparação: sem dummies,11,84,Inadimplência → desastres,2,0.2984564462529782,0.742817005565816,0.7556764365556369,0.28307771730111564,2,77,82,0.5480062601943657,True,0.8596939379919245
Pré-pandemia (até jan/2020),Tipologia | Tornado,Tipologia,Tornado,Comparação: sem dummies,11,84,Desastres → inadimplência,3,0.4046965445282316,0.7500515130487454,0.6195885721880581,0.3194083048618731,3,74,81,0.7203725647673594,True,0.9408908048124082
Pré-pandemia (até jan/2020),Tipologia | Tornado,Tipologia,Tornado,Comparação: sem dummies,11,84,Inadimplência → desastres,3,0.22494830177563155,0.8787645463942007,0.8616877507512632,0.34021344443774426,3,74,81,0.7203725647673594,True,0.9372488762736781
Pré-pandemia (até jan/2020),Tipologia | Tornado,Tipologia,Tornado,Comparação: sem dummies,11,84,Desastres → inadimplência,4,0.42067468121041796,0.7932077243459722,0.6699761325987732,0.06055485270164226,4,71,80,0.8162477336731214,True,0.9552116140967873
Pré-pandemia (até jan/2020),Tipologia | Tornado,Tipologia,Tornado,Comparação: sem dummies,11,84,Inadimplência → desastres,4,0.8928578712701116,0.47287149001700846,0.4023281419138256,0.06802356572830652,4,71,80,0.8162477336731214,True,0.7028410969337224
Pré-pandemia (até jan/2020),Tipologia | Tornado,Tipologia,Tornado,Comparação: sem dummies,11,84,Desastres → inadimplência,5,0.6067838130683261,0.6949176617353701,0.6913183384123958,0.022575219994163346,5,68,79,0.8333689554036223,True,0.9288097734132648
Pré-pandemia (até jan/2020),Tipologia | Tornado,Tipologia,Tornado,Comparação: sem dummies,11,84,Inadimplência → desastres,5,0.650942756220659,0.6617365379690601,0.6040313938660328,0.004041295865577944,5,68,79,0.8333689554036223,True,0.8165554515906467
Pré-pandemia (até jan/2020),Tipologia | Tornado,Tipologia,Tornado,Comparação: sem dummies,11,84,Desastres → inadimplência,6,0.2945246315448673,0.937427072428163,0.9401424374470158,0.06448228196230466,6,65,78,0.9421426566909574,True,0.9899358849372114
Pré-pandemia (até jan/2020),Tipologia | Tornado,Tipologia,Tornado,Comparação: sem dummies,11,84,Inadimplência → desastres,6,0.5945705875749517,0.733526208325509,0.6964350838983948,0.0026078663659754317,6,65,78,0.9421426566909574,True,0.8561230255899964
Pré-pandemia (até jan/2020),Tipologia | Tornado,Tipologia,Tornado,Comparação: sem dummies,11,84,Desastres → inadimplência,7,0.3891860436151313,0.9052613965275496,0.8575509453880918,0.07999561945079812,7,62,77,0.9588437631089016,True,0.981295751603096
Pré-pandemia (até jan/2020),Tipologia | Tornado,Tipologia,Tornado,Comparação: sem dummies,11,84,Inadimplência → desastres,7,0.8942061214475558,0.5167177940459116,0.5057201941174359,0.001908774929292367,7,62,77,0.9588437631089016,True,0.7339741392697607
Pré-pandemia (até jan/2020),Tipologia | Tornado,Tipologia,Tornado,Comparação: sem dummies,11,84,Desastres → inadimplência,8,0.44636216945651525,0.8880519219660671,0.835198268226855,0.007468236904804999,8,59,76,0.9658425163326466,True,0.976515560155759
Pré-pandemia (até jan/2020),Tipologia | Tornado,Tipologia,Tornado,Comparação: sem dummies,11,84,Inadimplência → desastres,8,0.763915855198818,0.6355407075232166,0.497937363644839,0.0022310858045525793,8,59,76,0.9658425163326466,True,0.8008325447621176
Pré-pandemia (até jan/2020),Tipologia | Tornado,Tipologia,Tornado,Comparação: sem dummies,11,84,Desastres → inadimplência,9,0.49753475624014765,0.8699771052348333,0.8281500795118981,0.03505412497767046,9,56,75,0.9626179294838736,True,0.9745223741010597
Pré-pandemia (até jan/2020),Tipologia | Tornado,Tipologia,Tornado,Comparação: sem dummies,11,84,Inadimplência → desastres,9,0.913027474158063,0.5207116950094632,0.3750487499696718,0.000689468359144336,9,56,75,0.9626179294838736,True,0.7348114506003489
Pré-pandemia (até jan/2020),Tipologia | Tornado,Tipologia,Tornado,Comparação: sem dummies,11,84,Desastres → inadimplência,10,0.4632419224958299,0.9061278172620278,0.920092975795486,0.006799115645914856,10,53,74,0.9647642980840856,True,0.981295751603096
Pré-pandemia (até jan/2020),Tipologia | Tornado,Tipologia,Tornado,Comparação: sem dummies,11,84,Inadimplência → desastres,10,0.861321724065324,0.5738054682927197,0.6365407673214026,0.0035151402910715206,10,53,74,0.9647642980840856,True,0.767943463773648
Pré-pandemia (até jan/2020),Tipologia | Tornado,Tipologia,Tornado,Comparação: sem dummies,11,84,Desastres → inadimplência,11,0.4729575562132314,0.9112555041295172,0.9380888335014703,0.019332245277576387,11,50,73,0.9678388256612795,True,0.981295751603096
Pré-pandemia (até jan/2020),Tipologia | Tornado,Tipologia,Tornado,Comparação: sem dummies,11,84,Inadimplência → desastres,11,0.7521464222415133,0.6841228532962584,0.809756687238879,0.010728568204936017,11,50,73,0.9678388256612795,True,0.8326714377997303
Pré-pandemia (até jan/2020),Tipologia | Tornado,Tipologia,Tornado,Robustez: diferença sazonal,9,72,Desastres → inadimplência,1,0.3975726769315815,0.5304589174997982,0.5625329743191522,0.3981251457910697,1,68,71,0.607747246742488,True,0.8891569665946155
Pré-pandemia (até jan/2020),Tipologia | Tornado,Tipologia,Tornado,Robustez: diferença sazonal,9,72,Inadimplência → desastres,1,0.2106503627951726,0.6477218682502521,0.6921840586553045,0.6240741902790586,1,68,71,0.607747246742488,True,0.8080362627872407
Pré-pandemia (até jan/2020),Tipologia | Tornado,Tipologia,Tornado,Robustez: diferença sazonal,9,72,Desastres → inadimplência,2,1.7919209231333915,0.17477338212997634,0.22392019434139335,0.35827520785757544,2,65,70,0.6013744967847396,True,0.6458395860626522
Pré-pandemia (até jan/2020),Tipologia | Tornado,Tipologia,Tornado,Robustez: diferença sazonal,9,72,Inadimplência → desastres,2,1.2964020102987495,0.2804910707526006,0.27755566098279877,0.08255008137054894,2,65,70,0.6013744967847396,True,0.5565299022869059
Pré-pandemia (até jan/2020),Tipologia | Tornado,Tipologia,Tornado,Robustez: diferença sazonal,9,72,Desastres → inadimplência,3,1.9761359020504616,0.12677735280369515,0.12204888932071281,0.027902169702719092,3,62,69,0.7786610594502742,True,0.569031081976568
Pré-pandemia (até jan/2020),Tipologia | Tornado,Tipologia,Tornado,Robustez: diferença sazonal,9,72,Inadimplência → desastres,3,1.4804745482274855,0.22856382744462775,0.20511465071969973,0.0015913978201141225,3,62,69,0.7786610594502742,True,0.5090840908045676
Pré-pandemia (até jan/2020),Tipologia | Tornado,Tipologia,Tornado,Robustez: diferença sazonal,9,72,Desastres → inadimplência,4,1.3677753905601593,0.2560677779354742,0.2797936630787978,0.06723675695590248,4,59,68,0.8142878976450912,True,0.7332582784064432
Pré-pandemia (até jan/2020),Tipologia | Tornado,Tipologia,Tornado,Robustez: diferença sazonal,9,72,Inadimplência → desastres,4,1.5780195198332618,0.19204466859543112,0.11851816083488127,0.003717697559091197,4,59,68,0.8142878976450912,True,0.4643246339347948
Pré-pandemia (até jan/2020),Tipologia | Tornado,Tipologia,Tornado,Robustez: diferença sazonal,9,72,Desastres → inadimplência,5,1.0018565328052582,0.42521907570614453,0.458342651775698,0.01587666724735138,5,56,67,0.7933316766207034,True,0.8450299596703985
Pré-pandemia (até jan/2020),Tipologia | Tornado,Tipologia,Tornado,Robustez: diferença sazonal,9,72,Inadimplência → desastres,5,1.1934517403127232,0.3241998497132392,0.22086417440096337,0.004126863373236368,5,56,67,0.7933316766207034,True,0.5876457783142869
Pré-pandemia (até jan/2020),Tipologia | Tornado,Tipologia,Tornado,Robustez: diferença sazonal,9,72,Desastres → inadimplência,6,0.8909397201403847,0.5082819787050733,0.5808995264818597,0.02384315078195573,6,53,66,0.8222564416455183,True,0.8754569642361758
Pré-pandemia (até jan/2020),Tipologia | Tornado,Tipologia,Tornado,Robustez: diferença sazonal,9,72,Inadimplência → desastres,6,1.3322541683747906,0.2593841129320754,0.3142032815156197,0.013224327270348002,6,53,66,0.8222564416455183,True,0.5412857114609253
Pré-pandemia (até jan/2020),Tipologia | Tornado,Tipologia,Tornado,Robustez: diferença sazonal,9,72,Desastres → inadimplência,7,0.6859744091118056,0.6832291356009574,0.7609114529207399,0.15645975041939644,7,50,65,0.8859071685007627,True,0.9235504512733719
Pré-pandemia (até jan/2020),Tipologia | Tornado,Tipologia,Tornado,Robustez: diferença sazonal,9,72,Inadimplência → desastres,7,1.1662194765505574,0.33883351907405856,0.4794731178043339,0.00024023821471151141,7,50,65,0.8859071685007627,True,0.5994359738386545
Pré-pandemia (até jan/2020),Tipologia | Tornado,Tipologia,Tornado,Robustez: diferença sazonal,9,72,Desastres → inadimplência,8,0.705117033752093,0.6854301702661442,0.7408344197046919,0.15663446228151492,8,47,64,0.8845638305094906,True,0.9252567093225488
Pré-pandemia (até jan/2020),Tipologia | Tornado,Tipologia,Tornado,Robustez: diferença sazonal,9,72,Inadimplência → desastres,8,1.744396087075652,0.11289789821410352,0.2565355910477304,9.728866122564275e-08,8,47,64,0.8845638305094906,True,0.37368827197657495
Pré-pandemia (até jan/2020),Tipologia | Tornado,Tipologia,Tornado,Robustez: diferença sazonal,9,72,Desastres → inadimplência,9,0.5201286033728342,0.8520047914993618,0.874576467232532,0.1088739468788992,9,44,63,0.9082986313474934,True,0.9706013342207827
Pré-pandemia (até jan/2020),Tipologia | Tornado,Tipologia,Tornado,Robustez: diferença sazonal,9,72,Inadimplência → desastres,9,1.5113558855249556,0.1739726093752231,0.4298218479946984,7.351318541479382e-07,9,44,63,0.9082986313474934,True,0.44691975606310386
Pré-pandemia (até jan/2020),Tipologia | Vendavais e Ciclones,Tipologia,Vendavais e Ciclones,Principal: 11 dummies,6,84,Desastres → inadimplência,1,0.39576820094882764,0.5313602032369422,0.5425998918272232,0.2819402387489751,1,69,83,0.6143220772757194,True,0.8891569665946155
Pré-pandemia (até jan/2020),Tipologia | Vendavais e Ciclones,Tipologia,Vendavais e Ciclones,Principal: 11 dummies,6,84,Inadimplência → desastres,1,1.2265226005957321,0.27193020676458024,0.42539592697291173,0.2952753627893564,1,69,83,0.6143220772757194,True,0.5522152457799396
Pré-pandemia (até jan/2020),Tipologia | Vendavais e Ciclones,Tipologia,Vendavais e Ciclones,Principal: 11 dummies,6,84,Desastres → inadimplência,2,2.1995422950092105,0.118915503069461,0.11825520127155621,0.0020875610522205954,2,66,82,0.7254209580353924,True,0.5499063072187579
Pré-pandemia (até jan/2020),Tipologia | Vendavais e Ciclones,Tipologia,Vendavais e Ciclones,Principal: 11 dummies,6,84,Inadimplência → desastres,2,1.116173913742751,0.3336333588502152,0.5743583912885871,0.35531623043164023,2,66,82,0.7254209580353924,True,0.5957156012264245
Pré-pandemia (até jan/2020),Tipologia | Vendavais e Ciclones,Tipologia,Vendavais e Ciclones,Principal: 11 dummies,6,84,Desastres → inadimplência,3,1.6058815671931819,0.19689386958927285,0.1986948618981203,0.003513095342647781,3,63,81,0.8631910321507575,True,0.6716321438869381
Pré-pandemia (até jan/2020),Tipologia | Vendavais e Ciclones,Tipologia,Vendavais e Ciclones,Principal: 11 dummies,6,84,Inadimplência → desastres,3,0.6681048888544393,0.5747745504278545,0.8102396655610246,0.571290985641769,3,63,81,0.8631910321507575,True,0.767943463773648
Pré-pandemia (até jan/2020),Tipologia | Vendavais e Ciclones,Tipologia,Vendavais e Ciclones,Principal: 11 dummies,6,84,Desastres → inadimplência,4,1.4606490188112575,0.22545313472569647,0.23791256659555662,2.3838822278724615e-06,4,60,80,0.8164022714838488,True,0.7132294285430795
Pré-pandemia (até jan/2020),Tipologia | Vendavais e Ciclones,Tipologia,Vendavais e Ciclones,Principal: 11 dummies,6,84,Inadimplência → desastres,4,1.5743099231444564,0.19278972682354148,0.46739865563836913,0.018637386145408677,4,60,80,0.8164022714838488,True,0.4652261747672333
Pré-pandemia (até jan/2020),Tipologia | Vendavais e Ciclones,Tipologia,Vendavais e Ciclones,Principal: 11 dummies,6,84,Desastres → inadimplência,5,1.6175353550362788,0.17009696957442574,0.21487374662300154,1.4527930223355546e-06,5,57,79,0.8038681026891558,True,0.6458395860626522
Pré-pandemia (até jan/2020),Tipologia | Vendavais e Ciclones,Tipologia,Vendavais e Ciclones,Principal: 11 dummies,6,84,Inadimplência → desastres,5,1.228355271666696,0.30782341721202955,0.6544727159645405,0.021780376121126592,5,57,79,0.8038681026891558,True,0.5725882016592811
Pré-pandemia (até jan/2020),Tipologia | Vendavais e Ciclones,Tipologia,Vendavais e Ciclones,Principal: 11 dummies,6,84,Desastres → inadimplência,6,1.1801667854476514,0.33069738357757505,0.34578625157552545,3.006289343170421e-08,6,54,78,0.8463298522917669,True,0.7929980208103679
Pré-pandemia (até jan/2020),Tipologia | Vendavais e Ciclones,Tipologia,Vendavais e Ciclones,Principal: 11 dummies,6,84,Inadimplência → desastres,6,1.4408178670295846,0.21634847246327887,0.409082542826543,3.2259560249208785e-05,6,54,78,0.8463298522917669,True,0.4925967041513636
Pré-pandemia (até jan/2020),Tipologia | Vendavais e Ciclones,Tipologia,Vendavais e Ciclones,Comparação: sem dummies,11,84,Desastres → inadimplência,1,2.189505772713903,0.14288119050695205,0.1048187470900479,0.0014253722852038244,1,80,83,0.4328905979049079,True,0.6072445307128613
Pré-pandemia (até jan/2020),Tipologia | Vendavais e Ciclones,Tipologia,Vendavais e Ciclones,Comparação: sem dummies,11,84,Inadimplência → desastres,1,0.7025183495289465,0.4044360696878569,0.502654832822522,0.42012086320393194,1,80,83,0.4328905979049079,True,0.6548511491059859
Pré-pandemia (até jan/2020),Tipologia | Vendavais e Ciclones,Tipologia,Vendavais e Ciclones,Comparação: sem dummies,11,84,Desastres → inadimplência,2,3.1549286861714445,0.04820386566435544,0.06359651395909854,7.790477460185982e-05,2,77,82,0.37449561051280655,True,0.4564760006094265
Pré-pandemia (até jan/2020),Tipologia | Vendavais e Ciclones,Tipologia,Vendavais e Ciclones,Comparação: sem dummies,11,84,Inadimplência → desastres,2,0.5388652866719834,0.5855937463751376,0.6851014233021248,0.4413538981212947,2,77,82,0.37449561051280655,True,0.7748256645865398
Pré-pandemia (até jan/2020),Tipologia | Vendavais e Ciclones,Tipologia,Vendavais e Ciclones,Comparação: sem dummies,11,84,Desastres → inadimplência,3,3.1239530796629404,0.03088925204712504,0.051216104911807316,0.00027661297989319857,3,74,81,0.7310907947618326,True,0.3905139274872028
Pré-pandemia (até jan/2020),Tipologia | Vendavais e Ciclones,Tipologia,Vendavais e Ciclones,Comparação: sem dummies,11,84,Inadimplência → desastres,3,0.37539738396378064,0.7709923253664316,0.8301430825731071,0.42125464385507694,3,74,81,0.7310907947618326,True,0.8785236159599266
Pré-pandemia (até jan/2020),Tipologia | Vendavais e Ciclones,Tipologia,Vendavais e Ciclones,Comparação: sem dummies,11,84,Desastres → inadimplência,4,2.6635799246935594,0.03936215851203004,0.009556094728352173,2.6237062196332524e-07,4,71,80,0.8165226507865931,True,0.42648062491943156
Pré-pandemia (até jan/2020),Tipologia | Vendavais e Ciclones,Tipologia,Vendavais e Ciclones,Comparação: sem dummies,11,84,Inadimplência → desastres,4,2.1816863270086952,0.0797371616983564,0.16636949212376412,0.03606224661923673,4,71,80,0.8165226507865931,True,0.33377055989412574
Pré-pandemia (até jan/2020),Tipologia | Vendavais e Ciclones,Tipologia,Vendavais e Ciclones,Comparação: sem dummies,11,84,Desastres → inadimplência,5,4.551291571815586,0.0012237248486545796,0.0011451000402440137,3.5263183972197175e-10,5,68,79,0.903156620062197,True,0.24297138248024852
Pré-pandemia (até jan/2020),Tipologia | Vendavais e Ciclones,Tipologia,Vendavais e Ciclones,Comparação: sem dummies,11,84,Inadimplência → desastres,5,2.287693678032007,0.0554813573260988,0.04246542747243914,0.0007402440500294954,5,68,79,0.903156620062197,True,0.27430847673411135
Pré-pandemia (até jan/2020),Tipologia | Vendavais e Ciclones,Tipologia,Vendavais e Ciclones,Comparação: sem dummies,11,84,Desastres → inadimplência,6,2.874656250208127,0.015133462047093586,0.011930295495261064,2.730580647673015e-06,6,65,78,0.9574604206916296,True,0.3175083365497919
Pré-pandemia (até jan/2020),Tipologia | Vendavais e Ciclones,Tipologia,Vendavais e Ciclones,Comparação: sem dummies,11,84,Inadimplência → desastres,6,4.53774615583874,0.0006692413439812475,0.001992804254257252,7.231306188889801e-09,6,65,78,0.9574604206916296,True,0.06739057631552649
Pré-pandemia (até jan/2020),Tipologia | Vendavais e Ciclones,Tipologia,Vendavais e Ciclones,Comparação: sem dummies,11,84,Desastres → inadimplência,7,2.1260231854795686,0.05371690256940783,0.052292984282062666,0.00011291945925291153,7,62,77,0.9570696299629283,True,0.46955334413818034
Pré-pandemia (até jan/2020),Tipologia | Vendavais e Ciclones,Tipologia,Vendavais e Ciclones,Comparação: sem dummies,11,84,Inadimplência → desastres,7,4.6209308039763135,0.0003290494297504196,0.0026105003474891342,1.5610632937529351e-09,7,62,77,0.9570696299629283,True,0.06739057631552649
Pré-pandemia (até jan/2020),Tipologia | Vendavais e Ciclones,Tipologia,Vendavais e Ciclones,Comparação: sem dummies,11,84,Desastres → inadimplência,8,1.985667958960652,0.06401980241619191,0.022958791042566117,1.4618908435872864e-10,8,59,76,0.9725571725025071,True,0.48418606498525063
Pré-pandemia (até jan/2020),Tipologia | Vendavais e Ciclones,Tipologia,Vendavais e Ciclones,Comparação: sem dummies,11,84,Inadimplência → desastres,8,4.107808167320918,0.0006067169448922641,0.02725437612003797,4.4842623831520914e-05,8,59,76,0.9725571725025071,True,0.06739057631552649
Pré-pandemia (até jan/2020),Tipologia | Vendavais e Ciclones,Tipologia,Vendavais e Ciclones,Comparação: sem dummies,11,84,Desastres → inadimplência,9,1.9609362768372902,0.061580037120581126,0.018347101428575024,8.572176283963896e-12,9,56,75,0.9660004894783173,True,0.48109404000454004
Pré-pandemia (até jan/2020),Tipologia | Vendavais e Ciclones,Tipologia,Vendavais e Ciclones,Comparação: sem dummies,11,84,Inadimplência → desastres,9,3.036797216592374,0.005013295820576194,0.09590891817872946,0.00015380179242523867,9,56,75,0.9660004894783173,True,0.12789019950449473
Pré-pandemia (até jan/2020),Tipologia | Vendavais e Ciclones,Tipologia,Vendavais e Ciclones,Comparação: sem dummies,11,84,Desastres → inadimplência,10,1.5545247304151881,0.14652576746450058,0.05379663535524972,2.5300775502475285e-09,10,53,74,0.9739351578919256,True,0.6125659174937316
Pré-pandemia (até jan/2020),Tipologia | Vendavais e Ciclones,Tipologia,Vendavais e Ciclones,Comparação: sem dummies,11,84,Inadimplência → desastres,10,3.2329397591971856,0.0025703216523675037,0.04478611384570792,5.95231243367673e-05,10,53,74,0.9739351578919256,True,0.0944971195723347
Pré-pandemia (até jan/2020),Tipologia | Vendavais e Ciclones,Tipologia,Vendavais e Ciclones,Comparação: sem dummies,11,84,Desastres → inadimplência,11,1.513672040352283,0.1562923908494829,0.08744233014446988,5.014211332140323e-10,11,50,73,0.9830848235191113,True,0.6302112534253344
Pré-pandemia (até jan/2020),Tipologia | Vendavais e Ciclones,Tipologia,Vendavais e Ciclones,Comparação: sem dummies,11,84,Inadimplência → desastres,11,2.4226391250428176,0.016688444618079577,0.08983277904853236,1.3273215116509946e-08,11,50,73,0.9830848235191113,True,0.16926262794807567
Pré-pandemia (até jan/2020),Tipologia | Vendavais e Ciclones,Tipologia,Vendavais e Ciclones,Robustez: diferença sazonal,9,72,Desastres → inadimplência,1,0.3869467990652631,0.535988879191519,0.5695784349958017,0.30763777138781007,1,68,71,0.5821031723458134,True,0.8909389614220729
Pré-pandemia (até jan/2020),Tipologia | Vendavais e Ciclones,Tipologia,Vendavais e Ciclones,Robustez: diferença sazonal,9,72,Inadimplência → desastres,1,0.21270009564824843,0.6461310924746688,0.6754580615528757,0.5647536208364504,1,68,71,0.5821031723458134,True,0.8068570085847513
Pré-pandemia (até jan/2020),Tipologia | Vendavais e Ciclones,Tipologia,Vendavais e Ciclones,Robustez: diferença sazonal,9,72,Desastres → inadimplência,2,0.9866306223075028,0.37834417642627977,0.3468144395547067,0.06227255485768458,2,65,70,0.6634100342238417,True,0.8139934948930287
Pré-pandemia (até jan/2020),Tipologia | Vendavais e Ciclones,Tipologia,Vendavais e Ciclones,Robustez: diferença sazonal,9,72,Inadimplência → desastres,2,0.8293015177067635,0.44091749751710113,0.45007310497429426,0.4401591713359491,2,65,70,0.6634100342238417,True,0.6795046824706722
Pré-pandemia (até jan/2020),Tipologia | Vendavais e Ciclones,Tipologia,Vendavais e Ciclones,Robustez: diferença sazonal,9,72,Desastres → inadimplência,3,0.49311906568661484,0.6883599507754156,0.6697578182464918,0.49093724133017247,3,62,69,0.7868602894539494,True,0.925709192134145
Pré-pandemia (até jan/2020),Tipologia | Vendavais e Ciclones,Tipologia,Vendavais e Ciclones,Robustez: diferença sazonal,9,72,Inadimplência → desastres,3,0.4586350239605535,0.7121718087161162,0.700159595136634,0.6868364022688755,3,62,69,0.7868602894539494,True,0.8465135751150248
Pré-pandemia (até jan/2020),Tipologia | Vendavais e Ciclones,Tipologia,Vendavais e Ciclones,Robustez: diferença sazonal,9,72,Desastres → inadimplência,4,0.5212122227449273,0.7204602913276308,0.6263641790771837,0.21531145413314648,4,59,68,0.7558752095676871,True,0.9299407173443379
Pré-pandemia (até jan/2020),Tipologia | Vendavais e Ciclones,Tipologia,Vendavais e Ciclones,Robustez: diferença sazonal,9,72,Inadimplência → desastres,4,1.1740735698102551,0.3315223565094758,0.41751665040351216,0.08350669579278047,4,59,68,0.7558752095676871,True,0.5954065310874207
Pré-pandemia (até jan/2020),Tipologia | Vendavais e Ciclones,Tipologia,Vendavais e Ciclones,Robustez: diferença sazonal,9,72,Desastres → inadimplência,5,0.328472761662246,0.8937070406545506,0.8338460674856187,0.3150376163156153,5,56,67,0.7953203908400714,True,0.976515560155759
Pré-pandemia (até jan/2020),Tipologia | Vendavais e Ciclones,Tipologia,Vendavais e Ciclones,Robustez: diferença sazonal,9,72,Inadimplência → desastres,5,0.9256181199822666,0.4713816193533723,0.6148172646058321,0.10631565107169157,5,56,67,0.7953203908400714,True,0.7014607430853754
Pré-pandemia (até jan/2020),Tipologia | Vendavais e Ciclones,Tipologia,Vendavais e Ciclones,Robustez: diferença sazonal,9,72,Desastres → inadimplência,6,0.32481067002916775,0.9210714082403408,0.896076963753896,0.08280537833197965,6,53,66,0.8457518025355935,True,0.9848924382381745
Pré-pandemia (até jan/2020),Tipologia | Vendavais e Ciclones,Tipologia,Vendavais e Ciclones,Robustez: diferença sazonal,9,72,Inadimplência → desastres,6,1.0383989276741545,0.41118969248739223,0.4609206418035211,0.05810908904848429,6,53,66,0.8457518025355935,True,0.6623824765228464
Pré-pandemia (até jan/2020),Tipologia | Vendavais e Ciclones,Tipologia,Vendavais e Ciclones,Robustez: diferença sazonal,9,72,Desastres → inadimplência,7,0.5403156879560006,0.7997470981859096,0.6718838987006482,0.3344629128745809,7,50,65,0.8864905820603703,True,0.9578109280787415
Pré-pandemia (até jan/2020),Tipologia | Vendavais e Ciclones,Tipologia,Vendavais e Ciclones,Robustez: diferença sazonal,9,72,Inadimplência → desastres,7,1.337143334814721,0.25289935592826646,0.27128068351029944,4.7194347586927035e-07,7,50,65,0.8864905820603703,True,0.5390720922998705
Pré-pandemia (até jan/2020),Tipologia | Vendavais e Ciclones,Tipologia,Vendavais e Ciclones,Robustez: diferença sazonal,9,72,Desastres → inadimplência,8,0.3574904600633768,0.9374762875108165,0.8487420213347842,0.03460586593638204,8,47,64,0.904840851204221,True,0.9899358849372114
Pré-pandemia (até jan/2020),Tipologia | Vendavais e Ciclones,Tipologia,Vendavais e Ciclones,Robustez: diferença sazonal,9,72,Inadimplência → desastres,8,1.1990978759285287,0.3201322102484102,0.3942218322929956,1.5105051651591118e-07,8,47,64,0.904840851204221,True,0.5858935033828884
Pré-pandemia (até jan/2020),Tipologia | Vendavais e Ciclones,Tipologia,Vendavais e Ciclones,Robustez: diferença sazonal,9,72,Desastres → inadimplência,9,0.3853390708181334,0.9358895893859516,0.8454107742326691,0.1740974605703123,9,44,63,0.9232805949352361,True,0.9899358849372114
Pré-pandemia (até jan/2020),Tipologia | Vendavais e Ciclones,Tipologia,Vendavais e Ciclones,Robustez: diferença sazonal,9,72,Inadimplência → desastres,9,1.6842627812696955,0.12176459663872914,0.10628736354484777,4.098677622023221e-09,9,44,63,0.9232805949352361,True,0.381490886557848
