periodo,exposicao,nivel,rotulo,K,covariancia,lag,beta_estimate,beta_se,beta_p,beta_low,beta_high,beta_status,C_estimate,C_se,C_p,C_low,C_high,C_status,banda
Pré,total_climatico,Central,Total climático / hidrometeorológico (COBRADE 12/13/14),6,CR1,0,4.833440492787082e-05,0.0004301956469440095,0.9114053192427256,-0.0008359454117415569,0.0009326142215972985,calculado,4.833440492787082e-05,0.0004301956469440095,0.9114053192427256,-0.0008359454117415569,0.0009326142215972985,calculado,"IC95% pontual, não simultâneo"
Pré,total_climatico,Central,Total climático / hidrometeorológico (COBRADE 12/13/14),6,CR1,1,6.75186793606989e-05,0.000613001378556499,0.913140633222763,-0.0011925237001908491,0.001327561058912247,calculado,0.00011585308428856971,0.0009868876612641004,0.907451294468994,-0.001912723556073205,0.0021444297246503443,calculado,"IC95% pontual, não simultâneo"
Pré,total_climatico,Central,Total climático / hidrometeorológico (COBRADE 12/13/14),6,CR1,2,-0.00017719329929014217,0.0010013956884679254,0.8609217428063163,-0.0022355916166660107,0.0018812050180857264,calculado,-6.134021500157246e-05,0.0018792022827584661,0.9742096721919337,-0.003924095828376489,0.0038014153983733437,calculado,"IC95% pontual, não simultâneo"
Pré,total_climatico,Central,Total climático / hidrometeorológico (COBRADE 12/13/14),6,CR1,3,0.00035690530796030225,0.0011518109333668774,0.7591340161193099,-0.0020106759733260395,0.0027244865892466436,calculado,0.0002955650929587298,0.002879380456713792,0.9190292930056685,-0.005623086200869432,0.006214216386786891,calculado,"IC95% pontual, não simultâneo"
Pré,total_climatico,Central,Total climático / hidrometeorológico (COBRADE 12/13/14),6,CR1,4,0.0009507737444970402,0.0009385769630844144,0.3203973130370203,-0.000978498833554999,0.0028800463225490793,calculado,0.0012463388374557701,0.0036145535871166057,0.7330100147171161,-0.0061834824684146115,0.008676160143326152,calculado,"IC95% pontual, não simultâneo"
Pré,total_climatico,Central,Total climático / hidrometeorológico (COBRADE 12/13/14),6,CR1,5,0.0008615462610422299,0.0009258402398386296,0.3606436115100116,-0.0010415456074262517,0.0027646381295107114,calculado,0.002107885098498,0.004043041442151803,0.6065280387105725,-0.006202705607498169,0.01041847580449417,calculado,"IC95% pontual, não simultâneo"
Pré,total_climatico,Central,Total climático / hidrometeorológico (COBRADE 12/13/14),6,CR1,6,0.0006010700445472008,0.0006581128990845504,0.36946446290197216,-0.0007517003934716991,0.001953840482566101,calculado,0.0027089551430452006,0.004273450076936325,0.5316815906102972,-0.006075247294668069,0.01149315758075847,calculado,"IC95% pontual, não simultâneo"
Pré,total_climatico,Central,Total climático / hidrometeorológico (COBRADE 12/13/14),6,DK6,0,4.833440492787082e-05,0.0004278892844756619,0.9103561956640552,-0.0008037020135238819,0.0009003708233796234,calculado,4.833440492787082e-05,0.0004278892844756619,0.9103561956640552,-0.0008037020135238819,0.0009003708233796234,calculado,"IC95% pontual, não simultâneo"
Pré,total_climatico,Central,Total climático / hidrometeorológico (COBRADE 12/13/14),6,DK6,1,6.75186793606989e-05,0.0005604835277426502,0.904428544716524,-0.001048546608799641,0.0011835839675210388,calculado,0.00011585308428856971,0.0009406602079586482,0.9023001546247567,-0.0017572406893760404,0.00198894685795318,calculado,"IC95% pontual, não simultâneo"
Pré,total_climatico,Central,Total climático / hidrometeorológico (COBRADE 12/13/14),6,DK6,2,-0.00017719329929014217,0.0006872563974331934,0.7972282064265411,-0.0015456956214377749,0.0011913090228574906,calculado,-6.134021500157246e-05,0.0014563827107137216,0.9665134982678156,-0.002961368689077921,0.0028386882590747758,calculado,"IC95% pontual, não simultâneo"
Pré,total_climatico,Central,Total climático / hidrometeorológico (COBRADE 12/13/14),6,DK6,3,0.00035690530796030225,0.0008029322021224633,0.6579262517799735,-0.0012419369687149276,0.001955747584635532,calculado,0.0002955650929587298,0.00218521031706283,0.8927616039749553,-0.004055744555740676,0.004646874741658135,calculado,"IC95% pontual, não simultâneo"
Pré,total_climatico,Central,Total climático / hidrometeorológico (COBRADE 12/13/14),6,DK6,4,0.0009507737444970402,0.0007518996797522753,0.2098663104154497,-0.0005464497977007968,0.0024479972866948774,calculado,0.0012463388374557701,0.0027510327773723102,0.651791131270071,-0.004231667272344358,0.006724344947255898,calculado,"IC95% pontual, não simultâneo"
Pré,total_climatico,Central,Total climático / hidrometeorológico (COBRADE 12/13/14),6,DK6,5,0.0008615462610422299,0.0007515595043719721,0.25520248788393884,-0.0006349999054343753,0.002358092427518835,calculado,0.002107885098498,0.0033437872350920864,0.5303068877719381,-0.00455044593062269,0.00876621612761869,calculado,"IC95% pontual, não simultâneo"
Pré,total_climatico,Central,Total climático / hidrometeorológico (COBRADE 12/13/14),6,DK6,6,0.0006010700445472008,0.00043345586369954143,0.16953718606024695,-0.0002620508492513796,0.001464190938345781,calculado,0.0027089551430452006,0.0036077966521975736,0.4550246706155421,-0.004475085798310717,0.00989299608440112,calculado,"IC95% pontual, não simultâneo"
Pré,grupo_climatologico,Grupo,Climatológico,6,CR1,0,-0.0006429812610448738,0.00040548964721125327,0.12489834941746437,-0.0014764771679525181,0.0001905146458627704,calculado,-0.0006429812610448738,0.00040548964721125327,0.12489834941746437,-0.0014764771679525181,0.0001905146458627704,calculado,"IC95% pontual, não simultâneo"
Pré,grupo_climatologico,Grupo,Climatológico,6,CR1,1,-0.00038241794156250984,0.0006230945053727648,0.5447200708486891,-0.0016632070404128479,0.0008983711572878283,calculado,-0.0010253992026073838,0.0009398704563203997,0.2852803718195285,-0.0029573305940846766,0.0009065321888699089,calculado,"IC95% pontual, não simultâneo"
Pré,grupo_climatologico,Grupo,Climatológico,6,CR1,2,1.508896211625716e-05,0.0006895254225321542,0.9827082769038903,-0.0014022508425912518,0.0014324287668237663,calculado,-0.0010103102404911265,0.001501531138802419,0.506977383306763,-0.004096751699338458,0.0020761312183562044,calculado,"IC95% pontual, não simultâneo"
Pré,grupo_climatologico,Grupo,Climatológico,6,CR1,3,-0.00016327151131761934,0.0008220058937134997,0.8441005390662629,-0.0018529288245836628,0.0015263858019484242,calculado,-0.0011735817518087458,0.0020884447817563338,0.5789691856758877,-0.005466441481688981,0.00311927797807149,calculado,"IC95% pontual, não simultâneo"
Pré,grupo_climatologico,Grupo,Climatológico,6,CR1,4,0.00013609160990632282,0.0007617909351602163,0.8595997146387738,-0.0014297920834067863,0.0017019753032194319,calculado,-0.001037490141902423,0.00270109718662424,0.7040281087152733,-0.006589674925643992,0.004514694641839146,calculado,"IC95% pontual, não simultâneo"
Pré,grupo_climatologico,Grupo,Climatológico,6,CR1,5,-0.00015171109389983464,0.0005649827215305766,0.7904156126752065,-0.0013130497103305038,0.0010096275225308345,calculado,-0.0011892012358022577,0.003062730382828796,0.700968961158778,-0.007484733700332806,0.00510633122872829,calculado,"IC95% pontual, não simultâneo"
Pré,grupo_climatologico,Grupo,Climatológico,6,CR1,6,0.00026206931992083584,0.00046868999663495636,0.5808423938769494,-0.0007013367657597463,0.0012254754056014179,calculado,-0.0009271319158814218,0.003331299499639848,0.7829762836530497,-0.0077747161063274044,0.00592045227456456,calculado,"IC95% pontual, não simultâneo"
Pré,grupo_climatologico,Grupo,Climatológico,6,DK6,0,-0.0006429812610448738,0.0005040185623933937,0.20589333670579293,-0.0016466104387680537,0.00036064791667830614,calculado,-0.0006429812610448738,0.0005040185623933937,0.20589333670579293,-0.0016466104387680537,0.00036064791667830614,calculado,"IC95% pontual, não simultâneo"
Pré,grupo_climatologico,Grupo,Climatológico,6,DK6,1,-0.00038241794156250984,0.000802947995508843,0.6352325652385431,-0.0019812916668877864,0.001216455783762767,calculado,-0.0010253992026073838,0.0012286941211063717,0.40655629381719216,-0.0034720417718483144,0.0014212433666335469,calculado,"IC95% pontual, não simultâneo"
Pré,grupo_climatologico,Grupo,Climatológico,6,DK6,2,1.508896211625716e-05,0.0008063931320927097,0.985119520343757,-0.001590644906574357,0.0016208228308068715,calculado,-0.0010103102404911265,0.0018559375203116085,0.5877622882359311,-0.004705953985377836,0.0026853335043955833,calculado,"IC95% pontual, não simultâneo"
Pré,grupo_climatologico,Grupo,Climatológico,6,DK6,3,-0.00016327151131761934,0.000855949868228228,0.8492243489252379,-0.0018676854486591868,0.0015411424260239482,calculado,-0.0011735817518087458,0.0026472870014572895,0.6587810901244583,-0.00644500362931511,0.004097840125697619,calculado,"IC95% pontual, não simultâneo"
Pré,grupo_climatologico,Grupo,Climatológico,6,DK6,4,0.00013609160990632282,0.0007241762590112323,0.8514289563273287,-0.0013059275488857107,0.0015781107686983562,calculado,-0.001037490141902423,0.0032555686268519596,0.7508307261107321,-0.007520155479609916,0.005445175195805069,calculado,"IC95% pontual, não simultâneo"
Pré,grupo_climatologico,Grupo,Climatológico,6,DK6,5,-0.00015171109389983464,0.0006445476712209655,0.8145417375338485,-0.0014351694772559297,0.0011317472894562604,calculado,-0.0011892012358022577,0.003758893674302292,0.7525777381669781,-0.00867411478655429,0.006295712314949776,calculado,"IC95% pontual, não simultâneo"
Pré,grupo_climatologico,Grupo,Climatológico,6,DK6,6,0.00026206931992083584,0.0003846674990307698,0.49773322962686106,-0.0005039015282872416,0.0010280401681289134,calculado,-0.0009271319158814218,0.003983683012951187,0.8165867610197217,-0.008859658225254516,0.007005394393491671,calculado,"IC95% pontual, não simultâneo"
Pré,grupo_hidrologico,Grupo,Hidrológico,6,CR1,0,0.0008722685986786807,0.0005477040838950558,0.12333830260633785,-0.0002535532694325328,0.001998090466789894,calculado,0.0008722685986786807,0.0005477040838950558,0.12333830260633785,-0.0002535532694325328,0.001998090466789894,calculado,"IC95% pontual, não simultâneo"
Pré,grupo_hidrologico,Grupo,Hidrológico,6,CR1,1,0.0007168646970691837,0.0008669710930114011,0.4158401181743007,-0.0010652199070681403,0.0024989493012065075,calculado,0.0015891332957478645,0.0012840598657162293,0.22693033460773182,-0.0010502895592116599,0.004228556150707389,calculado,"IC95% pontual, não simultâneo"
Pré,grupo_hidrologico,Grupo,Hidrológico,6,CR1,2,-0.00011606520099337171,0.001223970899261982,0.9251794834112177,-0.0026319734164685664,0.0023998430144818233,calculado,0.0014730680947544928,0.0023782434921939947,0.541047473782584,-0.0034154814157110963,0.0063616176052200815,calculado,"IC95% pontual, não simultâneo"
Pré,grupo_hidrologico,Grupo,Hidrológico,6,CR1,3,0.0008925204823901816,0.0013242641203036266,0.5062757303209191,-0.0018295434014324306,0.0036145843662127937,calculado,0.002365588577144674,0.0034110084898881553,0.49413549066174994,-0.004645839789281202,0.00937701694357055,calculado,"IC95% pontual, não simultâneo"
Pré,grupo_hidrologico,Grupo,Hidrológico,6,CR1,4,0.0010472440844962478,0.001021139104613224,0.3145444484741726,-0.0010517374059856592,0.003146225574978155,calculado,0.003412832661640922,0.004088995145697502,0.41152494029150355,-0.0049922172348080985,0.011817882558089942,calculado,"IC95% pontual, não simultâneo"
Pré,grupo_hidrologico,Grupo,Hidrológico,6,CR1,5,0.001680415694705165,0.001368335398703889,0.230421393209771,-0.0011322379992678123,0.004493069388678142,calculado,0.005093248356346087,0.004781323419350408,0.29656109103554357,-0.004734902687801281,0.014921399400493456,calculado,"IC95% pontual, não simultâneo"
Pré,grupo_hidrologico,Grupo,Hidrológico,6,CR1,6,0.0009815650502776874,0.0010446939450709642,0.35608483659042023,-0.0011658341081876406,0.0031289642087430156,calculado,0.006074813406623775,0.0048308113492139555,0.21974582221608577,-0.003855061534215609,0.01600468834746316,calculado,"IC95% pontual, não simultâneo"
Pré,grupo_hidrologico,Grupo,Hidrológico,6,DK6,0,0.0008722685986786807,0.0004537104313598356,0.058238497552749936,-3.1184292000151995e-05,0.0017757214893575133,calculado,0.0008722685986786807,0.0004537104313598356,0.058238497552749936,-3.1184292000151995e-05,0.0017757214893575133,calculado,"IC95% pontual, não simultâneo"
Pré,grupo_hidrologico,Grupo,Hidrológico,6,DK6,1,0.0007168646970691837,0.0008651370478757378,0.40988398058999004,-0.0010058432521267103,0.002439572646265078,calculado,0.0015891332957478645,0.001244126900246424,0.20533155592367455,-0.0008882398627887535,0.0040665064542844825,calculado,"IC95% pontual, não simultâneo"
Pré,grupo_hidrologico,Grupo,Hidrológico,6,DK6,2,-0.00011606520099337171,0.0007962404904407363,0.8844866339071682,-0.001701582577369691,0.0014694521753829475,calculado,0.0014730680947544928,0.0018961401675821228,0.4396113285028437,-0.0023026293482158776,0.005248765537724863,calculado,"IC95% pontual, não simultâneo"
Pré,grupo_hidrologico,Grupo,Hidrológico,6,DK6,3,0.0008925204823901816,0.0013207866233315361,0.5012244055600937,-0.0017375016866889225,0.0035225426514692857,calculado,0.002365588577144674,0.003051242123846547,0.4405445709004503,-0.003710210713358953,0.008441387867648302,calculado,"IC95% pontual, não simultâneo"
Pré,grupo_hidrologico,Grupo,Hidrológico,6,DK6,4,0.0010472440844962478,0.0009178088112582586,0.25739528890755775,-0.0007803467450479479,0.0028748349140404438,calculado,0.003412832661640922,0.003625561267256587,0.34948206507905183,-0.0038065821475336383,0.010632247470815481,calculado,"IC95% pontual, não simultâneo"
Pré,grupo_hidrologico,Grupo,Hidrológico,6,DK6,5,0.001680415694705165,0.00117695404644048,0.15740233867457704,-0.0006631992234395858,0.004024030612849915,calculado,0.005093248356346087,0.004433891692950666,0.25423219783942586,-0.0037357579659179725,0.013922254678610146,calculado,"IC95% pontual, não simultâneo"
Pré,grupo_hidrologico,Grupo,Hidrológico,6,DK6,6,0.0009815650502776874,0.0006365614861177674,0.12717839619418517,-0.000285990806889279,0.0022491209074446536,calculado,0.006074813406623775,0.004498234034467146,0.18081519697820542,-0.002882314885994556,0.015031941699242105,calculado,"IC95% pontual, não simultâneo"
Pré,grupo_meteorologico,Grupo,Meteorológico,6,CR1,0,0.0011895574452507134,0.0011484753478876388,0.3098470138755441,-0.0011711674418879436,0.0035502823323893705,calculado,0.0011895574452507134,0.0011484753478876388,0.3098470138755441,-0.0011711674418879436,0.0035502823323893705,calculado,"IC95% pontual, não simultâneo"
Pré,grupo_meteorologico,Grupo,Meteorológico,6,CR1,1,-4.780845535469806e-05,0.0016924700908243742,0.9776802710399902,-0.0035267305510667773,0.003431113640357381,calculado,0.0011417489898960154,0.0027611312327365904,0.6826255997112501,-0.004533837542950334,0.006817335522742365,calculado,"IC95% pontual, não simultâneo"
Pré,grupo_meteorologico,Grupo,Meteorológico,6,CR1,2,-0.0009509603197870148,0.0018760165436906221,0.6164945140643566,-0.004807167552724144,0.0029052469131501135,calculado,0.00019078867010900052,0.004406625331615488,0.9657964838313512,-0.00886715942409605,0.00924873676431405,calculado,"IC95% pontual, não simultâneo"
Pré,grupo_meteorologico,Grupo,Meteorológico,6,CR1,3,0.0014077588580319812,0.0010822290552110591,0.20473976242749756,-0.0008167948243090143,0.003632312540372977,calculado,0.0015985475281409818,0.0052724011668892744,0.7641566502465648,-0.00923902828273496,0.012436123339016922,calculado,"IC95% pontual, não simultâneo"
Pré,grupo_meteorologico,Grupo,Meteorológico,6,CR1,4,0.003939108442460414,0.0010466540814838665,0.0008635752128828399,0.0017876801658946095,0.0060905367190262185,calculado,0.005537655970601396,0.00531634169785439,0.3071731365981625,-0.005390240895222939,0.016465552836425732,calculado,"IC95% pontual, não simultâneo"
Pré,grupo_meteorologico,Grupo,Meteorológico,6,CR1,5,0.0029668070750398646,0.0014670628680839664,0.0535483139282731,-4.8783838646574654e-05,0.005982397988726304,calculado,0.00850446304564126,0.005715682725812093,0.14880181252278915,-0.003244291059208041,0.02025321715049056,calculado,"IC95% pontual, não simultâneo"
Pré,grupo_meteorologico,Grupo,Meteorológico,6,CR1,6,0.001623365703793298,0.0011044785385051542,0.15361321592292157,-0.0006469224464533028,0.003893653854039899,calculado,0.010127828749434558,0.00607857281305665,0.107687535239697,-0.0023668566127376094,0.022622514111606727,calculado,"IC95% pontual, não simultâneo"
Pré,grupo_meteorologico,Grupo,Meteorológico,6,DK6,0,0.0011895574452507134,0.0008429363902747446,0.16221153819042847,-0.0004889433469166904,0.002868058237418117,calculado,0.0011895574452507134,0.0008429363902747446,0.16221153819042847,-0.0004889433469166904,0.002868058237418117,calculado,"IC95% pontual, não simultâneo"
Pré,grupo_meteorologico,Grupo,Meteorológico,6,DK6,1,-4.780845535469806e-05,0.0014074887152616222,0.9729912021393992,-0.002850476546078954,0.0027548596353695574,calculado,0.0011417489898960154,0.0021403814628150218,0.5952706968348976,-0.003120295005742217,0.005403792985534248,calculado,"IC95% pontual, não simultâneo"
Pré,grupo_meteorologico,Grupo,Meteorológico,6,DK6,2,-0.0009509603197870148,0.0013675862492145143,0.4889250224234272,-0.003674172449608131,0.0017722518100341013,calculado,0.00019078867010900052,0.0033690113848805843,0.9549862634971804,-0.006517770058147972,0.006899347398365972,calculado,"IC95% pontual, não simultâneo"
Pré,grupo_meteorologico,Grupo,Meteorológico,6,DK6,3,0.0014077588580319812,0.0013453890629517614,0.29866927554214884,-0.0012712530270781739,0.004086770743142136,calculado,0.0015985475281409818,0.00455675197716014,0.7266899587511542,-0.007475104875073858,0.01067219993135582,calculado,"IC95% pontual, não simultâneo"
Pré,grupo_meteorologico,Grupo,Meteorológico,6,DK6,4,0.003939108442460414,0.0014942978997293912,0.01013877227167973,0.0009635811816046322,0.006914635703316196,calculado,0.005537655970601396,0.005765111401903066,0.3397870121780805,-0.005942147448341776,0.01701745938954457,calculado,"IC95% pontual, não simultâneo"
Pré,grupo_meteorologico,Grupo,Meteorológico,6,DK6,5,0.0029668070750398646,0.0012712807112797012,0.022221195257856905,0.00043536377093168765,0.005498250379148042,calculado,0.00850446304564126,0.006620972251296052,0.2028273719463254,-0.00467957705149653,0.02168850314277905,calculado,"IC95% pontual, não simultâneo"
Pré,grupo_meteorologico,Grupo,Meteorológico,6,DK6,6,0.001623365703793298,0.000983659443100671,0.10294835911441554,-0.00033535048584620365,0.0035820818934328,calculado,0.010127828749434558,0.007278182750396836,0.1680711262407391,-0.004364884642733064,0.02462054214160218,calculado,"IC95% pontual, não simultâneo"
Pré,grupo_outros,Grupo,Outros,6,CR1,0,0.0018618164961470506,0.0012749223011859212,0.15617676535229974,-0.0007588238259229265,0.004482456818217028,calculado,0.0018618164961470506,0.0012749223011859212,0.15617676535229974,-0.0007588238259229265,0.004482456818217028,calculado,"IC95% pontual, não simultâneo"
Pré,grupo_outros,Grupo,Outros,6,CR1,1,0.00246189557743046,0.0011922685801975164,0.04904018505715776,1.115241206552358e-05,0.004912638742795397,calculado,0.004323712073577511,0.0022978145529566527,0.07112295585193633,-0.0003995133845669033,0.009046937531721925,calculado,"IC95% pontual, não simultâneo"
Pré,grupo_outros,Grupo,Outros,6,CR1,2,0.0008841454183838707,0.001067631186189837,0.4151300047638997,-0.0013104019144425504,0.003078692751210292,calculado,0.005207857491961381,0.003010887990729781,0.09554499767659799,-0.0009811114094399748,0.011396826393362737,calculado,"IC95% pontual, não simultâneo"
Pré,grupo_outros,Grupo,Outros,6,CR1,3,0.000725203832058634,0.0015253127942443858,0.6384393258441673,-0.0024101215196493213,0.0038605291837665893,calculado,0.005933061324020016,0.004061058457626827,0.15600588741666027,-0.0024145638876815496,0.01428068653572158,calculado,"IC95% pontual, não simultâneo"
Pré,grupo_outros,Grupo,Outros,6,CR1,4,0.0013884307598562304,0.0019337604764452215,0.4791626962223353,-0.0025864708267609917,0.0053633323464734525,calculado,0.007321492083876246,0.00543000705764911,0.18917886431380374,-0.00384004727516007,0.01848303144291256,calculado,"IC95% pontual, não simultâneo"
Pré,grupo_outros,Grupo,Outros,6,CR1,5,-0.0007114306758064527,0.0018087441418221085,0.6972836844256515,-0.004429357506294637,0.003006496154681732,calculado,0.006610061408069794,0.0065239693868116904,0.32030299412543334,-0.0068001497233265325,0.02002027253946612,calculado,"IC95% pontual, não simultâneo"
Pré,grupo_outros,Grupo,Outros,6,CR1,6,-0.0011502994237057532,0.0016232806733627034,0.48486202594125644,-0.004487000634982817,0.0021864017875713104,calculado,0.00545976198436404,0.007349038891968318,0.4641891859627721,-0.009646403803808242,0.020565927772536324,calculado,"IC95% pontual, não simultâneo"
Pré,grupo_outros,Grupo,Outros,6,DK6,0,0.0018618164961470506,0.001705635505148532,0.27842698816667577,-0.0015345377004104513,0.005258170692704553,calculado,0.0018618164961470506,0.001705635505148532,0.27842698816667577,-0.0015345377004104513,0.005258170692704553,calculado,"IC95% pontual, não simultâneo"
Pré,grupo_outros,Grupo,Outros,6,DK6,1,0.00246189557743046,0.0020405755054261417,0.23132957186959344,-0.0016014093668712186,0.0065252005217321385,calculado,0.004323712073577511,0.0035428078240896644,0.22603021709566284,-0.002730919578157392,0.011378343725312413,calculado,"IC95% pontual, não simultâneo"
Pré,grupo_outros,Grupo,Outros,6,DK6,2,0.0008841454183838707,0.0017075814996705815,0.606098744532163,-0.002516083748319064,0.004284374585086805,calculado,0.005207857491961381,0.004928411556712533,0.2939521396945709,-0.004605863682625361,0.015021578666548123,calculado,"IC95% pontual, não simultâneo"
Pré,grupo_outros,Grupo,Outros,6,DK6,3,0.000725203832058634,0.0019548987581737174,0.7116804503302975,-0.0031674969126940754,0.004617904576811343,calculado,0.005933061324020016,0.006287420807442751,0.3483051834286922,-0.006586792994456747,0.01845291564249678,calculado,"IC95% pontual, não simultâneo"
Pré,grupo_outros,Grupo,Outros,6,DK6,4,0.0013884307598562304,0.0019334860663749774,0.47487062424637555,-0.0024616318682351415,0.005238493387947602,calculado,0.007321492083876246,0.0074341509075636445,0.32778436914821785,-0.007481793586790409,0.022124777754542902,calculado,"IC95% pontual, não simultâneo"
Pré,grupo_outros,Grupo,Outros,6,DK6,5,-0.0007114306758064527,0.0019072870086513124,0.7101683880300216,-0.004509324315050542,0.003086462963437637,calculado,0.006610061408069794,0.008909703360649954,0.4604081618446228,-0.011131424570431089,0.024351547386570676,calculado,"IC95% pontual, não simultâneo"
Pré,grupo_outros,Grupo,Outros,6,DK6,6,-0.0011502994237057532,0.0019521188075038954,0.5574139113228498,-0.005037464579468217,0.00273686573205671,calculado,0.00545976198436404,0.010163739818279165,0.5926919610228903,-0.014778829602368286,0.025698353571096365,calculado,"IC95% pontual, não simultâneo"
Pré,tipo_alagamentos,Tipologia,Alagamentos,6,CR1,0,0.0009349595916925001,0.001049219185952066,0.3810477838438543,-0.0012217413326208828,0.003091660516005883,calculado,0.0009349595916925001,0.001049219185952066,0.3810477838438543,-0.0012217413326208828,0.003091660516005883,calculado,"IC95% pontual, não simultâneo"
Pré,tipo_alagamentos,Tipologia,Alagamentos,6,CR1,1,0.0020264723886358684,0.0018494295833084266,0.2832439744278365,-0.0017750845645516252,0.0058280293418233615,calculado,0.0029614319803283684,0.002696345512678513,0.28213498779847995,-0.0025809855977349267,0.008503849558391664,calculado,"IC95% pontual, não simultâneo"
Pré,tipo_alagamentos,Tipologia,Alagamentos,6,CR1,2,0.0019305531389822218,0.0023295607139293363,0.41480627790815466,-0.002857927487605439,0.006719033765569883,calculado,0.004891985119310591,0.004762537300093446,0.3137974730367506,-0.004897550503666236,0.014681520742287417,calculado,"IC95% pontual, não simultâneo"
Pré,tipo_alagamentos,Tipologia,Alagamentos,6,CR1,3,0.002652887916743789,0.003511808999004823,0.45678693773296963,-0.004565738863601586,0.009871514697089164,calculado,0.00754487303605438,0.007995544377016689,0.35404312639322943,-0.008890203808878921,0.02397994988098768,calculado,"IC95% pontual, não simultâneo"
Pré,tipo_alagamentos,Tipologia,Alagamentos,6,CR1,4,0.0010790486176259523,0.0021517068115030225,0.620249789195093,-0.003343848076746903,0.005501945311998807,calculado,0.008623921653680332,0.00979446218899141,0.3866608015982925,-0.01150888371146603,0.028756727018826693,calculado,"IC95% pontual, não simultâneo"
Pré,tipo_alagamentos,Tipologia,Alagamentos,6,CR1,5,0.0006481687608208942,0.0023775288030976342,0.7872966781531795,-0.004238911685167649,0.0055352492068094375,calculado,0.009272090414501225,0.011938876802720346,0.44438555899790705,-0.015268622317820953,0.0338128031468234,calculado,"IC95% pontual, não simultâneo"
Pré,tipo_alagamentos,Tipologia,Alagamentos,6,CR1,6,-0.001129905953507102,0.0013182386882880633,0.3992032123371256,-0.0038395843844411825,0.0015797724774269787,calculado,0.008142184460994123,0.01243373856500857,0.5183187881049423,-0.017415731191770187,0.03370010011375844,calculado,"IC95% pontual, não simultâneo"
Pré,tipo_alagamentos,Tipologia,Alagamentos,6,DK6,0,0.0009349595916925001,0.0008485556942122144,0.273970082753083,-0.0007547306641394137,0.002624649847524414,calculado,0.0009349595916925001,0.0008485556942122144,0.273970082753083,-0.0007547306641394137,0.002624649847524414,calculado,"IC95% pontual, não simultâneo"
Pré,tipo_alagamentos,Tipologia,Alagamentos,6,DK6,1,0.0020264723886358684,0.0020452418233362127,0.3248755148146264,-0.002046124381714519,0.006099069158986255,calculado,0.0029614319803283684,0.002498755330196625,0.23959794845815577,-0.0020142255539258146,0.007937089514582552,calculado,"IC95% pontual, não simultâneo"
Pré,tipo_alagamentos,Tipologia,Alagamentos,6,DK6,2,0.0019305531389822218,0.0024366035293008335,0.43061238388619205,-0.002921344348556913,0.006782450626521356,calculado,0.004891985119310591,0.004743308175450057,0.3056078879253011,-0.004553148133735994,0.014337118372357176,calculado,"IC95% pontual, não simultâneo"
Pré,tipo_alagamentos,Tipologia,Alagamentos,6,DK6,3,0.002652887916743789,0.0031699712581115596,0.4052494562158594,-0.003659331284225701,0.00896510711771328,calculado,0.00754487303605438,0.007589396129324015,0.32327173438201173,-0.007567545364805657,0.022657291436914417,calculado,"IC95% pontual, não simultâneo"
Pré,tipo_alagamentos,Tipologia,Alagamentos,6,DK6,4,0.0010790486176259523,0.0019884601239531802,0.5889343625571073,-0.0028804813442503503,0.0050385785795022545,calculado,0.008623921653680332,0.008966219285321196,0.3391489695800453,-0.009230101908231602,0.026477945215592266,calculado,"IC95% pontual, não simultâneo"
Pré,tipo_alagamentos,Tipologia,Alagamentos,6,DK6,5,0.0006481687608208942,0.0016921119633208264,0.7027358425788985,-0.0027212566236309702,0.004017594145272758,calculado,0.009272090414501225,0.010180303304944885,0.3652499320173827,-0.010999483287857176,0.029543664116859627,calculado,"IC95% pontual, não simultâneo"
Pré,tipo_alagamentos,Tipologia,Alagamentos,6,DK6,6,-0.001129905953507102,0.0016474859364377207,0.4948760797306768,-0.004410469565779262,0.0021506576587650584,calculado,0.008142184460994123,0.009869678407103863,0.4119373129906341,-0.011510856048221272,0.027795224970209517,calculado,"IC95% pontual, não simultâneo"
Pré,tipo_chuvas_intensas,Tipologia,Chuvas Intensas,6,CR1,0,0.0016195033849523666,0.0007065823569647455,0.03024884104400082,0.00016710254938566492,0.0030719042205190686,calculado,0.0016195033849523666,0.0007065823569647455,0.03024884104400082,0.00016710254938566492,0.0030719042205190686,calculado,"IC95% pontual, não simultâneo"
Pré,tipo_chuvas_intensas,Tipologia,Chuvas Intensas,6,CR1,1,-0.0005667189805879693,0.0015394383011315704,0.7157538808688,-0.003731079727538285,0.0025976417663623463,calculado,0.0010527844043643972,0.002050060608655563,0.6119116190180105,-0.0031611755277292392,0.005266744336458034,calculado,"IC95% pontual, não simultâneo"
Pré,tipo_chuvas_intensas,Tipologia,Chuvas Intensas,6,CR1,2,-0.0017931688769999194,0.0023380392187234006,0.4500173932316335,-0.0065990773197874535,0.003012739565787615,calculado,-0.0007403844726355223,0.004302344251865961,0.8647003643107535,-0.009583979737521954,0.008103210792250909,calculado,"IC95% pontual, não simultâneo"
Pré,tipo_chuvas_intensas,Tipologia,Chuvas Intensas,6,CR1,3,0.0006750672537992275,0.001693648733002048,0.6934517407906015,-0.0028062775756066863,0.0041564120832051415,calculado,-6.531721883629475e-05,0.005569037292044383,0.9907316505619633,-0.011512637317533514,0.011382002879860924,calculado,"IC95% pontual, não simultâneo"
Pré,tipo_chuvas_intensas,Tipologia,Chuvas Intensas,6,CR1,4,0.001397154729747134,0.0013895806879029983,0.3239462275455859,-0.0014591692816070942,0.004253478741101362,calculado,0.0013318375109108395,0.006558154978673051,0.8406525776881426,-0.012148643110933943,0.01481231813275562,calculado,"IC95% pontual, não simultâneo"
Pré,tipo_chuvas_intensas,Tipologia,Chuvas Intensas,6,CR1,5,0.0039450393598305985,0.0021508693918778888,0.07810035999726839,-0.0004761359938502971,0.008366214713511493,calculado,0.005276876870741438,0.006504361106973053,0.42456819657765976,-0.008093028864205421,0.018646782605688295,calculado,"IC95% pontual, não simultâneo"
Pré,tipo_chuvas_intensas,Tipologia,Chuvas Intensas,6,CR1,6,0.0024202709478148674,0.001620933409407104,0.14743896692463151,-0.0009116053933011965,0.005752147288930931,calculado,0.007697147818556306,0.005939467708529229,0.20638559564676928,-0.004511602906194253,0.019905898543306863,calculado,"IC95% pontual, não simultâneo"
Pré,tipo_chuvas_intensas,Tipologia,Chuvas Intensas,6,DK6,0,0.0016195033849523666,0.0006122724093157355,0.009895876500669488,0.0004003132587273722,0.002838693511177361,calculado,0.0016195033849523666,0.0006122724093157355,0.009895876500669488,0.0004003132587273722,0.002838693511177361,calculado,"IC95% pontual, não simultâneo"
Pré,tipo_chuvas_intensas,Tipologia,Chuvas Intensas,6,DK6,1,-0.0005667189805879693,0.0010794421068547487,0.6010839837408282,-0.002716162820429786,0.0015827248592538475,calculado,0.0010527844043643972,0.0015807485816214653,0.5073991486046838,-0.0020948881567933,0.0042004569655220945,calculado,"IC95% pontual, não simultâneo"
Pré,tipo_chuvas_intensas,Tipologia,Chuvas Intensas,6,DK6,2,-0.0017931688769999194,0.0011200145788085626,0.11346692586578314,-0.00402340282995154,0.00043706507595170124,calculado,-0.0007403844726355223,0.002380424656440197,0.7566179601269559,-0.005480415532662949,0.003999646587391905,calculado,"IC95% pontual, não simultâneo"
Pré,tipo_chuvas_intensas,Tipologia,Chuvas Intensas,6,DK6,3,0.0006750672537992275,0.0014943107026557502,0.652713075206254,-0.0023004855009399407,0.0036506200085383955,calculado,-6.531721883629475e-05,0.0036485247739291822,0.9857630506439712,-0.0073304582116061915,0.007199823773933601,calculado,"IC95% pontual, não simultâneo"
Pré,tipo_chuvas_intensas,Tipologia,Chuvas Intensas,6,DK6,4,0.001397154729747134,0.0011736985376439527,0.23755164567540835,-0.000939977642197306,0.003734287101691574,calculado,0.0013318375109108395,0.004307525537392447,0.7580132071012452,-0.007245541648669584,0.009909216670491262,calculado,"IC95% pontual, não simultâneo"
Pré,tipo_chuvas_intensas,Tipologia,Chuvas Intensas,6,DK6,5,0.0039450393598305985,0.0015673022707347352,0.013911009417157815,0.0008241418243278612,0.007065936895333335,calculado,0.005276876870741438,0.005269575722868803,0.3197770372579892,-0.00521618894925299,0.015769942690735866,calculado,"IC95% pontual, não simultâneo"
Pré,tipo_chuvas_intensas,Tipologia,Chuvas Intensas,6,DK6,6,0.0024202709478148674,0.0008682666483099203,0.006687727406948624,0.0006913311679985978,0.004149210727631137,calculado,0.007697147818556306,0.005220325718591639,0.14443549108742537,-0.0026978487139483216,0.018092144351060935,calculado,"IC95% pontual, não simultâneo"
Pré,tipo_doencas_infecciosas,Tipologia,Doenças infecciosas,6,CR1,0,0.002983105375255597,0.003081344995244521,0.34190550950134724,-0.003350689973084401,0.009316900723595596,calculado,0.002983105375255597,0.003081344995244521,0.34190550950134724,-0.003350689973084401,0.009316900723595596,calculado,"IC95% pontual, não simultâneo"
Pré,tipo_doencas_infecciosas,Tipologia,Doenças infecciosas,6,CR1,1,0.0026704048160510517,0.0021552612313158843,0.2264083493583327,-0.0017597980928844362,0.00710060772498654,calculado,0.005653510191306649,0.00488792167130119,0.25794115451454686,-0.0043937566978334225,0.01570077708044672,calculado,"IC95% pontual, não simultâneo"
Pré,tipo_doencas_infecciosas,Tipologia,Doenças infecciosas,6,CR1,2,0.0022690028606754684,0.0016767245938005236,0.18763024108684281,-0.0011775539023780222,0.005715559623728959,calculado,0.007922513051982117,0.005600422709995423,0.1690427220543702,-0.0035893206972575763,0.01943434680122181,calculado,"IC95% pontual, não simultâneo"
Pré,tipo_doencas_infecciosas,Tipologia,Doenças infecciosas,6,CR1,3,0.0006270584299300128,0.0027012333886538066,0.8182484621504638,-0.004925406321092934,0.0061795231809529585,calculado,0.00854957148191213,0.005987367556157883,0.16521297976655425,-0.003757638789745636,0.0208567817535699,calculado,"IC95% pontual, não simultâneo"
Pré,tipo_doencas_infecciosas,Tipologia,Doenças infecciosas,6,CR1,4,0.002480845089260991,0.0025875831539898773,0.34651607580984484,-0.0028380082587015775,0.00779969843722356,calculado,0.011030416571173122,0.007400208760277859,0.14811152093499264,-0.004180930387680901,0.026241763530027145,calculado,"IC95% pontual, não simultâneo"
Pré,tipo_doencas_infecciosas,Tipologia,Doenças infecciosas,6,CR1,5,0.003448838006448376,0.002209116540781948,0.13057117685706918,-0.0010920660765218275,0.00798974208941858,calculado,0.014479254577621498,0.008057233957383178,0.08395435143012152,-0.0020826270158126447,0.03104113617105564,calculado,"IC95% pontual, não simultâneo"
Pré,tipo_doencas_infecciosas,Tipologia,Doenças infecciosas,6,CR1,6,0.0008948558856585668,0.002249842727790901,0.6940676147811129,-0.0037297620736322155,0.005519473844949349,calculado,0.015374110463280065,0.008541898474552318,0.08350042959713197,-0.0021840133130608796,0.03293223423962101,calculado,"IC95% pontual, não simultâneo"
Pré,tipo_doencas_infecciosas,Tipologia,Doenças infecciosas,6,DK6,0,0.002983105375255597,0.003459745363708116,0.391236938085759,-0.003906127787152774,0.009872338537663969,calculado,0.002983105375255597,0.003459745363708116,0.391236938085759,-0.003906127787152774,0.009872338537663969,calculado,"IC95% pontual, não simultâneo"
Pré,tipo_doencas_infecciosas,Tipologia,Doenças infecciosas,6,DK6,1,0.0026704048160510517,0.0031539075665333897,0.39978775715153314,-0.0036098274884572446,0.008950637120559348,calculado,0.005653510191306649,0.006403395418772944,0.38004245306153184,-0.007097279081734823,0.01840429946434812,calculado,"IC95% pontual, não simultâneo"
Pré,tipo_doencas_infecciosas,Tipologia,Doenças infecciosas,6,DK6,2,0.0022690028606754684,0.0023015739081295155,0.3272952445238667,-0.002314016300198651,0.006852022021549588,calculado,0.007922513051982117,0.008239949952211013,0.3393225944923134,-0.008485323508138373,0.024330349612102606,calculado,"IC95% pontual, não simultâneo"
Pré,tipo_doencas_infecciosas,Tipologia,Doenças infecciosas,6,DK6,3,0.0006270584299300128,0.0032897555700932097,0.8493332608241505,-0.005923681808771512,0.007177798668631538,calculado,0.00854957148191213,0.009841401602206172,0.38769176126656146,-0.011047162715263199,0.02814630567908746,calculado,"IC95% pontual, não simultâneo"
Pré,tipo_doencas_infecciosas,Tipologia,Doenças infecciosas,6,DK6,4,0.002480845089260991,0.0029428800487850053,0.4018400341200424,-0.003379177742982934,0.008340867921504916,calculado,0.011030416571173122,0.01166694568669288,0.34739085070714165,-0.012201440308211629,0.03426227345055787,calculado,"IC95% pontual, não simultâneo"
Pré,tipo_doencas_infecciosas,Tipologia,Doenças infecciosas,6,DK6,5,0.003448838006448376,0.0022720785704502364,0.13312933639347668,-0.0010754484336284145,0.007973124446525167,calculado,0.014479254577621498,0.013238789760611453,0.27749662877120784,-0.011882543722818798,0.04084105287806179,calculado,"IC95% pontual, não simultâneo"
Pré,tipo_doencas_infecciosas,Tipologia,Doenças infecciosas,6,DK6,6,0.0008948558856585668,0.002568164439123865,0.7284592977435116,-0.004219012841826974,0.006008724613144108,calculado,0.015374110463280065,0.015066308149568029,0.31072008290505765,-0.01462674186182311,0.04537496278838324,calculado,"IC95% pontual, não simultâneo"
Pré,tipo_enxurradas,Tipologia,Enxurradas,6,CR1,0,0.0010015684750159573,0.0007378570297861353,0.18632014601413255,-0.0005151183712190355,0.00251825532125095,calculado,0.0010015684750159573,0.0007378570297861353,0.18632014601413255,-0.0005151183712190355,0.00251825532125095,calculado,"IC95% pontual, não simultâneo"
Pré,tipo_enxurradas,Tipologia,Enxurradas,6,CR1,1,0.001136933448338457,0.0009446394226211428,0.2396026424749012,-0.0008048006937619089,0.003078667590438823,calculado,0.0021385019233544143,0.0015326725659934586,0.17473724764652404,-0.0010119516558454522,0.005288955502554281,calculado,"IC95% pontual, não simultâneo"
Pré,tipo_enxurradas,Tipologia,Enxurradas,6,CR1,2,0.0007908507880695276,0.0009718772724056938,0.42318673483615327,-0.0012068715561083152,0.0027885731322473705,calculado,0.002929352711423942,0.00216330642064472,0.18735491576696456,-0.001517387321016423,0.007376092743864307,calculado,"IC95% pontual, não simultâneo"
Pré,tipo_enxurradas,Tipologia,Enxurradas,6,CR1,3,0.0007419381516335163,0.0014428145895215017,0.611434820805237,-0.002223809711631364,0.0037076860148983963,calculado,0.003671290863057458,0.002845626411455024,0.20835487795918758,-0.0021779779970680225,0.009520559723182938,calculado,"IC95% pontual, não simultâneo"
Pré,tipo_enxurradas,Tipologia,Enxurradas,6,CR1,4,0.0007120826797528046,0.0015689492182978328,0.6536957734476582,-0.002512938626194115,0.003937103985699724,calculado,0.004383373542810263,0.0036742601259586467,0.24364483791966,-0.0031691763113294077,0.011935923396949934,calculado,"IC95% pontual, não simultâneo"
Pré,tipo_enxurradas,Tipologia,Enxurradas,6,CR1,5,0.0008886804563165163,0.0009218678273283738,0.3439271213904568,-0.0010062460012947015,0.002783606913927734,calculado,0.005272053999126779,0.004307156584482982,0.23192039206475507,-0.0035814331571224827,0.01412554115537604,calculado,"IC95% pontual, não simultâneo"
Pré,tipo_enxurradas,Tipologia,Enxurradas,6,CR1,6,0.0010575053361518846,0.0009305725324625751,0.2661541919817117,-0.0008553138991173896,0.0029703245714211585,calculado,0.0063295593352786636,0.004298543009600787,0.1528918054306551,-0.0025062223642282914,0.015165341034785618,calculado,"IC95% pontual, não simultâneo"
Pré,tipo_enxurradas,Tipologia,Enxurradas,6,DK6,0,0.0010015684750159573,0.00086388321823982,0.24988419295804123,-0.0007186427804063472,0.0027217797304382617,calculado,0.0010015684750159573,0.00086388321823982,0.24988419295804123,-0.0007186427804063472,0.0027217797304382617,calculado,"IC95% pontual, não simultâneo"
Pré,tipo_enxurradas,Tipologia,Enxurradas,6,DK6,1,0.001136933448338457,0.0009364150815737585,0.22840721683387344,-0.0007277071987532623,0.0030015740954301763,calculado,0.0021385019233544143,0.0017298897995523229,0.2201393787944191,-0.00130614874354168,0.005583152590250509,calculado,"IC95% pontual, não simultâneo"
Pré,tipo_enxurradas,Tipologia,Enxurradas,6,DK6,2,0.0007908507880695276,0.0010910430760269394,0.4707364483027035,-0.0013816935326271787,0.002963395108766234,calculado,0.002929352711423942,0.002715347286174373,0.2840388602494087,-0.0024775945071767004,0.008336299930024584,calculado,"IC95% pontual, não simultâneo"
Pré,tipo_enxurradas,Tipologia,Enxurradas,6,DK6,3,0.0007419381516335163,0.0011823668263525621,0.5321863691257449,-0.0016124549883024379,0.0030963312915694703,calculado,0.003671290863057458,0.0036690054294277272,0.3201433516698647,-0.003634632324994351,0.010977214051109267,calculado,"IC95% pontual, não simultâneo"
Pré,tipo_enxurradas,Tipologia,Enxurradas,6,DK6,4,0.0007120826797528046,0.0010832799414552052,0.5129228156944001,-0.0014450032651059448,0.002869168624611554,calculado,0.004383373542810263,0.004555140948271851,0.3389154648895685,-0.0046870708920496735,0.0134538179776702,calculado,"IC95% pontual, não simultâneo"
Pré,tipo_enxurradas,Tipologia,Enxurradas,6,DK6,5,0.0008886804563165163,0.0006338745305009451,0.16493919016937247,-0.00037352498866823926,0.002150885901301272,calculado,0.005272053999126779,0.004853329484322441,0.2807460020688423,-0.004392159668798323,0.014936267667051882,calculado,"IC95% pontual, não simultâneo"
Pré,tipo_enxurradas,Tipologia,Enxurradas,6,DK6,6,0.0010575053361518846,0.0006169632045452087,0.09054268420221663,-0.00017102535669166513,0.0022860360289954345,calculado,0.0063295593352786636,0.0047877672579804045,0.19007301685174208,-0.0032041032612714097,0.015863221931828736,calculado,"IC95% pontual, não simultâneo"
Pré,tipo_erosao,Tipologia,Erosão,6,CR1,0,-7.658683416767538e-05,0.0018537287309426647,0.9673603997419532,-0.0038869808118784173,0.0037338071435430663,calculado,-7.658683416767538e-05,0.0018537287309426647,0.9673603997419532,-0.0038869808118784173,0.0037338071435430663,calculado,"IC95% pontual, não simultâneo"
Pré,tipo_erosao,Tipologia,Erosão,6,CR1,1,0.0008564002869180943,0.0012500189805980178,0.4993375818200151,-0.0017130505265634864,0.0034258511003996753,calculado,0.0007798134527504189,0.0027690530112043413,0.7804662368227302,-0.0049120565289428,0.006471683434443637,calculado,"IC95% pontual, não simultâneo"
Pré,tipo_erosao,Tipologia,Erosão,6,CR1,2,0.0005843607928353256,0.0015082040690679091,0.7015732887531955,-0.0025157970706147312,0.0036845186562853823,calculado,0.0013641742455857446,0.003993186712467487,0.7353785635656195,-0.006843938595888731,0.009572287087060219,calculado,"IC95% pontual, não simultâneo"
Pré,tipo_erosao,Tipologia,Erosão,6,CR1,3,0.0017540922263068403,0.0019948297581829366,0.3872831320370994,-0.0023463390667190307,0.005854523519332711,calculado,0.0031182664718925847,0.005047631691785291,0.5421018192507714,-0.0072572890659988116,0.013493822009783982,calculado,"IC95% pontual, não simultâneo"
Pré,tipo_erosao,Tipologia,Erosão,6,CR1,4,0.0010004343979804124,0.0027493412099832675,0.7188888916596395,-0.004650917396014212,0.006651786191975036,calculado,0.004118700869872997,0.006973032727993575,0.5598471889042593,-0.010214573179138021,0.018451974918884013,calculado,"IC95% pontual, não simultâneo"
Pré,tipo_erosao,Tipologia,Erosão,6,CR1,5,-0.002284913648862672,0.0033968668934968205,0.5071026244459754,-0.009267273547596752,0.004697446249871409,calculado,0.001833787221010325,0.009425350022975842,0.8472504195413711,-0.017540297220729802,0.02120787166275045,calculado,"IC95% pontual, não simultâneo"
Pré,tipo_erosao,Tipologia,Erosão,6,CR1,6,-0.0027031808045205226,0.0030394084524173436,0.3819556616792278,-0.008950774354524349,0.0035444127454833047,calculado,-0.0008693935835101976,0.01182400497938758,0.9419488523969242,-0.02517398390130129,0.023435196734280895,calculado,"IC95% pontual, não simultâneo"
Pré,tipo_erosao,Tipologia,Erosão,6,DK6,0,-7.658683416767538e-05,0.0017635037615728372,0.9654721521280013,-0.003588171450683537,0.003434997782348186,calculado,-7.658683416767538e-05,0.0017635037615728372,0.9654721521280013,-0.003588171450683537,0.003434997782348186,calculado,"IC95% pontual, não simultâneo"
Pré,tipo_erosao,Tipologia,Erosão,6,DK6,1,0.0008564002869180943,0.0023955513138962724,0.7216984597878725,-0.003913751796256277,0.005626552370092466,calculado,0.0007798134527504189,0.003764468188842409,0.8364387605729883,-0.00671620037458178,0.008275827280082618,calculado,"IC95% pontual, não simultâneo"
Pré,tipo_erosao,Tipologia,Erosão,6,DK6,2,0.0005843607928353256,0.0021059230492000724,0.782151825309791,-0.0036090677352340283,0.00477778932090468,calculado,0.0013641742455857446,0.005424653742559708,0.802115481996279,-0.009437691362746324,0.012166039853917815,calculado,"IC95% pontual, não simultâneo"
Pré,tipo_erosao,Tipologia,Erosão,6,DK6,3,0.0017540922263068403,0.0023063271777784425,0.4492446956808406,-0.002838391903648172,0.006346576356261852,calculado,0.0031182664718925847,0.007039621776571605,0.6590370954312812,-0.010899411332577411,0.017135944276362582,calculado,"IC95% pontual, não simultâneo"
Pré,tipo_erosao,Tipologia,Erosão,6,DK6,4,0.0010004343979804124,0.002638185915850069,0.7055734429467461,-0.004252864902807768,0.0062537336987685925,calculado,0.004118700869872997,0.008668804562071579,0.63604816499711,-0.013143094317114915,0.021380496056860907,calculado,"IC95% pontual, não simultâneo"
Pré,tipo_erosao,Tipologia,Erosão,6,DK6,5,-0.002284913648862672,0.002267356193203293,0.31673393763547236,-0.006799796634489805,0.0022299693367644606,calculado,0.001833787221010325,0.010142110234341088,0.8569923719383585,-0.018361734361634886,0.022029308803655535,calculado,"IC95% pontual, não simultâneo"
Pré,tipo_erosao,Tipologia,Erosão,6,DK6,6,-0.0027031808045205226,0.0021683233561973214,0.21629812713988814,-0.007020864218171732,0.0016145026091306872,calculado,-0.0008693935835101976,0.011152527479342757,0.9380661898347115,-0.023076912946441205,0.02133812577942081,calculado,"IC95% pontual, não simultâneo"
Pré,tipo_estiagem_e_seca,Tipologia,Estiagem e Seca,6,CR1,0,-0.0008340362885354996,0.0004028700325575688,0.048498278941331775,-0.001662147500404595,-5.925076666404069e-06,calculado,-0.0008340362885354996,0.0004028700325575688,0.048498278941331775,-0.001662147500404595,-5.925076666404069e-06,calculado,"IC95% pontual, não simultâneo"
Pré,tipo_estiagem_e_seca,Tipologia,Estiagem e Seca,6,CR1,1,-0.0006496785128223311,0.0006551861217263965,0.33053490377754585,-0.0019964328738211923,0.00069707584817653,calculado,-0.0014837148013578307,0.0009574640657428448,0.1333183252932741,-0.003451810374934944,0.0004843807722192822,calculado,"IC95% pontual, não simultâneo"
Pré,tipo_estiagem_e_seca,Tipologia,Estiagem e Seca,6,CR1,2,-0.00018024364845584297,0.0008039869249045178,0.824363975380671,-0.0018328624408810365,0.0014723751439693507,calculado,-0.0016639584498136736,0.001673991911502392,0.32938127064825495,-0.005104898103956896,0.0017769812043295487,calculado,"IC95% pontual, não simultâneo"
Pré,tipo_estiagem_e_seca,Tipologia,Estiagem e Seca,6,CR1,3,-0.00018008796972212812,0.0009194888843654529,0.8462451069313892,-0.0020701244400402096,0.0017099485005959533,calculado,-0.0018440464195358017,0.0024337644381218063,0.45544769381496,-0.006846720868817307,0.003158628029745703,calculado,"IC95% pontual, não simultâneo"
Pré,tipo_estiagem_e_seca,Tipologia,Estiagem e Seca,6,CR1,4,-4.843082064996723e-05,0.0008583834395057248,0.9554378166586875,-0.0018128632501975086,0.0017160016088975743,calculado,-0.0018924772401857689,0.0031892317146648575,0.5580435315339374,-0.008448036916332873,0.0046630824359613346,calculado,"IC95% pontual, não simultâneo"
Pré,tipo_estiagem_e_seca,Tipologia,Estiagem e Seca,6,CR1,5,-0.00028645046873188636,0.000623390442678505,0.6496912769144398,-0.0015678478754261663,0.0009949469379623935,calculado,-0.0021789277089176553,0.003639495689275228,0.5545606622438056,-0.009660018240036723,0.005302162822201412,calculado,"IC95% pontual, não simultâneo"
Pré,tipo_estiagem_e_seca,Tipologia,Estiagem e Seca,6,CR1,6,0.00022082881902254665,0.000492544779364935,0.6576200345703378,-0.0007916114748119362,0.0012332691128570294,calculado,-0.0019580988898951087,0.003952284032116249,0.6244548559620813,-0.010082135067788215,0.006165937287997997,calculado,"IC95% pontual, não simultâneo"
Pré,tipo_estiagem_e_seca,Tipologia,Estiagem e Seca,6,DK6,0,-0.0008340362885354996,0.0003614283470204786,0.02370795040134705,-0.001553732073157986,-0.0001143405039130132,calculado,-0.0008340362885354996,0.0003614283470204786,0.02370795040134705,-0.001553732073157986,-0.0001143405039130132,calculado,"IC95% pontual, não simultâneo"
Pré,tipo_estiagem_e_seca,Tipologia,Estiagem e Seca,6,DK6,1,-0.0006496785128223311,0.0007025067831090819,0.35795902914211436,-0.002048548232478445,0.0007491912068337827,calculado,-0.0014837148013578307,0.000963624033188279,0.1277273654334096,-0.0034025353929458737,0.0004351057902302125,calculado,"IC95% pontual, não simultâneo"
Pré,tipo_estiagem_e_seca,Tipologia,Estiagem e Seca,6,DK6,2,-0.00018024364845584297,0.0008316065249054482,0.8289830284890748,-0.0018361837964074768,0.001475696499495791,calculado,-0.0016639584498136736,0.0016234744663121126,0.30860227801311585,-0.00489670911665848,0.0015687922170311323,calculado,"IC95% pontual, não simultâneo"
Pré,tipo_estiagem_e_seca,Tipologia,Estiagem e Seca,6,DK6,3,-0.00018008796972212812,0.0008411421588030995,0.8310355470826299,-0.0018550159905852746,0.0014948400511410184,calculado,-0.0018440464195358017,0.0024050585291318367,0.4455825903646684,-0.006633129786835895,0.002945036947764291,calculado,"IC95% pontual, não simultâneo"
Pré,tipo_estiagem_e_seca,Tipologia,Estiagem e Seca,6,DK6,4,-4.843082064996723e-05,0.0007198212602104049,0.9465318199762283,-0.001481778068937942,0.0013849164276380076,calculado,-0.0018924772401857689,0.002984267544187417,0.527861575863014,-0.007834913104563863,0.004049958624192326,calculado,"IC95% pontual, não simultâneo"
Pré,tipo_estiagem_e_seca,Tipologia,Estiagem e Seca,6,DK6,5,-0.00028645046873188636,0.0006996522438475943,0.6833693599850282,-0.0016796360745367543,0.0011067351370729816,calculado,-0.0021789277089176553,0.003530503399510595,0.5389420895258704,-0.00920905812112676,0.004851202703291451,calculado,"IC95% pontual, não simultâneo"
Pré,tipo_estiagem_e_seca,Tipologia,Estiagem e Seca,6,DK6,6,0.00022082881902254665,0.0004311750788953001,0.6100078722395138,-0.0006377504520096531,0.0010794080900547464,calculado,-0.0019580988898951087,0.003802319440130644,0.6080457984599013,-0.009529484187725954,0.005613286407935738,calculado,"IC95% pontual, não simultâneo"
Pré,tipo_granizo,Tipologia,Granizo,6,CR1,0,0.0014152453899994883,0.0020287279001869095,0.4916176960072685,-0.002754864531830845,0.005585355311829822,calculado,0.0014152453899994883,0.0020287279001869095,0.4916176960072685,-0.002754864531830845,0.005585355311829822,calculado,"IC95% pontual, não simultâneo"
Pré,tipo_granizo,Tipologia,Granizo,6,CR1,1,0.0013055009022460969,0.001753862536515892,0.4633352358780552,-0.0022996151728951805,0.004910616977387375,calculado,0.002720746292245585,0.0036608828190836827,0.4640272494293531,-0.004804306113802837,0.010245798698294006,calculado,"IC95% pontual, não simultâneo"
Pré,tipo_granizo,Tipologia,Granizo,6,CR1,2,0.00022032768364601277,0.0010882279781438487,0.841129477067833,-0.0020165569613834816,0.0024572123286755072,calculado,0.0029410739758915978,0.004489504160407468,0.5181579062027427,-0.00628723399073561,0.012169381942518804,calculado,"IC95% pontual, não simultâneo"
Pré,tipo_granizo,Tipologia,Granizo,6,CR1,3,0.0019886843182801562,0.0013507816902821044,0.15295679683394428,-0.0007878872112744898,0.004765255847834802,calculado,0.004929758294171754,0.005455074641434466,0.37445112007855286,-0.006283308221291009,0.01614282480963452,calculado,"IC95% pontual, não simultâneo"
Pré,tipo_granizo,Tipologia,Granizo,6,CR1,4,0.0042468237942517185,0.0015133159750279634,0.009368090080938526,0.001136158257613196,0.007357489330890241,calculado,0.009176582088423473,0.006563714351290553,0.17390367690878833,-0.004315325987496971,0.022668490164343916,calculado,"IC95% pontual, não simultâneo"
Pré,tipo_granizo,Tipologia,Granizo,6,CR1,5,0.0034763896979667524,0.0019638028731463115,0.08841511532066644,-0.0005602649194769477,0.007513044315410453,calculado,0.012652971786390224,0.008394771696900035,0.14380336663421775,-0.004602728567273786,0.029908672140054236,calculado,"IC95% pontual, não simultâneo"
Pré,tipo_granizo,Tipologia,Granizo,6,CR1,6,0.0016737103740310116,0.0013332945563531828,0.22052849853387577,-0.0010669158369352454,0.004414336584997269,calculado,0.014326682160421236,0.009572703868501361,0.14653443477958514,-0.005350292448693832,0.0340036567695363,calculado,"IC95% pontual, não simultâneo"
Pré,tipo_granizo,Tipologia,Granizo,6,DK6,0,0.0014152453899994883,0.0011554234687964108,0.2243575237305453,-0.0008854966707762587,0.0037159874507752353,calculado,0.0014152453899994883,0.0011554234687964108,0.2243575237305453,-0.0008854966707762587,0.0037159874507752353,calculado,"IC95% pontual, não simultâneo"
Pré,tipo_granizo,Tipologia,Granizo,6,DK6,1,0.0013055009022460969,0.001769045110996728,0.46277631279059306,-0.0022171179506664702,0.004828119755158664,calculado,0.002720746292245585,0.002796361537333084,0.33362010603538494,-0.0028475209100639392,0.00828901349455511,calculado,"IC95% pontual, não simultâneo"
Pré,tipo_granizo,Tipologia,Granizo,6,DK6,2,0.00022032768364601277,0.00170513208000229,0.8975249030700442,-0.003175024065376286,0.0036156794326683115,calculado,0.0029410739758915978,0.004324915788581126,0.49852474393773333,-0.005670933597805192,0.011553081549588387,calculado,"IC95% pontual, não simultâneo"
Pré,tipo_granizo,Tipologia,Granizo,6,DK6,3,0.0019886843182801562,0.0014793374558540909,0.1827961979291431,-0.0009570528929519727,0.004934421529512285,calculado,0.004929758294171754,0.005529909381967466,0.37545340061883103,-0.006081698068770427,0.015941214657113935,calculado,"IC95% pontual, não simultâneo"
Pré,tipo_granizo,Tipologia,Granizo,6,DK6,4,0.0042468237942517185,0.0012033140891474362,0.0007067146053182648,0.0018507193252041156,0.006642928263299321,calculado,0.009176582088423473,0.006242369079570327,0.14562320581759092,-0.003253562778907485,0.02160672695575443,calculado,"IC95% pontual, não simultâneo"
Pré,tipo_granizo,Tipologia,Granizo,6,DK6,5,0.0034763896979667524,0.001465447013938414,0.0201780173645003,0.0005583118902531023,0.006394467505680403,calculado,0.012652971786390224,0.007148631309615611,0.08068822025244364,-0.001581771729892885,0.026887715302673334,calculado,"IC95% pontual, não simultâneo"
Pré,tipo_granizo,Tipologia,Granizo,6,DK6,6,0.0016737103740310116,0.0013275303158082332,0.21119864726909698,-0.0009697402023334631,0.004317160950395487,calculado,0.014326682160421236,0.008042872210230324,0.07880864265460605,-0.0016887224797469888,0.03034208680058946,calculado,"IC95% pontual, não simultâneo"
Pré,tipo_incendio_florestal,Tipologia,Incêndio Florestal,6,CR1,0,-0.001291249776613124,0.0029725647435111225,0.6675897178288782,-0.007401444115172139,0.004818944561945891,calculado,-0.001291249776613124,0.0029725647435111225,0.6675897178288782,-0.007401444115172139,0.004818944561945891,calculado,"IC95% pontual, não simultâneo"
Pré,tipo_incendio_florestal,Tipologia,Incêndio Florestal,6,CR1,1,0.00044081713891823486,0.002907466197398889,0.8806604731452098,-0.005535565221694233,0.006417199499530703,calculado,-0.0008504326376948892,0.0057920982684661485,0.8844016695288709,-0.012756261140039471,0.011055395864649691,calculado,"IC95% pontual, não simultâneo"
Pré,tipo_incendio_florestal,Tipologia,Incêndio Florestal,6,CR1,2,0.0010597712984882343,0.00138792878284579,0.45200119666828853,-0.001793157173391059,0.003912699770367527,calculado,0.00020933866079334506,0.006214621526971189,0.9733857240209443,-0.01256499883791966,0.01298367615950635,calculado,"IC95% pontual, não simultâneo"
Pré,tipo_incendio_florestal,Tipologia,Incêndio Florestal,6,CR1,3,-0.0024908075196637012,0.0020052952422984086,0.22528184467338658,-0.006612750923378574,0.0016311358840511714,calculado,-0.002281468858870356,0.006275435932250271,0.7191294978690971,-0.015180812157928072,0.010617874440187362,calculado,"IC95% pontual, não simultâneo"
Pré,tipo_incendio_florestal,Tipologia,Incêndio Florestal,6,CR1,4,-0.0001996348256985656,0.001736202256311135,0.909341519039317,-0.0037684496749842834,0.003369180023587152,calculado,-0.0024811036845689216,0.006895093162430611,0.7218761246933938,-0.016654170662130232,0.011691963292992387,calculado,"IC95% pontual, não simultâneo"
Pré,tipo_incendio_florestal,Tipologia,Incêndio Florestal,6,CR1,5,0.00023608157956913072,0.0019171310854405551,0.9029407282849078,-0.003704637804291297,0.004176800963429558,calculado,-0.002245022104999791,0.008268287022564227,0.7881338706733513,-0.019240729487029394,0.01475068527702981,calculado,"IC95% pontual, não simultâneo"
Pré,tipo_incendio_florestal,Tipologia,Incêndio Florestal,6,CR1,6,-1.1126882315073306e-05,0.0018984496779071666,0.9953683364564501,-0.003913446083035336,0.003891192318405189,calculado,-0.0022561489873148643,0.009490416857352298,0.8139545920699036,-0.021763980222595097,0.017251682247965368,calculado,"IC95% pontual, não simultâneo"
Pré,tipo_incendio_florestal,Tipologia,Incêndio Florestal,6,DK6,0,-0.001291249776613124,0.0022195473599305473,0.5624259359599687,-0.005710933212847511,0.003128433659621263,calculado,-0.001291249776613124,0.0022195473599305473,0.5624259359599687,-0.005710933212847511,0.003128433659621263,calculado,"IC95% pontual, não simultâneo"
Pré,tipo_incendio_florestal,Tipologia,Incêndio Florestal,6,DK6,1,0.00044081713891823486,0.0017097435900403596,0.7972286703137017,-0.0029637172997367474,0.0038453515775732174,calculado,-0.0008504326376948892,0.0036232815804441514,0.8150542373988945,-0.008065308010484079,0.0063644427350943,calculado,"IC95% pontual, não simultâneo"
Pré,tipo_incendio_florestal,Tipologia,Incêndio Florestal,6,DK6,2,0.0010597712984882343,0.002003543524853408,0.5983627162492584,-0.002929793551728052,0.005049336148704521,calculado,0.00020933866079334506,0.005132389805810704,0.9675706761166423,-0.010010555098873757,0.010429232420460448,calculado,"IC95% pontual, não simultâneo"
Pré,tipo_incendio_florestal,Tipologia,Incêndio Florestal,6,DK6,3,-0.0024908075196637012,0.0026171738090966937,0.34421870429188367,-0.007702266370522854,0.0027206513311954514,calculado,-0.002281468858870356,0.00744770383933792,0.7601787726864627,-0.017111741864502938,0.012548804146762224,calculado,"IC95% pontual, não simultâneo"
Pré,tipo_incendio_florestal,Tipologia,Incêndio Florestal,6,DK6,4,-0.0001996348256985656,0.002552781144826793,0.9378695421379724,-0.005282871500799509,0.004883601849402378,calculado,-0.0024811036845689216,0.009695736288098722,0.7987132443235437,-0.021787781184772162,0.01682557381563432,calculado,"IC95% pontual, não simultâneo"
Pré,tipo_incendio_florestal,Tipologia,Incêndio Florestal,6,DK6,5,0.00023608157956913072,0.0019531819433914748,0.9041086660702302,-0.0036532005502023703,0.004125363709340631,calculado,-0.002245022104999791,0.011269119874706645,0.8426166163468685,-0.024684706587668,0.02019466237766842,calculado,"IC95% pontual, não simultâneo"
Pré,tipo_incendio_florestal,Tipologia,Incêndio Florestal,6,DK6,6,-1.1126882315073306e-05,0.0018658020357811814,0.9952571938042888,-0.0037264133869889466,0.0037041596223588,calculado,-0.0022561489873148643,0.012592276307263606,0.8582754114259649,-0.02733057453209854,0.02281827655746881,calculado,"IC95% pontual, não simultâneo"
Pré,tipo_inundacoes,Tipologia,Inundações,6,CR1,0,0.0001439032968540192,0.0010482268652580238,0.8918650287539079,-0.0020107578830601855,0.0022985644767682238,calculado,0.0001439032968540192,0.0010482268652580238,0.8918650287539079,-0.0020107578830601855,0.0022985644767682238,calculado,"IC95% pontual, não simultâneo"
Pré,tipo_inundacoes,Tipologia,Inundações,6,CR1,1,0.0019465121423667964,0.0009384232064167108,0.04809679947865546,1.7555615671609225e-05,0.0038754686690619837,calculado,0.0020904154392208155,0.0017480269213032869,0.242539644303339,-0.0015027053570583603,0.005683536235499991,calculado,"IC95% pontual, não simultâneo"
Pré,tipo_inundacoes,Tipologia,Inundações,6,CR1,2,0.0008383032418606013,0.0009838047219290647,0.40193775820197947,-0.0011839363259404574,0.00286054280966166,calculado,0.002928718681081417,0.0025057875453609454,0.2530964724304587,-0.0022220013853926717,0.008079438747555505,calculado,"IC95% pontual, não simultâneo"
Pré,tipo_inundacoes,Tipologia,Inundações,6,CR1,3,-0.0002726872076962355,0.0019185260663924224,0.8880700766522247,-0.004216274015969572,0.0036708996005771007,calculado,0.0026560314733851814,0.003677517833590256,0.4765963992854096,-0.004903214694693753,0.010215277641464116,calculado,"IC95% pontual, não simultâneo"
Pré,tipo_inundacoes,Tipologia,Inundações,6,CR1,4,0.0015861883640421238,0.0016234377436752383,0.3375458235889931,-0.0017508357098862917,0.00492321243797054,calculado,0.004242219837427305,0.004908132196269911,0.3953139555993814,-0.005846590380756399,0.014331030055611009,calculado,"IC95% pontual, não simultâneo"
Pré,tipo_inundacoes,Tipologia,Inundações,6,CR1,5,0.0013846624510112353,0.002234060126248701,0.5407861066459628,-0.003207513906191184,0.005976838808213655,calculado,0.00562688228843854,0.006744560340141727,0.411720714042122,-0.008236760041425973,0.019490524618303053,calculado,"IC95% pontual, não simultâneo"
Pré,tipo_inundacoes,Tipologia,Inundações,6,CR1,6,0.001173142361361311,0.00179766415167042,0.5197477596332426,-0.002522009223190205,0.0048682939459128265,calculado,0.006800024649799851,0.007991820136648932,0.40260839510495533,-0.009627396909420941,0.023227446209020643,calculado,"IC95% pontual, não simultâneo"
Pré,tipo_inundacoes,Tipologia,Inundações,6,DK6,0,0.0001439032968540192,0.0007440785562362739,0.8471565397127733,-0.0013377463987657044,0.0016255529924737427,calculado,0.0001439032968540192,0.0007440785562362739,0.8471565397127733,-0.0013377463987657044,0.0016255529924737427,calculado,"IC95% pontual, não simultâneo"
Pré,tipo_inundacoes,Tipologia,Inundações,6,DK6,1,0.0019465121423667964,0.001117002347991486,0.08539215897678004,-0.00027772369273039617,0.004170747977463989,calculado,0.0020904154392208155,0.0015295573030331235,0.1757030105198798,-0.0009553222634422951,0.005136153141883926,calculado,"IC95% pontual, não simultâneo"
Pré,tipo_inundacoes,Tipologia,Inundações,6,DK6,2,0.0008383032418606013,0.0008312958690814174,0.31640682383913105,-0.0008170183113159783,0.002493624795037181,calculado,0.002928718681081417,0.0021177344232401417,0.1706778357316753,-0.0012882292974608013,0.007145666659623635,calculado,"IC95% pontual, não simultâneo"
Pré,tipo_inundacoes,Tipologia,Inundações,6,DK6,3,-0.0002726872076962355,0.0012245010595526087,0.8243644987212239,-0.0027109803246881015,0.0021656059092956307,calculado,0.0026560314733851814,0.002884327861753344,0.36000517966304546,-0.0030873990590723453,0.008399462005842708,calculado,"IC95% pontual, não simultâneo"
Pré,tipo_inundacoes,Tipologia,Inundações,6,DK6,4,0.0015861883640421238,0.001426309484483607,0.2695584282965941,-0.0012539566661199995,0.004426333394204247,calculado,0.004242219837427305,0.003868538843530239,0.2762362942285431,-0.0034610251384829815,0.011945464813337591,calculado,"IC95% pontual, não simultâneo"
Pré,tipo_inundacoes,Tipologia,Inundações,6,DK6,5,0.0013846624510112353,0.0017081478744975739,0.42008111462372416,-0.0020166945120553854,0.004786019414077856,calculado,0.00562688228843854,0.005105198444647249,0.2738136439890829,-0.004538866553795238,0.015792631130672318,calculado,"IC95% pontual, não simultâneo"
Pré,tipo_inundacoes,Tipologia,Inundações,6,DK6,6,0.001173142361361311,0.0011366743731206445,0.30526406321317945,-0.0010902654802405088,0.0034365502029631307,calculado,0.006800024649799851,0.005894944033627297,0.2522589212497544,-0.004938308567729038,0.018538357867328742,calculado,"IC95% pontual, não simultâneo"
Pré,tipo_movimento_de_massa,Tipologia,Movimento de Massa,6,CR1,0,0.001047744370256013,0.0018398039599343378,0.5739134974619104,-0.0027340268307207522,0.0048295155712327785,calculado,0.001047744370256013,0.0018398039599343378,0.5739134974619104,-0.0027340268307207522,0.0048295155712327785,calculado,"IC95% pontual, não simultâneo"
Pré,tipo_movimento_de_massa,Tipologia,Movimento de Massa,6,CR1,1,0.0029996340502882607,0.0019289095579025938,0.13201352596661164,-0.0009652963304601315,0.006964564431036653,calculado,0.004047378420544274,0.0034633642580272467,0.25315801888114153,-0.0030716687685742646,0.011166425609662812,calculado,"IC95% pontual, não simultâneo"
Pré,tipo_movimento_de_massa,Tipologia,Movimento de Massa,6,CR1,2,0.0040528311741334245,0.0020422697450054564,0.057850788522347284,-0.0001451144083749658,0.008250776756641815,calculado,0.008100209594677698,0.00510413585650617,0.12460353731419349,-0.002391491917203392,0.01859191110655879,calculado,"IC95% pontual, não simultâneo"
Pré,tipo_movimento_de_massa,Tipologia,Movimento de Massa,6,CR1,3,0.004147863794376094,0.0015924240157621661,0.015004404678666181,0.0008745893511750585,0.007421138237577131,calculado,0.012248073389053793,0.006132538162622296,0.05636641369925713,-0.0003575393378172139,0.024853686115924797,calculado,"IC95% pontual, não simultâneo"
Pré,tipo_movimento_de_massa,Tipologia,Movimento de Massa,6,CR1,4,0.005322955266832246,0.0017959439099600534,0.006423754622248995,0.0016313396897579702,0.009014570843906522,calculado,0.01757102865588604,0.0073337818331041344,0.024068571850594404,0.002496224201356194,0.032645833110415884,calculado,"IC95% pontual, não simultâneo"
Pré,tipo_movimento_de_massa,Tipologia,Movimento de Massa,6,CR1,5,0.0027998412560559533,0.0017560765530365912,0.12293800784526912,-0.0008098257952212635,0.006409508307333171,calculado,0.020370869911941994,0.008335998417996393,0.02163256554187392,0.0032359797632699853,0.037505760060614,calculado,"IC95% pontual, não simultâneo"
Pré,tipo_movimento_de_massa,Tipologia,Movimento de Massa,6,CR1,6,0.002472088319466344,0.001126690830890054,0.03736060651247484,0.00015614214832283813,0.00478803449060985,calculado,0.022842958231408337,0.008705832931096719,0.014357354258131382,0.0049478623536324574,0.04073805410918421,calculado,"IC95% pontual, não simultâneo"
Pré,tipo_movimento_de_massa,Tipologia,Movimento de Massa,6,DK6,0,0.001047744370256013,0.0012321601326546513,0.3977773160352386,-0.0014057999097148964,0.0035012886502269226,calculado,0.001047744370256013,0.0012321601326546513,0.3977773160352386,-0.0014057999097148964,0.0035012886502269226,calculado,"IC95% pontual, não simultâneo"
Pré,tipo_movimento_de_massa,Tipologia,Movimento de Massa,6,DK6,1,0.0029996340502882607,0.002062962620764817,0.14999875330075488,-0.0011082493358316224,0.007107517436408144,calculado,0.004047378420544274,0.0032018888027389772,0.21002185492278674,-0.002328396731454567,0.010423153572543115,calculado,"IC95% pontual, não simultâneo"
Pré,tipo_movimento_de_massa,Tipologia,Movimento de Massa,6,DK6,2,0.0040528311741334245,0.002346197782369364,0.08810444421600823,-0.0006190454724600523,0.008724707820726901,calculado,0.008100209594677698,0.005413445768871444,0.13865986852652545,-0.0026793380867842186,0.018879757276139615,calculado,"IC95% pontual, não simultâneo"
Pré,tipo_movimento_de_massa,Tipologia,Movimento de Massa,6,DK6,3,0.004147863794376094,0.0025503236398765443,0.10794906662641315,-0.0009304793631909778,0.009226206951943167,calculado,0.012248073389053793,0.007824605321576849,0.12160679524162528,-0.0033327063497154506,0.027828853127823037,calculado,"IC95% pontual, não simultâneo"
Pré,tipo_movimento_de_massa,Tipologia,Movimento de Massa,6,DK6,4,0.005322955266832246,0.002124522988887038,0.014339452003041538,0.0010924895271072635,0.00955342100655723,calculado,0.01757102865588604,0.009640960565690918,0.07225538713907141,-0.001626576446312089,0.03676863375808417,calculado,"IC95% pontual, não simultâneo"
Pré,tipo_movimento_de_massa,Tipologia,Movimento de Massa,6,DK6,5,0.0027998412560559533,0.0021193590581947055,0.19038743959056223,-0.0014203417839804408,0.007020024296092347,calculado,0.020370869911941994,0.010765809593452516,0.06222588828979708,-0.0010665957609347666,0.04180833558481875,calculado,"IC95% pontual, não simultâneo"
Pré,tipo_movimento_de_massa,Tipologia,Movimento de Massa,6,DK6,6,0.002472088319466344,0.0012964470798557304,0.060274570078658087,-0.0001094676266848154,0.005053644265617503,calculado,0.022842958231408337,0.01148849507608937,0.050328703258840826,-3.355808525243656e-05,0.045719474548069114,calculado,"IC95% pontual, não simultâneo"
Pré,tipo_onda_de_frio,Tipologia,Onda de Frio,6,CR1,0,0.006792994600772738,0.002792897719550105,0.022195936598509252,0.0010521111191189488,0.012533878082426527,calculado,0.006792994600772738,0.002792897719550105,0.022195936598509252,0.0010521111191189488,0.012533878082426527,calculado,"IC95% pontual, não simultâneo"
Pré,tipo_onda_de_frio,Tipologia,Onda de Frio,6,CR1,1,0.006010909669076919,0.0028224408079489615,0.04282887903403221,0.00020929949951085155,0.011812519838642985,calculado,0.012803904269849658,0.005285425542959254,0.022684623282035184,0.0019395564705419182,0.023668252069157396,calculado,"IC95% pontual, não simultâneo"
Pré,tipo_onda_de_frio,Tipologia,Onda de Frio,6,CR1,2,0.0027226673201759585,0.0037555143728000124,0.4749398545332465,-0.004996903030360894,0.010442237670712812,calculado,0.015526571590025616,0.008800674126440658,0.08943792525283756,-0.0025634731567758095,0.03361661633682704,calculado,"IC95% pontual, não simultâneo"
Pré,tipo_onda_de_frio,Tipologia,Onda de Frio,6,CR1,3,0.0038316815088393946,0.00311690769583463,0.22996088580841892,-0.002575214017481214,0.010238577035160004,calculado,0.019358253098865012,0.011764297884277622,0.1119023176866437,-0.00482360752723171,0.043540113724961735,calculado,"IC95% pontual, não simultâneo"
Pré,tipo_onda_de_frio,Tipologia,Onda de Frio,6,CR1,4,0.005989330027106131,0.004842853782848527,0.22724043559303034,-0.0039652984905820185,0.01594395854479428,calculado,0.025347583125971143,0.0162908918467811,0.1318131973394611,-0.008138824646834575,0.05883399089877686,calculado,"IC95% pontual, não simultâneo"
Pré,tipo_onda_de_frio,Tipologia,Onda de Frio,6,CR1,5,-0.00038906640667398516,0.0022481634530640065,0.8639447635046675,-0.005010232567328066,0.004232099753980097,calculado,0.024958516719297157,0.016880243969892558,0.15127080215071345,-0.009739321692290845,0.05965635513088516,calculado,"IC95% pontual, não simultâneo"
Pré,tipo_onda_de_frio,Tipologia,Onda de Frio,6,CR1,6,0.004676834007223162,0.003319817792443868,0.17075298656704724,-0.0021471491960756055,0.01150081721052193,calculado,0.029635350726520317,0.01983762668848308,0.1472407813756524,-0.011141474924464195,0.07041217637750483,calculado,"IC95% pontual, não simultâneo"
Pré,tipo_onda_de_frio,Tipologia,Onda de Frio,6,DK6,0,0.006792994600772738,0.003067876269455877,0.029771101561200976,0.000684072494711003,0.012901916706834472,calculado,0.006792994600772738,0.003067876269455877,0.029771101561200976,0.000684072494711003,0.012901916706834472,calculado,"IC95% pontual, não simultâneo"
Pré,tipo_onda_de_frio,Tipologia,Onda de Frio,6,DK6,1,0.006010909669076919,0.003501330028809152,0.09004510969476558,-0.0009611291404946444,0.012982948478648483,calculado,0.012803904269849658,0.005588005094399187,0.02467989519044161,0.0016767645641745915,0.023931043975524723,calculado,"IC95% pontual, não simultâneo"
Pré,tipo_onda_de_frio,Tipologia,Onda de Frio,6,DK6,2,0.0027226673201759585,0.002833619100762008,0.33963795939396146,-0.002919789169072872,0.00836512380942479,calculado,0.015526571590025616,0.008124801949342885,0.05972536292889998,-0.0006519760032635182,0.03170511918331475,calculado,"IC95% pontual, não simultâneo"
Pré,tipo_onda_de_frio,Tipologia,Onda de Frio,6,DK6,3,0.0038316815088393946,0.0034072979053554452,0.2642726162945734,-0.0029531154215972715,0.01061647843927606,calculado,0.019358253098865012,0.010706285673729754,0.07449239069780791,-0.0019606853072330517,0.04067719150496307,calculado,"IC95% pontual, não simultâneo"
Pré,tipo_onda_de_frio,Tipologia,Onda de Frio,6,DK6,4,0.005989330027106131,0.0027982877901187625,0.035491822144863204,0.00041722716547049586,0.011561432888741766,calculado,0.025347583125971143,0.01298677561682665,0.05459824697216775,-0.0005123909029576233,0.05120755715489991,calculado,"IC95% pontual, não simultâneo"
Pré,tipo_onda_de_frio,Tipologia,Onda de Frio,6,DK6,5,-0.00038906640667398516,0.002563872592930549,0.8797814017279996,-0.0054943889765627545,0.004716256163214785,calculado,0.024958516719297157,0.014698877164884534,0.09354812238518545,-0.004310687042553128,0.05422772048114744,calculado,"IC95% pontual, não simultâneo"
Pré,tipo_onda_de_frio,Tipologia,Onda de Frio,6,DK6,6,0.004676834007223162,0.002647083834645781,0.08122664502509878,-0.0005941833134767895,0.009947851327923113,calculado,0.029635350726520317,0.01565380278645281,0.06209213927608093,-0.0015353528765467833,0.06080605432958742,calculado,"IC95% pontual, não simultâneo"
Pré,tipo_outros,Tipologia,Outros,6,CR1,0,-0.0006396571310551264,0.0025543507608204877,0.8042318514268447,-0.00589020031654146,0.004610886054431208,calculado,-0.0006396571310551264,0.0025543507608204877,0.8042318514268447,-0.00589020031654146,0.004610886054431208,calculado,"IC95% pontual, não simultâneo"
Pré,tipo_outros,Tipologia,Outros,6,CR1,1,0.0009502239609942729,0.0025886892130489465,0.716539351863769,-0.00437090292392509,0.006271350845913636,calculado,0.00031056682993914656,0.004976091242153621,0.9507122246361905,-0.009917935207680605,0.010539068867558898,calculado,"IC95% pontual, não simultâneo"
Pré,tipo_outros,Tipologia,Outros,6,CR1,2,-0.00246993641683168,0.0025817277595103533,0.3475310017071518,-0.00777675382906672,0.0028368809954033595,calculado,-0.0021593695868925337,0.00698667061917848,0.7597315360093958,-0.016520676722715132,0.012201937548930064,calculado,"IC95% pontual, não simultâneo"
Pré,tipo_outros,Tipologia,Outros,6,CR1,3,-0.001993538880146204,0.002782774849534695,0.48013930873654564,-0.007713614504479762,0.0037265367441873544,calculado,-0.004152908467038738,0.00857337041344022,0.6321603173722253,-0.021775723740254934,0.013469906806177458,calculado,"IC95% pontual, não simultâneo"
Pré,tipo_outros,Tipologia,Outros,6,CR1,4,-0.00038854243620764094,0.0030308989524027,0.8989820472801263,-0.006618644458423236,0.0058415595860079545,calculado,-0.0045414509032463786,0.010540468725644538,0.6701222649668375,-0.026207694665903263,0.017124792859410504,calculado,"IC95% pontual, não simultâneo"
Pré,tipo_outros,Tipologia,Outros,6,CR1,5,-0.002200520683212672,0.002811256268311215,0.4408435112150217,-0.007979140702295683,0.0035780993358703393,calculado,-0.006741971586459051,0.011429529955213345,0.5603676784616892,-0.030235706879250646,0.016751763706332544,calculado,"IC95% pontual, não simultâneo"
Pré,tipo_outros,Tipologia,Outros,6,CR1,6,-0.0017336462141321562,0.0026413039444116502,0.5173599519754236,-0.007162924228273844,0.003695631800009531,calculado,-0.008475617800591207,0.011888328812453077,0.4822355142722941,-0.03291242765085478,0.015961192049672362,calculado,"IC95% pontual, não simultâneo"
Pré,tipo_outros,Tipologia,Outros,6,DK6,0,-0.0006396571310551264,0.0024205213503872697,0.7922823806315482,-0.005459530909145205,0.004180216647034953,calculado,-0.0006396571310551264,0.0024205213503872697,0.7922823806315482,-0.005459530909145205,0.004180216647034953,calculado,"IC95% pontual, não simultâneo"
Pré,tipo_outros,Tipologia,Outros,6,DK6,1,0.0009502239609942729,0.0017164954833523872,0.5814677277172715,-0.0024677552148954776,0.004368203136884023,calculado,0.00031056682993914656,0.003424170797602499,0.927967764502322,-0.0065078283213473795,0.007128961981225673,calculado,"IC95% pontual, não simultâneo"
Pré,tipo_outros,Tipologia,Outros,6,DK6,2,-0.00246993641683168,0.001960792920261304,0.21159607681269801,-0.006374373937748428,0.0014345011040850677,calculado,-0.0021593695868925337,0.004066076177833933,0.5968991107523076,-0.010255961647988357,0.005937222474203288,calculado,"IC95% pontual, não simultâneo"
Pré,tipo_outros,Tipologia,Outros,6,DK6,3,-0.001993538880146204,0.002471092726145198,0.4222989170506619,-0.006914113132495096,0.002927035372202687,calculado,-0.004152908467038738,0.005378744844080336,0.4424207585912183,-0.014863357779486318,0.0065575408454088425,calculado,"IC95% pontual, não simultâneo"
Pré,tipo_outros,Tipologia,Outros,6,DK6,4,-0.00038854243620764094,0.0034022888154137516,0.909376261169044,-0.007163364994281014,0.006386280121865732,calculado,-0.0045414509032463786,0.007612145602048117,0.5525206171752123,-0.019699169291661052,0.010616267485168297,calculado,"IC95% pontual, não simultâneo"
Pré,tipo_outros,Tipologia,Outros,6,DK6,5,-0.002200520683212672,0.0026289567854173726,0.40516501696296536,-0.007435442437461134,0.0030344010710357896,calculado,-0.006741971586459051,0.008529248232582989,0.43169092486964833,-0.02372587461894854,0.010241931446030438,calculado,"IC95% pontual, não simultâneo"
Pré,tipo_outros,Tipologia,Outros,6,DK6,6,-0.0017336462141321562,0.0025881910783359893,0.5049704016019768,-0.006887393074973698,0.003420100646709385,calculado,-0.008475617800591207,0.009989301443231319,0.3988065240021347,-0.028366858206285102,0.011415622605102689,calculado,"IC95% pontual, não simultâneo"
Pré,tipo_tornado,Tipologia,Tornado,6,CR1,0,-0.0016050149717236246,0.002807313258233602,0.5724175026573666,-0.007375530017515237,0.004165500074067988,calculado,-0.0016050149717236246,0.002807313258233602,0.5724175026573666,-0.007375530017515237,0.004165500074067988,calculado,"IC95% pontual, não simultâneo"
Pré,tipo_tornado,Tipologia,Tornado,6,CR1,1,-0.005757743201811975,0.004251668297527874,0.1873163374122296,-0.014497172550725149,0.0029816861471011974,calculado,-0.0073627581735356,0.006866001902638073,0.2934158060722592,-0.02147602721018614,0.00675051086311494,calculado,"IC95% pontual, não simultâneo"
Pré,tipo_tornado,Tipologia,Tornado,6,CR1,2,-0.005698024560259059,0.0078072453763953446,0.4720141076887408,-0.02174604726614815,0.010349998145630033,calculado,-0.013060782733794659,0.014303278499726775,0.3695632800518653,-0.04246159275909072,0.0163400272915014,calculado,"IC95% pontual, não simultâneo"
Pré,tipo_tornado,Tipologia,Tornado,6,CR1,3,0.0025692841148764038,0.00712807724543221,0.7214257836388897,-0.012082688504029908,0.017221256733782716,calculado,-0.010491498618918255,0.02077829304199696,0.6178640688153285,-0.05320189165149139,0.032218894413654886,calculado,"IC95% pontual, não simultâneo"
Pré,tipo_tornado,Tipologia,Tornado,6,CR1,4,0.009754173311610485,0.005548287924636145,0.0905074666621145,-0.0016504958515458842,0.021158842474766855,calculado,-0.00073732530730777,0.025369700026528996,0.977036107633898,-0.05288549056137701,0.051410839946761475,calculado,"IC95% pontual, não simultâneo"
Pré,tipo_tornado,Tipologia,Tornado,6,CR1,5,0.003521849714864368,0.004635682838066936,0.454252211986632,-0.006006932826993763,0.013050632256722499,calculado,0.002784524407556598,0.028662056179432495,0.9233521503532438,-0.05613117584130278,0.061700224656415975,calculado,"IC95% pontual, não simultâneo"
Pré,tipo_tornado,Tipologia,Tornado,6,CR1,6,0.0012045067663557282,0.0038022182803124204,0.7539322211459782,-0.006611064840972533,0.009020078373683989,calculado,0.003989031173912326,0.03159670620034811,0.9005065958117683,-0.06095892858505302,0.06893699093287767,calculado,"IC95% pontual, não simultâneo"
Pré,tipo_tornado,Tipologia,Tornado,6,DK6,0,-0.0016050149717236246,0.0024835750895294173,0.5200378107328282,-0.006550444785026178,0.003340414841578929,calculado,-0.0016050149717236246,0.0024835750895294173,0.5200378107328282,-0.006550444785026178,0.003340414841578929,calculado,"IC95% pontual, não simultâneo"
Pré,tipo_tornado,Tipologia,Tornado,6,DK6,1,-0.005757743201811975,0.0032542235082701322,0.08080098574279637,-0.012237730066231085,0.000722243662607135,calculado,-0.0073627581735356,0.005400385852385866,0.17673707853279208,-0.018116300238892203,0.003390783891821004,calculado,"IC95% pontual, não simultâneo"
Pré,tipo_tornado,Tipologia,Tornado,6,DK6,2,-0.005698024560259059,0.004690051442704126,0.22811004004016847,-0.015037110110141284,0.003641060989623166,calculado,-0.013060782733794659,0.007884287604127994,0.10167849419188607,-0.02876040508002068,0.0026388396124313648,calculado,"IC95% pontual, não simultâneo"
Pré,tipo_tornado,Tipologia,Tornado,6,DK6,3,0.0025692841148764038,0.00593812277975504,0.6664595218721375,-0.009255028970666712,0.014393597200419519,calculado,-0.010491498618918255,0.01174836999033028,0.37463039261874037,-0.033885492000812416,0.012902494762975905,calculado,"IC95% pontual, não simultâneo"
Pré,tipo_tornado,Tipologia,Tornado,6,DK6,4,0.009754173311610485,0.005605240489877791,0.08582115415864354,-0.0014072864510676075,0.020915633074288578,calculado,-0.00073732530730777,0.016000476189218564,0.9633646276380258,-0.03259834384739642,0.031123693232780882,calculado,"IC95% pontual, não simultâneo"
Pré,tipo_tornado,Tipologia,Tornado,6,DK6,5,0.003521849714864368,0.0035320971490411276,0.32183974217806843,-0.00351145425810256,0.010555153687831297,calculado,0.002784524407556598,0.0184215555833495,0.880248148267846,-0.033897479117679534,0.039466527932792726,calculado,"IC95% pontual, não simultâneo"
Pré,tipo_tornado,Tipologia,Tornado,6,DK6,6,0.0012045067663557282,0.003830257270450922,0.7540134648599617,-0.006422509858897987,0.008831523391609444,calculado,0.003989031173912326,0.018620895947164113,0.8309391563332118,-0.03308990972694797,0.04106797207477262,calculado,"IC95% pontual, não simultâneo"
Pré,tipo_vendavais_e_ciclones,Tipologia,Vendavais e Ciclones,6,CR1,0,0.001540690679199759,0.001189273936474142,0.2065362829799251,-0.0009038969078335342,0.003985278266233052,calculado,0.001540690679199759,0.001189273936474142,0.2065362829799251,-0.0009038969078335342,0.003985278266233052,calculado,"IC95% pontual, não simultâneo"
Pré,tipo_vendavais_e_ciclones,Tipologia,Vendavais e Ciclones,6,CR1,1,7.607213513975977e-05,0.0018694060204052457,0.9678513533343595,-0.003766546972579443,0.003918691242858962,calculado,0.0016167628143395189,0.002988788010238994,0.5931519880274935,-0.004526778926569592,0.007760304555248629,calculado,"IC95% pontual, não simultâneo"
Pré,tipo_vendavais_e_ciclones,Tipologia,Vendavais e Ciclones,6,CR1,2,-0.0005280349947942019,0.0021311000176048233,0.80625425323094,-0.004908573817673263,0.0038525038280848587,calculado,0.0010887278195453169,0.004939912355121667,0.8272856425208244,-0.009065407450722918,0.011242863089813551,calculado,"IC95% pontual, não simultâneo"
Pré,tipo_vendavais_e_ciclones,Tipologia,Vendavais e Ciclones,6,CR1,3,0.0023404708029034524,0.0012139061277606038,0.06483786399670827,-0.00015474897845744583,0.004835690584264351,calculado,0.0034291986224487692,0.00571459338955004,0.553649296230345,-0.008317316319645301,0.01517571356454284,calculado,"IC95% pontual, não simultâneo"
Pré,tipo_vendavais_e_ciclones,Tipologia,Vendavais e Ciclones,6,CR1,4,0.004527776936895473,0.0014582779622863528,0.004555733260285665,0.0015302436556917333,0.0075253102180992135,calculado,0.007956975559344243,0.005442718370755934,0.15573789771469773,-0.0032306922779869567,0.019144643396675442,calculado,"IC95% pontual, não simultâneo"
Pré,tipo_vendavais_e_ciclones,Tipologia,Vendavais e Ciclones,6,CR1,5,0.0030051887340209115,0.0016164729113286823,0.07436639441121838,-0.00031751892198394636,0.00632789639002577,calculado,0.010962164293365155,0.005658840870483649,0.0636601066843984,-0.0006697497045094498,0.022594078291239758,calculado,"IC95% pontual, não simultâneo"
Pré,tipo_vendavais_e_ciclones,Tipologia,Vendavais e Ciclones,6,CR1,6,0.0015250420447594927,0.0013816958589366864,0.27981414039891617,-0.0013150744685358174,0.004365158558054803,calculado,0.012487206338124647,0.005816187394900582,0.04129515342752765,0.0005318619272428968,0.0244425507490064,calculado,"IC95% pontual, não simultâneo"
Pré,tipo_vendavais_e_ciclones,Tipologia,Vendavais e Ciclones,6,DK6,0,0.001540690679199759,0.0011185116937982049,0.1723648409298261,-0.0006865506473692233,0.0037679320057687413,calculado,0.001540690679199759,0.0011185116937982049,0.1723648409298261,-0.0006865506473692233,0.0037679320057687413,calculado,"IC95% pontual, não simultâneo"
Pré,tipo_vendavais_e_ciclones,Tipologia,Vendavais e Ciclones,6,DK6,1,7.607213513975977e-05,0.0018277418048245632,0.9669087011020123,-0.003563426767352251,0.00371557103763177,calculado,0.0016167628143395189,0.002800032139924262,0.5653479840544595,-0.003958813491513412,0.007192339120192449,calculado,"IC95% pontual, não simultâneo"
Pré,tipo_vendavais_e_ciclones,Tipologia,Vendavais e Ciclones,6,DK6,2,-0.0005280349947942019,0.0016396501136537454,0.7482941241503724,-0.0037929954905062866,0.0027369255009178826,calculado,0.0010887278195453169,0.004262685143593872,0.7990882898466045,-0.007399362708792748,0.009576818347883381,calculado,"IC95% pontual, não simultâneo"
Pré,tipo_vendavais_e_ciclones,Tipologia,Vendavais e Ciclones,6,DK6,3,0.0023404708029034524,0.0016233546586747285,0.1534279643226394,-0.0008920412964568115,0.005572982902263716,calculado,0.0034291986224487692,0.00565081943092115,0.5457358312232229,-0.007823020406919061,0.0146814176518166,calculado,"IC95% pontual, não simultâneo"
Pré,tipo_vendavais_e_ciclones,Tipologia,Vendavais e Ciclones,6,DK6,4,0.004527776936895473,0.0018406948807308567,0.01614255204217082,0.0008624851650712567,0.00819306870871969,calculado,0.007956975559344243,0.007112884609372807,0.26675844904773366,-0.006206587182959753,0.022120538301648236,calculado,"IC95% pontual, não simultâneo"
Pré,tipo_vendavais_e_ciclones,Tipologia,Vendavais e Ciclones,6,DK6,5,0.0030051887340209115,0.0016460018799897623,0.07176488628164217,-0.0002724197443262468,0.00628279721236807,calculado,0.010962164293365155,0.00833597490197638,0.19239842241355948,-0.005636882370042569,0.02756121095677288,calculado,"IC95% pontual, não simultâneo"
Pré,tipo_vendavais_e_ciclones,Tipologia,Vendavais e Ciclones,6,DK6,6,0.0015250420447594927,0.0012601877702416284,0.22991542678857813,-0.0009843123917488374,0.0040343964812678225,calculado,0.012487206338124647,0.009204450808348138,0.1788571080078574,-0.005841196791134751,0.030815609467384045,calculado,"IC95% pontual, não simultâneo"
Total,total_climatico,Central,Total climático / hidrometeorológico (COBRADE 12/13/14),6,CR1,0,0.0006228049659133364,0.00030781095808069713,0.053431943213944545,-9.909519958404027e-06,0.0012555194517850769,calculado,0.0006228049659133364,0.00030781095808069713,0.053431943213944545,-9.909519958404027e-06,0.0012555194517850769,calculado,"IC95% pontual, não simultâneo"
Total,total_climatico,Central,Total climático / hidrometeorológico (COBRADE 12/13/14),6,CR1,1,0.0008291488138511689,0.0003625881627751563,0.030598054448360272,8.383817116340098e-05,0.0015744594565389367,calculado,0.0014519537797645053,0.0006280637432909935,0.02897146657985471,0.00016095026608562747,0.002742957293443383,calculado,"IC95% pontual, não simultâneo"
Total,total_climatico,Central,Total climático / hidrometeorológico (COBRADE 12/13/14),6,CR1,2,0.00031596912390698356,0.0005129400947491586,0.5432527702284236,-0.0007383943411101769,0.001370332588924144,calculado,0.0017679229036714889,0.0009580294279083011,0.07640202322542458,-0.00020133478848021456,0.0037371805958231925,calculado,"IC95% pontual, não simultâneo"
Total,total_climatico,Central,Total climático / hidrometeorológico (COBRADE 12/13/14),6,CR1,3,0.00033728185092131495,0.0006902110611194252,0.6291755619531096,-0.0010814673040865992,0.0017560310059292292,calculado,0.002105204754592804,0.001448967032543131,0.15821486768727233,-0.0008731896364226085,0.005083599145608216,calculado,"IC95% pontual, não simultâneo"
Total,total_climatico,Central,Total climático / hidrometeorológico (COBRADE 12/13/14),6,CR1,4,0.0008818579045665464,0.0006631904040363971,0.19515931016374227,-0.00048134949435572937,0.0022450653034888223,calculado,0.0029870626591593503,0.0019824257403212526,0.14392399157008212,-0.0010878718099943765,0.007061997128313078,calculado,"IC95% pontual, não simultâneo"
Total,total_climatico,Central,Total climático / hidrometeorológico (COBRADE 12/13/14),6,CR1,5,0.0007208182700465002,0.0007421209306844945,0.3403514183047349,-0.0008046331500085257,0.002246269690101526,calculado,0.0037078809292058505,0.002441338179003983,0.14088285163132352,-0.001310361567419622,0.008726123425831324,calculado,"IC95% pontual, não simultâneo"
Total,total_climatico,Central,Total climático / hidrometeorológico (COBRADE 12/13/14),6,CR1,6,0.0006640130298651127,0.0004952135261515285,0.19156320267182364,-0.00035391295155349665,0.0016819390112837221,calculado,0.004371893959070963,0.0027422878848414513,0.1229655060242775,-0.0012649595174543385,0.010008747435596266,calculado,"IC95% pontual, não simultâneo"
Total,total_climatico,Central,Total climático / hidrometeorológico (COBRADE 12/13/14),6,DK6,0,0.0006228049659133364,0.0003653287871997056,0.09051891058279804,-9.965491420064728e-05,0.0013452648460273201,calculado,0.0006228049659133364,0.0003653287871997056,0.09051891058279804,-9.965491420064728e-05,0.0013452648460273201,calculado,"IC95% pontual, não simultâneo"
Total,total_climatico,Central,Total climático / hidrometeorológico (COBRADE 12/13/14),6,DK6,1,0.0008291488138511689,0.0004028927259421143,0.04150092670423264,3.240396186713528e-05,0.0016258936658352025,calculado,0.0014519537797645053,0.0007273161887598932,0.0478961201827425,1.3641812716606036e-05,0.002890265746812405,calculado,"IC95% pontual, não simultâneo"
Total,total_climatico,Central,Total climático / hidrometeorológico (COBRADE 12/13/14),6,DK6,2,0.00031596912390698356,0.00044850079568300517,0.48232566762964596,-0.0005709684578912004,0.0012029067057051676,calculado,0.0017679229036714889,0.0010767756769568355,0.102927902896799,-0.00036146644023104363,0.003897312247574021,calculado,"IC95% pontual, não simultâneo"
Total,total_climatico,Central,Total climático / hidrometeorológico (COBRADE 12/13/14),6,DK6,3,0.00033728185092131495,0.0005200904151020867,0.5177511036920982,-0.0006912285542488264,0.0013657922560914564,calculado,0.002105204754592804,0.0014675824735553256,0.15373330803254143,-0.0007970287814755483,0.005007438290661156,calculado,"IC95% pontual, não simultâneo"
Total,total_climatico,Central,Total climático / hidrometeorológico (COBRADE 12/13/14),6,DK6,4,0.0008818579045665464,0.00048305906120089037,0.07010898479171196,-7.342074762571637e-05,0.0018371365567588093,calculado,0.0029870626591593503,0.0017754448901080206,0.09477994516256294,-0.00052398751646026,0.006498112834778961,calculado,"IC95% pontual, não simultâneo"
Total,total_climatico,Central,Total climático / hidrometeorológico (COBRADE 12/13/14),6,DK6,5,0.0007208182700465002,0.0005058838401114696,0.15648582709672157,-0.0002795977696529537,0.001721234309745954,calculado,0.0037078809292058505,0.0020983036835837683,0.07945702405454663,-0.0004416421327585402,0.007857403991170242,calculado,"IC95% pontual, não simultâneo"
Total,total_climatico,Central,Total climático / hidrometeorológico (COBRADE 12/13/14),6,DK6,6,0.0006640130298651127,0.00034312201648138663,0.05504000342278558,-1.4531611502285901e-05,0.0013425576712325113,calculado,0.004371893959070963,0.0022722392176592484,0.05643765169146839,-0.0001215971927309269,0.008865385110872852,calculado,"IC95% pontual, não simultâneo"
Total,grupo_climatologico,Grupo,Climatológico,6,CR1,0,-9.837178586635308e-05,0.00038961122027932657,0.8026500465322206,-0.0008992291187760822,0.000702485547043376,calculado,-9.837178586635308e-05,0.00038961122027932657,0.8026500465322206,-0.0008992291187760822,0.000702485547043376,calculado,"IC95% pontual, não simultâneo"
Total,grupo_climatologico,Grupo,Climatológico,6,CR1,1,6.441845580078128e-05,0.0006180887356234542,0.9177929803332152,-0.001206081135966781,0.0013349180475683436,calculado,-3.39533300655718e-05,0.0009757561397698573,0.9725074351071609,-0.002039648800299044,0.0019717421401679,calculado,"IC95% pontual, não simultâneo"
Total,grupo_climatologico,Grupo,Climatológico,6,CR1,2,-4.961336612401555e-05,0.0005011627356418387,0.9219003599346126,-0.001079768122786611,0.0009805413905385797,calculado,-8.356669618958735e-05,0.0014278393060960586,0.953776622194365,-0.003018532423521449,0.0028513990311422738,calculado,"IC95% pontual, não simultâneo"
Total,grupo_climatologico,Grupo,Climatológico,6,CR1,3,-0.00019485310317608545,0.0004421679915463342,0.6630894993270287,-0.0011037424266251688,0.0007140362202729978,calculado,-0.0002784197993656728,0.0017018182462427544,0.8713100579001914,-0.0037765573037372414,0.0032197177050058957,calculado,"IC95% pontual, não simultâneo"
Total,grupo_climatologico,Grupo,Climatológico,6,CR1,4,0.0005070459636632923,0.0005232278739214441,0.3414378518316132,-0.000568464334300758,0.0015825562616273428,calculado,0.0002286261642976195,0.0021199077751941184,0.9149448328592444,-0.0041289066748218094,0.004586159003417049,calculado,"IC95% pontual, não simultâneo"
Total,grupo_climatologico,Grupo,Climatológico,6,CR1,5,3.4356754621214225e-05,0.000482248935084831,0.9437497206488946,-0.000956920128199832,0.0010256336374422604,calculado,0.00026298291891883375,0.002472690832308218,0.9161170983781607,-0.004819705879553058,0.005345671717390725,calculado,"IC95% pontual, não simultâneo"
Total,grupo_climatologico,Grupo,Climatológico,6,CR1,6,0.0005903805422214552,0.00037803152728971094,0.13044422745473086,-0.00018667439085767246,0.001367435475300583,calculado,0.0008533634611402889,0.002687007487119246,0.7533334459806704,-0.0046698595304871336,0.0063765864527677105,calculado,"IC95% pontual, não simultâneo"
Total,grupo_climatologico,Grupo,Climatológico,6,DK6,0,-9.837178586635308e-05,0.00036776634825367856,0.7895013908606004,-0.0008256520911111414,0.0006289085193784352,calculado,-9.837178586635308e-05,0.00036776634825367856,0.7895013908606004,-0.0008256520911111414,0.0006289085193784352,calculado,"IC95% pontual, não simultâneo"
Total,grupo_climatologico,Grupo,Climatológico,6,DK6,1,6.441845580078128e-05,0.00043884312933693896,0.883513944408056,-0.0008034205038383289,0.0009322574154398914,calculado,-3.39533300655718e-05,0.000742448850233199,0.9635913060796877,-0.0015021910548880253,0.0014342843947568816,calculado,"IC95% pontual, não simultâneo"
Total,grupo_climatologico,Grupo,Climatológico,6,DK6,2,-4.961336612401555e-05,0.00046258153527619093,0.9147461408951817,-0.0009643964662466241,0.000865169733998593,calculado,-8.356669618958735e-05,0.0010811673946509654,0.93850403810677,-0.0022216409287457513,0.0020545075363665763,calculado,"IC95% pontual, não simultâneo"
Total,grupo_climatologico,Grupo,Climatológico,6,DK6,3,-0.00019485310317608545,0.00048103849587921777,0.6860642768692283,-0.0011461359646417334,0.0007564297582895625,calculado,-0.0002784197993656728,0.001460973149380916,0.849145524020537,-0.00316758299518715,0.0026107433964558044,calculado,"IC95% pontual, não simultâneo"
Total,grupo_climatologico,Grupo,Climatológico,6,DK6,4,0.0005070459636632923,0.0004007323710802513,0.20792800271409975,-0.0002854266552824728,0.0012995185826090573,calculado,0.0002286261642976195,0.0017534598245495271,0.8964539054193523,-0.0032389472080034372,0.003696199536598676,calculado,"IC95% pontual, não simultâneo"
Total,grupo_climatologico,Grupo,Climatológico,6,DK6,5,3.4356754621214225e-05,0.00036359192453348663,0.9248569192838655,-0.0006846683740097853,0.0007533818832522137,calculado,0.00026298291891883375,0.001993039184165527,0.8952182967479615,-0.003678373197831932,0.004204339035669599,calculado,"IC95% pontual, não simultâneo"
Total,grupo_climatologico,Grupo,Climatológico,6,DK6,6,0.0005903805422214552,0.00026348686071546787,0.026670648499104988,6.931926133189859e-05,0.0011114418231110118,calculado,0.0008533634611402889,0.0021165567493249904,0.6874454399789434,-0.003332256147685894,0.005038983069966472,calculado,"IC95% pontual, não simultâneo"
Total,grupo_hidrologico,Grupo,Hidrológico,6,CR1,0,0.0010935641329441082,0.00035900603869219543,0.005260903574771903,0.000355616651761738,0.0018315116141264785,calculado,0.0010935641329441082,0.00035900603869219543,0.005260903574771903,0.000355616651761738,0.0018315116141264785,calculado,"IC95% pontual, não simultâneo"
Total,grupo_hidrologico,Grupo,Hidrológico,6,CR1,1,0.0013910335845991426,0.0004705075470340053,0.006540024888414677,0.00042389147056709833,0.002358175698631187,calculado,0.002484597717543251,0.0007408477322283152,0.002454704965552304,0.0009617633943961362,0.004007432040690365,calculado,"IC95% pontual, não simultâneo"
Total,grupo_hidrologico,Grupo,Hidrológico,6,CR1,2,0.0005969328855096996,0.0007075257518562721,0.40653797757083815,-0.0008574071260288003,0.0020512728970481994,calculado,0.0030815306030529503,0.001307057227338205,0.02619802521595779,0.00039483599426833917,0.0057682252118375615,calculado,"IC95% pontual, não simultâneo"
Total,grupo_hidrologico,Grupo,Hidrológico,6,CR1,3,0.0007148464038634829,0.0008585213298311124,0.41262643061974064,-0.0010498694633071968,0.0024795622710341624,calculado,0.0037963770069164332,0.0020453767889689113,0.07481092526166298,-0.0004079551959259961,0.008000709209758863,calculado,"IC95% pontual, não simultâneo"
Total,grupo_hidrologico,Grupo,Hidrológico,6,CR1,4,0.0005946414747029103,0.0006884262928193573,0.39561346309546236,-0.0008204390365230578,0.0020097219859288784,calculado,0.004391018481619343,0.002620202915291601,0.10575766693506773,-0.0009948857459804224,0.00977692270921911,calculado,"IC95% pontual, não simultâneo"
Total,grupo_hidrologico,Grupo,Hidrológico,6,CR1,5,0.0011649201546092207,0.0008024788035555089,0.1585590063172671,-0.0004845986499860393,0.0028144389592044804,calculado,0.0055559386362285645,0.0030689693259497897,0.08181292822465017,-0.0007524181595532043,0.011864295432010334,calculado,"IC95% pontual, não simultâneo"
Total,grupo_hidrologico,Grupo,Hidrológico,6,CR1,6,0.00028039919075092685,0.0004799188320239675,0.5640784392141145,-0.0007060880966334426,0.0012668864781352962,calculado,0.005836337826979491,0.0031674794197860687,0.07682203900674144,-0.0006745093666862207,0.012347185020645204,calculado,"IC95% pontual, não simultâneo"
Total,grupo_hidrologico,Grupo,Hidrológico,6,DK6,0,0.0010935641329441082,0.0003855853346926546,0.005264902055433991,0.00033104569903956535,0.0018560825668486511,calculado,0.0010935641329441082,0.0003855853346926546,0.005264902055433991,0.00033104569903956535,0.0018560825668486511,calculado,"IC95% pontual, não simultâneo"
Total,grupo_hidrologico,Grupo,Hidrológico,6,DK6,1,0.0013910335845991426,0.0004916609505634053,0.005372578639094447,0.0004187441733992706,0.0023633229957990146,calculado,0.002484597717543251,0.00078826694887079,0.001995311472655689,0.0009257519179985891,0.004043443517087912,calculado,"IC95% pontual, não simultâneo"
Total,grupo_hidrologico,Grupo,Hidrológico,6,DK6,2,0.0005969328855096996,0.0005370921255267686,0.2683501932064842,-0.00046519943533070596,0.0016590652063501053,calculado,0.0030815306030529503,0.0012325883504299812,0.013606207104241761,0.0006440122275991399,0.00551904897850676,calculado,"IC95% pontual, não simultâneo"
Total,grupo_hidrologico,Grupo,Hidrológico,6,DK6,3,0.0007148464038634829,0.0006595621115508633,0.2803624384410626,-0.0005894777576438933,0.0020191705653708593,calculado,0.0037963770069164332,0.0017494289532893814,0.031738782315354014,0.00033677492751479953,0.0072559790863180665,calculado,"IC95% pontual, não simultâneo"
Total,grupo_hidrologico,Grupo,Hidrológico,6,DK6,4,0.0005946414747029103,0.0005514995845428186,0.2828413774890286,-0.000495982471977516,0.0016852654213833367,calculado,0.004391018481619343,0.0020697026535385003,0.03568755622870803,0.00029805569484165836,0.008483981268397028,calculado,"IC95% pontual, não simultâneo"
Total,grupo_hidrologico,Grupo,Hidrológico,6,DK6,5,0.0011649201546092207,0.0006311611334308825,0.06711356760127486,-8.323934655217295e-05,0.0024130796557706143,calculado,0.0055559386362285645,0.002492745378168279,0.027465447168051986,0.000626383150414407,0.010485494122042721,calculado,"IC95% pontual, não simultâneo"
Total,grupo_hidrologico,Grupo,Hidrológico,6,DK6,6,0.00028039919075092685,0.0004293882110339248,0.5148456401793645,-0.0005687420933065733,0.001129540474808427,calculado,0.005836337826979491,0.00262711366794868,0.027964933891370024,0.0006410608816823085,0.011031614772276675,calculado,"IC95% pontual, não simultâneo"
Total,grupo_meteorologico,Grupo,Meteorológico,6,CR1,0,0.0009914776790473996,0.0006280160201605039,0.1264849852737251,-0.0002994277383318526,0.002282383096426652,calculado,0.0009914776790473996,0.0006280160201605039,0.1264849852737251,-0.0002994277383318526,0.002282383096426652,calculado,"IC95% pontual, não simultâneo"
Total,grupo_meteorologico,Grupo,Meteorológico,6,CR1,1,0.0005490639591676944,0.0008930799080337856,0.5440315319205227,-0.0012866880828562221,0.0023848160011916107,calculado,0.001540541638215094,0.001490264516990525,0.3107791890846248,-0.0015227409478238332,0.004603824224254021,calculado,"IC95% pontual, não simultâneo"
Total,grupo_meteorologico,Grupo,Meteorológico,6,CR1,2,0.000499868808844394,0.0008708423754313655,0.5708965850448193,-0.0012901733302724673,0.002289910947961255,calculado,0.002040410447059488,0.002248039691186385,0.3724047091699901,-0.0025805013174117607,0.006661322211530736,calculado,"IC95% pontual, não simultâneo"
Total,grupo_meteorologico,Grupo,Meteorológico,6,CR1,3,0.0016016700277461035,0.000799107665285763,0.05555514594807245,-4.091930289395812e-05,0.003244259358386165,calculado,0.0036420804748055913,0.002658819266541311,0.1824606080818264,-0.001823200799600926,0.009107361749212109,calculado,"IC95% pontual, não simultâneo"
Total,grupo_meteorologico,Grupo,Meteorológico,6,CR1,4,0.0025215105517985776,0.000941459945392094,0.012655128595930642,0.0005863119187420162,0.004456709184855139,calculado,0.006163591026604169,0.0029860259284120168,0.049115333505400434,2.572682620235068e-05,0.012301455227005986,calculado,"IC95% pontual, não simultâneo"
Total,grupo_meteorologico,Grupo,Meteorológico,6,CR1,5,0.0015345646849096266,0.0010238141849789352,0.14595211284708867,-0.0005699155120147353,0.0036390448818339888,calculado,0.007698155711513796,0.00365494153272709,0.044990697259039925,0.00018531579447475695,0.015210995628552835,calculado,"IC95% pontual, não simultâneo"
Total,grupo_meteorologico,Grupo,Meteorológico,6,CR1,6,0.0013293428240287182,0.0006803520464911624,0.06154949567956485,-6.914083617479117e-05,0.0027278264842322273,calculado,0.009027498535542513,0.003922618286296703,0.02963701163026009,0.0009644411715007822,0.017090555899584244,calculado,"IC95% pontual, não simultâneo"
Total,grupo_meteorologico,Grupo,Meteorológico,6,DK6,0,0.0009914776790473996,0.0005396484009517584,0.06835341650450003,-7.57098318075473e-05,0.0020586651899023468,calculado,0.0009914776790473996,0.0005396484009517584,0.06835341650450003,-7.57098318075473e-05,0.0020586651899023468,calculado,"IC95% pontual, não simultâneo"
Total,grupo_meteorologico,Grupo,Meteorológico,6,DK6,1,0.0005490639591676944,0.000869506377013988,0.5287956215572509,-0.0011704377469830339,0.0022685656653184225,calculado,0.001540541638215094,0.0013093322899618556,0.24141617359125342,-0.001048742541895562,0.004129825818325749,calculado,"IC95% pontual, não simultâneo"
Total,grupo_meteorologico,Grupo,Meteorológico,6,DK6,2,0.000499868808844394,0.0008941225351555769,0.5770397000016486,-0.001268312846116712,0.0022680504638055003,calculado,0.002040410447059488,0.0020316289523364312,0.31700681656431723,-0.00197725928160256,0.006058080175721536,calculado,"IC95% pontual, não simultâneo"
Total,grupo_meteorologico,Grupo,Meteorológico,6,DK6,3,0.0016016700277461035,0.0009607653641776825,0.09780031109222005,-0.0002983018719280423,0.0035016419274202493,calculado,0.0036420804748055913,0.0028662138858213167,0.2060069065898866,-0.0020260316830232146,0.009310192632634398,calculado,"IC95% pontual, não simultâneo"
Total,grupo_meteorologico,Grupo,Meteorológico,6,DK6,4,0.0025215105517985776,0.0011727851003582128,0.03332267114442877,0.00020225673799744185,0.004840764365599713,calculado,0.006163591026604169,0.003798037918171833,0.1069403668188672,-0.001347259788256002,0.01367444184146434,calculado,"IC95% pontual, não simultâneo"
Total,grupo_meteorologico,Grupo,Meteorológico,6,DK6,5,0.0015345646849096266,0.0011138882080464145,0.1705695849077807,-0.0006682169447944813,0.0037373463146137343,calculado,0.007698155711513796,0.004696413600290352,0.1034919909019588,-0.0015892876149183367,0.016985599037945928,calculado,"IC95% pontual, não simultâneo"
Total,grupo_meteorologico,Grupo,Meteorológico,6,DK6,6,0.0013293428240287182,0.000651580601828726,0.043267776720271545,4.080258308556458e-05,0.0026178830649718717,calculado,0.009027498535542513,0.005185535382165649,0.08396264653896242,-0.001227212841686821,0.019282209912771846,calculado,"IC95% pontual, não simultâneo"
Total,grupo_outros,Grupo,Outros,6,CR1,0,0.0016245264261018407,0.0008970364796034543,0.08171228930627622,-0.00021935846525962728,0.0034684113174633085,calculado,0.0016245264261018407,0.0008970364796034543,0.08171228930627622,-0.00021935846525962728,0.0034684113174633085,calculado,"IC95% pontual, não simultâneo"
Total,grupo_outros,Grupo,Outros,6,CR1,1,0.00192121135484956,0.0009338202632895405,0.04981010145588509,1.716313256670517e-06,0.0038407063964424493,calculado,0.003545737780951401,0.0016812883812626646,0.04473614218452665,8.980001841777047e-05,0.007001675543485032,calculado,"IC95% pontual, não simultâneo"
Total,grupo_outros,Grupo,Outros,6,CR1,2,0.0005313806113810543,0.0007661843278803752,0.49411970025413426,-0.001043533830003861,0.0021062950527659693,calculado,0.004077118392332455,0.002083983961644148,0.06123923004783084,-0.00020657199048669268,0.008360808775151603,calculado,"IC95% pontual, não simultâneo"
Total,grupo_outros,Grupo,Outros,6,CR1,3,-0.00020681791105233715,0.0011984651048678142,0.8643265554835717,-0.0026702982152943477,0.0022566623931896735,calculado,0.003870300481280118,0.002825017677168252,0.18239951659572168,-0.0019366065188257332,0.00967720748138597,calculado,"IC95% pontual, não simultâneo"
Total,grupo_outros,Grupo,Outros,6,CR1,4,0.0005248685237533325,0.001262427779785665,0.6809963414482387,-0.002070088941756665,0.00311982598926333,calculado,0.00439516900503345,0.003680396487730396,0.2431772395871402,-0.0031699943213742135,0.011960332331441115,calculado,"IC95% pontual, não simultâneo"
Total,grupo_outros,Grupo,Outros,6,CR1,5,0.00014572307446549806,0.0010460364836107545,0.890278890819785,-0.0020044357114908816,0.0022958818604218775,calculado,0.004540892079498949,0.004476838266147982,0.3197824985246603,-0.004661380768611147,0.013743164927609044,calculado,"IC95% pontual, não simultâneo"
Total,grupo_outros,Grupo,Outros,6,CR1,6,-0.0005933133340757158,0.0007374079376132721,0.4283508589124994,-0.002109077058128724,0.0009224503899772925,calculado,0.003947578745423233,0.004823361548599067,0.4205504489279721,-0.0059669829109402295,0.013862140401786696,calculado,"IC95% pontual, não simultâneo"
Total,grupo_outros,Grupo,Outros,6,DK6,0,0.0016245264261018407,0.0009802482487511414,0.09977197319523702,-0.00031397406191900254,0.003563026914122684,calculado,0.0016245264261018407,0.0009802482487511414,0.09977197319523702,-0.00031397406191900254,0.003563026914122684,calculado,"IC95% pontual, não simultâneo"
Total,grupo_outros,Grupo,Outros,6,DK6,1,0.00192121135484956,0.001098177245678001,0.08246818771009279,-0.0002505008919127798,0.0040929236016119,calculado,0.003545737780951401,0.0019323694585724293,0.06870301276619091,-0.0002756402661418609,0.007367115828044663,calculado,"IC95% pontual, não simultâneo"
Total,grupo_outros,Grupo,Outros,6,DK6,2,0.0005313806113810543,0.0009405101969278473,0.573010090666952,-0.0013285354640171763,0.0023912966867792847,calculado,0.004077118392332455,0.002697213769198097,0.13295486134874196,-0.001256785763628386,0.009411022548293296,calculado,"IC95% pontual, não simultâneo"
Total,grupo_outros,Grupo,Outros,6,DK6,3,-0.00020681791105233715,0.0010857232337915627,0.8492103181052345,-0.002353901592397258,0.0019402657702925837,calculado,0.003870300481280118,0.003460688019091339,0.26538413985592857,-0.0029734204051823526,0.010714021367742589,calculado,"IC95% pontual, não simultâneo"
Total,grupo_outros,Grupo,Outros,6,DK6,4,0.0005248685237533325,0.0009172439060232413,0.5681152485396286,-0.0012890370473359392,0.0023387740948426043,calculado,0.00439516900503345,0.0039961303325619715,0.27333780203498126,-0.003507421598658517,0.012297759608725417,calculado,"IC95% pontual, não simultâneo"
Total,grupo_outros,Grupo,Outros,6,DK6,5,0.00014572307446549806,0.0010543721501036672,0.8902801529760888,-0.0019393619334756242,0.00223080808240662,calculado,0.004540892079498949,0.0046092438492740554,0.3262896477505287,-0.004574167766420946,0.013655951925418843,calculado,"IC95% pontual, não simultâneo"
Total,grupo_outros,Grupo,Outros,6,DK6,6,-0.0005933133340757158,0.0010736869515831076,0.5814483014724693,-0.0027165945358296013,0.00152996786767817,calculado,0.003947578745423233,0.005191653261807656,0.44834950105054666,-0.006319231110621844,0.01421438860146831,calculado,"IC95% pontual, não simultâneo"
Total,tipo_alagamentos,Tipologia,Alagamentos,6,CR1,0,0.0019091864452587906,0.0007457661259532628,0.016625146717710898,0.0003762422190192098,0.0034421306714983715,calculado,0.0019091864452587906,0.0007457661259532628,0.016625146717710898,0.0003762422190192098,0.0034421306714983715,calculado,"IC95% pontual, não simultâneo"
Total,tipo_alagamentos,Tipologia,Alagamentos,6,CR1,1,0.0028252019667667242,0.001100027756978044,0.0163137454008164,0.0005640625289740661,0.005086341404559382,calculado,0.004734388412025515,0.001699620974241789,0.009839669893101149,0.0012407674649366368,0.008228009359114394,calculado,"IC95% pontual, não simultâneo"
Total,tipo_alagamentos,Tipologia,Alagamentos,6,CR1,2,0.0015328440634806585,0.0013792498293045713,0.2765849032884155,-0.001302244563898046,0.0043679326908593625,calculado,0.006267232475506174,0.0028807145563640884,0.03886526057110544,0.0003458389005727442,0.012188626050439603,calculado,"IC95% pontual, não simultâneo"
Total,tipo_alagamentos,Tipologia,Alagamentos,6,CR1,3,0.001271877093344721,0.0020058518956474094,0.531566141405902,-0.0028512105277161423,0.0053949647144055845,calculado,0.007539109568850895,0.004717802809611634,0.12212379343171235,-0.0021584729920178783,0.017236692129719667,calculado,"IC95% pontual, não simultâneo"
Total,tipo_alagamentos,Tipologia,Alagamentos,6,CR1,4,-0.00018576847754551144,0.0016463824186375479,0.9110285887821189,-0.003569956006319047,0.0031984190512280236,calculado,0.007353341091305384,0.0061159415932806405,0.24007422225781747,-0.005218156898703373,0.01992483908131414,calculado,"IC95% pontual, não simultâneo"
Total,tipo_alagamentos,Tipologia,Alagamentos,6,CR1,5,7.334468000030565e-05,0.0013359774712242793,0.956638113312745,-0.002672796341464863,0.0028194857014654743,calculado,0.007426685771305689,0.00726631627355107,0.3161640119902842,-0.007509441239468318,0.022362812782079695,calculado,"IC95% pontual, não simultâneo"
Total,tipo_alagamentos,Tipologia,Alagamentos,6,CR1,6,-0.00046084196354839393,0.0005987389612674086,0.44842205844347394,-0.0016915675244960073,0.0007698835973992196,calculado,0.006965843807757295,0.0075292081991437,0.3633823266853723,-0.008510665295253874,0.022442352910768466,calculado,"IC95% pontual, não simultâneo"
Total,tipo_alagamentos,Tipologia,Alagamentos,6,DK6,0,0.0019091864452587906,0.0006867972809693898,0.006209444997218602,0.000551003080966399,0.003267369809551182,calculado,0.0019091864452587906,0.0006867972809693898,0.006209444997218602,0.000551003080966399,0.003267369809551182,calculado,"IC95% pontual, não simultâneo"
Total,tipo_alagamentos,Tipologia,Alagamentos,6,DK6,1,0.0028252019667667242,0.0010484070408228552,0.007932580118354227,0.0007519133249672236,0.004898490608566225,calculado,0.004734388412025515,0.0014922606151271253,0.0018678412791955654,0.0017833523511464034,0.007685424472904627,calculado,"IC95% pontual, não simultâneo"
Total,tipo_alagamentos,Tipologia,Alagamentos,6,DK6,2,0.0015328440634806585,0.0012310061707393061,0.21520089408223775,-0.0009015454554754045,0.003967233582436721,calculado,0.006267232475506174,0.0025282202020085872,0.014401543913668931,0.0012675233695100844,0.011266941581502262,calculado,"IC95% pontual, não simultâneo"
Total,tipo_alagamentos,Tipologia,Alagamentos,6,DK6,3,0.001271877093344721,0.0015592951312580435,0.41611265441786754,-0.0018117237973105018,0.004355477983999944,calculado,0.007539109568850895,0.003792619728619674,0.048837833877302575,3.8973553129035936e-05,0.015039245584572754,calculado,"IC95% pontual, não simultâneo"
Total,tipo_alagamentos,Tipologia,Alagamentos,6,DK6,4,-0.00018576847754551144,0.0013536489010110393,0.8910477327927037,-0.0028626914494170514,0.0024911544943260282,calculado,0.007353341091305384,0.004692667211940904,0.11944194627933091,-0.0019266935244731222,0.01663337570708389,calculado,"IC95% pontual, não simultâneo"
Total,tipo_alagamentos,Tipologia,Alagamentos,6,DK6,5,7.334468000030565e-05,0.0011838179941358674,0.9506887964863625,-0.002267727351787461,0.002414416711788072,calculado,0.007426685771305689,0.005559067822233654,0.18379394881124814,-0.0035667087081744835,0.018420080250785863,calculado,"IC95% pontual, não simultâneo"
Total,tipo_alagamentos,Tipologia,Alagamentos,6,DK6,6,-0.00046084196354839393,0.000997753004537725,0.6449054964345269,-0.002433959170016028,0.0015122752429192403,calculado,0.006965843807757295,0.005748251944894889,0.2276826974616317,-0.004401673772245449,0.01833336138776004,calculado,"IC95% pontual, não simultâneo"
Total,tipo_chuvas_intensas,Tipologia,Chuvas Intensas,6,CR1,0,0.0015262245401131518,0.0003745905186065591,0.0003849821926115585,0.0007562427016808684,0.002296206378545435,calculado,0.0015262245401131518,0.0003745905186065591,0.0003849821926115585,0.0007562427016808684,0.002296206378545435,calculado,"IC95% pontual, não simultâneo"
Total,tipo_chuvas_intensas,Tipologia,Chuvas Intensas,6,CR1,1,0.0009565435735708,0.0006198246049729728,0.13485561229257878,-0.0003175241487463356,0.0022306112958879356,calculado,0.002482768113683952,0.0008649605792356657,0.008042763931538046,0.000704816179799449,0.004260720047568454,calculado,"IC95% pontual, não simultâneo"
Total,tipo_chuvas_intensas,Tipologia,Chuvas Intensas,6,CR1,2,7.482034218076488e-06,0.0009581598339362432,0.9938291878471208,-0.0019620437113630385,0.001977007779799191,calculado,0.002490250147902028,0.0016780606744636955,0.14983056470937864,-0.0009590529682870137,0.00593955326409107,calculado,"IC95% pontual, não simultâneo"
Total,tipo_chuvas_intensas,Tipologia,Chuvas Intensas,6,CR1,3,0.0004933021693999021,0.0008661281059376161,0.5738722036420483,-0.0012870496499908612,0.0022736539887906653,calculado,0.0029835523173019304,0.00243736923740046,0.2318961979780534,-0.0020265319030172454,0.007993636537621106,calculado,"IC95% pontual, não simultâneo"
Total,tipo_chuvas_intensas,Tipologia,Chuvas Intensas,6,CR1,4,0.0006474106010990236,0.0006989175252189798,0.3628066743658881,-0.0007892349471720125,0.0020840561493700597,calculado,0.003630962918400954,0.0029235365075808745,0.22533223967860772,-0.0023784524378787078,0.009640378274680617,calculado,"IC95% pontual, não simultâneo"
Total,tipo_chuvas_intensas,Tipologia,Chuvas Intensas,6,CR1,5,0.002156580905312935,0.001121826870429043,0.06557868975434648,-0.0001493672519145674,0.004462529062540437,calculado,0.005787543823713889,0.003155791622707866,0.07813350583297943,-0.0006992787589846939,0.012274366406412471,calculado,"IC95% pontual, não simultâneo"
Total,tipo_chuvas_intensas,Tipologia,Chuvas Intensas,6,CR1,6,0.0007818004750020646,0.0007894146732764933,0.3311285648411522,-0.000840864625214413,0.0024044655752185422,calculado,0.006569344298715953,0.003220568781229556,0.05165068844473547,-5.0629640275598985e-05,0.013189318237707505,calculado,"IC95% pontual, não simultâneo"
Total,tipo_chuvas_intensas,Tipologia,Chuvas Intensas,6,DK6,0,0.0015262245401131518,0.0004564597144866851,0.0010685823472681075,0.0006235477126649931,0.00242890136756131,calculado,0.0015262245401131518,0.0004564597144866851,0.0010685823472681075,0.0006235477126649931,0.00242890136756131,calculado,"IC95% pontual, não simultâneo"
Total,tipo_chuvas_intensas,Tipologia,Chuvas Intensas,6,DK6,1,0.0009565435735708,0.000538379841545817,0.07785202347227704,-0.00010813528396022218,0.0020212224311018222,calculado,0.002482768113683952,0.0008388791687686005,0.0036346816858405765,0.0008238335732548045,0.004141702654113099,calculado,"IC95% pontual, não simultâneo"
Total,tipo_chuvas_intensas,Tipologia,Chuvas Intensas,6,DK6,2,7.482034218076488e-06,0.0006222506122129558,0.9904239688788744,-0.001223056369684049,0.001238020438120202,calculado,0.002490250147902028,0.0013120357742241833,0.059814600497472385,-0.00010438033664585122,0.0050848806324499075,calculado,"IC95% pontual, não simultâneo"
Total,tipo_chuvas_intensas,Tipologia,Chuvas Intensas,6,DK6,3,0.0004933021693999021,0.0006073940264336085,0.41811815046951717,-0.000707856433191403,0.0016944607719912071,calculado,0.0029835523173019304,0.0017400067563511164,0.08868196610682054,-0.000457416795005577,0.006424521429609437,calculado,"IC95% pontual, não simultâneo"
Total,tipo_chuvas_intensas,Tipologia,Chuvas Intensas,6,DK6,4,0.0006474106010990236,0.0005640125975388026,0.25303921819813063,-0.00046795858927883307,0.0017627797914768803,calculado,0.003630962918400954,0.0019937100713219792,0.0707729590875328,-0.0003117199184759084,0.007573645755277816,calculado,"IC95% pontual, não simultâneo"
Total,tipo_chuvas_intensas,Tipologia,Chuvas Intensas,6,DK6,5,0.002156580905312935,0.0007631021114087237,0.005423207037068508,0.0006475001012817363,0.0036656617093441335,calculado,0.005787543823713889,0.002372133194491668,0.01598288171751425,0.0010965062615137192,0.010478581385914058,calculado,"IC95% pontual, não simultâneo"
Total,tipo_chuvas_intensas,Tipologia,Chuvas Intensas,6,DK6,6,0.0007818004750020646,0.0005446473755604,0.15346192089171481,-0.0002952728119619459,0.0018588737619660751,calculado,0.006569344298715953,0.0024959382390701197,0.00946908378867305,0.0016334747364173067,0.0115052138610146,calculado,"IC95% pontual, não simultâneo"
Total,tipo_doencas_infecciosas,Tipologia,Doenças infecciosas,6,CR1,0,0.002360993172388125,0.003004102726436796,0.43901694235972794,-0.0038140284185100275,0.008536014763286278,calculado,0.002360993172388125,0.003004102726436796,0.43901694235972794,-0.0038140284185100275,0.008536014763286278,calculado,"IC95% pontual, não simultâneo"
Total,tipo_doencas_infecciosas,Tipologia,Doenças infecciosas,6,CR1,1,0.0021608018161729343,0.0024982470716048357,0.3949892263315961,-0.002974418584514156,0.007296022216860025,calculado,0.004521794988561059,0.005155855019868887,0.38850697040448257,-0.006076216786154076,0.015119806763276195,calculado,"IC95% pontual, não simultâneo"
Total,tipo_doencas_infecciosas,Tipologia,Doenças infecciosas,6,CR1,2,0.0020813396398846763,0.0019169515012376157,0.287552052223747,-0.0018590106033598936,0.006021689883129246,calculado,0.006603134628445736,0.006299840709125038,0.30421887677860254,-0.0063463734079215765,0.019552642664813047,calculado,"IC95% pontual, não simultâneo"
Total,tipo_doencas_infecciosas,Tipologia,Doenças infecciosas,6,CR1,3,0.000544496076304134,0.0027639424786780123,0.8453596111585598,-0.005136869055334073,0.006225861207942341,calculado,0.00714763070474987,0.007374225805122814,0.34134040869577775,-0.00801030752488002,0.02230556893437976,calculado,"IC95% pontual, não simultâneo"
Total,tipo_doencas_infecciosas,Tipologia,Doenças infecciosas,6,CR1,4,0.0022871432669447442,0.0026390458394353767,0.39405873099843425,-0.0031374931459426667,0.007711779679832155,calculado,0.009434773971694614,0.008991867350324199,0.3037160006638376,-0.00904827407526847,0.0279178220186577,calculado,"IC95% pontual, não simultâneo"
Total,tipo_doencas_infecciosas,Tipologia,Doenças infecciosas,6,CR1,5,0.00347471936005064,0.002220992436326037,0.12979394427878604,-0.0010905959758206866,0.008040034695921967,calculado,0.012909493331745254,0.00973864057423427,0.1965041118372551,-0.007108569060955226,0.03292755572444574,calculado,"IC95% pontual, não simultâneo"
Total,tipo_doencas_infecciosas,Tipologia,Doenças infecciosas,6,CR1,6,0.0007349794951026776,0.002163370775641671,0.7367830053002407,-0.0037118928209284446,0.0051818518111338,calculado,0.013644472826847932,0.010232183543590803,0.1939381501995819,-0.007388081668600121,0.03467702732229598,calculado,"IC95% pontual, não simultâneo"
Total,tipo_doencas_infecciosas,Tipologia,Doenças infecciosas,6,DK6,0,0.002360993172388125,0.003222118246281803,0.46497459765502863,-0.004010941488893631,0.008732927833669881,calculado,0.002360993172388125,0.003222118246281803,0.46497459765502863,-0.004010941488893631,0.008732927833669881,calculado,"IC95% pontual, não simultâneo"
Total,tipo_doencas_infecciosas,Tipologia,Doenças infecciosas,6,DK6,1,0.0021608018161729343,0.0029709552946244324,0.4682870030552629,-0.003714442843386437,0.008036046475732306,calculado,0.004521794988561059,0.005991039172727558,0.45169817590849776,-0.0073258490902530496,0.016369439067375167,calculado,"IC95% pontual, não simultâneo"
Total,tipo_doencas_infecciosas,Tipologia,Doenças infecciosas,6,DK6,2,0.0020813396398846763,0.0022037140253598282,0.34660491325583503,-0.0022766387794197224,0.006439318059189075,calculado,0.006603134628445736,0.007751011398403122,0.39576379622883895,-0.008724961491697499,0.021931230748588968,calculado,"IC95% pontual, não simultâneo"
Total,tipo_doencas_infecciosas,Tipologia,Doenças infecciosas,6,DK6,3,0.000544496076304134,0.00313933002191353,0.8625607984663106,-0.005663719839705965,0.006752711992314233,calculado,0.00714763070474987,0.00937128068890239,0.44695335975693956,-0.011384646411747688,0.025679907821247426,calculado,"IC95% pontual, não simultâneo"
Total,tipo_doencas_infecciosas,Tipologia,Doenças infecciosas,6,DK6,4,0.0022871432669447442,0.002831068638884156,0.4205746251209011,-0.003311467029058654,0.007885753562948142,calculado,0.009434773971694614,0.011181379455938348,0.40026660147452525,-0.012677083468190947,0.03154663141158018,calculado,"IC95% pontual, não simultâneo"
Total,tipo_doencas_infecciosas,Tipologia,Doenças infecciosas,6,DK6,5,0.00347471936005064,0.0021946440291727076,0.11568209742372158,-0.0008653225905505689,0.00781476131065185,calculado,0.012909493331745254,0.012726227838902761,0.31219290923137577,-0.012257395676021226,0.03807638233951173,calculado,"IC95% pontual, não simultâneo"
Total,tipo_doencas_infecciosas,Tipologia,Doenças infecciosas,6,DK6,6,0.0007349794951026776,0.002454685658817341,0.7650774742162392,-0.004119310582556224,0.0055892695727615795,calculado,0.013644472826847932,0.014496916020499068,0.348272039277743,-0.01502405967635987,0.042313005330055733,calculado,"IC95% pontual, não simultâneo"
Total,tipo_enxurradas,Tipologia,Enxurradas,6,CR1,0,0.0011897120730619847,0.0005962383416258796,0.05658127075806915,-3.587339059761747e-05,0.0024152975367215867,calculado,0.0011897120730619847,0.0005962383416258796,0.05658127075806915,-3.587339059761747e-05,0.0024152975367215867,calculado,"IC95% pontual, não simultâneo"
Total,tipo_enxurradas,Tipologia,Enxurradas,6,CR1,1,0.002070777656769112,0.0007326546794820328,0.008931641693108248,0.0005647843947343347,0.0035767709188038893,calculado,0.0032604897298310967,0.0012430062927643668,0.014383912419841044,0.0007054537026355986,0.005815525757026594,calculado,"IC95% pontual, não simultâneo"
Total,tipo_enxurradas,Tipologia,Enxurradas,6,CR1,2,0.001361484786264672,0.0007944120193305786,0.09846047179023476,-0.00027145250588106375,0.0029944220784104076,calculado,0.004621974516095769,0.0018549362401439286,0.019417849080576213,0.0008090984676743969,0.00843485056451714,calculado,"IC95% pontual, não simultâneo"
Total,tipo_enxurradas,Tipologia,Enxurradas,6,CR1,3,0.001415103698106254,0.001023097983890337,0.17838058938008128,-0.000687904326396506,0.0035181117226090143,calculado,0.006037078214202023,0.0025298818217752306,0.024586675153071374,0.0008368316532555726,0.011237324775148473,calculado,"IC95% pontual, não simultâneo"
Total,tipo_enxurradas,Tipologia,Enxurradas,6,CR1,4,0.001359719395045544,0.0011275904621158865,0.23872984936196562,-0.0009580759945665826,0.0036775147846576702,calculado,0.0073967976092475666,0.003249575255129805,0.03130548607847349,0.0007172000092428256,0.014076395209252308,calculado,"IC95% pontual, não simultâneo"
Total,tipo_enxurradas,Tipologia,Enxurradas,6,CR1,5,0.001196819289627589,0.0007660457788126701,0.13030040756564665,-0.0003778103600699616,0.0027714489393251395,calculado,0.008593616898875155,0.0037798665804248685,0.03149028003929155,0.0008239898686694669,0.016363243929080843,calculado,"IC95% pontual, não simultâneo"
Total,tipo_enxurradas,Tipologia,Enxurradas,6,CR1,6,0.0006510627270857487,0.0006927851862702875,0.35598218926323266,-0.0007729776179485139,0.0020751030721200114,calculado,0.009244679625960903,0.0039964033496055,0.02887934753592081,0.0010299548921558106,0.017459404359765996,calculado,"IC95% pontual, não simultâneo"
Total,tipo_enxurradas,Tipologia,Enxurradas,6,DK6,0,0.0011897120730619847,0.0006038604098292709,0.05084942268315933,-4.458587933184929e-06,0.0023838827340571544,calculado,0.0011897120730619847,0.0006038604098292709,0.05084942268315933,-4.458587933184929e-06,0.0023838827340571544,calculado,"IC95% pontual, não simultâneo"
Total,tipo_enxurradas,Tipologia,Enxurradas,6,DK6,1,0.002070777656769112,0.0008058785574508064,0.011259143089148311,0.00047710383088450095,0.003664451482653723,calculado,0.0032604897298310967,0.0013415298809300016,0.016384383583695476,0.0006075328567221473,0.005913446602940046,calculado,"IC95% pontual, não simultâneo"
Total,tipo_enxurradas,Tipologia,Enxurradas,6,DK6,2,0.001361484786264672,0.0009360254288062237,0.14810121260924924,-0.0004895623876042738,0.003212531960133618,calculado,0.004621974516095769,0.002192977805638133,0.03689867181513135,0.0002852276238015129,0.008958721408390024,calculado,"IC95% pontual, não simultâneo"
Total,tipo_enxurradas,Tipologia,Enxurradas,6,DK6,3,0.001415103698106254,0.000982280129493287,0.15198708282377282,-0.000527414957572902,0.00335762235378541,calculado,0.006037078214202023,0.003037197389232476,0.048851657529130635,3.083578658867863e-05,0.012043320641815368,calculado,"IC95% pontual, não simultâneo"
Total,tipo_enxurradas,Tipologia,Enxurradas,6,DK6,4,0.001359719395045544,0.000926937912209803,0.14471358677408752,-0.000473356662445992,0.00319279545253708,calculado,0.0073967976092475666,0.0038339499980307506,0.05577760190511163,-0.00018507152614625176,0.014978666744641385,calculado,"IC95% pontual, não simultâneo"
Total,tipo_enxurradas,Tipologia,Enxurradas,6,DK6,5,0.001196819289627589,0.0006320253745837398,0.060398816986037954,-5.304930093918319e-05,0.0024466878801943613,calculado,0.008593616898875155,0.004252731231330681,0.045270945438038133,0.00018358242254841797,0.017003651375201892,calculado,"IC95% pontual, não simultâneo"
Total,tipo_enxurradas,Tipologia,Enxurradas,6,DK6,6,0.0006510627270857487,0.0004928800952400062,0.18874122932459997,-0.00032363761680751976,0.001625763070979017,calculado,0.009244679625960903,0.00436424900198271,0.03597056596374999,0.0006141119805034186,0.017875247271418388,calculado,"IC95% pontual, não simultâneo"
Total,tipo_erosao,Tipologia,Erosão,6,CR1,0,0.00042835055435210814,0.0015316754942060029,0.781950087890928,-0.002720053514436203,0.003576754623140419,calculado,0.00042835055435210814,0.0015316754942060029,0.781950087890928,-0.002720053514436203,0.003576754623140419,calculado,"IC95% pontual, não simultâneo"
Total,tipo_erosao,Tipologia,Erosão,6,CR1,1,0.001442648479730192,0.001619543397548305,0.38121919880933636,-0.0018863706510900476,0.004771667610550432,calculado,0.0018709990340823,0.002956283993341938,0.5323337340022555,-0.004205729743220765,0.007947727811385365,calculado,"IC95% pontual, não simultâneo"
Total,tipo_erosao,Tipologia,Erosão,6,CR1,2,-0.00016234852008538588,0.0016522168681939382,0.9224786583418234,-0.003558528931680358,0.003233831891509586,calculado,0.0017086505139969142,0.004450460185988446,0.7041546394567827,-0.007439401413810374,0.010856702441804202,calculado,"IC95% pontual, não simultâneo"
Total,tipo_erosao,Tipologia,Erosão,6,CR1,3,6.332840131598289e-05,0.0018404311877854638,0.9728133853435573,-0.0037197320849735086,0.003846388887605474,calculado,0.001771978915312897,0.005824064081915004,0.763358307261098,-0.010199556257605973,0.013743514088231767,calculado,"IC95% pontual, não simultâneo"
Total,tipo_erosao,Tipologia,Erosão,6,CR1,4,-0.0005772162588809467,0.002146794521738673,0.7901490922919481,-0.004990015597032037,0.003835583079270144,calculado,0.0011947626564319503,0.007544632475842748,0.8753972728755222,-0.014313451501403887,0.016702976814267786,calculado,"IC95% pontual, não simultâneo"
Total,tipo_erosao,Tipologia,Erosão,6,CR1,5,-0.0022113352798563213,0.0026652063623415156,0.4142589064733542,-0.007689745417707592,0.0032670748579949494,calculado,-0.001016572623424371,0.009558419465959039,0.9161181369605639,-0.02066418522260027,0.018631039975751527,calculado,"IC95% pontual, não simultâneo"
Total,tipo_erosao,Tipologia,Erosão,6,CR1,6,-0.0017415120175916369,0.00197202420343407,0.3852702779830208,-0.005795065821466631,0.002312041786283357,calculado,-0.0027580846410160077,0.010870239482540194,0.8017013894943362,-0.025102181902475453,0.019586012620443436,calculado,"IC95% pontual, não simultâneo"
Total,tipo_erosao,Tipologia,Erosão,6,DK6,0,0.00042835055435210814,0.0012232765152885095,0.7267554095963692,-0.0019907531011681447,0.002847454209872361,calculado,0.00042835055435210814,0.0012232765152885095,0.7267554095963692,-0.0019907531011681447,0.002847454209872361,calculado,"IC95% pontual, não simultâneo"
Total,tipo_erosao,Tipologia,Erosão,6,DK6,1,0.001442648479730192,0.0018147340535621872,0.4280195257070726,-0.0021460984044801906,0.005031395363940575,calculado,0.0018709990340823,0.002819494827163819,0.5080737107367268,-0.0037047233458276816,0.007446721413992282,calculado,"IC95% pontual, não simultâneo"
Total,tipo_erosao,Tipologia,Erosão,6,DK6,2,-0.00016234852008538588,0.0018529565109389602,0.9303108117618363,-0.0038266826367877706,0.003501985596616999,calculado,0.0017086505139969142,0.004350460124132121,0.6951178036442728,-0.0068946487874704835,0.010311949815464311,calculado,"IC95% pontual, não simultâneo"
Total,tipo_erosao,Tipologia,Erosão,6,DK6,3,6.332840131598289e-05,0.00197508919556359,0.974468367271745,-0.003842530522035912,0.0039691873246678775,calculado,0.001771978915312897,0.005971817381810119,0.7671302473828535,-0.010037652903727667,0.013581610734353461,calculado,"IC95% pontual, não simultâneo"
Total,tipo_erosao,Tipologia,Erosão,6,DK6,4,-0.0005772162588809467,0.0021448949888190354,0.7882515931783284,-0.004818876458607286,0.003664443940845393,calculado,0.0011947626564319503,0.007604616649992273,0.8753910233668787,-0.013843828951359776,0.016233354264223676,calculado,"IC95% pontual, não simultâneo"
Total,tipo_erosao,Tipologia,Erosão,6,DK6,5,-0.0022113352798563213,0.0017903814786499577,0.21891550203147758,-0.005751923467112066,0.0013292529073994233,calculado,-0.001016572623424371,0.008816411718036484,0.9083737815837932,-0.018451562627007895,0.016418417380159152,calculado,"IC95% pontual, não simultâneo"
Total,tipo_erosao,Tipologia,Erosão,6,DK6,6,-0.0017415120175916369,0.0015545299234455863,0.2645680210609406,-0.004815689420184792,0.0013326653850015185,calculado,-0.0027580846410160077,0.009608621158898427,0.7745164894261904,-0.021759716961667796,0.01624354767963578,calculado,"IC95% pontual, não simultâneo"
Total,tipo_estiagem_e_seca,Tipologia,Estiagem e Seca,6,CR1,0,-0.0005297619865195435,0.00025673877783313824,0.0491884383881073,-0.0010574961023967515,-2.0278706423353934e-06,calculado,-0.0005297619865195435,0.00025673877783313824,0.0491884383881073,-0.0010574961023967515,-2.0278706423353934e-06,calculado,"IC95% pontual, não simultâneo"
Total,tipo_estiagem_e_seca,Tipologia,Estiagem e Seca,6,CR1,1,-0.00048200357700051545,0.00041202025462761476,0.2526722299678746,-0.0013289233397047102,0.0003649161857036793,calculado,-0.001011765563520059,0.0006072853611283497,0.10770884340374282,-0.0022600585009762506,0.00023652737393613254,calculado,"IC95% pontual, não simultâneo"
Total,tipo_estiagem_e_seca,Tipologia,Estiagem e Seca,6,CR1,2,-0.00037933509261138613,0.00044034604527567474,0.3968669167995932,-0.0012844793518655031,0.000525809166642731,calculado,-0.0013911006561314451,0.0009987697346397573,0.1754725676755177,-0.0034441012481089975,0.0006618999358461071,calculado,"IC95% pontual, não simultâneo"
Total,tipo_estiagem_e_seca,Tipologia,Estiagem e Seca,6,CR1,3,-0.0005964482241542694,0.0004964129261823464,0.2403816784742961,-0.0016168396076449343,0.0004239431593363954,calculado,-0.0019875488802857146,0.001348386438795771,0.15248199092188552,-0.004759196899897249,0.0007840991393258199,calculado,"IC95% pontual, não simultâneo"
Total,tipo_estiagem_e_seca,Tipologia,Estiagem e Seca,6,CR1,4,-0.00012863822177110225,0.00046888599280591516,0.7859847934372762,-0.0010924471833509515,0.0008351707398087469,calculado,-0.002116187102056817,0.0017059549287947752,0.22587919713286858,-0.005622827679192385,0.001390453475078751,calculado,"IC95% pontual, não simultâneo"
Total,tipo_estiagem_e_seca,Tipologia,Estiagem e Seca,6,CR1,5,-0.00049011921060861,0.0004363051467697161,0.2715587715410521,-0.001386957284025161,0.0004067188628079411,calculado,-0.0026063063126654266,0.00199720429226648,0.20333272953478368,-0.006711618530403082,0.0014990059050722284,calculado,"IC95% pontual, não simultâneo"
Total,tipo_estiagem_e_seca,Tipologia,Estiagem e Seca,6,CR1,6,0.00020807139833358164,0.0003043738931263404,0.5002723222247486,-0.00041757809934195084,0.000833720896009114,calculado,-0.002398234914331845,0.0021293746871651337,0.2703429005403048,-0.006775227269700737,0.001978757441037047,calculado,"IC95% pontual, não simultâneo"
Total,tipo_estiagem_e_seca,Tipologia,Estiagem e Seca,6,DK6,0,-0.0005297619865195435,0.00033617121708514507,0.1173792195516583,-0.0011945609996352052,0.00013503702659611828,calculado,-0.0005297619865195435,0.00033617121708514507,0.1173792195516583,-0.0011945609996352052,0.00013503702659611828,calculado,"IC95% pontual, não simultâneo"
Total,tipo_estiagem_e_seca,Tipologia,Estiagem e Seca,6,DK6,1,-0.00048200357700051545,0.0005098508890342143,0.3461407532654115,-0.0014902646970482796,0.0005262575430472487,calculado,-0.001011765563520059,0.0007773147096421722,0.19524806205774378,-0.002548952644350716,0.0005254215173105981,calculado,"IC95% pontual, não simultâneo"
Total,tipo_estiagem_e_seca,Tipologia,Estiagem e Seca,6,DK6,2,-0.00037933509261138613,0.0005595196114694444,0.4989452919236554,-0.0014858191299688542,0.0007271489447460819,calculado,-0.0013911006561314451,0.0012053078288871918,0.2504646046665023,-0.0037746701422181643,0.0009924688299552738,calculado,"IC95% pontual, não simultâneo"
Total,tipo_estiagem_e_seca,Tipologia,Estiagem e Seca,6,DK6,3,-0.0005964482241542694,0.0005611612169739704,0.28971907618444037,-0.0017061786361680714,0.0005132821878595325,calculado,-0.0019875488802857146,0.0017126170712786196,0.24786492129091392,-0.00537435322571155,0.0013992554651401212,calculado,"IC95% pontual, não simultâneo"
Total,tipo_estiagem_e_seca,Tipologia,Estiagem e Seca,6,DK6,4,-0.00012863822177110225,0.0004949779612114772,0.7953441443938132,-0.0011074872231240296,0.000850210779581825,calculado,-0.002116187102056817,0.002131696463555684,0.3226072488809439,-0.006331746415913931,0.002099372211800297,calculado,"IC95% pontual, não simultâneo"
Total,tipo_estiagem_e_seca,Tipologia,Estiagem e Seca,6,DK6,5,-0.00049011921060861,0.0004929863400083492,0.32189879426349033,-0.0014650296599884682,0.00048479123877124826,calculado,-0.0026063063126654266,0.0025477002649611207,0.3081224274310178,-0.0076445384270813444,0.0024319258017504912,calculado,"IC95% pontual, não simultâneo"
Total,tipo_estiagem_e_seca,Tipologia,Estiagem e Seca,6,DK6,6,0.00020807139833358164,0.00029836378619817997,0.4867586918676636,-0.0003819611223975552,0.0007981039190647184,calculado,-0.002398234914331845,0.0027322925499067225,0.38163429690654965,-0.007801509491111575,0.0030050396624478853,calculado,"IC95% pontual, não simultâneo"
Total,tipo_granizo,Tipologia,Granizo,6,CR1,0,0.0010657483342094293,0.0010508835601615574,0.31985869366483716,-0.001094373760288481,0.0032258704287073396,calculado,0.0010657483342094293,0.0010508835601615574,0.31985869366483716,-0.001094373760288481,0.0032258704287073396,calculado,"IC95% pontual, não simultâneo"
Total,tipo_granizo,Tipologia,Granizo,6,CR1,1,0.0010630538752252985,0.0008969431914293334,0.24665990973098517,-0.0007806392595479867,0.002906747009998584,calculado,0.0021288022094347278,0.001857049633306362,0.26209728927706544,-0.0016884179808474525,0.005946022399716908,calculado,"IC95% pontual, não simultâneo"
Total,tipo_granizo,Tipologia,Granizo,6,CR1,2,0.0002845947683796257,0.0006845855563317614,0.681027336521768,-0.001122590995930019,0.0016917805326892704,calculado,0.0024133969778143533,0.0021631535609273065,0.2747631364767101,-0.002033028846976886,0.006859822802605593,calculado,"IC95% pontual, não simultâneo"
Total,tipo_granizo,Tipologia,Granizo,6,CR1,3,0.0013689411253096594,0.0007638905781891291,0.0847688240746008,-0.00020125844606002112,0.00293914069667934,calculado,0.0037823381031240125,0.002517373549307572,0.1450191665246574,-0.001392197335538599,0.008956873541786623,calculado,"IC95% pontual, não simultâneo"
Total,tipo_granizo,Tipologia,Granizo,6,CR1,4,0.0015265962494871305,0.0008745465707178495,0.09269182833364512,-0.00027105997208758093,0.003324252471061842,calculado,0.005308934352611143,0.0029441047281361992,0.08295217820788353,-0.0007427595865204884,0.011360628291742773,calculado,"IC95% pontual, não simultâneo"
Total,tipo_granizo,Tipologia,Granizo,6,CR1,5,0.0016368125771992728,0.0007927984118245539,0.04906889569295673,7.192102784586013e-06,0.0032664330516139596,calculado,0.006945746929810415,0.0035799955446126764,0.06327953572023924,-0.00041303930235126775,0.014304533161972098,calculado,"IC95% pontual, não simultâneo"
Total,tipo_granizo,Tipologia,Granizo,6,CR1,6,0.0009656750763964931,0.0006869866700901102,0.17166077679560382,-0.00044644624792896824,0.0023777964007219545,calculado,0.007911422006206908,0.004049492055878308,0.061577071340077234,-0.00041242812620140637,0.016235272138615222,calculado,"IC95% pontual, não simultâneo"
Total,tipo_granizo,Tipologia,Granizo,6,DK6,0,0.0010657483342094293,0.000710356370101428,0.13585442921395677,-0.0003390245606819369,0.0024705212291007955,calculado,0.0010657483342094293,0.000710356370101428,0.13585442921395677,-0.0003390245606819369,0.0024705212291007955,calculado,"IC95% pontual, não simultâneo"
Total,tipo_granizo,Tipologia,Granizo,6,DK6,1,0.0010630538752252985,0.0009571811224944504,0.2686964383456471,-0.00082982996868238,0.0029559377191329768,calculado,0.0021288022094347278,0.0015629638420069445,0.17544041964887314,-0.0009620537796980618,0.005219658198567517,calculado,"IC95% pontual, não simultâneo"
Total,tipo_granizo,Tipologia,Granizo,6,DK6,2,0.0002845947683796257,0.0009996365790454103,0.7763084002044173,-0.001692247321154133,0.0022614368579133843,calculado,0.0024133969778143533,0.0023602131862610087,0.3083439072120491,-0.002254068043652605,0.007080861999281311,calculado,"IC95% pontual, não simultâneo"
Total,tipo_granizo,Tipologia,Granizo,6,DK6,3,0.0013689411253096594,0.001017626844579955,0.18079008877435115,-0.0006434778077050948,0.003381360058324414,calculado,0.0037823381031240125,0.003087368348608186,0.22265471662000028,-0.002323120445873069,0.009887796652121094,calculado,"IC95% pontual, não simultâneo"
Total,tipo_granizo,Tipologia,Granizo,6,DK6,4,0.0015265962494871305,0.0011664985198732763,0.19284327950242638,-0.0007802254693283139,0.003833417968302575,calculado,0.005308934352611143,0.0037892832345241137,0.16348006307896112,-0.0021846035432561165,0.012802472248478403,calculado,"IC95% pontual, não simultâneo"
Total,tipo_granizo,Tipologia,Granizo,6,DK6,5,0.0016368125771992728,0.001218674185362474,0.1814736852375619,-0.0007731896911784687,0.004046814845577014,calculado,0.006945746929810415,0.004682965251344867,0.14033653186608588,-0.002315101469237647,0.01620659532885848,calculado,"IC95% pontual, não simultâneo"
Total,tipo_granizo,Tipologia,Granizo,6,DK6,6,0.0009656750763964931,0.0010262078294664449,0.348366563305656,-0.0010637132757540288,0.0029950634285470148,calculado,0.007911422006206908,0.0054623721603761196,0.14982101309530818,-0.002890750925120398,0.018713594937534214,calculado,"IC95% pontual, não simultâneo"
Total,tipo_incendio_florestal,Tipologia,Incêndio Florestal,6,CR1,0,0.0008333344728446159,0.0013680987786474689,0.5477318335604459,-0.001978832841636617,0.0036455017873258484,calculado,0.0008333344728446159,0.0013680987786474689,0.5477318335604459,-0.001978832841636617,0.0036455017873258484,calculado,"IC95% pontual, não simultâneo"
Total,tipo_incendio_florestal,Tipologia,Incêndio Florestal,6,CR1,1,0.0013908938650524546,0.0017020528513001373,0.42124754095192485,-0.002107725876921019,0.004889513607025928,calculado,0.0022242283378970705,0.0030237740734714025,0.4685705121498446,-0.0039912282859284765,0.008439684961722618,calculado,"IC95% pontual, não simultâneo"
Total,tipo_incendio_florestal,Tipologia,Incêndio Florestal,6,CR1,2,0.0008896077872346844,0.0014119779092717183,0.5341644782072611,-0.002012754371986749,0.0037919699464561175,calculado,0.003113836125131755,0.004166132346505202,0.461518880672879,-0.005449771558391999,0.01167744380865551,calculado,"IC95% pontual, não simultâneo"
Total,tipo_incendio_florestal,Tipologia,Incêndio Florestal,6,CR1,3,0.0005549960208037488,0.0010524914965965523,0.6024449716449316,-0.0016084312343717603,0.002718423275979258,calculado,0.0036688321459355036,0.004606044120189436,0.4329400232996106,-0.005799027138801795,0.013136691430672802,calculado,"IC95% pontual, não simultâneo"
Total,tipo_incendio_florestal,Tipologia,Incêndio Florestal,6,CR1,4,0.002160076128102236,0.00088785233913762,0.022162017927342837,0.00033506950783692216,0.00398508274836755,calculado,0.005828908274037739,0.005273739589295649,0.2791656999712543,-0.005011418703495845,0.016669235251571324,calculado,"IC95% pontual, não simultâneo"
Total,tipo_incendio_florestal,Tipologia,Incêndio Florestal,6,CR1,5,0.0020974617982628166,0.0011449020379970256,0.07843108287452219,-0.0002559180452022911,0.004450841641727925,calculado,0.007926370072300556,0.006168336273622723,0.2101190655450661,-0.0047528267255796345,0.020605566870180746,calculado,"IC95% pontual, não simultâneo"
Total,tipo_incendio_florestal,Tipologia,Incêndio Florestal,6,CR1,6,0.0025390936858998413,0.001174021857034045,0.03994047822019223,0.00012585719715618683,0.004952330174643495,calculado,0.010465463758200398,0.007086911672710305,0.15175836920415145,-0.0041018918141174435,0.02503281933051824,calculado,"IC95% pontual, não simultâneo"
Total,tipo_incendio_florestal,Tipologia,Incêndio Florestal,6,DK6,0,0.0008333344728446159,0.0015108265138967598,0.582144555931243,-0.0021544167812228886,0.003821085726912121,calculado,0.0008333344728446159,0.0015108265138967598,0.582144555931243,-0.0021544167812228886,0.003821085726912121,calculado,"IC95% pontual, não simultâneo"
Total,tipo_incendio_florestal,Tipologia,Incêndio Florestal,6,DK6,1,0.0013908938650524546,0.0015365565621167558,0.36695926537747625,-0.0016477401231538844,0.004429527853258793,calculado,0.0022242283378970705,0.002950945911101648,0.4523119020013828,-0.003611446549644518,0.00805990322543866,calculado,"IC95% pontual, não simultâneo"
Total,tipo_incendio_florestal,Tipologia,Incêndio Florestal,6,DK6,2,0.0008896077872346844,0.0016664750295779164,0.5943333329727598,-0.002405947866373494,0.004185163440842863,calculado,0.003113836125131755,0.004475147776027777,0.4877374539385691,-0.005736040586045726,0.011963712836309235,calculado,"IC95% pontual, não simultâneo"
Total,tipo_incendio_florestal,Tipologia,Incêndio Florestal,6,DK6,3,0.0005549960208037488,0.001715833435879862,0.7468470271689314,-0.002838168881100617,0.003948160922708114,calculado,0.0036688321459355036,0.0059525132441059884,0.5386937785607698,-0.00810262456755608,0.015440288859427087,calculado,"IC95% pontual, não simultâneo"
Total,tipo_incendio_florestal,Tipologia,Incêndio Florestal,6,DK6,4,0.002160076128102236,0.0014803204985791977,0.14681732572983144,-0.0007673476266241517,0.005087499882828624,calculado,0.005828908274037739,0.007140349754904404,0.4157368592523334,-0.008291567332173413,0.019949383880248892,calculado,"IC95% pontual, não simultâneo"
Total,tipo_incendio_florestal,Tipologia,Incêndio Florestal,6,DK6,5,0.0020974617982628166,0.0012715109228967894,0.1013362753518476,-0.0004170283298241262,0.0046119519263497595,calculado,0.007926370072300556,0.008171860068642152,0.3337887454397316,-0.008233979870974368,0.02408672001557548,calculado,"IC95% pontual, não simultâneo"
Total,tipo_incendio_florestal,Tipologia,Incêndio Florestal,6,DK6,6,0.0025390936858998413,0.0010026619781397948,0.012466381460932407,0.0005562686857835909,0.004521918686016092,calculado,0.010465463758200398,0.00896611309394451,0.2451622955766421,-0.007265569814575741,0.02819649733097654,calculado,"IC95% pontual, não simultâneo"
Total,tipo_inundacoes,Tipologia,Inundações,6,CR1,0,0.0005244756973460465,0.0007824168777485151,0.5085597340247733,-0.0010838052281570685,0.0021327566228491615,calculado,0.0005244756973460465,0.0007824168777485151,0.5085597340247733,-0.0010838052281570685,0.0021327566228491615,calculado,"IC95% pontual, não simultâneo"
Total,tipo_inundacoes,Tipologia,Inundações,6,CR1,1,0.0020855590245174613,0.0006393376191956505,0.003087671118968603,0.0007713817270289546,0.003399736322005968,calculado,0.002610034721863508,0.0012731506021634227,0.05056894503171002,-6.963820709308694e-06,0.005227033264436324,calculado,"IC95% pontual, não simultâneo"
Total,tipo_inundacoes,Tipologia,Inundações,6,CR1,2,0.0013280231330668217,0.0007744267522010494,0.09827065467293186,-0.00026383385415502513,0.0029198801202886685,calculado,0.00393805785493033,0.00177699875720904,0.03564147238659719,0.00028538459705534794,0.007590731112805312,calculado,"IC95% pontual, não simultâneo"
Total,tipo_inundacoes,Tipologia,Inundações,6,CR1,3,0.0005847436805605295,0.0011836967321463495,0.6254554387216039,-0.0018483797987916602,0.003017867159912719,calculado,0.004522801535490859,0.002526413522785252,0.085074076484551,-0.0006703158347796745,0.009715918905761393,calculado,"IC95% pontual, não simultâneo"
Total,tipo_inundacoes,Tipologia,Inundações,6,CR1,4,0.0009765830637093263,0.0011337676809001968,0.39691387786718063,-0.0013539097809628878,0.0033070759083815406,calculado,0.0054993845992001855,0.0035388512212950717,0.13227309801571874,-0.0017748282651491205,0.012773597463549492,calculado,"IC95% pontual, não simultâneo"
Total,tipo_inundacoes,Tipologia,Inundações,6,CR1,5,0.0010455244640654724,0.0012875035739158063,0.42413262180873124,-0.0016009770344763785,0.0036920259626073235,calculado,0.006544909063265658,0.004448066640942693,0.15318258412652178,-0.0025982228622373673,0.015688040988768685,calculado,"IC95% pontual, não simultâneo"
Total,tipo_inundacoes,Tipologia,Inundações,6,CR1,6,0.0006778753627891818,0.000854187673198951,0.434617011156568,-0.0010779325455971202,0.002433683271175484,calculado,0.00722278442605484,0.004942960693229583,0.15593451267022979,-0.0029376167929331537,0.017383185645042834,calculado,"IC95% pontual, não simultâneo"
Total,tipo_inundacoes,Tipologia,Inundações,6,DK6,0,0.0005244756973460465,0.000561142585101772,0.35162179116442793,-0.0005852178690081019,0.001634169263700195,calculado,0.0005244756973460465,0.000561142585101772,0.35162179116442793,-0.0005852178690081019,0.001634169263700195,calculado,"IC95% pontual, não simultâneo"
Total,tipo_inundacoes,Tipologia,Inundações,6,DK6,1,0.0020855590245174613,0.0006545742412616077,0.0017886409284534454,0.0007910986796526808,0.0033800193693822415,calculado,0.002610034721863508,0.001002788993384135,0.010272869026202839,0.0006269585413820251,0.004593110902344991,calculado,"IC95% pontual, não simultâneo"
Total,tipo_inundacoes,Tipologia,Inundações,6,DK6,2,0.0013280231330668217,0.0005667079266028337,0.02055825179773444,0.00020732376565201806,0.0024487225004816253,calculado,0.00393805785493033,0.001393303809533596,0.005417681863620413,0.0011827148913665492,0.00669340081849411,calculado,"IC95% pontual, não simultâneo"
Total,tipo_inundacoes,Tipologia,Inundações,6,DK6,3,0.0005847436805605295,0.0008215774618264239,0.4778492896940009,-0.001039975682852252,0.002209463043973311,calculado,0.004522801535490859,0.0018810421786131543,0.017545253432825862,0.000802926304012519,0.008242676766969199,calculado,"IC95% pontual, não simultâneo"
Total,tipo_inundacoes,Tipologia,Inundações,6,DK6,4,0.0009765830637093263,0.0008449263697133096,0.24978113561623488,-0.000694310184116048,0.0026474763115347006,calculado,0.0054993845992001855,0.002423862653147062,0.024851960429393614,0.000706048888570481,0.01029272030982989,calculado,"IC95% pontual, não simultâneo"
Total,tipo_inundacoes,Tipologia,Inundações,6,DK6,5,0.0010455244640654724,0.0009908237291896883,0.29320145902631023,-0.0009138896792639073,0.003004938607394852,calculado,0.006544909063265658,0.003067979407183784,0.03469579009354985,0.0004777933243284736,0.012612024802202842,calculado,"IC95% pontual, não simultâneo"
Total,tipo_inundacoes,Tipologia,Inundações,6,DK6,6,0.0006778753627891818,0.00074719182801966,0.36588949777826846,-0.0007997418888678672,0.002155492614446231,calculado,0.00722278442605484,0.0035237800492940326,0.042312933495105606,0.00025429521535005103,0.014191273636759628,calculado,"IC95% pontual, não simultâneo"
Total,tipo_movimento_de_massa,Tipologia,Movimento de Massa,6,CR1,0,0.0021550655018231415,0.0007195177106931621,0.005955102591315688,0.0006760756658684205,0.0036340553377778627,calculado,0.0021550655018231415,0.0007195177106931621,0.005955102591315688,0.0006760756658684205,0.0036340553377778627,calculado,"IC95% pontual, não simultâneo"
Total,tipo_movimento_de_massa,Tipologia,Movimento de Massa,6,CR1,1,0.00405742501817207,0.0010147406647519782,0.00046935602011773743,0.00197159570918634,0.0061432543271578,calculado,0.006212490519995211,0.0014907036361754007,0.0003017029847296316,0.0031483053115446994,0.009276675728445722,calculado,"IC95% pontual, não simultâneo"
Total,tipo_movimento_de_massa,Tipologia,Movimento de Massa,6,CR1,2,0.003933364486287227,0.0011960149335748444,0.002888882668693523,0.0014749205812676332,0.00639180839130682,calculado,0.010145855006282439,0.00238874235407575,0.00024465355733615217,0.005235724776146655,0.015055985236418223,calculado,"IC95% pontual, não simultâneo"
Total,tipo_movimento_de_massa,Tipologia,Movimento de Massa,6,CR1,3,0.003237695448427387,0.0009310679917587628,0.0017963661221270834,0.0013238577819891495,0.005151533114865624,calculado,0.013383550454709826,0.0030608350047904996,0.00017603519107009427,0.007091913995534354,0.019675186913885298,calculado,"IC95% pontual, não simultâneo"
Total,tipo_movimento_de_massa,Tipologia,Movimento de Massa,6,CR1,4,0.0033670550387263206,0.0010421745429758014,0.0033375841004718897,0.0012248345854353783,0.005509275492017263,calculado,0.016750605493436148,0.0035234505907742737,6.433173463887965e-05,0.009508049078496004,0.02399316190837629,calculado,"IC95% pontual, não simultâneo"
Total,tipo_movimento_de_massa,Tipologia,Movimento de Massa,6,CR1,5,0.0012909901065937643,0.0011564606838152679,0.2744925265836804,-0.0010861488736215869,0.0036681290868091155,calculado,0.01804159560002991,0.004010864046151943,0.00012640514211993513,0.009797146478770325,0.0262860447212895,calculado,"IC95% pontual, não simultâneo"
Total,tipo_movimento_de_massa,Tipologia,Movimento de Massa,6,CR1,6,-0.00020333247561745457,0.000579886519512483,0.7286821634321254,-0.0013953062875475184,0.0009886413363126092,calculado,0.017838263124412456,0.004252816260787988,0.0002811016340587675,0.009096474103223638,0.026580052145601274,calculado,"IC95% pontual, não simultâneo"
Total,tipo_movimento_de_massa,Tipologia,Movimento de Massa,6,DK6,0,0.0021550655018231415,0.0007334062864895106,0.0038764255481550268,0.0007047099963797402,0.0036054210072665425,calculado,0.0021550655018231415,0.0007334062864895106,0.0038764255481550268,0.0007047099963797402,0.0036054210072665425,calculado,"IC95% pontual, não simultâneo"
Total,tipo_movimento_de_massa,Tipologia,Movimento de Massa,6,DK6,1,0.00405742501817207,0.0010098402175006535,9.672919656652078e-05,0.0020604046134510335,0.006054445422893106,calculado,0.006212490519995211,0.0016258512088742065,0.0002013646507825291,0.0029972709408046523,0.00942771009918577,calculado,"IC95% pontual, não simultâneo"
Total,tipo_movimento_de_massa,Tipologia,Movimento de Massa,6,DK6,2,0.003933364486287227,0.0012215032405833758,0.0016029699852754588,0.0015177675892699104,0.006348961383304543,calculado,0.010145855006282439,0.0026853110955241256,0.00023535665020019033,0.0048354891109154245,0.015456220901649453,calculado,"IC95% pontual, não simultâneo"
Total,tipo_movimento_de_massa,Tipologia,Movimento de Massa,6,DK6,3,0.003237695448427387,0.0013007165632180956,0.014010756202670263,0.0006654493915867407,0.005809941505268033,calculado,0.013383550454709826,0.0038124714460449276,0.000607238833768037,0.005844156461260454,0.0209229444481592,calculado,"IC95% pontual, não simultâneo"
Total,tipo_movimento_de_massa,Tipologia,Movimento de Massa,6,DK6,4,0.0033670550387263206,0.0014720916552558021,0.023724490857147135,0.0004559043217927288,0.0062782057556599125,calculado,0.016750605493436148,0.004893681495398203,0.0008189095424284565,0.0070730529151643885,0.026428158071707907,calculado,"IC95% pontual, não simultâneo"
Total,tipo_movimento_de_massa,Tipologia,Movimento de Massa,6,DK6,5,0.0012909901065937643,0.0012487166678513476,0.3030395609999286,-0.001178422996784432,0.0037604032099719607,calculado,0.01804159560002991,0.005574560156769978,0.0015203271651718178,0.007017564087433375,0.029065627112626446,calculado,"IC95% pontual, não simultâneo"
Total,tipo_movimento_de_massa,Tipologia,Movimento de Massa,6,DK6,6,-0.00020333247561745457,0.001036553611204704,0.844776143860582,-0.0022531802399363976,0.0018465152887014882,calculado,0.017838263124412456,0.006035146353716039,0.0036780509091313735,0.005903394414510942,0.02977313183431397,calculado,"IC95% pontual, não simultâneo"
Total,tipo_onda_de_calor_e_baixa_umidade,Tipologia,Onda de Calor e Baixa Umidade,6,CR1,0,0.004667714565792799,0.003420982669327217,0.18412438504591191,-0.002364216020096374,0.01169964515168197,calculado,0.004667714565792799,0.003420982669327217,0.18412438504591191,-0.002364216020096374,0.01169964515168197,calculado,"IC95% pontual, não simultâneo"
Total,tipo_onda_de_calor_e_baixa_umidade,Tipologia,Onda de Calor e Baixa Umidade,6,CR1,1,0.01113844366005479,0.009547744371125938,0.2539593418818977,-0.008487225967431365,0.030764113287540945,calculado,0.015806158225847588,0.012883455373566267,0.23087053811570432,-0.010676163565959594,0.04228848001765477,calculado,"IC95% pontual, não simultâneo"
Total,tipo_onda_de_calor_e_baixa_umidade,Tipologia,Onda de Calor e Baixa Umidade,6,CR1,2,0.003942113992167606,0.002180066245830299,0.08214854746363967,-0.0005390763543282251,0.008423304338663437,calculado,0.019748272218015193,0.012002247520916498,0.1119287496272401,-0.004922700891107117,0.04441924532713751,calculado,"IC95% pontual, não simultâneo"
Total,tipo_onda_de_calor_e_baixa_umidade,Tipologia,Onda de Calor e Baixa Umidade,6,CR1,3,0.0006517093349317219,0.003224414846639321,0.8413983602433871,-0.0059761703047325485,0.007279588974595992,calculado,0.020399981552946915,0.014297614541584605,0.1655339971321187,-0.008989186039648673,0.0497891491455425,calculado,"IC95% pontual, não simultâneo"
Total,tipo_onda_de_calor_e_baixa_umidade,Tipologia,Onda de Calor e Baixa Umidade,6,CR1,4,-0.0017009148500310106,0.005734538735735105,0.7691217011617019,-0.013488428038372404,0.010086598338310384,calculado,0.018699066702915903,0.018751702307289245,0.3278615961320035,-0.019845609414384634,0.05724374282021644,calculado,"IC95% pontual, não simultâneo"
Total,tipo_onda_de_calor_e_baixa_umidade,Tipologia,Onda de Calor e Baixa Umidade,6,CR1,5,-0.0024088413826924035,0.005603679446889332,0.6708336471183639,-0.013927369450491441,0.009109686685106633,calculado,0.0162902253202235,0.02413682254808427,0.5056897872292124,-0.03332372398266281,0.06590417462310981,calculado,"IC95% pontual, não simultâneo"
Total,tipo_onda_de_calor_e_baixa_umidade,Tipologia,Onda de Calor e Baixa Umidade,6,CR1,6,0.003309314062965438,0.00422130754852835,0.44015068114217815,-0.005367707872599967,0.011986335998530842,calculado,0.019599539383188938,0.028188887889477505,0.49303960103335986,-0.038343549516235656,0.07754262828261353,calculado,"IC95% pontual, não simultâneo"
Total,tipo_onda_de_calor_e_baixa_umidade,Tipologia,Onda de Calor e Baixa Umidade,6,DK6,0,0.004667714565792799,0.003655921902805281,0.20386465349867047,-0.0025620931913576317,0.011897522322943228,calculado,0.004667714565792799,0.003655921902805281,0.20386465349867047,-0.0025620931913576317,0.011897522322943228,calculado,"IC95% pontual, não simultâneo"
Total,tipo_onda_de_calor_e_baixa_umidade,Tipologia,Onda de Calor e Baixa Umidade,6,DK6,1,0.01113844366005479,0.008334589867873131,0.18364633171109299,-0.005343714351356631,0.02762060167146621,calculado,0.015806158225847588,0.010425536670646125,0.13181491355670397,-0.004810974168599016,0.03642329062029419,calculado,"IC95% pontual, não simultâneo"
Total,tipo_onda_de_calor_e_baixa_umidade,Tipologia,Onda de Calor e Baixa Umidade,6,DK6,2,0.003942113992167606,0.0036772438870346616,0.2856054243121038,-0.0033298592846732564,0.011214087269008468,calculado,0.019748272218015193,0.012718137362284797,0.12280342188762707,-0.005402617380527934,0.04489916181655832,calculado,"IC95% pontual, não simultâneo"
Total,tipo_onda_de_calor_e_baixa_umidade,Tipologia,Onda de Calor e Baixa Umidade,6,DK6,3,0.0006517093349317219,0.004474635059711426,0.8844170902816042,-0.008197153448569042,0.009500572118432485,calculado,0.020399981552946915,0.016096392440891956,0.20719110200554156,-0.01143161278226075,0.05223157588815458,calculado,"IC95% pontual, não simultâneo"
Total,tipo_onda_de_calor_e_baixa_umidade,Tipologia,Onda de Calor e Baixa Umidade,6,DK6,4,-0.0017009148500310106,0.00469880174685657,0.71792204138813,-0.010993080881441169,0.007591251181379148,calculado,0.018699066702915903,0.01987540549419542,0.34846808473817636,-0.02060575562060891,0.058003889026440714,calculado,"IC95% pontual, não simultâneo"
Total,tipo_onda_de_calor_e_baixa_umidade,Tipologia,Onda de Calor e Baixa Umidade,6,DK6,5,-0.0024088413826924035,0.007310993577971087,0.7422982328797619,-0.016866775520162292,0.012049092754777484,calculado,0.0162902253202235,0.02524160935049281,0.5197735180109168,-0.03362659126853434,0.06620704190898133,calculado,"IC95% pontual, não simultâneo"
Total,tipo_onda_de_calor_e_baixa_umidade,Tipologia,Onda de Calor e Baixa Umidade,6,DK6,6,0.003309314062965438,0.0062790512253380745,0.5990241303551428,-0.009107891354267457,0.015726519480198334,calculado,0.019599539383188938,0.030591058794149337,0.5227989316546273,-0.04089613860152906,0.08009521736790694,calculado,"IC95% pontual, não simultâneo"
Total,tipo_onda_de_frio,Tipologia,Onda de Frio,6,CR1,0,0.0053882063625291365,0.002164849700924564,0.019539504653353933,0.0009382940720414745,0.009838118653016798,calculado,0.0053882063625291365,0.002164849700924564,0.019539504653353933,0.0009382940720414745,0.009838118653016798,calculado,"IC95% pontual, não simultâneo"
Total,tipo_onda_de_frio,Tipologia,Onda de Frio,6,CR1,1,0.0050780041141404554,0.002717146496809403,0.07294619187976174,-0.000507170499156627,0.010663178727437538,calculado,0.010466210476669593,0.00481188421409714,0.03890720661268792,0.0005752408192519938,0.020357180134087192,calculado,"IC95% pontual, não simultâneo"
Total,tipo_onda_de_frio,Tipologia,Onda de Frio,6,CR1,2,0.0026840483838194663,0.0029622764555687947,0.3732162600154464,-0.0034049980760008595,0.008773094843639792,calculado,0.01315025886048906,0.007636622879665823,0.0969478022614324,-0.002547044280477754,0.028847562001455874,calculado,"IC95% pontual, não simultâneo"
Total,tipo_onda_de_frio,Tipologia,Onda de Frio,6,CR1,3,0.0016951855829298442,0.002473167113198907,0.4991382152573679,-0.0033884822249339213,0.00677885339079361,calculado,0.014845444443418905,0.009944537146834062,0.14751967545990877,-0.005595844415576118,0.03528673330241393,calculado,"IC95% pontual, não simultâneo"
Total,tipo_onda_de_frio,Tipologia,Onda de Frio,6,CR1,4,0.002267648932822981,0.0024826284652195566,0.3694217023884812,-0.002835466962648593,0.007370764828294555,calculado,0.017113093376241888,0.012339835923140986,0.17727379213653954,-0.008251802631797266,0.042477989384281045,calculado,"IC95% pontual, não simultâneo"
Total,tipo_onda_de_frio,Tipologia,Onda de Frio,6,CR1,5,-0.0010115021819830806,0.0013646906102892746,0.4652174376436847,-0.003816663906072194,0.0017936595421060328,calculado,0.01610159119425881,0.012278922815043532,0.20121296476172632,-0.009138096126886795,0.04134127851540441,calculado,"IC95% pontual, não simultâneo"
Total,tipo_onda_de_frio,Tipologia,Onda de Frio,6,CR1,6,0.0016370204237236335,0.0009479014249336269,0.09603292996566219,-0.0003114188601589646,0.0035854597076062315,calculado,0.01773861161798244,0.012408804859045199,0.16476198932987726,-0.007768052068159698,0.04324527530412458,calculado,"IC95% pontual, não simultâneo"
Total,tipo_onda_de_frio,Tipologia,Onda de Frio,6,DK6,0,0.0053882063625291365,0.0023366299906255284,0.02262448157983541,0.0007673785437368194,0.010009034181321454,calculado,0.0053882063625291365,0.0023366299906255284,0.02262448157983541,0.0007673785437368194,0.010009034181321454,calculado,"IC95% pontual, não simultâneo"
Total,tipo_onda_de_frio,Tipologia,Onda de Frio,6,DK6,1,0.0050780041141404554,0.002303487888586945,0.02917141725722592,0.0005227168163923551,0.009633291411888557,calculado,0.010466210476669593,0.0042782496440862345,0.015706817123190005,0.0020057117881974312,0.018926709165141754,calculado,"IC95% pontual, não simultâneo"
Total,tipo_onda_de_frio,Tipologia,Onda de Frio,6,DK6,2,0.0026840483838194663,0.0025551070820331746,0.2953677910477973,-0.0023688311615172927,0.007736927929156225,calculado,0.01315025886048906,0.006592800598384319,0.04808121353438791,0.00011259498944995484,0.026187922731528167,calculado,"IC95% pontual, não simultâneo"
Total,tipo_onda_de_frio,Tipologia,Onda de Frio,6,DK6,3,0.0016951855829298442,0.002544211867222656,0.5063537598960827,-0.003336148012945449,0.006726519178805138,calculado,0.014845444443418905,0.00886641063418026,0.09636069015696445,-0.002688421455601008,0.03237931034243882,calculado,"IC95% pontual, não simultâneo"
Total,tipo_onda_de_frio,Tipologia,Onda de Frio,6,DK6,4,0.002267648932822981,0.0025380214880733384,0.37318325702229516,-0.0027514428120545935,0.007286740677700555,calculado,0.017113093376241888,0.01101245906336676,0.12251425290646524,-0.004664713720933165,0.03889090047341694,calculado,"IC95% pontual, não simultâneo"
Total,tipo_onda_de_frio,Tipologia,Onda de Frio,6,DK6,5,-0.0010115021819830806,0.0017552861533969223,0.5653915329412581,-0.004482687230577844,0.002459682866611683,calculado,0.01610159119425881,0.012286383417854261,0.19222775465318262,-0.008195478738653884,0.0403986611271715,calculado,"IC95% pontual, não simultâneo"
Total,tipo_onda_de_frio,Tipologia,Onda de Frio,6,DK6,6,0.0016370204237236335,0.0015529127720528288,0.29367831543128264,-0.0014339589637054468,0.004707999811152714,calculado,0.01773861161798244,0.013112419081246916,0.17836108664404765,-0.008191994042894404,0.043669217278859286,calculado,"IC95% pontual, não simultâneo"
Total,tipo_outros,Tipologia,Outros,6,CR1,0,0.0008039166549549809,0.001482845570596385,0.592335621152652,-0.002244116068367078,0.00385194937827704,calculado,0.0008039166549549809,0.001482845570596385,0.592335621152652,-0.002244116068367078,0.00385194937827704,calculado,"IC95% pontual, não simultâneo"
Total,tipo_outros,Tipologia,Outros,6,CR1,1,0.0003656959152737983,0.001323520374243414,0.7844979867872284,-0.002354839176627172,0.0030862310071747686,calculado,0.0011696125702287791,0.0026756360494220683,0.6656232416471193,-0.004330236096452401,0.0066694612369099585,calculado,"IC95% pontual, não simultâneo"
Total,tipo_outros,Tipologia,Outros,6,CR1,2,-0.0002910731127052229,0.0013108248092617006,0.8260072890274933,-0.002985512097046078,0.002403365871635632,calculado,0.0008785394575235562,0.0036958604193344713,0.813970040334107,-0.006718410435533445,0.008475489350580557,calculado,"IC95% pontual, não simultâneo"
Total,tipo_outros,Tipologia,Outros,6,CR1,3,-0.0008901312751433525,0.0012727482328531484,0.49052636164753577,-0.0035063027357536943,0.001726040185466989,calculado,-1.1591817619796335e-05,0.003941226245096278,0.9976757400227623,-0.008112898388767109,0.008089714753527516,calculado,"IC95% pontual, não simultâneo"
Total,tipo_outros,Tipologia,Outros,6,CR1,4,0.000735863718862336,0.001282223232283519,0.5709694851014455,-0.0018997838820082565,0.0033715113197329283,calculado,0.0007242719012425397,0.004530395502692466,0.8742194354515537,-0.008588089423237105,0.010036633225722184,calculado,"IC95% pontual, não simultâneo"
Total,tipo_outros,Tipologia,Outros,6,CR1,5,0.0014212326535263226,0.0015049065425585821,0.35365976967031876,-0.0016721470471091075,0.004514612354161753,calculado,0.0021455045547688623,0.0052363233373184746,0.6853567239305505,-0.00861791221534196,0.012908921324879684,calculado,"IC95% pontual, não simultâneo"
Total,tipo_outros,Tipologia,Outros,6,CR1,6,-0.00026832967999264947,0.000900676784282805,0.7681318969710289,-0.002119697324788152,0.001583037964802853,calculado,0.0018771748747762127,0.005651231750660257,0.7424233100366099,-0.009739098353299249,0.013493448102851673,calculado,"IC95% pontual, não simultâneo"
Total,tipo_outros,Tipologia,Outros,6,DK6,0,0.0008039166549549809,0.001326646707771154,0.545540443683625,-0.001819607838684297,0.0034274411485942587,calculado,0.0008039166549549809,0.001326646707771154,0.545540443683625,-0.001819607838684297,0.0034274411485942587,calculado,"IC95% pontual, não simultâneo"
Total,tipo_outros,Tipologia,Outros,6,DK6,1,0.0003656959152737983,0.00155250627968665,0.8141346790911158,-0.0027044796087959564,0.003435871439343553,calculado,0.0011696125702287791,0.0027050496541248703,0.6661492103658085,-0.0041797875244128785,0.006519012664870436,calculado,"IC95% pontual, não simultâneo"
Total,tipo_outros,Tipologia,Outros,6,DK6,2,-0.0002910731127052229,0.0012937286697157575,0.8223265015303914,-0.0028495001854448743,0.0022673539600344284,calculado,0.0008785394575235562,0.003740146046546571,0.8146439715719231,-0.006517826662728911,0.008274905577776024,calculado,"IC95% pontual, não simultâneo"
Total,tipo_outros,Tipologia,Outros,6,DK6,3,-0.0008901312751433525,0.001808047808956537,0.6232896144697992,-0.004465655704279123,0.002685393153992418,calculado,-1.1591817619796335e-05,0.005191275250626333,0.9982216433934467,-0.010277654133579586,0.010254470498339992,calculado,"IC95% pontual, não simultâneo"
Total,tipo_outros,Tipologia,Outros,6,DK6,4,0.000735863718862336,0.0016093523138705369,0.6482265618941847,-0.0024467282927124016,0.003918455730437074,calculado,0.0007242719012425397,0.006540015094289872,0.9119820748987552,-0.012209005427328496,0.013657549229813574,calculado,"IC95% pontual, não simultâneo"
Total,tipo_outros,Tipologia,Outros,6,DK6,5,0.0014212326535263226,0.0013516216761453041,0.2948929358627159,-0.0012516813579654743,0.0040941466650181195,calculado,0.0021455045547688623,0.007591587048380072,0.7779008278146325,-0.012867320223940385,0.01715832933347811,calculado,"IC95% pontual, não simultâneo"
Total,tipo_outros,Tipologia,Outros,6,DK6,6,-0.00026832967999264947,0.0014508219006951852,0.8535436873870004,-0.00313741816458013,0.002600758804594831,calculado,0.0018771748747762127,0.008674696534392855,0.8290028639889755,-0.015277564740190826,0.01903191448974325,calculado,"IC95% pontual, não simultâneo"
Total,tipo_rompimento_colapso_de_barragens,Tipologia,Rompimento/Colapso de barragens,6,CR1,0,0.01454388626601836,0.005813223720739645,0.018977305408654853,0.002594633774620962,0.02649313875741576,calculado,0.01454388626601836,0.005813223720739645,0.018977305408654853,0.002594633774620962,0.02649313875741576,calculado,"IC95% pontual, não simultâneo"
Total,tipo_rompimento_colapso_de_barragens,Tipologia,Rompimento/Colapso de barragens,6,CR1,1,0.018144449898562183,0.005896074510697142,0.004873535065076697,0.006024895169392332,0.030264004627732034,calculado,0.03268833616458054,0.01131862014128321,0.0077104936518858505,0.009422579259356741,0.05595409306980434,calculado,"IC95% pontual, não simultâneo"
Total,tipo_rompimento_colapso_de_barragens,Tipologia,Rompimento/Colapso de barragens,6,CR1,2,0.015062347649964739,0.0035288481562914644,0.0002315306118617204,0.007808696380207005,0.022315998919722472,calculado,0.04775068381454528,0.013893658088231993,0.001990555624141983,0.019191860603745753,0.07630950702534481,calculado,"IC95% pontual, não simultâneo"
Total,tipo_rompimento_colapso_de_barragens,Tipologia,Rompimento/Colapso de barragens,6,CR1,3,0.010815595222539384,0.003938394439387156,0.010796406505604024,0.0027201095113916895,0.018911080933687076,calculado,0.05856627903708467,0.015987462212780506,0.0011178553521377199,0.0257035798095238,0.09142897826464554,calculado,"IC95% pontual, não simultâneo"
Total,tipo_rompimento_colapso_de_barragens,Tipologia,Rompimento/Colapso de barragens,6,CR1,4,0.007330829603940651,0.00381439753602584,0.06564428294928461,-0.0005097768220473043,0.015171436029928605,calculado,0.06589710864102531,0.018027323600926466,0.001140637393860173,0.02884141427937951,0.10295280300267112,calculado,"IC95% pontual, não simultâneo"
Total,tipo_rompimento_colapso_de_barragens,Tipologia,Rompimento/Colapso de barragens,6,CR1,5,-0.002734501543261743,0.005543434150627228,0.6259510489616258,-0.014129193631054264,0.008660190544530778,calculado,0.06316260709776357,0.020872473741886204,0.005523311647451941,0.020258622864016106,0.10606659133151103,calculado,"IC95% pontual, não simultâneo"
Total,tipo_rompimento_colapso_de_barragens,Tipologia,Rompimento/Colapso de barragens,6,CR1,6,-0.004413786975960287,0.0039046405337207417,0.26863006057234723,-0.012439890540341492,0.0036123165884209196,calculado,0.05874882012180328,0.02273135683390681,0.015719790651695376,0.012023846969411972,0.1054737932741946,calculado,"IC95% pontual, não simultâneo"
Total,tipo_rompimento_colapso_de_barragens,Tipologia,Rompimento/Colapso de barragens,6,DK6,0,0.01454388626601836,0.004568488885307438,0.001803693033186431,0.00550942183828892,0.0235783506937478,calculado,0.01454388626601836,0.004568488885307438,0.001803693033186431,0.00550942183828892,0.0235783506937478,calculado,"IC95% pontual, não simultâneo"
Total,tipo_rompimento_colapso_de_barragens,Tipologia,Rompimento/Colapso de barragens,6,DK6,1,0.018144449898562183,0.00581463231096583,0.002205304800495803,0.006645661110283923,0.02964323868684044,calculado,0.03268833616458054,0.010009042164485967,0.0013810409575074085,0.012894846969168549,0.05248182535999253,calculado,"IC95% pontual, não simultâneo"
Total,tipo_rompimento_colapso_de_barragens,Tipologia,Rompimento/Colapso de barragens,6,DK6,2,0.015062347649964739,0.005189841988543471,0.0043232343532535146,0.004799119696882546,0.02532557560304693,calculado,0.04775068381454528,0.013971572424125651,0.0008334459856124865,0.020121050201741958,0.0753803174273486,calculado,"IC95% pontual, não simultâneo"
Total,tipo_rompimento_colapso_de_barragens,Tipologia,Rompimento/Colapso de barragens,6,DK6,3,0.010815595222539384,0.005150118482873953,0.03756971795056827,0.0006309229161766457,0.02100026752890212,calculado,0.05856627903708467,0.01781758061636536,0.001288652974714213,0.023330930476983758,0.09380162759718558,calculado,"IC95% pontual, não simultâneo"
Total,tipo_rompimento_colapso_de_barragens,Tipologia,Rompimento/Colapso de barragens,6,DK6,4,0.007330829603940651,0.004711906928724779,0.12207744027883395,-0.0019872527211017487,0.01664891192898305,calculado,0.06589710864102531,0.021060212729806974,0.0021466642015824625,0.024249258000571865,0.10754495928147875,calculado,"IC95% pontual, não simultâneo"
Total,tipo_rompimento_colapso_de_barragens,Tipologia,Rompimento/Colapso de barragens,6,DK6,5,-0.002734501543261743,0.004920685132206105,0.579318324159817,-0.012465455454509253,0.006996452367985767,calculado,0.06316260709776357,0.023733946788289398,0.008721844406356552,0.01622728485630555,0.11009792933922159,calculado,"IC95% pontual, não simultâneo"
Total,tipo_rompimento_colapso_de_barragens,Tipologia,Rompimento/Colapso de barragens,6,DK6,6,-0.004413786975960287,0.0043293735163865595,0.3097768356309155,-0.01297538622903938,0.004147812277118805,calculado,0.05874882012180328,0.02600943791158329,0.02549040337291486,0.007313575887511227,0.11018406435609535,calculado,"IC95% pontual, não simultâneo"
Total,tipo_tornado,Tipologia,Tornado,6,CR1,0,0.0007548356536583832,0.0016926442428178245,0.6593246386827881,-0.0027244444166030315,0.0042341157239197975,calculado,0.0007548356536583832,0.0016926442428178245,0.6593246386827881,-0.0027244444166030315,0.0042341157239197975,calculado,"IC95% pontual, não simultâneo"
Total,tipo_tornado,Tipologia,Tornado,6,CR1,1,-0.0013502037495419885,0.002078505215034237,0.5216467379425406,-0.005622632407417599,0.002922224908333621,calculado,-0.0005953680958836053,0.003607878512119905,0.8702054502631508,-0.00801146858859312,0.006820732396825909,calculado,"IC95% pontual, não simultâneo"
Total,tipo_tornado,Tipologia,Tornado,6,CR1,2,-0.0027365174556348215,0.003146718063836359,0.39245410532639474,-0.009204689070959763,0.0037316541596901197,calculado,-0.003331885551518427,0.006341550160080817,0.6037536972414184,-0.016367128592194975,0.00970335748915812,calculado,"IC95% pontual, não simultâneo"
Total,tipo_tornado,Tipologia,Tornado,6,CR1,3,0.0013414353079519404,0.003375788065419173,0.6943384949818368,-0.005597596439136444,0.008280467055040324,calculado,-0.001990450243566487,0.007675891897552555,0.797436770442773,-0.01776847200682607,0.013787571519693096,calculado,"IC95% pontual, não simultâneo"
Total,tipo_tornado,Tipologia,Tornado,6,CR1,4,0.004602688711759576,0.004766248487217769,0.3430995068728073,-0.005194475365603608,0.014399852789122761,calculado,0.0026122384681930896,0.008696694762896733,0.7662825181908044,-0.01526407363583245,0.020488550572218628,calculado,"IC95% pontual, não simultâneo"
Total,tipo_tornado,Tipologia,Tornado,6,CR1,5,0.0021547918567897733,0.0034805002423966246,0.5412350501928177,-0.0049994788526601455,0.009309062566239692,calculado,0.004767030324982863,0.010777037994693211,0.6619067172919821,-0.017385488534481793,0.026919549184447517,calculado,"IC95% pontual, não simultâneo"
Total,tipo_tornado,Tipologia,Tornado,6,CR1,6,0.0015905260784060487,0.0025804040765098927,0.5429991703174232,-0.003713570464454114,0.006894622621266212,calculado,0.006357556403388911,0.012026436446083404,0.6015448716484834,-0.018363137753503102,0.031078250560280928,calculado,"IC95% pontual, não simultâneo"
Total,tipo_tornado,Tipologia,Tornado,6,DK6,0,0.0007548356536583832,0.0018964293461301055,0.6912322350957477,-0.0029954686367638216,0.004505139944080588,calculado,0.0007548356536583832,0.0018964293461301055,0.6912322350957477,-0.0029954686367638216,0.004505139944080588,calculado,"IC95% pontual, não simultâneo"
Total,tipo_tornado,Tipologia,Tornado,6,DK6,1,-0.0013502037495419885,0.0027826583756214492,0.6283004260457539,-0.006853079807734167,0.004152672308650189,calculado,-0.0005953680958836053,0.004366767539267634,0.891753572955023,-0.009230916301890057,0.008040180110122846,calculado,"IC95% pontual, não simultâneo"
Total,tipo_tornado,Tipologia,Tornado,6,DK6,2,-0.0027365174556348215,0.0028379440154310148,0.33662676407746606,-0.00834872422662136,0.0028756893153517177,calculado,-0.003331885551518427,0.006132251046122124,0.5877865137229213,-0.015458784692342038,0.008795013589305182,calculado,"IC95% pontual, não simultâneo"
Total,tipo_tornado,Tipologia,Tornado,6,DK6,3,0.0013414353079519404,0.0036624466747688725,0.7147346107409096,-0.005901275582309681,0.008584146198213561,calculado,-0.001990450243566487,0.008272284131174801,0.8102144969001555,-0.01834939487392868,0.014368494386795706,calculado,"IC95% pontual, não simultâneo"
Total,tipo_tornado,Tipologia,Tornado,6,DK6,4,0.004602688711759576,0.004124904905445333,0.2664630086268932,-0.0035545614362846563,0.01275993885980381,calculado,0.0026122384681930896,0.011021680207637677,0.8130063681121412,-0.019183804002207115,0.024408280938593298,calculado,"IC95% pontual, não simultâneo"
Total,tipo_tornado,Tipologia,Tornado,6,DK6,5,0.0021547918567897733,0.0026969245383425262,0.4256944884963638,-0.0031785403275757197,0.007488124041155266,calculado,0.004767030324982863,0.012990432588617184,0.7142156931032781,-0.020922339632799433,0.030456400282765157,calculado,"IC95% pontual, não simultâneo"
Total,tipo_tornado,Tipologia,Tornado,6,DK6,6,0.0015905260784060487,0.0027205042450830687,0.5597558529207869,-0.003789436409132304,0.006970488565944401,calculado,0.006357556403388911,0.014026187534085086,0.6510814920904089,-0.021380081908677642,0.03409519471545547,calculado,"IC95% pontual, não simultâneo"
Total,tipo_vendavais_e_ciclones,Tipologia,Vendavais e Ciclones,6,CR1,0,0.0010347983733719076,0.0005991722351103269,0.09602340196469097,-0.00019681779471481843,0.0022664145414586336,calculado,0.0010347983733719076,0.0005991722351103269,0.09602340196469097,-0.00019681779471481843,0.0022664145414586336,calculado,"IC95% pontual, não simultâneo"
Total,tipo_vendavais_e_ciclones,Tipologia,Vendavais e Ciclones,6,CR1,1,0.0004961270613024714,0.0008683905509215561,0.5726902218118949,-0.0012888752803560904,0.0022811294029610333,calculado,0.001530925434674379,0.001420036515590476,0.2908952028568658,-0.0013880014270696943,0.004449852296418452,calculado,"IC95% pontual, não simultâneo"
Total,tipo_vendavais_e_ciclones,Tipologia,Vendavais e Ciclones,6,CR1,2,0.0007816318760680318,0.0009139261557321987,0.40022764983679254,-0.001096970241785214,0.0026602339939212774,calculado,0.0023125573107424108,0.002200518466251425,0.3029679559741794,-0.002210673176914657,0.006835787798399479,calculado,"IC95% pontual, não simultâneo"
Total,tipo_vendavais_e_ciclones,Tipologia,Vendavais e Ciclones,6,CR1,3,0.0019905868002955403,0.0010403139368273414,0.06676186333100059,-0.00014780912228352233,0.004128982722874603,calculado,0.0043031441110379515,0.002619807091916778,0.1125190944360612,-0.0010819464899623626,0.009688234712038266,calculado,"IC95% pontual, não simultâneo"
Total,tipo_vendavais_e_ciclones,Tipologia,Vendavais e Ciclones,6,CR1,4,0.003136170560671579,0.001336419631419885,0.026835729047747933,0.00038912066590774666,0.005883220455435411,calculado,0.007439314671709531,0.0031661037144672757,0.026660266392626485,0.0009312952808254952,0.013947334062593566,calculado,"IC95% pontual, não simultâneo"
Total,tipo_vendavais_e_ciclones,Tipologia,Vendavais e Ciclones,6,CR1,5,0.001921846758724174,0.0013475844875946062,0.16572493591075824,-0.0008481528265850112,0.0046918463440333595,calculado,0.009361161430433704,0.004172484208892148,0.03360038950413491,0.0007844973067833733,0.017937825554084033,calculado,"IC95% pontual, não simultâneo"
Total,tipo_vendavais_e_ciclones,Tipologia,Vendavais e Ciclones,6,CR1,6,0.0015202861085329565,0.0008314052004387759,0.07895844193592026,-0.00018869175640972625,0.003229263973475639,calculado,0.01088144753896666,0.004495212388568835,0.02277685396044407,0.0016414061413112715,0.02012148893662205,calculado,"IC95% pontual, não simultâneo"
Total,tipo_vendavais_e_ciclones,Tipologia,Vendavais e Ciclones,6,DK6,0,0.0010347983733719076,0.0006694499421696208,0.12449017061663603,-0.00028907957413238164,0.002358676320876197,calculado,0.0010347983733719076,0.0006694499421696208,0.12449017061663603,-0.00028907957413238164,0.002358676320876197,calculado,"IC95% pontual, não simultâneo"
Total,tipo_vendavais_e_ciclones,Tipologia,Vendavais e Ciclones,6,DK6,1,0.0004961270613024714,0.0010504705115439235,0.6374765384573206,-0.0015812422192585916,0.0025734963418635346,calculado,0.001530925434674379,0.0015958970518163207,0.3391158262780677,-0.0016250579784236189,0.004686908847772377,calculado,"IC95% pontual, não simultâneo"
Total,tipo_vendavais_e_ciclones,Tipologia,Vendavais e Ciclones,6,DK6,2,0.0007816318760680318,0.0010502911283589702,0.4580364040922964,-0.0012953826633424934,0.0028586464154785572,calculado,0.0023125573107424108,0.0024463735213216967,0.34618208783195004,-0.00252529500983574,0.007150409631320562,calculado,"IC95% pontual, não simultâneo"
Total,tipo_vendavais_e_ciclones,Tipologia,Vendavais e Ciclones,6,DK6,3,0.0019905868002955403,0.0011854178396521475,0.09540364441339515,-0.00035364902323377573,0.004334822623824857,calculado,0.0043031441110379515,0.003455604541832505,0.215175571472596,-0.002530523890188919,0.011136812112264822,calculado,"IC95% pontual, não simultâneo"
Total,tipo_vendavais_e_ciclones,Tipologia,Vendavais e Ciclones,6,DK6,4,0.003136170560671579,0.001329856354439317,0.01978424291351595,0.0005062987956747289,0.005766042325668429,calculado,0.007439314671709531,0.004525486039157123,0.10251265430289218,-0.0015101090141926479,0.01638873835761171,calculado,"IC95% pontual, não simultâneo"
Total,tipo_vendavais_e_ciclones,Tipologia,Vendavais e Ciclones,6,DK6,5,0.001921846758724174,0.0012935726394446739,0.13967577946257329,-0.0006362717546714261,0.0044799652721197744,calculado,0.009361161430433704,0.005594949971553856,0.09659750257895111,-0.00170319218012073,0.020425515040988138,calculado,"IC95% pontual, não simultâneo"
Total,tipo_vendavais_e_ciclones,Tipologia,Vendavais e Ciclones,6,DK6,6,0.0015202861085329565,0.0007607214318460398,0.047658489501237904,1.5913243026477192e-05,0.003024658974039436,calculado,0.01088144753896666,0.0061139648279971955,0.07734697094767633,-0.0012092894941414887,0.02297218457207481,calculado,"IC95% pontual, não simultâneo"
