Período,Unidade,Exposição,Transformação,Família,Modelo,Unidade efeito,BG1 p,BG12 p,BP p,ARCH3 p,CUSUM p,RESET p,ACF12,Raiz própria,Cook máximo,Mês influente,Estacionária I,Estacionária D,Estacionária I status,Estacionária D status,p próprio,q exposição,q0 preferido,BIC perda para ótimo,n efetivo,GL,Início amostra,Fim amostra,Soma coeficientes,SE soma,IC baixo,IC alto,Δ soma influência,F HAC,p,p clássico,p HC3,Motivos diagnósticos,Diagnóstico favorável,Adequação e utilidade,Família n,p BH,p BY,p Holm,p BH p clássico,p BH p HC3
Total (2013–2024),Brasil,Total nacional,Diferença simples,ADEQUACAO_NACIONAL,ADL BIC; datas comuns; I12,pontos percentuais de I,0.08156845570884123,0.8064781229212843,0.3403831097298151,0.07706642697342737,0.7836432064460763,0.011141514365498933,0.05002722741056397,0.8817268095857131,0.1752461252737872,2020-03-01,True,True,Sem indicação de não estacionariedade,Sem indicação de não estacionariedade,1.0,1.0,True,2.7688246695256282,119.0,104.0,2015-02-01,2024-12-01,0.01538815263067888,0.009253595407152992,-0.0029620743166029542,0.03373837957796071,-0.0027611859265332123,2.765361782428112,0.09933584168553249,0.18606724318251516,0.20050704318010723,Forma da equação (RESET),False,False,200,0.3153518783667698,1.0,1.0,0.5562937399509018,0.5994232910967104
Total (2013–2024),Brasil,Grupo | Climatológico,Diferença simples,ADEQUACAO_NACIONAL,ADL BIC; datas comuns; I12,pontos percentuais de I,0.08434423088098517,0.7823815150887661,0.3656411204082404,0.07084267793938676,0.7942986362731037,0.01836875304809334,0.06104132527312157,0.8697162481009623,0.17629985156915884,2020-03-01,True,True,Sem indicação de não estacionariedade,Sem indicação de não estacionariedade,1.0,1.0,True,4.064536500134153,119.0,104.0,2015-02-01,2024-12-01,0.005813258084167373,0.00923323598895378,-0.012496595372808048,0.024123111541142793,0.0008666169224351089,0.3963978927414676,0.5303361421458227,0.4304832679617412,0.5063982860397961,Forma da equação (RESET),False,False,200,0.7915464808146607,1.0,1.0,0.7483399017863832,0.8806926713735584
Total (2013–2024),Brasil,Grupo | Hidrológico,Diferença simples,ADEQUACAO_NACIONAL,ADL BIC; datas comuns; I12,pontos percentuais de I,0.06313944390906796,0.6583582688586285,0.38584232029310694,0.10325945746341823,0.8101006347657262,0.0099240648037357,0.04142654185667136,0.8774796925515953,0.17578946291515535,2020-03-01,True,True,Sem indicação de não estacionariedade,Sem indicação de não estacionariedade,1.0,1.0,True,3.9699985397448643,119.0,104.0,2015-02-01,2024-12-01,0.007642923591324081,0.006675185212663735,-0.005594219181617356,0.020880066364265516,-0.002315342502027685,1.3109689178513748,0.25484742129807525,0.40152821882009404,0.38533387017449733,Forma da equação (RESET),False,False,200,0.5200967781593373,1.0,1.0,0.7367490253579707,0.7555566081852889
Total (2013–2024),Brasil,Grupo | Meteorológico,Diferença simples,ADEQUACAO_NACIONAL,ADL BIC; datas comuns; I12,pontos percentuais de I,0.09037633060482834,0.7979988643109786,0.3863637202721267,0.0734712271848293,0.8168218305892887,0.018606822561635945,0.050759144068606384,0.8630892348710381,0.17391736902585717,2020-03-01,True,True,Sem indicação de não estacionariedade,Sem indicação de não estacionariedade,1.0,1.0,True,4.722575109971302,119.0,104.0,2015-02-01,2024-12-01,-0.0015836824472921659,0.004182905886310123,-0.00987854178959481,0.006711176895010478,0.001021488168872572,0.1433441652888294,0.7057506180241828,0.8244903230598404,0.8374364324935429,Forma da equação (RESET),False,False,200,0.8990453732792137,1.0,1.0,0.9980599552454978,1.0
Total (2013–2024),Brasil,Grupo | Outros,Diferença simples,ADEQUACAO_NACIONAL,ADL BIC; datas comuns; I12,pontos percentuais de I,0.10177732273677338,0.8273522600142028,0.3802220089719276,0.07659298979165896,0.81166916777211,0.016515618906849605,0.047709621038051125,0.8653786423489737,0.18429221888874373,2020-03-01,True,False,Sem indicação de não estacionariedade,Inconclusiva,1.0,1.0,True,4.773811425226967,119.0,104.0,2015-02-01,2024-12-01,-0.0006717580980577927,0.009758498184310547,-0.020023226199668908,0.018679710003553323,-0.0036424606713267313,0.004738706926351099,0.9452505395744141,0.945807799980337,0.9510915120394251,Estacionariedade da exposição inconclusiva; Forma da equação (RESET),False,False,200,1.0,1.0,1.0,1.0,1.0
Total (2013–2024),Brasil,Tipologia | Alagamentos,Diferença simples,ADEQUACAO_NACIONAL,ADL BIC; datas comuns; I12,pontos percentuais de I,0.07212031554257568,0.8258081232765601,0.32848201442461455,0.11042747729970244,0.7779932749789027,0.005866345402552212,0.04957565359886575,0.8746591624181752,0.16680634179153414,2020-03-01,True,True,Sem indicação de não estacionariedade,Sem indicação de não estacionariedade,1.0,2.0,True,2.6837107722726046,119.0,103.0,2015-02-01,2024-12-01,0.03596253913958799,0.014975110975914545,0.006262938477053226,0.06566213980212275,-0.00568159245594288,3.0702543794840347,0.05068032783857324,0.05104159390332628,0.10552000021311668,Forma da equação (RESET),False,False,200,0.22077249228921844,1.0,1.0,0.4502461770715624,0.5602997705216426
Total (2013–2024),Brasil,Tipologia | Chuvas Intensas,Diferença simples,ADEQUACAO_NACIONAL,ADL BIC; datas comuns; I12,pontos percentuais de I,0.048984005100041035,0.641151780224489,0.41735048157568677,0.20053907199490906,0.7853626702183722,0.005629701997633593,0.06939860483145453,0.8719898771523393,0.187855036632836,2020-03-01,True,True,Sem indicação de não estacionariedade,Sem indicação de não estacionariedade,1.0,2.0,True,3.8086676481770496,119.0,103.0,2015-02-01,2024-12-01,0.027878401979526228,0.014175944640317878,-0.00023624074390967212,0.055993044702962125,-0.009552337064071315,2.00278839742097,0.1401802521320616,0.08305407918010048,0.21067142700370056,Autocorrelação curta; Forma da equação (RESET),False,False,200,0.36410455099236777,1.0,1.0,0.47459473817200276,0.5994232910967104
Total (2013–2024),Brasil,Tipologia | Doenças infecciosas,Diferença simples,ADEQUACAO_NACIONAL,ADL BIC; datas comuns; I12,pontos percentuais de I,0.09426363662578613,0.8138897874219556,0.3628456530199739,0.0696219492653938,0.8160728549518972,0.02045253603027915,0.050338260118844215,0.8637982914772425,0.17279973196986081,2020-03-01,True,True,Sem indicação de não estacionariedade,Sem indicação de não estacionariedade,1.0,1.0,True,4.593095671347186,119.0,104.0,2015-02-01,2024-12-01,-0.0034531938827847513,0.009593120114509605,-0.022476711065923156,0.015570323300353652,0.000238086613478539,0.1295752815804192,0.719602771829059,0.6875053219339312,0.7496297876411588,Forma da equação (RESET),False,False,200,0.907360452706404,1.0,1.0,0.898699767233897,0.9632860439310665
Total (2013–2024),Brasil,Tipologia | Enxurradas,Diferença simples,ADEQUACAO_NACIONAL,ADL BIC; datas comuns; I12,pontos percentuais de I,0.1024620060039843,0.8204309850037268,0.39211174968803586,0.07638867520386203,0.8119657882825229,0.01716494363717979,0.04745805400473769,0.8652147178596069,0.1783842110607518,2020-03-01,True,True,Sem indicação de não estacionariedade,Sem indicação de não estacionariedade,1.0,1.0,True,4.772032250074602,119.0,104.0,2015-02-01,2024-12-01,-0.0005376121337165656,0.006484801174957932,-0.013397216215443902,0.012321991948010771,-0.001750182591509584,0.006872975469927251,0.9340876989297954,0.9374028972621531,0.935233858655726,Forma da equação (RESET),False,False,200,1.0,1.0,1.0,1.0,1.0
Total (2013–2024),Brasil,Tipologia | Erosão,Diferença simples,ADEQUACAO_NACIONAL,ADL BIC; datas comuns; I12,pontos percentuais de I,0.10250493668592986,0.8747074696279122,0.3725104196586647,0.07474686529324588,0.8118835465761266,0.013516877846388269,0.04506575886588533,0.8623936689847113,0.17328256528084823,2020-03-01,True,True,Sem indicação de não estacionariedade,Sem indicação de não estacionariedade,1.0,1.0,True,4.239740315357011,119.0,104.0,2015-02-01,2024-12-01,-0.006516557050593501,0.009187818505516851,-0.02473634593355504,0.011703231832368037,0.001106226289653161,0.5030505037121038,0.4797498489815653,0.49338597002487855,0.46497804440345464,Forma da equação (RESET),False,False,200,0.7496091390336957,1.0,1.0,0.7817214643661429,0.8531707236760635
Total (2013–2024),Brasil,Tipologia | Estiagem e Seca,Diferença simples,ADEQUACAO_NACIONAL,ADL BIC; datas comuns; I12,pontos percentuais de I,0.07472712146005578,0.80466164340169,0.3645866805785805,0.07460477945143063,0.7950609326696487,0.018758497678255985,0.05793353880407291,0.8701467505737848,0.17532447668548484,2020-03-01,True,True,Sem indicação de não estacionariedade,Sem indicação de não estacionariedade,1.0,1.0,True,4.247207360259466,119.0,104.0,2015-02-01,2024-12-01,0.0045100461381123655,0.008034682632028903,-0.011423031034587982,0.020443123310812713,0.0006628732527633602,0.3150826690529056,0.5757854184984451,0.4963931298725007,0.5649102643014648,Forma da equação (RESET),False,False,200,0.809480976634641,1.0,1.0,0.7817214643661429,0.8863471042449718
Total (2013–2024),Brasil,Tipologia | Granizo,Diferença simples,ADEQUACAO_NACIONAL,ADL BIC; datas comuns; I12,pontos percentuais de I,0.1483746233921063,0.8482072355351505,0.41978115362536017,0.043154324291450684,0.8333643020884314,0.008905419060418189,0.043910006410197655,0.8533109122396652,0.1859174343093538,2020-03-01,True,True,Sem indicação de não estacionariedade,Sem indicação de não estacionariedade,1.0,1.0,True,3.3522069216403168,119.0,104.0,2015-02-01,2024-12-01,-0.006394188686159213,0.005847057595356067,-0.01798912331726199,0.005200745944943564,0.002805573586311916,1.1959035411304246,0.27666847329234134,0.26526336687108304,0.3271763399811044,Forma da equação (RESET),False,False,200,0.5589262086713966,1.0,1.0,0.6126566017099765,0.7273416661016882
Total (2013–2024),Brasil,Tipologia | Incêndio Florestal,Diferença simples,ADEQUACAO_NACIONAL,ADL BIC; datas comuns; I12,pontos percentuais de I,0.09701623903052567,0.7905325976996286,0.41070549604587986,0.07853457920405549,0.8091866693859612,0.012989441624233352,0.047187274788115983,0.8667724652877579,0.17299104408374905,2020-03-01,True,True,Sem indicação de não estacionariedade,Sem indicação de não estacionariedade,1.0,1.0,True,4.754028508393816,119.0,104.0,2015-02-01,2024-12-01,-0.0009771862464903716,0.005473466960017102,-0.011831276628173083,0.00987690413519234,-0.00032285057624766066,0.03187349518220079,0.8586529053279623,0.8825494071490793,0.874601629489957,Forma da equação (RESET),False,False,200,0.9813176060890998,1.0,1.0,1.0,1.0
Total (2013–2024),Brasil,Tipologia | Inundações,Diferença simples,ADEQUACAO_NACIONAL,ADL BIC; datas comuns; I12,pontos percentuais de I,0.06708687960789099,0.7597479892911916,0.3534520529985446,0.12346561221498563,0.8040848309767067,0.009640917579620323,0.02949431646982302,0.8756034993268847,0.18817902374099493,2020-03-01,True,True,Sem indicação de não estacionariedade,Sem indicação de não estacionariedade,1.0,1.0,True,3.2903881674935462,119.0,104.0,2015-02-01,2024-12-01,0.008690572554632915,0.005360774815763977,-0.0019400450760559337,0.019321190185321763,0.002344755397474448,2.6280985707139495,0.10801544824805129,0.25515680215389996,0.2512671337584427,Forma da equação (RESET),False,False,200,0.32243417387477996,1.0,1.0,0.6003689462444706,0.6281678343961067
Total (2013–2024),Brasil,Tipologia | Movimento de Massa,Diferença simples,ADEQUACAO_NACIONAL,ADL BIC; datas comuns; I12,pontos percentuais de I,0.07435611942762255,0.6880969620350681,0.06893880910792333,0.04679029651171113,0.7969133238492349,0.013047368019397938,0.03034478482503409,0.8900444425789448,0.2390198669092045,2020-03-01,True,True,Sem indicação de não estacionariedade,Sem indicação de não estacionariedade,1.0,1.0,False,0.0,119.0,104.0,2015-02-01,2024-12-01,0.020735774584328622,0.012207104837488514,-0.003471372398132125,0.04494292156678937,-0.010336663848153264,2.885460791089288,0.0923722377930566,0.03271933192351562,0.13565577926268343,Forma da equação (RESET),False,False,200,0.30285979604280855,1.0,1.0,0.44165101048267524,0.5602997705216426
Total (2013–2024),Brasil,Tipologia | Onda de Calor e Baixa Umidade,Diferença simples,ADEQUACAO_NACIONAL,ADL BIC; datas comuns; I12,pontos percentuais de I,0.1139200671550249,0.7199531589415787,0.3868477538156435,0.07747695950568609,0.8098579416304084,0.021916021374189326,0.045890934650378634,0.8657282224589549,0.1753826467994016,2020-03-01,True,True,Sem indicação de não estacionariedade,Sem indicação de não estacionariedade,1.0,1.0,True,4.654633112488199,119.0,104.0,2015-02-01,2024-12-01,0.003911692140656305,0.009856171781259268,-0.015633466369050775,0.023456850650363383,-0.0024964762744102437,0.15751169560885805,0.6922711004838131,0.7421148482662395,0.7609959747055426,Forma da equação (RESET),False,False,200,0.8984283488773254,1.0,1.0,0.9276435603327994,0.9632860439310665
Total (2013–2024),Brasil,Tipologia | Onda de Frio,Diferença simples,ADEQUACAO_NACIONAL,ADL BIC; datas comuns; I12,pontos percentuais de I,0.09800857951041385,0.8042267517788751,0.40706021588422986,0.10957164555845218,0.7850630734183193,0.011855513245153403,0.05865376381687145,0.8605368802201947,0.17534609921897235,2020-03-01,True,True,Sem indicação de não estacionariedade,Sem indicação de não estacionariedade,1.0,1.0,True,1.6823142778359568,119.0,104.0,2015-02-01,2024-12-01,0.014542869774052529,0.005174048113252379,0.004282538201640741,0.024803201346464316,-0.0009266324945826371,7.900222168656712,0.005907708198415572,0.10075808602435803,0.07499701317445041,Forma da equação (RESET),False,False,200,0.05632956099546962,0.331106902825465,1.0,0.4749309597436835,0.5356929512460743
Total (2013–2024),Brasil,Tipologia | Outros,Diferença simples,ADEQUACAO_NACIONAL,ADL BIC; datas comuns; I12,pontos percentuais de I,0.10536101960118224,0.8205354813091761,0.39972782867462076,0.07727277343511536,0.8111906365540086,0.015888645722546283,0.04744075546810033,0.8660267187238244,0.18472425242569623,2020-03-01,True,True,Sem indicação de não estacionariedade,Sem indicação de não estacionariedade,1.0,1.0,True,4.778942032762501,119.0,104.0,2015-02-01,2024-12-01,-0.00014498996774373139,0.009979456473720444,-0.019934626649042327,0.019644646713554866,-0.004394903960580606,0.00021108731214671106,0.9884359026321574,0.9899765151858203,0.9899519317833102,Forma da equação (RESET),False,False,200,1.0,1.0,1.0,1.0,1.0
Total (2013–2024),Brasil,Tipologia | Rompimento/Colapso de barragens,Diferença simples,ADEQUACAO_NACIONAL,ADL BIC; datas comuns; I12,pontos percentuais de I,0.1089604879849894,0.8008325076278975,0.4315704545346769,0.07675663930385729,0.8094854106573879,0.008602497140264585,0.0477145300665631,0.8649341399327165,0.17288239117045956,2020-03-01,True,True,Sem indicação de não estacionariedade,Sem indicação de não estacionariedade,1.0,1.0,True,4.482892343738371,119.0,104.0,2015-02-01,2024-12-01,-0.007223331861821563,0.008527309452281563,-0.02413330650563529,0.009686642781992163,0.0005806547632703609,0.7175482159877891,0.3988944256255696,0.611739470486015,0.5800139134760177,Forma da equação (RESET),False,False,200,0.7034290198863428,1.0,1.0,0.8496381534527986,0.8863471042449718
Total (2013–2024),Brasil,Tipologia | Tornado,Diferença simples,ADEQUACAO_NACIONAL,ADL BIC; datas comuns; I12,pontos percentuais de I,0.15202525291392335,0.917042920629368,0.18069363701596836,0.0684232590503868,0.7971117863580912,0.007912361900845865,0.02591189768258418,0.8821689024326467,0.1863675227412627,2020-03-01,True,True,Sem indicação de não estacionariedade,Sem indicação de não estacionariedade,1.0,1.0,True,2.2808520924449738,119.0,104.0,2015-02-01,2024-12-01,0.015236802309955713,0.006734256588988487,0.001882518781021249,0.028591085838890175,-0.00534219703706329,5.1192736568485415,0.025740071135324134,0.1404602196076251,0.16825298753600096,Forma da equação (RESET),False,False,200,0.16005664700398153,0.9408179245419529,1.0,0.5285281087483371,0.5602997705216426
Total (2013–2024),Brasil,Tipologia | Vendavais e Ciclones,Diferença simples,ADEQUACAO_NACIONAL,ADL BIC; datas comuns; I12,pontos percentuais de I,0.1249325748646102,0.8580793966908251,0.37404733927973965,0.1488268113808513,0.7811234603456236,0.006886922811637193,0.04863940624339165,0.8514773782834449,0.18384508447563824,2020-03-01,True,True,Sem indicação de não estacionariedade,Sem indicação de não estacionariedade,1.0,2.0,True,3.180921393662686,119.0,103.0,2015-02-01,2024-12-01,-0.028250339045066117,0.006471298565754943,-0.04108463346065179,-0.015416044629480444,-0.0027197631129512873,9.561423463828376,0.00015526575928223588,0.06329588085362924,0.03287321109528644,Forma da equação (RESET),False,False,200,0.006644999392614798,0.03905951208003798,0.030587354578600467,0.45211343466878023,0.5356929512460743
Total (2013–2024),Brasil,Clima | Protocolos,Diferença simples,ADEQUACAO_NACIONAL,ADL BIC; datas comuns; I12,pontos percentuais de I,0.08079754171480452,0.8143773657331955,0.3544892521502329,0.07794792777147805,0.7857274355283008,0.011634305941848949,0.050019482352687834,0.87976999702858,0.17434995022850952,2020-03-01,True,True,Sem indicação de não estacionariedade,Sem indicação de não estacionariedade,1.0,1.0,True,3.039459887607876,119.0,104.0,2015-02-01,2024-12-01,0.01376492305022812,0.009083419892288065,-0.004247839464987876,0.031777685565444115,-0.0020255079103059757,2.296406645114843,0.1327072254578692,0.21866737406523196,0.22492838131586687,Forma da equação (RESET),False,False,200,0.3492295406786032,1.0,1.0,0.5754404580663999,0.6008692070489778
Total (2013–2024),Brasil,Clima | Municípios,Diferença simples,ADEQUACAO_NACIONAL,ADL BIC; datas comuns; I12,pontos percentuais de I,0.07642857745889915,0.8016201691680223,0.3492398655056592,0.07799524491601796,0.7876544143102265,0.012163062921039662,0.051521049432071406,0.8787115075626696,0.17419495877558255,2020-03-01,True,True,Sem indicação de não estacionariedade,Sem indicação de não estacionariedade,1.0,1.0,True,3.158772674384835,119.0,104.0,2015-02-01,2024-12-01,0.013199363731015787,0.009541762418512314,-0.005722309213686246,0.03212103667571782,-0.00189899901932143,1.9135895730662973,0.16952743207653956,0.2351691621642436,0.24851292564915578,Forma da equação (RESET),False,False,200,0.4134815416500965,1.0,1.0,0.5860161548599536,0.6281678343961067
Total (2013–2024),Brasil,Clima | Deslocamento,Diferença simples,ADEQUACAO_NACIONAL,ADL BIC; datas comuns; I12,pontos percentuais de I,0.07819564441002275,0.6625379315539655,0.38523080795148856,0.09642369573591968,0.8149437077426487,0.011452834054133448,0.041872426277869586,0.8685549176414186,0.18269785209931885,2020-03-01,True,True,Sem indicação de não estacionariedade,Sem indicação de não estacionariedade,1.0,1.0,True,4.465411698862994,119.0,104.0,2015-02-01,2024-12-01,0.002583104342055083,0.004688164904030256,-0.00671370259298089,0.011879911277091057,0.0014548626103486322,0.30358348356671844,0.5828263031769415,0.6014239136576615,0.5952655774130717,Forma da equação (RESET),False,False,200,0.809480976634641,1.0,1.0,0.8496381534527986,0.8863471042449718
Total (2013–2024),Brasil,Clima | Habitações,Diferença simples,ADEQUACAO_NACIONAL,ADL BIC; datas comuns; I12,pontos percentuais de I,0.19780518904899663,0.8126936676284143,0.3861431154688133,0.05791483750531508,0.8176536478022634,0.01378490369959111,0.06261336390550189,0.8588578723239403,0.17364166213945795,2020-03-01,True,True,Sem indicação de não estacionariedade,Sem indicação de não estacionariedade,1.0,1.0,True,3.5563619233855377,119.0,104.0,2015-02-01,2024-12-01,-0.0036237297312203954,0.003091923469053176,-0.009755129999368586,0.0025076705369277952,0.00041445128965204685,1.3735805320472487,0.24387548926334757,0.30241574505125074,0.22332357919339949,Forma da equação (RESET),False,False,200,0.5080739359653075,1.0,1.0,0.6455546458121539,0.6008692070489778
Total (2013–2024),Brasil,Total nacional,Variação relativa,ADEQUACAO_NACIONAL,ADL BIC; datas comuns; I12,variação logarítmica percentual de I,0.04220108985549933,0.6192756589397579,0.32003840899009117,0.07378306262487738,0.7016450773957134,0.008111427799624826,0.05436939130744877,0.8846629786067378,0.17058248602940437,2020-03-01,True,True,Sem indicação de não estacionariedade,Sem indicação de não estacionariedade,1.0,1.0,True,3.561383875227989,119.0,104.0,2015-02-01,2024-12-01,0.31276325232126223,0.24029392030497038,-0.16374860902938376,0.7892751136719083,-0.07083614755635903,1.6941266545381644,0.19593370820775793,0.30341068353171236,0.3273315874264014,Autocorrelação curta; Forma da equação (RESET),False,False,200,0.4610204899006069,1.0,1.0,0.6455546458121539,0.7273416661016882
Total (2013–2024),Brasil,Grupo | Climatológico,Variação relativa,ADEQUACAO_NACIONAL,ADL BIC; datas comuns; I12,variação logarítmica percentual de I,0.04460147616141033,0.6558416603723052,0.3545327356303337,0.07329976020627045,0.7238994590226873,0.005641130477665596,0.05806110555729244,0.87508796086493,0.17010912597833924,2020-03-01,True,True,Sem indicação de não estacionariedade,Sem indicação de não estacionariedade,1.0,1.0,True,4.6251851604822605,119.0,104.0,2015-02-01,2024-12-01,0.07060615334978135,0.22938966568790414,-0.3842821618968889,0.5254944685964515,0.021610548001960606,0.09474087824472138,0.7588500567116916,0.7144332076823212,0.7526504497588834,Autocorrelação curta; Forma da equação (RESET),False,False,200,0.9368519218662859,1.0,1.0,0.9159400098491297,0.9632860439310665
Total (2013–2024),Brasil,Grupo | Hidrológico,Variação relativa,ADEQUACAO_NACIONAL,ADL BIC; datas comuns; I12,variação logarítmica percentual de I,0.0512873987009152,0.6626877543112435,0.3700052452462718,0.12372989411332024,0.7097451192470265,0.04456759800246,0.06889867176997833,0.883419238324328,0.17742333067417645,2020-03-01,True,True,Sem indicação de não estacionariedade,Sem indicação de não estacionariedade,1.0,2.0,True,3.6869081107793136,119.0,103.0,2015-02-01,2024-12-01,0.8148391174084638,0.3714230185603028,0.07820916215428919,1.5514690726626386,-0.25027796290759374,2.5174325588860658,0.08561985121024293,0.07879091500739932,0.2127952683393322,Forma da equação (RESET),False,False,200,0.2902367837635354,1.0,1.0,0.47416497306172317,0.5994232910967104
Total (2013–2024),Brasil,Grupo | Meteorológico,Variação relativa,ADEQUACAO_NACIONAL,ADL BIC; datas comuns; I12,variação logarítmica percentual de I,0.04918799506270244,0.6522400220719959,0.38359571347924154,0.07228716260696125,0.736507696390376,0.0064568451859475995,0.05392179755827585,0.8718374210422932,0.16958898999903108,2020-03-01,True,True,Sem indicação de não estacionariedade,Sem indicação de não estacionariedade,1.0,1.0,True,4.749060371738096,119.0,104.0,2015-02-01,2024-12-01,-0.030152577757921722,0.10908270015303846,-0.24646766565156905,0.18616251013572563,0.02688591397919951,0.0764077010725071,0.7827745165326455,0.8715402674670218,0.8828735659619835,Autocorrelação curta; Forma da equação (RESET),False,False,200,0.9546030689422507,1.0,1.0,1.0,1.0
Total (2013–2024),Brasil,Grupo | Outros,Variação relativa,ADEQUACAO_NACIONAL,ADL BIC; datas comuns; I12,variação logarítmica percentual de I,0.05392709209380809,0.6759292003471671,0.36897557043972606,0.0744596388278132,0.7337393794545,0.006336275262905018,0.051154238806156015,0.8736968426122427,0.17928872269737947,2020-03-01,True,False,Sem indicação de não estacionariedade,Inconclusiva,1.0,1.0,True,4.778883653231787,119.0,104.0,2015-02-01,2024-12-01,-0.003721167363619284,0.24904530623155213,-0.49758735541541843,0.4901450206881799,-0.09386703409663055,0.0002232552522125722,0.9881072955028073,0.98847648717513,0.9894303013336044,Estacionariedade da exposição inconclusiva; Forma da equação (RESET),False,False,200,1.0,1.0,1.0,1.0,1.0
Total (2013–2024),Brasil,Tipologia | Alagamentos,Variação relativa,ADEQUACAO_NACIONAL,ADL BIC; datas comuns; I12,variação logarítmica percentual de I,0.03598059449730464,0.7426562188500694,0.30054066249740075,0.08679420367961498,0.6871831227919933,0.01625107969798419,0.060178806364789936,0.8817890682210835,0.16294947385329817,2020-03-01,True,True,Sem indicação de não estacionariedade,Sem indicação de não estacionariedade,1.0,2.0,True,1.3167307244802942,119.0,103.0,2015-02-01,2024-12-01,0.9765933440967235,0.39191376575785286,0.19932482462603074,1.7538618635674164,-0.14378907151583387,3.858221371495745,0.0242210352540181,0.02824873453888105,0.07935930928753052,Autocorrelação curta; Forma da equação (RESET),False,False,200,0.15626474357431033,0.9185289988300577,1.0,0.44165101048267524,0.547305581293314
Total (2013–2024),Brasil,Tipologia | Chuvas Intensas,Variação relativa,ADEQUACAO_NACIONAL,ADL BIC; datas comuns; I12,variação logarítmica percentual de I,0.026946643521940438,0.5425366562816636,0.38776788590671923,0.15304719513678935,0.6716879811211207,0.02242915254179989,0.07049088929411303,0.8817472647668674,0.18158883412360347,2020-03-01,True,True,Sem indicação de não estacionariedade,Sem indicação de não estacionariedade,1.0,2.0,True,3.624001423303298,119.0,103.0,2015-02-01,2024-12-01,0.7539495224652687,0.3379400572680967,0.08372512380276398,1.4241739211277733,-0.24335454336949447,2.4888992551448705,0.08798161618851566,0.07667482101787683,0.20110129299682178,Autocorrelação curta; Forma da equação (RESET),False,False,200,0.2932720539617189,1.0,1.0,0.47416497306172317,0.5994232910967104
Total (2013–2024),Brasil,Tipologia | Doenças infecciosas,Variação relativa,ADEQUACAO_NACIONAL,ADL BIC; datas comuns; I12,variação logarítmica percentual de I,0.04787548283958269,0.6656303979426701,0.34560333300095725,0.0652407816600356,0.7286377006016673,0.008126838602567738,0.05548925305158215,0.8712973873477108,0.16846089904151032,2020-03-01,True,True,Sem indicação de não estacionariedade,Sem indicação de não estacionariedade,1.0,1.0,True,4.47794555084522,119.0,104.0,2015-02-01,2024-12-01,-0.11475823215592552,0.26017579487212494,-0.6306965968700814,0.4011801325582304,0.005961187045156496,0.19455120208955984,0.6600709737631452,0.6087821243639094,0.6898470075709765,Autocorrelação curta; Forma da equação (RESET),False,False,200,0.8742661904147618,1.0,1.0,0.8496381534527986,0.9259691376791631
Total (2013–2024),Brasil,Tipologia | Enxurradas,Variação relativa,ADEQUACAO_NACIONAL,ADL BIC; datas comuns; I12,variação logarítmica percentual de I,0.055539185336818536,0.6725931539710225,0.3860950269016031,0.07330370595169165,0.7363843934110894,0.006559738179689939,0.05123700848990619,0.8717823992320802,0.17425378564626332,2020-03-01,True,True,Sem indicação de não estacionariedade,Sem indicação de não estacionariedade,1.0,1.0,True,4.7323711133266215,119.0,104.0,2015-02-01,2024-12-01,-0.036033450862503,0.16803505773463095,-0.36925327611513564,0.2971863743901297,-0.04468256539771632,0.0459845469892316,0.8306237914466547,0.8401893020559618,0.8368286787271177,Forma da equação (RESET),False,False,200,0.9813176060890998,1.0,1.0,1.0,1.0
Total (2013–2024),Brasil,Tipologia | Erosão,Variação relativa,ADEQUACAO_NACIONAL,ADL BIC; datas comuns; I12,variação logarítmica percentual de I,0.055817702103361455,0.7288914784123675,0.36698179252186613,0.074901555631377,0.724509031599583,0.004201729456838396,0.04980425259190419,0.8706348537075603,0.16882452846904553,2020-03-01,True,True,Sem indicação de não estacionariedade,Sem indicação de não estacionariedade,1.0,1.0,True,4.406922219304533,119.0,104.0,2015-02-01,2024-12-01,-0.14168422952160065,0.23305595856390685,-0.6038429411244641,0.3204744820812629,0.029939715168974382,0.36959203522971357,0.5445520459981716,0.5693773341482906,0.536389224269157,Forma da equação (RESET),False,False,200,0.7949664905082797,1.0,1.0,0.8496381534527986,0.8863471042449718
Total (2013–2024),Brasil,Tipologia | Estiagem e Seca,Variação relativa,ADEQUACAO_NACIONAL,ADL BIC; datas comuns; I12,variação logarítmica percentual de I,0.04485171580723547,0.6629633910205901,0.3455879223866358,0.0750146471409347,0.7285443318586515,0.006086739329715972,0.054981089202809155,0.8748769022713713,0.1693647551772681,2020-03-01,True,True,Sem indicação de não estacionariedade,Sem indicação de não estacionariedade,1.0,1.0,True,4.721093522730598,119.0,104.0,2015-02-01,2024-12-01,0.03896794990233125,0.1983146868723481,-0.35429751621840455,0.4322334160230671,0.01645844048315926,0.0386104940997991,0.8446057937130371,0.8222439090936116,0.8470738760709631,Autocorrelação curta; Forma da equação (RESET),False,False,200,0.9813176060890998,1.0,1.0,0.9980599552454978,1.0
Total (2013–2024),Brasil,Tipologia | Granizo,Variação relativa,ADEQUACAO_NACIONAL,ADL BIC; datas comuns; I12,variação logarítmica percentual de I,0.07598247801268136,0.7177405801325671,0.4141893946315128,0.04541050389840501,0.7463763361617936,0.003419031378055914,0.05037666430002774,0.8630258113644378,0.18129440256883686,2020-03-01,True,True,Sem indicação de não estacionariedade,Sem indicação de não estacionariedade,1.0,1.0,True,3.5219930159447586,119.0,104.0,2015-02-01,2024-12-01,-0.1567593291891245,0.1573296686858706,-0.4687499662224574,0.1552313078442084,0.07242565713713517,0.9927628942981548,0.32138065922316894,0.29571822153868116,0.3601680552238909,Forma da equação (RESET),False,False,200,0.6180397292753249,1.0,1.0,0.6455546458121539,0.7273416661016882
Total (2013–2024),Brasil,Tipologia | Incêndio Florestal,Variação relativa,ADEQUACAO_NACIONAL,ADL BIC; datas comuns; I12,variação logarítmica percentual de I,0.05663399319577596,0.6676994308875188,0.40003780336776057,0.07443443772598426,0.7337275491545943,0.004701494449296452,0.05110494719474697,0.8737915039106223,0.1683568661717865,2020-03-01,True,True,Sem indicação de não estacionariedade,Sem indicação de não estacionariedade,1.0,1.0,True,4.779021804123431,119.0,104.0,2015-02-01,2024-12-01,0.0016249761732952499,0.13580297388750906,-0.26767741725372474,0.27092736960031527,-0.007805202620316165,0.00014317771720656294,0.9904759129920374,0.9924963969643495,0.9920099649505243,Forma da equação (RESET),False,False,200,1.0,1.0,1.0,1.0,1.0
Total (2013–2024),Brasil,Tipologia | Inundações,Variação relativa,ADEQUACAO_NACIONAL,ADL BIC; datas comuns; I12,variação logarítmica percentual de I,0.0352342221147404,0.5907379128843868,0.3635150422115084,0.1070255359261992,0.7211801545633143,0.01064298431837058,0.03493730960870524,0.8813510661883897,0.18187958788369882,2020-03-01,True,True,Sem indicação de não estacionariedade,Sem indicação de não estacionariedade,1.0,1.0,True,3.821568820625089,119.0,104.0,2015-02-01,2024-12-01,0.18239884662978767,0.13004088477776204,-0.07547710786166079,0.4402748011212361,0.061419061157376054,1.9673622969838727,0.1637062602101086,0.3614515648817411,0.3595177843718264,Autocorrelação curta; Forma da equação (RESET),False,False,200,0.4042129881731076,1.0,1.0,0.7071726389644085,0.7273416661016882
Total (2013–2024),Brasil,Tipologia | Movimento de Massa,Variação relativa,ADEQUACAO_NACIONAL,ADL BIC; datas comuns; I12,variação logarítmica percentual de I,0.03581715522785712,0.5152783679591131,0.0645637224821894,0.042893316971112656,0.7358239264919839,0.027710208701419253,0.034984354388011306,0.8940165296808736,0.23374232891976357,2020-03-01,True,True,Sem indicação de não estacionariedade,Sem indicação de não estacionariedade,1.0,1.0,True,0.41663622526039035,119.0,104.0,2015-02-01,2024-12-01,0.4941083531461044,0.3192936820545724,-0.1390630003372761,1.1272797066294848,-0.2659837792964802,2.3947696283472673,0.1247794038228439,0.051425394102478796,0.17259369990799353,Autocorrelação curta; Forma da equação (RESET),False,False,200,0.3392394472137886,1.0,1.0,0.4502461770715624,0.5602997705216426
Total (2013–2024),Brasil,Tipologia | Onda de Calor e Baixa Umidade,Variação relativa,ADEQUACAO_NACIONAL,ADL BIC; datas comuns; I12,variação logarítmica percentual de I,0.061837647678830605,0.5364489673875097,0.3857899660439283,0.07449032246142617,0.7302905151230017,0.00703335733326305,0.04998915190930002,0.8728127387935554,0.1712880457343293,2020-03-01,True,True,Sem indicação de não estacionariedade,Sem indicação de não estacionariedade,1.0,1.0,True,4.66517220426033,119.0,104.0,2015-02-01,2024-12-01,0.0979529959562157,0.27390154540232775,-0.4452040471384862,0.6411100390509177,-0.06868125549192489,0.12789291383077503,0.7213515599015912,0.7529001871122007,0.786218468428419,Forma da equação (RESET),False,False,200,0.907360452706404,1.0,1.0,0.9352797355431065,0.9766689048800236
Total (2013–2024),Brasil,Tipologia | Onda de Frio,Variação relativa,ADEQUACAO_NACIONAL,ADL BIC; datas comuns; I12,variação logarítmica percentual de I,0.04683764317915479,0.6148614753614232,0.38361965465008013,0.09806908207969585,0.7260156201427719,0.004928485020405668,0.062475984031861616,0.8690676361102666,0.16972535419039575,2020-03-01,True,True,Sem indicação de não estacionariedade,Sem indicação de não estacionariedade,1.0,1.0,True,2.771321268047359,119.0,104.0,2015-02-01,2024-12-01,0.306813276769613,0.13248661061567005,0.04408735616210213,0.5695391973771239,-0.02478884626973732,5.362957044602848,0.022531293361788152,0.18634078519366548,0.16018329982590299,Autocorrelação curta; Forma da equação (RESET),False,False,200,0.15571724395232533,0.9153107791079451,1.0,0.5562937399509018,0.5602997705216426
Total (2013–2024),Brasil,Tipologia | Outros,Variação relativa,ADEQUACAO_NACIONAL,ADL BIC; datas comuns; I12,variação logarítmica percentual de I,0.05622949796536077,0.680537843701064,0.38232440053162653,0.0740830291727125,0.733940716938212,0.006115253936550272,0.05097528063950602,0.8736147725962778,0.18051856562181193,2020-03-01,True,True,Sem indicação de não estacionariedade,Sem indicação de não estacionariedade,1.0,1.0,True,4.776868679512404,119.0,104.0,2015-02-01,2024-12-01,-0.013343083985841945,0.25878878303975905,-0.5265309521867393,0.4998447842150554,-0.11485427181050184,0.002658407433350707,0.9589783961896493,0.9646773986317049,0.9643098341148895,Forma da equação (RESET),False,False,200,1.0,1.0,1.0,1.0,1.0
Total (2013–2024),Brasil,Tipologia | Rompimento/Colapso de barragens,Variação relativa,ADEQUACAO_NACIONAL,ADL BIC; datas comuns; I12,variação logarítmica percentual de I,0.05598646513717863,0.6542626975526551,0.4166569283434306,0.07554424550869461,0.7241372013426992,0.004048550702860811,0.05222971887427984,0.8729478435942446,0.1683280720588129,2020-03-01,True,True,Sem indicação de não estacionariedade,Sem indicação de não estacionariedade,1.0,1.0,True,4.599609028270265,119.0,104.0,2015-02-01,2024-12-01,-0.14702879978525996,0.22686952121136258,-0.5969195739627876,0.3028619743922677,0.015298940576610243,0.42000311855485917,0.5183637435658031,0.6927408533959727,0.6620858937079999,Forma da equação (RESET),False,False,200,0.7853996114633379,1.0,1.0,0.8996634459687957,0.919563741261111
Total (2013–2024),Brasil,Tipologia | Tornado,Variação relativa,ADEQUACAO_NACIONAL,ADL BIC; datas comuns; I12,variação logarítmica percentual de I,0.09025128521838723,0.8101332489509534,0.21661297823363518,0.06298035731690817,0.7316094086516783,0.012739907195829956,0.02889079890184257,0.8872077304785133,0.18141153980656935,2020-03-01,True,True,Sem indicação de não estacionariedade,Sem indicação de não estacionariedade,1.0,1.0,True,2.4737147189417783,119.0,104.0,2015-02-01,2024-12-01,0.3815776022338408,0.17286495115584888,0.038779917078016146,0.7243752873896654,-0.13695352809965544,4.872500066312408,0.029485296206262814,0.15676439401095688,0.18061395245529555,Forma da equação (RESET),False,False,200,0.16848740689293037,0.990374192085375,1.0,0.5316902372101106,0.573377626842208
Total (2013–2024),Brasil,Tipologia | Vendavais e Ciclones,Variação relativa,ADEQUACAO_NACIONAL,ADL BIC; datas comuns; I12,variação logarítmica percentual de I,0.06171599231747953,0.7726680734127631,0.34232227465425913,0.15753576184593412,0.690523650798887,0.0018281566616236186,0.04745353913417912,0.859862164679624,0.17951569069391504,2020-03-01,True,True,Sem indicação de não estacionariedade,Sem indicação de não estacionariedade,1.0,2.0,True,2.966707175441684,119.0,103.0,2015-02-01,2024-12-01,-0.7469610530587153,0.17251407803441732,-1.0891020384930252,-0.4048200676244053,-0.06831475431565193,9.48132290970853,0.00016612498481536996,0.0576917452699248,0.03803072734700274,Forma da equação (RESET),False,False,200,0.006644999392614798,0.03905951208003798,0.03256049702381251,0.45112704534795167,0.5356929512460743
Total (2013–2024),Brasil,Clima | Protocolos,Variação relativa,ADEQUACAO_NACIONAL,ADL BIC; datas comuns; I12,variação logarítmica percentual de I,0.04222535305910374,0.6295773358684542,0.3367807312531823,0.07503491194279546,0.7034702534435687,0.007743729261791923,0.05428285563665174,0.8830159337232775,0.16957209981338625,2020-03-01,True,True,Sem indicação de não estacionariedade,Sem indicação de não estacionariedade,1.0,1.0,True,3.787975083581159,119.0,104.0,2015-02-01,2024-12-01,0.2714856098044971,0.23644916736611654,-0.19740196218834316,0.7403731817973374,-0.05194208921146476,1.318311532085799,0.2535294516228073,0.35316224351228526,0.3673362493449654,Autocorrelação curta; Forma da equação (RESET),False,False,200,0.5200967781593373,1.0,1.0,0.7063244870245705,0.7273985135543869
Total (2013–2024),Brasil,Clima | Municípios,Variação relativa,ADEQUACAO_NACIONAL,ADL BIC; datas comuns; I12,variação logarítmica percentual de I,0.040995135462949396,0.6186817370695914,0.3326483807670433,0.07536095629220989,0.7046339814623899,0.007494272765610309,0.05528688804909113,0.8819318329600172,0.1694327738152048,2020-03-01,True,True,Sem indicação de não estacionariedade,Sem indicação de não estacionariedade,1.0,1.0,True,3.909824440952093,119.0,104.0,2015-02-01,2024-12-01,0.2525950992692758,0.24671263407593044,-0.23664531236094188,0.7418355108994935,-0.04895490586164511,1.0482552842682422,0.30828486676870026,0.38455741686608985,0.40399315405011865,Autocorrelação curta; Forma da equação (RESET),False,False,200,0.6104650827102975,1.0,1.0,0.7255800318228111,0.7695107696192736
Total (2013–2024),Brasil,Clima | Deslocamento,Variação relativa,ADEQUACAO_NACIONAL,ADL BIC; datas comuns; I12,variação logarítmica percentual de I,0.043877885361009464,0.5319042653234218,0.39105954036959556,0.0872020983047847,0.7313389596189455,0.006870249560076033,0.04585275616678983,0.8755521568747449,0.17731139318447156,2020-03-01,True,True,Sem indicação de não estacionariedade,Sem indicação de não estacionariedade,1.0,1.0,True,4.58286521081925,119.0,104.0,2015-02-01,2024-12-01,0.05336371733125641,0.12593537065451765,-0.19637084858828946,0.3030982832508023,0.03733598224770258,0.1795546681525929,0.6726313396623526,0.6794928073205077,0.682307995708281,Autocorrelação curta; Forma da equação (RESET),False,False,200,0.8824874774486494,1.0,1.0,0.898699767233897,0.9259691376791631
Total (2013–2024),Brasil,Clima | Habitações,Variação relativa,ADEQUACAO_NACIONAL,ADL BIC; datas comuns; I12,variação logarítmica percentual de I,0.11660731697406397,0.7082858048715326,0.38877672968393184,0.05613090959365938,0.7361896243552647,0.004769722532456726,0.06861140319404657,0.8672137167450356,0.16941801135669463,2020-03-01,True,True,Sem indicação de não estacionariedade,Sem indicação de não estacionariedade,1.0,1.0,True,3.1335557444980395,119.0,104.0,2015-02-01,2024-12-01,-0.10966502930655177,0.08293109968837603,-0.2741205121011643,0.054790453488060734,0.010329892975855001,1.7486442714468102,0.18894804804518203,0.23155993324560034,0.1736929288617092,Forma da equação (RESET),False,False,200,0.44987630486948105,1.0,1.0,0.5860161548599536,0.5602997705216426
Total (2013–2024),Brasil,Total nacional,Diferença sazonal,ADEQUACAO_NACIONAL,ADL BIC; datas comuns; I12,pontos percentuais de I,0.7951533387753908,0.10134875120379591,0.04204293362905143,0.11012015824683095,0.6462461143524942,0.5875520384153725,-0.2194010122643857,0.9647660531381085,0.1136305940277783,2021-03-01,True,True,Sem indicação de não estacionariedade,Sem indicação de não estacionariedade,1.0,1.0,True,2.8138816774388147,119.0,115.0,2015-02-01,2024-12-01,0.015173177924347974,0.007276666390733838,0.0007595022634850207,0.029586853585210928,0.0012881576530230383,4.3479863494781394,0.03926540833017854,0.1690942080871663,0.1270243003438508,Sem indicação nos diagnósticos examinados,True,False,200,0.18551418106460196,1.0,1.0,0.5531033786476257,0.5602997705216426
Total (2013–2024),Brasil,Grupo | Climatológico,Diferença sazonal,ADEQUACAO_NACIONAL,ADL BIC; datas comuns; I12,pontos percentuais de I,0.8533477188078396,0.17010993899304339,0.04943958412864279,0.12799215954101997,0.6588366024108009,0.4690774325005183,-0.19797175600536876,0.9622755658599395,0.13439348273982313,2021-03-01,True,True,Sem indicação de não estacionariedade,Sem indicação de não estacionariedade,1.0,1.0,True,1.1244755957519033,119.0,115.0,2015-02-01,2024-12-01,0.013314600106038264,0.005919932429701846,0.001588353306459258,0.02504084690561727,0.001734467309014812,5.05851165693156,0.026409346755656954,0.06075990815508206,0.057171088392461,Sem indicação nos diagnósticos examinados,True,False,200,0.16005664700398153,0.9408179245419529,1.0,0.45112704534795167,0.5356929512460743
Total (2013–2024),Brasil,Grupo | Hidrológico,Diferença sazonal,ADEQUACAO_NACIONAL,ADL BIC; datas comuns; I12,pontos percentuais de I,0.706538731106686,0.25985163849440074,0.06555339421035422,0.29964429843040086,0.7455765617493922,0.9377626667325839,-0.17821827845803892,0.963540491025246,0.09233234261823353,2021-03-01,True,True,Sem indicação de não estacionariedade,Sem indicação de não estacionariedade,1.0,2.0,True,2.4443383765938336,119.0,114.0,2015-02-01,2024-12-01,0.026178740004296232,0.00808635958715964,0.010159723943469756,0.04219775606512271,-0.0029261932524799125,5.323052072473994,0.006164390055984689,0.03312382578620064,0.06218676976392704,Sem indicação nos diagnósticos examinados,True,False,200,0.05632956099546962,0.331106902825465,1.0,0.44165101048267524,0.5356929512460743
Total (2013–2024),Brasil,Grupo | Meteorológico,Diferença sazonal,ADEQUACAO_NACIONAL,ADL BIC; datas comuns; I12,pontos percentuais de I,0.9091191886292258,0.13756965737801466,0.11291473263307641,0.07291335692955209,0.6739959764287293,0.8570552170597204,-0.19841344708075154,0.9575562872069096,0.10675091892001283,2021-03-01,True,True,Sem indicação de não estacionariedade,Sem indicação de não estacionariedade,1.0,1.0,True,3.328473330494546,119.0,115.0,2015-02-01,2024-12-01,-0.007428703018741605,0.00369767513936831,-0.014753085819354802,-0.00010432021812840659,0.0007668704810399407,4.036161045543899,0.04687730592299638,0.2374258467045757,0.17334861379920302,Sem indicação nos diagnósticos examinados,True,False,200,0.2130786632863472,1.0,1.0,0.5860161548599536,0.5602997705216426
Total (2013–2024),Brasil,Grupo | Outros,Diferença sazonal,ADEQUACAO_NACIONAL,ADL BIC; datas comuns; I12,pontos percentuais de I,0.8133032508659376,0.04137387870356728,0.06805290500757455,0.08577991191336498,0.6593382382592792,0.6714332906636056,-0.22972487635726377,0.9620217275131854,0.10791876594294364,2021-03-01,True,True,Sem indicação de não estacionariedade,Sem indicação de não estacionariedade,1.0,1.0,True,4.1995334233153585,119.0,115.0,2015-02-01,2024-12-01,0.0070016023341970945,0.008508259328259434,-0.009851621904886877,0.023854826573281064,0.0007089253903989363,0.6771945346314427,0.412257612758451,0.4551968813640547,0.3913559359245561,Autocorrelação até 12 meses,False,False,200,0.7047138679631642,1.0,1.0,0.7492790828885891,0.7599144386884584
Total (2013–2024),Brasil,Tipologia | Alagamentos,Diferença sazonal,ADEQUACAO_NACIONAL,ADL BIC; datas comuns; I12,pontos percentuais de I,0.7046378963195329,0.13742480900099663,0.29942828712119146,0.19175103918165218,0.7298335521355306,0.8744578667137608,-0.18998468618944292,0.9605907382855907,0.08925610937377819,2021-03-01,True,False,Sem indicação de não estacionariedade,Inconclusiva,1.0,2.0,True,1.355727789663689,119.0,114.0,2015-02-01,2024-12-01,0.02644531830265,0.01106234833155548,0.004530891460312526,0.048359745144987476,0.0004897953837228776,5.696520752731725,0.004385212432670938,0.019664549807999355,0.012994312936729745,Estacionariedade da exposição inconclusiva,False,False,200,0.05481515540838672,0.3222051799165837,0.8112643000441234,0.44165101048267524,0.5356929512460743
Total (2013–2024),Brasil,Tipologia | Chuvas Intensas,Diferença sazonal,ADEQUACAO_NACIONAL,ADL BIC; datas comuns; I12,pontos percentuais de I,0.6035294137807339,0.25614048064295536,0.15867078789122127,0.18991610911916385,0.7662977012347882,0.9006642545499235,-0.18010259612727397,0.9619648334134908,0.09193081503947635,2021-03-01,True,True,Sem indicação de não estacionariedade,Sem indicação de não estacionariedade,1.0,2.0,True,0.9845831607465527,119.0,114.0,2015-02-01,2024-12-01,0.025870713875826214,0.008288954694865586,0.00945035846702667,0.042291069284625754,-0.0028395399917481162,5.533999259517001,0.005084440110331964,0.016461796853977573,0.031175611340443,Sem indicação nos diagnósticos examinados,True,False,200,0.05632956099546962,0.331106902825465,0.9304525401907494,0.44165101048267524,0.5356929512460743
Total (2013–2024),Brasil,Tipologia | Doenças infecciosas,Diferença sazonal,ADEQUACAO_NACIONAL,ADL BIC; datas comuns; I12,pontos percentuais de I,0.9392859920620638,0.10194574910409507,0.16236218335515323,0.05859226275138277,0.6598985833016933,0.9030418097605284,-0.1982999145593442,0.9593289163659166,0.19365189338006847,2019-03-01,True,True,Sem indicação de não estacionariedade,Sem indicação de não estacionariedade,1.0,1.0,True,3.429141702400841,119.0,115.0,2015-02-01,2024-12-01,-0.010337672734674608,0.008734051337310264,-0.027638147488007466,0.006962802018658249,-0.007692570783575849,1.4009223955435628,0.23901005585558396,0.2544051428550096,0.40316466052099714,Sem indicação nos diagnósticos examinados,True,False,200,0.5031790649591241,1.0,1.0,0.6003689462444706,0.7695107696192736
Total (2013–2024),Brasil,Tipologia | Enxurradas,Diferença sazonal,ADEQUACAO_NACIONAL,ADL BIC; datas comuns; I12,pontos percentuais de I,0.9039675514640557,0.08082300671688297,0.03040795532267007,0.08586426270221857,0.6585795939508614,0.7997376133478188,-0.21590475743502618,0.9595002223196913,0.10554708767514373,2021-03-01,True,True,Sem indicação de não estacionariedade,Sem indicação de não estacionariedade,1.0,1.0,True,4.73028924939257,119.0,115.0,2015-02-01,2024-12-01,-0.0012079698528366465,0.004693626638085266,-0.010505140892682133,0.00808920118700884,-0.0002758212704263227,0.0662361546641244,0.7973578393489504,0.8283897628537632,0.8161222172977107,Sem indicação nos diagnósticos examinados,True,False,200,0.9664943507260005,1.0,1.0,0.9980599552454978,1.0
Total (2013–2024),Brasil,Tipologia | Erosão,Diferença sazonal,ADEQUACAO_NACIONAL,ADL BIC; datas comuns; I12,pontos percentuais de I,0.8798438784264959,0.059244389795918596,0.04825334591403373,0.10157715473054472,0.6572619732427183,0.7677902905694792,-0.22612580577667513,0.9622295842617178,0.12155730480710132,2021-03-01,True,True,Sem indicação de não estacionariedade,Sem indicação de não estacionariedade,1.0,1.0,True,3.866940568886605,119.0,115.0,2015-02-01,2024-12-01,0.007060015247282373,0.008815575962216472,-0.010401944097850368,0.024521974592415112,0.0015696297800070064,0.6413718488559421,0.4248659476859915,0.3488325625879526,0.34305151228807007,Sem indicação nos diagnósticos examinados,True,False,200,0.7111057457917402,1.0,1.0,0.7063244870245705,0.7273416661016882
Total (2013–2024),Brasil,Tipologia | Estiagem e Seca,Diferença sazonal,ADEQUACAO_NACIONAL,ADL BIC; datas comuns; I12,pontos percentuais de I,0.8605136366724392,0.14408711057587859,0.06117270310124516,0.12479962068082683,0.6391065354495509,0.5465661983751201,-0.20435810130773505,0.9618191260379335,0.12628429510708533,2021-03-01,True,True,Sem indicação de não estacionariedade,Sem indicação de não estacionariedade,1.0,1.0,True,2.3996172825855524,119.0,115.0,2015-02-01,2024-12-01,0.009411541336331822,0.005399084581958604,-0.0012830061186696277,0.02010608879133327,0.0013257078886176818,3.0386539601032942,0.0839760388163943,0.13024655888294354,0.12905358081205706,Sem indicação nos diagnósticos examinados,True,False,200,0.289572547642739,1.0,1.0,0.5285281087483371,0.5602997705216426
Total (2013–2024),Brasil,Tipologia | Granizo,Diferença sazonal,ADEQUACAO_NACIONAL,ADL BIC; datas comuns; I12,pontos percentuais de I,0.7447593449307202,0.12002344676134094,0.07630462954356682,0.10394318223653723,0.6337010427949163,0.7653909306590397,-0.21858469886406814,0.9568899016718955,0.10586556119992782,2021-03-01,True,True,Sem indicação de não estacionariedade,Sem indicação de não estacionariedade,1.0,1.0,True,3.053482071239216,119.0,115.0,2015-02-01,2024-12-01,-0.006787492332391317,0.004293952916466303,-0.015292986650472896,0.0017180019856902623,0.0004985455081967767,2.498642644709618,0.11669105212151028,0.19754788571599602,0.15303980009004992,Sem indicação nos diagnósticos examinados,True,False,200,0.32870718907467683,1.0,1.0,0.5608489128519553,0.5602997705216426
Total (2013–2024),Brasil,Tipologia | Incêndio Florestal,Diferença sazonal,ADEQUACAO_NACIONAL,ADL BIC; datas comuns; I12,pontos percentuais de I,0.8968403517470599,0.08054693662927616,0.07833002179240009,0.09355472647463879,0.6724246833410272,0.6987746787539774,-0.2173443042370763,0.9601369626373907,0.10556175053025096,2021-03-01,True,True,Sem indicação de não estacionariedade,Sem indicação de não estacionariedade,1.0,1.0,True,4.587195311985113,119.0,115.0,2015-02-01,2024-12-01,0.002617192639800644,0.004907928226124341,-0.007104468601703185,0.012338853881304472,-0.00045078275716862407,0.28436423576733144,0.5948839920447053,0.6673883428522391,0.5813277692255794,Sem indicação nos diagnósticos examinados,True,False,200,0.8205296441995936,1.0,1.0,0.8958232789962941,0.8863471042449718
Total (2013–2024),Brasil,Tipologia | Inundações,Diferença sazonal,ADEQUACAO_NACIONAL,ADL BIC; datas comuns; I12,pontos percentuais de I,0.8752924274867703,0.06811311337954865,0.03593293278494012,0.1135408788940412,0.6471974599750081,0.6788670869022073,-0.22365758677113792,0.9618171522821615,0.1232322544962465,2021-03-01,True,True,Sem indicação de não estacionariedade,Sem indicação de não estacionariedade,1.0,1.0,True,4.5081233037126935,119.0,115.0,2015-02-01,2024-12-01,0.003252064339669407,0.005243844502897933,-0.0071349823960470985,0.013639111075385912,0.0015272856153292933,0.3846082966591701,0.5363742012888183,0.6096019437501602,0.6162689285938832,Sem indicação nos diagnósticos examinados,True,False,200,0.7919966229168155,1.0,1.0,0.8496381534527986,0.9005818311209853
Total (2013–2024),Brasil,Tipologia | Movimento de Massa,Diferença sazonal,ADEQUACAO_NACIONAL,ADL BIC; datas comuns; I12,pontos percentuais de I,0.8150283003580978,0.0275232515596468,0.15205519010498456,0.09822040035614481,0.6349217114888591,0.857817309288422,-0.24395627731511751,0.9654481356739705,0.15849898340887708,2021-03-01,True,True,Sem indicação de não estacionariedade,Sem indicação de não estacionariedade,1.0,1.0,True,0.8259542120553647,119.0,115.0,2015-02-01,2024-12-01,0.015927576023831498,0.007457601830666191,0.001155502079097587,0.03069964996856541,-0.004205557747772638,4.561429731547691,0.03482070531248821,0.051137568069042696,0.07298809116796472,Autocorrelação até 12 meses,False,False,200,0.18326687006572742,1.0,1.0,0.4502461770715624,0.5356929512460743
Total (2013–2024),Brasil,Tipologia | Onda de Calor e Baixa Umidade,Diferença sazonal,ADEQUACAO_NACIONAL,ADL BIC; datas comuns; I12,pontos percentuais de I,0.8772591676283392,0.07396494551437721,0.0937105602930513,0.09325816167960062,0.6619976437527795,0.7959701840947805,-0.21499819858315622,0.960002968685689,0.10484421175969577,2021-03-01,True,True,Sem indicação de não estacionariedade,Sem indicação de não estacionariedade,1.0,1.0,True,4.630349696484984,119.0,115.0,2015-02-01,2024-12-01,0.004334620193512576,0.007027106576966832,-0.009584725506284204,0.018253965893309358,0.00011803524897382057,0.3804950568847124,0.5385577035834346,0.7051700134104858,0.6813836506963146,Sem indicação nos diagnósticos examinados,True,False,200,0.7919966229168155,1.0,1.0,0.909896791497401,0.9259691376791631
Total (2013–2024),Brasil,Tipologia | Onda de Frio,Diferença sazonal,ADEQUACAO_NACIONAL,ADL BIC; datas comuns; I12,pontos percentuais de I,0.9179854152611024,0.11843593968015126,0.06455528908520702,0.12105116360623994,0.6784976682418713,0.6418076146790198,-0.21538717528304593,0.9583097860933604,0.11151250288492008,2021-03-01,True,True,Sem indicação de não estacionariedade,Sem indicação de não estacionariedade,1.0,1.0,True,1.1285024599250733,119.0,115.0,2015-02-01,2024-12-01,0.013698238009442417,0.004368254309466415,0.00504556693179169,0.022350909087093144,0.00045339752551141164,9.83362375518999,0.00217570632623497,0.06090215112197348,0.0444014038932091,Sem indicação nos diagnósticos examinados,True,False,200,0.03955829684063582,0.2325248930842321,0.41338420198464426,0.45112704534795167,0.5356929512460743
Total (2013–2024),Brasil,Tipologia | Outros,Diferença sazonal,ADEQUACAO_NACIONAL,ADL BIC; datas comuns; I12,pontos percentuais de I,0.8727563022688628,0.07975505978480514,0.08724965622831889,0.08988793736593187,0.6559632875212069,0.7956314819566364,-0.21645723208771608,0.9602653636070382,0.10486410695620381,2021-03-01,True,True,Sem indicação de não estacionariedade,Sem indicação de não estacionariedade,1.0,1.0,True,4.776315714326927,119.0,115.0,2015-02-01,2024-12-01,0.000529261445751575,0.008828147358569181,-0.016957599416078818,0.018016122307581966,-0.0003382461655928816,0.0035941928019571465,0.9522982527123776,0.9585468702983487,0.9561663836651921,Sem indicação nos diagnósticos examinados,True,False,200,1.0,1.0,1.0,1.0,1.0
Total (2013–2024),Brasil,Tipologia | Rompimento/Colapso de barragens,Diferença sazonal,ADEQUACAO_NACIONAL,ADL BIC; datas comuns; I12,pontos percentuais de I,0.9572952847383233,0.34620046913873254,0.09244333237110569,0.09006460280816618,0.7658363652605663,0.7250941764922894,-0.16477203547683428,0.9586206399746562,0.17197537417127387,2020-05-01,True,True,Sem indicação de não estacionariedade,Sem indicação de não estacionariedade,1.0,2.0,True,1.8909459045871984,119.0,114.0,2015-02-01,2024-12-01,0.0530541773499092,0.018420318960320207,0.016563667363256228,0.08954468733656218,-0.012907230500092605,5.866176967445621,0.0037591952336291654,0.02541100866102376,0.04842988766306687,Sem indicação nos diagnósticos examinados,True,False,200,0.053702789051845216,0.31566665604718364,0.7029695086886539,0.44165101048267524,0.5356929512460743
Total (2013–2024),Brasil,Tipologia | Tornado,Diferença sazonal,ADEQUACAO_NACIONAL,ADL BIC; datas comuns; I12,pontos percentuais de I,0.8790446144984062,0.0702650119469531,0.09567982068323531,0.08862284951767851,0.6576474261135283,0.8152507802307176,-0.2186806075929454,0.9605471581475368,0.12859154696224148,2021-03-01,True,True,Sem indicação de não estacionariedade,Sem indicação de não estacionariedade,1.0,1.0,True,4.752578479916963,119.0,115.0,2015-02-01,2024-12-01,0.0014912899250677004,0.0069664498931409705,-0.012307906557988458,0.01529048640812386,-0.002825062051949612,0.04582485845461107,0.8308735800804907,0.8730252758399084,0.8783447663074788,Sem indicação nos diagnósticos examinados,True,False,200,0.9813176060890998,1.0,1.0,1.0,1.0
Total (2013–2024),Brasil,Tipologia | Vendavais e Ciclones,Diferença sazonal,ADEQUACAO_NACIONAL,ADL BIC; datas comuns; I12,pontos percentuais de I,0.7536459092139487,0.13953480575326793,0.1813603706941207,0.06985784140492571,0.6823422105107491,0.9702036351080778,-0.19362389280985465,0.9582584485530612,0.10763680431203763,2021-03-01,True,True,Sem indicação de não estacionariedade,Sem indicação de não estacionariedade,1.0,1.0,True,2.888858826267608,119.0,115.0,2015-02-01,2024-12-01,-0.008448096849314742,0.004279651488201695,-0.01692526279044123,2.9069091811743594e-05,0.0009032278036724102,3.8967357892602155,0.05077767322652024,0.17745476184195128,0.14248762427460265,Sem indicação nos diagnósticos examinados,True,False,200,0.22077249228921844,1.0,1.0,0.5545461307560977,0.5602997705216426
Total (2013–2024),Brasil,Clima | Protocolos,Diferença sazonal,ADEQUACAO_NACIONAL,ADL BIC; datas comuns; I12,pontos percentuais de I,0.8082751477817939,0.10413772906033501,0.042831300920116194,0.11283386094601726,0.6475698038441196,0.6082922921609946,-0.21770795175643742,0.964154689522192,0.11539052347337064,2021-03-01,True,True,Sem indicação de não estacionariedade,Sem indicação de não estacionariedade,1.0,1.0,True,3.112068024943653,119.0,115.0,2015-02-01,2024-12-01,0.013418111024513379,0.007249364167370475,-0.0009414841864225209,0.027777706235449277,0.0014862246560465656,3.4259650514422586,0.06674475120206896,0.2053317599298276,0.16089301508876597,Sem indicação nos diagnósticos examinados,True,False,200,0.24883252344724568,1.0,1.0,0.5625527669310345,0.5602997705216426
Total (2013–2024),Brasil,Clima | Municípios,Diferença sazonal,ADEQUACAO_NACIONAL,ADL BIC; datas comuns; I12,pontos percentuais de I,0.7994512051051337,0.10372716398957443,0.04095171086737066,0.1134930688074646,0.6488730016744784,0.606444375921854,-0.21702298768789105,0.9639276959238001,0.11491376322483782,2021-03-01,True,True,Sem indicação de não estacionariedade,Sem indicação de não estacionariedade,1.0,1.0,True,3.063635907592186,119.0,115.0,2015-02-01,2024-12-01,0.01340458618772294,0.007124417710680702,-0.000707514139567645,0.027516686515013523,0.0014054046480864984,3.5400392209089557,0.06243248752914249,0.1988717641536742,0.14843533442465184,Sem indicação nos diagnósticos examinados,True,False,200,0.24483328442800975,1.0,1.0,0.5608489128519553,0.5602997705216426
Total (2013–2024),Brasil,Clima | Deslocamento,Diferença sazonal,ADEQUACAO_NACIONAL,ADL BIC; datas comuns; I12,pontos percentuais de I,0.8796618693960244,0.07597058247619971,0.08831252011408304,0.08899699374178222,0.6591935949549389,0.7722796013507819,-0.21724748253832887,0.9604441761602157,0.12862314063422933,2021-03-01,True,True,Sem indicação de não estacionariedade,Sem indicação de não estacionariedade,1.0,1.0,True,4.760903183480025,119.0,115.0,2015-02-01,2024-12-01,0.0005726733469214323,0.0038496850719522435,-0.007052811874476718,0.008198158568319583,0.001259773640153845,0.02212908901498504,0.8820047477372968,0.8946627939789848,0.8762149012817531,Sem indicação nos diagnósticos examinados,True,False,200,1.0,1.0,1.0,1.0,1.0
Total (2013–2024),Brasil,Clima | Habitações,Diferença sazonal,ADEQUACAO_NACIONAL,ADL BIC; datas comuns; I12,pontos percentuais de I,0.8236360182351585,0.19711118363619662,0.2159583642262292,0.03663322578129036,0.7100804989866565,0.8706748390506972,-0.18799986374376482,0.9572600603587872,0.11632677515560508,2021-03-01,True,False,Sem indicação de não estacionariedade,Inconclusiva,1.0,1.0,True,1.4676814250414623,119.0,115.0,2015-02-01,2024-12-01,-0.005402815096588487,0.0029237418269198166,-0.011194184955592181,0.00038855476241520664,0.0008053504520506502,3.4147755865686102,0.06718478133075634,0.07425872214212208,0.03687487749906291,Estacionariedade da exposição inconclusiva,False,False,200,0.24883252344724568,1.0,1.0,0.47416497306172317,0.5356929512460743
Total (2013–2024),Brasil,Total nacional,Relativa e sazonal,ADEQUACAO_NACIONAL,ADL BIC; datas comuns; I12,variação logarítmica percentual de I,0.9845602659051116,0.08347078434563003,0.01593240456103316,0.0906591420794515,0.6515055698903891,0.4479015577279562,-0.21630093222013458,0.9669662818535506,0.11754074699759255,2021-03-01,True,True,Sem indicação de não estacionariedade,Sem indicação de não estacionariedade,1.0,1.0,True,3.299888637208028,119.0,115.0,2015-02-01,2024-12-01,0.3442538011360462,0.18230183370572098,-0.01685104582531677,0.7053586480974092,0.03756587646137882,3.5659513547926545,0.06149551876313118,0.23285814433705482,0.18796027599022147,Sem indicação nos diagnósticos examinados,True,False,200,0.24483328442800975,1.0,1.0,0.5860161548599536,0.578339310739143
Total (2013–2024),Brasil,Grupo | Climatológico,Relativa e sazonal,ADEQUACAO_NACIONAL,ADL BIC; datas comuns; I12,variação logarítmica percentual de I,0.9084443678139116,0.14205426531325188,0.023897598531070777,0.1068563271100506,0.6634800931934997,0.3873244469601923,-0.1957465277793466,0.9650260305087758,0.13699982619125467,2021-03-01,True,True,Sem indicação de não estacionariedade,Sem indicação de não estacionariedade,1.0,1.0,True,2.0063974147292356,119.0,115.0,2015-02-01,2024-12-01,0.3037511283738205,0.15534716648368727,-0.003961710486191705,0.6114639672338327,0.04724795438494461,3.823218574752357,0.05297306020442319,0.10238955604180427,0.09864081744300866,Sem indicação nos diagnósticos examinados,True,False,200,0.22541727746563062,1.0,1.0,0.4749309597436835,0.5602997705216426
Total (2013–2024),Brasil,Grupo | Hidrológico,Relativa e sazonal,ADEQUACAO_NACIONAL,ADL BIC; datas comuns; I12,variação logarítmica percentual de I,0.5634161965816864,0.22231987178925602,0.04959156543581286,0.22389542033352566,0.7527069248815965,0.7840460798191349,-0.17723915553747563,0.9658978022189405,0.09803151780197117,2021-03-01,True,True,Sem indicação de não estacionariedade,Sem indicação de não estacionariedade,1.0,2.0,True,2.088452522738521,119.0,114.0,2015-02-01,2024-12-01,0.6588572868036334,0.20456808777474217,0.25360948051022014,1.0641050930970466,-0.07856928511784189,5.344628130269388,0.006043959704502951,0.027932377569767502,0.04492128620236109,Sem indicação nos diagnósticos examinados,True,False,200,0.05632956099546962,0.331106902825465,1.0,0.44165101048267524,0.5356929512460743
Total (2013–2024),Brasil,Grupo | Meteorológico,Relativa e sazonal,ADEQUACAO_NACIONAL,ADL BIC; datas comuns; I12,variação logarítmica percentual de I,0.6773102721368316,0.13167093714160533,0.051900813865731484,0.07823953453704616,0.6842492420500589,0.6468251439568776,-0.19228041176444496,0.9606572085238172,0.1114969183684804,2021-03-01,True,True,Sem indicação de não estacionariedade,Sem indicação de não estacionariedade,1.0,1.0,True,3.0804774936308377,119.0,115.0,2015-02-01,2024-12-01,-0.20951882498781396,0.09063700411624089,-0.38905328624433,-0.029984363731297925,0.022408645639940106,5.343613218861361,0.02257900037308717,0.20109064444986477,0.13350503258869625,Sem indicação nos diagnósticos examinados,True,False,200,0.15571724395232533,0.9153107791079451,1.0,0.5608489128519553,0.5602997705216426
Total (2013–2024),Brasil,Grupo | Outros,Relativa e sazonal,ADEQUACAO_NACIONAL,ADL BIC; datas comuns; I12,variação logarítmica percentual de I,0.9819449819324471,0.03213700776406784,0.029309472932435486,0.07956622633696134,0.6677143837609425,0.5107506118551061,-0.22655556626143325,0.9649194202509277,0.11297442455161863,2021-03-01,True,True,Sem indicação de não estacionariedade,Sem indicação de não estacionariedade,1.0,1.0,True,4.163523894136802,119.0,115.0,2015-02-01,2024-12-01,0.18797570681831796,0.21351262755899433,-0.2349517159714484,0.6109031296080843,0.0234193209432651,0.7750974760944166,0.3804808739473972,0.44152054205396607,0.3636708330508441,Autocorrelação até 12 meses,False,False,200,0.6929379662684715,1.0,1.0,0.7483399017863832,0.7273416661016882
Total (2013–2024),Brasil,Tipologia | Alagamentos,Relativa e sazonal,ADEQUACAO_NACIONAL,ADL BIC; datas comuns; I12,variação logarítmica percentual de I,0.5080270490617695,0.128255776417332,0.20074483835937731,0.21427908298112924,0.7480381832588479,0.9449262199795023,-0.18673522608991083,0.9635042621262495,0.09390059344638442,2021-03-01,True,False,Sem indicação de não estacionariedade,Inconclusiva,1.0,2.0,True,0.12335109031050706,119.0,114.0,2015-02-01,2024-12-01,0.7106696249961324,0.28182369567984855,0.15237905446726063,1.268960195525004,0.016943223575545785,7.274341315649205,0.001063461070271873,0.010897347703587568,0.0059719416517374415,Estacionariedade da exposição inconclusiva,False,False,200,0.026586526756796826,0.15627642707951062,0.2052479865624715,0.44165101048267524,0.5356929512460743
Total (2013–2024),Brasil,Tipologia | Chuvas Intensas,Relativa e sazonal,ADEQUACAO_NACIONAL,ADL BIC; datas comuns; I12,variação logarítmica percentual de I,0.49621296616171773,0.20474569455522745,0.10739831347276535,0.11067775803773369,0.7634340293610253,0.7394967932758005,-0.18088743336474886,0.9651852024212431,0.09792196915239228,2021-03-01,True,True,Sem indicação de não estacionariedade,Sem indicação de não estacionariedade,1.0,2.0,True,1.3395763081233554,119.0,114.0,2015-02-01,2024-12-01,0.6573192789424499,0.20930488526383034,0.24268791330608158,1.0719506445788183,-0.07731841900597913,6.031796662512743,0.0032356731497411913,0.019513003483441017,0.029565655468353033,Sem indicação nos diagnósticos examinados,True,False,200,0.05011620705790042,0.29458461608880104,0.6115422253010852,0.44165101048267524,0.5356929512460743
Total (2013–2024),Brasil,Tipologia | Doenças infecciosas,Relativa e sazonal,ADEQUACAO_NACIONAL,ADL BIC; datas comuns; I12,variação logarítmica percentual de I,0.7143917926136919,0.09842602479691082,0.08224470535185437,0.05423161466423144,0.6690691511884128,0.6254586918550237,-0.19097838205163242,0.962285963371343,0.2329899522827657,2019-03-01,True,True,Sem indicação de não estacionariedade,Sem indicação de não estacionariedade,1.0,1.0,True,3.0645928347311155,119.0,115.0,2015-02-01,2024-12-01,-0.30397688200916073,0.24631715985138336,-0.791883769746078,0.18393000572775653,-0.21984396037566256,1.5229714967325827,0.21968639885525418,0.19899706626812078,0.350203128721721,Sem indicação nos diagnósticos examinados,True,False,200,0.4881653595066254,1.0,1.0,0.5608489128519553,0.7273416661016882
Total (2013–2024),Brasil,Tipologia | Enxurradas,Relativa e sazonal,ADEQUACAO_NACIONAL,ADL BIC; datas comuns; I12,variação logarítmica percentual de I,0.8648620760043448,0.07069060868160879,0.015509347671660421,0.09464927014276814,0.6695042386145023,0.5943485803876771,-0.21229796440078438,0.9621116830108941,0.10933792634640009,2021-03-01,True,True,Sem indicação de não estacionariedade,Sem indicação de não estacionariedade,1.0,1.0,True,4.608810521923829,119.0,115.0,2015-02-01,2024-12-01,-0.0587529522786563,0.12342167347769539,-0.3032275338389397,0.1857216292816271,-0.005813153465028968,0.2266086728261534,0.6349530424877047,0.6856143843916497,0.6674854310777647,Sem indicação nos diagnósticos examinados,True,False,200,0.8466040566502729,1.0,1.0,0.898699767233897,0.9206695601072616
Total (2013–2024),Brasil,Tipologia | Erosão,Relativa e sazonal,ADEQUACAO_NACIONAL,ADL BIC; datas comuns; I12,variação logarítmica percentual de I,0.9003676739569973,0.04976808623455499,0.023901008669837725,0.09868583991458107,0.6636902509196887,0.5960476310818664,-0.2226247416519588,0.9651323276031063,0.12762817827664444,2021-03-01,True,True,Sem indicação de não estacionariedade,Sem indicação de não estacionariedade,1.0,1.0,True,3.878773466257371,119.0,115.0,2015-02-01,2024-12-01,0.18287576511515238,0.22077801200848818,-0.25444298598119053,0.6201945162114952,0.044763374927770244,0.6861209423417353,0.40920271424444193,0.35197782407319755,0.32818542920110455,Autocorrelação até 12 meses,False,False,200,0.7047138679631642,1.0,1.0,0.7063244870245705,0.7273416661016882
Total (2013–2024),Brasil,Tipologia | Estiagem e Seca,Relativa e sazonal,ADEQUACAO_NACIONAL,ADL BIC; datas comuns; I12,variação logarítmica percentual de I,0.9090379332081244,0.11787490210139019,0.03037895003618013,0.10905268331296464,0.647460741112964,0.4333551336358515,-0.2019100226059048,0.9645515108314214,0.12885822778866807,2021-03-01,True,True,Sem indicação de não estacionariedade,Sem indicação de não estacionariedade,1.0,1.0,True,3.1456640590354255,119.0,115.0,2015-02-01,2024-12-01,0.2042593315829957,0.14428568543751677,-0.08154284220498403,0.4900615053709754,0.036053177694377936,2.0040904518119507,0.15957793436569404,0.20995844865768723,0.20947874441202893,Sem indicação nos diagnósticos examinados,True,False,200,0.3989448359142351,1.0,1.0,0.5674552666423979,0.5994232910967104
Total (2013–2024),Brasil,Tipologia | Granizo,Relativa e sazonal,ADEQUACAO_NACIONAL,ADL BIC; datas comuns; I12,variação logarítmica percentual de I,0.9639779908388745,0.1259370689596547,0.03326949783375911,0.09895732380186822,0.642494616693281,0.6244272450393503,-0.21431545537937935,0.9599713020552288,0.11032180729294772,2021-03-01,True,True,Sem indicação de não estacionariedade,Sem indicação de não estacionariedade,1.0,1.0,True,2.8880572471346113,119.0,115.0,2015-02-01,2024-12-01,-0.18537168751063682,0.11571854726045797,-0.4145878585697411,0.043844483548467456,0.01469994785228318,2.56614304291218,0.11191698958773474,0.17736289675313835,0.13643499283589602,Sem indicação nos diagnósticos examinados,True,False,200,0.32283457841054164,1.0,1.0,0.5545461307560977,0.5602997705216426
Total (2013–2024),Brasil,Tipologia | Incêndio Florestal,Relativa e sazonal,ADEQUACAO_NACIONAL,ADL BIC; datas comuns; I12,variação logarítmica percentual de I,0.8977132307231505,0.07495235590587619,0.028766086483327586,0.0958718487183512,0.6831294826389288,0.5199039112384664,-0.21486295545217124,0.9632000620271216,0.10956497099609593,2021-03-01,True,True,Sem indicação de não estacionariedade,Sem indicação de não estacionariedade,1.0,1.0,True,4.504853439253793,119.0,115.0,2015-02-01,2024-12-01,0.08163479628248463,0.125675629566863,-0.1673044384965391,0.33057403106150834,-0.01267464571673467,0.42193785202043915,0.5172670090384259,0.6074525335536051,0.5188939858078557,Sem indicação nos diagnósticos examinados,True,False,200,0.7853996114633379,1.0,1.0,0.8496381534527986,0.8863471042449718
Total (2013–2024),Brasil,Tipologia | Inundações,Relativa e sazonal,ADEQUACAO_NACIONAL,ADL BIC; datas comuns; I12,variação logarítmica percentual de I,0.9147405071822874,0.06747273980106977,0.017429628412289757,0.09661728821235586,0.6599322712470753,0.5769194345242418,-0.2158271892635726,0.963755775262488,0.12647619024360263,2021-03-01,True,True,Sem indicação de não estacionariedade,Sem indicação de não estacionariedade,1.0,1.0,True,4.751337975602951,119.0,115.0,2015-02-01,2024-12-01,0.02727870789780772,0.1302395365260121,-0.23070074820279513,0.2852581639984106,0.04201125955949857,0.04386942141752468,0.8344673297545763,0.8701180035322239,0.8710198313703241,Sem indicação nos diagnósticos examinados,True,False,200,0.9813176060890998,1.0,1.0,1.0,1.0
Total (2013–2024),Brasil,Tipologia | Movimento de Massa,Relativa e sazonal,ADEQUACAO_NACIONAL,ADL BIC; datas comuns; I12,variação logarítmica percentual de I,0.9560923777375112,0.025682325138699846,0.049379559539274046,0.07567199103498119,0.6413756540004107,0.6369715827695503,-0.239031179176191,0.9677819169917152,0.17408318713768955,2021-03-01,True,True,Sem indicação de não estacionariedade,Sem indicação de não estacionariedade,1.0,1.0,True,1.5233068658957336,119.0,115.0,2015-02-01,2024-12-01,0.37734597554466937,0.19763296910981915,-0.014126900038816392,0.7688188511281551,-0.11719416813943206,3.6455298157714617,0.05871159161723083,0.07673379663974189,0.10600510613239984,Autocorrelação até 12 meses,False,False,200,0.239639149458085,1.0,1.0,0.47416497306172317,0.5602997705216426
Total (2013–2024),Brasil,Tipologia | Onda de Calor e Baixa Umidade,Relativa e sazonal,ADEQUACAO_NACIONAL,ADL BIC; datas comuns; I12,variação logarítmica percentual de I,0.9160495114271167,0.062117385345596327,0.04095391528232141,0.09497070124009545,0.6734625120423399,0.6141583783903591,-0.2113256981515502,0.9628415614624011,0.10910100815063742,2021-03-01,True,True,Sem indicação de não estacionariedade,Sem indicação de não estacionariedade,1.0,1.0,True,4.553782874772878,119.0,115.0,2015-02-01,2024-12-01,0.13937065426719114,0.19158273318336436,-0.24011786836771515,0.5188591769020974,0.008377583407624123,0.5292123226312698,0.46841665624457,0.641472482616654,0.636139860051142,Sem indicação nos diagnósticos examinados,True,False,200,0.7434914536361187,1.0,1.0,0.877352266252491,0.9120279883240089
Total (2013–2024),Brasil,Tipologia | Onda de Frio,Relativa e sazonal,ADEQUACAO_NACIONAL,ADL BIC; datas comuns; I12,variação logarítmica percentual de I,0.8244478692788406,0.09771230741630907,0.040394554974100126,0.11362928784704887,0.68578624374661,0.5336183059980107,-0.20979945544301293,0.9616280111705876,0.11723747504186194,2020-09-01,True,True,Sem indicação de não estacionariedade,Sem indicação de não estacionariedade,1.0,1.0,True,2.005615388463866,119.0,115.0,2015-02-01,2024-12-01,0.31212166717613515,0.12017548968977389,0.07407715094277592,0.5501661834094944,0.07878510120877252,6.7455293317556375,0.010626083034024333,0.10234115326083348,0.09749561500603278,Sem indicação nos diagnósticos examinados,True,False,200,0.08855069195020278,0.5205037077608604,1.0,0.4749309597436835,0.5602997705216426
Total (2013–2024),Brasil,Tipologia | Outros,Relativa e sazonal,ADEQUACAO_NACIONAL,ADL BIC; datas comuns; I12,variação logarítmica percentual de I,0.9156113308426919,0.0708792624103775,0.040351548739471374,0.09318762301676324,0.6635041858825196,0.6028467597271823,-0.213119297679837,0.9632728431050155,0.10854059266853848,2021-03-01,True,True,Sem indicação de não estacionariedade,Sem indicação de não estacionariedade,1.0,1.0,True,4.779024462957864,119.0,115.0,2015-02-01,2024-12-01,0.0025933534910910425,0.2396586566850448,-0.47212432096147855,0.4773110279436606,-0.0057271157965488135,0.00011709468821484176,0.9913849856935827,0.9922116004287495,0.991755984988993,Sem indicação nos diagnósticos examinados,True,False,200,1.0,1.0,1.0,1.0,1.0
Total (2013–2024),Brasil,Tipologia | Rompimento/Colapso de barragens,Relativa e sazonal,ADEQUACAO_NACIONAL,ADL BIC; datas comuns; I12,variação logarítmica percentual de I,0.809517309159641,0.2762227148134187,0.03587830203923922,0.0999081859937375,0.7239452753880029,0.9492498907092985,-0.16904824633024998,0.9618286931269028,0.16507030583800136,2020-05-01,True,True,Sem indicação de não estacionariedade,Sem indicação de não estacionariedade,1.0,2.0,True,3.376961224556453,119.0,114.0,2015-02-01,2024-12-01,1.2173836879537705,0.4446495211945558,0.3365364111687029,2.098230964738838,-0.3358597925724013,5.317415534124809,0.006196251709501658,0.051778310363229677,0.07487007955847426,Sem indicação nos diagnósticos examinados,True,False,200,0.05632956099546962,0.331106902825465,1.0,0.4502461770715624,0.5356929512460743
Total (2013–2024),Brasil,Tipologia | Tornado,Relativa e sazonal,ADEQUACAO_NACIONAL,ADL BIC; datas comuns; I12,variação logarítmica percentual de I,0.9154617370351372,0.06963885275695164,0.03965494023025753,0.09277466384378076,0.6640029531483875,0.6045689435292093,-0.21373971496452687,0.9633353837061872,0.13325029120642568,2021-03-01,True,True,Sem indicação de não estacionariedade,Sem indicação de não estacionariedade,1.0,1.0,True,4.7775301114306785,119.0,115.0,2015-02-01,2024-12-01,0.009511303104225804,0.16385696206490447,-0.31505780301631414,0.3340804092247658,-0.0738460443117754,0.0033693819608544766,0.9538124281533136,0.968766522255564,0.9693621731214789,Sem indicação nos diagnósticos examinados,True,False,200,1.0,1.0,1.0,1.0,1.0
Total (2013–2024),Brasil,Tipologia | Vendavais e Ciclones,Relativa e sazonal,ADEQUACAO_NACIONAL,ADL BIC; datas comuns; I12,variação logarítmica percentual de I,0.5341515695705227,0.12623195030125145,0.08684246600629204,0.07645630202166594,0.6928669919844318,0.7362179988332053,-0.18824043246413955,0.961322685830772,0.1124345387451277,2021-03-01,True,True,Sem indicação de não estacionariedade,Sem indicação de não estacionariedade,1.0,1.0,True,2.6432127250993744,119.0,115.0,2015-02-01,2024-12-01,-0.23420472751900354,0.11134224603425022,-0.4547522881070932,-0.013657166930913844,0.02548302833638208,4.4245729394819024,0.03760494089812291,0.15168992013623217,0.12002129722603833,Sem indicação nos diagnósticos examinados,True,False,200,0.18551418106460196,1.0,1.0,0.5316902372101106,0.5602997705216426
Total (2013–2024),Brasil,Clima | Protocolos,Relativa e sazonal,ADEQUACAO_NACIONAL,ADL BIC; datas comuns; I12,variação logarítmica percentual de I,0.974394462078106,0.08651004307724351,0.016451985829191253,0.09238707790903601,0.6529102440419206,0.4654994844476719,-0.21468791515377564,0.9664346161481306,0.1192998985894287,2021-03-01,True,True,Sem indicação de não estacionariedade,Sem indicação de não estacionariedade,1.0,1.0,True,3.561339165310187,119.0,115.0,2015-02-01,2024-12-01,0.3001085460913793,0.18411942293838005,-0.06459659532866402,0.6648136875114227,0.042529839458706586,2.656791759659193,0.10584458779793707,0.2790421194184,0.2348510274298739,Sem indicação nos diagnósticos examinados,True,False,200,0.32074117514526385,1.0,1.0,0.6200935987075555,0.6100026686490231
Total (2013–2024),Brasil,Clima | Municípios,Relativa e sazonal,ADEQUACAO_NACIONAL,ADL BIC; datas comuns; I12,variação logarítmica percentual de I,0.9825804859985087,0.08554754386431354,0.015613004947612525,0.09155523842899395,0.654566563987472,0.4638594909392454,-0.21396577920471777,0.9661979917493871,0.11875928228521003,2021-03-01,True,True,Sem indicação de não estacionariedade,Sem indicação de não estacionariedade,1.0,1.0,True,3.5452383684927327,119.0,115.0,2015-02-01,2024-12-01,0.29738187158225504,0.18210205464802576,-0.06332725151507063,0.6580909946795808,0.040349002603318584,2.66685429763803,0.10519341477981309,0.275886705269747,0.22491142161879127,Sem indicação nos diagnósticos examinados,True,False,200,0.32074117514526385,1.0,1.0,0.6199701242016786,0.6008692070489778
Total (2013–2024),Brasil,Clima | Deslocamento,Relativa e sazonal,ADEQUACAO_NACIONAL,ADL BIC; datas comuns; I12,variação logarítmica percentual de I,0.9197702639599138,0.07675350947061037,0.04069884693763671,0.09801152757852773,0.6606093526468422,0.6288612415039383,-0.21192836377929236,0.9630705274162668,0.13334370511813487,2021-03-01,True,True,Sem indicação de não estacionariedade,Sem indicação de não estacionariedade,1.0,1.0,True,4.765421939238763,119.0,115.0,2015-02-01,2024-12-01,-0.012956332019799972,0.11046142954574867,-0.23175916466513713,0.20584650062553717,0.03467946035646373,0.013757604449466682,0.9068326245854028,0.9085880663523259,0.8957963910653998,Sem indicação nos diagnósticos examinados,True,False,200,1.0,1.0,1.0,1.0,1.0
Total (2013–2024),Brasil,Clima | Habitações,Relativa e sazonal,ADEQUACAO_NACIONAL,ADL BIC; datas comuns; I12,variação logarítmica percentual de I,0.952138281838107,0.2052420938671766,0.11761998583617032,0.04621288818158703,0.6853752452500695,0.9101217991600098,-0.17934854317460722,0.9606913326439681,0.12291722932829728,2021-03-01,True,False,Sem indicação de não estacionariedade,Inconclusiva,1.0,1.0,True,0.7080696231303136,119.0,115.0,2015-02-01,2024-12-01,-0.15628804481401132,0.0736235379927501,-0.3021221040728009,-0.010453985555221756,0.02262139019852108,4.506279745600282,0.03591541696472413,0.04779463240953399,0.022822676434886162,Estacionariedade da exposição inconclusiva,False,False,200,0.18418162546012376,1.0,1.0,0.4502461770715624,0.5356929512460743
Pré-pandemia (até jan/2020),Brasil,Total nacional,Diferença simples,ADEQUACAO_NACIONAL,ADL BIC; datas comuns; I12,pontos percentuais de I,0.5935837231122012,0.14611629183469427,0.3820922704620253,0.9548108164974077,0.4025809644188876,0.399135309622645,0.03543939748365217,0.9137735930124621,0.1653375339263089,2016-01-01,False,True,Inconclusiva,Sem indicação de não estacionariedade,3.0,1.0,True,3.3046500535763954,60.0,43.0,2015-02-01,2020-01-01,0.010926730858078366,0.012530489888994039,-0.014343410353559032,0.036196872069715766,0.0009473587139061396,0.760403996874231,0.3880452611103441,0.4544969077528549,0.5121888738253425,Estacionariedade da inadimplência inconclusiva,False,False,200,0.6929379662684715,1.0,1.0,0.7492790828885891,0.8830842652161078
Pré-pandemia (até jan/2020),Brasil,Grupo | Climatológico,Diferença simples,ADEQUACAO_NACIONAL,ADL BIC; datas comuns; I12,pontos percentuais de I,0.37521630563638897,0.05610349544944032,0.470322232284867,0.9370810300279175,0.41821780550590265,0.3002362314551764,0.0648691784387813,0.9148846924974766,0.1686597069639207,2016-01-01,False,True,Inconclusiva,Sem indicação de não estacionariedade,3.0,1.0,True,1.219716448267846,60.0,43.0,2015-02-01,2020-01-01,0.013423873988312181,0.010321931430556066,-0.00739228460865473,0.03424003258527909,0.00012710683512795473,1.691351192945937,0.20035011169104602,0.15356955363658034,0.24892452145031835,Estacionariedade da inadimplência inconclusiva,False,False,200,0.4659304923047582,1.0,1.0,0.5316902372101106,0.6281678343961067
Pré-pandemia (até jan/2020),Brasil,Grupo | Hidrológico,Diferença simples,ADEQUACAO_NACIONAL,ADL BIC; datas comuns; I12,pontos percentuais de I,0.939567062750176,0.09324803546563636,0.12889268621123515,0.7877439157864332,0.32538366443226746,0.25242415079621505,0.014973897009360533,0.8864543415050643,0.15947183139054238,2016-01-01,False,True,Inconclusiva,Sem indicação de não estacionariedade,3.0,1.0,True,3.5288673165830033,60.0,43.0,2015-02-01,2020-01-01,-0.00858573079507272,0.011835341873017116,-0.03245397242558076,0.01528251083543532,0.003945150379116217,0.5262509822003103,0.47211707305893535,0.5267910112030059,0.6510159555741827,Estacionariedade da inadimplência inconclusiva,False,False,200,0.7434914536361187,1.0,1.0,0.8231109550046967,0.9120279883240089
Pré-pandemia (até jan/2020),Brasil,Grupo | Meteorológico,Diferença simples,ADEQUACAO_NACIONAL,ADL BIC; datas comuns; I12,pontos percentuais de I,0.8915974748282407,0.15477039486047892,0.45472859282857436,0.9516541724628822,0.3810679793562217,0.40321842782920664,0.025350166601854362,0.9220200150317621,0.15714334900175184,2016-01-01,False,True,Inconclusiva,Sem indicação de não estacionariedade,3.0,1.0,True,2.3841810533960626,60.0,43.0,2015-02-01,2020-01-01,0.011324085009202003,0.009288603677230865,-0.007408169568388362,0.030056339586792366,-0.0012213270630586932,1.486296229114789,0.2294377189681139,0.27103852439671217,0.3142468617287229,Estacionariedade da inadimplência inconclusiva,False,False,200,0.4881653595066254,1.0,1.0,0.615996646356164,0.7273416661016882
Pré-pandemia (até jan/2020),Brasil,Grupo | Outros,Diferença simples,ADEQUACAO_NACIONAL,ADL BIC; datas comuns; I12,pontos percentuais de I,0.5299189146901251,0.14425497696222897,0.6365583833999864,0.9446779508959929,0.35283515338167487,0.32196747768843204,0.014882629538690392,0.9156689091422827,0.13706929328559142,2016-01-01,False,True,Inconclusiva,Sem indicação de não estacionariedade,3.0,3.0,True,0.9985072122335907,60.0,41.0,2015-02-01,2020-01-01,-0.0077668018520099,0.01526837242747879,-0.03860190552126076,0.023068301817240962,0.00867337786403078,16.33726371565382,3.902138423364199e-07,0.050269922262031974,0.06581662883841202,Estacionariedade da inadimplência inconclusiva,False,False,200,5.7432879112631576e-05,0.0003375922408637661,7.804276846728398e-05,0.4502461770715624,0.5356929512460743
Pré-pandemia (até jan/2020),Brasil,Tipologia | Alagamentos,Diferença simples,ADEQUACAO_NACIONAL,ADL BIC; datas comuns; I12,pontos percentuais de I,0.24449823752920485,0.06480527871035777,0.2277912967416286,0.81383669790155,0.5503824651981846,0.568247408712223,-0.005571108871534338,0.8961730577980862,0.20506668006111392,2017-06-01,False,True,Inconclusiva,Sem indicação de não estacionariedade,3.0,2.0,True,1.799429952451888,60.0,42.0,2015-02-01,2020-01-01,0.03286815390882638,0.017218126769405158,-0.00187943268131862,0.06761574049897137,0.01370502351123587,2.732636582085984,0.07661951910595866,0.10685946594232879,0.27784365516690984,Estacionariedade da inadimplência inconclusiva,False,False,200,0.2711369639137657,1.0,1.0,0.4749309597436835,0.6776674516266095
Pré-pandemia (até jan/2020),Brasil,Tipologia | Chuvas Intensas,Diferença simples,ADEQUACAO_NACIONAL,ADL BIC; datas comuns; I12,pontos percentuais de I,0.983824737151097,0.06925208472025246,0.19272500359705524,0.8032505670129506,0.32362135667016984,0.23013505817790544,0.007615187024911801,0.8899637191187494,0.15638935293031905,2016-01-01,False,True,Inconclusiva,Sem indicação de não estacionariedade,3.0,1.0,True,3.1927666031949826,60.0,43.0,2015-02-01,2020-01-01,-0.008769195725287993,0.006965938614145724,-0.022817349788735557,0.005278958338159568,0.0026062396117145607,1.5847481043223925,0.21486970921288048,0.4241923458042142,0.5468875006823463,Estacionariedade da inadimplência inconclusiva,False,False,200,0.48798755112218833,1.0,1.0,0.7483399017863832,0.8863471042449718
Pré-pandemia (até jan/2020),Brasil,Tipologia | Doenças infecciosas,Diferença simples,ADEQUACAO_NACIONAL,ADL BIC; datas comuns; I12,pontos percentuais de I,0.47309825792149585,0.09504330913882113,0.499837725016805,0.9899535343237211,0.3326096427214753,0.2924459931082386,-0.00883982864365082,0.8900245750899974,0.18709031343628085,2019-03-01,False,True,Inconclusiva,Sem indicação de não estacionariedade,3.0,1.0,True,2.8303331016453086,60.0,43.0,2015-02-01,2020-01-01,-0.008944541748729294,0.012327347869866242,-0.033805008035056275,0.01591592453759769,-0.009375013008073377,0.5264739506307919,0.4720238034756232,0.3440122466376352,0.55851708881264,Estacionariedade da inadimplência inconclusiva,False,False,200,0.7434914536361187,1.0,1.0,0.7063244870245705,0.8863471042449718
Pré-pandemia (até jan/2020),Brasil,Tipologia | Enxurradas,Diferença simples,ADEQUACAO_NACIONAL,ADL BIC; datas comuns; I12,pontos percentuais de I,0.7605180738852471,0.09643010193785291,0.2437877415895739,0.5628399368703749,0.2992540456658915,0.19226047935976442,0.003356952681318548,0.8737910051564892,0.15192773120374192,2016-01-01,False,True,Inconclusiva,Sem indicação de não estacionariedade,3.0,1.0,True,1.9133771978911938,60.0,43.0,2015-02-01,2020-01-01,-0.012655151069721352,0.00852058868215105,-0.02983855579784426,0.004528253658401557,0.002679951427393556,2.2059489910696377,0.14477421414545963,0.21387305171325094,0.32594573074061733,Estacionariedade da inadimplência inconclusiva,False,False,200,0.37121593370630673,1.0,1.0,0.5703281379020025,0.7273416661016882
Pré-pandemia (até jan/2020),Brasil,Tipologia | Erosão,Diferença simples,ADEQUACAO_NACIONAL,ADL BIC; datas comuns; I12,pontos percentuais de I,0.5637628680611861,0.0831421363541058,0.46704455278685075,0.9335308782418696,0.3666826739796252,0.20656123487302713,0.02122635746686964,0.9018093257754851,0.1620425373145729,2017-06-01,False,True,Inconclusiva,Sem indicação de não estacionariedade,3.0,1.0,True,4.068339791875658,60.0,43.0,2015-02-01,2020-01-01,-0.0016720909644692104,0.008906542612169263,-0.019633845972521168,0.016289664043582747,0.008602397197638804,0.03524532341092229,0.8519656479658682,0.8920385314020105,0.9203772241470782,Estacionariedade da inadimplência inconclusiva,False,False,200,0.9813176060890998,1.0,1.0,1.0,1.0
Pré-pandemia (até jan/2020),Brasil,Tipologia | Estiagem e Seca,Diferença simples,ADEQUACAO_NACIONAL,ADL BIC; datas comuns; I12,pontos percentuais de I,0.4089932477195598,0.07331876407268881,0.4805317664214549,0.9410779362515589,0.3987361895630871,0.28305098674161794,0.05543504929855379,0.9142647874263197,0.18350808129131402,2016-01-01,False,True,Inconclusiva,Sem indicação de não estacionariedade,3.0,1.0,True,2.1476767543960165,60.0,43.0,2015-02-01,2020-01-01,0.009889039205428624,0.009100730067566768,-0.008464332129111383,0.02824241053996863,0.0015798010868171078,1.1807439555729617,0.28325849407925036,0.24026662349258096,0.35510159932324836,Estacionariedade da inadimplência inconclusiva,False,False,200,0.5665169881585007,1.0,1.0,0.5860161548599536,0.7273416661016882
Pré-pandemia (até jan/2020),Brasil,Tipologia | Granizo,Diferença simples,ADEQUACAO_NACIONAL,ADL BIC; datas comuns; I12,pontos percentuais de I,0.6286347626896662,0.10010737870648298,0.38769596327952077,0.9755098771179596,0.37082691735162715,0.39823069374733455,0.020689177381257758,0.9091546728533643,0.15890476335295275,2016-01-01,False,True,Inconclusiva,Sem indicação de não estacionariedade,3.0,1.0,True,3.855382217386378,60.0,43.0,2015-02-01,2020-01-01,0.0033478325233512775,0.007932614461166623,-0.01264980917996528,0.019345474226667835,-0.001214371917542336,0.1781126452142273,0.6751029202482168,0.6807548361367622,0.7384034016390199,Estacionariedade da inadimplência inconclusiva,False,False,200,0.8824874774486494,1.0,1.0,0.898699767233897,0.9589654566740518
Pré-pandemia (até jan/2020),Brasil,Tipologia | Incêndio Florestal,Diferença simples,ADEQUACAO_NACIONAL,ADL BIC; datas comuns; I12,pontos percentuais de I,0.5214736524099954,0.025446122733935966,0.44356968518193746,0.9586844772696053,0.3802707344610265,0.33508427510793054,0.004412643608699405,0.8974603775876201,0.23689784496047997,2016-01-01,False,True,Inconclusiva,Sem indicação de não estacionariedade,3.0,1.0,True,3.634265065489231,60.0,43.0,2015-02-01,2020-01-01,0.005524394055738158,0.008307929034931875,-0.011230141620747296,0.022278929732223614,-0.009159854515095621,0.442164368337816,0.5096304927111208,0.5680746572831039,0.7227613367651693,Estacionariedade da inadimplência inconclusiva; Autocorrelação até 12 meses; Influência material de um mês,False,False,200,0.7840469118632628,1.0,1.0,0.8496381534527986,0.9447860611309402
Pré-pandemia (até jan/2020),Brasil,Tipologia | Inundações,Diferença simples,ADEQUACAO_NACIONAL,ADL BIC; datas comuns; I12,pontos percentuais de I,0.3185512516399069,0.07173320438749486,0.3203028216155048,0.9858957163745593,0.4016033065848363,0.2417542517345823,0.0054660600531744544,0.912879263158096,0.16386415706950017,2016-01-01,False,True,Inconclusiva,Sem indicação de não estacionariedade,3.0,1.0,True,3.434272523323571,60.0,43.0,2015-02-01,2020-01-01,0.007269801973907016,0.010350881971468192,-0.013604740953080806,0.02814434490089484,0.0005364797460258638,0.49327652641224284,0.4862541018996428,0.49409870720748034,0.598284295365356,Estacionariedade da inadimplência inconclusiva,False,False,200,0.753882328526578,1.0,1.0,0.7817214643661429,0.8863471042449718
Pré-pandemia (até jan/2020),Brasil,Tipologia | Movimento de Massa,Diferença simples,ADEQUACAO_NACIONAL,ADL BIC; datas comuns; I12,pontos percentuais de I,0.5849071876825106,0.11285947275650796,0.4663923238261596,0.9808133292462975,0.37664452734217924,0.2524226385422316,0.014996125138416779,0.9091683566863726,0.1695380016470113,2016-01-01,False,True,Inconclusiva,Sem indicação de não estacionariedade,3.0,1.0,True,3.6770069455661343,60.0,43.0,2015-02-01,2020-01-01,0.00587428006926014,0.011679348043255867,-0.017679370021640717,0.029427930160160994,-0.004804959610712155,0.25297179137360903,0.617556875999579,0.5866308931285742,0.7020873391228201,Estacionariedade da inadimplência inconclusiva,False,False,200,0.8459683232870945,1.0,1.0,0.8496381534527986,0.93611645216376
Pré-pandemia (até jan/2020),Brasil,Tipologia | Onda de Calor e Baixa Umidade,Diferença simples,ADEQUACAO_NACIONAL,ADL BIC; datas comuns; I12,pontos percentuais de I,,,,,,,,,,,,,,,,,,,,,,,,,,,,,,,,Excluído: ausente/constante/raro,False,,200,1.0,1.0,1.0,1.0,1.0
Pré-pandemia (até jan/2020),Brasil,Tipologia | Onda de Frio,Diferença simples,ADEQUACAO_NACIONAL,ADL BIC; datas comuns; I12,pontos percentuais de I,0.36910350797387603,0.09286202714285949,0.42932234162860244,0.8814258807096442,0.3690927270798183,0.2066016966604217,0.02366432420764381,0.8929072005263602,0.16256195812349708,2016-01-01,False,True,Inconclusiva,Sem indicação de não estacionariedade,3.0,1.0,True,2.573517725352602,60.0,43.0,2015-02-01,2020-01-01,0.0168025681190631,0.007869924758603576,0.0009313522498773513,0.03267378398824885,-0.0002539844250559996,4.558376248295031,0.03849701879422232,0.2992903217027515,0.2283302986786116,Estacionariedade da inadimplência inconclusiva,False,False,200,0.18551418106460196,1.0,1.0,0.6455546458121539,0.6008692070489778
Pré-pandemia (até jan/2020),Brasil,Tipologia | Outros,Diferença simples,ADEQUACAO_NACIONAL,ADL BIC; datas comuns; I12,pontos percentuais de I,0.7112199229806007,0.019081629513798277,0.4051155636654167,0.8140119063628315,0.44305244516066206,0.7069910330364428,0.011259001889979777,0.9135657453740705,0.16902143753416896,2017-06-01,False,True,Inconclusiva,Sem indicação de não estacionariedade,3.0,2.0,True,2.7249600156054754,60.0,42.0,2015-02-01,2020-01-01,-0.041626758371146065,0.014784513058434208,-0.0714631136594525,-0.011790403082839632,-0.009844899386747603,4.334560054038795,0.019436787336563704,0.1477394265908551,0.20571721712358992,Estacionariedade da inadimplência inconclusiva; Autocorrelação até 12 meses,False,False,200,0.14951374874279771,0.8788464422798187,1.0,0.5316902372101106,0.5994232910967104
Pré-pandemia (até jan/2020),Brasil,Tipologia | Rompimento/Colapso de barragens,Diferença simples,ADEQUACAO_NACIONAL,ADL BIC; datas comuns; I12,pontos percentuais de I,,,,,,,,,,,,,,,,,,,,,,,,,,,,,,,,Excluído: ausente/constante/raro,False,,200,1.0,1.0,1.0,1.0,1.0
Pré-pandemia (até jan/2020),Brasil,Tipologia | Tornado,Diferença simples,ADEQUACAO_NACIONAL,ADL BIC; datas comuns; I12,pontos percentuais de I,0.5356898997758479,0.13487089722075252,0.4921883125975557,0.888010302275831,0.38930614055419666,0.7022208991326889,-0.013848268190151086,0.9263951451390816,0.17480910245181888,2017-06-01,False,True,Inconclusiva,Sem indicação de não estacionariedade,3.0,1.0,True,0.18223102051713624,60.0,43.0,2015-02-01,2020-01-01,0.021695729688804778,0.00950384226259603,0.002529405135135651,0.040862054242473904,0.006232175879355435,5.211348097563596,0.027444314764816728,0.09595924744943596,0.16664439508480444,Estacionariedade da inadimplência inconclusiva,False,False,200,0.1614371456753925,0.9489325384563472,1.0,0.4749309597436835,0.5602997705216426
Pré-pandemia (até jan/2020),Brasil,Tipologia | Vendavais e Ciclones,Diferença simples,ADEQUACAO_NACIONAL,ADL BIC; datas comuns; I12,pontos percentuais de I,0.9212831524329358,0.3526264923737287,0.19701862329207936,0.46577247561929924,0.4359304390254519,0.16567112039277587,-0.02374021145244097,0.9140896190668705,0.13923618431562246,2016-01-01,False,True,Inconclusiva,Sem indicação de não estacionariedade,3.0,2.0,True,2.3521366161400152,60.0,42.0,2015-02-01,2020-01-01,-0.036386402462967475,0.014261441338356187,-0.06516715628372269,-0.007605648642212269,0.004717335083544001,11.186591312143944,0.00012747660585602627,0.12966599838264167,0.13812774562071542,Estacionariedade da inadimplência inconclusiva,False,False,200,0.006644999392614798,0.03905951208003798,0.025240367959493203,0.5285281087483371,0.5602997705216426
Pré-pandemia (até jan/2020),Brasil,Clima | Protocolos,Diferença simples,ADEQUACAO_NACIONAL,ADL BIC; datas comuns; I12,pontos percentuais de I,0.5562194241789475,0.14311693845229495,0.38472900366732093,0.9568058362007924,0.40333059496449214,0.39862363855711097,0.03549758116551986,0.913786648549784,0.16527203657805326,2016-01-01,False,True,Inconclusiva,Sem indicação de não estacionariedade,3.0,1.0,True,3.2516214542607287,60.0,43.0,2015-02-01,2020-01-01,0.010957878064944646,0.01251763627152153,-0.014286341356604086,0.036202097486493376,0.0008521411263924007,0.7663166663204362,0.38622272140515035,0.43973323784912843,0.48438316808625265,Estacionariedade da inadimplência inconclusiva,False,False,200,0.6929379662684715,1.0,1.0,0.7483399017863832,0.8711245408963318
Pré-pandemia (até jan/2020),Brasil,Clima | Municípios,Diferença simples,ADEQUACAO_NACIONAL,ADL BIC; datas comuns; I12,pontos percentuais de I,0.5632193270495658,0.14134053126213214,0.4056701712879825,0.9586083914687337,0.40258563748160253,0.3896016827706139,0.03455662858668971,0.9133405164329914,0.16400858264281176,2016-01-01,False,True,Inconclusiva,Sem indicação de não estacionariedade,3.0,1.0,True,3.277587608453203,60.0,43.0,2015-02-01,2020-01-01,0.010459937525055005,0.012330099864164688,-0.014406078686705973,0.03532595373681598,0.0005741064001278107,0.7196560703895002,0.40095454133521535,0.44686791528753855,0.49226356080069933,Estacionariedade da inadimplência inconclusiva,False,False,200,0.7034290198863428,1.0,1.0,0.7492790828885891,0.8711245408963318
Pré-pandemia (até jan/2020),Brasil,Clima | Deslocamento,Diferença simples,ADEQUACAO_NACIONAL,ADL BIC; datas comuns; I12,pontos percentuais de I,0.6485228925982811,0.1344840778041881,0.25915482191395217,0.8351117640138248,0.3523140682766234,0.24770908681388454,0.02108079325366918,0.8999785913900096,0.1573498376111229,2016-01-01,False,True,Inconclusiva,Sem indicação de não estacionariedade,3.0,1.0,True,3.4251084902545728,60.0,43.0,2015-02-01,2020-01-01,-0.0054214345940126266,0.007207576948994363,-0.01995689880238384,0.009114029614358586,0.0017380972658226994,0.5657829685622108,0.4560374381644236,0.49111605216144744,0.5919544889541908,Estacionariedade da inadimplência inconclusiva,False,False,200,0.7434914536361187,1.0,1.0,0.7817214643661429,0.8863471042449718
Pré-pandemia (até jan/2020),Brasil,Clima | Habitações,Diferença simples,ADEQUACAO_NACIONAL,ADL BIC; datas comuns; I12,pontos percentuais de I,0.650084845622043,0.19905060652012005,0.3859690619642036,0.6552934301867339,0.29994807444684113,0.3344915911421054,0.040331320296877624,0.8754677607461198,0.15584038649188978,2015-10-01,False,True,Inconclusiva,Sem indicação de não estacionariedade,3.0,1.0,False,0.0,60.0,43.0,2015-02-01,2020-01-01,-0.012081292716549404,0.003997901268986597,-0.02014382901899769,-0.004018756414101116,-0.00368999353734438,9.131932327280298,0.004219963659750413,0.03605090983980669,0.07227837649682332,Estacionariedade da inadimplência inconclusiva,False,False,200,0.05481515540838672,0.3222051799165837,0.7849132407135769,0.4502461770715624,0.5356929512460743
Pré-pandemia (até jan/2020),Brasil,Total nacional,Variação relativa,ADEQUACAO_NACIONAL,ADL BIC; datas comuns; I12,variação logarítmica percentual de I,0.4512215258942398,0.11525953288524196,0.29375283082034803,0.9419177630703843,0.40121621207579256,0.3022111118137023,0.04542414144909066,0.9114840722208343,0.1786261888677232,2016-01-01,False,True,Inconclusiva,Sem indicação de não estacionariedade,3.0,1.0,True,3.716236622083386,60.0,43.0,2015-02-01,2020-01-01,0.19389159919608778,0.3345765699174215,-0.4808463594007788,0.8686295577929544,0.021381516610024798,0.3358357586189996,0.5652668416392834,0.6047799351360476,0.6480970851578696,Estacionariedade da inadimplência inconclusiva,False,False,200,0.8075240594846906,1.0,1.0,0.8496381534527986,0.9120279883240089
Pré-pandemia (até jan/2020),Brasil,Grupo | Climatológico,Variação relativa,ADEQUACAO_NACIONAL,ADL BIC; datas comuns; I12,variação logarítmica percentual de I,0.3051596491986615,0.03134452846383512,0.3885686006299727,0.9131599718998515,0.41738215987980376,0.25414627111611765,0.06610162693383104,0.9126289995840752,0.1801448227753943,2016-01-01,False,True,Inconclusiva,Sem indicação de não estacionariedade,3.0,1.0,True,2.3514867209315184,60.0,43.0,2015-02-01,2020-01-01,0.2702048124209442,0.26894776164192064,-0.2721800404821013,0.8125896653239897,-0.0008777799138530717,1.0093697636534136,0.3206742423656621,0.2665056217438398,0.3587250215718772,Estacionariedade da inadimplência inconclusiva; Autocorrelação até 12 meses,False,False,200,0.6180397292753249,1.0,1.0,0.6126566017099765,0.7273416661016882
Pré-pandemia (até jan/2020),Brasil,Grupo | Hidrológico,Variação relativa,ADEQUACAO_NACIONAL,ADL BIC; datas comuns; I12,variação logarítmica percentual de I,0.9109320781188792,0.1600281744139541,0.1017591122554796,0.639130048760248,0.32334267151660817,0.2249392539717136,0.02591813835831612,0.8843120350754035,0.1739518186041686,2016-01-01,False,True,Inconclusiva,Sem indicação de não estacionariedade,3.0,1.0,True,3.2166562050142034,60.0,43.0,2015-02-01,2020-01-01,-0.26923603938858776,0.29327554320635585,-0.8606825395971482,0.32221046081997273,0.10599820592336712,0.8427809118481062,0.3637234948127655,0.4303985169623217,0.5681744568002722,Estacionariedade da inadimplência inconclusiva,False,False,200,0.6735620274310472,1.0,1.0,0.7483399017863832,0.8863471042449718
Pré-pandemia (até jan/2020),Brasil,Grupo | Meteorológico,Variação relativa,ADEQUACAO_NACIONAL,ADL BIC; datas comuns; I12,variação logarítmica percentual de I,0.7467824091559239,0.1859315335341608,0.3997170385007322,0.9292155425855905,0.3911514157323452,0.35427341808548646,0.0408543982570388,0.9238276932347815,0.1731301540862434,2016-01-01,False,True,Inconclusiva,Sem indicação de não estacionariedade,3.0,1.0,True,2.2115661796167387,60.0,43.0,2015-02-01,2020-01-01,0.30166602829458733,0.24547789041149484,-0.19338731838117695,0.7967193749703516,-0.03394056218788677,1.5101776761774968,0.22579496759054604,0.24813599694263702,0.30067778426471303,Estacionariedade da inadimplência inconclusiva,False,False,200,0.4881653595066254,1.0,1.0,0.5979180649220169,0.7158994863445549
Pré-pandemia (até jan/2020),Brasil,Grupo | Outros,Variação relativa,ADEQUACAO_NACIONAL,ADL BIC; datas comuns; I12,variação logarítmica percentual de I,0.49879377301548355,0.2128657539192193,0.5859867676815093,0.9509665898403364,0.35989724519798816,0.32352043509674694,0.02852931060758721,0.9176237460807177,0.14932838198367193,2016-01-01,False,True,Inconclusiva,Sem indicação de não estacionariedade,3.0,3.0,True,0.21100207099561885,60.0,41.0,2015-02-01,2020-01-01,-0.3260712995836977,0.37038208335497835,-1.0740730916365093,0.4219304924691139,0.22298575382102664,15.76607493120379,5.743287911263158e-07,0.0393568213963501,0.061921667850195386,Estacionariedade da inadimplência inconclusiva,False,False,200,5.7432879112631576e-05,0.0003375922408637661,0.00011429142943413684,0.4502461770715624,0.5356929512460743
Pré-pandemia (até jan/2020),Brasil,Tipologia | Alagamentos,Variação relativa,ADEQUACAO_NACIONAL,ADL BIC; datas comuns; I12,variação logarítmica percentual de I,0.1811323933787613,0.11964444638027075,0.24357015851931854,0.722251538469536,0.5662051110460316,0.4731146639101708,0.002784140034742101,0.8948862872132893,0.1631158109478437,2017-06-01,False,True,Inconclusiva,Sem indicação de não estacionariedade,3.0,2.0,True,0.8106245518400783,60.0,42.0,2015-02-01,2020-01-01,0.8350909117473522,0.4520661385546821,-0.07721549093363944,1.7473973144283437,0.3044452173187935,2.941519803494593,0.06374104157196887,0.07559821551218099,0.2557651078875029,Estacionariedade da inadimplência inconclusiva,False,False,200,0.24515785219988026,1.0,1.0,0.47416497306172317,0.6315187849074145
Pré-pandemia (até jan/2020),Brasil,Tipologia | Chuvas Intensas,Variação relativa,ADEQUACAO_NACIONAL,ADL BIC; datas comuns; I12,variação logarítmica percentual de I,0.9318542201100607,0.12770606325782344,0.1471519231910817,0.7392548041235356,0.32517169484672714,0.2005618787653228,0.019032051076151586,0.8904443205473196,0.17176694621423652,2016-01-01,False,True,Inconclusiva,Sem indicação de não estacionariedade,3.0,1.0,True,2.9455828694867137,60.0,43.0,2015-02-01,2020-01-01,-0.2502872252859307,0.1860163378308105,-0.6254249227182538,0.12485047214639239,0.07078737465351925,1.8104026946005771,0.18551250293346522,0.36700570581175085,0.4965409883109091,Estacionariedade da inadimplência inconclusiva,False,False,200,0.4470180793577475,1.0,1.0,0.7071726389644085,0.8711245408963318
Pré-pandemia (até jan/2020),Brasil,Tipologia | Doenças infecciosas,Variação relativa,ADEQUACAO_NACIONAL,ADL BIC; datas comuns; I12,variação logarítmica percentual de I,0.3278191178084389,0.1335144801957604,0.4174097157467798,0.9928966940881625,0.3386664403894062,0.24490915510169997,0.002897033612156346,0.8908035276496346,0.21340936734136934,2019-03-01,False,True,Inconclusiva,Sem indicação de não estacionariedade,3.0,1.0,True,2.6821311015746687,60.0,43.0,2015-02-01,2020-01-01,-0.2420216440076592,0.3266603933207208,-0.9007951110142496,0.41675182299893115,-0.2561670369114816,0.5489280859849093,0.46278297098477117,0.31721128419451794,0.541212526463724,Estacionariedade da inadimplência inconclusiva,False,False,200,0.7434914536361187,1.0,1.0,0.6608568420719124,0.8863471042449718
Pré-pandemia (até jan/2020),Brasil,Tipologia | Enxurradas,Variação relativa,ADEQUACAO_NACIONAL,ADL BIC; datas comuns; I12,variação logarítmica percentual de I,0.6606238892709654,0.174758196922583,0.20345327219345466,0.44529782110198013,0.30403147294054406,0.1677240372708484,0.01398591502019067,0.8735913427184318,0.16786802665795386,2016-01-01,False,True,Inconclusiva,Sem indicação de não estacionariedade,3.0,1.0,True,1.6294271255067088,60.0,43.0,2015-02-01,2020-01-01,-0.3415006608723327,0.21857099702701044,-0.7822910855541525,0.09928976380948712,0.07229956757022421,2.4411700340944127,0.1255185954691018,0.18635840288355213,0.2983675070283461,Estacionariedade da inadimplência inconclusiva,False,False,200,0.3392394472137886,1.0,1.0,0.5562937399509018,0.7158994863445549
Pré-pandemia (até jan/2020),Brasil,Tipologia | Erosão,Variação relativa,ADEQUACAO_NACIONAL,ADL BIC; datas comuns; I12,variação logarítmica percentual de I,0.4720976365080992,0.1036367517268506,0.4098951585909257,0.8974755407779615,0.3751178552159192,0.20045410356323118,0.03668259328584387,0.9033173903325632,0.17569554821219466,2016-01-01,False,True,Inconclusiva,Sem indicação de não estacionariedade,3.0,1.0,True,4.0939695287223685,60.0,43.0,2015-02-01,2020-01-01,-0.005141432448465544,0.21379746722576567,-0.4363051168173335,0.42602225192040244,-0.017940569876066723,0.000578313268039907,0.9809254602421704,0.9869956177383343,0.9902564111563347,Estacionariedade da inadimplência inconclusiva,False,False,200,1.0,1.0,1.0,1.0,1.0
Pré-pandemia (até jan/2020),Brasil,Tipologia | Estiagem e Seca,Variação relativa,ADEQUACAO_NACIONAL,ADL BIC; datas comuns; I12,variação logarítmica percentual de I,0.34008175345866376,0.04935205529822814,0.3945110805025512,0.9177735528340457,0.4000441343848959,0.2398929589222321,0.05892291973542563,0.9118785638607354,0.19159460227491068,2016-01-01,False,True,Inconclusiva,Sem indicação de não estacionariedade,3.0,1.0,True,3.0742030914489646,60.0,43.0,2015-02-01,2020-01-01,0.18502631983017948,0.23650163787669606,-0.2919246883803571,0.6619773280407161,0.03849670007209144,0.6120666493951005,0.43829794125352306,0.39527203170440633,0.4941973247217,Estacionariedade da inadimplência inconclusiva; Autocorrelação até 12 meses,False,False,200,0.7244594070306166,1.0,1.0,0.7319852438970487,0.8711245408963318
Pré-pandemia (até jan/2020),Brasil,Tipologia | Granizo,Variação relativa,ADEQUACAO_NACIONAL,ADL BIC; datas comuns; I12,variação logarítmica percentual de I,0.4873151604603625,0.11445212170853278,0.3439667543323166,0.9624958203469655,0.37920883739509675,0.3190454659683655,0.035881632843976906,0.9094634991612728,0.17565085065067468,2016-01-01,False,True,Inconclusiva,Sem indicação de não estacionariedade,3.0,1.0,True,3.92628241918419,60.0,43.0,2015-02-01,2020-01-01,0.07163417555869972,0.20743656550953404,-0.34670152793898906,0.4899698790563885,-0.03630989696880655,0.11925316313004786,0.7315295774174485,0.7300643223948275,0.7806263824973139,Estacionariedade da inadimplência inconclusiva,False,False,200,0.9144119717718106,1.0,1.0,0.9276435603327994,0.9757829781216423
Pré-pandemia (até jan/2020),Brasil,Tipologia | Incêndio Florestal,Variação relativa,ADEQUACAO_NACIONAL,ADL BIC; datas comuns; I12,variação logarítmica percentual de I,0.37977530883141464,0.03298744076520792,0.35238937810760174,0.9279493074527553,0.3893631708798176,0.2975212768182527,0.016847242205278723,0.8978716448555454,0.26380173473508073,2016-01-01,False,True,Inconclusiva,Sem indicação de não estacionariedade,3.0,1.0,True,3.584924908747439,60.0,43.0,2015-02-01,2020-01-01,0.14866832374063157,0.20210008865929552,-0.25890534852182134,0.5562419960030844,-0.2506277615956036,0.5411328280115135,0.4659574055036883,0.5480251819881468,0.7115506139288236,Estacionariedade da inadimplência inconclusiva; Autocorrelação até 12 meses; Influência material de um mês,False,False,200,0.7434914536361187,1.0,1.0,0.8431156645971488,0.9424511442765875
Pré-pandemia (até jan/2020),Brasil,Tipologia | Inundações,Variação relativa,ADEQUACAO_NACIONAL,ADL BIC; datas comuns; I12,variação logarítmica percentual de I,0.2858783604558046,0.07560835842073665,0.25699413569989943,0.9634525057704929,0.3993495094902211,0.17650974248844883,0.026767658217495743,0.9108822189962641,0.1782896021923482,2016-01-01,False,True,Inconclusiva,Sem indicação de não estacionariedade,3.0,1.0,True,3.8023302270395334,60.0,43.0,2015-02-01,2020-01-01,0.12345010687870922,0.25415812920745123,-0.389108609664295,0.6360088234217134,0.016399172590111977,0.23592552509768475,0.6296304865799521,0.6492406770268433,0.7179210939237864,Estacionariedade da inadimplência inconclusiva,False,False,200,0.8465969828440085,1.0,1.0,0.877352266252491,0.9446330183207716
Pré-pandemia (até jan/2020),Brasil,Tipologia | Movimento de Massa,Variação relativa,ADEQUACAO_NACIONAL,ADL BIC; datas comuns; I12,variação logarítmica percentual de I,0.4540697951052389,0.11085567675082435,0.37484286704358155,0.9518342493923827,0.3811069022699995,0.21461664798701505,0.03343315251100058,0.9069236557391649,0.19494938631845854,2016-01-01,False,True,Inconclusiva,Sem indicação de não estacionariedade,3.0,1.0,True,3.9810240697891572,60.0,43.0,2015-02-01,2020-01-01,0.07781471813581663,0.3140076517658207,-0.555442063678161,0.7110714999497942,-0.1309858898430326,0.06141055680011068,0.8054597983753904,0.7769259180957996,0.8434388392563891,Estacionariedade da inadimplência inconclusiva,False,False,200,0.9704334920185427,1.0,1.0,0.9591678001182711,1.0
Pré-pandemia (até jan/2020),Brasil,Tipologia | Onda de Calor e Baixa Umidade,Variação relativa,ADEQUACAO_NACIONAL,ADL BIC; datas comuns; I12,variação logarítmica percentual de I,,,,,,,,,,,,,,,,,,,,,,,,,,,,,,,,Excluído: ausente/constante/raro,False,,200,1.0,1.0,1.0,1.0,1.0
Pré-pandemia (até jan/2020),Brasil,Tipologia | Onda de Frio,Variação relativa,ADEQUACAO_NACIONAL,ADL BIC; datas comuns; I12,variação logarítmica percentual de I,0.267101140926262,0.08253999094119557,0.36059324474283366,0.8799480898936093,0.3751375576401291,0.1678839713195354,0.038603714609845255,0.8950483860689985,0.17926737524330735,2016-01-01,False,True,Inconclusiva,Sem indicação de não estacionariedade,3.0,1.0,True,2.628302993234911,60.0,43.0,2015-02-01,2020-01-01,0.4191068965162294,0.1877835467947617,0.04040528255190046,0.7978085104805583,-0.0019238948898334107,4.981206422934642,0.030887269060875647,0.3081606150990155,0.22680124213073832,Estacionariedade da inadimplência inconclusiva,False,False,200,0.17159593922708694,1.0,1.0,0.6487591896821379,0.6008692070489778
Pré-pandemia (até jan/2020),Brasil,Tipologia | Outros,Variação relativa,ADEQUACAO_NACIONAL,ADL BIC; datas comuns; I12,variação logarítmica percentual de I,0.7703759956135875,0.02737788233175135,0.3989156279629847,0.7953996328544861,0.46093464000241946,0.645737652507611,0.017042101473249242,0.917500069298963,0.1557500785681933,2016-01-01,False,True,Inconclusiva,Sem indicação de não estacionariedade,3.0,2.0,True,0.9939553663347169,60.0,42.0,2015-02-01,2020-01-01,-1.2110582251983686,0.36942146868807163,-1.9565809317860827,-0.46553551861065434,0.11161082774995901,6.070781964066948,0.004831571041816651,0.08060804542049295,0.12004595792655678,Estacionariedade da inadimplência inconclusiva; Autocorrelação até 12 meses,False,False,200,0.05632956099546962,0.331106902825465,0.8890090716942637,0.47416497306172317,0.5602997705216426
Pré-pandemia (até jan/2020),Brasil,Tipologia | Rompimento/Colapso de barragens,Variação relativa,ADEQUACAO_NACIONAL,ADL BIC; datas comuns; I12,variação logarítmica percentual de I,,,,,,,,,,,,,,,,,,,,,,,,,,,,,,,,Excluído: ausente/constante/raro,False,,200,1.0,1.0,1.0,1.0,1.0
Pré-pandemia (até jan/2020),Brasil,Tipologia | Tornado,Variação relativa,ADEQUACAO_NACIONAL,ADL BIC; datas comuns; I12,variação logarítmica percentual de I,0.4149289997366965,0.13434237068347546,0.5034447262970037,0.8705550911929449,0.39908989367606595,0.5715418494670638,-0.001457418397290362,0.9265214950095275,0.16231084951482994,2016-01-01,False,True,Inconclusiva,Sem indicação de não estacionariedade,3.0,1.0,True,0.1783469307492851,60.0,43.0,2015-02-01,2020-01-01,0.5513417659160988,0.2523491941229665,0.04243111464688443,1.0602524171853132,-0.1793881418680825,4.773511152521428,0.034398278631217964,0.09579445015289813,0.17053944707331653,Estacionariedade da inadimplência inconclusiva,False,False,200,0.18326687006572742,1.0,1.0,0.4749309597436835,0.5602997705216426
Pré-pandemia (até jan/2020),Brasil,Tipologia | Vendavais e Ciclones,Variação relativa,ADEQUACAO_NACIONAL,ADL BIC; datas comuns; I12,variação logarítmica percentual de I,0.9560292629030618,0.527911270275806,0.1113384362645054,0.26964018969367276,0.4552440311674578,0.14220189945730455,-0.002201270318326189,0.9172158105055832,0.1548723446327803,2016-01-01,False,True,Inconclusiva,Sem indicação de não estacionariedade,3.0,2.0,True,2.093013253430968,60.0,42.0,2015-02-01,2020-01-01,-0.8600724707300339,0.3605627529087086,-1.5877175650929467,-0.1324273763671212,0.13792644820636035,10.313017223273523,0.0002271861935091456,0.11842368256682068,0.1414409295607739,Estacionariedade da inadimplência inconclusiva,False,False,200,0.00757287311697152,0.044513582547755504,0.04430130773428339,0.5148855763774812,0.5602997705216426
Pré-pandemia (até jan/2020),Brasil,Clima | Protocolos,Variação relativa,ADEQUACAO_NACIONAL,ADL BIC; datas comuns; I12,variação logarítmica percentual de I,0.42474894494628823,0.11415613968816442,0.29582662201707094,0.9464199511524167,0.40251164001952516,0.3043768020654544,0.04553835968414411,0.911721306158777,0.17865091517973775,2016-01-01,False,True,Inconclusiva,Sem indicação de não estacionariedade,3.0,1.0,True,3.671775866141388,60.0,43.0,2015-02-01,2020-01-01,0.19933223926764387,0.3351372428589998,-0.47653642407682184,0.8752009026121096,0.019176782934439585,0.3537607991270014,0.5551089852339101,0.5842950543698798,0.616898554317875,Estacionariedade da inadimplência inconclusiva,False,False,200,0.804505775701319,1.0,1.0,0.8496381534527986,0.9005818311209853
Pré-pandemia (até jan/2020),Brasil,Clima | Municípios,Variação relativa,ADEQUACAO_NACIONAL,ADL BIC; datas comuns; I12,variação logarítmica percentual de I,0.4296781575092703,0.11246232295595585,0.31550946681307634,0.9471233109925653,0.4014211840713284,0.29653928671764246,0.04453996312147258,0.9112045963781554,0.17760874607086266,2016-01-01,False,True,Inconclusiva,Sem indicação de não estacionariedade,3.0,1.0,True,3.7035205176773047,60.0,43.0,2015-02-01,2020-01-01,0.1859419505512825,0.3317916404787041,-0.48317966257112277,0.8550635636736877,0.011538700550596387,0.31406814209445016,0.5781028891974193,0.5987702618562416,0.6313335228596313,Estacionariedade da inadimplência inconclusiva,False,False,200,0.809480976634641,1.0,1.0,0.8496381534527986,0.9120279883240089
Pré-pandemia (até jan/2020),Brasil,Clima | Deslocamento,Variação relativa,ADEQUACAO_NACIONAL,ADL BIC; datas comuns; I12,variação logarítmica percentual de I,0.5740468655385048,0.20372324102082165,0.23305880461678305,0.7223974367015722,0.3587133571569895,0.2166059413544374,0.03351250794879472,0.9020075738318456,0.17275183554144033,2016-01-01,False,True,Inconclusiva,Sem indicação de não estacionariedade,3.0,1.0,True,3.2208359931632913,60.0,43.0,2015-02-01,2020-01-01,-0.15501656138901412,0.17684738967950991,-0.5116633126094849,0.20163018983145672,0.04736040803685826,0.7683496368199013,0.385598945289084,0.43149844975807217,0.5272752807969162,Estacionariedade da inadimplência inconclusiva,False,False,200,0.6929379662684715,1.0,1.0,0.7483399017863832,0.8863471042449718
Pré-pandemia (até jan/2020),Brasil,Clima | Habitações,Variação relativa,ADEQUACAO_NACIONAL,ADL BIC; datas comuns; I12,variação logarítmica percentual de I,0.6056388115820645,0.3274982345952345,0.3708553650129319,0.4973665001938349,0.31177823795316467,0.32213574583243126,0.050286036192790255,0.8773186440773263,0.16077834979386912,2016-01-01,False,True,Inconclusiva,Sem indicação de não estacionariedade,3.0,1.0,False,0.0,60.0,43.0,2015-02-01,2020-01-01,-0.3241966572347676,0.09717801016112136,-0.5201747922631832,-0.12821852220635194,0.04502629726650487,11.129638566490163,0.0017588312166477967,0.027702587122138512,0.05752194219347184,Estacionariedade da inadimplência inconclusiva,False,False,200,0.03517662433295593,0.2067692864795568,0.3359367623797292,0.44165101048267524,0.5356929512460743
Pré-pandemia (até jan/2020),Brasil,Total nacional,Diferença sazonal,ADEQUACAO_NACIONAL,ADL BIC; datas comuns; I12,pontos percentuais de I,0.15796780972722166,0.3356443670293621,0.795224008130713,0.503322471561668,0.19451274252291273,0.43660644867781767,-0.09411920161460498,0.9722515199472006,0.13614406068651413,2015-09-01,False,True,Inconclusiva,Sem indicação de não estacionariedade,3.0,1.0,True,1.4113748709980314,60.0,54.0,2015-02-01,2020-01-01,0.019434853031572497,0.011499115852184084,-0.0036194861729463255,0.04248919223609132,0.0027521068610715724,2.8564960159868833,0.09677124684320017,0.12191832988663563,0.13007030493309754,Estacionariedade da inadimplência inconclusiva,False,False,200,0.3121653123974199,1.0,1.0,0.5188014037729176,0.5602997705216426
Pré-pandemia (até jan/2020),Brasil,Grupo | Climatológico,Diferença sazonal,ADEQUACAO_NACIONAL,ADL BIC; datas comuns; I12,pontos percentuais de I,0.22928061932224675,0.24091584992480672,0.46825607549207493,0.2966050618004214,0.18054959110638116,0.7285001699647802,-0.04606403124164267,0.9717080844028014,0.19989635328441996,2015-09-01,False,True,Inconclusiva,Sem indicação de não estacionariedade,3.0,1.0,False,0.0,60.0,54.0,2015-02-01,2020-01-01,0.020512955775016065,0.006095180310806899,0.008292855012107673,0.03273305653792446,0.003538906884251,11.326177724676933,0.0014129432982810273,0.013776911701516454,0.014602428649442155,Estacionariedade da inadimplência inconclusiva,False,False,200,0.031398739961800606,0.18456276522748152,0.27128511326995725,0.44165101048267524,0.5356929512460743
Pré-pandemia (até jan/2020),Brasil,Grupo | Hidrológico,Diferença sazonal,ADEQUACAO_NACIONAL,ADL BIC; datas comuns; I12,pontos percentuais de I,0.42045494030935326,0.23963336009089928,0.9038516316887025,0.7621160422050911,0.23054841884866278,0.6247083381653786,-0.11160319729362769,0.9633215527758795,0.11171789844214182,2015-09-01,False,True,Inconclusiva,Sem indicação de não estacionariedade,3.0,1.0,True,4.092009303302575,60.0,54.0,2015-02-01,2020-01-01,-0.00046681923692343187,0.010284554989121685,-0.02108611052284464,0.020152472048997776,-0.0013224244159065434,0.0020602811047700153,0.9639636391755904,0.9636028289841054,0.9702569247924572,Estacionariedade da inadimplência inconclusiva,False,False,200,1.0,1.0,1.0,1.0,1.0
Pré-pandemia (até jan/2020),Brasil,Grupo | Meteorológico,Diferença sazonal,ADEQUACAO_NACIONAL,ADL BIC; datas comuns; I12,pontos percentuais de I,0.21425357418398447,0.24699012660808864,0.8434540022662348,0.6102687253242514,0.2051442618398495,0.49405783184517404,-0.1225928232042779,0.9689932911295679,0.1164233673747773,2015-09-01,False,True,Inconclusiva,Sem indicação de não estacionariedade,3.0,1.0,True,3.393612715320103,60.0,54.0,2015-02-01,2020-01-01,0.007480699582167462,0.007363882808878068,-0.007282996541996264,0.022244395706331188,0.001188877513743301,1.0319786005144416,0.3142245012832669,0.4292498745423827,0.40947790953001034,Estacionariedade da inadimplência inconclusiva,False,False,200,0.6161264731044449,1.0,1.0,0.7483399017863832,0.7725998293019063
Pré-pandemia (até jan/2020),Brasil,Grupo | Outros,Diferença sazonal,ADEQUACAO_NACIONAL,ADL BIC; datas comuns; I12,pontos percentuais de I,0.23886246140433665,0.2468971786714153,0.8360278035658646,0.8110386395895728,0.23280890369883253,0.7474421068063073,-0.1278712535454017,0.9649839140931915,0.22666275006402803,2015-09-01,False,True,Inconclusiva,Sem indicação de não estacionariedade,3.0,1.0,True,3.706707565757597,60.0,54.0,2015-02-01,2020-01-01,0.0058134412359084585,0.009099610804198806,-0.012430179996001992,0.02405706246781891,-0.008018757357548228,0.40815106900078313,0.5256101067740738,0.5565803439314525,0.6521000116516663,Estacionariedade da inadimplência inconclusiva,False,False,200,0.790391138006126,1.0,1.0,0.8496381534527986,0.9120279883240089
Pré-pandemia (até jan/2020),Brasil,Tipologia | Alagamentos,Diferença sazonal,ADEQUACAO_NACIONAL,ADL BIC; datas comuns; I12,pontos percentuais de I,0.04672482899173467,0.17039197981631693,0.45105517362226066,0.25436528373741213,0.24711627756271126,0.7263694592950664,-0.013190574960238979,0.9289087529799963,0.1818337264849234,2017-06-01,False,True,Inconclusiva,Sem indicação de não estacionariedade,1.0,2.0,True,2.698086041263764,60.0,55.0,2015-02-01,2020-01-01,0.03926380275251751,0.012934436467799498,0.013342612824439042,0.06518499268059597,0.010339646686403386,8.29463084625727,0.0007106522974222922,0.025861831353266695,0.013682031893861595,Estacionariedade da inadimplência inconclusiva; Autocorrelação curta,False,False,200,0.02030435135492263,0.11934960564576681,0.13786654569992468,0.44165101048267524,0.5356929512460743
Pré-pandemia (até jan/2020),Brasil,Tipologia | Chuvas Intensas,Diferença sazonal,ADEQUACAO_NACIONAL,ADL BIC; datas comuns; I12,pontos percentuais de I,0.41000034907013194,0.2267106525165387,0.9020530422358448,0.7859762593382487,0.231355817175936,0.6465422613961446,-0.11382782493857424,0.9628825760912189,0.1081900489743235,2015-09-01,False,True,Inconclusiva,Sem indicação de não estacionariedade,3.0,1.0,True,4.068443566771521,60.0,54.0,2015-02-01,2020-01-01,-0.0013497260070754996,0.005607053119550375,-0.012591190674232275,0.009891738660081277,0.00037438852128399277,0.05794579041450733,0.8106842668548213,0.8792075104834446,0.8904107124623476,Estacionariedade da inadimplência inconclusiva,False,False,200,0.9708793615027801,1.0,1.0,1.0,1.0
Pré-pandemia (até jan/2020),Brasil,Tipologia | Doenças infecciosas,Diferença sazonal,ADEQUACAO_NACIONAL,ADL BIC; datas comuns; I12,pontos percentuais de I,0.6474413342961933,0.2116245183925213,0.7762986738594253,0.8574242692300367,0.2443396007946877,0.5159227256997233,-0.10038888927706918,0.961489689043708,0.21305273686984652,2016-03-01,False,True,Inconclusiva,Sem indicação de não estacionariedade,3.0,1.0,True,3.197843840215853,60.0,54.0,2015-02-01,2020-01-01,-0.008526071020876217,0.009148510353773558,-0.02686772994693081,0.009815587905178377,-0.008310106545345117,0.8685545985945401,0.35550399797983007,0.37126563545631447,0.5520052339834437,Estacionariedade da inadimplência inconclusiva,False,False,200,0.6644934541679066,1.0,1.0,0.7071726389644085,0.8863471042449718
Pré-pandemia (até jan/2020),Brasil,Tipologia | Enxurradas,Diferença sazonal,ADEQUACAO_NACIONAL,ADL BIC; datas comuns; I12,pontos percentuais de I,0.5178711113964831,0.22389970727730119,0.891871255663993,0.8769300178090529,0.23451331595350972,0.7479036591956761,-0.11451499532922162,0.9587725310520724,0.11104244709771009,2015-09-01,False,True,Inconclusiva,Sem indicação de não estacionariedade,3.0,1.0,True,3.678353370298794,60.0,54.0,2015-02-01,2020-01-01,-0.005094571806318761,0.008682370821542742,-0.022501677238798125,0.012312533626160603,-0.0005184446938573178,0.344301341410963,0.5598020735959328,0.5424903316960132,0.5908246193923996,Estacionariedade da inadimplência inconclusiva,False,False,200,0.8054706094905508,1.0,1.0,0.8410702816992454,0.8863471042449718
Pré-pandemia (até jan/2020),Brasil,Tipologia | Erosão,Diferença sazonal,ADEQUACAO_NACIONAL,ADL BIC; datas comuns; I12,pontos percentuais de I,0.3686095495774583,0.264002546084818,0.6549979654231863,0.9230470131848303,0.2358933241181041,0.854989356223668,-0.13640115658665883,0.9651821442766895,0.17014110544611444,2015-09-01,False,True,Inconclusiva,Sem indicação de não estacionariedade,3.0,1.0,True,2.526343901529117,60.0,54.0,2015-02-01,2020-01-01,0.009666121963987726,0.007710604961144663,-0.005792710222011282,0.025124954149986736,-0.005362728999417924,1.5715479427094279,0.2153827689339366,0.23702125449320122,0.3531637188231177,Estacionariedade da inadimplência inconclusiva,False,False,200,0.48798755112218833,1.0,1.0,0.5860161548599536,0.7273416661016882
Pré-pandemia (até jan/2020),Brasil,Tipologia | Estiagem e Seca,Diferença sazonal,ADEQUACAO_NACIONAL,ADL BIC; datas comuns; I12,pontos percentuais de I,0.20569150171385128,0.25176207545040774,0.5520043456501171,0.3256652102648076,0.17176768665404896,0.6282563073480084,-0.0541146448982747,0.9725906009980694,0.16990650877670832,2015-09-01,False,True,Inconclusiva,Sem indicação de não estacionariedade,3.0,1.0,False,0.0,60.0,54.0,2015-02-01,2020-01-01,0.01618141464816418,0.005991641121283829,0.004168897461846368,0.028193931834481992,0.0025625698454285056,7.293590702429435,0.009223936737958058,0.03252211567261945,0.033994396061647524,Estacionariedade da inadimplência inconclusiva,False,False,200,0.08020814554746136,0.47146596181940714,1.0,0.44165101048267524,0.5356929512460743
Pré-pandemia (até jan/2020),Brasil,Tipologia | Granizo,Diferença sazonal,ADEQUACAO_NACIONAL,ADL BIC; datas comuns; I12,pontos percentuais de I,0.37233219602471834,0.28200765925894017,0.8926654719286312,0.7508444331169364,0.22984559533472945,0.6099378604829845,-0.1114289625211583,0.9638052021952948,0.17456773493586653,2015-09-01,False,True,Inconclusiva,Sem indicação de não estacionariedade,3.0,1.0,True,4.094194322601936,60.0,54.0,2015-02-01,2020-01-01,9.325845642210208e-05,0.007659000870753649,-0.015262113757566177,0.015448630670410381,0.004569736645163919,0.00014826280352583755,0.9903298162271151,0.9907650754742506,0.991934772345544,Estacionariedade da inadimplência inconclusiva,False,False,200,1.0,1.0,1.0,1.0,1.0
Pré-pandemia (até jan/2020),Brasil,Tipologia | Incêndio Florestal,Diferença sazonal,ADEQUACAO_NACIONAL,ADL BIC; datas comuns; I12,pontos percentuais de I,0.5494533902760814,0.26271899849883523,0.7958695143674136,0.8297753611407129,0.2461532121981255,0.6718673684450869,-0.11617798937336685,0.9621530680053284,0.11602178823588148,2015-09-01,False,True,Inconclusiva,Sem indicação de não estacionariedade,3.0,1.0,True,3.9713074087875384,60.0,54.0,2015-02-01,2020-01-01,0.0026365686185794036,0.006804957962741039,-0.011006550657910497,0.016279687895069304,0.001315838363343473,0.15011609684711774,0.6999473897318776,0.7404710109868393,0.7589544558547714,Estacionariedade da inadimplência inconclusiva,False,False,200,0.8984283488773254,1.0,1.0,0.9276435603327994,0.9632860439310665
Pré-pandemia (até jan/2020),Brasil,Tipologia | Inundações,Diferença sazonal,ADEQUACAO_NACIONAL,ADL BIC; datas comuns; I12,pontos percentuais de I,0.39512914689187706,0.3162957221555696,0.8642908959529588,0.7773128515170161,0.22478114118614745,0.5517873572366208,-0.1219673539956953,0.9664768180285964,0.1094412981178257,2015-09-01,False,True,Inconclusiva,Sem indicação de não estacionariedade,3.0,1.0,True,3.8618876859368356,60.0,54.0,2015-02-01,2020-01-01,0.00401204714634405,0.010385163145393339,-0.016808951348308985,0.024833045640997083,-0.0010961527904105616,0.14924693079408147,0.7007741121243138,0.6489047751735942,0.6872552059067414,Estacionariedade da inadimplência inconclusiva,False,False,200,0.8984283488773254,1.0,1.0,0.877352266252491,0.9259691376791631
Pré-pandemia (até jan/2020),Brasil,Tipologia | Movimento de Massa,Diferença sazonal,ADEQUACAO_NACIONAL,ADL BIC; datas comuns; I12,pontos percentuais de I,0.39790907770333594,0.33662698517866224,0.899344185775165,0.8387830418176248,0.2444598759911415,0.6883537172116374,-0.13635103453741665,0.9675722240657679,0.10931280405243199,2015-09-01,False,True,Inconclusiva,Sem indicação de não estacionariedade,3.0,1.0,True,3.1621290822820356,60.0,54.0,2015-02-01,2020-01-01,0.007935399443925833,0.008514204550109173,-0.009134552913984555,0.02500535180183622,-0.0013999203669854401,0.8686592047269869,0.3554752594012653,0.36190502660664575,0.4195009839367266,Estacionariedade da inadimplência inconclusiva,False,False,200,0.6644934541679066,1.0,1.0,0.7071726389644085,0.7841139886667786
Pré-pandemia (até jan/2020),Brasil,Tipologia | Onda de Calor e Baixa Umidade,Diferença sazonal,ADEQUACAO_NACIONAL,ADL BIC; datas comuns; I12,pontos percentuais de I,,,,,,,,,,,,,,,,,,,,,,,,,,,,,,,,Excluído: ausente/constante/raro,False,,200,1.0,1.0,1.0,1.0,1.0
Pré-pandemia (até jan/2020),Brasil,Tipologia | Onda de Frio,Diferença sazonal,ADEQUACAO_NACIONAL,ADL BIC; datas comuns; I12,pontos percentuais de I,0.5287139192160482,0.4027518274590489,0.9453876623419936,0.8437140394381732,0.2773446331762879,0.7094780220241073,-0.09051173900214088,0.9621423585763611,0.10854872683492055,2015-09-01,False,True,Inconclusiva,Sem indicação de não estacionariedade,3.0,1.0,True,1.6849119813263087,60.0,54.0,2015-02-01,2020-01-01,0.020861311938842803,0.009906535338492147,0.000999904420996841,0.04072271945668876,-0.001540380213727939,4.434448832297137,0.039885548928889424,0.14270258936205102,0.041335375860559354,Estacionariedade da inadimplência inconclusiva,False,False,200,0.18551418106460196,1.0,1.0,0.5285281087483371,0.5356929512460743
Pré-pandemia (até jan/2020),Brasil,Tipologia | Outros,Diferença sazonal,ADEQUACAO_NACIONAL,ADL BIC; datas comuns; I12,pontos percentuais de I,0.46486142186996715,0.2382333089739838,0.7900361272491438,0.7488947288291214,0.2294255524193692,0.609586073798414,-0.10809189930889505,0.9637160730611904,0.12950706745684584,2015-09-01,False,True,Inconclusiva,Sem indicação de não estacionariedade,3.0,1.0,True,4.077630791011529,60.0,54.0,2015-02-01,2020-01-01,-0.0015096749666116873,0.00836193510176751,-0.018274345461318058,0.015254995528094681,-0.003845837467291016,0.03259517537755339,0.8574034719546054,0.9028348819172526,0.908690701244762,Estacionariedade da inadimplência inconclusiva,False,False,200,0.9813176060890998,1.0,1.0,1.0,1.0
Pré-pandemia (até jan/2020),Brasil,Tipologia | Rompimento/Colapso de barragens,Diferença sazonal,ADEQUACAO_NACIONAL,ADL BIC; datas comuns; I12,pontos percentuais de I,,,,,,,,,,,,,,,,,,,,,,,,,,,,,,,,Excluído: ausente/constante/raro,False,,200,1.0,1.0,1.0,1.0,1.0
Pré-pandemia (até jan/2020),Brasil,Tipologia | Tornado,Diferença sazonal,ADEQUACAO_NACIONAL,ADL BIC; datas comuns; I12,pontos percentuais de I,0.5758868608861233,0.8040709859818027,0.8803453684904998,0.9968513318044931,0.293165984944688,0.472812616274966,-0.1107772237172841,0.965592270178461,0.11953308897318206,2015-09-01,False,True,Inconclusiva,Sem indicação de não estacionariedade,3.0,2.0,True,3.0123210668799203,60.0,53.0,2015-02-01,2020-01-01,0.05469029602273475,0.023511195677158293,0.007532809448139721,0.10184778259732978,0.0022366602613228467,3.0407379873540528,0.05621473033706129,0.10164903570017729,0.09772538034793327,Estacionariedade da inadimplência inconclusiva,False,False,200,0.23422804307108874,1.0,1.0,0.4749309597436835,0.5602997705216426
Pré-pandemia (até jan/2020),Brasil,Tipologia | Vendavais e Ciclones,Diferença sazonal,ADEQUACAO_NACIONAL,ADL BIC; datas comuns; I12,pontos percentuais de I,0.2543524623523972,0.2619292606613505,0.8826520640253124,0.5748196704419661,0.21290594814187008,0.5649856625776054,-0.12098651357172248,0.9667620106718389,0.11140170225453169,2015-09-01,False,True,Inconclusiva,Sem indicação de não estacionariedade,3.0,1.0,True,3.566006104198266,60.0,54.0,2015-02-01,2020-01-01,0.007191686534836399,0.0076084831242044905,-0.008062403695409538,0.02244577676508234,-0.0019988036816986137,0.8934398834067866,0.3487571865774697,0.49246979892050347,0.4475352314272378,Estacionariedade da inadimplência inconclusiva,False,False,200,0.6642994030047041,1.0,1.0,0.7817214643661429,0.8287689470874773
Pré-pandemia (até jan/2020),Brasil,Clima | Protocolos,Diferença sazonal,ADEQUACAO_NACIONAL,ADL BIC; datas comuns; I12,pontos percentuais de I,0.1810801620503736,0.32113623565643173,0.776551082806982,0.4896598396769034,0.19335315738886286,0.4087729959235336,-0.09218427417895136,0.9718151422750108,0.1413493174024045,2015-09-01,False,True,Inconclusiva,Sem indicação de não estacionariedade,3.0,1.0,True,1.5839174514248953,60.0,54.0,2015-02-01,2020-01-01,0.018252931614942708,0.011329603671753606,-0.004461556129935453,0.04096741935982087,0.003141087069910231,2.595588359696032,0.11299210244368957,0.1345997686125605,0.14039546705326256,Estacionariedade da inadimplência inconclusiva,False,False,200,0.32283457841054164,1.0,1.0,0.5285281087483371,0.5602997705216426
Pré-pandemia (até jan/2020),Brasil,Clima | Municípios,Diferença sazonal,ADEQUACAO_NACIONAL,ADL BIC; datas comuns; I12,pontos percentuais de I,0.1807868378630525,0.3218548835038707,0.7738460628169207,0.48390451227056497,0.19509569913126656,0.4076265124191587,-0.09242305008473216,0.9716040105485149,0.14111826634204583,2015-09-01,False,True,Inconclusiva,Sem indicação de não estacionariedade,3.0,1.0,True,1.6111774360056188,60.0,54.0,2015-02-01,2020-01-01,0.01793161679399313,0.011115931460931748,-0.004354483960946936,0.04021771754893319,0.003095632233969421,2.6022389786958704,0.11254235169032957,0.1367348211984743,0.1391874840690269,Estacionariedade da inadimplência inconclusiva,False,False,200,0.32283457841054164,1.0,1.0,0.5285281087483371,0.5602997705216426
Pré-pandemia (até jan/2020),Brasil,Clima | Deslocamento,Diferença sazonal,ADEQUACAO_NACIONAL,ADL BIC; datas comuns; I12,pontos percentuais de I,0.3138966209722336,0.2888995823958146,0.9119894452312738,0.7164948773639959,0.2321021534381469,0.5884773732688404,-0.112497472066601,0.9651191082490531,0.11388575001588847,2015-09-01,False,True,Inconclusiva,Sem indicação de não estacionariedade,3.0,1.0,True,3.7970020085998613,60.0,54.0,2015-02-01,2020-01-01,0.003344918835170302,0.0069185250391663395,-0.010525888720664754,0.017215726391005357,-0.001402194945498435,0.23374597106712974,0.6307147522187864,0.6066086279771584,0.597507557408633,Estacionariedade da inadimplência inconclusiva,False,False,200,0.8465969828440085,1.0,1.0,0.8496381534527986,0.8863471042449718
Pré-pandemia (até jan/2020),Brasil,Clima | Habitações,Diferença sazonal,ADEQUACAO_NACIONAL,ADL BIC; datas comuns; I12,pontos percentuais de I,0.15911164481652923,0.19341275975950406,0.3248177354043514,0.5690304728026025,0.22249470773652216,0.7984364748295155,-0.017367188453543184,0.9209973628414406,0.13695343383505584,2015-03-01,False,True,Inconclusiva,Sem indicação de não estacionariedade,1.0,1.0,True,0.8617850744089282,60.0,56.0,2015-02-01,2020-01-01,-0.011724710417691119,0.006322798852811327,-0.024390798536727383,0.0009413777013451436,-0.0029891081923081684,3.4386305602790337,0.06895697483183923,0.021468788202926442,0.05867344592417092,Estacionariedade da inadimplência inconclusiva,False,False,200,0.2507526357521426,1.0,1.0,0.44165101048267524,0.5356929512460743
Pré-pandemia (até jan/2020),Brasil,Total nacional,Relativa e sazonal,ADEQUACAO_NACIONAL,ADL BIC; datas comuns; I12,variação logarítmica percentual de I,0.2193393930826831,0.3075774643350939,0.7903462064659216,0.5298395684038473,0.22221049993221248,0.5644870535114601,-0.07682177148981738,0.977114211088357,0.1416551546482763,2015-09-01,False,True,Inconclusiva,Sem indicação de não estacionariedade,3.0,1.0,True,1.669930736481433,60.0,54.0,2015-02-01,2020-01-01,0.4634259116574647,0.2786279008095447,-0.09518939578690766,1.022041219101837,0.0630183967994955,2.7663773490554973,0.10205776540753835,0.14146677604821298,0.14315257443832718,Estacionariedade da inadimplência inconclusiva,False,False,200,0.31893051689855734,1.0,1.0,0.5285281087483371,0.5602997705216426
Pré-pandemia (até jan/2020),Brasil,Grupo | Climatológico,Relativa e sazonal,ADEQUACAO_NACIONAL,ADL BIC; datas comuns; I12,variação logarítmica percentual de I,0.2886271996069393,0.22564899450643608,0.4932002994715021,0.3791643745205776,0.21194135602608247,0.8077127958715824,-0.035530334192660565,0.9757373476648022,0.19910479881604048,2015-09-01,False,True,Inconclusiva,Sem indicação de não estacionariedade,3.0,1.0,False,0.0,60.0,54.0,2015-02-01,2020-01-01,0.4635786216338553,0.15053802498944785,0.16176805324777527,0.7653891900199354,0.08509674703314296,9.48318825117237,0.0032575534587635274,0.027172673365244808,0.02568091887875823,Estacionariedade da inadimplência inconclusiva,False,False,200,0.05011620705790042,0.29458461608880104,0.6124200502475432,0.44165101048267524,0.5356929512460743
Pré-pandemia (até jan/2020),Brasil,Grupo | Hidrológico,Relativa e sazonal,ADEQUACAO_NACIONAL,ADL BIC; datas comuns; I12,variação logarítmica percentual de I,0.5040109240291987,0.3064823916841103,0.9184298616366162,0.6762026264191991,0.2504175757473938,0.6055308979939242,-0.09686912171322166,0.9695595672591956,0.12086876681734145,2015-09-01,False,True,Inconclusiva,Sem indicação de não estacionariedade,3.0,1.0,True,4.094301504699445,60.0,54.0,2015-02-01,2020-01-01,0.0015807898922394821,0.25006086975463915,-0.49976106866512776,0.5029226484496068,-0.03787158611391943,3.996288431771848e-05,0.9949794069505136,0.9950560673160519,0.995805472323752,Estacionariedade da inadimplência inconclusiva,False,False,200,1.0,1.0,1.0,1.0,1.0
Pré-pandemia (até jan/2020),Brasil,Grupo | Meteorológico,Relativa e sazonal,ADEQUACAO_NACIONAL,ADL BIC; datas comuns; I12,variação logarítmica percentual de I,0.2730916473800643,0.2948864681511479,0.8464039682977939,0.5232450152214108,0.22396263073162612,0.4811057024714362,-0.10851010303236956,0.9749249415997816,0.12519702318714152,2015-09-01,False,True,Inconclusiva,Sem indicação de não estacionariedade,3.0,1.0,True,3.194283626809465,60.0,54.0,2015-02-01,2020-01-01,0.21034886662510702,0.16845173376526837,-0.12737652546024822,0.5480742587104622,0.027325060528473305,1.559298934725824,0.21715446024937382,0.37031751976685406,0.3341894694906536,Estacionariedade da inadimplência inconclusiva,False,False,200,0.48798755112218833,1.0,1.0,0.7071726389644085,0.7273416661016882
Pré-pandemia (até jan/2020),Brasil,Grupo | Outros,Relativa e sazonal,ADEQUACAO_NACIONAL,ADL BIC; datas comuns; I12,variação logarítmica percentual de I,0.24206040278229038,0.30954691434581566,0.8745407926082674,0.6913599714658607,0.25348842944472966,0.7528045573022866,-0.1151867406249903,0.9710722911353943,0.22490354143296717,2015-09-01,False,True,Inconclusiva,Sem indicação de não estacionariedade,3.0,1.0,True,3.474095339958751,60.0,54.0,2015-02-01,2020-01-01,0.1844392557618536,0.22283672238346375,-0.2623214735924647,0.6311999851161719,-0.19622043853340673,0.6850672372931575,0.41149025350867513,0.45706024056203937,0.5685890663218571,Estacionariedade da inadimplência inconclusiva,False,False,200,0.7047138679631642,1.0,1.0,0.7492790828885891,0.8863471042449718
Pré-pandemia (até jan/2020),Brasil,Tipologia | Alagamentos,Relativa e sazonal,ADEQUACAO_NACIONAL,ADL BIC; datas comuns; I12,variação logarítmica percentual de I,0.23738392138600942,0.466349605827615,0.22860392017607012,0.5503493213067943,0.46299539602669554,0.8731163419418043,-0.046605175903521624,0.9648505122132313,0.22504879566302735,2017-06-01,False,True,Inconclusiva,Sem indicação de não estacionariedade,3.0,2.0,True,2.9255105540891577,60.0,53.0,2015-02-01,2020-01-01,0.7693683682903047,0.37164701490895347,0.02393885646483107,1.5147978801157784,0.28829041886970597,4.551846089105899,0.014986454516095751,0.09782544761354768,0.10731878909659377,Estacionariedade da inadimplência inconclusiva,False,False,200,0.11989163612876601,0.7047267475858017,1.0,0.4749309597436835,0.5602997705216426
Pré-pandemia (até jan/2020),Brasil,Tipologia | Chuvas Intensas,Relativa e sazonal,ADEQUACAO_NACIONAL,ADL BIC; datas comuns; I12,variação logarítmica percentual de I,0.4902078924566513,0.30336454441127897,0.9236576426374578,0.7007977788849485,0.25068605300780117,0.6216765273973679,-0.09885488473182828,0.968934081958366,0.11637900788226131,2015-09-01,False,True,Inconclusiva,Sem indicação de não estacionariedade,3.0,1.0,True,4.079815738636,60.0,54.0,2015-02-01,2020-01-01,-0.02513615209096247,0.13555920729754528,-0.2969159991250022,0.24664369494307725,0.006950255576037144,0.034382666108911684,0.8535899350592322,0.9093789398578572,0.9166033476150912,Estacionariedade da inadimplência inconclusiva,False,False,200,0.9813176060890998,1.0,1.0,1.0,1.0
Pré-pandemia (até jan/2020),Brasil,Tipologia | Doenças infecciosas,Relativa e sazonal,ADEQUACAO_NACIONAL,ADL BIC; datas comuns; I12,variação logarítmica percentual de I,0.7472739542871766,0.25302414563242065,0.8192074117496377,0.8273645457818812,0.2627719372593606,0.5138517204960279,-0.08698380857671507,0.9674620055398898,0.21949587287558467,2016-03-01,False,True,Inconclusiva,Sem indicação de não estacionariedade,3.0,1.0,True,3.262927682855718,60.0,54.0,2015-02-01,2020-01-01,-0.20581966481480718,0.25555662580680144,-0.7181798508540888,0.3065405212244744,-0.2079054051095568,0.6486336008326278,0.4241338243031694,0.38921690689437205,0.5745310103016052,Estacionariedade da inadimplência inconclusiva,False,False,200,0.7111057457917402,1.0,1.0,0.7275082371857421,0.8863471042449718
Pré-pandemia (até jan/2020),Brasil,Tipologia | Enxurradas,Relativa e sazonal,ADEQUACAO_NACIONAL,ADL BIC; datas comuns; I12,variação logarítmica percentual de I,0.5760774947306173,0.292452656319937,0.9364683951276623,0.762886112696712,0.2515562665360521,0.6919972647411433,-0.10153559075442437,0.9657055039009115,0.11985395666093955,2015-09-01,False,True,Inconclusiva,Sem indicação de não estacionariedade,3.0,1.0,True,3.8143300720188336,60.0,54.0,2015-02-01,2020-01-01,-0.10430569911659426,0.21529688294755275,-0.5359499605495911,0.32733856231640257,-0.01680609780770634,0.23471486336726718,0.6300089852431835,0.6172924586456321,0.645871421929038,Estacionariedade da inadimplência inconclusiva,False,False,200,0.8465969828440085,1.0,1.0,0.8514378739939753,0.9120279883240089
Pré-pandemia (até jan/2020),Brasil,Tipologia | Erosão,Relativa e sazonal,ADEQUACAO_NACIONAL,ADL BIC; datas comuns; I12,variação logarítmica percentual de I,0.4228041042090115,0.31415317694268236,0.7097980277106543,0.8485510717803172,0.25507383362093017,0.851269930319961,-0.1222314216118956,0.971324752021824,0.1772147073332983,2015-09-01,False,True,Inconclusiva,Sem indicação de não estacionariedade,3.0,1.0,True,2.2680716581658658,60.0,54.0,2015-02-01,2020-01-01,0.26040484919657403,0.17865911681311655,-0.09778511374801391,0.618594812141162,-0.13529645906703888,2.1244561385121554,0.15075554205452596,0.20190560862670387,0.30647114557278665,Estacionariedade da inadimplência inconclusiva,False,False,200,0.3816596001380404,1.0,1.0,0.5608489128519553,0.7211085778183216
Pré-pandemia (até jan/2020),Brasil,Tipologia | Estiagem e Seca,Relativa e sazonal,ADEQUACAO_NACIONAL,ADL BIC; datas comuns; I12,variação logarítmica percentual de I,0.2661666933314676,0.23509062521008472,0.5760888589554711,0.39492404239834056,0.20191578282177336,0.7006821423018579,-0.04106742628402125,0.9767012915207542,0.1712270104892089,2015-09-01,False,True,Inconclusiva,Sem indicação de não estacionariedade,3.0,1.0,True,0.02872091974563773,60.0,54.0,2015-02-01,2020-01-01,0.3629683187804579,0.15223703272154163,0.05775144498183166,0.668185192579084,0.06105526695955682,5.684559529209581,0.02065785204737093,0.05689942465420753,0.05545320453978875,Estacionariedade da inadimplência inconclusiva,False,False,200,0.1530211262768217,0.8994629159715575,1.0,0.45112704534795167,0.5356929512460743
Pré-pandemia (até jan/2020),Brasil,Tipologia | Granizo,Relativa e sazonal,ADEQUACAO_NACIONAL,ADL BIC; datas comuns; I12,variação logarítmica percentual de I,0.44305251074406937,0.3424143555470522,0.9177261843194006,0.6808328893599668,0.24816064420068626,0.5829532849078535,-0.09678448536034595,0.9700119853005238,0.18363190198840787,2015-09-01,False,True,Inconclusiva,Sem indicação de não estacionariedade,3.0,1.0,True,4.08777264769526,60.0,54.0,2015-02-01,2020-01-01,0.015308342810126774,0.18801892947929494,-0.36164691469020244,0.392263600310456,0.11221017831409438,0.006629079188844165,0.9354096436346179,0.9389799204466434,0.9455228920097646,Estacionariedade da inadimplência inconclusiva,False,False,200,1.0,1.0,1.0,1.0,1.0
Pré-pandemia (até jan/2020),Brasil,Tipologia | Incêndio Florestal,Relativa e sazonal,ADEQUACAO_NACIONAL,ADL BIC; datas comuns; I12,variação logarítmica percentual de I,0.6100346488562028,0.3267638003075341,0.7156687506804317,0.7536951911023174,0.2641644710725632,0.6579560170421014,-0.10158367602405821,0.9681264476627218,0.125961218450566,2015-09-01,False,True,Inconclusiva,Sem indicação de não estacionariedade,3.0,1.0,True,4.012152631651361,60.0,54.0,2015-02-01,2020-01-01,0.05429114842880322,0.170203002925053,-0.2869453269230467,0.39552762378065315,0.03775451809310034,0.10174747034923208,0.7509732170537576,0.7866038865656938,0.7995081350473318,Estacionariedade da inadimplência inconclusiva,False,False,200,0.9328859839177113,1.0,1.0,0.9651581430253913,0.9870470803053478
Pré-pandemia (até jan/2020),Brasil,Tipologia | Inundações,Relativa e sazonal,ADEQUACAO_NACIONAL,ADL BIC; datas comuns; I12,variação logarítmica percentual de I,0.49019422884194175,0.35339186109136,0.8012702094212985,0.7221052815433213,0.24789909722902403,0.5699259166728717,-0.10480573957797114,0.971527816195005,0.11885066395249003,2015-09-01,False,True,Inconclusiva,Sem indicação de não estacionariedade,3.0,1.0,True,3.9679490122261427,60.0,54.0,2015-02-01,2020-01-01,0.07457369497890207,0.2537288941288449,-0.4341221096748792,0.5832694996326834,-0.03182615152687886,0.08638363416560471,0.7699527234789879,0.7370821503085008,0.7689164958482667,Estacionariedade da inadimplência inconclusiva,False,False,200,0.9447272680723778,1.0,1.0,0.9276435603327994,0.9671905608154298
Pré-pandemia (até jan/2020),Brasil,Tipologia | Movimento de Massa,Relativa e sazonal,ADEQUACAO_NACIONAL,ADL BIC; datas comuns; I12,variação logarítmica percentual de I,0.4859385038258105,0.3558232789330038,0.9117247585829007,0.7882906189786185,0.26596928046131696,0.7352794101548872,-0.11809193736721614,0.9727089151751127,0.1179887154631442,2015-09-01,False,True,Inconclusiva,Sem indicação de não estacionariedade,3.0,1.0,True,3.409548666535329,60.0,54.0,2015-02-01,2020-01-01,0.17012561480080718,0.21240142023601466,-0.25571359341210614,0.5959648230137204,-0.0360426664113489,0.6415412450169224,0.42666344747504414,0.4345462778364121,0.4916652391485054,Estacionariedade da inadimplência inconclusiva,False,False,200,0.7111057457917402,1.0,1.0,0.7483399017863832,0.8711245408963318
Pré-pandemia (até jan/2020),Brasil,Tipologia | Onda de Calor e Baixa Umidade,Relativa e sazonal,ADEQUACAO_NACIONAL,ADL BIC; datas comuns; I12,variação logarítmica percentual de I,,,,,,,,,,,,,,,,,,,,,,,,,,,,,,,,Excluído: ausente/constante/raro,False,,200,1.0,1.0,1.0,1.0,1.0
Pré-pandemia (até jan/2020),Brasil,Tipologia | Onda de Frio,Relativa e sazonal,ADEQUACAO_NACIONAL,ADL BIC; datas comuns; I12,variação logarítmica percentual de I,0.602976994801492,0.367154377304076,0.9687433388707907,0.762662703150817,0.2932565505195513,0.6991625720126525,-0.08038955001425342,0.9681614692096795,0.11665940400515541,2015-09-01,False,True,Inconclusiva,Sem indicação de não estacionariedade,3.0,1.0,True,1.9971693310816931,60.0,54.0,2015-02-01,2020-01-01,0.48506804101893264,0.20809602780676462,0.06786062491494438,0.9022754571229209,-0.03768771396968107,5.433475872993768,0.02351784435607181,0.17146204738076398,0.04002357583338636,Estacionariedade da inadimplência inconclusiva,False,False,200,0.15626474357431033,0.9185289988300577,1.0,0.5531033786476257,0.5356929512460743
Pré-pandemia (até jan/2020),Brasil,Tipologia | Outros,Relativa e sazonal,ADEQUACAO_NACIONAL,ADL BIC; datas comuns; I12,variação logarítmica percentual de I,0.536622001933228,0.31085071309336054,0.7180246069127497,0.683865191908615,0.24992193734950732,0.6048006211002573,-0.09469861355903725,0.9695186000933096,0.13403051709630306,2015-09-01,False,True,Inconclusiva,Sem indicação de não estacionariedade,3.0,1.0,True,4.085427018416169,60.0,54.0,2015-02-01,2020-01-01,-0.027968515620167902,0.20996690776170798,-0.44892682019650826,0.3929897889561725,-0.08860113840504187,0.01774341173770418,0.894526895783259,0.9289444194575235,0.932339272111869,Estacionariedade da inadimplência inconclusiva,False,False,200,1.0,1.0,1.0,1.0,1.0
Pré-pandemia (até jan/2020),Brasil,Tipologia | Rompimento/Colapso de barragens,Relativa e sazonal,ADEQUACAO_NACIONAL,ADL BIC; datas comuns; I12,variação logarítmica percentual de I,,,,,,,,,,,,,,,,,,,,,,,,,,,,,,,,Excluído: ausente/constante/raro,False,,200,1.0,1.0,1.0,1.0,1.0
Pré-pandemia (até jan/2020),Brasil,Tipologia | Tornado,Relativa e sazonal,ADEQUACAO_NACIONAL,ADL BIC; datas comuns; I12,variação logarítmica percentual de I,0.6998035028963348,0.8010571305579492,0.929177081330969,0.9940968985955609,0.3232359809603452,0.4550862270648048,-0.0943894464238415,0.9697032774374024,0.1276730298352271,2015-09-01,False,True,Inconclusiva,Sem indicação de não estacionariedade,3.0,2.0,True,3.1001447214727023,60.0,53.0,2015-02-01,2020-01-01,1.3389131170455,0.6030732761956477,0.1293013084328527,2.548524925658147,0.061561798773579035,2.6881702386208,0.07727403471542321,0.10566934525839257,0.0934800648419667,Estacionariedade da inadimplência inconclusiva,False,False,200,0.2711369639137657,1.0,1.0,0.4749309597436835,0.5602997705216426
Pré-pandemia (até jan/2020),Brasil,Tipologia | Vendavais e Ciclones,Relativa e sazonal,ADEQUACAO_NACIONAL,ADL BIC; datas comuns; I12,variação logarítmica percentual de I,0.30769053425907905,0.3267204476410376,0.8926984195255065,0.4566702446357548,0.23067980265632698,0.5437222841441626,-0.10876634753431881,0.9728151362595782,0.11944199469259024,2015-09-01,False,True,Inconclusiva,Sem indicação de não estacionariedade,3.0,1.0,True,3.3297543199716984,60.0,54.0,2015-02-01,2020-01-01,0.21594660057257484,0.17701600091350284,-0.13894911333678509,0.5708423144819348,-0.053080019637272075,1.4882219077428647,0.22779374390099916,0.4089689063367127,0.34701209657688376,Estacionariedade da inadimplência inconclusiva,False,False,200,0.4881653595066254,1.0,1.0,0.7435798297031139,0.7273416661016882
Pré-pandemia (até jan/2020),Brasil,Clima | Protocolos,Relativa e sazonal,ADEQUACAO_NACIONAL,ADL BIC; datas comuns; I12,variação logarítmica percentual de I,0.24813764400952887,0.29826980140123843,0.7748352676071466,0.5202861453041616,0.22084343492026995,0.5279382864791853,-0.0751063622722895,0.9767047690233731,0.14612434151004902,2015-09-01,False,True,Inconclusiva,Sem indicação de não estacionariedade,3.0,1.0,True,1.8466402699637001,60.0,54.0,2015-02-01,2020-01-01,0.4337586686539717,0.27659217709139877,-0.12077525847141668,0.9882925957793601,0.07218183835341085,2.4593285363353106,0.12267053812151721,0.1568486199769826,0.15581633994830368,Estacionariedade da inadimplência inconclusiva,False,False,200,0.3392394472137886,1.0,1.0,0.5316902372101106,0.5602997705216426
Pré-pandemia (até jan/2020),Brasil,Clima | Municípios,Relativa e sazonal,ADEQUACAO_NACIONAL,ADL BIC; datas comuns; I12,variação logarítmica percentual de I,0.25167995917092345,0.2982983205658049,0.77222841457892,0.521166956998079,0.22298360723369548,0.5226553336261321,-0.07563130561929074,0.9764262593558708,0.1457053595670808,2015-09-01,False,True,Inconclusiva,Sem indicação de não estacionariedade,3.0,1.0,True,1.9186698695242512,60.0,54.0,2015-02-01,2020-01-01,0.42133381472510417,0.2729974792580786,-0.12599317716696617,0.9686608066171745,0.07117796187219888,2.3819648965331814,0.12858363279639576,0.16365593062030415,0.15958932854725086,Estacionariedade da inadimplência inconclusiva,False,False,200,0.34288968745705534,1.0,1.0,0.5455197687343472,0.5602997705216426
Pré-pandemia (até jan/2020),Brasil,Clima | Deslocamento,Relativa e sazonal,ADEQUACAO_NACIONAL,ADL BIC; datas comuns; I12,variação logarítmica percentual de I,0.3968919074920064,0.31126810435074515,0.9203303906534729,0.65380515337027,0.25349521894115973,0.5829148121875661,-0.09577611708980649,0.9709043947855305,0.12181609744749343,2015-09-01,False,True,Inconclusiva,Sem indicação de não estacionariedade,3.0,1.0,True,3.731824473093809,60.0,54.0,2015-02-01,2020-01-01,0.09127807673410193,0.16405106566683111,-0.2376245070265065,0.42018066049471037,-0.03497242991290287,0.30958139275191127,0.5802356974475148,0.5696534390958354,0.5491895232575432,Estacionariedade da inadimplência inconclusiva,False,False,200,0.809480976634641,1.0,1.0,0.8496381534527986,0.8863471042449718
Pré-pandemia (até jan/2020),Brasil,Clima | Habitações,Relativa e sazonal,ADEQUACAO_NACIONAL,ADL BIC; datas comuns; I12,variação logarítmica percentual de I,0.989259157811877,0.41318861530387946,0.8377373117460929,0.5874689950233385,0.2843572752444852,0.6234957605974175,-0.053859458638004384,0.9599810139809408,0.1564157010466993,2015-09-01,False,True,Inconclusiva,Sem indicação de não estacionariedade,3.0,1.0,True,1.0106213043167145,60.0,54.0,2015-02-01,2020-01-01,-0.20687636689691108,0.16894497400600506,-0.5455906461250202,0.13183791233119802,-0.03381777268767208,1.4994473071632113,0.22607167558780844,0.0972615250449066,0.1854341243794714,Estacionariedade da inadimplência inconclusiva,False,False,200,0.4881653595066254,1.0,1.0,0.4749309597436835,0.578339310739143
