periodo,coluna,UF1,UF2,correlacao
Total,total_desastres,AC,AL,-0.11085604515313431
Total,total_desastres,AC,AM,0.20725699198693864
Total,total_desastres,AC,AP,-0.011183792442372522
Total,total_desastres,AC,BA,0.002158113571218775
Total,total_desastres,AC,CE,-0.051375956296308194
Total,total_desastres,AC,DF,-0.17923678020274153
Total,total_desastres,AC,ES,-0.017416913767344937
Total,total_desastres,AC,GO,-0.21771845084385516
Total,total_desastres,AC,MA,-0.06658595733246638
Total,total_desastres,AC,MG,-0.033265248595610857
Total,total_desastres,AC,MS,-0.06281920166169695
Total,total_desastres,AC,MT,-0.1161962297552839
Total,total_desastres,AC,PA,0.19523112519571587
Total,total_desastres,AC,PB,-0.1668619641068889
Total,total_desastres,AC,PE,-0.0022413550814124206
Total,total_desastres,AC,PI,-0.07488889344440709
Total,total_desastres,AC,PR,-0.1353226355120393
Total,total_desastres,AC,RJ,-0.0778072964775789
Total,total_desastres,AC,RN,-0.28323597480334817
Total,total_desastres,AC,RO,0.2570577109891356
Total,total_desastres,AC,RR,0.013510027665783953
Total,total_desastres,AC,RS,-0.13274966607606933
Total,total_desastres,AC,SC,0.1356284965408569
Total,total_desastres,AC,SE,-0.07112878506697437
Total,total_desastres,AC,SP,0.105089662407385
Total,total_desastres,AC,TO,-0.1150876888510506
Total,total_desastres,AL,AM,0.04936086458223247
Total,total_desastres,AL,AP,-0.12849658793417523
Total,total_desastres,AL,BA,0.487665022018409
Total,total_desastres,AL,CE,0.5011779082470823
Total,total_desastres,AL,DF,-0.13320108458359764
Total,total_desastres,AL,ES,0.0430489719220777
Total,total_desastres,AL,GO,-0.21809926027293147
Total,total_desastres,AL,MA,0.13868337280115678
Total,total_desastres,AL,MG,-0.3517188327128479
Total,total_desastres,AL,MS,-0.26176305269117317
Total,total_desastres,AL,MT,-0.24376127783057072
Total,total_desastres,AL,PA,0.19301200807953928
Total,total_desastres,AL,PB,0.49016396082580294
Total,total_desastres,AL,PE,0.5120146553242287
Total,total_desastres,AL,PI,0.3636558949504291
Total,total_desastres,AL,PR,-0.31840348059640644
Total,total_desastres,AL,RJ,0.1671683476688886
Total,total_desastres,AL,RN,0.3417248599658613
Total,total_desastres,AL,RO,-0.3214187821333767
Total,total_desastres,AL,RR,-0.22044646923101752
Total,total_desastres,AL,RS,-0.32193554872718505
Total,total_desastres,AL,SC,-0.41771369150248827
Total,total_desastres,AL,SE,0.271436556973064
Total,total_desastres,AL,SP,-0.19738994554456626
Total,total_desastres,AL,TO,-0.3368231828356787
Total,total_desastres,AM,AP,0.0020388322853591794
Total,total_desastres,AM,BA,0.27838834289076103
Total,total_desastres,AM,CE,0.3660599845930054
Total,total_desastres,AM,DF,-0.039667001204440264
Total,total_desastres,AM,ES,0.06641023070650642
Total,total_desastres,AM,GO,-0.23900252598545366
Total,total_desastres,AM,MA,-0.14943967630654542
Total,total_desastres,AM,MG,-0.1578607717856678
Total,total_desastres,AM,MS,-0.16849663605745038
Total,total_desastres,AM,MT,-0.3348609189165895
Total,total_desastres,AM,PA,0.1218278626951677
Total,total_desastres,AM,PB,0.02037858703702036
Total,total_desastres,AM,PE,0.25733524164641036
Total,total_desastres,AM,PI,-0.024793885906864786
Total,total_desastres,AM,PR,-0.2568086286421735
Total,total_desastres,AM,RJ,0.28468623729970416
Total,total_desastres,AM,RN,-0.02802577730210828
Total,total_desastres,AM,RO,-0.16749557149662658
Total,total_desastres,AM,RR,-0.1286465931935576
Total,total_desastres,AM,RS,-0.2782360599044149
Total,total_desastres,AM,SC,-0.07342141027752094
Total,total_desastres,AM,SE,0.11174259445588192
Total,total_desastres,AM,SP,0.15024968561093074
Total,total_desastres,AM,TO,-0.25662897895542663
Total,total_desastres,AP,BA,-0.15005585485566073
Total,total_desastres,AP,CE,-0.10279037032007701
Total,total_desastres,AP,DF,-0.05767575624570374
Total,total_desastres,AP,ES,-0.13749417297021707
Total,total_desastres,AP,GO,-0.14264801495137033
Total,total_desastres,AP,MA,-0.08581899751941834
Total,total_desastres,AP,MG,0.0916438680266602
Total,total_desastres,AP,MS,7.81083746394312e-05
Total,total_desastres,AP,MT,-0.05707007747506834
Total,total_desastres,AP,PA,0.0709762827631775
Total,total_desastres,AP,PB,-0.13933174213797012
Total,total_desastres,AP,PE,-0.10307530115820161
Total,total_desastres,AP,PI,-0.18953036718283395
Total,total_desastres,AP,PR,-0.06836842375254645
Total,total_desastres,AP,RJ,-0.016136902148840726
Total,total_desastres,AP,RN,-0.15181166757995215
Total,total_desastres,AP,RO,-0.1308992186274137
Total,total_desastres,AP,RR,-0.02588007455308769
Total,total_desastres,AP,RS,-0.19362234198536452
Total,total_desastres,AP,SC,-0.08087258301983721
Total,total_desastres,AP,SE,-0.21528679515958468
Total,total_desastres,AP,SP,-0.13558831329621138
Total,total_desastres,AP,TO,0.054844718153633426
Total,total_desastres,BA,CE,0.48846974427792383
Total,total_desastres,BA,DF,0.008842206509415524
Total,total_desastres,BA,ES,0.09410150641350157
Total,total_desastres,BA,GO,-0.15432658208380307
Total,total_desastres,BA,MA,-0.03953425958405997
Total,total_desastres,BA,MG,-0.22384576989698082
Total,total_desastres,BA,MS,-0.2727843578035775
Total,total_desastres,BA,MT,-0.316563977649898
Total,total_desastres,BA,PA,0.15954553284009546
Total,total_desastres,BA,PB,0.3145640806503643
Total,total_desastres,BA,PE,0.43210039804938516
Total,total_desastres,BA,PI,0.22023191365426467
Total,total_desastres,BA,PR,-0.30667377618704855
Total,total_desastres,BA,RJ,0.3796112468112536
Total,total_desastres,BA,RN,0.41952785596424286
Total,total_desastres,BA,RO,-0.2857954432925341
Total,total_desastres,BA,RR,-0.26456256255962995
Total,total_desastres,BA,RS,-0.2730533973062463
Total,total_desastres,BA,SC,-0.2464463604313996
Total,total_desastres,BA,SE,0.2579077020037288
Total,total_desastres,BA,SP,-0.03443515826081587
Total,total_desastres,BA,TO,-0.38415917568332736
Total,total_desastres,CE,DF,-0.04405154724344221
Total,total_desastres,CE,ES,0.15581935052546708
Total,total_desastres,CE,GO,-0.3426991844883232
Total,total_desastres,CE,MA,0.018401160431207948
Total,total_desastres,CE,MG,-0.27565594567849483
Total,total_desastres,CE,MS,-0.4229783602194523
Total,total_desastres,CE,MT,-0.3703630572065417
Total,total_desastres,CE,PA,0.1969856997289388
Total,total_desastres,CE,PB,0.4942296943415466
Total,total_desastres,CE,PE,0.6683576960023997
Total,total_desastres,CE,PI,0.37803727689927236
Total,total_desastres,CE,PR,-0.4227379070471373
Total,total_desastres,CE,RJ,0.3556211704544603
Total,total_desastres,CE,RN,0.3466023457613135
Total,total_desastres,CE,RO,-0.30248432787167356
Total,total_desastres,CE,RR,-0.27352398210951556
Total,total_desastres,CE,RS,-0.37088828137257107
Total,total_desastres,CE,SC,-0.34497691845378736
Total,total_desastres,CE,SE,0.2005461746391285
Total,total_desastres,CE,SP,-0.03468830033903485
Total,total_desastres,CE,TO,-0.3767162045826446
Total,total_desastres,DF,ES,0.07756920123687149
Total,total_desastres,DF,GO,0.0839543243027549
Total,total_desastres,DF,MA,-0.23655739026366304
Total,total_desastres,DF,MG,0.42643066885065384
Total,total_desastres,DF,MS,0.044205683067146444
Total,total_desastres,DF,MT,-0.04279995533714293
Total,total_desastres,DF,PA,-0.060908356937804296
Total,total_desastres,DF,PB,0.1603241975101289
Total,total_desastres,DF,PE,-0.024645021289202814
Total,total_desastres,DF,PI,-0.12005082181197758
Total,total_desastres,DF,PR,0.33481089573776773
Total,total_desastres,DF,RJ,0.19067020294716622
Total,total_desastres,DF,RN,0.003437717619931594
Total,total_desastres,DF,RO,0.1099091234964381
Total,total_desastres,DF,RR,-0.2741758241361953
Total,total_desastres,DF,RS,0.3119253688437699
Total,total_desastres,DF,SC,0.4307897243284235
Total,total_desastres,DF,SE,-0.055246538250980796
Total,total_desastres,DF,SP,0.41225368111458954
Total,total_desastres,DF,TO,-0.09228733297931839
Total,total_desastres,ES,GO,-0.026384048583397622
Total,total_desastres,ES,MA,0.0877742843500052
Total,total_desastres,ES,MG,0.21524550675662377
Total,total_desastres,ES,MS,-0.15084471558900386
Total,total_desastres,ES,MT,-0.14475131399437358
Total,total_desastres,ES,PA,0.008290315616794542
Total,total_desastres,ES,PB,0.11134658158028166
Total,total_desastres,ES,PE,0.022825905306982263
Total,total_desastres,ES,PI,0.059299110461357885
Total,total_desastres,ES,PR,0.009082425435431474
Total,total_desastres,ES,RJ,0.14075240601570174
Total,total_desastres,ES,RN,0.2444117040355768
Total,total_desastres,ES,RO,-0.17584352198252565
Total,total_desastres,ES,RR,-0.33222827363215945
Total,total_desastres,ES,RS,0.06580799075918442
Total,total_desastres,ES,SC,0.0962559717774209
Total,total_desastres,ES,SE,0.08023337468521641
Total,total_desastres,ES,SP,0.21318215149873376
Total,total_desastres,ES,TO,0.033560128975853656
Total,total_desastres,GO,MA,0.07018452435417413
Total,total_desastres,GO,MG,0.30181858531770756
Total,total_desastres,GO,MS,0.5773142809118333
Total,total_desastres,GO,MT,0.38466784369468104
Total,total_desastres,GO,PA,0.01016194258943962
Total,total_desastres,GO,PB,-0.21067411128547844
Total,total_desastres,GO,PE,-0.4072896209682979
Total,total_desastres,GO,PI,-0.08196342428747198
Total,total_desastres,GO,PR,0.43517506038038195
Total,total_desastres,GO,RJ,-0.14452026608588014
Total,total_desastres,GO,RN,-0.013866013792205017
Total,total_desastres,GO,RO,0.036652784393603526
Total,total_desastres,GO,RR,-0.2744480810243409
Total,total_desastres,GO,RS,0.1361189209281107
Total,total_desastres,GO,SC,0.09621320365580381
Total,total_desastres,GO,SE,0.012688921802591466
Total,total_desastres,GO,SP,0.022432601961106916
Total,total_desastres,GO,TO,0.31953177508323294
Total,total_desastres,MA,MG,-0.13372928901064499
Total,total_desastres,MA,MS,-0.10852755666482733
Total,total_desastres,MA,MT,0.04552622695049771
Total,total_desastres,MA,PA,0.0686879602404493
Total,total_desastres,MA,PB,0.019887103861086455
Total,total_desastres,MA,PE,-0.03229759931829406
Total,total_desastres,MA,PI,0.43509458969170195
Total,total_desastres,MA,PR,-0.15932485097476826
Total,total_desastres,MA,RJ,-0.12486319188923274
Total,total_desastres,MA,RN,0.05337355554635171
Total,total_desastres,MA,RO,-0.0475366320064841
Total,total_desastres,MA,RR,-0.20105256843421682
Total,total_desastres,MA,RS,-0.08212441187459232
Total,total_desastres,MA,SC,-0.2236323641773946
Total,total_desastres,MA,SE,0.019542286272978975
Total,total_desastres,MA,SP,-0.3629765114968581
Total,total_desastres,MA,TO,0.20491623225717767
Total,total_desastres,MG,MS,0.23490509989168337
Total,total_desastres,MG,MT,0.1691670426730869
Total,total_desastres,MG,PA,0.055224956560417
Total,total_desastres,MG,PB,-0.14294889717047157
Total,total_desastres,MG,PE,-0.27695346842065555
Total,total_desastres,MG,PI,-0.23962702181828452
Total,total_desastres,MG,PR,0.5566486938490488
Total,total_desastres,MG,RJ,0.1071561576726761
Total,total_desastres,MG,RN,-0.15436173134580375
Total,total_desastres,MG,RO,0.2667236214439855
Total,total_desastres,MG,RR,-0.3936161504248077
Total,total_desastres,MG,RS,0.28983216993798416
Total,total_desastres,MG,SC,0.5467496221637002
Total,total_desastres,MG,SE,-0.17732032207647333
Total,total_desastres,MG,SP,0.5338956764169839
Total,total_desastres,MG,TO,0.1569670910567306
Total,total_desastres,MS,MT,0.3705739431233717
Total,total_desastres,MS,PA,-0.024091194600561864
Total,total_desastres,MS,PB,-0.3169699709599303
Total,total_desastres,MS,PE,-0.40019313572369153
Total,total_desastres,MS,PI,-0.3000201792487862
Total,total_desastres,MS,PR,0.5416020486641303
Total,total_desastres,MS,RJ,-0.28408775001089753
Total,total_desastres,MS,RN,-0.3170269382997976
Total,total_desastres,MS,RO,0.20362927906017894
Total,total_desastres,MS,RR,-0.16210502736420185
Total,total_desastres,MS,RS,0.23959346599850445
Total,total_desastres,MS,SC,0.23037912050651527
Total,total_desastres,MS,SE,-0.20687857524658934
Total,total_desastres,MS,SP,0.0945178057005503
Total,total_desastres,MS,TO,0.35357400635708924
Total,total_desastres,MT,PA,-0.12138604705123976
Total,total_desastres,MT,PB,-0.3585662459345156
Total,total_desastres,MT,PE,-0.35912901174330875
Total,total_desastres,MT,PI,-0.2889795851072135
Total,total_desastres,MT,PR,0.3339055976520392
Total,total_desastres,MT,RJ,-0.2624447839630855
Total,total_desastres,MT,RN,-0.20682836402587054
Total,total_desastres,MT,RO,0.1432418434016521
Total,total_desastres,MT,RR,-0.1207914787982918
Total,total_desastres,MT,RS,0.1947783817174142
Total,total_desastres,MT,SC,0.1429320386437657
Total,total_desastres,MT,SE,-0.0023507407513429
Total,total_desastres,MT,SP,-0.10183426280808824
Total,total_desastres,MT,TO,0.32156928783980354
Total,total_desastres,PA,PB,0.07716252766914841
Total,total_desastres,PA,PE,0.12341650259373398
Total,total_desastres,PA,PI,-0.016691732187800293
Total,total_desastres,PA,PR,-0.09021540741188624
Total,total_desastres,PA,RJ,0.05970464420661981
Total,total_desastres,PA,RN,-0.04058896887587893
Total,total_desastres,PA,RO,0.07960949531700219
Total,total_desastres,PA,RR,-0.3263964019949466
Total,total_desastres,PA,RS,-0.1541963049305644
Total,total_desastres,PA,SC,-0.041231132940531615
Total,total_desastres,PA,SE,-0.04733939986591168
Total,total_desastres,PA,SP,0.10092375000063915
Total,total_desastres,PA,TO,-0.05907619111741131
Total,total_desastres,PB,PE,0.4551460945814023
Total,total_desastres,PB,PI,0.4493029535855993
Total,total_desastres,PB,PR,-0.15491717166406305
Total,total_desastres,PB,RJ,0.1499358050613575
Total,total_desastres,PB,RN,0.33306334753908007
Total,total_desastres,PB,RO,-0.19211937797481937
Total,total_desastres,PB,RR,-0.22956383196976385
Total,total_desastres,PB,RS,-0.21357167422348952
Total,total_desastres,PB,SC,-0.13976767319184666
Total,total_desastres,PB,SE,0.13602486688266183
Total,total_desastres,PB,SP,0.04306033319657966
Total,total_desastres,PB,TO,-0.3604462193792674
Total,total_desastres,PE,PI,0.2612476521866655
Total,total_desastres,PE,PR,-0.32418410745586795
Total,total_desastres,PE,RJ,0.43582723658311606
Total,total_desastres,PE,RN,0.1592572326783646
Total,total_desastres,PE,RO,-0.27709966316420215
Total,total_desastres,PE,RR,-0.16679821701945638
Total,total_desastres,PE,RS,-0.2851025959724886
Total,total_desastres,PE,SC,-0.2361688194824525
Total,total_desastres,PE,SE,0.18774058413138922
Total,total_desastres,PE,SP,-0.0030206205998901036
Total,total_desastres,PE,TO,-0.43371845655353936
Total,total_desastres,PI,PR,-0.35134344427891745
Total,total_desastres,PI,RJ,-0.04596779732724022
Total,total_desastres,PI,RN,0.23673843274259498
Total,total_desastres,PI,RO,-0.3107837764768829
Total,total_desastres,PI,RR,-0.11323974863148341
Total,total_desastres,PI,RS,-0.1721290534443367
Total,total_desastres,PI,SC,-0.36242471333212095
Total,total_desastres,PI,SE,0.14563713813208382
Total,total_desastres,PI,SP,-0.3014295069981794
Total,total_desastres,PI,TO,-0.16567570118657635
Total,total_desastres,PR,RJ,-0.035663683177876715
Total,total_desastres,PR,RN,-0.19865395435677036
Total,total_desastres,PR,RO,0.32909291879255576
Total,total_desastres,PR,RR,-0.3486662454641963
Total,total_desastres,PR,RS,0.5774392052147076
Total,total_desastres,PR,SC,0.6660137686190252
Total,total_desastres,PR,SE,-0.12596319994679991
Total,total_desastres,PR,SP,0.46309662370762444
Total,total_desastres,PR,TO,0.2320977826527136
Total,total_desastres,RJ,RN,0.1943523283098059
Total,total_desastres,RJ,RO,-0.2185630270634966
Total,total_desastres,RJ,RR,-0.29327136555518796
Total,total_desastres,RJ,RS,-0.18814505389087435
Total,total_desastres,RJ,SC,0.030645282220821222
Total,total_desastres,RJ,SE,0.0073254072088285195
Total,total_desastres,RJ,SP,0.2519727971141997
Total,total_desastres,RJ,TO,-0.22188245586540123
Total,total_desastres,RN,RO,-0.3063281672724957
Total,total_desastres,RN,RR,-0.2414883080472348
Total,total_desastres,RN,RS,-0.15944741234192508
Total,total_desastres,RN,SC,-0.24886305968151728
Total,total_desastres,RN,SE,0.32130752158023973
Total,total_desastres,RN,SP,-0.06724227790593598
Total,total_desastres,RN,TO,-0.13020606063099
Total,total_desastres,RO,RR,-0.03783639201599071
Total,total_desastres,RO,RS,0.33544460925012504
Total,total_desastres,RO,SC,0.5065829399312047
Total,total_desastres,RO,SE,-0.26343371538504723
Total,total_desastres,RO,SP,0.3378482886862206
Total,total_desastres,RO,TO,0.12582063607223387
Total,total_desastres,RR,RS,-0.09900812289376049
Total,total_desastres,RR,SC,-0.2509606901627122
Total,total_desastres,RR,SE,-0.1201646833726286
Total,total_desastres,RR,SP,-0.287147102368341
Total,total_desastres,RR,TO,-0.13527004274655224
Total,total_desastres,RS,SC,0.6376491033929229
Total,total_desastres,RS,SE,-0.15116397015124436
Total,total_desastres,RS,SP,0.24510833476349533
Total,total_desastres,RS,TO,0.22180156898909228
Total,total_desastres,SC,SE,-0.2501057768152254
Total,total_desastres,SC,SP,0.60166208063387
Total,total_desastres,SC,TO,0.008778701337212251
Total,total_desastres,SE,SP,-0.17811741138908685
Total,total_desastres,SE,TO,-0.25810691178825457
Total,total_desastres,SP,TO,-0.18208469222520166
Total,grupo_climatologico,AC,AL,-0.11361946770339511
Total,grupo_climatologico,AC,AM,0.2080216114923736
Total,grupo_climatologico,AC,AP,-0.009849553871533152
Total,grupo_climatologico,AC,BA,-0.0036147319135109855
Total,grupo_climatologico,AC,CE,-0.04876459138553814
Total,grupo_climatologico,AC,DF,-0.17205872196499608
Total,grupo_climatologico,AC,ES,-0.020111434567594726
Total,grupo_climatologico,AC,GO,-0.21331142087790061
Total,grupo_climatologico,AC,MA,-0.06864818055362878
Total,grupo_climatologico,AC,MG,-0.036392720528797676
Total,grupo_climatologico,AC,MS,-0.06286230955193019
Total,grupo_climatologico,AC,MT,-0.11400610635716092
Total,grupo_climatologico,AC,PA,0.19666984478238997
Total,grupo_climatologico,AC,PB,-0.16702727878179088
Total,grupo_climatologico,AC,PE,-0.007095148832747658
Total,grupo_climatologico,AC,PI,-0.07502652935448009
Total,grupo_climatologico,AC,PR,-0.1359654577359016
Total,grupo_climatologico,AC,RJ,-0.0846981492842356
Total,grupo_climatologico,AC,RN,-0.2849992636633146
Total,grupo_climatologico,AC,RO,0.26048874672470707
Total,grupo_climatologico,AC,RR,0.01400810714313174
Total,grupo_climatologico,AC,RS,-0.12632239840590945
Total,grupo_climatologico,AC,SC,0.13143679951582346
Total,grupo_climatologico,AC,SE,-0.07425930975678927
Total,grupo_climatologico,AC,SP,0.10094879422484272
Total,grupo_climatologico,AC,TO,-0.11398510144618469
Total,grupo_climatologico,AL,AM,0.05068267670848589
Total,grupo_climatologico,AL,AP,-0.12920501465753179
Total,grupo_climatologico,AL,BA,0.4906123585557701
Total,grupo_climatologico,AL,CE,0.5010411069469382
Total,grupo_climatologico,AL,DF,-0.1361761223400342
Total,grupo_climatologico,AL,ES,0.044556126167999525
Total,grupo_climatologico,AL,GO,-0.21962905483016434
Total,grupo_climatologico,AL,MA,0.13882812997575286
Total,grupo_climatologico,AL,MG,-0.34959494803957986
Total,grupo_climatologico,AL,MS,-0.26264349981882684
Total,grupo_climatologico,AL,MT,-0.2421371116877574
Total,grupo_climatologico,AL,PA,0.2003548539301363
Total,grupo_climatologico,AL,PB,0.4917520118302177
Total,grupo_climatologico,AL,PE,0.5126773894482483
Total,grupo_climatologico,AL,PI,0.3597017893292832
Total,grupo_climatologico,AL,PR,-0.31725990299037143
Total,grupo_climatologico,AL,RJ,0.17108654312588786
Total,grupo_climatologico,AL,RN,0.34237071701221816
Total,grupo_climatologico,AL,RO,-0.322433979444064
Total,grupo_climatologico,AL,RR,-0.22220980384003572
Total,grupo_climatologico,AL,RS,-0.32053896151761896
Total,grupo_climatologico,AL,SC,-0.4164615892703966
Total,grupo_climatologico,AL,SE,0.2684544719234511
Total,grupo_climatologico,AL,SP,-0.19818214492412925
Total,grupo_climatologico,AL,TO,-0.3332566883543028
Total,grupo_climatologico,AM,AP,-8.806458184563329e-06
Total,grupo_climatologico,AM,BA,0.2827550017240495
Total,grupo_climatologico,AM,CE,0.36750630960244135
Total,grupo_climatologico,AM,DF,-0.0411490099038541
Total,grupo_climatologico,AM,ES,0.07095243958585166
Total,grupo_climatologico,AM,GO,-0.2437894464257862
Total,grupo_climatologico,AM,MA,-0.15234130627221978
Total,grupo_climatologico,AM,MG,-0.1596256104353622
Total,grupo_climatologico,AM,MS,-0.17327850361712252
Total,grupo_climatologico,AM,MT,-0.3369861168393265
Total,grupo_climatologico,AM,PA,0.12502412505493268
Total,grupo_climatologico,AM,PB,0.025025269095924917
Total,grupo_climatologico,AM,PE,0.26281294248243575
Total,grupo_climatologico,AM,PI,-0.026594875790870217
Total,grupo_climatologico,AM,PR,-0.25369335930456055
Total,grupo_climatologico,AM,RJ,0.2864143575976275
Total,grupo_climatologico,AM,RN,-0.025888235585475858
Total,grupo_climatologico,AM,RO,-0.16710267987083005
Total,grupo_climatologico,AM,RR,-0.12780104203831372
Total,grupo_climatologico,AM,RS,-0.28265934542437565
Total,grupo_climatologico,AM,SC,-0.07437589337087326
Total,grupo_climatologico,AM,SE,0.11532762204156691
Total,grupo_climatologico,AM,SP,0.1542904125369996
Total,grupo_climatologico,AM,TO,-0.2624040724559213
Total,grupo_climatologico,AP,BA,-0.15175878728904552
Total,grupo_climatologico,AP,CE,-0.10341921748568529
Total,grupo_climatologico,AP,DF,-0.06072319497082639
Total,grupo_climatologico,AP,ES,-0.1390767759177556
Total,grupo_climatologico,AP,GO,-0.1422031001248454
Total,grupo_climatologico,AP,MA,-0.08501225147591245
Total,grupo_climatologico,AP,MG,0.09138369791555478
Total,grupo_climatologico,AP,MS,0.0029849956449788367
Total,grupo_climatologico,AP,MT,-0.05681826797275948
Total,grupo_climatologico,AP,PA,0.07311245757705367
Total,grupo_climatologico,AP,PB,-0.1382353489344691
Total,grupo_climatologico,AP,PE,-0.1040156514209234
Total,grupo_climatologico,AP,PI,-0.19033785938244552
Total,grupo_climatologico,AP,PR,-0.06758425874153855
Total,grupo_climatologico,AP,RJ,-0.017830210182368997
Total,grupo_climatologico,AP,RN,-0.15284118553840714
Total,grupo_climatologico,AP,RO,-0.1285767162536519
Total,grupo_climatologico,AP,RR,-0.026131976086754206
Total,grupo_climatologico,AP,RS,-0.19246250856708386
Total,grupo_climatologico,AP,SC,-0.079818301606137
Total,grupo_climatologico,AP,SE,-0.2121186587658004
Total,grupo_climatologico,AP,SP,-0.13409792333754147
Total,grupo_climatologico,AP,TO,0.05398995953415996
Total,grupo_climatologico,BA,CE,0.4913658262532254
Total,grupo_climatologico,BA,DF,0.00775225398233827
Total,grupo_climatologico,BA,ES,0.0975385425439558
Total,grupo_climatologico,BA,GO,-0.15428100660488775
Total,grupo_climatologico,BA,MA,-0.037515173154463066
Total,grupo_climatologico,BA,MG,-0.22292098439846134
Total,grupo_climatologico,BA,MS,-0.27839837185273647
Total,grupo_climatologico,BA,MT,-0.31768458257636284
Total,grupo_climatologico,BA,PA,0.16020056269109578
Total,grupo_climatologico,BA,PB,0.31819461270586685
Total,grupo_climatologico,BA,PE,0.4368925318459383
Total,grupo_climatologico,BA,PI,0.22073950137428416
Total,grupo_climatologico,BA,PR,-0.30857008541032266
Total,grupo_climatologico,BA,RJ,0.386849383774758
Total,grupo_climatologico,BA,RN,0.4223128737903428
Total,grupo_climatologico,BA,RO,-0.29068997481424985
Total,grupo_climatologico,BA,RR,-0.26526409884950813
Total,grupo_climatologico,BA,RS,-0.2766890995280857
Total,grupo_climatologico,BA,SC,-0.24946249664952916
Total,grupo_climatologico,BA,SE,0.2546786467887079
Total,grupo_climatologico,BA,SP,-0.034706480528304044
Total,grupo_climatologico,BA,TO,-0.3843165496279968
Total,grupo_climatologico,CE,DF,-0.04328649641717476
Total,grupo_climatologico,CE,ES,0.15891413606792273
Total,grupo_climatologico,CE,GO,-0.34467058052631167
Total,grupo_climatologico,CE,MA,0.020598051034755635
Total,grupo_climatologico,CE,MG,-0.27090130140040364
Total,grupo_climatologico,CE,MS,-0.4262934892963854
Total,grupo_climatologico,CE,MT,-0.37180550514912175
Total,grupo_climatologico,CE,PA,0.2008521301579474
Total,grupo_climatologico,CE,PB,0.4923676222034707
Total,grupo_climatologico,CE,PE,0.67060280155182
Total,grupo_climatologico,CE,PI,0.3775586191433318
Total,grupo_climatologico,CE,PR,-0.4238346637227334
Total,grupo_climatologico,CE,RJ,0.36200785811723246
Total,grupo_climatologico,CE,RN,0.34793151021528235
Total,grupo_climatologico,CE,RO,-0.3045822402053772
Total,grupo_climatologico,CE,RR,-0.2737573904190524
Total,grupo_climatologico,CE,RS,-0.3772285308627896
Total,grupo_climatologico,CE,SC,-0.3522279918127912
Total,grupo_climatologico,CE,SE,0.199733199005819
Total,grupo_climatologico,CE,SP,-0.03453082081376369
Total,grupo_climatologico,CE,TO,-0.3772055215822355
Total,grupo_climatologico,DF,ES,0.08139612623979162
Total,grupo_climatologico,DF,GO,0.07970933847655597
Total,grupo_climatologico,DF,MA,-0.2512017986539241
Total,grupo_climatologico,DF,MG,0.43501921087453643
Total,grupo_climatologico,DF,MS,0.061150781207083504
Total,grupo_climatologico,DF,MT,-0.03912956641593321
Total,grupo_climatologico,DF,PA,-0.06487026870536577
Total,grupo_climatologico,DF,PB,0.16009060464425984
Total,grupo_climatologico,DF,PE,-0.025465416352554997
Total,grupo_climatologico,DF,PI,-0.12063591285490743
Total,grupo_climatologico,DF,PR,0.3432231412234706
Total,grupo_climatologico,DF,RJ,0.19258220270720403
Total,grupo_climatologico,DF,RN,-0.0029898497430005545
Total,grupo_climatologico,DF,RO,0.10552756541849445
Total,grupo_climatologico,DF,RR,-0.2771870537014582
Total,grupo_climatologico,DF,RS,0.3135986972413672
Total,grupo_climatologico,DF,SC,0.44050491434321143
Total,grupo_climatologico,DF,SE,-0.054439957183428235
Total,grupo_climatologico,DF,SP,0.41632068580558124
Total,grupo_climatologico,DF,TO,-0.09138243288815542
Total,grupo_climatologico,ES,GO,-0.025351925416198687
Total,grupo_climatologico,ES,MA,0.0854317284155693
Total,grupo_climatologico,ES,MG,0.21734961918414658
Total,grupo_climatologico,ES,MS,-0.15768914015069976
Total,grupo_climatologico,ES,MT,-0.14688558990772588
Total,grupo_climatologico,ES,PA,0.0006826212907906248
Total,grupo_climatologico,ES,PB,0.11352387788131899
Total,grupo_climatologico,ES,PE,0.025359722713222413
Total,grupo_climatologico,ES,PI,0.06331417651883407
Total,grupo_climatologico,ES,PR,0.007526941983884576
Total,grupo_climatologico,ES,RJ,0.14708584452352141
Total,grupo_climatologico,ES,RN,0.25002613299057874
Total,grupo_climatologico,ES,RO,-0.1769022954236961
Total,grupo_climatologico,ES,RR,-0.33376969588377364
Total,grupo_climatologico,ES,RS,0.059285467433911186
Total,grupo_climatologico,ES,SC,0.09530951939080848
Total,grupo_climatologico,ES,SE,0.08332486393901266
Total,grupo_climatologico,ES,SP,0.21717754868657216
Total,grupo_climatologico,ES,TO,0.030239759611440403
Total,grupo_climatologico,GO,MA,0.06999871812976646
Total,grupo_climatologico,GO,MG,0.30303968667795383
Total,grupo_climatologico,GO,MS,0.579671947660157
Total,grupo_climatologico,GO,MT,0.38526622795664106
Total,grupo_climatologico,GO,PA,0.0035941476009970713
Total,grupo_climatologico,GO,PB,-0.21285877572440895
Total,grupo_climatologico,GO,PE,-0.408676068360367
Total,grupo_climatologico,GO,PI,-0.08046396426767821
Total,grupo_climatologico,GO,PR,0.43544301412400765
Total,grupo_climatologico,GO,RJ,-0.14432595420987515
Total,grupo_climatologico,GO,RN,-0.015546781136290386
Total,grupo_climatologico,GO,RO,0.038595595044246936
Total,grupo_climatologico,GO,RR,-0.27354492519448015
Total,grupo_climatologico,GO,RS,0.13803842233075403
Total,grupo_climatologico,GO,SC,0.09959983340103108
Total,grupo_climatologico,GO,SE,0.013442962221693
Total,grupo_climatologico,GO,SP,0.02202248070606601
Total,grupo_climatologico,GO,TO,0.3201688396597171
Total,grupo_climatologico,MA,MG,-0.1343890419887445
Total,grupo_climatologico,MA,MS,-0.11145545933711146
Total,grupo_climatologico,MA,MT,0.045944275405542495
Total,grupo_climatologico,MA,PA,0.06614875502917973
Total,grupo_climatologico,MA,PB,0.01989775755779557
Total,grupo_climatologico,MA,PE,-0.031295408959750075
Total,grupo_climatologico,MA,PI,0.4366896106421834
Total,grupo_climatologico,MA,PR,-0.15821828352351247
Total,grupo_climatologico,MA,RJ,-0.12353355858577501
Total,grupo_climatologico,MA,RN,0.05628622310362428
Total,grupo_climatologico,MA,RO,-0.046748261865482754
Total,grupo_climatologico,MA,RR,-0.20107479292476588
Total,grupo_climatologico,MA,RS,-0.08161581377374359
Total,grupo_climatologico,MA,SC,-0.20791587224883049
Total,grupo_climatologico,MA,SE,0.021788613097086715
Total,grupo_climatologico,MA,SP,-0.362806091574511
Total,grupo_climatologico,MA,TO,0.20467644003676927
Total,grupo_climatologico,MG,MS,0.23352283354859552
Total,grupo_climatologico,MG,MT,0.1678978252696839
Total,grupo_climatologico,MG,PA,0.04659959703531867
Total,grupo_climatologico,MG,PB,-0.14182766927488025
Total,grupo_climatologico,MG,PE,-0.27486237979161293
Total,grupo_climatologico,MG,PI,-0.23706145208078958
Total,grupo_climatologico,MG,PR,0.5538399740307869
Total,grupo_climatologico,MG,RJ,0.109777470093829
Total,grupo_climatologico,MG,RN,-0.1480062019113098
Total,grupo_climatologico,MG,RO,0.2619592327367874
Total,grupo_climatologico,MG,RR,-0.39647502050719724
Total,grupo_climatologico,MG,RS,0.29003934627077227
Total,grupo_climatologico,MG,SC,0.5419848694119593
Total,grupo_climatologico,MG,SE,-0.17109364012724024
Total,grupo_climatologico,MG,SP,0.5343081000648406
Total,grupo_climatologico,MG,TO,0.15648354659179048
Total,grupo_climatologico,MS,MT,0.36812580822018365
Total,grupo_climatologico,MS,PA,-0.0327972914938356
Total,grupo_climatologico,MS,PB,-0.3180272614330908
Total,grupo_climatologico,MS,PE,-0.403822855965264
Total,grupo_climatologico,MS,PI,-0.29880423829485464
Total,grupo_climatologico,MS,PR,0.541636317023826
Total,grupo_climatologico,MS,RJ,-0.2915194258375197
Total,grupo_climatologico,MS,RN,-0.31453266684946984
Total,grupo_climatologico,MS,RO,0.20725561217455227
Total,grupo_climatologico,MS,RR,-0.15784732621457823
Total,grupo_climatologico,MS,RS,0.24445004175478519
Total,grupo_climatologico,MS,SC,0.2334432698018114
Total,grupo_climatologico,MS,SE,-0.20663939339864845
Total,grupo_climatologico,MS,SP,0.0936486214573
Total,grupo_climatologico,MS,TO,0.34982731575602
Total,grupo_climatologico,MT,PA,-0.12618305884659747
Total,grupo_climatologico,MT,PB,-0.3592046694392054
Total,grupo_climatologico,MT,PE,-0.3598541633637774
Total,grupo_climatologico,MT,PI,-0.2883342650730228
Total,grupo_climatologico,MT,PR,0.33397510474070047
Total,grupo_climatologico,MT,RJ,-0.2662778692735849
Total,grupo_climatologico,MT,RN,-0.20834040765163522
Total,grupo_climatologico,MT,RO,0.1451981000962601
Total,grupo_climatologico,MT,RR,-0.12003345109537084
Total,grupo_climatologico,MT,RS,0.19970964179586473
Total,grupo_climatologico,MT,SC,0.15038423455282407
Total,grupo_climatologico,MT,SE,-0.002758269761579511
Total,grupo_climatologico,MT,SP,-0.1013573380878779
Total,grupo_climatologico,MT,TO,0.32041952216816627
Total,grupo_climatologico,PA,PB,0.08344832942012124
Total,grupo_climatologico,PA,PE,0.12927181053424264
Total,grupo_climatologico,PA,PI,-0.012269161876252706
Total,grupo_climatologico,PA,PR,-0.09366506653278964
Total,grupo_climatologico,PA,RJ,0.05706693070104449
Total,grupo_climatologico,PA,RN,-0.036777669850761315
Total,grupo_climatologico,PA,RO,0.07973103027922988
Total,grupo_climatologico,PA,RR,-0.32268695887515925
Total,grupo_climatologico,PA,RS,-0.1579831700011381
Total,grupo_climatologico,PA,SC,-0.04562891703213138
Total,grupo_climatologico,PA,SE,-0.043114242196986875
Total,grupo_climatologico,PA,SP,0.09933412339650147
Total,grupo_climatologico,PA,TO,-0.06530728920450331
Total,grupo_climatologico,PB,PE,0.4564024066162267
Total,grupo_climatologico,PB,PI,0.4485912515149971
Total,grupo_climatologico,PB,PR,-0.157625655946977
Total,grupo_climatologico,PB,RJ,0.15779039680399454
Total,grupo_climatologico,PB,RN,0.33362615859628686
Total,grupo_climatologico,PB,RO,-0.1938579026625266
Total,grupo_climatologico,PB,RR,-0.22981884978809175
Total,grupo_climatologico,PB,RS,-0.22127515018497879
Total,grupo_climatologico,PB,SC,-0.14577803971616896
Total,grupo_climatologico,PB,SE,0.13217778472954392
Total,grupo_climatologico,PB,SP,0.041797486838795674
Total,grupo_climatologico,PB,TO,-0.3609740073877708
Total,grupo_climatologico,PE,PI,0.259194161483364
Total,grupo_climatologico,PE,PR,-0.32525740429676425
Total,grupo_climatologico,PE,RJ,0.4378547237891914
Total,grupo_climatologico,PE,RN,0.16031268678534782
Total,grupo_climatologico,PE,RO,-0.2772901002032339
Total,grupo_climatologico,PE,RR,-0.16714994469871014
Total,grupo_climatologico,PE,RS,-0.2902379289580531
Total,grupo_climatologico,PE,SC,-0.24269177812012038
Total,grupo_climatologico,PE,SE,0.18487468952279726
Total,grupo_climatologico,PE,SP,-0.003546474470661424
Total,grupo_climatologico,PE,TO,-0.4310188945904023
Total,grupo_climatologico,PI,PR,-0.3511738695054955
Total,grupo_climatologico,PI,RJ,-0.0397736748924768
Total,grupo_climatologico,PI,RN,0.23682288190150186
Total,grupo_climatologico,PI,RO,-0.3123223197798707
Total,grupo_climatologico,PI,RR,-0.11380479391729852
Total,grupo_climatologico,PI,RS,-0.17431240510944113
Total,grupo_climatologico,PI,SC,-0.3639538407359686
Total,grupo_climatologico,PI,SE,0.14257481947237602
Total,grupo_climatologico,PI,SP,-0.3031876476077177
Total,grupo_climatologico,PI,TO,-0.16264094921011513
Total,grupo_climatologico,PR,RJ,-0.0432140921779902
Total,grupo_climatologico,PR,RN,-0.20334406295576524
Total,grupo_climatologico,PR,RO,0.3249780927361251
Total,grupo_climatologico,PR,RR,-0.34728191308690337
Total,grupo_climatologico,PR,RS,0.5791210584021285
Total,grupo_climatologico,PR,SC,0.6670977691120213
Total,grupo_climatologico,PR,SE,-0.12399866013993938
Total,grupo_climatologico,PR,SP,0.46319564137730274
Total,grupo_climatologico,PR,TO,0.23165412769796503
Total,grupo_climatologico,RJ,RN,0.1994701791618044
Total,grupo_climatologico,RJ,RO,-0.22027577494793876
Total,grupo_climatologico,RJ,RR,-0.29442067998245613
Total,grupo_climatologico,RJ,RS,-0.19601850282514696
Total,grupo_climatologico,RJ,SC,0.01802595488808211
Total,grupo_climatologico,RJ,SE,0.009738726580502148
Total,grupo_climatologico,RJ,SP,0.25097584257803324
Total,grupo_climatologico,RJ,TO,-0.22250213996341683
Total,grupo_climatologico,RN,RO,-0.3059716907465235
Total,grupo_climatologico,RN,RR,-0.2422538280066515
Total,grupo_climatologico,RN,RS,-0.16706244400842507
Total,grupo_climatologico,RN,SC,-0.25719424756378245
Total,grupo_climatologico,RN,SE,0.31901262983434225
Total,grupo_climatologico,RN,SP,-0.06700073615502924
Total,grupo_climatologico,RN,TO,-0.12869847968693204
Total,grupo_climatologico,RO,RR,-0.038545304230089755
Total,grupo_climatologico,RO,RS,0.3399566734581101
Total,grupo_climatologico,RO,SC,0.5067725160686617
Total,grupo_climatologico,RO,SE,-0.2644904769957603
Total,grupo_climatologico,RO,SP,0.3353287149865571
Total,grupo_climatologico,RO,TO,0.12639889854655253
Total,grupo_climatologico,RR,RS,-0.09664098458969059
Total,grupo_climatologico,RR,SC,-0.2505415454940871
Total,grupo_climatologico,RR,SE,-0.12282203765346865
Total,grupo_climatologico,RR,SP,-0.287911359439925
Total,grupo_climatologico,RR,TO,-0.1338154908558628
Total,grupo_climatologico,RS,SC,0.634204243224128
Total,grupo_climatologico,RS,SE,-0.14882058079317595
Total,grupo_climatologico,RS,SP,0.2451405832802172
Total,grupo_climatologico,RS,TO,0.2226940176262802
Total,grupo_climatologico,SC,SE,-0.24904861655851504
Total,grupo_climatologico,SC,SP,0.5978068101504778
Total,grupo_climatologico,SC,TO,0.009414595844548812
Total,grupo_climatologico,SE,SP,-0.178886311335022
Total,grupo_climatologico,SE,TO,-0.2545967679002955
Total,grupo_climatologico,SP,TO,-0.18150775206640388
Total,grupo_hidrologico,AC,AL,-0.11579664924618728
Total,grupo_hidrologico,AC,AM,0.20114395728748657
Total,grupo_hidrologico,AC,AP,-0.011732116607487512
Total,grupo_hidrologico,AC,BA,-0.008038582150113152
Total,grupo_hidrologico,AC,CE,-0.055765658294034376
Total,grupo_hidrologico,AC,DF,-0.18701846734479913
Total,grupo_hidrologico,AC,ES,-0.019530351644687922
Total,grupo_hidrologico,AC,GO,-0.20749605151037773
Total,grupo_hidrologico,AC,MA,-0.06233555413140997
Total,grupo_hidrologico,AC,MG,-0.024998961013475193
Total,grupo_hidrologico,AC,MS,-0.05772540588433946
Total,grupo_hidrologico,AC,MT,-0.1052100391440459
Total,grupo_hidrologico,AC,PA,0.19967485085067121
Total,grupo_hidrologico,AC,PB,-0.16444767687041315
Total,grupo_hidrologico,AC,PE,-0.01675702067329842
Total,grupo_hidrologico,AC,PI,-0.08613932004801905
Total,grupo_hidrologico,AC,PR,-0.1287770475375334
Total,grupo_hidrologico,AC,RJ,-0.08117641745068198
Total,grupo_hidrologico,AC,RN,-0.2888389437243512
Total,grupo_hidrologico,AC,RO,0.26436716758301665
Total,grupo_hidrologico,AC,RR,0.013323204862967966
Total,grupo_hidrologico,AC,RS,-0.1387182968102492
Total,grupo_hidrologico,AC,SC,0.13128433014104618
Total,grupo_hidrologico,AC,SE,-0.07634022181454052
Total,grupo_hidrologico,AC,SP,0.10422328907337743
Total,grupo_hidrologico,AC,TO,-0.10270891989612628
Total,grupo_hidrologico,AL,AM,0.04355146837135702
Total,grupo_hidrologico,AL,AP,-0.12941879389928307
Total,grupo_hidrologico,AL,BA,0.48814567947013177
Total,grupo_hidrologico,AL,CE,0.5009692816475161
Total,grupo_hidrologico,AL,DF,-0.13707226414558596
Total,grupo_hidrologico,AL,ES,0.044823871780227086
Total,grupo_hidrologico,AL,GO,-0.21789281054635262
Total,grupo_hidrologico,AL,MA,0.1391295735320303
Total,grupo_hidrologico,AL,MG,-0.35387944914034974
Total,grupo_hidrologico,AL,MS,-0.26174442239496243
Total,grupo_hidrologico,AL,MT,-0.24054257921609684
Total,grupo_hidrologico,AL,PA,0.1832628528729607
Total,grupo_hidrologico,AL,PB,0.49848189333495985
Total,grupo_hidrologico,AL,PE,0.519884386855352
Total,grupo_hidrologico,AL,PI,0.36527902592959105
Total,grupo_hidrologico,AL,PR,-0.3175423843851555
Total,grupo_hidrologico,AL,RJ,0.16306660163152537
Total,grupo_hidrologico,AL,RN,0.3496059484711083
Total,grupo_hidrologico,AL,RO,-0.3276385818181039
Total,grupo_hidrologico,AL,RR,-0.22374093067915105
Total,grupo_hidrologico,AL,RS,-0.3165912445444128
Total,grupo_hidrologico,AL,SC,-0.42380281629241573
Total,grupo_hidrologico,AL,SE,0.2755203463839132
Total,grupo_hidrologico,AL,SP,-0.20053737653391512
Total,grupo_hidrologico,AL,TO,-0.33252329973952943
Total,grupo_hidrologico,AM,AP,0.0005085845908008361
Total,grupo_hidrologico,AM,BA,0.2767518478662553
Total,grupo_hidrologico,AM,CE,0.36496884772486576
Total,grupo_hidrologico,AM,DF,-0.04351670572692764
Total,grupo_hidrologico,AM,ES,0.06327226875110782
Total,grupo_hidrologico,AM,GO,-0.23599941208188924
Total,grupo_hidrologico,AM,MA,-0.14322875266838098
Total,grupo_hidrologico,AM,MG,-0.15506001910831255
Total,grupo_hidrologico,AM,MS,-0.17137262145763726
Total,grupo_hidrologico,AM,MT,-0.3345253468778677
Total,grupo_hidrologico,AM,PA,0.11776896509514977
Total,grupo_hidrologico,AM,PB,0.02351007972155407
Total,grupo_hidrologico,AM,PE,0.2501549116530496
Total,grupo_hidrologico,AM,PI,-0.020045416149398053
Total,grupo_hidrologico,AM,PR,-0.2588677921111941
Total,grupo_hidrologico,AM,RJ,0.2807251582462481
Total,grupo_hidrologico,AM,RN,-0.026564934065537418
Total,grupo_hidrologico,AM,RO,-0.17035798339276284
Total,grupo_hidrologico,AM,RR,-0.12649587697721404
Total,grupo_hidrologico,AM,RS,-0.2743544828378531
Total,grupo_hidrologico,AM,SC,-0.07126012625415434
Total,grupo_hidrologico,AM,SE,0.11686739273927275
Total,grupo_hidrologico,AM,SP,0.14943141298380275
Total,grupo_hidrologico,AM,TO,-0.2527933656420086
Total,grupo_hidrologico,AP,BA,-0.15237816221771294
Total,grupo_hidrologico,AP,CE,-0.10523714601481109
Total,grupo_hidrologico,AP,DF,-0.06156353987803141
Total,grupo_hidrologico,AP,ES,-0.13960059553717197
Total,grupo_hidrologico,AP,GO,-0.1393272202210723
Total,grupo_hidrologico,AP,MA,-0.08439264493889509
Total,grupo_hidrologico,AP,MG,0.09539899474169054
Total,grupo_hidrologico,AP,MS,0.0010321752786660496
Total,grupo_hidrologico,AP,MT,-0.05280690512305012
Total,grupo_hidrologico,AP,PA,0.0721453817151563
Total,grupo_hidrologico,AP,PB,-0.1332142317708746
Total,grupo_hidrologico,AP,PE,-0.10833250995160322
Total,grupo_hidrologico,AP,PI,-0.1927488617533432
Total,grupo_hidrologico,AP,PR,-0.06738090136302065
Total,grupo_hidrologico,AP,RJ,-0.01765715076783346
Total,grupo_hidrologico,AP,RN,-0.15540277071009412
Total,grupo_hidrologico,AP,RO,-0.12660365262262963
Total,grupo_hidrologico,AP,RR,-0.026042530770292192
Total,grupo_hidrologico,AP,RS,-0.20245118686959174
Total,grupo_hidrologico,AP,SC,-0.07951517936843859
Total,grupo_hidrologico,AP,SE,-0.21008930936815762
Total,grupo_hidrologico,AP,SP,-0.13400126057877407
Total,grupo_hidrologico,AP,TO,0.056368618478339794
Total,grupo_hidrologico,BA,CE,0.49612531897669165
Total,grupo_hidrologico,BA,DF,0.00984014026101171
Total,grupo_hidrologico,BA,ES,0.09901600237227967
Total,grupo_hidrologico,BA,GO,-0.15598399785150716
Total,grupo_hidrologico,BA,MA,-0.03869907601922941
Total,grupo_hidrologico,BA,MG,-0.2219545058226648
Total,grupo_hidrologico,BA,MS,-0.27591633336675087
Total,grupo_hidrologico,BA,MT,-0.3241449800691673
Total,grupo_hidrologico,BA,PA,0.15567758423942885
Total,grupo_hidrologico,BA,PB,0.3241225174048618
Total,grupo_hidrologico,BA,PE,0.4349156626076121
Total,grupo_hidrologico,BA,PI,0.22334159325040814
Total,grupo_hidrologico,BA,PR,-0.3041749832649265
Total,grupo_hidrologico,BA,RJ,0.37888410391806265
Total,grupo_hidrologico,BA,RN,0.4185894139345227
Total,grupo_hidrologico,BA,RO,-0.2919610528075165
Total,grupo_hidrologico,BA,RR,-0.2624573453578102
Total,grupo_hidrologico,BA,RS,-0.26285976529309
Total,grupo_hidrologico,BA,SC,-0.24159477560311207
Total,grupo_hidrologico,BA,SE,0.2537236071138691
Total,grupo_hidrologico,BA,SP,-0.02790630366172225
Total,grupo_hidrologico,BA,TO,-0.38799522152629085
Total,grupo_hidrologico,CE,DF,-0.0422476069984163
Total,grupo_hidrologico,CE,ES,0.16126403778301845
Total,grupo_hidrologico,CE,GO,-0.34558195743383424
Total,grupo_hidrologico,CE,MA,0.0189420069465928
Total,grupo_hidrologico,CE,MG,-0.27239890561820845
Total,grupo_hidrologico,CE,MS,-0.42863315648560535
Total,grupo_hidrologico,CE,MT,-0.38107020023912586
Total,grupo_hidrologico,CE,PA,0.18861924877367445
Total,grupo_hidrologico,CE,PB,0.49316952605302417
Total,grupo_hidrologico,CE,PE,0.6785552786156859
Total,grupo_hidrologico,CE,PI,0.3781792276116726
Total,grupo_hidrologico,CE,PR,-0.41802955519724855
Total,grupo_hidrologico,CE,RJ,0.3579587489875334
Total,grupo_hidrologico,CE,RN,0.3548893407415567
Total,grupo_hidrologico,CE,RO,-0.31181171384796597
Total,grupo_hidrologico,CE,RR,-0.272207516750379
Total,grupo_hidrologico,CE,RS,-0.3650867313494114
Total,grupo_hidrologico,CE,SC,-0.33972508330198553
Total,grupo_hidrologico,CE,SE,0.20560295600110784
Total,grupo_hidrologico,CE,SP,-0.02399591845596895
Total,grupo_hidrologico,CE,TO,-0.3850070471959012
Total,grupo_hidrologico,DF,ES,0.0736905438991896
Total,grupo_hidrologico,DF,GO,0.08511542633942804
Total,grupo_hidrologico,DF,MA,-0.2520391328470856
Total,grupo_hidrologico,DF,MG,0.4257783623286823
Total,grupo_hidrologico,DF,MS,0.07861964814003634
Total,grupo_hidrologico,DF,MT,-0.03842676706435316
Total,grupo_hidrologico,DF,PA,-0.05866317638291015
Total,grupo_hidrologico,DF,PB,0.1517561327807592
Total,grupo_hidrologico,DF,PE,-0.021674390815845282
Total,grupo_hidrologico,DF,PI,-0.1267152740443949
Total,grupo_hidrologico,DF,PR,0.3527111205476692
Total,grupo_hidrologico,DF,RJ,0.19436067487705694
Total,grupo_hidrologico,DF,RN,0.0010665339862321837
Total,grupo_hidrologico,DF,RO,0.09905974800499186
Total,grupo_hidrologico,DF,RR,-0.279302227102435
Total,grupo_hidrologico,DF,RS,0.329268295028015
Total,grupo_hidrologico,DF,SC,0.44640174585793563
Total,grupo_hidrologico,DF,SE,-0.04891769202031911
Total,grupo_hidrologico,DF,SP,0.42004781367106114
Total,grupo_hidrologico,DF,TO,-0.08888575240263275
Total,grupo_hidrologico,ES,GO,-0.029899881263776264
Total,grupo_hidrologico,ES,MA,0.08874822631879967
Total,grupo_hidrologico,ES,MG,0.21314953831979294
Total,grupo_hidrologico,ES,MS,-0.15885337283839182
Total,grupo_hidrologico,ES,MT,-0.14892235719852542
Total,grupo_hidrologico,ES,PA,0.016263055564589613
Total,grupo_hidrologico,ES,PB,0.10944666739922286
Total,grupo_hidrologico,ES,PE,0.02777095555023178
Total,grupo_hidrologico,ES,PI,0.061938630483583425
Total,grupo_hidrologico,ES,PR,0.009499678490674355
Total,grupo_hidrologico,ES,RJ,0.13374775223975527
Total,grupo_hidrologico,ES,RN,0.2428632738292442
Total,grupo_hidrologico,ES,RO,-0.17691198818112336
Total,grupo_hidrologico,ES,RR,-0.3276000794126315
Total,grupo_hidrologico,ES,RS,0.06515362920841988
Total,grupo_hidrologico,ES,SC,0.08708226229624078
Total,grupo_hidrologico,ES,SE,0.08489031334528237
Total,grupo_hidrologico,ES,SP,0.21063058106452093
Total,grupo_hidrologico,ES,TO,0.03326433208841164
Total,grupo_hidrologico,GO,MA,0.0674453206093771
Total,grupo_hidrologico,GO,MG,0.296740570315707
Total,grupo_hidrologico,GO,MS,0.578437298560027
Total,grupo_hidrologico,GO,MT,0.38697257971197224
Total,grupo_hidrologico,GO,PA,0.01034483959417892
Total,grupo_hidrologico,GO,PB,-0.2157999469000618
Total,grupo_hidrologico,GO,PE,-0.4078107379416322
Total,grupo_hidrologico,GO,PI,-0.07609773627591268
Total,grupo_hidrologico,GO,PR,0.4322225650021539
Total,grupo_hidrologico,GO,RJ,-0.14633854686380734
Total,grupo_hidrologico,GO,RN,-0.022780093448018374
Total,grupo_hidrologico,GO,RO,0.0461988537962216
Total,grupo_hidrologico,GO,RR,-0.27357383781585826
Total,grupo_hidrologico,GO,RS,0.13251188540861433
Total,grupo_hidrologico,GO,SC,0.09122084008215825
Total,grupo_hidrologico,GO,SE,0.010873613657296617
Total,grupo_hidrologico,GO,SP,0.019567425827292057
Total,grupo_hidrologico,GO,TO,0.31519369337519254
Total,grupo_hidrologico,MA,MG,-0.1383690573209365
Total,grupo_hidrologico,MA,MS,-0.10984686993823417
Total,grupo_hidrologico,MA,MT,0.04685379859297784
Total,grupo_hidrologico,MA,PA,0.0701952294445775
Total,grupo_hidrologico,MA,PB,0.010501639376571928
Total,grupo_hidrologico,MA,PE,-0.030854847409612536
Total,grupo_hidrologico,MA,PI,0.435744889712989
Total,grupo_hidrologico,MA,PR,-0.16368179116365253
Total,grupo_hidrologico,MA,RJ,-0.12642594973357849
Total,grupo_hidrologico,MA,RN,0.05831185368139237
Total,grupo_hidrologico,MA,RO,-0.04774586989143921
Total,grupo_hidrologico,MA,RR,-0.20166772838960562
Total,grupo_hidrologico,MA,RS,-0.08101758974472378
Total,grupo_hidrologico,MA,SC,-0.21737531800612914
Total,grupo_hidrologico,MA,SE,0.01877833353177878
Total,grupo_hidrologico,MA,SP,-0.3657254234840241
Total,grupo_hidrologico,MA,TO,0.20369039495900673
Total,grupo_hidrologico,MG,MS,0.23636144903766132
Total,grupo_hidrologico,MG,MT,0.17257626949820717
Total,grupo_hidrologico,MG,PA,0.060230012636070106
Total,grupo_hidrologico,MG,PB,-0.15067121835205094
Total,grupo_hidrologico,MG,PE,-0.27783241063101244
Total,grupo_hidrologico,MG,PI,-0.24407903195337344
Total,grupo_hidrologico,MG,PR,0.5596426011014894
Total,grupo_hidrologico,MG,RJ,0.10350117008460154
Total,grupo_hidrologico,MG,RN,-0.15983573218848013
Total,grupo_hidrologico,MG,RO,0.26938372452191406
Total,grupo_hidrologico,MG,RR,-0.3929398782037081
Total,grupo_hidrologico,MG,RS,0.2895456152414266
Total,grupo_hidrologico,MG,SC,0.5443035983971519
Total,grupo_hidrologico,MG,SE,-0.17914245022550376
Total,grupo_hidrologico,MG,SP,0.5322278115380019
Total,grupo_hidrologico,MG,TO,0.15812368476368271
Total,grupo_hidrologico,MS,MT,0.37213684748399434
Total,grupo_hidrologico,MS,PA,-0.02619705882119264
Total,grupo_hidrologico,MS,PB,-0.3196609287019761
Total,grupo_hidrologico,MS,PE,-0.4021880003454447
Total,grupo_hidrologico,MS,PI,-0.29808170143601415
Total,grupo_hidrologico,MS,PR,0.5386323549483755
Total,grupo_hidrologico,MS,RJ,-0.274428308999507
Total,grupo_hidrologico,MS,RN,-0.32334534979644297
Total,grupo_hidrologico,MS,RO,0.21806887147781118
Total,grupo_hidrologico,MS,RR,-0.16213104421340763
Total,grupo_hidrologico,MS,RS,0.2298045496369815
Total,grupo_hidrologico,MS,SC,0.22668741921859448
Total,grupo_hidrologico,MS,SE,-0.21520580078823054
Total,grupo_hidrologico,MS,SP,0.09120674728275005
Total,grupo_hidrologico,MS,TO,0.34906506816849886
Total,grupo_hidrologico,MT,PA,-0.11503374089170923
Total,grupo_hidrologico,MT,PB,-0.3664115707209221
Total,grupo_hidrologico,MT,PE,-0.37019480920866593
Total,grupo_hidrologico,MT,PI,-0.2883693469732283
Total,grupo_hidrologico,MT,PR,0.33499214164570235
Total,grupo_hidrologico,MT,RJ,-0.2636581228256677
Total,grupo_hidrologico,MT,RN,-0.2205375414451744
Total,grupo_hidrologico,MT,RO,0.15102318063306402
Total,grupo_hidrologico,MT,RR,-0.12017046160580187
Total,grupo_hidrologico,MT,RS,0.1891762198749354
Total,grupo_hidrologico,MT,SC,0.1483307476339743
Total,grupo_hidrologico,MT,SE,-0.00820689715047187
Total,grupo_hidrologico,MT,SP,-0.1026581068843722
Total,grupo_hidrologico,MT,TO,0.32429320531552913
Total,grupo_hidrologico,PA,PB,0.0648898494022665
Total,grupo_hidrologico,PA,PE,0.11085659312067722
Total,grupo_hidrologico,PA,PI,-0.016675312034766847
Total,grupo_hidrologico,PA,PR,-0.09021172713872454
Total,grupo_hidrologico,PA,RJ,0.05533423083158629
Total,grupo_hidrologico,PA,RN,-0.04150096778487781
Total,grupo_hidrologico,PA,RO,0.08227917858174096
Total,grupo_hidrologico,PA,RR,-0.3259934888944171
Total,grupo_hidrologico,PA,RS,-0.15484343398509798
Total,grupo_hidrologico,PA,SC,-0.04868363259899865
Total,grupo_hidrologico,PA,SE,-0.04633603763800656
Total,grupo_hidrologico,PA,SP,0.10069142762783931
Total,grupo_hidrologico,PA,TO,-0.04765684331992446
Total,grupo_hidrologico,PB,PE,0.4690559117955627
Total,grupo_hidrologico,PB,PI,0.44668001658108736
Total,grupo_hidrologico,PB,PR,-0.15608780600799235
Total,grupo_hidrologico,PB,RJ,0.16043026129271232
Total,grupo_hidrologico,PB,RN,0.34160575115950437
Total,grupo_hidrologico,PB,RO,-0.1954055420532242
Total,grupo_hidrologico,PB,RR,-0.22707544532644794
Total,grupo_hidrologico,PB,RS,-0.21280084998133855
Total,grupo_hidrologico,PB,SC,-0.14074226813662202
Total,grupo_hidrologico,PB,SE,0.13906926333970054
Total,grupo_hidrologico,PB,SP,0.049726537919416475
Total,grupo_hidrologico,PB,TO,-0.37790757733979485
Total,grupo_hidrologico,PE,PI,0.2692666057926328
Total,grupo_hidrologico,PE,PR,-0.3214482890840581
Total,grupo_hidrologico,PE,RJ,0.432235381502599
Total,grupo_hidrologico,PE,RN,0.17381447085274285
Total,grupo_hidrologico,PE,RO,-0.2883317748162961
Total,grupo_hidrologico,PE,RR,-0.16762199407510603
Total,grupo_hidrologico,PE,RS,-0.2695271317356722
Total,grupo_hidrologico,PE,SC,-0.2261752381778984
Total,grupo_hidrologico,PE,SE,0.191063701228941
Total,grupo_hidrologico,PE,SP,-0.0018130515606419823
Total,grupo_hidrologico,PE,TO,-0.43671825357983607
Total,grupo_hidrologico,PI,PR,-0.3478254392199749
Total,grupo_hidrologico,PI,RJ,-0.04976485056058494
Total,grupo_hidrologico,PI,RN,0.24038685391815565
Total,grupo_hidrologico,PI,RO,-0.3196655121143789
Total,grupo_hidrologico,PI,RR,-0.11496365553334559
Total,grupo_hidrologico,PI,RS,-0.16255844423471705
Total,grupo_hidrologico,PI,SC,-0.3615409942126708
Total,grupo_hidrologico,PI,SE,0.14803820144962215
Total,grupo_hidrologico,PI,SP,-0.30334120961770816
Total,grupo_hidrologico,PI,TO,-0.16471796694215393
Total,grupo_hidrologico,PR,RJ,-0.02772326273683162
Total,grupo_hidrologico,PR,RN,-0.20225711700907226
Total,grupo_hidrologico,PR,RO,0.33169801938863247
Total,grupo_hidrologico,PR,RR,-0.35099063980517675
Total,grupo_hidrologico,PR,RS,0.572475463247757
Total,grupo_hidrologico,PR,SC,0.6612640741865599
Total,grupo_hidrologico,PR,SE,-0.12893956715620758
Total,grupo_hidrologico,PR,SP,0.46182384461911663
Total,grupo_hidrologico,PR,TO,0.22976139255816075
Total,grupo_hidrologico,RJ,RN,0.19648219886150664
Total,grupo_hidrologico,RJ,RO,-0.22511950416767612
Total,grupo_hidrologico,RJ,RR,-0.29215353277549005
Total,grupo_hidrologico,RJ,RS,-0.1786090968447571
Total,grupo_hidrologico,RJ,SC,0.045544805225656126
Total,grupo_hidrologico,RJ,SE,0.007613144277225912
Total,grupo_hidrologico,RJ,SP,0.2524500207575094
Total,grupo_hidrologico,RJ,TO,-0.223651839308884
Total,grupo_hidrologico,RN,RO,-0.3075287139863248
Total,grupo_hidrologico,RN,RR,-0.23946005830623848
Total,grupo_hidrologico,RN,RS,-0.14915439072600958
Total,grupo_hidrologico,RN,SC,-0.24636746646746951
Total,grupo_hidrologico,RN,SE,0.3206083559303227
Total,grupo_hidrologico,RN,SP,-0.060779116308946474
Total,grupo_hidrologico,RN,TO,-0.1402249212128783
Total,grupo_hidrologico,RO,RR,-0.036053275855610134
Total,grupo_hidrologico,RO,RS,0.32348876082300076
Total,grupo_hidrologico,RO,SC,0.49633815842145046
Total,grupo_hidrologico,RO,SE,-0.2682229363418729
Total,grupo_hidrologico,RO,SP,0.3321996010227296
Total,grupo_hidrologico,RO,TO,0.1370545418653944
Total,grupo_hidrologico,RR,RS,-0.10055947545180405
Total,grupo_hidrologico,RR,SC,-0.2515912165206797
Total,grupo_hidrologico,RR,SE,-0.12254498318501264
Total,grupo_hidrologico,RR,SP,-0.287368952333675
Total,grupo_hidrologico,RR,TO,-0.13422465311528411
Total,grupo_hidrologico,RS,SC,0.635380452700451
Total,grupo_hidrologico,RS,SE,-0.1448694680745927
Total,grupo_hidrologico,RS,SP,0.2464825577938127
Total,grupo_hidrologico,RS,TO,0.21616195855049786
Total,grupo_hidrologico,SC,SE,-0.24777761851943272
Total,grupo_hidrologico,SC,SP,0.5944255796437871
Total,grupo_hidrologico,SC,TO,0.005285616717967019
Total,grupo_hidrologico,SE,SP,-0.1785459728341235
Total,grupo_hidrologico,SE,TO,-0.2615712583117915
Total,grupo_hidrologico,SP,TO,-0.18200132501397812
Total,grupo_meteorologico,AC,AL,-0.11791170270805336
Total,grupo_meteorologico,AC,AM,0.20635765994686306
Total,grupo_meteorologico,AC,AP,-0.012840694661254244
Total,grupo_meteorologico,AC,BA,-0.011388884666150822
Total,grupo_meteorologico,AC,CE,-0.04861094659441058
Total,grupo_meteorologico,AC,DF,-0.18333583200523781
Total,grupo_meteorologico,AC,ES,-0.02479028945209151
Total,grupo_meteorologico,AC,GO,-0.20413843981816654
Total,grupo_meteorologico,AC,MA,-0.06512935939042336
Total,grupo_meteorologico,AC,MG,-0.03214557513764468
Total,grupo_meteorologico,AC,MS,-0.060956704756703846
Total,grupo_meteorologico,AC,MT,-0.10635707257900566
Total,grupo_meteorologico,AC,PA,0.19931124549437762
Total,grupo_meteorologico,AC,PB,-0.16479560581006028
Total,grupo_meteorologico,AC,PE,-0.01675335272937735
Total,grupo_meteorologico,AC,PI,-0.08173917430719874
Total,grupo_meteorologico,AC,PR,-0.13203580699176048
Total,grupo_meteorologico,AC,RJ,-0.08952737111953296
Total,grupo_meteorologico,AC,RN,-0.28920622193349754
Total,grupo_meteorologico,AC,RO,0.26661429794235525
Total,grupo_meteorologico,AC,RR,0.014261020832196684
Total,grupo_meteorologico,AC,RS,-0.12921432284082768
Total,grupo_meteorologico,AC,SC,0.13900987600815767
Total,grupo_meteorologico,AC,SE,-0.07839350076310098
Total,grupo_meteorologico,AC,SP,0.0999452840629183
Total,grupo_meteorologico,AC,TO,-0.10596035153457994
Total,grupo_meteorologico,AL,AM,0.0470649689002219
Total,grupo_meteorologico,AL,AP,-0.12838707446255238
Total,grupo_meteorologico,AL,BA,0.4909754040865308
Total,grupo_meteorologico,AL,CE,0.49968899408740214
Total,grupo_meteorologico,AL,DF,-0.12983461959222542
Total,grupo_meteorologico,AL,ES,0.04600213358256562
Total,grupo_meteorologico,AL,GO,-0.22153141792007847
Total,grupo_meteorologico,AL,MA,0.13898509203945839
Total,grupo_meteorologico,AL,MG,-0.35109063027985543
Total,grupo_meteorologico,AL,MS,-0.26264590330251847
Total,grupo_meteorologico,AL,MT,-0.23957340471132205
Total,grupo_meteorologico,AL,PA,0.19718216368343314
Total,grupo_meteorologico,AL,PB,0.49614447358572333
Total,grupo_meteorologico,AL,PE,0.5166075467933626
Total,grupo_meteorologico,AL,PI,0.35788683476521005
Total,grupo_meteorologico,AL,PR,-0.3169855224663408
Total,grupo_meteorologico,AL,RJ,0.17052290875350473
Total,grupo_meteorologico,AL,RN,0.34608455372610447
Total,grupo_meteorologico,AL,RO,-0.32648949280166173
Total,grupo_meteorologico,AL,RR,-0.22550206853439578
Total,grupo_meteorologico,AL,RS,-0.31503726167140683
Total,grupo_meteorologico,AL,SC,-0.411252358529263
Total,grupo_meteorologico,AL,SE,0.27023579261837183
Total,grupo_meteorologico,AL,SP,-0.2018314722132411
Total,grupo_meteorologico,AL,TO,-0.32967535545782617
Total,grupo_meteorologico,AM,AP,-0.0026113827540166293
Total,grupo_meteorologico,AM,BA,0.28375908397626054
Total,grupo_meteorologico,AM,CE,0.3678577798637324
Total,grupo_meteorologico,AM,DF,-0.04450363041661691
Total,grupo_meteorologico,AM,ES,0.06955774222889541
Total,grupo_meteorologico,AM,GO,-0.24407728871894377
Total,grupo_meteorologico,AM,MA,-0.14933694820164056
Total,grupo_meteorologico,AM,MG,-0.15771799800926461
Total,grupo_meteorologico,AM,MS,-0.17488551001341845
Total,grupo_meteorologico,AM,MT,-0.33697739284394684
Total,grupo_meteorologico,AM,PA,0.12441951781746553
Total,grupo_meteorologico,AM,PB,0.028750652717076736
Total,grupo_meteorologico,AM,PE,0.26138391767106667
Total,grupo_meteorologico,AM,PI,-0.024987690701381442
Total,grupo_meteorologico,AM,PR,-0.2517773089022373
Total,grupo_meteorologico,AM,RJ,0.28375006896038824
Total,grupo_meteorologico,AM,RN,-0.024733547299055476
Total,grupo_meteorologico,AM,RO,-0.1682120544481117
Total,grupo_meteorologico,AM,RR,-0.1266921801945458
Total,grupo_meteorologico,AM,RS,-0.2814497362690807
Total,grupo_meteorologico,AM,SC,-0.06744274052992508
Total,grupo_meteorologico,AM,SE,0.11607375788628188
Total,grupo_meteorologico,AM,SP,0.15575845431515423
Total,grupo_meteorologico,AM,TO,-0.26249815423577805
Total,grupo_meteorologico,AP,BA,-0.1513145566044284
Total,grupo_meteorologico,AP,CE,-0.10374317768020416
Total,grupo_meteorologico,AP,DF,-0.06664988010362816
Total,grupo_meteorologico,AP,ES,-0.14006959255623072
Total,grupo_meteorologico,AP,GO,-0.1409345952629659
Total,grupo_meteorologico,AP,MA,-0.08216087207833296
Total,grupo_meteorologico,AP,MG,0.09208939054588781
Total,grupo_meteorologico,AP,MS,0.0013212472562628482
Total,grupo_meteorologico,AP,MT,-0.05475477842099227
Total,grupo_meteorologico,AP,PA,0.07437319180831937
Total,grupo_meteorologico,AP,PB,-0.13047165074686332
Total,grupo_meteorologico,AP,PE,-0.10709747047328047
Total,grupo_meteorologico,AP,PI,-0.18983940357023596
Total,grupo_meteorologico,AP,PR,-0.06927655663837584
Total,grupo_meteorologico,AP,RJ,-0.021268842613062885
Total,grupo_meteorologico,AP,RN,-0.1531368640275799
Total,grupo_meteorologico,AP,RO,-0.12801703251307853
Total,grupo_meteorologico,AP,RR,-0.025664778345117854
Total,grupo_meteorologico,AP,RS,-0.1910472617174119
Total,grupo_meteorologico,AP,SC,-0.08191654962479245
Total,grupo_meteorologico,AP,SE,-0.21313555637760895
Total,grupo_meteorologico,AP,SP,-0.1362343860138685
Total,grupo_meteorologico,AP,TO,0.05477046168391724
Total,grupo_meteorologico,BA,CE,0.49628856557890444
Total,grupo_meteorologico,BA,DF,0.013788450429834285
Total,grupo_meteorologico,BA,ES,0.10038687045063949
Total,grupo_meteorologico,BA,GO,-0.15685172825328694
Total,grupo_meteorologico,BA,MA,-0.03607220782529732
Total,grupo_meteorologico,BA,MG,-0.22139971310998263
Total,grupo_meteorologico,BA,MS,-0.2811177109803221
Total,grupo_meteorologico,BA,MT,-0.323143330982454
Total,grupo_meteorologico,BA,PA,0.1589444497602917
Total,grupo_meteorologico,BA,PB,0.323805999629888
Total,grupo_meteorologico,BA,PE,0.4395251425735907
Total,grupo_meteorologico,BA,PI,0.22210924553272915
Total,grupo_meteorologico,BA,PR,-0.30717279848455614
Total,grupo_meteorologico,BA,RJ,0.3893211436745759
Total,grupo_meteorologico,BA,RN,0.42164030951281845
Total,grupo_meteorologico,BA,RO,-0.2963706186792496
Total,grupo_meteorologico,BA,RR,-0.2646013755952882
Total,grupo_meteorologico,BA,RS,-0.27233567808041875
Total,grupo_meteorologico,BA,SC,-0.24257971305948228
Total,grupo_meteorologico,BA,SE,0.2535154709396795
Total,grupo_meteorologico,BA,SP,-0.03170838514723471
Total,grupo_meteorologico,BA,TO,-0.38804774215369625
Total,grupo_meteorologico,CE,DF,-0.04816087827181304
Total,grupo_meteorologico,CE,ES,0.16182751837843576
Total,grupo_meteorologico,CE,GO,-0.34858501247833945
Total,grupo_meteorologico,CE,MA,0.0219506555374102
Total,grupo_meteorologico,CE,MG,-0.26647711344826475
Total,grupo_meteorologico,CE,MS,-0.4283280341736201
Total,grupo_meteorologico,CE,MT,-0.37909970119236225
Total,grupo_meteorologico,CE,PA,0.19740389239710623
Total,grupo_meteorologico,CE,PB,0.48930669950312394
Total,grupo_meteorologico,CE,PE,0.6771608121582918
Total,grupo_meteorologico,CE,PI,0.3765227636472865
Total,grupo_meteorologico,CE,PR,-0.4198178377334015
Total,grupo_meteorologico,CE,RJ,0.365959089047235
Total,grupo_meteorologico,CE,RN,0.35223810530669325
Total,grupo_meteorologico,CE,RO,-0.3107479376463422
Total,grupo_meteorologico,CE,RR,-0.2729805463189251
Total,grupo_meteorologico,CE,RS,-0.3742619203000049
Total,grupo_meteorologico,CE,SC,-0.3372547877430965
Total,grupo_meteorologico,CE,SE,0.2016718143851445
Total,grupo_meteorologico,CE,SP,-0.028358942652760816
Total,grupo_meteorologico,CE,TO,-0.3837718777810704
Total,grupo_meteorologico,DF,ES,0.08575587526382741
Total,grupo_meteorologico,DF,GO,0.09923870185404214
Total,grupo_meteorologico,DF,MA,-0.25487019435488534
Total,grupo_meteorologico,DF,MG,0.43092431108651247
Total,grupo_meteorologico,DF,MS,0.08352809976882854
Total,grupo_meteorologico,DF,MT,-0.03381642661401085
Total,grupo_meteorologico,DF,PA,-0.06561779565351812
Total,grupo_meteorologico,DF,PB,0.15356106054423754
Total,grupo_meteorologico,DF,PE,-0.024591281612765623
Total,grupo_meteorologico,DF,PI,-0.12291038862241815
Total,grupo_meteorologico,DF,PR,0.3484670442481014
Total,grupo_meteorologico,DF,RJ,0.1783805427062074
Total,grupo_meteorologico,DF,RN,-0.0020511988450481497
Total,grupo_meteorologico,DF,RO,0.10227578842581804
Total,grupo_meteorologico,DF,RR,-0.27982923184486364
Total,grupo_meteorologico,DF,RS,0.32115270593988016
Total,grupo_meteorologico,DF,SC,0.43869622199256814
Total,grupo_meteorologico,DF,SE,-0.045540491922090115
Total,grupo_meteorologico,DF,SP,0.40943764289223933
Total,grupo_meteorologico,DF,TO,-0.08940917621137999
Total,grupo_meteorologico,ES,GO,-0.029482805982023
Total,grupo_meteorologico,ES,MA,0.08658601737932799
Total,grupo_meteorologico,ES,MG,0.2165344234892074
Total,grupo_meteorologico,ES,MS,-0.16479802207804187
Total,grupo_meteorologico,ES,MT,-0.14826330822105374
Total,grupo_meteorologico,ES,PA,0.0016829478387834656
Total,grupo_meteorologico,ES,PB,0.11084490977541686
Total,grupo_meteorologico,ES,PE,0.02826128932354974
Total,grupo_meteorologico,ES,PI,0.06367184566733657
Total,grupo_meteorologico,ES,PR,0.006711558969746356
Total,grupo_meteorologico,ES,RJ,0.14660838488383998
Total,grupo_meteorologico,ES,RN,0.2506309495781822
Total,grupo_meteorologico,ES,RO,-0.17712050463636933
Total,grupo_meteorologico,ES,RR,-0.3313048628244647
Total,grupo_meteorologico,ES,RS,0.055717262852929876
Total,grupo_meteorologico,ES,SC,0.09889204258188125
Total,grupo_meteorologico,ES,SE,0.08436822570914236
Total,grupo_meteorologico,ES,SP,0.2166349474904641
Total,grupo_meteorologico,ES,TO,0.03075615880124161
Total,grupo_meteorologico,GO,MA,0.06914554406343872
Total,grupo_meteorologico,GO,MG,0.30040305608290835
Total,grupo_meteorologico,GO,MS,0.5838196504449625
Total,grupo_meteorologico,GO,MT,0.38720741906889944
Total,grupo_meteorologico,GO,PA,0.0007577835017789834
Total,grupo_meteorologico,GO,PB,-0.21785913422586492
Total,grupo_meteorologico,GO,PE,-0.4109884132017001
Total,grupo_meteorologico,GO,PI,-0.07632554973592998
Total,grupo_meteorologico,GO,PR,0.43453097085323594
Total,grupo_meteorologico,GO,RJ,-0.1455253959489635
Total,grupo_meteorologico,GO,RN,-0.023432174392039054
Total,grupo_meteorologico,GO,RO,0.04596963707411703
Total,grupo_meteorologico,GO,RR,-0.27387032244699194
Total,grupo_meteorologico,GO,RS,0.1347589766942281
Total,grupo_meteorologico,GO,SC,0.09095688098857474
Total,grupo_meteorologico,GO,SE,0.011209527342706653
Total,grupo_meteorologico,GO,SP,0.02063694571759369
Total,grupo_meteorologico,GO,TO,0.31810851358386033
Total,grupo_meteorologico,MA,MG,-0.13588253467990966
Total,grupo_meteorologico,MA,MS,-0.11387201382274352
Total,grupo_meteorologico,MA,MT,0.04689179880217708
Total,grupo_meteorologico,MA,PA,0.06616454697063547
Total,grupo_meteorologico,MA,PB,0.014269190861750308
Total,grupo_meteorologico,MA,PE,-0.029955154715601562
Total,grupo_meteorologico,MA,PI,0.43824706929121604
Total,grupo_meteorologico,MA,PR,-0.15970527861254658
Total,grupo_meteorologico,MA,RJ,-0.12245538881788318
Total,grupo_meteorologico,MA,RN,0.060399918544314986
Total,grupo_meteorologico,MA,RO,-0.045629472251417766
Total,grupo_meteorologico,MA,RR,-0.20128394429437177
Total,grupo_meteorologico,MA,RS,-0.08535542264939587
Total,grupo_meteorologico,MA,SC,-0.23173271710154172
Total,grupo_meteorologico,MA,SE,0.021318677328532726
Total,grupo_meteorologico,MA,SP,-0.36165574828169716
Total,grupo_meteorologico,MA,TO,0.20430299103663502
Total,grupo_meteorologico,MG,MS,0.2336742258663738
Total,grupo_meteorologico,MG,MT,0.1694062952361094
Total,grupo_meteorologico,MG,PA,0.04651061506161456
Total,grupo_meteorologico,MG,PB,-0.14641359469393728
Total,grupo_meteorologico,MG,PE,-0.27379245464531976
Total,grupo_meteorologico,MG,PI,-0.2382507079038428
Total,grupo_meteorologico,MG,PR,0.5560517002229256
Total,grupo_meteorologico,MG,RJ,0.11173842975650865
Total,grupo_meteorologico,MG,RN,-0.1502890235192864
Total,grupo_meteorologico,MG,RO,0.2618822379155516
Total,grupo_meteorologico,MG,RR,-0.3967396388795342
Total,grupo_meteorologico,MG,RS,0.2865604611114922
Total,grupo_meteorologico,MG,SC,0.5451390445641026
Total,grupo_meteorologico,MG,SE,-0.1709240833244327
Total,grupo_meteorologico,MG,SP,0.5348932821042844
Total,grupo_meteorologico,MG,TO,0.15697922359856922
Total,grupo_meteorologico,MS,MT,0.37187727144997323
Total,grupo_meteorologico,MS,PA,-0.03680676135351202
Total,grupo_meteorologico,MS,PB,-0.318430582198346
Total,grupo_meteorologico,MS,PE,-0.403542721855246
Total,grupo_meteorologico,MS,PI,-0.297620243781397
Total,grupo_meteorologico,MS,PR,0.5393354488086168
Total,grupo_meteorologico,MS,RJ,-0.28793550363496023
Total,grupo_meteorologico,MS,RN,-0.31555493462800066
Total,grupo_meteorologico,MS,RO,0.21506843244994386
Total,grupo_meteorologico,MS,RR,-0.15898291706028453
Total,grupo_meteorologico,MS,RS,0.24112857298110463
Total,grupo_meteorologico,MS,SC,0.22694329620900494
Total,grupo_meteorologico,MS,SE,-0.20611570779460303
Total,grupo_meteorologico,MS,SP,0.08970149791006275
Total,grupo_meteorologico,MS,TO,0.3459091830049573
Total,grupo_meteorologico,MT,PA,-0.12347955387739833
Total,grupo_meteorologico,MT,PB,-0.3644261669675835
Total,grupo_meteorologico,MT,PE,-0.36689591222239804
Total,grupo_meteorologico,MT,PI,-0.28765167943401315
Total,grupo_meteorologico,MT,PR,0.3333535672038656
Total,grupo_meteorologico,MT,RJ,-0.26750203177503523
Total,grupo_meteorologico,MT,RN,-0.21790405795116655
Total,grupo_meteorologico,MT,RO,0.1508608917457358
Total,grupo_meteorologico,MT,RR,-0.11963892771239691
Total,grupo_meteorologico,MT,RS,0.1985065494215964
Total,grupo_meteorologico,MT,SC,0.14113014957719175
Total,grupo_meteorologico,MT,SE,-0.005083810776291607
Total,grupo_meteorologico,MT,SP,-0.1014043191391615
Total,grupo_meteorologico,MT,TO,0.3217121865637971
Total,grupo_meteorologico,PA,PB,0.07658760176652378
Total,grupo_meteorologico,PA,PE,0.12430188511687493
Total,grupo_meteorologico,PA,PI,-0.011301233349322813
Total,grupo_meteorologico,PA,PR,-0.09451477174582902
Total,grupo_meteorologico,PA,RJ,0.054470306786009955
Total,grupo_meteorologico,PA,RN,-0.03560696575492358
Total,grupo_meteorologico,PA,RO,0.08109953622042028
Total,grupo_meteorologico,PA,RR,-0.32201430872162456
Total,grupo_meteorologico,PA,RS,-0.15836487699367838
Total,grupo_meteorologico,PA,SC,-0.040833564248828294
Total,grupo_meteorologico,PA,SE,-0.04473893488384804
Total,grupo_meteorologico,PA,SP,0.09855731108707644
Total,grupo_meteorologico,PA,TO,-0.060438891440668635
Total,grupo_meteorologico,PB,PE,0.4640729617519054
Total,grupo_meteorologico,PB,PI,0.44551957415811944
Total,grupo_meteorologico,PB,PR,-0.15828622353109478
Total,grupo_meteorologico,PB,RJ,0.16733538470464462
Total,grupo_meteorologico,PB,RN,0.33725471233795296
Total,grupo_meteorologico,PB,RO,-0.19584989438743824
Total,grupo_meteorologico,PB,RR,-0.22815002707704873
Total,grupo_meteorologico,PB,RS,-0.22290187247043652
Total,grupo_meteorologico,PB,SC,-0.1393742830900288
Total,grupo_meteorologico,PB,SE,0.13368076977059593
Total,grupo_meteorologico,PB,SP,0.04488124330894083
Total,grupo_meteorologico,PB,TO,-0.3725243006242642
Total,grupo_meteorologico,PE,PI,0.2622659505442273
Total,grupo_meteorologico,PE,PR,-0.3233419153399347
Total,grupo_meteorologico,PE,RJ,0.43644169142959843
Total,grupo_meteorologico,PE,RN,0.16792537831591164
Total,grupo_meteorologico,PE,RO,-0.28382812075536806
Total,grupo_meteorologico,PE,RR,-0.16753237223244657
Total,grupo_meteorologico,PE,RS,-0.28004521667210747
Total,grupo_meteorologico,PE,SC,-0.23179432422820948
Total,grupo_meteorologico,PE,SE,0.18488172883884366
Total,grupo_meteorologico,PE,SP,-0.003601108992026658
Total,grupo_meteorologico,PE,TO,-0.4324998109245845
Total,grupo_meteorologico,PI,PR,-0.3478568755908009
Total,grupo_meteorologico,PI,RJ,-0.03964334189966317
Total,grupo_meteorologico,PI,RN,0.23804845046718673
Total,grupo_meteorologico,PI,RO,-0.31763568683083077
Total,grupo_meteorologico,PI,RR,-0.11512167251162729
Total,grupo_meteorologico,PI,RS,-0.17211413545067158
Total,grupo_meteorologico,PI,SC,-0.3600369633705325
Total,grupo_meteorologico,PI,SE,0.14412005222535346
Total,grupo_meteorologico,PI,SP,-0.3044972324173878
Total,grupo_meteorologico,PI,TO,-0.1604646066185039
Total,grupo_meteorologico,PR,RJ,-0.03887086204738555
Total,grupo_meteorologico,PR,RN,-0.20732427944611734
Total,grupo_meteorologico,PR,RO,0.32581659977204463
Total,grupo_meteorologico,PR,RR,-0.3484951102914214
Total,grupo_meteorologico,PR,RS,0.5758406837440644
Total,grupo_meteorologico,PR,SC,0.665967766574647
Total,grupo_meteorologico,PR,SE,-0.12280884895223465
Total,grupo_meteorologico,PR,SP,0.4642227703389691
Total,grupo_meteorologico,PR,TO,0.23084345478642815
Total,grupo_meteorologico,RJ,RN,0.20302396289540928
Total,grupo_meteorologico,RJ,RO,-0.22315364057886003
Total,grupo_meteorologico,RJ,RR,-0.29415726799531944
Total,grupo_meteorologico,RJ,RS,-0.19005433323348583
Total,grupo_meteorologico,RJ,SC,0.027399557941804015
Total,grupo_meteorologico,RJ,SE,0.010060422672011661
Total,grupo_meteorologico,RJ,SP,0.25263340064014783
Total,grupo_meteorologico,RJ,TO,-0.22202087467575002
Total,grupo_meteorologico,RN,RO,-0.3064327341882415
Total,grupo_meteorologico,RN,RR,-0.2409534798090513
Total,grupo_meteorologico,RN,RS,-0.16316127467293876
Total,grupo_meteorologico,RN,SC,-0.25097230174883856
Total,grupo_meteorologico,RN,SE,0.31785363534144384
Total,grupo_meteorologico,RN,SP,-0.06411097621615516
Total,grupo_meteorologico,RN,TO,-0.1349304074883791
Total,grupo_meteorologico,RO,RR,-0.03868872516025579
Total,grupo_meteorologico,RO,RS,0.3329398575924224
Total,grupo_meteorologico,RO,SC,0.4989431654640705
Total,grupo_meteorologico,RO,SE,-0.2665185275580514
Total,grupo_meteorologico,RO,SP,0.33248603476335653
Total,grupo_meteorologico,RO,TO,0.13380892636370365
Total,grupo_meteorologico,RR,RS,-0.09756364850650188
Total,grupo_meteorologico,RR,SC,-0.25146316059136964
Total,grupo_meteorologico,RR,SE,-0.12259569660612049
Total,grupo_meteorologico,RR,SP,-0.2874156931921019
Total,grupo_meteorologico,RR,TO,-0.13349164195051536
Total,grupo_meteorologico,RS,SC,0.6339954038840906
Total,grupo_meteorologico,RS,SE,-0.14653052840614442
Total,grupo_meteorologico,RS,SP,0.24477986648372071
Total,grupo_meteorologico,RS,TO,0.21959761779126774
Total,grupo_meteorologico,SC,SE,-0.24672816616318807
Total,grupo_meteorologico,SC,SP,0.6061382690204927
Total,grupo_meteorologico,SC,TO,0.0036053430915185514
Total,grupo_meteorologico,SE,SP,-0.17815532354176078
Total,grupo_meteorologico,SE,TO,-0.2557315973225241
Total,grupo_meteorologico,SP,TO,-0.1798259000778872
Total,grupo_outros,AC,AL,-0.11776494556571454
Total,grupo_outros,AC,AM,0.20543694972363358
Total,grupo_outros,AC,AP,-0.010658699425157767
Total,grupo_outros,AC,BA,-0.011986540308822378
Total,grupo_outros,AC,CE,-0.0494085911194254
Total,grupo_outros,AC,DF,-0.1816316524456245
Total,grupo_outros,AC,ES,-0.023665960694872274
Total,grupo_outros,AC,GO,-0.20463342084160674
Total,grupo_outros,AC,MA,-0.06612861594283459
Total,grupo_outros,AC,MG,-0.03232153736242827
Total,grupo_outros,AC,MS,-0.06059058397304174
Total,grupo_outros,AC,MT,-0.10622365316967682
Total,grupo_outros,AC,PA,0.1996914273118056
Total,grupo_outros,AC,PB,-0.16535631682826948
Total,grupo_outros,AC,PE,-0.017626213519501596
Total,grupo_outros,AC,PI,-0.08185565951830903
Total,grupo_outros,AC,PR,-0.13190048763910883
Total,grupo_outros,AC,RJ,-0.0897536571925661
Total,grupo_outros,AC,RN,-0.28926260063803355
Total,grupo_outros,AC,RO,0.26702010003662485
Total,grupo_outros,AC,RR,0.014331101948066246
Total,grupo_outros,AC,RS,-0.12731509107714312
Total,grupo_outros,AC,SC,0.13218971084056888
Total,grupo_outros,AC,SE,-0.0781412568715674
Total,grupo_outros,AC,SP,0.09922619115943009
Total,grupo_outros,AC,TO,-0.10599183090563219
Total,grupo_outros,AL,AM,0.04748915979794261
Total,grupo_outros,AL,AP,-0.1297337380371324
Total,grupo_outros,AL,BA,0.49188474823980194
Total,grupo_outros,AL,CE,0.5003579748133611
Total,grupo_outros,AL,DF,-0.13557322706752872
Total,grupo_outros,AL,ES,0.04607321148954331
Total,grupo_outros,AL,GO,-0.22068412329822445
Total,grupo_outros,AL,MA,0.13905828457369832
Total,grupo_outros,AL,MG,-0.350684391873341
Total,grupo_outros,AL,MS,-0.262570097429435
Total,grupo_outros,AL,MT,-0.23936069547761843
Total,grupo_outros,AL,PA,0.1976036764394506
Total,grupo_outros,AL,PB,0.4968334539852747
Total,grupo_outros,AL,PE,0.5173703320188853
Total,grupo_outros,AL,PI,0.358355454566616
Total,grupo_outros,AL,PR,-0.31643568186972
Total,grupo_outros,AL,RJ,0.17063073674017984
Total,grupo_outros,AL,RN,0.3469106372166677
Total,grupo_outros,AL,RO,-0.3267611525824641
Total,grupo_outros,AL,RR,-0.2253180146961661
Total,grupo_outros,AL,RS,-0.3161496132630498
Total,grupo_outros,AL,SC,-0.41658124831684334
Total,grupo_outros,AL,SE,0.27082441178587985
Total,grupo_outros,AL,SP,-0.20119140212093545
Total,grupo_outros,AL,TO,-0.32918989971820967
Total,grupo_outros,AM,AP,-0.0018948459762383053
Total,grupo_outros,AM,BA,0.28396663621536683
Total,grupo_outros,AM,CE,0.3678046892379914
Total,grupo_outros,AM,DF,-0.045032074441342905
Total,grupo_outros,AM,ES,0.07092903821517416
Total,grupo_outros,AM,GO,-0.24397109371591066
Total,grupo_outros,AM,MA,-0.14972867946561205
Total,grupo_outros,AM,MG,-0.1580376920387128
Total,grupo_outros,AM,MS,-0.17634772434757118
Total,grupo_outros,AM,MT,-0.33722480740010163
Total,grupo_outros,AM,PA,0.12473247295768261
Total,grupo_outros,AM,PB,0.0291764331350089
Total,grupo_outros,AM,PE,0.26124312344533984
Total,grupo_outros,AM,PI,-0.024620789580068827
Total,grupo_outros,AM,PR,-0.2525566718011238
Total,grupo_outros,AM,RJ,0.2845745364204545
Total,grupo_outros,AM,RN,-0.02433171546295454
Total,grupo_outros,AM,RO,-0.16847710481044784
Total,grupo_outros,AM,RR,-0.12655077201522297
Total,grupo_outros,AM,RS,-0.2821248963730248
Total,grupo_outros,AM,SC,-0.07102868008501197
Total,grupo_outros,AM,SE,0.11679565317326158
Total,grupo_outros,AM,SP,0.15584526327242004
Total,grupo_outros,AM,TO,-0.2625675480471542
Total,grupo_outros,AP,BA,-0.15253790656734612
Total,grupo_outros,AP,CE,-0.10490477157237729
Total,grupo_outros,AP,DF,-0.06388118070117785
Total,grupo_outros,AP,ES,-0.1406282866390657
Total,grupo_outros,AP,GO,-0.140690362219975
Total,grupo_outros,AP,MA,-0.08328947561705798
Total,grupo_outros,AP,MG,0.09319985919416737
Total,grupo_outros,AP,MS,0.003278404559614969
Total,grupo_outros,AP,MT,-0.05423577585266816
Total,grupo_outros,AP,PA,0.07438558480448322
Total,grupo_outros,AP,PB,-0.13262639960752903
Total,grupo_outros,AP,PE,-0.10746215794484273
Total,grupo_outros,AP,PI,-0.1919057855680921
Total,grupo_outros,AP,PR,-0.06750751493814418
Total,grupo_outros,AP,RJ,-0.01998587273246536
Total,grupo_outros,AP,RN,-0.15448160651368117
Total,grupo_outros,AP,RO,-0.1262969780734568
Total,grupo_outros,AP,RR,-0.026072463458761633
Total,grupo_outros,AP,RS,-0.19420995443903888
Total,grupo_outros,AP,SC,-0.0790534277358498
Total,grupo_outros,AP,SE,-0.2123936062652712
Total,grupo_outros,AP,SP,-0.13376147190059703
Total,grupo_outros,AP,TO,0.054352533797758056
Total,grupo_outros,BA,CE,0.49711525125310324
Total,grupo_outros,BA,DF,0.007772005430311482
Total,grupo_outros,BA,ES,0.10183714752769862
Total,grupo_outros,BA,GO,-0.15599376165110276
Total,grupo_outros,BA,MA,-0.036172408881606125
Total,grupo_outros,BA,MG,-0.22173786268489615
Total,grupo_outros,BA,MS,-0.2821637231160327
Total,grupo_outros,BA,MT,-0.32295826808168476
Total,grupo_outros,BA,PA,0.15886443160715025
Total,grupo_outros,BA,PB,0.32490034967377096
Total,grupo_outros,BA,PE,0.4405834172415553
Total,grupo_outros,BA,PI,0.22268591594458817
Total,grupo_outros,BA,PR,-0.3079047149842402
Total,grupo_outros,BA,RJ,0.38953528229517126
Total,grupo_outros,BA,RN,0.4225592878271582
Total,grupo_outros,BA,RO,-0.2971114095326051
Total,grupo_outros,BA,RR,-0.26449882622651033
Total,grupo_outros,BA,RS,-0.2725927560803532
Total,grupo_outros,BA,SC,-0.24599846660177416
Total,grupo_outros,BA,SE,0.2542146405131871
Total,grupo_outros,BA,SP,-0.03151193878467478
Total,grupo_outros,BA,TO,-0.3875348563883971
Total,grupo_outros,CE,DF,-0.0455947152872104
Total,grupo_outros,CE,ES,0.16338223689731274
Total,grupo_outros,CE,GO,-0.3476594474437668
Total,grupo_outros,CE,MA,0.021878339179099333
Total,grupo_outros,CE,MG,-0.2667058892235408
Total,grupo_outros,CE,MS,-0.43016274779414543
Total,grupo_outros,CE,MT,-0.3789490724285565
Total,grupo_outros,CE,PA,0.19752170339980282
Total,grupo_outros,CE,PB,0.48996850937852404
Total,grupo_outros,CE,PE,0.6777149747367616
Total,grupo_outros,CE,PI,0.37696210542177844
Total,grupo_outros,CE,PR,-0.42076400656793317
Total,grupo_outros,CE,RJ,0.36643223905184596
Total,grupo_outros,CE,RN,0.35315615759505553
Total,grupo_outros,CE,RO,-0.31130499458207045
Total,grupo_outros,CE,RR,-0.2728682044802057
Total,grupo_outros,CE,RS,-0.37589180462054395
Total,grupo_outros,CE,SC,-0.34654324437929074
Total,grupo_outros,CE,SE,0.20252050187343137
Total,grupo_outros,CE,SP,-0.028073745920080106
Total,grupo_outros,CE,TO,-0.38323168707075184
Total,grupo_outros,DF,ES,0.08446936959644046
Total,grupo_outros,DF,GO,0.08881332816012799
Total,grupo_outros,DF,MA,-0.25938174299113026
Total,grupo_outros,DF,MG,0.43798392142357456
Total,grupo_outros,DF,MS,0.08529645379267756
Total,grupo_outros,DF,MT,-0.036090816714731765
Total,grupo_outros,DF,PA,-0.06609726637901825
Total,grupo_outros,DF,PB,0.15450582759528905
Total,grupo_outros,DF,PE,-0.02873891805535718
Total,grupo_outros,DF,PI,-0.12494226283052669
Total,grupo_outros,DF,PR,0.3516644663509873
Total,grupo_outros,DF,RJ,0.18891753640193365
Total,grupo_outros,DF,RN,-0.0055363623344939425
Total,grupo_outros,DF,RO,0.10209284505443626
Total,grupo_outros,DF,RR,-0.27941757142919454
Total,grupo_outros,DF,RS,0.3213626419722986
Total,grupo_outros,DF,SC,0.44527212502112745
Total,grupo_outros,DF,SE,-0.053352998565722676
Total,grupo_outros,DF,SP,0.4166657462378659
Total,grupo_outros,DF,TO,-0.08448041438098718
Total,grupo_outros,ES,GO,-0.027708194860136055
Total,grupo_outros,ES,MA,0.08557511398340925
Total,grupo_outros,ES,MG,0.21625800653799832
Total,grupo_outros,ES,MS,-0.16524130536424936
Total,grupo_outros,ES,MT,-0.14981361793367023
Total,grupo_outros,ES,PA,0.0022797340624867977
Total,grupo_outros,ES,PB,0.11236882838546715
Total,grupo_outros,ES,PE,0.02937486352617778
Total,grupo_outros,ES,PI,0.06572044142061742
Total,grupo_outros,ES,PR,0.007061419773857799
Total,grupo_outros,ES,RJ,0.14636390674197652
Total,grupo_outros,ES,RN,0.2516364557052215
Total,grupo_outros,ES,RO,-0.17819949771236837
Total,grupo_outros,ES,RR,-0.33173158199360253
Total,grupo_outros,ES,RS,0.05576873049789152
Total,grupo_outros,ES,SC,0.09356715966784068
Total,grupo_outros,ES,SE,0.08468815676510426
Total,grupo_outros,ES,SP,0.2174484498559937
Total,grupo_outros,ES,TO,0.029224622032918906
Total,grupo_outros,GO,MA,0.06863414742003876
Total,grupo_outros,GO,MG,0.3004250629291661
Total,grupo_outros,GO,MS,0.5830963539890002
Total,grupo_outros,GO,MT,0.3871837630175492
Total,grupo_outros,GO,PA,0.00088172750154303
Total,grupo_outros,GO,PB,-0.21733775977212236
Total,grupo_outros,GO,PE,-0.4098492901344674
Total,grupo_outros,GO,PI,-0.07616600644810767
Total,grupo_outros,GO,PR,0.43417688236009916
Total,grupo_outros,GO,RJ,-0.14537781026321742
Total,grupo_outros,GO,RN,-0.022587311983133806
Total,grupo_outros,GO,RO,0.045661313531960825
Total,grupo_outros,GO,RR,-0.27369761697534406
Total,grupo_outros,GO,RS,0.1360332549426063
Total,grupo_outros,GO,SC,0.09563248717254821
Total,grupo_outros,GO,SE,0.011687515821776875
Total,grupo_outros,GO,SP,0.020305331306231748
Total,grupo_outros,GO,TO,0.3179597569260136
Total,grupo_outros,MA,MG,-0.13711408201295439
Total,grupo_outros,MA,MS,-0.11375835768078181
Total,grupo_outros,MA,MT,0.04681677865339451
Total,grupo_outros,MA,PA,0.06563630626077917
Total,grupo_outros,MA,PB,0.013998325576982482
Total,grupo_outros,MA,PE,-0.0299200697556383
Total,grupo_outros,MA,PI,0.4380045319192873
Total,grupo_outros,MA,PR,-0.16006966576496132
Total,grupo_outros,MA,RJ,-0.12346670789343968
Total,grupo_outros,MA,RN,0.06058972452065293
Total,grupo_outros,MA,RO,-0.046294119484035286
Total,grupo_outros,MA,RR,-0.2013987960557986
Total,grupo_outros,MA,RS,-0.08249540751034917
Total,grupo_outros,MA,SC,-0.21027741868220906
Total,grupo_outros,MA,SE,0.02102154571559472
Total,grupo_outros,MA,SP,-0.36353619914319707
Total,grupo_outros,MA,TO,0.20392413640869395
Total,grupo_outros,MG,MS,0.23479109722310063
Total,grupo_outros,MG,MT,0.16952423090435767
Total,grupo_outros,MG,PA,0.04624318315510948
Total,grupo_outros,MG,PB,-0.14664805970009062
Total,grupo_outros,MG,PE,-0.2739677734114158
Total,grupo_outros,MG,PI,-0.238761783386742
Total,grupo_outros,MG,PR,0.5551637211532925
Total,grupo_outros,MG,RJ,0.10976080303987645
Total,grupo_outros,MG,RN,-0.14962429328681992
Total,grupo_outros,MG,RO,0.26142505877887007
Total,grupo_outros,MG,RR,-0.3973181427179619
Total,grupo_outros,MG,RS,0.2890346898831412
Total,grupo_outros,MG,SC,0.54175136488553
Total,grupo_outros,MG,SE,-0.17049734185871682
Total,grupo_outros,MG,SP,0.5340500893286464
Total,grupo_outros,MG,TO,0.156458012646136
Total,grupo_outros,MS,MT,0.36920622935233294
Total,grupo_outros,MS,PA,-0.03785443145317312
Total,grupo_outros,MS,PB,-0.3191010923515526
Total,grupo_outros,MS,PE,-0.4053462633105695
Total,grupo_outros,MS,PI,-0.2968288029887562
Total,grupo_outros,MS,PR,0.5403225149819361
Total,grupo_outros,MS,RJ,-0.28796914623041026
Total,grupo_outros,MS,RN,-0.31611044720515197
Total,grupo_outros,MS,RO,0.21679644222158048
Total,grupo_outros,MS,RR,-0.1578320330681933
Total,grupo_outros,MS,RS,0.2413485408505786
Total,grupo_outros,MS,SC,0.2309545506048935
Total,grupo_outros,MS,SE,-0.20803611198499028
Total,grupo_outros,MS,SP,0.09129464350215914
Total,grupo_outros,MS,TO,0.3455083638782813
Total,grupo_outros,MT,PA,-0.12381041814020712
Total,grupo_outros,MT,PB,-0.36419046585837456
Total,grupo_outros,MT,PE,-0.3668334422969745
Total,grupo_outros,MT,PI,-0.2876081777089153
Total,grupo_outros,MT,PR,0.33430382274115217
Total,grupo_outros,MT,RJ,-0.26845300924381793
Total,grupo_outros,MT,RN,-0.21767286607328784
Total,grupo_outros,MT,RO,0.15100943330882652
Total,grupo_outros,MT,RR,-0.11956753925054527
Total,grupo_outros,MT,RS,0.19887260903194315
Total,grupo_outros,MT,SC,0.15115012217806237
Total,grupo_outros,MT,SE,-0.005249088887168497
Total,grupo_outros,MT,SP,-0.10138540131009871
Total,grupo_outros,MT,TO,0.32165013810131365
Total,grupo_outros,PA,PB,0.07749799028315955
Total,grupo_outros,PA,PE,0.12437220686869234
Total,grupo_outros,PA,PI,-0.01068739246904691
Total,grupo_outros,PA,PR,-0.09435117812019268
Total,grupo_outros,PA,RJ,0.05393687011829668
Total,grupo_outros,PA,RN,-0.03532839058886634
Total,grupo_outros,PA,RO,0.08118611299938178
Total,grupo_outros,PA,RR,-0.3212448385406665
Total,grupo_outros,PA,RS,-0.15910247322718807
Total,grupo_outros,PA,SC,-0.04731038296341974
Total,grupo_outros,PA,SE,-0.04451148740848204
Total,grupo_outros,PA,SP,0.098679294008492
Total,grupo_outros,PA,TO,-0.06073802259124199
Total,grupo_outros,PB,PE,0.464990532027274
Total,grupo_outros,PB,PI,0.44586034782884165
Total,grupo_outros,PB,PR,-0.15922461158650728
Total,grupo_outros,PB,RJ,0.1675509060472687
Total,grupo_outros,PB,RN,0.33819356698978703
Total,grupo_outros,PB,RO,-0.1966392856021628
Total,grupo_outros,PB,RR,-0.22810736758883698
Total,grupo_outros,PB,RS,-0.22430085669696526
Total,grupo_outros,PB,SC,-0.14565200509051177
Total,grupo_outros,PB,SE,0.13421390090339613
Total,grupo_outros,PB,SP,0.04483833219138382
Total,grupo_outros,PB,TO,-0.37231194844441673
Total,grupo_outros,PE,PI,0.2629009459415959
Total,grupo_outros,PE,PR,-0.32368997594037396
Total,grupo_outros,PE,RJ,0.43672827654717467
Total,grupo_outros,PE,RN,0.16913154687602247
Total,grupo_outros,PE,RO,-0.2841249067206007
Total,grupo_outros,PE,RR,-0.1675401685945213
Total,grupo_outros,PE,RS,-0.28201318174629625
Total,grupo_outros,PE,SC,-0.2367592426198575
Total,grupo_outros,PE,SE,0.1859448325279297
Total,grupo_outros,PE,SP,-0.0032065201698383964
Total,grupo_outros,PE,TO,-0.4319133854479304
Total,grupo_outros,PI,PR,-0.34821817207327393
Total,grupo_outros,PI,RJ,-0.0392378933686693
Total,grupo_outros,PI,RN,0.2386394906517963
Total,grupo_outros,PI,RO,-0.31835920360581876
Total,grupo_outros,PI,RR,-0.11504677321536315
Total,grupo_outros,PI,RS,-0.17074694628970977
Total,grupo_outros,PI,SC,-0.3627156717653271
Total,grupo_outros,PI,SE,0.14422688507064227
Total,grupo_outros,PI,SP,-0.3050915769759373
Total,grupo_outros,PI,TO,-0.16055182447074354
Total,grupo_outros,PR,RJ,-0.04091827302256959
Total,grupo_outros,PR,RN,-0.2079012564713052
Total,grupo_outros,PR,RO,0.3250568851781347
Total,grupo_outros,PR,RR,-0.3485605016698332
Total,grupo_outros,PR,RS,0.576650438247306
Total,grupo_outros,PR,SC,0.6657008555730481
Total,grupo_outros,PR,SE,-0.12302148641663062
Total,grupo_outros,PR,SP,0.4632296764530081
Total,grupo_outros,PR,TO,0.23042609660961758
Total,grupo_outros,RJ,RN,0.203285182782506
Total,grupo_outros,RJ,RO,-0.22465672340320833
Total,grupo_outros,RJ,RR,-0.2943768650843824
Total,grupo_outros,RJ,RS,-0.19247840336430444
Total,grupo_outros,RJ,SC,0.02312762219225921
Total,grupo_outros,RJ,SE,0.01037191281028732
Total,grupo_outros,RJ,SP,0.25154966488476976
Total,grupo_outros,RJ,TO,-0.22339886775557463
Total,grupo_outros,RN,RO,-0.3066139951695742
Total,grupo_outros,RN,RR,-0.241113964050717
Total,grupo_outros,RN,RS,-0.16438661476805755
Total,grupo_outros,RN,SC,-0.25675590408522514
Total,grupo_outros,RN,SE,0.3183204685551621
Total,grupo_outros,RN,SP,-0.06352661897417577
Total,grupo_outros,RN,TO,-0.13456137105002175
Total,grupo_outros,RO,RR,-0.03834871298790632
Total,grupo_outros,RO,RS,0.334096142258607
Total,grupo_outros,RO,SC,0.5004170567420672
Total,grupo_outros,RO,SE,-0.26694099494620693
Total,grupo_outros,RO,SP,0.3312348246479972
Total,grupo_outros,RO,TO,0.13371528452489048
Total,grupo_outros,RR,RS,-0.09681790211886943
Total,grupo_outros,RR,SC,-0.25139420154405606
Total,grupo_outros,RR,SE,-0.12289272353162983
Total,grupo_outros,RR,SP,-0.28810902253942605
Total,grupo_outros,RR,TO,-0.13330756903249694
Total,grupo_outros,RS,SC,0.6326351088334536
Total,grupo_outros,RS,SE,-0.14539016929017437
Total,grupo_outros,RS,SP,0.24551430369071317
Total,grupo_outros,RS,TO,0.21982606858468404
Total,grupo_outros,SC,SE,-0.24695342219215063
Total,grupo_outros,SC,SP,0.5976871866231189
Total,grupo_outros,SC,TO,0.006125188336844969
Total,grupo_outros,SE,SP,-0.178148405632617
Total,grupo_outros,SE,TO,-0.25550367350909864
Total,grupo_outros,SP,TO,-0.18087250314320477
Total,tipo_alagamentos,AC,AL,-0.11686410928494892
Total,tipo_alagamentos,AC,AM,0.20450701497050983
Total,tipo_alagamentos,AC,AP,-0.012065370344040949
Total,tipo_alagamentos,AC,BA,-0.010023216530237078
Total,tipo_alagamentos,AC,CE,-0.049841155102687294
Total,tipo_alagamentos,AC,DF,-0.18249362281238152
Total,tipo_alagamentos,AC,ES,-0.02270334059319241
Total,tipo_alagamentos,AC,GO,-0.20510118020650414
Total,tipo_alagamentos,AC,MA,-0.06579995405911787
Total,tipo_alagamentos,AC,MG,-0.030926428552342608
Total,tipo_alagamentos,AC,MS,-0.06059227999053263
Total,tipo_alagamentos,AC,MT,-0.1069467476603436
Total,tipo_alagamentos,AC,PA,0.19916438074898277
Total,tipo_alagamentos,AC,PB,-0.1642841784610796
Total,tipo_alagamentos,AC,PE,-0.01709057138097654
Total,tipo_alagamentos,AC,PI,-0.08103221491026472
Total,tipo_alagamentos,AC,PR,-0.13174803730058393
Total,tipo_alagamentos,AC,RJ,-0.09013289350110859
Total,tipo_alagamentos,AC,RN,-0.28847297514782244
Total,tipo_alagamentos,AC,RO,0.26690067678724677
Total,tipo_alagamentos,AC,RR,0.014626840433779077
Total,tipo_alagamentos,AC,RS,-0.12840735828267816
Total,tipo_alagamentos,AC,SC,0.13329144560096318
Total,tipo_alagamentos,AC,SE,-0.07733289476303382
Total,tipo_alagamentos,AC,SP,0.09976937124897697
Total,tipo_alagamentos,AC,TO,-0.1064654109001874
Total,tipo_alagamentos,AL,AM,0.046752551982175795
Total,tipo_alagamentos,AL,AP,-0.12969396275508077
Total,tipo_alagamentos,AL,BA,0.4913500495852848
Total,tipo_alagamentos,AL,CE,0.50105174552592
Total,tipo_alagamentos,AL,DF,-0.14276674142077767
Total,tipo_alagamentos,AL,ES,0.043827878076383366
Total,tipo_alagamentos,AL,GO,-0.219267395461667
Total,tipo_alagamentos,AL,MA,0.13784231984066164
Total,tipo_alagamentos,AL,MG,-0.34964216440751156
Total,tipo_alagamentos,AL,MS,-0.2616609410796266
Total,tipo_alagamentos,AL,MT,-0.2399172443497351
Total,tipo_alagamentos,AL,PA,0.19353970806596163
Total,tipo_alagamentos,AL,PB,0.4978866488481359
Total,tipo_alagamentos,AL,PE,0.5182666590690729
Total,tipo_alagamentos,AL,PI,0.3597559578633338
Total,tipo_alagamentos,AL,PR,-0.3164032763633886
Total,tipo_alagamentos,AL,RJ,0.17032588479077204
Total,tipo_alagamentos,AL,RN,0.3470545308908495
Total,tipo_alagamentos,AL,RO,-0.3258676849928551
Total,tipo_alagamentos,AL,RR,-0.22475909456985885
Total,tipo_alagamentos,AL,RS,-0.3162180561351502
Total,tipo_alagamentos,AL,SC,-0.418367376630467
Total,tipo_alagamentos,AL,SE,0.2723878309130824
Total,tipo_alagamentos,AL,SP,-0.20022442266533802
Total,tipo_alagamentos,AL,TO,-0.3296320348518767
Total,tipo_alagamentos,AM,AP,-0.0014746389660976664
Total,tipo_alagamentos,AM,BA,0.2841184547543636
Total,tipo_alagamentos,AM,CE,0.3672096968397021
Total,tipo_alagamentos,AM,DF,-0.05743678114995968
Total,tipo_alagamentos,AM,ES,0.06952539083033728
Total,tipo_alagamentos,AM,GO,-0.24260218250148477
Total,tipo_alagamentos,AM,MA,-0.14981169539932399
Total,tipo_alagamentos,AM,MG,-0.15665578902689734
Total,tipo_alagamentos,AM,MS,-0.1761073840874656
Total,tipo_alagamentos,AM,MT,-0.3363620401496676
Total,tipo_alagamentos,AM,PA,0.12553880157137745
Total,tipo_alagamentos,AM,PB,0.028752512094412725
Total,tipo_alagamentos,AM,PE,0.2589429543129191
Total,tipo_alagamentos,AM,PI,-0.02476187542385445
Total,tipo_alagamentos,AM,PR,-0.25163617190399545
Total,tipo_alagamentos,AM,RJ,0.2842152028681331
Total,tipo_alagamentos,AM,RN,-0.024716576496869133
Total,tipo_alagamentos,AM,RO,-0.1665373210370798
Total,tipo_alagamentos,AM,RR,-0.12649089842184733
Total,tipo_alagamentos,AM,RS,-0.28063502673770246
Total,tipo_alagamentos,AM,SC,-0.06826788876264636
Total,tipo_alagamentos,AM,SE,0.11701221736565491
Total,tipo_alagamentos,AM,SP,0.1564111506222033
Total,tipo_alagamentos,AM,TO,-0.2613144813361061
Total,tipo_alagamentos,AP,BA,-0.15322133485413003
Total,tipo_alagamentos,AP,CE,-0.10497991640234106
Total,tipo_alagamentos,AP,DF,-0.05775645751798577
Total,tipo_alagamentos,AP,ES,-0.14184011917204414
Total,tipo_alagamentos,AP,GO,-0.13990860644903538
Total,tipo_alagamentos,AP,MA,-0.08508095849736343
Total,tipo_alagamentos,AP,MG,0.09384767572104828
Total,tipo_alagamentos,AP,MS,0.001917780570014838
Total,tipo_alagamentos,AP,MT,-0.05307050255084423
Total,tipo_alagamentos,AP,PA,0.07414232795080761
Total,tipo_alagamentos,AP,PB,-0.1330644822000231
Total,tipo_alagamentos,AP,PE,-0.10703914812374693
Total,tipo_alagamentos,AP,PI,-0.19251764707771554
Total,tipo_alagamentos,AP,PR,-0.06658741980227201
Total,tipo_alagamentos,AP,RJ,-0.018502856420745516
Total,tipo_alagamentos,AP,RN,-0.15565758747875777
Total,tipo_alagamentos,AP,RO,-0.1263390125159918
Total,tipo_alagamentos,AP,RR,-0.026213237072120497
Total,tipo_alagamentos,AP,RS,-0.194286618152791
Total,tipo_alagamentos,AP,SC,-0.07779961662633093
Total,tipo_alagamentos,AP,SE,-0.21250870824386855
Total,tipo_alagamentos,AP,SP,-0.13377343360127728
Total,tipo_alagamentos,AP,TO,0.05468974517754862
Total,tipo_alagamentos,BA,CE,0.49777260441802973
Total,tipo_alagamentos,BA,DF,0.001288081739905717
Total,tipo_alagamentos,BA,ES,0.09972693844720573
Total,tipo_alagamentos,BA,GO,-0.15557316128930243
Total,tipo_alagamentos,BA,MA,-0.03704738561674057
Total,tipo_alagamentos,BA,MG,-0.22073323982353857
Total,tipo_alagamentos,BA,MS,-0.2812372638545675
Total,tipo_alagamentos,BA,MT,-0.32408713869125755
Total,tipo_alagamentos,BA,PA,0.15868263090897086
Total,tipo_alagamentos,BA,PB,0.3258303196833659
Total,tipo_alagamentos,BA,PE,0.43958877544233876
Total,tipo_alagamentos,BA,PI,0.2239090997352908
Total,tipo_alagamentos,BA,PR,-0.30743817540452006
Total,tipo_alagamentos,BA,RJ,0.38704641626389985
Total,tipo_alagamentos,BA,RN,0.42183111644397464
Total,tipo_alagamentos,BA,RO,-0.2952963733327153
Total,tipo_alagamentos,BA,RR,-0.2635994143606825
Total,tipo_alagamentos,BA,RS,-0.2722445143410968
Total,tipo_alagamentos,BA,SC,-0.24665695516540836
Total,tipo_alagamentos,BA,SE,0.2536772357818054
Total,tipo_alagamentos,BA,SP,-0.030223309893947555
Total,tipo_alagamentos,BA,TO,-0.38797731197129304
Total,tipo_alagamentos,CE,DF,-0.054365205436177254
Total,tipo_alagamentos,CE,ES,0.15951267339055838
Total,tipo_alagamentos,CE,GO,-0.3460300479717901
Total,tipo_alagamentos,CE,MA,0.020802666661812425
Total,tipo_alagamentos,CE,MG,-0.26563928518657387
Total,tipo_alagamentos,CE,MS,-0.42974010784404454
Total,tipo_alagamentos,CE,MT,-0.37944014180098273
Total,tipo_alagamentos,CE,PA,0.19496408728045514
Total,tipo_alagamentos,CE,PB,0.4915444343440229
Total,tipo_alagamentos,CE,PE,0.6780266501578215
Total,tipo_alagamentos,CE,PI,0.3778489983072816
Total,tipo_alagamentos,CE,PR,-0.4190581408891276
Total,tipo_alagamentos,CE,RJ,0.36548982874442587
Total,tipo_alagamentos,CE,RN,0.3537386423417786
Total,tipo_alagamentos,CE,RO,-0.31082596546671626
Total,tipo_alagamentos,CE,RR,-0.272905049725059
Total,tipo_alagamentos,CE,RS,-0.37494210722082966
Total,tipo_alagamentos,CE,SC,-0.3453672053576289
Total,tipo_alagamentos,CE,SE,0.2034331292360432
Total,tipo_alagamentos,CE,SP,-0.02614501047248365
Total,tipo_alagamentos,CE,TO,-0.38301182727268257
Total,tipo_alagamentos,DF,ES,0.07242164107610563
Total,tipo_alagamentos,DF,GO,0.08477406633518501
Total,tipo_alagamentos,DF,MA,-0.24045453371231498
Total,tipo_alagamentos,DF,MG,0.4284952973880967
Total,tipo_alagamentos,DF,MS,0.08019847175702888
Total,tipo_alagamentos,DF,MT,-0.03571956027941082
Total,tipo_alagamentos,DF,PA,-0.06227221493499752
Total,tipo_alagamentos,DF,PB,0.14173984290117694
Total,tipo_alagamentos,DF,PE,-0.024691442097993555
Total,tipo_alagamentos,DF,PI,-0.12955160256480677
Total,tipo_alagamentos,DF,PR,0.34848310168434377
Total,tipo_alagamentos,DF,RJ,0.18528416870844375
Total,tipo_alagamentos,DF,RN,-0.0035704309125557314
Total,tipo_alagamentos,DF,RO,0.10021828596172176
Total,tipo_alagamentos,DF,RR,-0.2762275354773201
Total,tipo_alagamentos,DF,RS,0.32627709506554453
Total,tipo_alagamentos,DF,SC,0.4369000918109599
Total,tipo_alagamentos,DF,SE,-0.05258606132781113
Total,tipo_alagamentos,DF,SP,0.41405169766769623
Total,tipo_alagamentos,DF,TO,-0.07006725229363776
Total,tipo_alagamentos,ES,GO,-0.027882802079667257
Total,tipo_alagamentos,ES,MA,0.08820830209236448
Total,tipo_alagamentos,ES,MG,0.21480473240362194
Total,tipo_alagamentos,ES,MS,-0.16317284011951189
Total,tipo_alagamentos,ES,MT,-0.14675266691959066
Total,tipo_alagamentos,ES,PA,0.0011493606248673956
Total,tipo_alagamentos,ES,PB,0.10837746982358779
Total,tipo_alagamentos,ES,PE,0.025542715702368626
Total,tipo_alagamentos,ES,PI,0.06257131448911891
Total,tipo_alagamentos,ES,PR,0.010070370171710299
Total,tipo_alagamentos,ES,RJ,0.14074201100838285
Total,tipo_alagamentos,ES,RN,0.2491443936065352
Total,tipo_alagamentos,ES,RO,-0.1789171161833425
Total,tipo_alagamentos,ES,RR,-0.32740196049720616
Total,tipo_alagamentos,ES,RS,0.059263774725878404
Total,tipo_alagamentos,ES,SC,0.09138398487845417
Total,tipo_alagamentos,ES,SE,0.08432981905651143
Total,tipo_alagamentos,ES,SP,0.2156724313921758
Total,tipo_alagamentos,ES,TO,0.03219926841976945
Total,tipo_alagamentos,GO,MA,0.06825639967588717
Total,tipo_alagamentos,GO,MG,0.2998407723618776
Total,tipo_alagamentos,GO,MS,0.5825351963442335
Total,tipo_alagamentos,GO,MT,0.3863016692068189
Total,tipo_alagamentos,GO,PA,0.004396895871515438
Total,tipo_alagamentos,GO,PB,-0.21623892600296143
Total,tipo_alagamentos,GO,PE,-0.4094881606350399
Total,tipo_alagamentos,GO,PI,-0.07575324840052591
Total,tipo_alagamentos,GO,PR,0.4338104900603635
Total,tipo_alagamentos,GO,RJ,-0.144855303390129
Total,tipo_alagamentos,GO,RN,-0.022101483966593376
Total,tipo_alagamentos,GO,RO,0.04548027428180882
Total,tipo_alagamentos,GO,RR,-0.27415998388806245
Total,tipo_alagamentos,GO,RS,0.13511377650469245
Total,tipo_alagamentos,GO,SC,0.09622951583675285
Total,tipo_alagamentos,GO,SE,0.011474046909811863
Total,tipo_alagamentos,GO,SP,0.019973178091435412
Total,tipo_alagamentos,GO,TO,0.3169077385212864
Total,tipo_alagamentos,MA,MG,-0.13738683807432708
Total,tipo_alagamentos,MA,MS,-0.11219510659732464
Total,tipo_alagamentos,MA,MT,0.04607245840184228
Total,tipo_alagamentos,MA,PA,0.06599524350360148
Total,tipo_alagamentos,MA,PB,0.012958347397808236
Total,tipo_alagamentos,MA,PE,-0.031681473185700866
Total,tipo_alagamentos,MA,PI,0.4374921983371758
Total,tipo_alagamentos,MA,PR,-0.16162560385505573
Total,tipo_alagamentos,MA,RJ,-0.1224087419702102
Total,tipo_alagamentos,MA,RN,0.06024999286422237
Total,tipo_alagamentos,MA,RO,-0.048019200667392785
Total,tipo_alagamentos,MA,RR,-0.20198360056270878
Total,tipo_alagamentos,MA,RS,-0.08329830196511363
Total,tipo_alagamentos,MA,SC,-0.20989639596961462
Total,tipo_alagamentos,MA,SE,0.020652064368918366
Total,tipo_alagamentos,MA,SP,-0.36475261125513914
Total,tipo_alagamentos,MA,TO,0.2036092013572542
Total,tipo_alagamentos,MG,MS,0.23428277298862252
Total,tipo_alagamentos,MG,MT,0.16872242459553058
Total,tipo_alagamentos,MG,PA,0.049646443681600455
Total,tipo_alagamentos,MG,PB,-0.14557897230929467
Total,tipo_alagamentos,MG,PE,-0.27292899667532117
Total,tipo_alagamentos,MG,PI,-0.23814407943835153
Total,tipo_alagamentos,MG,PR,0.5553927011390595
Total,tipo_alagamentos,MG,RJ,0.10917268512596363
Total,tipo_alagamentos,MG,RN,-0.14981850420713455
Total,tipo_alagamentos,MG,RO,0.26227000154156055
Total,tipo_alagamentos,MG,RR,-0.3972335200720642
Total,tipo_alagamentos,MG,RS,0.28806559816263294
Total,tipo_alagamentos,MG,SC,0.5422136411307216
Total,tipo_alagamentos,MG,SE,-0.17209776738090046
Total,tipo_alagamentos,MG,SP,0.533987980217887
Total,tipo_alagamentos,MG,TO,0.15550574505180587
Total,tipo_alagamentos,MS,MT,0.37065536772382884
Total,tipo_alagamentos,MS,PA,-0.03423532057030909
Total,tipo_alagamentos,MS,PB,-0.31862815057537663
Total,tipo_alagamentos,MS,PE,-0.4052963718866633
Total,tipo_alagamentos,MS,PI,-0.29634595312768486
Total,tipo_alagamentos,MS,PR,0.5404154887704893
Total,tipo_alagamentos,MS,RJ,-0.2848869293084333
Total,tipo_alagamentos,MS,RN,-0.3171482419175861
Total,tipo_alagamentos,MS,RO,0.21644397134927212
Total,tipo_alagamentos,MS,RR,-0.15850055017508122
Total,tipo_alagamentos,MS,RS,0.24063109290366652
Total,tipo_alagamentos,MS,SC,0.23076077710282838
Total,tipo_alagamentos,MS,SE,-0.2090365977737695
Total,tipo_alagamentos,MS,SP,0.09054071695605201
Total,tipo_alagamentos,MS,TO,0.34542861115370466
Total,tipo_alagamentos,MT,PA,-0.1204819248894531
Total,tipo_alagamentos,MT,PB,-0.3650919780065417
Total,tipo_alagamentos,MT,PE,-0.36828907859882576
Total,tipo_alagamentos,MT,PI,-0.2885767204814181
Total,tipo_alagamentos,MT,PR,0.3337635044545771
Total,tipo_alagamentos,MT,RJ,-0.26785014364717824
Total,tipo_alagamentos,MT,RN,-0.2181643707537139
Total,tipo_alagamentos,MT,RO,0.15159121054800892
Total,tipo_alagamentos,MT,RR,-0.11911261784716205
Total,tipo_alagamentos,MT,RS,0.19744884684885824
Total,tipo_alagamentos,MT,SC,0.15204867664117963
Total,tipo_alagamentos,MT,SE,-0.006921023984517032
Total,tipo_alagamentos,MT,SP,-0.10220929044148447
Total,tipo_alagamentos,MT,TO,0.32109133963374353
Total,tipo_alagamentos,PA,PB,0.07282681657941573
Total,tipo_alagamentos,PA,PE,0.119365948167837
Total,tipo_alagamentos,PA,PI,-0.01263611725115599
Total,tipo_alagamentos,PA,PR,-0.09173480155731573
Total,tipo_alagamentos,PA,RJ,0.05349517811083962
Total,tipo_alagamentos,PA,RN,-0.03828252628487569
Total,tipo_alagamentos,PA,RO,0.0826011181800316
Total,tipo_alagamentos,PA,RR,-0.32254537035953823
Total,tipo_alagamentos,PA,RS,-0.15680930113177477
Total,tipo_alagamentos,PA,SC,-0.0451797283265478
Total,tipo_alagamentos,PA,SE,-0.04716902549721361
Total,tipo_alagamentos,PA,SP,0.09906981957809086
Total,tipo_alagamentos,PA,TO,-0.05751493853619091
Total,tipo_alagamentos,PB,PE,0.46634809211333755
Total,tipo_alagamentos,PB,PI,0.4464701787865572
Total,tipo_alagamentos,PB,PR,-0.1582491293997171
Total,tipo_alagamentos,PB,RJ,0.16773438162687093
Total,tipo_alagamentos,PB,RN,0.3392171115502992
Total,tipo_alagamentos,PB,RO,-0.19604532450256662
Total,tipo_alagamentos,PB,RR,-0.22763510351518015
Total,tipo_alagamentos,PB,RS,-0.22300826928053943
Total,tipo_alagamentos,PB,SC,-0.14621861576051362
Total,tipo_alagamentos,PB,SE,0.13645693337513076
Total,tipo_alagamentos,PB,SP,0.04685813769568574
Total,tipo_alagamentos,PB,TO,-0.3727930061783127
Total,tipo_alagamentos,PE,PI,0.26411856939593065
Total,tipo_alagamentos,PE,PR,-0.3235150187392053
Total,tipo_alagamentos,PE,RJ,0.4368540487816543
Total,tipo_alagamentos,PE,RN,0.16989665793035777
Total,tipo_alagamentos,PE,RO,-0.2848138016690789
Total,tipo_alagamentos,PE,RR,-0.16691230494244105
Total,tipo_alagamentos,PE,RS,-0.2819928925099157
Total,tipo_alagamentos,PE,SC,-0.2366303746157215
Total,tipo_alagamentos,PE,SE,0.1873312479120013
Total,tipo_alagamentos,PE,SP,-0.0019972813534977225
Total,tipo_alagamentos,PE,TO,-0.43320844841905537
Total,tipo_alagamentos,PI,PR,-0.34802303302033055
Total,tipo_alagamentos,PI,RJ,-0.04025497661757809
Total,tipo_alagamentos,PI,RN,0.2389836896715232
Total,tipo_alagamentos,PI,RO,-0.31855799302383964
Total,tipo_alagamentos,PI,RR,-0.11510580016758956
Total,tipo_alagamentos,PI,RS,-0.1698025153039402
Total,tipo_alagamentos,PI,SC,-0.3622858259085981
Total,tipo_alagamentos,PI,SE,0.14641003376624045
Total,tipo_alagamentos,PI,SP,-0.30356935747923697
Total,tipo_alagamentos,PI,TO,-0.16062812184135378
Total,tipo_alagamentos,PR,RJ,-0.03820787629301381
Total,tipo_alagamentos,PR,RN,-0.20667483143339913
Total,tipo_alagamentos,PR,RO,0.3252220254993811
Total,tipo_alagamentos,PR,RR,-0.3496318167939833
Total,tipo_alagamentos,PR,RS,0.5757111338708562
Total,tipo_alagamentos,PR,SC,0.6646308569220636
Total,tipo_alagamentos,PR,SE,-0.12419924768764329
Total,tipo_alagamentos,PR,SP,0.4626086559516389
Total,tipo_alagamentos,PR,TO,0.22904198905296114
Total,tipo_alagamentos,RJ,RN,0.20147107862420552
Total,tipo_alagamentos,RJ,RO,-0.22387430263397812
Total,tipo_alagamentos,RJ,RR,-0.29456901151687087
Total,tipo_alagamentos,RJ,RS,-0.19128631121199366
Total,tipo_alagamentos,RJ,SC,0.026547209091014823
Total,tipo_alagamentos,RJ,SE,0.009128470052988195
Total,tipo_alagamentos,RJ,SP,0.2524510334906393
Total,tipo_alagamentos,RJ,TO,-0.2234489377539703
Total,tipo_alagamentos,RN,RO,-0.30702991316704814
Total,tipo_alagamentos,RN,RR,-0.24065068025665837
Total,tipo_alagamentos,RN,RS,-0.16310903983833758
Total,tipo_alagamentos,RN,SC,-0.2575006173134511
Total,tipo_alagamentos,RN,SE,0.31936822595200537
Total,tipo_alagamentos,RN,SP,-0.06200601867392178
Total,tipo_alagamentos,RN,TO,-0.13521836162898454
Total,tipo_alagamentos,RO,RR,-0.03837444043913487
Total,tipo_alagamentos,RO,RS,0.3334116493323838
Total,tipo_alagamentos,RO,SC,0.501634974530948
Total,tipo_alagamentos,RO,SE,-0.26807197365075824
Total,tipo_alagamentos,RO,SP,0.3308399536958192
Total,tipo_alagamentos,RO,TO,0.13303284645672334
Total,tipo_alagamentos,RR,RS,-0.09748253633239648
Total,tipo_alagamentos,RR,SC,-0.25138751261571535
Total,tipo_alagamentos,RR,SE,-0.12208620363968178
Total,tipo_alagamentos,RR,SP,-0.2884804921099103
Total,tipo_alagamentos,RR,TO,-0.134031091472152
Total,tipo_alagamentos,RS,SC,0.6326230808087484
Total,tipo_alagamentos,RS,SE,-0.1470505946812923
Total,tipo_alagamentos,RS,SP,0.24444540020876673
Total,tipo_alagamentos,RS,TO,0.2183742788140975
Total,tipo_alagamentos,SC,SE,-0.24954628494167863
Total,tipo_alagamentos,SC,SP,0.5964103525636195
Total,tipo_alagamentos,SC,TO,0.004339401145205637
Total,tipo_alagamentos,SE,SP,-0.1791467884868041
Total,tipo_alagamentos,SE,TO,-0.25668010305193
Total,tipo_alagamentos,SP,TO,-0.18244784092908023
Total,tipo_chuvas_intensas,AC,AL,-0.11752673817605916
Total,tipo_chuvas_intensas,AC,AM,0.20553908239701718
Total,tipo_chuvas_intensas,AC,AP,-0.010873532197305484
Total,tipo_chuvas_intensas,AC,BA,-0.009894953230781864
Total,tipo_chuvas_intensas,AC,CE,-0.048882334897694675
Total,tipo_chuvas_intensas,AC,DF,-0.18318913155700764
Total,tipo_chuvas_intensas,AC,ES,-0.023529522660781874
Total,tipo_chuvas_intensas,AC,GO,-0.20454088731768091
Total,tipo_chuvas_intensas,AC,MA,-0.0663011160712218
Total,tipo_chuvas_intensas,AC,MG,-0.029829564098493307
Total,tipo_chuvas_intensas,AC,MS,-0.058787728379695946
Total,tipo_chuvas_intensas,AC,MT,-0.10584030837345003
Total,tipo_chuvas_intensas,AC,PA,0.19936411936476528
Total,tipo_chuvas_intensas,AC,PB,-0.1647843440697979
Total,tipo_chuvas_intensas,AC,PE,-0.017660702782260257
Total,tipo_chuvas_intensas,AC,PI,-0.08179298715512133
Total,tipo_chuvas_intensas,AC,PR,-0.1312145689081765
Total,tipo_chuvas_intensas,AC,RJ,-0.08845227632131558
Total,tipo_chuvas_intensas,AC,RN,-0.2890843976468829
Total,tipo_chuvas_intensas,AC,RO,0.2667770570845758
Total,tipo_chuvas_intensas,AC,RR,0.014203298363334692
Total,tipo_chuvas_intensas,AC,RS,-0.1313543887355875
Total,tipo_chuvas_intensas,AC,SC,0.12826175897403944
Total,tipo_chuvas_intensas,AC,SE,-0.07806845087140145
Total,tipo_chuvas_intensas,AC,SP,0.09951264239299172
Total,tipo_chuvas_intensas,AC,TO,-0.10643921171352407
Total,tipo_chuvas_intensas,AL,AM,0.046666045874830274
Total,tipo_chuvas_intensas,AL,AP,-0.12954188367785507
Total,tipo_chuvas_intensas,AL,BA,0.4903521019846353
Total,tipo_chuvas_intensas,AL,CE,0.5003791040500725
Total,tipo_chuvas_intensas,AL,DF,-0.13541396027250074
Total,tipo_chuvas_intensas,AL,ES,0.044978435090140184
Total,tipo_chuvas_intensas,AL,GO,-0.21977242441661946
Total,tipo_chuvas_intensas,AL,MA,0.1399475762803996
Total,tipo_chuvas_intensas,AL,MG,-0.3525784159954974
Total,tipo_chuvas_intensas,AL,MS,-0.26224496479878934
Total,tipo_chuvas_intensas,AL,MT,-0.23920370801625224
Total,tipo_chuvas_intensas,AL,PA,0.19475285331048936
Total,tipo_chuvas_intensas,AL,PB,0.49704446919269196
Total,tipo_chuvas_intensas,AL,PE,0.5176612659677402
Total,tipo_chuvas_intensas,AL,PI,0.361290975837891
Total,tipo_chuvas_intensas,AL,PR,-0.3175171787918677
Total,tipo_chuvas_intensas,AL,RJ,0.16763674521277858
Total,tipo_chuvas_intensas,AL,RN,0.3475339985527076
Total,tipo_chuvas_intensas,AL,RO,-0.32695691778627683
Total,tipo_chuvas_intensas,AL,RR,-0.22501018686171545
Total,tipo_chuvas_intensas,AL,RS,-0.31663292520561787
Total,tipo_chuvas_intensas,AL,SC,-0.4198971672940585
Total,tipo_chuvas_intensas,AL,SE,0.2722997879979631
Total,tipo_chuvas_intensas,AL,SP,-0.20185941269483454
Total,tipo_chuvas_intensas,AL,TO,-0.3290933186256536
Total,tipo_chuvas_intensas,AM,AP,-0.001889914944445274
Total,tipo_chuvas_intensas,AM,BA,0.28354286286546754
Total,tipo_chuvas_intensas,AM,CE,0.367595268415298
Total,tipo_chuvas_intensas,AM,DF,-0.041773319065707
Total,tipo_chuvas_intensas,AM,ES,0.06982886628471428
Total,tipo_chuvas_intensas,AM,GO,-0.2436322097791645
Total,tipo_chuvas_intensas,AM,MA,-0.15020864906970124
Total,tipo_chuvas_intensas,AM,MG,-0.15794557506657678
Total,tipo_chuvas_intensas,AM,MS,-0.17410674292464381
Total,tipo_chuvas_intensas,AM,MT,-0.33718479384410655
Total,tipo_chuvas_intensas,AM,PA,0.12277702238102572
Total,tipo_chuvas_intensas,AM,PB,0.02944184798005384
Total,tipo_chuvas_intensas,AM,PE,0.26032974667706194
Total,tipo_chuvas_intensas,AM,PI,-0.024540492271322455
Total,tipo_chuvas_intensas,AM,PR,-0.25398949084931455
Total,tipo_chuvas_intensas,AM,RJ,0.2843823037028021
Total,tipo_chuvas_intensas,AM,RN,-0.024516387192214488
Total,tipo_chuvas_intensas,AM,RO,-0.16867599097975047
Total,tipo_chuvas_intensas,AM,RR,-0.1265808092792857
Total,tipo_chuvas_intensas,AM,RS,-0.2811189916183028
Total,tipo_chuvas_intensas,AM,SC,-0.06865764931661819
Total,tipo_chuvas_intensas,AM,SE,0.116437351556178
Total,tipo_chuvas_intensas,AM,SP,0.15587447446673292
Total,tipo_chuvas_intensas,AM,TO,-0.2625327227931532
Total,tipo_chuvas_intensas,AP,BA,-0.15224266552750082
Total,tipo_chuvas_intensas,AP,CE,-0.10524648021410613
Total,tipo_chuvas_intensas,AP,DF,-0.06348168662414017
Total,tipo_chuvas_intensas,AP,ES,-0.1400935540215358
Total,tipo_chuvas_intensas,AP,GO,-0.14055968527571966
Total,tipo_chuvas_intensas,AP,MA,-0.08305574345063463
Total,tipo_chuvas_intensas,AP,MG,0.09423593488534059
Total,tipo_chuvas_intensas,AP,MS,0.0026053981824614007
Total,tipo_chuvas_intensas,AP,MT,-0.05494246593803465
Total,tipo_chuvas_intensas,AP,PA,0.07409475776478418
Total,tipo_chuvas_intensas,AP,PB,-0.13241088710303986
Total,tipo_chuvas_intensas,AP,PE,-0.10718143363548288
Total,tipo_chuvas_intensas,AP,PI,-0.19204515764839114
Total,tipo_chuvas_intensas,AP,PR,-0.06703403354970548
Total,tipo_chuvas_intensas,AP,RJ,-0.01934522752095477
Total,tipo_chuvas_intensas,AP,RN,-0.15424540634426004
Total,tipo_chuvas_intensas,AP,RO,-0.12650695532926717
Total,tipo_chuvas_intensas,AP,RR,-0.025982714447239447
Total,tipo_chuvas_intensas,AP,RS,-0.19639783763124674
Total,tipo_chuvas_intensas,AP,SC,-0.07906335932138175
Total,tipo_chuvas_intensas,AP,SE,-0.21230843211024344
Total,tipo_chuvas_intensas,AP,SP,-0.13343769403545075
Total,tipo_chuvas_intensas,AP,TO,0.05428915631888397
Total,tipo_chuvas_intensas,BA,CE,0.495905107806087
Total,tipo_chuvas_intensas,BA,DF,0.009081601909729287
Total,tipo_chuvas_intensas,BA,ES,0.10108549466517543
Total,tipo_chuvas_intensas,BA,GO,-0.15587091379114512
Total,tipo_chuvas_intensas,BA,MA,-0.03656277567052105
Total,tipo_chuvas_intensas,BA,MG,-0.22175941219046302
Total,tipo_chuvas_intensas,BA,MS,-0.27928840812771183
Total,tipo_chuvas_intensas,BA,MT,-0.3226933275122777
Total,tipo_chuvas_intensas,BA,PA,0.15855531089139213
Total,tipo_chuvas_intensas,BA,PB,0.32363940835501986
Total,tipo_chuvas_intensas,BA,PE,0.4376186059332399
Total,tipo_chuvas_intensas,BA,PI,0.22258428215886403
Total,tipo_chuvas_intensas,BA,PR,-0.30756391532503413
Total,tipo_chuvas_intensas,BA,RJ,0.38528876130832374
Total,tipo_chuvas_intensas,BA,RN,0.4207493066432946
Total,tipo_chuvas_intensas,BA,RO,-0.2951425954945609
Total,tipo_chuvas_intensas,BA,RR,-0.26450931931840516
Total,tipo_chuvas_intensas,BA,RS,-0.26914295596093774
Total,tipo_chuvas_intensas,BA,SC,-0.2428660883909866
Total,tipo_chuvas_intensas,BA,SE,0.2542105034543105
Total,tipo_chuvas_intensas,BA,SP,-0.030822252517988858
Total,tipo_chuvas_intensas,BA,TO,-0.38722278853316766
Total,tipo_chuvas_intensas,CE,DF,-0.043444194443817384
Total,tipo_chuvas_intensas,CE,ES,0.16166750779012612
Total,tipo_chuvas_intensas,CE,GO,-0.34723603401374126
Total,tipo_chuvas_intensas,CE,MA,0.021158941518811
Total,tipo_chuvas_intensas,CE,MG,-0.2699714766219713
Total,tipo_chuvas_intensas,CE,MS,-0.42962705258113065
Total,tipo_chuvas_intensas,CE,MT,-0.3790050041288845
Total,tipo_chuvas_intensas,CE,PA,0.19616228798689453
Total,tipo_chuvas_intensas,CE,PB,0.49044776921997185
Total,tipo_chuvas_intensas,CE,PE,0.6775737429934334
Total,tipo_chuvas_intensas,CE,PI,0.3773824287542974
Total,tipo_chuvas_intensas,CE,PR,-0.42119134386184237
Total,tipo_chuvas_intensas,CE,RJ,0.36325484962144217
Total,tipo_chuvas_intensas,CE,RN,0.3532415617868921
Total,tipo_chuvas_intensas,CE,RO,-0.31085943844422853
Total,tipo_chuvas_intensas,CE,RR,-0.27278808641993824
Total,tipo_chuvas_intensas,CE,RS,-0.37270093160297857
Total,tipo_chuvas_intensas,CE,SC,-0.3439070974933636
Total,tipo_chuvas_intensas,CE,SE,0.2031078825523711
Total,tipo_chuvas_intensas,CE,SP,-0.027622552004108257
Total,tipo_chuvas_intensas,CE,TO,-0.3830134871651015
Total,tipo_chuvas_intensas,DF,ES,0.08284639085895613
Total,tipo_chuvas_intensas,DF,GO,0.08853567029899126
Total,tipo_chuvas_intensas,DF,MA,-0.2590287265810469
Total,tipo_chuvas_intensas,DF,MG,0.4347283519167377
Total,tipo_chuvas_intensas,DF,MS,0.08314281772921715
Total,tipo_chuvas_intensas,DF,MT,-0.03859643307997533
Total,tipo_chuvas_intensas,DF,PA,-0.06472597049303244
Total,tipo_chuvas_intensas,DF,PB,0.1548399765521109
Total,tipo_chuvas_intensas,DF,PE,-0.027201295577599156
Total,tipo_chuvas_intensas,DF,PI,-0.1256299012121478
Total,tipo_chuvas_intensas,DF,PR,0.35257648892696086
Total,tipo_chuvas_intensas,DF,RJ,0.19209376575506856
Total,tipo_chuvas_intensas,DF,RN,-0.003572679971855337
Total,tipo_chuvas_intensas,DF,RO,0.10151287906826324
Total,tipo_chuvas_intensas,DF,RR,-0.27973707467051334
Total,tipo_chuvas_intensas,DF,RS,0.3236039245668217
Total,tipo_chuvas_intensas,DF,SC,0.44816965506917167
Total,tipo_chuvas_intensas,DF,SE,-0.05258660063827957
Total,tipo_chuvas_intensas,DF,SP,0.41825880746842975
Total,tipo_chuvas_intensas,DF,TO,-0.08695295206327869
Total,tipo_chuvas_intensas,ES,GO,-0.028620737510257
Total,tipo_chuvas_intensas,ES,MA,0.08537209199880068
Total,tipo_chuvas_intensas,ES,MG,0.21595564268389855
Total,tipo_chuvas_intensas,ES,MS,-0.16308650275879005
Total,tipo_chuvas_intensas,ES,MT,-0.14858155344017693
Total,tipo_chuvas_intensas,ES,PA,0.0043415287296851915
Total,tipo_chuvas_intensas,ES,PB,0.11106613052820817
Total,tipo_chuvas_intensas,ES,PE,0.02836504853711123
Total,tipo_chuvas_intensas,ES,PI,0.06494124264891402
Total,tipo_chuvas_intensas,ES,PR,0.007591595325304525
Total,tipo_chuvas_intensas,ES,RJ,0.14358572634078748
Total,tipo_chuvas_intensas,ES,RN,0.25029704315096246
Total,tipo_chuvas_intensas,ES,RO,-0.17784438465069874
Total,tipo_chuvas_intensas,ES,RR,-0.33090951134074104
Total,tipo_chuvas_intensas,ES,RS,0.05920090755016634
Total,tipo_chuvas_intensas,ES,SC,0.0939295030457103
Total,tipo_chuvas_intensas,ES,SE,0.08409933108153833
Total,tipo_chuvas_intensas,ES,SP,0.21623126461181152
Total,tipo_chuvas_intensas,ES,TO,0.029514820566234314
Total,tipo_chuvas_intensas,GO,MA,0.06851432097524944
Total,tipo_chuvas_intensas,GO,MG,0.299596871013812
Total,tipo_chuvas_intensas,GO,MS,0.5811952884339265
Total,tipo_chuvas_intensas,GO,MT,0.3864390421578855
Total,tipo_chuvas_intensas,GO,PA,0.002206499101296975
Total,tipo_chuvas_intensas,GO,PB,-0.21698749386709146
Total,tipo_chuvas_intensas,GO,PE,-0.4092867518892429
Total,tipo_chuvas_intensas,GO,PI,-0.07620438803276453
Total,tipo_chuvas_intensas,GO,PR,0.43420196290974006
Total,tipo_chuvas_intensas,GO,RJ,-0.14540963704704682
Total,tipo_chuvas_intensas,GO,RN,-0.022819713929343198
Total,tipo_chuvas_intensas,GO,RO,0.04607229961101614
Total,tipo_chuvas_intensas,GO,RR,-0.27345460146654266
Total,tipo_chuvas_intensas,GO,RS,0.13605090113522114
Total,tipo_chuvas_intensas,GO,SC,0.09409527167018523
Total,tipo_chuvas_intensas,GO,SE,0.011534373641161486
Total,tipo_chuvas_intensas,GO,SP,0.02048394401866095
Total,tipo_chuvas_intensas,GO,TO,0.31773606719185543
Total,tipo_chuvas_intensas,MA,MG,-0.13721931048468916
Total,tipo_chuvas_intensas,MA,MS,-0.11210332187562524
Total,tipo_chuvas_intensas,MA,MT,0.047991257105000316
Total,tipo_chuvas_intensas,MA,PA,0.06727848220913128
Total,tipo_chuvas_intensas,MA,PB,0.013108644510718382
Total,tipo_chuvas_intensas,MA,PE,-0.031539718728508186
Total,tipo_chuvas_intensas,MA,PI,0.43760425375143863
Total,tipo_chuvas_intensas,MA,PR,-0.16076933823124412
Total,tipo_chuvas_intensas,MA,RJ,-0.12471104206936873
Total,tipo_chuvas_intensas,MA,RN,0.05965994300896582
Total,tipo_chuvas_intensas,MA,RO,-0.046201795095651595
Total,tipo_chuvas_intensas,MA,RR,-0.20116115053153652
Total,tipo_chuvas_intensas,MA,RS,-0.08164461967393918
Total,tipo_chuvas_intensas,MA,SC,-0.21337856606010838
Total,tipo_chuvas_intensas,MA,SE,0.020046893846808172
Total,tipo_chuvas_intensas,MA,SP,-0.3638337555624417
Total,tipo_chuvas_intensas,MA,TO,0.20408073850794614
Total,tipo_chuvas_intensas,MG,MS,0.23589289020954898
Total,tipo_chuvas_intensas,MG,MT,0.17073903855240605
Total,tipo_chuvas_intensas,MG,PA,0.049451154110751024
Total,tipo_chuvas_intensas,MG,PB,-0.14922400551024123
Total,tipo_chuvas_intensas,MG,PE,-0.2762616820132436
Total,tipo_chuvas_intensas,MG,PI,-0.2411920141079458
Total,tipo_chuvas_intensas,MG,PR,0.5578153398089649
Total,tipo_chuvas_intensas,MG,RJ,0.10687021869927876
Total,tipo_chuvas_intensas,MG,RN,-0.15427975793026102
Total,tipo_chuvas_intensas,MG,RO,0.2646503042931452
Total,tipo_chuvas_intensas,MG,RR,-0.3953533233594696
Total,tipo_chuvas_intensas,MG,RS,0.29016437695321773
Total,tipo_chuvas_intensas,MG,SC,0.5440421614873495
Total,tipo_chuvas_intensas,MG,SE,-0.17369677681131282
Total,tipo_chuvas_intensas,MG,SP,0.5335533186865525
Total,tipo_chuvas_intensas,MG,TO,0.15711936980032207
Total,tipo_chuvas_intensas,MS,MT,0.37035697539462137
Total,tipo_chuvas_intensas,MS,PA,-0.03557881801582355
Total,tipo_chuvas_intensas,MS,PB,-0.3196939141412834
Total,tipo_chuvas_intensas,MS,PE,-0.40320102172222544
Total,tipo_chuvas_intensas,MS,PI,-0.29750170091556943
Total,tipo_chuvas_intensas,MS,PR,0.5397545899330759
Total,tipo_chuvas_intensas,MS,RJ,-0.2831136946157561
Total,tipo_chuvas_intensas,MS,RN,-0.3188585787054258
Total,tipo_chuvas_intensas,MS,RO,0.21657117601126358
Total,tipo_chuvas_intensas,MS,RR,-0.159793264089817
Total,tipo_chuvas_intensas,MS,RS,0.2383844601049276
Total,tipo_chuvas_intensas,MS,SC,0.22893393364811024
Total,tipo_chuvas_intensas,MS,SE,-0.21034407045781656
Total,tipo_chuvas_intensas,MS,SP,0.09145516947120573
Total,tipo_chuvas_intensas,MS,TO,0.3460970354245178
Total,tipo_chuvas_intensas,MT,PA,-0.12234939368206398
Total,tipo_chuvas_intensas,MT,PB,-0.3652096734323332
Total,tipo_chuvas_intensas,MT,PE,-0.3675588413979172
Total,tipo_chuvas_intensas,MT,PI,-0.2871466837730324
Total,tipo_chuvas_intensas,MT,PR,0.33449836937631156
Total,tipo_chuvas_intensas,MT,RJ,-0.26837518057009496
Total,tipo_chuvas_intensas,MT,RN,-0.21878169439070538
Total,tipo_chuvas_intensas,MT,RO,0.15113737150366308
Total,tipo_chuvas_intensas,MT,RR,-0.11975771980789038
Total,tipo_chuvas_intensas,MT,RS,0.19729808459482243
Total,tipo_chuvas_intensas,MT,SC,0.14936174013667688
Total,tipo_chuvas_intensas,MT,SE,-0.004612738255580313
Total,tipo_chuvas_intensas,MT,SP,-0.1022477166492914
Total,tipo_chuvas_intensas,MT,TO,0.3223256320905631
Total,tipo_chuvas_intensas,PA,PB,0.07604275654545439
Total,tipo_chuvas_intensas,PA,PE,0.12283819482708615
Total,tipo_chuvas_intensas,PA,PI,-0.011284959858103454
Total,tipo_chuvas_intensas,PA,PR,-0.09413806857093847
Total,tipo_chuvas_intensas,PA,RJ,0.0540784169765106
Total,tipo_chuvas_intensas,PA,RN,-0.036639376804757075
Total,tipo_chuvas_intensas,PA,RO,0.08075222669472275
Total,tipo_chuvas_intensas,PA,RR,-0.32160081671154384
Total,tipo_chuvas_intensas,PA,RS,-0.159130613770082
Total,tipo_chuvas_intensas,PA,SC,-0.05013203198872196
Total,tipo_chuvas_intensas,PA,SE,-0.0453459072075554
Total,tipo_chuvas_intensas,PA,SP,0.09953287148918889
Total,tipo_chuvas_intensas,PA,TO,-0.058884696839931035
Total,tipo_chuvas_intensas,PB,PE,0.4658647016325105
Total,tipo_chuvas_intensas,PB,PI,0.44616111723169477
Total,tipo_chuvas_intensas,PB,PR,-0.15909143765893016
Total,tipo_chuvas_intensas,PB,RJ,0.1643730408837872
Total,tipo_chuvas_intensas,PB,RN,0.3389138369541795
Total,tipo_chuvas_intensas,PB,RO,-0.19609009831829896
Total,tipo_chuvas_intensas,PB,RR,-0.22796983483038322
Total,tipo_chuvas_intensas,PB,RS,-0.22133719040093797
Total,tipo_chuvas_intensas,PB,SC,-0.1442489291798541
Total,tipo_chuvas_intensas,PB,SE,0.13543938855972637
Total,tipo_chuvas_intensas,PB,SP,0.04544708392712435
Total,tipo_chuvas_intensas,PB,TO,-0.37225558803013725
Total,tipo_chuvas_intensas,PE,PI,0.26338237609746784
Total,tipo_chuvas_intensas,PE,PR,-0.32338387751323244
Total,tipo_chuvas_intensas,PE,RJ,0.43526909646321865
Total,tipo_chuvas_intensas,PE,RN,0.17005296800648045
Total,tipo_chuvas_intensas,PE,RO,-0.28428070003708955
Total,tipo_chuvas_intensas,PE,RR,-0.1679168001134722
Total,tipo_chuvas_intensas,PE,RS,-0.2775228057039086
Total,tipo_chuvas_intensas,PE,SC,-0.23215891936070987
Total,tipo_chuvas_intensas,PE,SE,0.18666703396320133
Total,tipo_chuvas_intensas,PE,SP,-0.002412628786221662
Total,tipo_chuvas_intensas,PE,TO,-0.43249461964853075
Total,tipo_chuvas_intensas,PI,PR,-0.3485250721524241
Total,tipo_chuvas_intensas,PI,RJ,-0.043009453720876216
Total,tipo_chuvas_intensas,PI,RN,0.2389153614894548
Total,tipo_chuvas_intensas,PI,RO,-0.3182015154244932
Total,tipo_chuvas_intensas,PI,RR,-0.11500268656916364
Total,tipo_chuvas_intensas,PI,RS,-0.16966237926804023
Total,tipo_chuvas_intensas,PI,SC,-0.36275905873722425
Total,tipo_chuvas_intensas,PI,SE,0.14503409506082143
Total,tipo_chuvas_intensas,PI,SP,-0.30503329822605485
Total,tipo_chuvas_intensas,PI,TO,-0.16080534792414178
Total,tipo_chuvas_intensas,PR,RJ,-0.03717090847815568
Total,tipo_chuvas_intensas,PR,RN,-0.20684270013172343
Total,tipo_chuvas_intensas,PR,RO,0.3273897066414512
Total,tipo_chuvas_intensas,PR,RR,-0.34924627011209797
Total,tipo_chuvas_intensas,PR,RS,0.5769204470315148
Total,tipo_chuvas_intensas,PR,SC,0.665233646096194
Total,tipo_chuvas_intensas,PR,SE,-0.12460889146587453
Total,tipo_chuvas_intensas,PR,SP,0.4628437313766737
Total,tipo_chuvas_intensas,PR,TO,0.23029019854507207
Total,tipo_chuvas_intensas,RJ,RN,0.20142373871659444
Total,tipo_chuvas_intensas,RJ,RO,-0.22437336028781313
Total,tipo_chuvas_intensas,RJ,RR,-0.293510093215549
Total,tipo_chuvas_intensas,RJ,RS,-0.1872739950982692
Total,tipo_chuvas_intensas,RJ,SC,0.032145864644556786
Total,tipo_chuvas_intensas,RJ,SE,0.009942154674005221
Total,tipo_chuvas_intensas,RJ,SP,0.2520992410662909
Total,tipo_chuvas_intensas,RJ,TO,-0.22227523618487444
Total,tipo_chuvas_intensas,RN,RO,-0.3065626361190239
Total,tipo_chuvas_intensas,RN,RR,-0.24075237814157113
Total,tipo_chuvas_intensas,RN,RS,-0.15998742194717927
Total,tipo_chuvas_intensas,RN,SC,-0.25174280210125477
Total,tipo_chuvas_intensas,RN,SE,0.3188007879442056
Total,tipo_chuvas_intensas,RN,SP,-0.06341853828366056
Total,tipo_chuvas_intensas,RN,TO,-0.13479125606345363
Total,tipo_chuvas_intensas,RO,RR,-0.03773602059943076
Total,tipo_chuvas_intensas,RO,RS,0.32839512447783537
Total,tipo_chuvas_intensas,RO,SC,0.4963622148394071
Total,tipo_chuvas_intensas,RO,SE,-0.26676873311084154
Total,tipo_chuvas_intensas,RO,SP,0.3317230283735354
Total,tipo_chuvas_intensas,RO,TO,0.13361916347871716
Total,tipo_chuvas_intensas,RR,RS,-0.09803845376364395
Total,tipo_chuvas_intensas,RR,SC,-0.2519010099895835
Total,tipo_chuvas_intensas,RR,SE,-0.1227790055475595
Total,tipo_chuvas_intensas,RR,SP,-0.28794189047545665
Total,tipo_chuvas_intensas,RR,TO,-0.13354399247797533
Total,tipo_chuvas_intensas,RS,SC,0.6338487928916208
Total,tipo_chuvas_intensas,RS,SE,-0.14536730438091197
Total,tipo_chuvas_intensas,RS,SP,0.24582689533038524
Total,tipo_chuvas_intensas,RS,TO,0.21889504137336954
Total,tipo_chuvas_intensas,SC,SE,-0.24662857488400053
Total,tipo_chuvas_intensas,SC,SP,0.5975138992920516
Total,tipo_chuvas_intensas,SC,TO,0.00541022050589726
Total,tipo_chuvas_intensas,SE,SP,-0.17837195542583847
Total,tipo_chuvas_intensas,SE,TO,-0.2557086862489224
Total,tipo_chuvas_intensas,SP,TO,-0.18097100158936136
Total,tipo_doencas_infecciosas,AC,AL,-0.11768637169334904
Total,tipo_doencas_infecciosas,AC,AM,0.20546120198937248
Total,tipo_doencas_infecciosas,AC,AP,-0.010637904880240023
Total,tipo_doencas_infecciosas,AC,BA,-0.011791362345363682
Total,tipo_doencas_infecciosas,AC,CE,-0.049262398272325605
Total,tipo_doencas_infecciosas,AC,DF,-0.18288219699776243
Total,tipo_doencas_infecciosas,AC,ES,-0.02380303971086221
Total,tipo_doencas_infecciosas,AC,GO,-0.2046740684124528
Total,tipo_doencas_infecciosas,AC,MA,-0.06615482236011747
Total,tipo_doencas_infecciosas,AC,MG,-0.03211468088985239
Total,tipo_doencas_infecciosas,AC,MS,-0.06068637053730639
Total,tipo_doencas_infecciosas,AC,MT,-0.10623375775120059
Total,tipo_doencas_infecciosas,AC,PA,0.19971573957392225
Total,tipo_doencas_infecciosas,AC,PB,-0.1654122853979604
Total,tipo_doencas_infecciosas,AC,PE,-0.017540542088143186
Total,tipo_doencas_infecciosas,AC,PI,-0.08183738914019431
Total,tipo_doencas_infecciosas,AC,PR,-0.13193774489178986
Total,tipo_doencas_infecciosas,AC,RJ,-0.08965025175419963
Total,tipo_doencas_infecciosas,AC,RN,-0.2891123020649257
Total,tipo_doencas_infecciosas,AC,RO,0.26713289930081674
Total,tipo_doencas_infecciosas,AC,RR,0.01432489819905557
Total,tipo_doencas_infecciosas,AC,RS,-0.12723937098679064
Total,tipo_doencas_infecciosas,AC,SC,0.13226579096124383
Total,tipo_doencas_infecciosas,AC,SE,-0.07759865193548486
Total,tipo_doencas_infecciosas,AC,SP,0.09925238453007114
Total,tipo_doencas_infecciosas,AC,TO,-0.1060886363006509
Total,tipo_doencas_infecciosas,AL,AM,0.047575000514256664
Total,tipo_doencas_infecciosas,AL,AP,-0.12967972541813427
Total,tipo_doencas_infecciosas,AL,BA,0.49186189664670066
Total,tipo_doencas_infecciosas,AL,CE,0.5003464166438515
Total,tipo_doencas_infecciosas,AL,DF,-0.1354297079868276
Total,tipo_doencas_infecciosas,AL,ES,0.04604044277879193
Total,tipo_doencas_infecciosas,AL,GO,-0.22065781764378764
Total,tipo_doencas_infecciosas,AL,MA,0.13901699794159178
Total,tipo_doencas_infecciosas,AL,MG,-0.3508610674142398
Total,tipo_doencas_infecciosas,AL,MS,-0.2624652713032888
Total,tipo_doencas_infecciosas,AL,MT,-0.23930437061056697
Total,tipo_doencas_infecciosas,AL,PA,0.19761100344980204
Total,tipo_doencas_infecciosas,AL,PB,0.49679601132353585
Total,tipo_doencas_infecciosas,AL,PE,0.5173806363339547
Total,tipo_doencas_infecciosas,AL,PI,0.3583567183287884
Total,tipo_doencas_infecciosas,AL,PR,-0.31645570769004466
Total,tipo_doencas_infecciosas,AL,RJ,0.1706009509083288
Total,tipo_doencas_infecciosas,AL,RN,0.3468854708354274
Total,tipo_doencas_infecciosas,AL,RO,-0.32686134759366764
Total,tipo_doencas_infecciosas,AL,RR,-0.2254001555143309
Total,tipo_doencas_infecciosas,AL,RS,-0.31619479433935355
Total,tipo_doencas_infecciosas,AL,SC,-0.41662721693514787
Total,tipo_doencas_infecciosas,AL,SE,0.27184491907220876
Total,tipo_doencas_infecciosas,AL,SP,-0.2013009476990589
Total,tipo_doencas_infecciosas,AL,TO,-0.329242115679578
Total,tipo_doencas_infecciosas,AM,AP,-0.0017162234630960312
Total,tipo_doencas_infecciosas,AM,BA,0.2840402286997042
Total,tipo_doencas_infecciosas,AM,CE,0.3678923723328717
Total,tipo_doencas_infecciosas,AM,DF,-0.044714326514869555
Total,tipo_doencas_infecciosas,AM,ES,0.07104309633132809
Total,tipo_doencas_infecciosas,AM,GO,-0.24383984980039594
Total,tipo_doencas_infecciosas,AM,MA,-0.14970930759279957
Total,tipo_doencas_infecciosas,AM,MG,-0.15777028581337982
Total,tipo_doencas_infecciosas,AM,MS,-0.17622801612742678
Total,tipo_doencas_infecciosas,AM,MT,-0.337021024767816
Total,tipo_doencas_infecciosas,AM,PA,0.12489567928517654
Total,tipo_doencas_infecciosas,AM,PB,0.029205185514122236
Total,tipo_doencas_infecciosas,AM,PE,0.2612903030745941
Total,tipo_doencas_infecciosas,AM,PI,-0.02452019658793697
Total,tipo_doencas_infecciosas,AM,PR,-0.2525343885907202
Total,tipo_doencas_infecciosas,AM,RJ,0.2845622172820989
Total,tipo_doencas_infecciosas,AM,RN,-0.024332746826913127
Total,tipo_doencas_infecciosas,AM,RO,-0.1685527319847979
Total,tipo_doencas_infecciosas,AM,RR,-0.12667835939213148
Total,tipo_doencas_infecciosas,AM,RS,-0.28207654942072036
Total,tipo_doencas_infecciosas,AM,SC,-0.07104551967888349
Total,tipo_doencas_infecciosas,AM,SE,0.1153163731026034
Total,tipo_doencas_infecciosas,AM,SP,0.15581698183273354
Total,tipo_doencas_infecciosas,AM,TO,-0.2624973353352429
Total,tipo_doencas_infecciosas,AP,BA,-0.1522796385829529
Total,tipo_doencas_infecciosas,AP,CE,-0.10483627684203693
Total,tipo_doencas_infecciosas,AP,DF,-0.06327536592470194
Total,tipo_doencas_infecciosas,AP,ES,-0.14052379623088795
Total,tipo_doencas_infecciosas,AP,GO,-0.1406871507187218
Total,tipo_doencas_infecciosas,AP,MA,-0.08324321259923233
Total,tipo_doencas_infecciosas,AP,MG,0.09338550165647228
Total,tipo_doencas_infecciosas,AP,MS,0.003279791831494697
Total,tipo_doencas_infecciosas,AP,MT,-0.05414397566389938
Total,tipo_doencas_infecciosas,AP,PA,0.07432667139757446
Total,tipo_doencas_infecciosas,AP,PB,-0.1324993073250596
Total,tipo_doencas_infecciosas,AP,PE,-0.10733207258221034
Total,tipo_doencas_infecciosas,AP,PI,-0.19189765405630788
Total,tipo_doencas_infecciosas,AP,PR,-0.06744624958995325
Total,tipo_doencas_infecciosas,AP,RJ,-0.01974664239727585
Total,tipo_doencas_infecciosas,AP,RN,-0.1543511059012437
Total,tipo_doencas_infecciosas,AP,RO,-0.12641576811117047
Total,tipo_doencas_infecciosas,AP,RR,-0.026125882527887886
Total,tipo_doencas_infecciosas,AP,RS,-0.19408521718817903
Total,tipo_doencas_infecciosas,AP,SC,-0.07890251615219242
Total,tipo_doencas_infecciosas,AP,SE,-0.21508933172157063
Total,tipo_doencas_infecciosas,AP,SP,-0.13375543316697006
Total,tipo_doencas_infecciosas,AP,TO,0.054336716963428344
Total,tipo_doencas_infecciosas,BA,CE,0.49712186519982376
Total,tipo_doencas_infecciosas,BA,DF,0.005711074002916692
Total,tipo_doencas_infecciosas,BA,ES,0.10185398503082442
Total,tipo_doencas_infecciosas,BA,GO,-0.1559863183707732
Total,tipo_doencas_infecciosas,BA,MA,-0.03624054424938826
Total,tipo_doencas_infecciosas,BA,MG,-0.2217159864261213
Total,tipo_doencas_infecciosas,BA,MS,-0.28204690705062735
Total,tipo_doencas_infecciosas,BA,MT,-0.32287134503193676
Total,tipo_doencas_infecciosas,BA,PA,0.15904520316780574
Total,tipo_doencas_infecciosas,BA,PB,0.32483669553794714
Total,tipo_doencas_infecciosas,BA,PE,0.440582791974732
Total,tipo_doencas_infecciosas,BA,PI,0.22271324324642502
Total,tipo_doencas_infecciosas,BA,PR,-0.30797515027663186
Total,tipo_doencas_infecciosas,BA,RJ,0.38942035063198654
Total,tipo_doencas_infecciosas,BA,RN,0.4225467121289493
Total,tipo_doencas_infecciosas,BA,RO,-0.2972773301416382
Total,tipo_doencas_infecciosas,BA,RR,-0.2645812716688749
Total,tipo_doencas_infecciosas,BA,RS,-0.27267689634997894
Total,tipo_doencas_infecciosas,BA,SC,-0.24608074187374784
Total,tipo_doencas_infecciosas,BA,SE,0.25638835698048146
Total,tipo_doencas_infecciosas,BA,SP,-0.03165633113220945
Total,tipo_doencas_infecciosas,BA,TO,-0.3876327376591787
Total,tipo_doencas_infecciosas,CE,DF,-0.04595618114345876
Total,tipo_doencas_infecciosas,CE,ES,0.16343840885114935
Total,tipo_doencas_infecciosas,CE,GO,-0.3475877346589814
Total,tipo_doencas_infecciosas,CE,MA,0.02183653838590105
Total,tipo_doencas_infecciosas,CE,MG,-0.2667091423628091
Total,tipo_doencas_infecciosas,CE,MS,-0.4299679324625838
Total,tipo_doencas_infecciosas,CE,MT,-0.3788575515518143
Total,tipo_doencas_infecciosas,CE,PA,0.19765916990322577
Total,tipo_doencas_infecciosas,CE,PB,0.4899195407367303
Total,tipo_doencas_infecciosas,CE,PE,0.6777174231051103
Total,tipo_doencas_infecciosas,CE,PI,0.37697931781085614
Total,tipo_doencas_infecciosas,CE,PR,-0.4207637787185616
Total,tipo_doencas_infecciosas,CE,RJ,0.36638305281360845
Total,tipo_doencas_infecciosas,CE,RN,0.3531540089682126
Total,tipo_doencas_infecciosas,CE,RO,-0.3114200790911125
Total,tipo_doencas_infecciosas,CE,RR,-0.2729121617948682
Total,tipo_doencas_infecciosas,CE,RS,-0.3759197847174365
Total,tipo_doencas_infecciosas,CE,SC,-0.34655544153469614
Total,tipo_doencas_infecciosas,CE,SE,0.20283791747888125
Total,tipo_doencas_infecciosas,CE,SP,-0.028150200534837053
Total,tipo_doencas_infecciosas,CE,TO,-0.3833009627775099
Total,tipo_doencas_infecciosas,DF,ES,0.08612932921376051
Total,tipo_doencas_infecciosas,DF,GO,0.08866241368201172
Total,tipo_doencas_infecciosas,DF,MA,-0.2572812602659661
Total,tipo_doencas_infecciosas,DF,MG,0.43846592349693675
Total,tipo_doencas_infecciosas,DF,MS,0.08350333159143776
Total,tipo_doencas_infecciosas,DF,MT,-0.03853416689261237
Total,tipo_doencas_infecciosas,DF,PA,-0.06629397748600555
Total,tipo_doencas_infecciosas,DF,PB,0.1542490429077686
Total,tipo_doencas_infecciosas,DF,PE,-0.02995090261872552
Total,tipo_doencas_infecciosas,DF,PI,-0.12588557854566995
Total,tipo_doencas_infecciosas,DF,PR,0.3506100473513258
Total,tipo_doencas_infecciosas,DF,RJ,0.1897323334493084
Total,tipo_doencas_infecciosas,DF,RN,-0.005741480929518014
Total,tipo_doencas_infecciosas,DF,RO,0.10391807205807051
Total,tipo_doencas_infecciosas,DF,RR,-0.2783858252502304
Total,tipo_doencas_infecciosas,DF,RS,0.321274007571675
Total,tipo_doencas_infecciosas,DF,SC,0.44417692919502394
Total,tipo_doencas_infecciosas,DF,SE,-0.05691829124402949
Total,tipo_doencas_infecciosas,DF,SP,0.41701180738576016
Total,tipo_doencas_infecciosas,DF,TO,-0.0828977124747439
Total,tipo_doencas_infecciosas,ES,GO,-0.027567471026475603
Total,tipo_doencas_infecciosas,ES,MA,0.08565086030822393
Total,tipo_doencas_infecciosas,ES,MG,0.2158410986665096
Total,tipo_doencas_infecciosas,ES,MS,-0.16513439056006415
Total,tipo_doencas_infecciosas,ES,MT,-0.1496772717680439
Total,tipo_doencas_infecciosas,ES,PA,0.0024234753477737152
Total,tipo_doencas_infecciosas,ES,PB,0.11237710668751089
Total,tipo_doencas_infecciosas,ES,PE,0.02943424154599209
Total,tipo_doencas_infecciosas,ES,PI,0.06577329421243061
Total,tipo_doencas_infecciosas,ES,PR,0.007113143718608434
Total,tipo_doencas_infecciosas,ES,RJ,0.14638126270777238
Total,tipo_doencas_infecciosas,ES,RN,0.2516594257279713
Total,tipo_doencas_infecciosas,ES,RO,-0.17835682475973152
Total,tipo_doencas_infecciosas,ES,RR,-0.3318511812632567
Total,tipo_doencas_infecciosas,ES,RS,0.055787904426580014
Total,tipo_doencas_infecciosas,ES,SC,0.09358576684501427
Total,tipo_doencas_infecciosas,ES,SE,0.08335309635997108
Total,tipo_doencas_infecciosas,ES,SP,0.2174413262723888
Total,tipo_doencas_infecciosas,ES,TO,0.0292028481242571
Total,tipo_doencas_infecciosas,GO,MA,0.06866689572308322
Total,tipo_doencas_infecciosas,GO,MG,0.30037062686692634
Total,tipo_doencas_infecciosas,GO,MS,0.5830866139978457
Total,tipo_doencas_infecciosas,GO,MT,0.3872323054194295
Total,tipo_doencas_infecciosas,GO,PA,0.0010950632737160672
Total,tipo_doencas_infecciosas,GO,PB,-0.21730663044510037
Total,tipo_doencas_infecciosas,GO,PE,-0.4097633510386636
Total,tipo_doencas_infecciosas,GO,PI,-0.07610398907825469
Total,tipo_doencas_infecciosas,GO,PR,0.4342215754344582
Total,tipo_doencas_infecciosas,GO,RJ,-0.1453783225014331
Total,tipo_doencas_infecciosas,GO,RN,-0.022586252365457977
Total,tipo_doencas_infecciosas,GO,RO,0.04566055878970894
Total,tipo_doencas_infecciosas,GO,RR,-0.2738325674960841
Total,tipo_doencas_infecciosas,GO,RS,0.13606841272631803
Total,tipo_doencas_infecciosas,GO,SC,0.09572184565773867
Total,tipo_doencas_infecciosas,GO,SE,0.011437422558289808
Total,tipo_doencas_infecciosas,GO,SP,0.020319588826856985
Total,tipo_doencas_infecciosas,GO,TO,0.3179493077879735
Total,tipo_doencas_infecciosas,MA,MG,-0.13712543264441457
Total,tipo_doencas_infecciosas,MA,MS,-0.1138671718439183
Total,tipo_doencas_infecciosas,MA,MT,0.04680361240811622
Total,tipo_doencas_infecciosas,MA,PA,0.06561153693850441
Total,tipo_doencas_infecciosas,MA,PB,0.01394358622867576
Total,tipo_doencas_infecciosas,MA,PE,-0.02993639336128228
Total,tipo_doencas_infecciosas,MA,PI,0.4380157719330712
Total,tipo_doencas_infecciosas,MA,PR,-0.16009410930044235
Total,tipo_doencas_infecciosas,MA,RJ,-0.123506541695246
Total,tipo_doencas_infecciosas,MA,RN,0.06057203189001448
Total,tipo_doencas_infecciosas,MA,RO,-0.04638128513022545
Total,tipo_doencas_infecciosas,MA,RR,-0.20144871051363078
Total,tipo_doencas_infecciosas,MA,RS,-0.08252558348750895
Total,tipo_doencas_infecciosas,MA,SC,-0.2102714312810322
Total,tipo_doencas_infecciosas,MA,SE,0.020322462888816253
Total,tipo_doencas_infecciosas,MA,SP,-0.36365941131205315
Total,tipo_doencas_infecciosas,MA,TO,0.20389473125798752
Total,tipo_doencas_infecciosas,MG,MS,0.23488181498821856
Total,tipo_doencas_infecciosas,MG,MT,0.16964200672528332
Total,tipo_doencas_infecciosas,MG,PA,0.04649424874537166
Total,tipo_doencas_infecciosas,MG,PB,-0.14682083900889462
Total,tipo_doencas_infecciosas,MG,PE,-0.27378846632095677
Total,tipo_doencas_infecciosas,MG,PI,-0.23886388140874343
Total,tipo_doencas_infecciosas,MG,PR,0.5550784197515364
Total,tipo_doencas_infecciosas,MG,RJ,0.10984752740101664
Total,tipo_doencas_infecciosas,MG,RN,-0.14993917715360425
Total,tipo_doencas_infecciosas,MG,RO,0.2614243787152582
Total,tipo_doencas_infecciosas,MG,RR,-0.3974043878960433
Total,tipo_doencas_infecciosas,MG,RS,0.2889188970690653
Total,tipo_doencas_infecciosas,MG,SC,0.5418083798087245
Total,tipo_doencas_infecciosas,MG,SE,-0.1709354948351873
Total,tipo_doencas_infecciosas,MG,SP,0.5340961774164243
Total,tipo_doencas_infecciosas,MG,TO,0.15617348410075751
Total,tipo_doencas_infecciosas,MS,MT,0.3691874263294644
Total,tipo_doencas_infecciosas,MS,PA,-0.03764537065389211
Total,tipo_doencas_infecciosas,MS,PB,-0.31907703147089095
Total,tipo_doencas_infecciosas,MS,PE,-0.40523641623519946
Total,tipo_doencas_infecciosas,MS,PI,-0.2967863377666675
Total,tipo_doencas_infecciosas,MS,PR,0.5403768294450136
Total,tipo_doencas_infecciosas,MS,RJ,-0.28786264944304457
Total,tipo_doencas_infecciosas,MS,RN,-0.31594798049658995
Total,tipo_doencas_infecciosas,MS,RO,0.21671269146722602
Total,tipo_doencas_infecciosas,MS,RR,-0.15806502788921786
Total,tipo_doencas_infecciosas,MS,RS,0.2413952520396227
Total,tipo_doencas_infecciosas,MS,SC,0.2310124664936385
Total,tipo_doencas_infecciosas,MS,SE,-0.20694146940429203
Total,tipo_doencas_infecciosas,MS,SP,0.09144213060098609
Total,tipo_doencas_infecciosas,MS,TO,0.3454284111296605
Total,tipo_doencas_infecciosas,MT,PA,-0.12359151745333573
Total,tipo_doencas_infecciosas,MT,PB,-0.36415792999539415
Total,tipo_doencas_infecciosas,MT,PE,-0.3667666892804158
Total,tipo_doencas_infecciosas,MT,PI,-0.28752723127437646
Total,tipo_doencas_infecciosas,MT,PR,0.3343746807764862
Total,tipo_doencas_infecciosas,MT,RJ,-0.2684256511443662
Total,tipo_doencas_infecciosas,MT,RN,-0.21763960572818136
Total,tipo_doencas_infecciosas,MT,RO,0.15102813445964233
Total,tipo_doencas_infecciosas,MT,RR,-0.11959306337195247
Total,tipo_doencas_infecciosas,MT,RS,0.19891534604997607
Total,tipo_doencas_infecciosas,MT,SC,0.15122836515691906
Total,tipo_doencas_infecciosas,MT,SE,-0.004703793852453655
Total,tipo_doencas_infecciosas,MT,SP,-0.10130468813167487
Total,tipo_doencas_infecciosas,MT,TO,0.32166695569773857
Total,tipo_doencas_infecciosas,PA,PB,0.07743465064120884
Total,tipo_doencas_infecciosas,PA,PE,0.12445005395081025
Total,tipo_doencas_infecciosas,PA,PI,-0.010597316001287126
Total,tipo_doencas_infecciosas,PA,PR,-0.09411643172502178
Total,tipo_doencas_infecciosas,PA,RJ,0.05409227404407966
Total,tipo_doencas_infecciosas,PA,RN,-0.0352636918296109
Total,tipo_doencas_infecciosas,PA,RO,0.08111847363970938
Total,tipo_doencas_infecciosas,PA,RR,-0.3213303322121664
Total,tipo_doencas_infecciosas,PA,RS,-0.15893133361278172
Total,tipo_doencas_infecciosas,PA,SC,-0.04710599259481618
Total,tipo_doencas_infecciosas,PA,SE,-0.04664815781387247
Total,tipo_doencas_infecciosas,PA,SP,0.0987860964762442
Total,tipo_doencas_infecciosas,PA,TO,-0.06064532087006689
Total,tipo_doencas_infecciosas,PB,PE,0.4649752131999355
Total,tipo_doencas_infecciosas,PB,PI,0.4458626754183485
Total,tipo_doencas_infecciosas,PB,PR,-0.15927803496592943
Total,tipo_doencas_infecciosas,PB,RJ,0.1674282035173348
Total,tipo_doencas_infecciosas,PB,RN,0.33816962754121876
Total,tipo_doencas_infecciosas,PB,RO,-0.19680372275073493
Total,tipo_doencas_infecciosas,PB,RR,-0.22816769882161392
Total,tipo_doencas_infecciosas,PB,RS,-0.2243901746736325
Total,tipo_doencas_infecciosas,PB,SC,-0.14576158963946736
Total,tipo_doencas_infecciosas,PB,SE,0.13568901540943043
Total,tipo_doencas_infecciosas,PB,SP,0.04471171006287087
Total,tipo_doencas_infecciosas,PB,TO,-0.3723803295948486
Total,tipo_doencas_infecciosas,PE,PI,0.26296147371070816
Total,tipo_doencas_infecciosas,PE,PR,-0.3236577421255545
Total,tipo_doencas_infecciosas,PE,RJ,0.43667539435929126
Total,tipo_doencas_infecciosas,PE,RN,0.169127058322408
Total,tipo_doencas_infecciosas,PE,RO,-0.28419756690461684
Total,tipo_doencas_infecciosas,PE,RR,-0.16755756596724952
Total,tipo_doencas_infecciosas,PE,RS,-0.2819896354173341
Total,tipo_doencas_infecciosas,PE,SC,-0.23676350915696412
Total,tipo_doencas_infecciosas,PE,SE,0.1865134658651956
Total,tipo_doencas_infecciosas,PE,SP,-0.003271289231208537
Total,tipo_doencas_infecciosas,PE,TO,-0.4319425543475006
Total,tipo_doencas_infecciosas,PI,PR,-0.34816810099985107
Total,tipo_doencas_infecciosas,PI,RJ,-0.03925490138975097
Total,tipo_doencas_infecciosas,PI,RN,0.23864580391562723
Total,tipo_doencas_infecciosas,PI,RO,-0.3184035302127246
Total,tipo_doencas_infecciosas,PI,RR,-0.1150849516932327
Total,tipo_doencas_infecciosas,PI,RS,-0.17073241196072736
Total,tipo_doencas_infecciosas,PI,SC,-0.3626739138291875
Total,tipo_doencas_infecciosas,PI,SE,0.145008938201512
Total,tipo_doencas_infecciosas,PI,SP,-0.30512978630663606
Total,tipo_doencas_infecciosas,PI,TO,-0.16055363267410744
Total,tipo_doencas_infecciosas,PR,RJ,-0.04097938471682347
Total,tipo_doencas_infecciosas,PR,RN,-0.20793603245442235
Total,tipo_doencas_infecciosas,PR,RO,0.32500511496072493
Total,tipo_doencas_infecciosas,PR,RR,-0.3486995959427383
Total,tipo_doencas_infecciosas,PR,RS,0.5766437384329491
Total,tipo_doencas_infecciosas,PR,SC,0.6657312353435816
Total,tipo_doencas_infecciosas,PR,SE,-0.12210453363598713
Total,tipo_doencas_infecciosas,PR,SP,0.4632027931166255
Total,tipo_doencas_infecciosas,PR,TO,0.2303794344049583
Total,tipo_doencas_infecciosas,RJ,RN,0.2031844888261939
Total,tipo_doencas_infecciosas,RJ,RO,-0.22479884551541168
Total,tipo_doencas_infecciosas,RJ,RR,-0.2944796376455355
Total,tipo_doencas_infecciosas,RJ,RS,-0.19253611309591043
Total,tipo_doencas_infecciosas,RJ,SC,0.0230317191103226
Total,tipo_doencas_infecciosas,RJ,SE,0.010155647290687249
Total,tipo_doencas_infecciosas,RJ,SP,0.25144704525458783
Total,tipo_doencas_infecciosas,RJ,TO,-0.22346723231792381
Total,tipo_doencas_infecciosas,RN,RO,-0.30670770638425393
Total,tipo_doencas_infecciosas,RN,RR,-0.24113359135927584
Total,tipo_doencas_infecciosas,RN,RS,-0.1644250032690254
Total,tipo_doencas_infecciosas,RN,SC,-0.2568263262388989
Total,tipo_doencas_infecciosas,RN,SE,0.319170259252004
Total,tipo_doencas_infecciosas,RN,SP,-0.06362611825436394
Total,tipo_doencas_infecciosas,RN,TO,-0.13459168601236754
Total,tipo_doencas_infecciosas,RO,RR,-0.038447561566591584
Total,tipo_doencas_infecciosas,RO,RS,0.3340517438361956
Total,tipo_doencas_infecciosas,RO,SC,0.5003684619158361
Total,tipo_doencas_infecciosas,RO,SE,-0.2665785997509681
Total,tipo_doencas_infecciosas,RO,SP,0.3311400752651865
Total,tipo_doencas_infecciosas,RO,TO,0.1336773423886449
Total,tipo_doencas_infecciosas,RR,RS,-0.09685889643233705
Total,tipo_doencas_infecciosas,RR,SC,-0.25148585485816705
Total,tipo_doencas_infecciosas,RR,SE,-0.12164949480277942
Total,tipo_doencas_infecciosas,RR,SP,-0.28824518353488143
Total,tipo_doencas_infecciosas,RR,TO,-0.13341559117160168
Total,tipo_doencas_infecciosas,RS,SC,0.6326552509484858
Total,tipo_doencas_infecciosas,RS,SE,-0.1458027048363258
Total,tipo_doencas_infecciosas,RS,SP,0.24545385272254291
Total,tipo_doencas_infecciosas,RS,TO,0.21978434514151374
Total,tipo_doencas_infecciosas,SC,SE,-0.24677435402110104
Total,tipo_doencas_infecciosas,SC,SP,0.5976514189243911
Total,tipo_doencas_infecciosas,SC,TO,0.006112405890786355
Total,tipo_doencas_infecciosas,SE,SP,-0.17733500970691754
Total,tipo_doencas_infecciosas,SE,TO,-0.25574241496692895
Total,tipo_doencas_infecciosas,SP,TO,-0.1809890194791943
Total,tipo_enxurradas,AC,AL,-0.11812213334801107
Total,tipo_enxurradas,AC,AM,0.20665958545991994
Total,tipo_enxurradas,AC,AP,-0.009870535239937773
Total,tipo_enxurradas,AC,BA,-0.009723644972416783
Total,tipo_enxurradas,AC,CE,-0.049799842958793576
Total,tipo_enxurradas,AC,DF,-0.1824252657600561
Total,tipo_enxurradas,AC,ES,-0.008482446961585293
Total,tipo_enxurradas,AC,GO,-0.20508462966143173
Total,tipo_enxurradas,AC,MA,-0.06514020536216464
Total,tipo_enxurradas,AC,MG,-0.030309167955737352
Total,tipo_enxurradas,AC,MS,-0.05814380922725071
Total,tipo_enxurradas,AC,MT,-0.10585663361436014
Total,tipo_enxurradas,AC,PA,0.19617997032253198
Total,tipo_enxurradas,AC,PB,-0.16626056261334662
Total,tipo_enxurradas,AC,PE,-0.020941417394336248
Total,tipo_enxurradas,AC,PI,-0.08653027188071809
Total,tipo_enxurradas,AC,PR,-0.13123836790760646
Total,tipo_enxurradas,AC,RJ,-0.08566381755559899
Total,tipo_enxurradas,AC,RN,-0.28755378011819305
Total,tipo_enxurradas,AC,RO,0.26654159895949925
Total,tipo_enxurradas,AC,RR,0.010975626057248625
Total,tipo_enxurradas,AC,RS,-0.13617690254379
Total,tipo_enxurradas,AC,SC,0.1450424324488312
Total,tipo_enxurradas,AC,SE,-0.07981036116403643
Total,tipo_enxurradas,AC,SP,0.1004573878840256
Total,tipo_enxurradas,AC,TO,-0.10590240212353519
Total,tipo_enxurradas,AL,AM,0.046830498105989264
Total,tipo_enxurradas,AL,AP,-0.1284457723642702
Total,tipo_enxurradas,AL,BA,0.4896893304214568
Total,tipo_enxurradas,AL,CE,0.5004787362589773
Total,tipo_enxurradas,AL,DF,-0.13321303891414973
Total,tipo_enxurradas,AL,ES,0.05200973040060744
Total,tipo_enxurradas,AL,GO,-0.21963170471528445
Total,tipo_enxurradas,AL,MA,0.13813232861900884
Total,tipo_enxurradas,AL,MG,-0.3486025542554832
Total,tipo_enxurradas,AL,MS,-0.2626974294227991
Total,tipo_enxurradas,AL,MT,-0.23883905247165296
Total,tipo_enxurradas,AL,PA,0.18062223346232725
Total,tipo_enxurradas,AL,PB,0.49775483353287847
Total,tipo_enxurradas,AL,PE,0.5198998209081985
Total,tipo_enxurradas,AL,PI,0.3560169577079414
Total,tipo_enxurradas,AL,PR,-0.3143879491099109
Total,tipo_enxurradas,AL,RJ,0.1681461317974556
Total,tipo_enxurradas,AL,RN,0.3479744446747314
Total,tipo_enxurradas,AL,RO,-0.328618946920342
Total,tipo_enxurradas,AL,RR,-0.22442687581187928
Total,tipo_enxurradas,AL,RS,-0.31843326040617315
Total,tipo_enxurradas,AL,SC,-0.4199975176122284
Total,tipo_enxurradas,AL,SE,0.2719890454766974
Total,tipo_enxurradas,AL,SP,-0.19823491266295817
Total,tipo_enxurradas,AL,TO,-0.3301472262738058
Total,tipo_enxurradas,AM,AP,-0.0003723723015135395
Total,tipo_enxurradas,AM,BA,0.2828576270038205
Total,tipo_enxurradas,AM,CE,0.3670908126886642
Total,tipo_enxurradas,AM,DF,-0.0454468488511745
Total,tipo_enxurradas,AM,ES,0.06976156992106093
Total,tipo_enxurradas,AM,GO,-0.24494159568834106
Total,tipo_enxurradas,AM,MA,-0.1504577457892973
Total,tipo_enxurradas,AM,MG,-0.15869178063424205
Total,tipo_enxurradas,AM,MS,-0.17550838225664953
Total,tipo_enxurradas,AM,MT,-0.3379795356581845
Total,tipo_enxurradas,AM,PA,0.12523426123613515
Total,tipo_enxurradas,AM,PB,0.02966075502695986
Total,tipo_enxurradas,AM,PE,0.25646535072310755
Total,tipo_enxurradas,AM,PI,-0.028688194708719247
Total,tipo_enxurradas,AM,PR,-0.25294878785802827
Total,tipo_enxurradas,AM,RJ,0.2838282523177091
Total,tipo_enxurradas,AM,RN,-0.023517412275148013
Total,tipo_enxurradas,AM,RO,-0.1704963867273718
Total,tipo_enxurradas,AM,RR,-0.12706374889827415
Total,tipo_enxurradas,AM,RS,-0.2594346829233534
Total,tipo_enxurradas,AM,SC,-0.0721383604444198
Total,tipo_enxurradas,AM,SE,0.1161144252849467
Total,tipo_enxurradas,AM,SP,0.1552748639116395
Total,tipo_enxurradas,AM,TO,-0.26435788968159885
Total,tipo_enxurradas,AP,BA,-0.15183867424910913
Total,tipo_enxurradas,AP,CE,-0.10379529771569111
Total,tipo_enxurradas,AP,DF,-0.062356682499738796
Total,tipo_enxurradas,AP,ES,-0.1334992221425327
Total,tipo_enxurradas,AP,GO,-0.1419173222180396
Total,tipo_enxurradas,AP,MA,-0.0835011362508809
Total,tipo_enxurradas,AP,MG,0.09420120514094293
Total,tipo_enxurradas,AP,MS,0.001465699428794833
Total,tipo_enxurradas,AP,MT,-0.05428786324802768
Total,tipo_enxurradas,AP,PA,0.0738846587782467
Total,tipo_enxurradas,AP,PB,-0.13106861387705687
Total,tipo_enxurradas,AP,PE,-0.10902785818683136
Total,tipo_enxurradas,AP,PI,-0.19274793272155993
Total,tipo_enxurradas,AP,PR,-0.07133510290576388
Total,tipo_enxurradas,AP,RJ,-0.021075763618977554
Total,tipo_enxurradas,AP,RN,-0.15337530126662163
Total,tipo_enxurradas,AP,RO,-0.12670838221661865
Total,tipo_enxurradas,AP,RR,-0.025984341080339084
Total,tipo_enxurradas,AP,RS,-0.20589595080861592
Total,tipo_enxurradas,AP,SC,-0.07988743567376286
Total,tipo_enxurradas,AP,SE,-0.21182407889372182
Total,tipo_enxurradas,AP,SP,-0.1317188140784197
Total,tipo_enxurradas,AP,TO,0.053411784581619735
Total,tipo_enxurradas,BA,CE,0.4972705723536652
Total,tipo_enxurradas,BA,DF,0.007958206862730683
Total,tipo_enxurradas,BA,ES,0.09636515049766907
Total,tipo_enxurradas,BA,GO,-0.1580830191112189
Total,tipo_enxurradas,BA,MA,-0.03934246699695329
Total,tipo_enxurradas,BA,MG,-0.2242100214507402
Total,tipo_enxurradas,BA,MS,-0.2808144068145251
Total,tipo_enxurradas,BA,MT,-0.3240798846172819
Total,tipo_enxurradas,BA,PA,0.15517022414474654
Total,tipo_enxurradas,BA,PB,0.32413949142587395
Total,tipo_enxurradas,BA,PE,0.4386859396086798
Total,tipo_enxurradas,BA,PI,0.22078017963353055
Total,tipo_enxurradas,BA,PR,-0.2994689617856703
Total,tipo_enxurradas,BA,RJ,0.38660137698902264
Total,tipo_enxurradas,BA,RN,0.4203318118047509
Total,tipo_enxurradas,BA,RO,-0.2943273186879868
Total,tipo_enxurradas,BA,RR,-0.25977543208134063
Total,tipo_enxurradas,BA,RS,-0.269033347935924
Total,tipo_enxurradas,BA,SC,-0.2575292072637348
Total,tipo_enxurradas,BA,SE,0.253094416921013
Total,tipo_enxurradas,BA,SP,-0.030356966955711526
Total,tipo_enxurradas,BA,TO,-0.38912609903182444
Total,tipo_enxurradas,CE,DF,-0.04471316284255385
Total,tipo_enxurradas,CE,ES,0.17351517505408848
Total,tipo_enxurradas,CE,GO,-0.3475434862906543
Total,tipo_enxurradas,CE,MA,0.020879109380091722
Total,tipo_enxurradas,CE,MG,-0.26592085797537834
Total,tipo_enxurradas,CE,MS,-0.4309888691815518
Total,tipo_enxurradas,CE,MT,-0.38003395065364337
Total,tipo_enxurradas,CE,PA,0.18643835392845629
Total,tipo_enxurradas,CE,PB,0.49125450944424615
Total,tipo_enxurradas,CE,PE,0.6781532206754618
Total,tipo_enxurradas,CE,PI,0.37292367932773673
Total,tipo_enxurradas,CE,PR,-0.4157075751361209
Total,tipo_enxurradas,CE,RJ,0.3638089880803105
Total,tipo_enxurradas,CE,RN,0.35435229240948185
Total,tipo_enxurradas,CE,RO,-0.3131104336495332
Total,tipo_enxurradas,CE,RR,-0.27265680724470215
Total,tipo_enxurradas,CE,RS,-0.3705666803309676
Total,tipo_enxurradas,CE,SC,-0.35316169728930147
Total,tipo_enxurradas,CE,SE,0.2030507703966403
Total,tipo_enxurradas,CE,SP,-0.026232004011440553
Total,tipo_enxurradas,CE,TO,-0.3843110437403686
Total,tipo_enxurradas,DF,ES,0.07663794847027912
Total,tipo_enxurradas,DF,GO,0.08888878052561497
Total,tipo_enxurradas,DF,MA,-0.2591987593583138
Total,tipo_enxurradas,DF,MG,0.43896848930694976
Total,tipo_enxurradas,DF,MS,0.08433557771510292
Total,tipo_enxurradas,DF,MT,-0.036127360009607805
Total,tipo_enxurradas,DF,PA,-0.06160480261600428
Total,tipo_enxurradas,DF,PB,0.15634975726073638
Total,tipo_enxurradas,DF,PE,-0.0347074904772971
Total,tipo_enxurradas,DF,PI,-0.1210524179652173
Total,tipo_enxurradas,DF,PR,0.34855971443090883
Total,tipo_enxurradas,DF,RJ,0.1896869737948457
Total,tipo_enxurradas,DF,RN,-0.003743123325965859
Total,tipo_enxurradas,DF,RO,0.10330594965177292
Total,tipo_enxurradas,DF,RR,-0.27901640533603683
Total,tipo_enxurradas,DF,RS,0.3237886750615187
Total,tipo_enxurradas,DF,SC,0.4314234358715017
Total,tipo_enxurradas,DF,SE,-0.05364013141829425
Total,tipo_enxurradas,DF,SP,0.418200275694863
Total,tipo_enxurradas,DF,TO,-0.08437487291759323
Total,tipo_enxurradas,ES,GO,-0.021334120768481853
Total,tipo_enxurradas,ES,MA,0.0917393974741675
Total,tipo_enxurradas,ES,MG,0.2103140489849658
Total,tipo_enxurradas,ES,MS,-0.16605394412290933
Total,tipo_enxurradas,ES,MT,-0.15425885589285485
Total,tipo_enxurradas,ES,PA,0.03289252506326362
Total,tipo_enxurradas,ES,PB,0.11348776657147265
Total,tipo_enxurradas,ES,PE,0.030766412442709966
Total,tipo_enxurradas,ES,PI,0.061528497111536275
Total,tipo_enxurradas,ES,PR,0.002291728840630573
Total,tipo_enxurradas,ES,RJ,0.1340948851795855
Total,tipo_enxurradas,ES,RN,0.2355002209881307
Total,tipo_enxurradas,ES,RO,-0.17068083313298238
Total,tipo_enxurradas,ES,RR,-0.33342920138585097
Total,tipo_enxurradas,ES,RS,0.05196431557648718
Total,tipo_enxurradas,ES,SC,0.0634799287892639
Total,tipo_enxurradas,ES,SE,0.08458824058229077
Total,tipo_enxurradas,ES,SP,0.20318171014149444
Total,tipo_enxurradas,ES,TO,0.037919785926698056
Total,tipo_enxurradas,GO,MA,0.06747388756054845
Total,tipo_enxurradas,GO,MG,0.2993958149913821
Total,tipo_enxurradas,GO,MS,0.5837969043298945
Total,tipo_enxurradas,GO,MT,0.3878427984978958
Total,tipo_enxurradas,GO,PA,0.01350433470729024
Total,tipo_enxurradas,GO,PB,-0.21723786312824242
Total,tipo_enxurradas,GO,PE,-0.4087340401581496
Total,tipo_enxurradas,GO,PI,-0.0739822460460324
Total,tipo_enxurradas,GO,PR,0.4303188395544133
Total,tipo_enxurradas,GO,RJ,-0.14444227651335112
Total,tipo_enxurradas,GO,RN,-0.02286191941810569
Total,tipo_enxurradas,GO,RO,0.0468248924410934
Total,tipo_enxurradas,GO,RR,-0.27425486830556767
Total,tipo_enxurradas,GO,RS,0.12957236923537083
Total,tipo_enxurradas,GO,SC,0.09656173440525877
Total,tipo_enxurradas,GO,SE,0.010968477885498769
Total,tipo_enxurradas,GO,SP,0.0203605661476846
Total,tipo_enxurradas,GO,TO,0.3158493081557482
Total,tipo_enxurradas,MA,MG,-0.13828838980350533
Total,tipo_enxurradas,MA,MS,-0.11496053610260573
Total,tipo_enxurradas,MA,MT,0.04501107145195813
Total,tipo_enxurradas,MA,PA,0.06949945942363395
Total,tipo_enxurradas,MA,PB,0.012536265284022791
Total,tipo_enxurradas,MA,PE,-0.013010608403677135
Total,tipo_enxurradas,MA,PI,0.43659752526566054
Total,tipo_enxurradas,MA,PR,-0.16406988867502062
Total,tipo_enxurradas,MA,RJ,-0.12558126861834
Total,tipo_enxurradas,MA,RN,0.06018082164107996
Total,tipo_enxurradas,MA,RO,-0.04674058744063806
Total,tipo_enxurradas,MA,RR,-0.20102785280267868
Total,tipo_enxurradas,MA,RS,-0.08125798014088906
Total,tipo_enxurradas,MA,SC,-0.21084456482290653
Total,tipo_enxurradas,MA,SE,0.019036267056339626
Total,tipo_enxurradas,MA,SP,-0.36456620903621634
Total,tipo_enxurradas,MA,TO,0.2027688941437633
Total,tipo_enxurradas,MG,MS,0.23365749050812462
Total,tipo_enxurradas,MG,MT,0.16914725079462195
Total,tipo_enxurradas,MG,PA,0.061466351862811255
Total,tipo_enxurradas,MG,PB,-0.1453441793258308
Total,tipo_enxurradas,MG,PE,-0.27585137378578867
Total,tipo_enxurradas,MG,PI,-0.23662399150277613
Total,tipo_enxurradas,MG,PR,0.5522842077384493
Total,tipo_enxurradas,MG,RJ,0.10958145715465524
Total,tipo_enxurradas,MG,RN,-0.1501861549473467
Total,tipo_enxurradas,MG,RO,0.26379917820749427
Total,tipo_enxurradas,MG,RR,-0.39700474276175474
Total,tipo_enxurradas,MG,RS,0.2896631344794516
Total,tipo_enxurradas,MG,SC,0.5325262038090481
Total,tipo_enxurradas,MG,SE,-0.17174163175151463
Total,tipo_enxurradas,MG,SP,0.5348236866582213
Total,tipo_enxurradas,MG,TO,0.155116064622219
Total,tipo_enxurradas,MS,MT,0.37057410717968126
Total,tipo_enxurradas,MS,PA,-0.023327365221919978
Total,tipo_enxurradas,MS,PB,-0.3186348419927493
Total,tipo_enxurradas,MS,PE,-0.4094113575196297
Total,tipo_enxurradas,MS,PI,-0.2968251952741296
Total,tipo_enxurradas,MS,PR,0.5412655461012112
Total,tipo_enxurradas,MS,RJ,-0.2812365829098992
Total,tipo_enxurradas,MS,RN,-0.31944101223802435
Total,tipo_enxurradas,MS,RO,0.21720566472300462
Total,tipo_enxurradas,MS,RR,-0.1581496793664557
Total,tipo_enxurradas,MS,RS,0.2272629997963555
Total,tipo_enxurradas,MS,SC,0.24065171763062995
Total,tipo_enxurradas,MS,SE,-0.20824583101327862
Total,tipo_enxurradas,MS,SP,0.09382545747754178
Total,tipo_enxurradas,MS,TO,0.34276461176528367
Total,tipo_enxurradas,MT,PA,-0.11197309247326724
Total,tipo_enxurradas,MT,PB,-0.36366928208787414
Total,tipo_enxurradas,MT,PE,-0.3661430548186341
Total,tipo_enxurradas,MT,PI,-0.28531861177057904
Total,tipo_enxurradas,MT,PR,0.33289814008848234
Total,tipo_enxurradas,MT,RJ,-0.2675565384928453
Total,tipo_enxurradas,MT,RN,-0.21838683710736986
Total,tipo_enxurradas,MT,RO,0.15164081193415757
Total,tipo_enxurradas,MT,RR,-0.11809727245882523
Total,tipo_enxurradas,MT,RS,0.18265569915074126
Total,tipo_enxurradas,MT,SC,0.1554290752240392
Total,tipo_enxurradas,MT,SE,-0.007015881842508211
Total,tipo_enxurradas,MT,SP,-0.09972381592915829
Total,tipo_enxurradas,MT,TO,0.3209009870121611
Total,tipo_enxurradas,PA,PB,0.05470398806974613
Total,tipo_enxurradas,PA,PE,0.10471925607097121
Total,tipo_enxurradas,PA,PI,-0.025829974718474275
Total,tipo_enxurradas,PA,PR,-0.0859676725359774
Total,tipo_enxurradas,PA,RJ,0.05986183052670227
Total,tipo_enxurradas,PA,RN,-0.04106014762186021
Total,tipo_enxurradas,PA,RO,0.08091853230330463
Total,tipo_enxurradas,PA,RR,-0.3331909969678756
Total,tipo_enxurradas,PA,RS,-0.15045679870349823
Total,tipo_enxurradas,PA,SC,-0.03118950803259611
Total,tipo_enxurradas,PA,SE,-0.047334748813803125
Total,tipo_enxurradas,PA,SP,0.10113928823144624
Total,tipo_enxurradas,PA,TO,-0.040812351473040735
Total,tipo_enxurradas,PB,PE,0.4643381531086521
Total,tipo_enxurradas,PB,PI,0.44228895392723777
Total,tipo_enxurradas,PB,PR,-0.1555087704007011
Total,tipo_enxurradas,PB,RJ,0.16584983107451384
Total,tipo_enxurradas,PB,RN,0.3392761636561929
Total,tipo_enxurradas,PB,RO,-0.19750291121141395
Total,tipo_enxurradas,PB,RR,-0.22746723017013507
Total,tipo_enxurradas,PB,RS,-0.21621851149261942
Total,tipo_enxurradas,PB,SC,-0.1458222538864732
Total,tipo_enxurradas,PB,SE,0.13477326538837955
Total,tipo_enxurradas,PB,SP,0.047918954179600314
Total,tipo_enxurradas,PB,TO,-0.37346933816644534
Total,tipo_enxurradas,PE,PI,0.27686097740726984
Total,tipo_enxurradas,PE,PR,-0.32444094273602575
Total,tipo_enxurradas,PE,RJ,0.43207926931850643
Total,tipo_enxurradas,PE,RN,0.17171057438978748
Total,tipo_enxurradas,PE,RO,-0.29333471231114044
Total,tipo_enxurradas,PE,RR,-0.16666609234378688
Total,tipo_enxurradas,PE,RS,-0.27951331804264523
Total,tipo_enxurradas,PE,SC,-0.2451722684600281
Total,tipo_enxurradas,PE,SE,0.19247541916808
Total,tipo_enxurradas,PE,SP,-0.01679246606457145
Total,tipo_enxurradas,PE,TO,-0.42803354537982213
Total,tipo_enxurradas,PI,PR,-0.3442043528248471
Total,tipo_enxurradas,PI,RJ,-0.04416798814333815
Total,tipo_enxurradas,PI,RN,0.23934772483886455
Total,tipo_enxurradas,PI,RO,-0.32204858085230254
Total,tipo_enxurradas,PI,RR,-0.1141666781530852
Total,tipo_enxurradas,PI,RS,-0.15252789217308638
Total,tipo_enxurradas,PI,SC,-0.3638419124728466
Total,tipo_enxurradas,PI,SE,0.14495563217322785
Total,tipo_enxurradas,PI,SP,-0.30477747331483357
Total,tipo_enxurradas,PI,TO,-0.15807996269288194
Total,tipo_enxurradas,PR,RJ,-0.030190585797460257
Total,tipo_enxurradas,PR,RN,-0.20044422458158118
Total,tipo_enxurradas,PR,RO,0.3269103324126381
Total,tipo_enxurradas,PR,RR,-0.34845454750826504
Total,tipo_enxurradas,PR,RS,0.5637506837258168
Total,tipo_enxurradas,PR,SC,0.661024306073462
Total,tipo_enxurradas,PR,SE,-0.1280284434482406
Total,tipo_enxurradas,PR,SP,0.4621967166876427
Total,tipo_enxurradas,PR,TO,0.22981884687322154
Total,tipo_enxurradas,RJ,RN,0.200353472213563
Total,tipo_enxurradas,RJ,RO,-0.2250787615353411
Total,tipo_enxurradas,RJ,RR,-0.2940006707965578
Total,tipo_enxurradas,RJ,RS,-0.18217114049763858
Total,tipo_enxurradas,RJ,SC,0.021132158381939818
Total,tipo_enxurradas,RJ,SE,0.009030994656688463
Total,tipo_enxurradas,RJ,SP,0.25043158742370264
Total,tipo_enxurradas,RJ,TO,-0.21997816850084903
Total,tipo_enxurradas,RN,RO,-0.3060650849904642
Total,tipo_enxurradas,RN,RR,-0.24011349379207397
Total,tipo_enxurradas,RN,RS,-0.15225099362030134
Total,tipo_enxurradas,RN,SC,-0.2647861330773286
Total,tipo_enxurradas,RN,SE,0.319401573474968
Total,tipo_enxurradas,RN,SP,-0.06105413022884568
Total,tipo_enxurradas,RN,TO,-0.13588769426678604
Total,tipo_enxurradas,RO,RR,-0.03917090938992525
Total,tipo_enxurradas,RO,RS,0.34030323455170974
Total,tipo_enxurradas,RO,SC,0.5130016554188704
Total,tipo_enxurradas,RO,SE,-0.2687539005858058
Total,tipo_enxurradas,RO,SP,0.33269816066435365
Total,tipo_enxurradas,RO,TO,0.1332778394590907
Total,tipo_enxurradas,RR,RS,-0.0982941110761332
Total,tipo_enxurradas,RR,SC,-0.24560931677625988
Total,tipo_enxurradas,RR,SE,-0.12153289358273245
Total,tipo_enxurradas,RR,SP,-0.2876173675379372
Total,tipo_enxurradas,RR,TO,-0.13430104369537105
Total,tipo_enxurradas,RS,SC,0.637373216403644
Total,tipo_enxurradas,RS,SE,-0.14136806652337144
Total,tipo_enxurradas,RS,SP,0.24992311608708215
Total,tipo_enxurradas,RS,TO,0.21625320630061337
Total,tipo_enxurradas,SC,SE,-0.24534550152963835
Total,tipo_enxurradas,SC,SP,0.5912539704236679
Total,tipo_enxurradas,SC,TO,0.008218080059089064
Total,tipo_enxurradas,SE,SP,-0.1770835875777119
Total,tipo_enxurradas,SE,TO,-0.25775601858910174
Total,tipo_enxurradas,SP,TO,-0.18213922871829977
Total,tipo_erosao,AC,AL,-0.11764980586590225
Total,tipo_erosao,AC,AM,0.2055326864700945
Total,tipo_erosao,AC,AP,-0.010575830747050598
Total,tipo_erosao,AC,BA,-0.01175651646107316
Total,tipo_erosao,AC,CE,-0.04917728713214062
Total,tipo_erosao,AC,DF,-0.18325662001812787
Total,tipo_erosao,AC,ES,-0.023564322658342345
Total,tipo_erosao,AC,GO,-0.2047909722151519
Total,tipo_erosao,AC,MA,-0.06609977733449589
Total,tipo_erosao,AC,MG,-0.03227431912448143
Total,tipo_erosao,AC,MS,-0.060729585669581115
Total,tipo_erosao,AC,MT,-0.10635201456864661
Total,tipo_erosao,AC,PA,0.1996529502756959
Total,tipo_erosao,AC,PB,-0.16524070397141963
Total,tipo_erosao,AC,PE,-0.017432296665708186
Total,tipo_erosao,AC,PI,-0.08174213498652794
Total,tipo_erosao,AC,PR,-0.13195522659694453
Total,tipo_erosao,AC,RJ,-0.08961343638328835
Total,tipo_erosao,AC,RN,-0.2891233157729481
Total,tipo_erosao,AC,RO,0.2669829576141953
Total,tipo_erosao,AC,RR,0.014353834739477203
Total,tipo_erosao,AC,RS,-0.12726642752793688
Total,tipo_erosao,AC,SC,0.13226606101403524
Total,tipo_erosao,AC,SE,-0.07796750972411634
Total,tipo_erosao,AC,SP,0.09929390097737557
Total,tipo_erosao,AC,TO,-0.1061378519383839
Total,tipo_erosao,AL,AM,0.04756226165104786
Total,tipo_erosao,AL,AP,-0.1298128189007035
Total,tipo_erosao,AL,BA,0.49190961852855386
Total,tipo_erosao,AL,CE,0.5003714267525193
Total,tipo_erosao,AL,DF,-0.13618494808025405
Total,tipo_erosao,AL,ES,0.046008751203092446
Total,tipo_erosao,AL,GO,-0.22065130744269548
Total,tipo_erosao,AL,MA,0.1390158145236454
Total,tipo_erosao,AL,MG,-0.3507264444449152
Total,tipo_erosao,AL,MS,-0.26244881981016077
Total,tipo_erosao,AL,MT,-0.23933435895213995
Total,tipo_erosao,AL,PA,0.19753427699526668
Total,tipo_erosao,AL,PB,0.4968485878089256
Total,tipo_erosao,AL,PE,0.5174000481482646
Total,tipo_erosao,AL,PI,0.35837380567289456
Total,tipo_erosao,AL,PR,-0.316351287946623
Total,tipo_erosao,AL,RJ,0.17065598653517833
Total,tipo_erosao,AL,RN,0.3468936233379559
Total,tipo_erosao,AL,RO,-0.32674812356463023
Total,tipo_erosao,AL,RR,-0.22530762642081392
Total,tipo_erosao,AL,RS,-0.3161323208586925
Total,tipo_erosao,AL,SC,-0.4165134468239424
Total,tipo_erosao,AL,SE,0.2710724615389239
Total,tipo_erosao,AL,SP,-0.2011808694706954
Total,tipo_erosao,AL,TO,-0.32923860551281964
Total,tipo_erosao,AM,AP,-0.001789934716734668
Total,tipo_erosao,AM,BA,0.2840366499016503
Total,tipo_erosao,AM,CE,0.36789201291526274
Total,tipo_erosao,AM,DF,-0.04640716852130919
Total,tipo_erosao,AM,ES,0.07093322176802558
Total,tipo_erosao,AM,GO,-0.24389465199994112
Total,tipo_erosao,AM,MA,-0.14977578186512824
Total,tipo_erosao,AM,MG,-0.15795205295327733
Total,tipo_erosao,AM,MS,-0.17618802426395558
Total,tipo_erosao,AM,MT,-0.3371192942409192
Total,tipo_erosao,AM,PA,0.12487858629477941
Total,tipo_erosao,AM,PB,0.029239800565141135
Total,tipo_erosao,AM,PE,0.2613278644064437
Total,tipo_erosao,AM,PI,-0.024567543049304644
Total,tipo_erosao,AM,PR,-0.25244338509974085
Total,tipo_erosao,AM,RJ,0.2845537302963671
Total,tipo_erosao,AM,RN,-0.02432653914871157
Total,tipo_erosao,AM,RO,-0.1684456618925557
Total,tipo_erosao,AM,RR,-0.12662155700860311
Total,tipo_erosao,AM,RS,-0.28202469640498407
Total,tipo_erosao,AM,SC,-0.07096821074834403
Total,tipo_erosao,AM,SE,0.1164928470715946
Total,tipo_erosao,AM,SP,0.1558745674125147
Total,tipo_erosao,AM,TO,-0.26251596513959363
Total,tipo_erosao,AP,BA,-0.1524656782342982
Total,tipo_erosao,AP,CE,-0.10496010884477715
Total,tipo_erosao,AP,DF,-0.06310318550347607
Total,tipo_erosao,AP,ES,-0.14055720297523458
Total,tipo_erosao,AP,GO,-0.14075023288076016
Total,tipo_erosao,AP,MA,-0.08339445499125793
Total,tipo_erosao,AP,MG,0.09320919562686922
Total,tipo_erosao,AP,MS,0.0032341186232248734
Total,tipo_erosao,AP,MT,-0.05426130770122409
Total,tipo_erosao,AP,PA,0.07428513365125973
Total,tipo_erosao,AP,PB,-0.13267186899859484
Total,tipo_erosao,AP,PE,-0.10747334977709949
Total,tipo_erosao,AP,PI,-0.19200684362329645
Total,tipo_erosao,AP,PR,-0.0675235030098224
Total,tipo_erosao,AP,RJ,-0.01989844313520643
Total,tipo_erosao,AP,RN,-0.15448910160479606
Total,tipo_erosao,AP,RO,-0.12641962074517876
Total,tipo_erosao,AP,RR,-0.02607722914479035
Total,tipo_erosao,AP,RS,-0.19410117218196893
Total,tipo_erosao,AP,SC,-0.07888663133232932
Total,tipo_erosao,AP,SE,-0.21295991915381443
Total,tipo_erosao,AP,SP,-0.13372559778214263
Total,tipo_erosao,AP,TO,0.05425986658003509
Total,tipo_erosao,BA,CE,0.4971443412109359
Total,tipo_erosao,BA,DF,0.00685482178093224
Total,tipo_erosao,BA,ES,0.10184617247894875
Total,tipo_erosao,BA,GO,-0.15601887526657474
Total,tipo_erosao,BA,MA,-0.03626043049102182
Total,tipo_erosao,BA,MG,-0.22178535031073618
Total,tipo_erosao,BA,MS,-0.28202154790972234
Total,tipo_erosao,BA,MT,-0.3229346838161841
Total,tipo_erosao,BA,PA,0.15894917958438906
Total,tipo_erosao,BA,PB,0.32489601938060114
Total,tipo_erosao,BA,PE,0.44059435965629556
Total,tipo_erosao,BA,PI,0.22271927467850816
Total,tipo_erosao,BA,PR,-0.30789660328098484
Total,tipo_erosao,BA,RJ,0.3894794654644522
Total,tipo_erosao,BA,RN,0.422541129234239
Total,tipo_erosao,BA,RO,-0.29716899361292054
Total,tipo_erosao,BA,RR,-0.2645002635733026
Total,tipo_erosao,BA,RS,-0.27263830986926063
Total,tipo_erosao,BA,SC,-0.24601964185683364
Total,tipo_erosao,BA,SE,0.25471181163404133
Total,tipo_erosao,BA,SP,-0.03156708354044908
Total,tipo_erosao,BA,TO,-0.3876491297399497
Total,tipo_erosao,CE,DF,-0.04671835150504363
Total,tipo_erosao,CE,ES,0.16338466916407837
Total,tipo_erosao,CE,GO,-0.3476023313950088
Total,tipo_erosao,CE,MA,0.021818723686716987
Total,tipo_erosao,CE,MG,-0.2667338693423678
Total,tipo_erosao,CE,MS,-0.42995871835374105
Total,tipo_erosao,CE,MT,-0.37890623542134927
Total,tipo_erosao,CE,PA,0.19756464888956599
Total,tipo_erosao,CE,PB,0.4899656658744825
Total,tipo_erosao,CE,PE,0.6777277822339984
Total,tipo_erosao,CE,PI,0.3769713727185403
Total,tipo_erosao,CE,PR,-0.4206876627796636
Total,tipo_erosao,CE,RJ,0.3664298190051832
Total,tipo_erosao,CE,RN,0.35316001637866185
Total,tipo_erosao,CE,RO,-0.3113203746590384
Total,tipo_erosao,CE,RR,-0.27283027311711633
Total,tipo_erosao,CE,RS,-0.37587994688237664
Total,tipo_erosao,CE,SC,-0.3464869227176597
Total,tipo_erosao,CE,SE,0.20265490612544101
Total,tipo_erosao,CE,SP,-0.02805609402438412
Total,tipo_erosao,CE,TO,-0.3833289372038777
Total,tipo_erosao,DF,ES,0.08435199806247125
Total,tipo_erosao,DF,GO,0.08963664225825144
Total,tipo_erosao,DF,MA,-0.2571969275087297
Total,tipo_erosao,DF,MG,0.4386720318979132
Total,tipo_erosao,DF,MS,0.0842555528426474
Total,tipo_erosao,DF,MT,-0.03609416288855903
Total,tipo_erosao,DF,PA,-0.0660983913097002
Total,tipo_erosao,DF,PB,0.15395434052403437
Total,tipo_erosao,DF,PE,-0.03014469890064824
Total,tipo_erosao,DF,PI,-0.12543933470961505
Total,tipo_erosao,DF,PR,0.35097594611638533
Total,tipo_erosao,DF,RJ,0.1888716523930744
Total,tipo_erosao,DF,RN,-0.005435975717475454
Total,tipo_erosao,DF,RO,0.10315840836690225
Total,tipo_erosao,DF,RR,-0.2789968780438276
Total,tipo_erosao,DF,RS,0.3210258421912056
Total,tipo_erosao,DF,SC,0.4439866880191032
Total,tipo_erosao,DF,SE,-0.05453469861705293
Total,tipo_erosao,DF,SP,0.416405993369334
Total,tipo_erosao,DF,TO,-0.08196648314392072
Total,tipo_erosao,ES,GO,-0.02762446446054892
Total,tipo_erosao,ES,MA,0.08550615625761197
Total,tipo_erosao,ES,MG,0.2162539563826585
Total,tipo_erosao,ES,MS,-0.1650416132126738
Total,tipo_erosao,ES,MT,-0.1497384110047148
Total,tipo_erosao,ES,PA,0.002330049783184141
Total,tipo_erosao,ES,PB,0.11234739316782587
Total,tipo_erosao,ES,PE,0.02937365229487355
Total,tipo_erosao,ES,PI,0.0656357122334699
Total,tipo_erosao,ES,PR,0.007171068319141701
Total,tipo_erosao,ES,RJ,0.14642241902692796
Total,tipo_erosao,ES,RN,0.2516380604864413
Total,tipo_erosao,ES,RO,-0.17825537757623403
Total,tipo_erosao,ES,RR,-0.3317692628101649
Total,tipo_erosao,ES,RS,0.05582999153070267
Total,tipo_erosao,ES,SC,0.09365305874746559
Total,tipo_erosao,ES,SE,0.08438107722284371
Total,tipo_erosao,ES,SP,0.21750755787099332
Total,tipo_erosao,ES,TO,0.029195546564909552
Total,tipo_erosao,GO,MA,0.06861747376604074
Total,tipo_erosao,GO,MG,0.3003911602065555
Total,tipo_erosao,GO,MS,0.5831414966107696
Total,tipo_erosao,GO,MT,0.3871790942560743
Total,tipo_erosao,GO,PA,0.0009958781618173817
Total,tipo_erosao,GO,PB,-0.21731701497339517
Total,tipo_erosao,GO,PE,-0.4097743518292436
Total,tipo_erosao,GO,PI,-0.07614545739281846
Total,tipo_erosao,GO,PR,0.43419525898273803
Total,tipo_erosao,GO,RJ,-0.14541498307589842
Total,tipo_erosao,GO,RN,-0.022617596515643677
Total,tipo_erosao,GO,RO,0.045678061947585884
Total,tipo_erosao,GO,RR,-0.27382041174874866
Total,tipo_erosao,GO,RS,0.13603336551597348
Total,tipo_erosao,GO,SC,0.09571549812833557
Total,tipo_erosao,GO,SE,0.011608960362605308
Total,tipo_erosao,GO,SP,0.020315321942274468
Total,tipo_erosao,GO,TO,0.31791508779013816
Total,tipo_erosao,MA,MG,-0.13720853372656647
Total,tipo_erosao,MA,MS,-0.1138270692827144
Total,tipo_erosao,MA,MT,0.04674570536109674
Total,tipo_erosao,MA,PA,0.06552046062721163
Total,tipo_erosao,MA,PB,0.013949856361041018
Total,tipo_erosao,MA,PE,-0.029963789674944993
Total,tipo_erosao,MA,PI,0.4379993285273812
Total,tipo_erosao,MA,PR,-0.16011362585964056
Total,tipo_erosao,MA,RJ,-0.1235318749010968
Total,tipo_erosao,MA,RN,0.06053932029198573
Total,tipo_erosao,MA,RO,-0.04636874928825919
Total,tipo_erosao,MA,RR,-0.20140897804400335
Total,tipo_erosao,MA,RS,-0.08255536798661267
Total,tipo_erosao,MA,SC,-0.21027331456824708
Total,tipo_erosao,MA,SE,0.020788971023644937
Total,tipo_erosao,MA,SP,-0.36365011567658334
Total,tipo_erosao,MA,TO,0.20385904278021746
Total,tipo_erosao,MG,MS,0.23490322640353084
Total,tipo_erosao,MG,MT,0.16951312451793699
Total,tipo_erosao,MG,PA,0.04638691275505825
Total,tipo_erosao,MG,PB,-0.14668361313332745
Total,tipo_erosao,MG,PE,-0.27391627945209057
Total,tipo_erosao,MG,PI,-0.23879365620959075
Total,tipo_erosao,MG,PR,0.5551503658787394
Total,tipo_erosao,MG,RJ,0.10977789534342322
Total,tipo_erosao,MG,RN,-0.14976161391383389
Total,tipo_erosao,MG,RO,0.2614302760568446
Total,tipo_erosao,MG,RR,-0.3973279094864249
Total,tipo_erosao,MG,RS,0.28899502874399285
Total,tipo_erosao,MG,SC,0.5418388160715023
Total,tipo_erosao,MG,SE,-0.17064486205177784
Total,tipo_erosao,MG,SP,0.5340376062833092
Total,tipo_erosao,MG,TO,0.15629931574577297
Total,tipo_erosao,MS,MT,0.3691847440778547
Total,tipo_erosao,MS,PA,-0.03766885350915168
Total,tipo_erosao,MS,PB,-0.3190175294206897
Total,tipo_erosao,MS,PE,-0.4052236554948051
Total,tipo_erosao,MS,PI,-0.2967996816115726
Total,tipo_erosao,MS,PR,0.5404059583825708
Total,tipo_erosao,MS,RJ,-0.287828369669596
Total,tipo_erosao,MS,RN,-0.3159385189158345
Total,tipo_erosao,MS,RO,0.21676778237864278
Total,tipo_erosao,MS,RR,-0.15804687496802472
Total,tipo_erosao,MS,RS,0.24143054208571493
Total,tipo_erosao,MS,SC,0.23107067138641135
Total,tipo_erosao,MS,SE,-0.20769568735939095
Total,tipo_erosao,MS,SP,0.09147831451868711
Total,tipo_erosao,MS,TO,0.34544451924933156
Total,tipo_erosao,MT,PA,-0.12365622384149452
Total,tipo_erosao,MT,PB,-0.3641907352331213
Total,tipo_erosao,MT,PE,-0.3668101777076038
Total,tipo_erosao,MT,PI,-0.28760606027336105
Total,tipo_erosao,MT,PR,0.33430391618414035
Total,tipo_erosao,MT,RJ,-0.2684731128169978
Total,tipo_erosao,MT,RN,-0.21768688788238852
Total,tipo_erosao,MT,RO,0.15100896644320114
Total,tipo_erosao,MT,RR,-0.11959136567588964
Total,tipo_erosao,MT,RS,0.19885640507816046
Total,tipo_erosao,MT,SC,0.15116702579674393
Total,tipo_erosao,MT,SE,-0.00510022505504114
Total,tipo_erosao,MT,SP,-0.10136777255910728
Total,tipo_erosao,MT,TO,0.3216283581375488
Total,tipo_erosao,PA,PB,0.07731240594190532
Total,tipo_erosao,PA,PE,0.12433021232366231
Total,tipo_erosao,PA,PI,-0.010717104221594168
Total,tipo_erosao,PA,PR,-0.09415276123446502
Total,tipo_erosao,PA,RJ,0.05404525617154885
Total,tipo_erosao,PA,RN,-0.03536359237522575
Total,tipo_erosao,PA,RO,0.08109801786158746
Total,tipo_erosao,PA,RR,-0.32132981191762255
Total,tipo_erosao,PA,RS,-0.15898733017412364
Total,tipo_erosao,PA,SC,-0.047189799876359746
Total,tipo_erosao,PA,SE,-0.04495893404333163
Total,tipo_erosao,PA,SP,0.09869756076935549
Total,tipo_erosao,PA,TO,-0.06065864238619061
Total,tipo_erosao,PB,PE,0.4650348888306624
Total,tipo_erosao,PB,PI,0.44587581586854885
Total,tipo_erosao,PB,PR,-0.1591674074631831
Total,tipo_erosao,PB,RJ,0.1675415793616231
Total,tipo_erosao,PB,RN,0.33817095722290647
Total,tipo_erosao,PB,RO,-0.19667250532725436
Total,tipo_erosao,PB,RR,-0.2280611207076823
Total,tipo_erosao,PB,RS,-0.22430644416232506
Total,tipo_erosao,PB,SC,-0.14562854189481347
Total,tipo_erosao,PB,SE,0.134577106520842
Total,tipo_erosao,PB,SP,0.04484374318905697
Total,tipo_erosao,PB,TO,-0.3723831171741664
Total,tipo_erosao,PE,PI,0.2629596432007532
Total,tipo_erosao,PE,PR,-0.32359850943539425
Total,tipo_erosao,PE,RJ,0.4367519999207736
Total,tipo_erosao,PE,RN,0.16914116326608414
Total,tipo_erosao,PE,RO,-0.28414446495141793
Total,tipo_erosao,PE,RR,-0.16750031393034753
Total,tipo_erosao,PE,RS,-0.28196549735715587
Total,tipo_erosao,PE,SC,-0.23670919946703012
Total,tipo_erosao,PE,SE,0.18612264797858408
Total,tipo_erosao,PE,SP,-0.0031818096515831263
Total,tipo_erosao,PE,TO,-0.4319761384324614
Total,tipo_erosao,PI,PR,-0.3481443869970201
Total,tipo_erosao,PI,RJ,-0.03921208803313451
Total,tipo_erosao,PI,RN,0.23863195149555738
Total,tipo_erosao,PI,RO,-0.31836510799573536
Total,tipo_erosao,PI,RR,-0.11501745627406672
Total,tipo_erosao,PI,RS,-0.17073549238922198
Total,tipo_erosao,PI,SC,-0.36264347170060457
Total,tipo_erosao,PI,SE,0.14443131136246729
Total,tipo_erosao,PI,SP,-0.30507735388092
Total,tipo_erosao,PI,TO,-0.16058746543212002
Total,tipo_erosao,PR,RJ,-0.04091661009632417
Total,tipo_erosao,PR,RN,-0.207917462607233
Total,tipo_erosao,PR,RO,0.3250831631319847
Total,tipo_erosao,PR,RR,-0.3486170833033339
Total,tipo_erosao,PR,RS,0.5766548683774679
Total,tipo_erosao,PR,SC,0.6657631065304119
Total,tipo_erosao,PR,SE,-0.12281472690585393
Total,tipo_erosao,PR,SP,0.46325378537617296
Total,tipo_erosao,PR,TO,0.23034657392916066
Total,tipo_erosao,RJ,RN,0.20324364687893173
Total,tipo_erosao,RJ,RO,-0.22470277556059096
Total,tipo_erosao,RJ,RR,-0.2944139886057678
Total,tipo_erosao,RJ,RS,-0.1924832928358443
Total,tipo_erosao,RJ,SC,0.023116460955350318
Total,tipo_erosao,RJ,SE,0.010320142735113304
Total,tipo_erosao,RJ,SP,0.251533198626903
Total,tipo_erosao,RJ,TO,-0.22346632127166974
Total,tipo_erosao,RN,RO,-0.3066603773425086
Total,tipo_erosao,RN,RR,-0.24108687401109208
Total,tipo_erosao,RN,RS,-0.16442837949749883
Total,tipo_erosao,RN,SC,-0.25681558683478706
Total,tipo_erosao,RN,SE,0.3185045106281491
Total,tipo_erosao,RN,SP,-0.06357266821531096
Total,tipo_erosao,RN,TO,-0.13461865086510796
Total,tipo_erosao,RO,RR,-0.038389078261086784
Total,tipo_erosao,RO,RS,0.3341002758153391
Total,tipo_erosao,RO,SC,0.5004444206611705
Total,tipo_erosao,RO,SE,-0.26686680227641946
Total,tipo_erosao,RO,SP,0.33124337502356954
Total,tipo_erosao,RO,TO,0.13367362742501201
Total,tipo_erosao,RR,RS,-0.09680779666177657
Total,tipo_erosao,RR,SC,-0.25142741525562123
Total,tipo_erosao,RR,SE,-0.12260523877352766
Total,tipo_erosao,RR,SP,-0.28812050943859696
Total,tipo_erosao,RR,TO,-0.13340918933814516
Total,tipo_erosao,RS,SC,0.6326667974070498
Total,tipo_erosao,RS,SE,-0.14553211194013987
Total,tipo_erosao,RS,SP,0.24550269269173602
Total,tipo_erosao,RS,TO,0.21975365664687901
Total,tipo_erosao,SC,SE,-0.24691532681379075
Total,tipo_erosao,SC,SP,0.5976914935289622
Total,tipo_erosao,SC,TO,0.006067881540278182
Total,tipo_erosao,SE,SP,-0.177971613884572
Total,tipo_erosao,SE,TO,-0.2556115893987207
Total,tipo_erosao,SP,TO,-0.18100291354735615
Total,tipo_estiagem_e_seca,AC,AL,-0.11786932003871388
Total,tipo_estiagem_e_seca,AC,AM,0.20536358801953883
Total,tipo_estiagem_e_seca,AC,AP,-0.010685991338361615
Total,tipo_estiagem_e_seca,AC,BA,-0.01222183752494877
Total,tipo_estiagem_e_seca,AC,CE,-0.04915041771104435
Total,tipo_estiagem_e_seca,AC,DF,-0.18299147491250703
Total,tipo_estiagem_e_seca,AC,ES,-0.023874716416467854
Total,tipo_estiagem_e_seca,AC,GO,-0.2041246835586899
Total,tipo_estiagem_e_seca,AC,MA,-0.06599403406145138
Total,tipo_estiagem_e_seca,AC,MG,-0.0320641648221139
Total,tipo_estiagem_e_seca,AC,MS,-0.06045149007253405
Total,tipo_estiagem_e_seca,AC,MT,-0.10589051063301583
Total,tipo_estiagem_e_seca,AC,PA,0.19985531463243889
Total,tipo_estiagem_e_seca,AC,PB,-0.16517868254514678
Total,tipo_estiagem_e_seca,AC,PE,-0.018031198558139602
Total,tipo_estiagem_e_seca,AC,PI,-0.08217535485070016
Total,tipo_estiagem_e_seca,AC,PR,-0.1316352706413598
Total,tipo_estiagem_e_seca,AC,RJ,-0.08991180843124913
Total,tipo_estiagem_e_seca,AC,RN,-0.28944379874450327
Total,tipo_estiagem_e_seca,AC,RO,0.2672512965595958
Total,tipo_estiagem_e_seca,AC,RR,0.014316400954647956
Total,tipo_estiagem_e_seca,AC,RS,-0.12745094263271461
Total,tipo_estiagem_e_seca,AC,SC,0.13223053024820008
Total,tipo_estiagem_e_seca,AC,SE,-0.07815838325129862
Total,tipo_estiagem_e_seca,AC,SP,0.09910003306652103
Total,tipo_estiagem_e_seca,AC,TO,-0.10563374398767988
Total,tipo_estiagem_e_seca,AL,AM,0.047257330550266784
Total,tipo_estiagem_e_seca,AL,AP,-0.12983355453487747
Total,tipo_estiagem_e_seca,AL,BA,0.49197882840786666
Total,tipo_estiagem_e_seca,AL,CE,0.5002534702085754
Total,tipo_estiagem_e_seca,AL,DF,-0.13581870474981794
Total,tipo_estiagem_e_seca,AL,ES,0.04602463416065367
Total,tipo_estiagem_e_seca,AL,GO,-0.22070281301811168
Total,tipo_estiagem_e_seca,AL,MA,0.13904995189902808
Total,tipo_estiagem_e_seca,AL,MG,-0.3508159111797498
Total,tipo_estiagem_e_seca,AL,MS,-0.2624069687864958
Total,tipo_estiagem_e_seca,AL,MT,-0.23902894558911705
Total,tipo_estiagem_e_seca,AL,PA,0.19739698790663823
Total,tipo_estiagem_e_seca,AL,PB,0.4971284089014711
Total,tipo_estiagem_e_seca,AL,PE,0.5176838208420829
Total,tipo_estiagem_e_seca,AL,PI,0.35822251188508947
Total,tipo_estiagem_e_seca,AL,PR,-0.3163217279692066
Total,tipo_estiagem_e_seca,AL,RJ,0.17056429427166
Total,tipo_estiagem_e_seca,AL,RN,0.3471569447171765
Total,tipo_estiagem_e_seca,AL,RO,-0.32699859326601277
Total,tipo_estiagem_e_seca,AL,RR,-0.22553282212083062
Total,tipo_estiagem_e_seca,AL,RS,-0.31580487344960584
Total,tipo_estiagem_e_seca,AL,SC,-0.41657828969642147
Total,tipo_estiagem_e_seca,AL,SE,0.27123115261395103
Total,tipo_estiagem_e_seca,AL,SP,-0.20145238217747974
Total,tipo_estiagem_e_seca,AL,TO,-0.3289277845434787
Total,tipo_estiagem_e_seca,AM,AP,-0.0019161353410091034
Total,tipo_estiagem_e_seca,AM,BA,0.2840038095717446
Total,tipo_estiagem_e_seca,AM,CE,0.3678278656618602
Total,tipo_estiagem_e_seca,AM,DF,-0.045890228875803345
Total,tipo_estiagem_e_seca,AM,ES,0.07092723109106454
Total,tipo_estiagem_e_seca,AM,GO,-0.24391700145232323
Total,tipo_estiagem_e_seca,AM,MA,-0.14959476381911993
Total,tipo_estiagem_e_seca,AM,MG,-0.1579053644385341
Total,tipo_estiagem_e_seca,AM,MS,-0.17635062056083645
Total,tipo_estiagem_e_seca,AM,MT,-0.3370612103225838
Total,tipo_estiagem_e_seca,AM,PA,0.12489605282040955
Total,tipo_estiagem_e_seca,AM,PB,0.02949427268431509
Total,tipo_estiagem_e_seca,AM,PE,0.26112139363627657
Total,tipo_estiagem_e_seca,AM,PI,-0.024479900927835828
Total,tipo_estiagem_e_seca,AM,PR,-0.25244646815789146
Total,tipo_estiagem_e_seca,AM,RJ,0.2843855347080566
Total,tipo_estiagem_e_seca,AM,RN,-0.02427187800090087
Total,tipo_estiagem_e_seca,AM,RO,-0.16851222745227912
Total,tipo_estiagem_e_seca,AM,RR,-0.12652693973671378
Total,tipo_estiagem_e_seca,AM,RS,-0.2820476216331999
Total,tipo_estiagem_e_seca,AM,SC,-0.07079861483128508
Total,tipo_estiagem_e_seca,AM,SE,0.11648020816598494
Total,tipo_estiagem_e_seca,AM,SP,0.1559171497848721
Total,tipo_estiagem_e_seca,AM,TO,-0.2624754894288251
Total,tipo_estiagem_e_seca,AP,BA,-0.15265184122147252
Total,tipo_estiagem_e_seca,AP,CE,-0.10508518456667564
Total,tipo_estiagem_e_seca,AP,DF,-0.06359186425991314
Total,tipo_estiagem_e_seca,AP,ES,-0.14065660334109534
Total,tipo_estiagem_e_seca,AP,GO,-0.1406439931291885
Total,tipo_estiagem_e_seca,AP,MA,-0.0832357417877026
Total,tipo_estiagem_e_seca,AP,MG,0.09336152472785558
Total,tipo_estiagem_e_seca,AP,MS,0.0032805941505886105
Total,tipo_estiagem_e_seca,AP,MT,-0.05412829243029342
Total,tipo_estiagem_e_seca,AP,PA,0.07441512075351282
Total,tipo_estiagem_e_seca,AP,PB,-0.13222189808141055
Total,tipo_estiagem_e_seca,AP,PE,-0.10776626481192814
Total,tipo_estiagem_e_seca,AP,PI,-0.19212132465913734
Total,tipo_estiagem_e_seca,AP,PR,-0.06751060852581654
Total,tipo_estiagem_e_seca,AP,RJ,-0.02006099043651635
Total,tipo_estiagem_e_seca,AP,RN,-0.1545941597713157
Total,tipo_estiagem_e_seca,AP,RO,-0.12625041926056893
Total,tipo_estiagem_e_seca,AP,RR,-0.026009493836310477
Total,tipo_estiagem_e_seca,AP,RS,-0.19421588458513497
Total,tipo_estiagem_e_seca,AP,SC,-0.07883786965425228
Total,tipo_estiagem_e_seca,AP,SE,-0.21303497317338918
Total,tipo_estiagem_e_seca,AP,SP,-0.13374745144443753
Total,tipo_estiagem_e_seca,AP,TO,0.054337531222917894
Total,tipo_estiagem_e_seca,BA,CE,0.49753502825289225
Total,tipo_estiagem_e_seca,BA,DF,0.006963777272231783
Total,tipo_estiagem_e_seca,BA,ES,0.10214927443462567
Total,tipo_estiagem_e_seca,BA,GO,-0.15615713948282148
Total,tipo_estiagem_e_seca,BA,MA,-0.03609236073855427
Total,tipo_estiagem_e_seca,BA,MG,-0.22179496684844732
Total,tipo_estiagem_e_seca,BA,MS,-0.28220123187118706
Total,tipo_estiagem_e_seca,BA,MT,-0.3230485796073737
Total,tipo_estiagem_e_seca,BA,PA,0.1589228105775227
Total,tipo_estiagem_e_seca,BA,PB,0.32528993358421227
Total,tipo_estiagem_e_seca,BA,PE,0.4408039679007634
Total,tipo_estiagem_e_seca,BA,PI,0.22282800472996903
Total,tipo_estiagem_e_seca,BA,PR,-0.307977250917094
Total,tipo_estiagem_e_seca,BA,RJ,0.38955296527189187
Total,tipo_estiagem_e_seca,BA,RN,0.4225486818608426
Total,tipo_estiagem_e_seca,BA,RO,-0.2974871954577038
Total,tipo_estiagem_e_seca,BA,RR,-0.2644659308770866
Total,tipo_estiagem_e_seca,BA,RS,-0.27237621354827557
Total,tipo_estiagem_e_seca,BA,SC,-0.24591075348344524
Total,tipo_estiagem_e_seca,BA,SE,0.2547300479077682
Total,tipo_estiagem_e_seca,BA,SP,-0.031414557359003226
Total,tipo_estiagem_e_seca,BA,TO,-0.3878102844005871
Total,tipo_estiagem_e_seca,CE,DF,-0.04602817888661326
Total,tipo_estiagem_e_seca,CE,ES,0.1636408324928969
Total,tipo_estiagem_e_seca,CE,GO,-0.3478751974926417
Total,tipo_estiagem_e_seca,CE,MA,0.021880194783187604
Total,tipo_estiagem_e_seca,CE,MG,-0.2665013983156438
Total,tipo_estiagem_e_seca,CE,MS,-0.4302176761307835
Total,tipo_estiagem_e_seca,CE,MT,-0.37928604769813606
Total,tipo_estiagem_e_seca,CE,PA,0.19742180162757322
Total,tipo_estiagem_e_seca,CE,PB,0.4896729091505647
Total,tipo_estiagem_e_seca,CE,PE,0.6781896828216433
Total,tipo_estiagem_e_seca,CE,PI,0.37683784367127254
Total,tipo_estiagem_e_seca,CE,PR,-0.42057709117599407
Total,tipo_estiagem_e_seca,CE,RJ,0.3667105911157862
Total,tipo_estiagem_e_seca,CE,RN,0.35346566621736053
Total,tipo_estiagem_e_seca,CE,RO,-0.3117481727069082
Total,tipo_estiagem_e_seca,CE,RR,-0.2727601968518002
Total,tipo_estiagem_e_seca,CE,RS,-0.3758743763644683
Total,tipo_estiagem_e_seca,CE,SC,-0.3462198092393701
Total,tipo_estiagem_e_seca,CE,SE,0.2027740380920161
Total,tipo_estiagem_e_seca,CE,SP,-0.027689263725086677
Total,tipo_estiagem_e_seca,CE,TO,-0.38370598887490276
Total,tipo_estiagem_e_seca,DF,ES,0.08522503231322016
Total,tipo_estiagem_e_seca,DF,GO,0.08930578356540037
Total,tipo_estiagem_e_seca,DF,MA,-0.25823801095829874
Total,tipo_estiagem_e_seca,DF,MG,0.4385131904381903
Total,tipo_estiagem_e_seca,DF,MS,0.08506924025875372
Total,tipo_estiagem_e_seca,DF,MT,-0.03636668985871831
Total,tipo_estiagem_e_seca,DF,PA,-0.06625022147178017
Total,tipo_estiagem_e_seca,DF,PB,0.1540505795266883
Total,tipo_estiagem_e_seca,DF,PE,-0.029551919313852114
Total,tipo_estiagem_e_seca,DF,PI,-0.12537846156972823
Total,tipo_estiagem_e_seca,DF,PR,0.35144893452797177
Total,tipo_estiagem_e_seca,DF,RJ,0.1888263758511762
Total,tipo_estiagem_e_seca,DF,RN,-0.005548625342407163
Total,tipo_estiagem_e_seca,DF,RO,0.10255911312562904
Total,tipo_estiagem_e_seca,DF,RR,-0.27913914052324873
Total,tipo_estiagem_e_seca,DF,RS,0.32146391829765975
Total,tipo_estiagem_e_seca,DF,SC,0.444719519926992
Total,tipo_estiagem_e_seca,DF,SE,-0.05433099493055084
Total,tipo_estiagem_e_seca,DF,SP,0.4165754871014701
Total,tipo_estiagem_e_seca,DF,TO,-0.08280499176132367
Total,tipo_estiagem_e_seca,ES,GO,-0.027696422601581398
Total,tipo_estiagem_e_seca,ES,MA,0.08545341781877891
Total,tipo_estiagem_e_seca,ES,MG,0.21614843413832105
Total,tipo_estiagem_e_seca,ES,MS,-0.16541636573195748
Total,tipo_estiagem_e_seca,ES,MT,-0.14981100366241784
Total,tipo_estiagem_e_seca,ES,PA,0.0023103180014804885
Total,tipo_estiagem_e_seca,ES,PB,0.11217068444696893
Total,tipo_estiagem_e_seca,ES,PE,0.029603111699140292
Total,tipo_estiagem_e_seca,ES,PI,0.06571282137841435
Total,tipo_estiagem_e_seca,ES,PR,0.007111453418542358
Total,tipo_estiagem_e_seca,ES,RJ,0.14636135991810265
Total,tipo_estiagem_e_seca,ES,RN,0.25177146394246225
Total,tipo_estiagem_e_seca,ES,RO,-0.178363403112174
Total,tipo_estiagem_e_seca,ES,RR,-0.33168212076772463
Total,tipo_estiagem_e_seca,ES,RS,0.055568736074693086
Total,tipo_estiagem_e_seca,ES,SC,0.09348687599652074
Total,tipo_estiagem_e_seca,ES,SE,0.08441306562872374
Total,tipo_estiagem_e_seca,ES,SP,0.21750842570437354
Total,tipo_estiagem_e_seca,ES,TO,0.029095398497266275
Total,tipo_estiagem_e_seca,GO,MA,0.06857152553406333
Total,tipo_estiagem_e_seca,GO,MG,0.3002645315636447
Total,tipo_estiagem_e_seca,GO,MS,0.5833445120566341
Total,tipo_estiagem_e_seca,GO,MT,0.3872305166812588
Total,tipo_estiagem_e_seca,GO,PA,0.0009101213986259494
Total,tipo_estiagem_e_seca,GO,PB,-0.21766016927662882
Total,tipo_estiagem_e_seca,GO,PE,-0.40992015952400873
Total,tipo_estiagem_e_seca,GO,PI,-0.075807323510386
Total,tipo_estiagem_e_seca,GO,PR,0.43416089476392544
Total,tipo_estiagem_e_seca,GO,RJ,-0.14550199819736984
Total,tipo_estiagem_e_seca,GO,RN,-0.023130808033990695
Total,tipo_estiagem_e_seca,GO,RO,0.04636139598063231
Total,tipo_estiagem_e_seca,GO,RR,-0.2738125012967914
Total,tipo_estiagem_e_seca,GO,RS,0.13595367780334802
Total,tipo_estiagem_e_seca,GO,SC,0.09547072571770754
Total,tipo_estiagem_e_seca,GO,SE,0.011516122036882627
Total,tipo_estiagem_e_seca,GO,SP,0.020267301173158406
Total,tipo_estiagem_e_seca,GO,TO,0.31794436935000786
Total,tipo_estiagem_e_seca,MA,MG,-0.13732933400467992
Total,tipo_estiagem_e_seca,MA,MS,-0.11402560442427824
Total,tipo_estiagem_e_seca,MA,MT,0.04678456470662464
Total,tipo_estiagem_e_seca,MA,PA,0.06554792330037348
Total,tipo_estiagem_e_seca,MA,PB,0.013505557647600818
Total,tipo_estiagem_e_seca,MA,PE,-0.02989976480869499
Total,tipo_estiagem_e_seca,MA,PI,0.4380905760332572
Total,tipo_estiagem_e_seca,MA,PR,-0.16017455251889895
Total,tipo_estiagem_e_seca,MA,RJ,-0.12355094641490215
Total,tipo_estiagem_e_seca,MA,RN,0.0608496438629558
Total,tipo_estiagem_e_seca,MA,RO,-0.046380103717859014
Total,tipo_estiagem_e_seca,MA,RR,-0.201395358395863
Total,tipo_estiagem_e_seca,MA,RS,-0.08255312600516938
Total,tipo_estiagem_e_seca,MA,SC,-0.2104056808646623
Total,tipo_estiagem_e_seca,MA,SE,0.020760329490749914
Total,tipo_estiagem_e_seca,MA,SP,-0.36367830711044785
Total,tipo_estiagem_e_seca,MA,TO,0.203910593749322
Total,tipo_estiagem_e_seca,MG,MS,0.23504942849977775
Total,tipo_estiagem_e_seca,MG,MT,0.16961069269975307
Total,tipo_estiagem_e_seca,MG,PA,0.04634240901956519
Total,tipo_estiagem_e_seca,MG,PB,-0.14707604118486892
Total,tipo_estiagem_e_seca,MG,PE,-0.2739686421539004
Total,tipo_estiagem_e_seca,MG,PI,-0.2389618833221421
Total,tipo_estiagem_e_seca,MG,PR,0.5552823007827205
Total,tipo_estiagem_e_seca,MG,RJ,0.10973276708002089
Total,tipo_estiagem_e_seca,MG,RN,-0.1499227245144281
Total,tipo_estiagem_e_seca,MG,RO,0.2614218487187283
Total,tipo_estiagem_e_seca,MG,RR,-0.39733469835324176
Total,tipo_estiagem_e_seca,MG,RS,0.2889556758095963
Total,tipo_estiagem_e_seca,MG,SC,0.5418147496226134
Total,tipo_estiagem_e_seca,MG,SE,-0.1706052753852839
Total,tipo_estiagem_e_seca,MG,SP,0.5340133149683304
Total,tipo_estiagem_e_seca,MG,TO,0.15639328574105696
Total,tipo_estiagem_e_seca,MS,MT,0.36919599489519206
Total,tipo_estiagem_e_seca,MS,PA,-0.037891059336779345
Total,tipo_estiagem_e_seca,MS,PB,-0.3191493132292256
Total,tipo_estiagem_e_seca,MS,PE,-0.4052209500144326
Total,tipo_estiagem_e_seca,MS,PI,-0.2966220998212859
Total,tipo_estiagem_e_seca,MS,PR,0.5403239541750029
Total,tipo_estiagem_e_seca,MS,RJ,-0.28750516700287077
Total,tipo_estiagem_e_seca,MS,RN,-0.3159586888029755
Total,tipo_estiagem_e_seca,MS,RO,0.21746168365152369
Total,tipo_estiagem_e_seca,MS,RR,-0.15810748314578632
Total,tipo_estiagem_e_seca,MS,RS,0.2410978350307057
Total,tipo_estiagem_e_seca,MS,SC,0.23082747358537287
Total,tipo_estiagem_e_seca,MS,SE,-0.20775717065897098
Total,tipo_estiagem_e_seca,MS,SP,0.09140218339631685
Total,tipo_estiagem_e_seca,MS,TO,0.345368471309589
Total,tipo_estiagem_e_seca,MT,PA,-0.12358789013298613
Total,tipo_estiagem_e_seca,MT,PB,-0.3645248212547365
Total,tipo_estiagem_e_seca,MT,PE,-0.36713108641107617
Total,tipo_estiagem_e_seca,MT,PI,-0.2874322500212759
Total,tipo_estiagem_e_seca,MT,PR,0.33432344031968225
Total,tipo_estiagem_e_seca,MT,RJ,-0.2684710050771863
Total,tipo_estiagem_e_seca,MT,RN,-0.21822510165360978
Total,tipo_estiagem_e_seca,MT,RO,0.15126519660202536
Total,tipo_estiagem_e_seca,MT,RR,-0.1195972715192252
Total,tipo_estiagem_e_seca,MT,RS,0.19874990677922885
Total,tipo_estiagem_e_seca,MT,SC,0.15112989491786324
Total,tipo_estiagem_e_seca,MT,SE,-0.005138148491460289
Total,tipo_estiagem_e_seca,MT,SP,-0.10129207894976841
Total,tipo_estiagem_e_seca,MT,TO,0.32169643798143777
Total,tipo_estiagem_e_seca,PA,PB,0.07704599378347098
Total,tipo_estiagem_e_seca,PA,PE,0.12407940537243464
Total,tipo_estiagem_e_seca,PA,PI,-0.01052593183116422
Total,tipo_estiagem_e_seca,PA,PR,-0.09425619530557812
Total,tipo_estiagem_e_seca,PA,RJ,0.05382594641440608
Total,tipo_estiagem_e_seca,PA,RN,-0.03516260356629127
Total,tipo_estiagem_e_seca,PA,RO,0.08109378393730451
Total,tipo_estiagem_e_seca,PA,RR,-0.3212472920936862
Total,tipo_estiagem_e_seca,PA,RS,-0.1590871615400384
Total,tipo_estiagem_e_seca,PA,SC,-0.04732724071924562
Total,tipo_estiagem_e_seca,PA,SE,-0.04506597446252549
Total,tipo_estiagem_e_seca,PA,SP,0.09863083328188116
Total,tipo_estiagem_e_seca,PA,TO,-0.06053040758266803
Total,tipo_estiagem_e_seca,PB,PE,0.4655408685999254
Total,tipo_estiagem_e_seca,PB,PI,0.44555331001797854
Total,tipo_estiagem_e_seca,PB,PR,-0.15934148501902656
Total,tipo_estiagem_e_seca,PB,RJ,0.16817436366213293
Total,tipo_estiagem_e_seca,PB,RN,0.3383895484189465
Total,tipo_estiagem_e_seca,PB,RO,-0.19670646954244686
Total,tipo_estiagem_e_seca,PB,RR,-0.2279065973456637
Total,tipo_estiagem_e_seca,PB,RS,-0.2245680977268004
Total,tipo_estiagem_e_seca,PB,SC,-0.1456951626942103
Total,tipo_estiagem_e_seca,PB,SE,0.13467354662719858
Total,tipo_estiagem_e_seca,PB,SP,0.04501735865652691
Total,tipo_estiagem_e_seca,PB,TO,-0.37310016217827613
Total,tipo_estiagem_e_seca,PE,PI,0.2631347360494732
Total,tipo_estiagem_e_seca,PE,PR,-0.3236273603403222
Total,tipo_estiagem_e_seca,PE,RJ,0.4365786056197748
Total,tipo_estiagem_e_seca,PE,RN,0.16969336195328505
Total,tipo_estiagem_e_seca,PE,RO,-0.2845380184552845
Total,tipo_estiagem_e_seca,PE,RR,-0.167548937850314
Total,tipo_estiagem_e_seca,PE,RS,-0.2814467310418486
Total,tipo_estiagem_e_seca,PE,SC,-0.2364337062495735
Total,tipo_estiagem_e_seca,PE,SE,0.18611354087904483
Total,tipo_estiagem_e_seca,PE,SP,-0.003280155774210271
Total,tipo_estiagem_e_seca,PE,TO,-0.43198281172252245
Total,tipo_estiagem_e_seca,PI,PR,-0.3479741154183673
Total,tipo_estiagem_e_seca,PI,RJ,-0.03927564313651136
Total,tipo_estiagem_e_seca,PI,RN,0.23868974814368576
Total,tipo_estiagem_e_seca,PI,RO,-0.318729271005669
Total,tipo_estiagem_e_seca,PI,RR,-0.11510690110290174
Total,tipo_estiagem_e_seca,PI,RS,-0.1704999451568262
Total,tipo_estiagem_e_seca,PI,SC,-0.36262894674010204
Total,tipo_estiagem_e_seca,PI,SE,0.14451754164206954
Total,tipo_estiagem_e_seca,PI,SP,-0.3052909301785558
Total,tipo_estiagem_e_seca,PI,TO,-0.16034355337506853
Total,tipo_estiagem_e_seca,PR,RJ,-0.04082049968799303
Total,tipo_estiagem_e_seca,PR,RN,-0.20832387018278606
Total,tipo_estiagem_e_seca,PR,RO,0.3251799507501129
Total,tipo_estiagem_e_seca,PR,RR,-0.3486575261066582
Total,tipo_estiagem_e_seca,PR,RS,0.5764838153443642
Total,tipo_estiagem_e_seca,PR,SC,0.6656614333480928
Total,tipo_estiagem_e_seca,PR,SE,-0.12274354921811213
Total,tipo_estiagem_e_seca,PR,SP,0.4632535675430116
Total,tipo_estiagem_e_seca,PR,TO,0.2303634750717773
Total,tipo_estiagem_e_seca,RJ,RN,0.20347215066946944
Total,tipo_estiagem_e_seca,RJ,RO,-0.22490132605669821
Total,tipo_estiagem_e_seca,RJ,RR,-0.2944046840937143
Total,tipo_estiagem_e_seca,RJ,RS,-0.19227080974130542
Total,tipo_estiagem_e_seca,RJ,SC,0.023412064640527214
Total,tipo_estiagem_e_seca,RJ,SE,0.010293945921528767
Total,tipo_estiagem_e_seca,RJ,SP,0.2515367425958583
Total,tipo_estiagem_e_seca,RJ,TO,-0.2235173822961519
Total,tipo_estiagem_e_seca,RN,RO,-0.3066823343918831
Total,tipo_estiagem_e_seca,RN,RR,-0.24099634194815414
Total,tipo_estiagem_e_seca,RN,RS,-0.16426246058621366
Total,tipo_estiagem_e_seca,RN,SC,-0.25684896669919327
Total,tipo_estiagem_e_seca,RN,SE,0.318407972140297
Total,tipo_estiagem_e_seca,RN,SP,-0.06339911800857448
Total,tipo_estiagem_e_seca,RN,TO,-0.13496071389085074
Total,tipo_estiagem_e_seca,RO,RR,-0.03840143656992507
Total,tipo_estiagem_e_seca,RO,RS,0.333786768044828
Total,tipo_estiagem_e_seca,RO,SC,0.5000502174072291
Total,tipo_estiagem_e_seca,RO,SE,-0.26695763724725335
Total,tipo_estiagem_e_seca,RO,SP,0.3310495683892942
Total,tipo_estiagem_e_seca,RO,TO,0.1340281031395562
Total,tipo_estiagem_e_seca,RR,RS,-0.09680272113925598
Total,tipo_estiagem_e_seca,RR,SC,-0.25141649183497866
Total,tipo_estiagem_e_seca,RR,SE,-0.12260720045186442
Total,tipo_estiagem_e_seca,RR,SP,-0.2881268725171733
Total,tipo_estiagem_e_seca,RR,TO,-0.13338560381819908
Total,tipo_estiagem_e_seca,RS,SC,0.6325576049654108
Total,tipo_estiagem_e_seca,RS,SE,-0.14525696960645376
Total,tipo_estiagem_e_seca,RS,SP,0.2455512991221275
Total,tipo_estiagem_e_seca,RS,TO,0.2196599932356242
Total,tipo_estiagem_e_seca,SC,SE,-0.24679170186777682
Total,tipo_estiagem_e_seca,SC,SP,0.5976830488179551
Total,tipo_estiagem_e_seca,SC,TO,0.005958557694546071
Total,tipo_estiagem_e_seca,SE,SP,-0.1779436122994834
Total,tipo_estiagem_e_seca,SE,TO,-0.25561727155906067
Total,tipo_estiagem_e_seca,SP,TO,-0.18091513674038417
Total,tipo_granizo,AC,AL,-0.11729455605142389
Total,tipo_granizo,AC,AM,0.20589924647931865
Total,tipo_granizo,AC,AP,-0.011508809050331355
Total,tipo_granizo,AC,BA,-0.011506040830974906
Total,tipo_granizo,AC,CE,-0.04903085254282224
Total,tipo_granizo,AC,DF,-0.18146716151607908
Total,tipo_granizo,AC,ES,-0.02797896754092135
Total,tipo_granizo,AC,GO,-0.2038991393784565
Total,tipo_granizo,AC,MA,-0.06536676276319552
Total,tipo_granizo,AC,MG,-0.03150052967120372
Total,tipo_granizo,AC,MS,-0.060451497709919595
Total,tipo_granizo,AC,MT,-0.10637496139543508
Total,tipo_granizo,AC,PA,0.20041621996355047
Total,tipo_granizo,AC,PB,-0.16494323366610497
Total,tipo_granizo,AC,PE,-0.016924711819346416
Total,tipo_granizo,AC,PI,-0.08126768843217913
Total,tipo_granizo,AC,PR,-0.13287340874184855
Total,tipo_granizo,AC,RJ,-0.08976120702113223
Total,tipo_granizo,AC,RN,-0.2891277833701949
Total,tipo_granizo,AC,RO,0.26798021494274316
Total,tipo_granizo,AC,RR,0.014659309667157325
Total,tipo_granizo,AC,RS,-0.13483022333122854
Total,tipo_granizo,AC,SC,0.1351328712976581
Total,tipo_granizo,AC,SE,-0.07758183823983368
Total,tipo_granizo,AC,SP,0.10038728781394128
Total,tipo_granizo,AC,TO,-0.10598290472262065
Total,tipo_granizo,AL,AM,0.0476132261627869
Total,tipo_granizo,AL,AP,-0.13041020913654358
Total,tipo_granizo,AL,BA,0.4916918483975585
Total,tipo_granizo,AL,CE,0.5001721178389181
Total,tipo_granizo,AL,DF,-0.13563260352366083
Total,tipo_granizo,AL,ES,0.0457256333559981
Total,tipo_granizo,AL,GO,-0.2206165787944719
Total,tipo_granizo,AL,MA,0.13926043014723535
Total,tipo_granizo,AL,MG,-0.3506882581872941
Total,tipo_granizo,AL,MS,-0.26428433855300876
Total,tipo_granizo,AL,MT,-0.23975628642007948
Total,tipo_granizo,AL,PA,0.19838885985541563
Total,tipo_granizo,AL,PB,0.49668015634137724
Total,tipo_granizo,AL,PE,0.5172178123789097
Total,tipo_granizo,AL,PI,0.3584122834228836
Total,tipo_granizo,AL,PR,-0.3175226241918711
Total,tipo_granizo,AL,RJ,0.17128693249072144
Total,tipo_granizo,AL,RN,0.3465681635270876
Total,tipo_granizo,AL,RO,-0.32517951088588304
Total,tipo_granizo,AL,RR,-0.2251188990626476
Total,tipo_granizo,AL,RS,-0.31361324197333873
Total,tipo_granizo,AL,SC,-0.4161106761405686
Total,tipo_granizo,AL,SE,0.27086601484529715
Total,tipo_granizo,AL,SP,-0.200780310393738
Total,tipo_granizo,AL,TO,-0.32960073913188614
Total,tipo_granizo,AM,AP,-0.0015364276282608094
Total,tipo_granizo,AM,BA,0.2841681086263362
Total,tipo_granizo,AM,CE,0.367882791548879
Total,tipo_granizo,AM,DF,-0.0451522420620583
Total,tipo_granizo,AM,ES,0.06551258777583152
Total,tipo_granizo,AM,GO,-0.2434652783130646
Total,tipo_granizo,AM,MA,-0.149278540664539
Total,tipo_granizo,AM,MG,-0.15813673367094525
Total,tipo_granizo,AM,MS,-0.1756528754967246
Total,tipo_granizo,AM,MT,-0.3371671588071307
Total,tipo_granizo,AM,PA,0.12517812524180108
Total,tipo_granizo,AM,PB,0.029210463488698372
Total,tipo_granizo,AM,PE,0.261467627907015
Total,tipo_granizo,AM,PI,-0.02442401469395443
Total,tipo_granizo,AM,PR,-0.25007637685980916
Total,tipo_granizo,AM,RJ,0.28370654630625014
Total,tipo_granizo,AM,RN,-0.02453039704955491
Total,tipo_granizo,AM,RO,-0.16824744301189082
Total,tipo_granizo,AM,RR,-0.1263535342571484
Total,tipo_granizo,AM,RS,-0.2816155915586218
Total,tipo_granizo,AM,SC,-0.0721427524123802
Total,tipo_granizo,AM,SE,0.11653062070630502
Total,tipo_granizo,AM,SP,0.15644170035539626
Total,tipo_granizo,AM,TO,-0.26264437228350496
Total,tipo_granizo,AP,BA,-0.15266187575394877
Total,tipo_granizo,AP,CE,-0.10562453129098176
Total,tipo_granizo,AP,DF,-0.06336468137755545
Total,tipo_granizo,AP,ES,-0.13983273141827732
Total,tipo_granizo,AP,GO,-0.1417212788685771
Total,tipo_granizo,AP,MA,-0.08381218439405766
Total,tipo_granizo,AP,MG,0.0931720988272747
Total,tipo_granizo,AP,MS,0.0028064403637334786
Total,tipo_granizo,AP,MT,-0.05514808814758594
Total,tipo_granizo,AP,PA,0.07343214940391854
Total,tipo_granizo,AP,PB,-0.13325487802581712
Total,tipo_granizo,AP,PE,-0.1076573254899043
Total,tipo_granizo,AP,PI,-0.1923771144171625
Total,tipo_granizo,AP,PR,-0.06662630386330462
Total,tipo_granizo,AP,RJ,-0.017238168136283014
Total,tipo_granizo,AP,RN,-0.15435563115038298
Total,tipo_granizo,AP,RO,-0.12824703952772173
Total,tipo_granizo,AP,RR,-0.026135861959363467
Total,tipo_granizo,AP,RS,-0.1860665150835016
Total,tipo_granizo,AP,SC,-0.07663221208836983
Total,tipo_granizo,AP,SE,-0.21372082130976847
Total,tipo_granizo,AP,SP,-0.1339518619336376
Total,tipo_granizo,AP,TO,0.05411780211897076
Total,tipo_granizo,BA,CE,0.4967141187067231
Total,tipo_granizo,BA,DF,0.006973354893999382
Total,tipo_granizo,BA,ES,0.10124873703070429
Total,tipo_granizo,BA,GO,-0.15639872164461738
Total,tipo_granizo,BA,MA,-0.03607464729271702
Total,tipo_granizo,BA,MG,-0.22124161557990585
Total,tipo_granizo,BA,MS,-0.28318577102470427
Total,tipo_granizo,BA,MT,-0.32362502367489376
Total,tipo_granizo,BA,PA,0.15948894329662894
Total,tipo_granizo,BA,PB,0.3244294108011664
Total,tipo_granizo,BA,PE,0.4402726754563473
Total,tipo_granizo,BA,PI,0.22275256121434456
Total,tipo_granizo,BA,PR,-0.30706168896130287
Total,tipo_granizo,BA,RJ,0.39000238663745035
Total,tipo_granizo,BA,RN,0.421998727945851
Total,tipo_granizo,BA,RO,-0.29623344795925594
Total,tipo_granizo,BA,RR,-0.2643752496791477
Total,tipo_granizo,BA,RS,-0.26974492382444165
Total,tipo_granizo,BA,SC,-0.24226931958155506
Total,tipo_granizo,BA,SE,0.2543263750177446
Total,tipo_granizo,BA,SP,-0.03167886006020188
Total,tipo_granizo,BA,TO,-0.3884940705536357
Total,tipo_granizo,CE,DF,-0.046284339462090464
Total,tipo_granizo,CE,ES,0.1611243373512145
Total,tipo_granizo,CE,GO,-0.3480116612465387
Total,tipo_granizo,CE,MA,0.02195542138851537
Total,tipo_granizo,CE,MG,-0.2664953085673925
Total,tipo_granizo,CE,MS,-0.42996580834729065
Total,tipo_granizo,CE,MT,-0.3796563624411696
Total,tipo_granizo,CE,PA,0.1979334894857657
Total,tipo_granizo,CE,PB,0.4895800059166955
Total,tipo_granizo,CE,PE,0.6774388911891941
Total,tipo_granizo,CE,PI,0.37694924809656183
Total,tipo_granizo,CE,PR,-0.4181735498278435
Total,tipo_granizo,CE,RJ,0.3666948080858219
Total,tipo_granizo,CE,RN,0.35262979717160364
Total,tipo_granizo,CE,RO,-0.3103599603434757
Total,tipo_granizo,CE,RR,-0.2727309994359987
Total,tipo_granizo,CE,RS,-0.37156811907960735
Total,tipo_granizo,CE,SC,-0.343071911567713
Total,tipo_granizo,CE,SE,0.2021215801512942
Total,tipo_granizo,CE,SP,-0.028240311762981068
Total,tipo_granizo,CE,TO,-0.38406589427305177
Total,tipo_granizo,DF,ES,0.0822667096229055
Total,tipo_granizo,DF,GO,0.08962529930150175
Total,tipo_granizo,DF,MA,-0.2571964824813642
Total,tipo_granizo,DF,MG,0.43761368960963626
Total,tipo_granizo,DF,MS,0.08472258579620631
Total,tipo_granizo,DF,MT,-0.036651113918175236
Total,tipo_granizo,DF,PA,-0.0654055871665689
Total,tipo_granizo,DF,PB,0.15423429341181114
Total,tipo_granizo,DF,PE,-0.02964380419108597
Total,tipo_granizo,DF,PI,-0.12479133019973572
Total,tipo_granizo,DF,PR,0.35121874216215093
Total,tipo_granizo,DF,RJ,0.18844822256292745
Total,tipo_granizo,DF,RN,-0.005825797523327912
Total,tipo_granizo,DF,RO,0.10316329928222474
Total,tipo_granizo,DF,RR,-0.27857990606686645
Total,tipo_granizo,DF,RS,0.3210737870333033
Total,tipo_granizo,DF,SC,0.440012733958679
Total,tipo_granizo,DF,SE,-0.05421947363883383
Total,tipo_granizo,DF,SP,0.41671607724113874
Total,tipo_granizo,DF,TO,-0.08325454116134358
Total,tipo_granizo,ES,GO,-0.028304763753190954
Total,tipo_granizo,ES,MA,0.08968805944802284
Total,tipo_granizo,ES,MG,0.2182448247321245
Total,tipo_granizo,ES,MS,-0.16621440741004456
Total,tipo_granizo,ES,MT,-0.1477090951697502
Total,tipo_granizo,ES,PA,0.00012486334341197395
Total,tipo_granizo,ES,PB,0.11109349007555092
Total,tipo_granizo,ES,PE,0.0266438548384161
Total,tipo_granizo,ES,PI,0.06608537323300788
Total,tipo_granizo,ES,PR,0.004601333738432847
Total,tipo_granizo,ES,RJ,0.145382389440761
Total,tipo_granizo,ES,RN,0.25093520028006266
Total,tipo_granizo,ES,RO,-0.1744111224652031
Total,tipo_granizo,ES,RR,-0.33008776675931945
Total,tipo_granizo,ES,RS,0.05427836492642359
Total,tipo_granizo,ES,SC,0.09418908174719999
Total,tipo_granizo,ES,SE,0.08573962738443688
Total,tipo_granizo,ES,SP,0.21480061289574265
Total,tipo_granizo,ES,TO,0.0319955454787322
Total,tipo_granizo,GO,MA,0.06904408226561183
Total,tipo_granizo,GO,MG,0.3000681142246222
Total,tipo_granizo,GO,MS,0.5839244126538798
Total,tipo_granizo,GO,MT,0.38692172047139467
Total,tipo_granizo,GO,PA,0.0016942037075156197
Total,tipo_granizo,GO,PB,-0.2175807691452116
Total,tipo_granizo,GO,PE,-0.410229842184356
Total,tipo_granizo,GO,PI,-0.07598926724723044
Total,tipo_granizo,GO,PR,0.43414090168417085
Total,tipo_granizo,GO,RJ,-0.14616003984897716
Total,tipo_granizo,GO,RN,-0.02296067069128226
Total,tipo_granizo,GO,RO,0.04561199686524791
Total,tipo_granizo,GO,RR,-0.2735073339825621
Total,tipo_granizo,GO,RS,0.13602588813218355
Total,tipo_granizo,GO,SC,0.09525366656812934
Total,tipo_granizo,GO,SE,0.011637737736222814
Total,tipo_granizo,GO,SP,0.020651805465287425
Total,tipo_granizo,GO,TO,0.3177156280416351
Total,tipo_granizo,MA,MG,-0.1363366976652265
Total,tipo_granizo,MA,MS,-0.11448862356437495
Total,tipo_granizo,MA,MT,0.04657074058977143
Total,tipo_granizo,MA,PA,0.066650211168604
Total,tipo_granizo,MA,PB,0.014178126836885045
Total,tipo_granizo,MA,PE,-0.029706641713511332
Total,tipo_granizo,MA,PI,0.4382658656173648
Total,tipo_granizo,MA,PR,-0.1621947990814699
Total,tipo_granizo,MA,RJ,-0.12188526426367313
Total,tipo_granizo,MA,RN,0.06049886411824903
Total,tipo_granizo,MA,RO,-0.044929251728970936
Total,tipo_granizo,MA,RR,-0.2010445057683114
Total,tipo_granizo,MA,RS,-0.09105993405603374
Total,tipo_granizo,MA,SC,-0.21792909792750012
Total,tipo_granizo,MA,SE,0.02108202755314078
Total,tipo_granizo,MA,SP,-0.36227047367772985
Total,tipo_granizo,MA,TO,0.20387414896166836
Total,tipo_granizo,MG,MS,0.23439293568852004
Total,tipo_granizo,MG,MT,0.1696333558987616
Total,tipo_granizo,MG,PA,0.046334191172349444
Total,tipo_granizo,MG,PB,-0.14731803551184672
Total,tipo_granizo,MG,PE,-0.2737200531590097
Total,tipo_granizo,MG,PI,-0.23786382928514818
Total,tipo_granizo,MG,PR,0.5556846342328563
Total,tipo_granizo,MG,RJ,0.1105748045360717
Total,tipo_granizo,MG,RN,-0.15072115452454463
Total,tipo_granizo,MG,RO,0.26122341246190967
Total,tipo_granizo,MG,RR,-0.3971614897795251
Total,tipo_granizo,MG,RS,0.28448110420897593
Total,tipo_granizo,MG,SC,0.5427692856397385
Total,tipo_granizo,MG,SE,-0.17061758930031498
Total,tipo_granizo,MG,SP,0.533272051389127
Total,tipo_granizo,MG,TO,0.15630856996250495
Total,tipo_granizo,MS,MT,0.37048134543605454
Total,tipo_granizo,MS,PA,-0.03737714854897991
Total,tipo_granizo,MS,PB,-0.3189269252084439
Total,tipo_granizo,MS,PE,-0.40489989672272114
Total,tipo_granizo,MS,PI,-0.2977398861828878
Total,tipo_granizo,MS,PR,0.540356658765722
Total,tipo_granizo,MS,RJ,-0.2875901776039093
Total,tipo_granizo,MS,RN,-0.3169825510645146
Total,tipo_granizo,MS,RO,0.21647889482522426
Total,tipo_granizo,MS,RR,-0.15845453877721621
Total,tipo_granizo,MS,RS,0.24239474675042072
Total,tipo_granizo,MS,SC,0.23669186902406483
Total,tipo_granizo,MS,SE,-0.20810049301961303
Total,tipo_granizo,MS,SP,0.09110997015474137
Total,tipo_granizo,MS,TO,0.34558759027038716
Total,tipo_granizo,MT,PA,-0.12356314472865629
Total,tipo_granizo,MT,PB,-0.3649243502609989
Total,tipo_granizo,MT,PE,-0.3672129849639488
Total,tipo_granizo,MT,PI,-0.28781289125460024
Total,tipo_granizo,MT,PR,0.33213562323886003
Total,tipo_granizo,MT,RJ,-0.2671273444622778
Total,tipo_granizo,MT,RN,-0.2183023802232597
Total,tipo_granizo,MT,RO,0.15107746372551856
Total,tipo_granizo,MT,RR,-0.1195209803937609
Total,tipo_granizo,MT,RS,0.19884756577660725
Total,tipo_granizo,MT,SC,0.1562741189938981
Total,tipo_granizo,MT,SE,-0.005563296510829694
Total,tipo_granizo,MT,SP,-0.10182338081347955
Total,tipo_granizo,MT,TO,0.3213486953256078
Total,tipo_granizo,PA,PB,0.07751654089532975
Total,tipo_granizo,PA,PE,0.1248980428331733
Total,tipo_granizo,PA,PI,-0.010226088482405317
Total,tipo_granizo,PA,PR,-0.09618902288815671
Total,tipo_granizo,PA,RJ,0.05397637981781589
Total,tipo_granizo,PA,RN,-0.03520391265955156
Total,tipo_granizo,PA,RO,0.08216628386145144
Total,tipo_granizo,PA,RR,-0.3215276458568041
Total,tipo_granizo,PA,RS,-0.16188025225892153
Total,tipo_granizo,PA,SC,-0.04845617573404425
Total,tipo_granizo,PA,SE,-0.04417995628665123
Total,tipo_granizo,PA,SP,0.09911811157557221
Total,tipo_granizo,PA,TO,-0.060825446343905645
Total,tipo_granizo,PB,PE,0.464402556919015
Total,tipo_granizo,PB,PI,0.44588328338487426
Total,tipo_granizo,PB,PR,-0.15743513575313797
Total,tipo_granizo,PB,RJ,0.16816076528948837
Total,tipo_granizo,PB,RN,0.33768020336210824
Total,tipo_granizo,PB,RO,-0.19621402934587817
Total,tipo_granizo,PB,RR,-0.22789094321720144
Total,tipo_granizo,PB,RS,-0.21773443043666266
Total,tipo_granizo,PB,SC,-0.1466265127907165
Total,tipo_granizo,PB,SE,0.1341252394919288
Total,tipo_granizo,PB,SP,0.044671726923896246
Total,tipo_granizo,PB,TO,-0.3729981424141023
Total,tipo_granizo,PE,PI,0.26272946575443873
Total,tipo_granizo,PE,PR,-0.3225470422396588
Total,tipo_granizo,PE,RJ,0.4370186270910706
Total,tipo_granizo,PE,RN,0.1682728505332459
Total,tipo_granizo,PE,RO,-0.2833922969365789
Total,tipo_granizo,PE,RR,-0.16731955822961014
Total,tipo_granizo,PE,RS,-0.2777492510422669
Total,tipo_granizo,PE,SC,-0.23521398787274828
Total,tipo_granizo,PE,SE,0.18551741934242144
Total,tipo_granizo,PE,SP,-0.003193262239574639
Total,tipo_granizo,PE,TO,-0.4323719345294809
Total,tipo_granizo,PI,PR,-0.3493510468557955
Total,tipo_granizo,PI,RJ,-0.0383544597085939
Total,tipo_granizo,PI,RN,0.23858350725732314
Total,tipo_granizo,PI,RO,-0.31736484076681154
Total,tipo_granizo,PI,RR,-0.11473658540512757
Total,tipo_granizo,PI,RS,-0.17317500009451667
Total,tipo_granizo,PI,SC,-0.3652368323121128
Total,tipo_granizo,PI,SE,0.14446827844431467
Total,tipo_granizo,PI,SP,-0.3042701729434775
Total,tipo_granizo,PI,TO,-0.16069602665656355
Total,tipo_granizo,PR,RJ,-0.04280317948837067
Total,tipo_granizo,PR,RN,-0.2052845207615067
Total,tipo_granizo,PR,RO,0.32566749512031773
Total,tipo_granizo,PR,RR,-0.34869558904343895
Total,tipo_granizo,PR,RS,0.5738157368393709
Total,tipo_granizo,PR,SC,0.6694361437149923
Total,tipo_granizo,PR,SE,-0.12177266516583783
Total,tipo_granizo,PR,SP,0.46390719423333937
Total,tipo_granizo,PR,TO,0.23036796430495435
Total,tipo_granizo,RJ,RN,0.20284894652266117
Total,tipo_granizo,RJ,RO,-0.22524946041668215
Total,tipo_granizo,RJ,RR,-0.2953386691564385
Total,tipo_granizo,RJ,RS,-0.19268101822925043
Total,tipo_granizo,RJ,SC,0.01759776195135885
Total,tipo_granizo,RJ,SE,0.010785919589898304
Total,tipo_granizo,RJ,SP,0.25068882892459327
Total,tipo_granizo,RJ,TO,-0.22189769149221877
Total,tipo_granizo,RN,RO,-0.3063897680308834
Total,tipo_granizo,RN,RR,-0.24105871226544004
Total,tipo_granizo,RN,RS,-0.157989965759215
Total,tipo_granizo,RN,SC,-0.25380891602253186
Total,tipo_granizo,RN,SE,0.3180577389136841
Total,tipo_granizo,RN,SP,-0.06391011560168217
Total,tipo_granizo,RN,TO,-0.1351341036514427
Total,tipo_granizo,RO,RR,-0.03982863411706783
Total,tipo_granizo,RO,RS,0.33022512896450656
Total,tipo_granizo,RO,SC,0.4989460457150803
Total,tipo_granizo,RO,SE,-0.2654386972855728
Total,tipo_granizo,RO,SP,0.33151960693188964
Total,tipo_granizo,RO,TO,0.13367411155134298
Total,tipo_granizo,RR,RS,-0.0983956396413886
Total,tipo_granizo,RR,SC,-0.2540340396076605
Total,tipo_granizo,RR,SE,-0.12238549492191574
Total,tipo_granizo,RR,SP,-0.2875461408653023
Total,tipo_granizo,RR,TO,-0.13331404061821747
Total,tipo_granizo,RS,SC,0.6307588305798955
Total,tipo_granizo,RS,SE,-0.1460928621333507
Total,tipo_granizo,RS,SP,0.24411022844088523
Total,tipo_granizo,RS,TO,0.2189449250843028
Total,tipo_granizo,SC,SE,-0.24686330411936186
Total,tipo_granizo,SC,SP,0.5962953011398409
Total,tipo_granizo,SC,TO,0.007613751558669416
Total,tipo_granizo,SE,SP,-0.17793216549892382
Total,tipo_granizo,SE,TO,-0.25607832420716903
Total,tipo_granizo,SP,TO,-0.1813530608275728
Total,tipo_incendio_florestal,AC,AL,-0.11154493649092527
Total,tipo_incendio_florestal,AC,AM,0.20498786696351928
Total,tipo_incendio_florestal,AC,AP,-0.011703412922499266
Total,tipo_incendio_florestal,AC,BA,-0.001678737131119618
Total,tipo_incendio_florestal,AC,CE,-0.042346558968663975
Total,tipo_incendio_florestal,AC,DF,-0.16709474013667477
Total,tipo_incendio_florestal,AC,ES,-0.021167299855304987
Total,tipo_incendio_florestal,AC,GO,-0.2072817663572035
Total,tipo_incendio_florestal,AC,MA,-0.06838960323239665
Total,tipo_incendio_florestal,AC,MG,-0.036280600409650206
Total,tipo_incendio_florestal,AC,MS,-0.053927909755563795
Total,tipo_incendio_florestal,AC,MT,-0.11294445442531793
Total,tipo_incendio_florestal,AC,PA,0.19807854300637054
Total,tipo_incendio_florestal,AC,PB,-0.16578520498742175
Total,tipo_incendio_florestal,AC,PE,-0.005886178496376218
Total,tipo_incendio_florestal,AC,PI,-0.07622515287805619
Total,tipo_incendio_florestal,AC,PR,-0.13242151901157473
Total,tipo_incendio_florestal,AC,RJ,-0.08463830636807017
Total,tipo_incendio_florestal,AC,RN,-0.28781356739467545
Total,tipo_incendio_florestal,AC,RO,0.2574876121808722
Total,tipo_incendio_florestal,AC,RR,0.011487331620866958
Total,tipo_incendio_florestal,AC,RS,-0.13095529948253692
Total,tipo_incendio_florestal,AC,SC,0.1291933292972583
Total,tipo_incendio_florestal,AC,SE,-0.0730289248237378
Total,tipo_incendio_florestal,AC,SP,0.09804397228088606
Total,tipo_incendio_florestal,AC,TO,-0.11350912140629663
Total,tipo_incendio_florestal,AL,AM,0.04568655906111997
Total,tipo_incendio_florestal,AL,AP,-0.1305074580584485
Total,tipo_incendio_florestal,AL,BA,0.4927317209477266
Total,tipo_incendio_florestal,AL,CE,0.4993215362774264
Total,tipo_incendio_florestal,AL,DF,-0.13492557018046963
Total,tipo_incendio_florestal,AL,ES,0.04221026897535058
Total,tipo_incendio_florestal,AL,GO,-0.219657377185007
Total,tipo_incendio_florestal,AL,MA,0.13956771849285696
Total,tipo_incendio_florestal,AL,MG,-0.3496730978712789
Total,tipo_incendio_florestal,AL,MS,-0.2655204464728297
Total,tipo_incendio_florestal,AL,MT,-0.23654351809072874
Total,tipo_incendio_florestal,AL,PA,0.1989315452438573
Total,tipo_incendio_florestal,AL,PB,0.4961912904418146
Total,tipo_incendio_florestal,AL,PE,0.5160392599801815
Total,tipo_incendio_florestal,AL,PI,0.3576653385319951
Total,tipo_incendio_florestal,AL,PR,-0.31614477546875785
Total,tipo_incendio_florestal,AL,RJ,0.16928010023702245
Total,tipo_incendio_florestal,AL,RN,0.3450088176642104
Total,tipo_incendio_florestal,AL,RO,-0.32241647803316265
Total,tipo_incendio_florestal,AL,RR,-0.22445866090413039
Total,tipo_incendio_florestal,AL,RS,-0.3154187309240869
Total,tipo_incendio_florestal,AL,SC,-0.4162906187735842
Total,tipo_incendio_florestal,AL,SE,0.27064374920214673
Total,tipo_incendio_florestal,AL,SP,-0.20175292864578012
Total,tipo_incendio_florestal,AL,TO,-0.33004626466214265
Total,tipo_incendio_florestal,AM,AP,0.000902230336574178
Total,tipo_incendio_florestal,AM,BA,0.28010332784875464
Total,tipo_incendio_florestal,AM,CE,0.3667714296822512
Total,tipo_incendio_florestal,AM,DF,-0.04201725359422595
Total,tipo_incendio_florestal,AM,ES,0.06988283286138813
Total,tipo_incendio_florestal,AM,GO,-0.24275581805675303
Total,tipo_incendio_florestal,AM,MA,-0.1515524622966018
Total,tipo_incendio_florestal,AM,MG,-0.16089427123545422
Total,tipo_incendio_florestal,AM,MS,-0.16963182409150732
Total,tipo_incendio_florestal,AM,MT,-0.3331162753540227
Total,tipo_incendio_florestal,AM,PA,0.1282115965547445
Total,tipo_incendio_florestal,AM,PB,0.02962518805809981
Total,tipo_incendio_florestal,AM,PE,0.2602263250250113
Total,tipo_incendio_florestal,AM,PI,-0.025922696085702104
Total,tipo_incendio_florestal,AM,PR,-0.25430077390240957
Total,tipo_incendio_florestal,AM,RJ,0.2833617681740594
Total,tipo_incendio_florestal,AM,RN,-0.025491316498074963
Total,tipo_incendio_florestal,AM,RO,-0.16730442440799217
Total,tipo_incendio_florestal,AM,RR,-0.12811154887492957
Total,tipo_incendio_florestal,AM,RS,-0.28225760737540107
Total,tipo_incendio_florestal,AM,SC,-0.07288978463574294
Total,tipo_incendio_florestal,AM,SE,0.11307146052598692
Total,tipo_incendio_florestal,AM,SP,0.15315703876295267
Total,tipo_incendio_florestal,AM,TO,-0.25990472471429216
Total,tipo_incendio_florestal,AP,BA,-0.15859735916283027
Total,tipo_incendio_florestal,AP,CE,-0.10585688257270225
Total,tipo_incendio_florestal,AP,DF,-0.06207097735886108
Total,tipo_incendio_florestal,AP,ES,-0.14018421417542323
Total,tipo_incendio_florestal,AP,GO,-0.14070670529364052
Total,tipo_incendio_florestal,AP,MA,-0.084214057142134
Total,tipo_incendio_florestal,AP,MG,0.09213233530925798
Total,tipo_incendio_florestal,AP,MS,0.00916393799187778
Total,tipo_incendio_florestal,AP,MT,-0.05685632712440706
Total,tipo_incendio_florestal,AP,PA,0.07428342976507003
Total,tipo_incendio_florestal,AP,PB,-0.13364498210826667
Total,tipo_incendio_florestal,AP,PE,-0.10906738711514427
Total,tipo_incendio_florestal,AP,PI,-0.19354322753284528
Total,tipo_incendio_florestal,AP,PR,-0.06869974012629185
Total,tipo_incendio_florestal,AP,RJ,-0.020329763306823505
Total,tipo_incendio_florestal,AP,RN,-0.1548093807216327
Total,tipo_incendio_florestal,AP,RO,-0.12808372518298422
Total,tipo_incendio_florestal,AP,RR,-0.023514110716668913
Total,tipo_incendio_florestal,AP,RS,-0.1947884103768981
Total,tipo_incendio_florestal,AP,SC,-0.08034241301761114
Total,tipo_incendio_florestal,AP,SE,-0.21345102828015372
Total,tipo_incendio_florestal,AP,SP,-0.1359794287213912
Total,tipo_incendio_florestal,AP,TO,0.055262681993060704
Total,tipo_incendio_florestal,BA,CE,0.497040555472937
Total,tipo_incendio_florestal,BA,DF,0.004042225310624203
Total,tipo_incendio_florestal,BA,ES,0.10224104270420102
Total,tipo_incendio_florestal,BA,GO,-0.15792314413963873
Total,tipo_incendio_florestal,BA,MA,-0.03385848470906136
Total,tipo_incendio_florestal,BA,MG,-0.2261795254080824
Total,tipo_incendio_florestal,BA,MS,-0.2785453030209127
Total,tipo_incendio_florestal,BA,MT,-0.3114645109107543
Total,tipo_incendio_florestal,BA,PA,0.16227441675920248
Total,tipo_incendio_florestal,BA,PB,0.32228158499851994
Total,tipo_incendio_florestal,BA,PE,0.43888052454221255
Total,tipo_incendio_florestal,BA,PI,0.22207980640776603
Total,tipo_incendio_florestal,BA,PR,-0.3128850359975945
Total,tipo_incendio_florestal,BA,RJ,0.38385344540885047
Total,tipo_incendio_florestal,BA,RN,0.4223718071668206
Total,tipo_incendio_florestal,BA,RO,-0.2897338070334803
Total,tipo_incendio_florestal,BA,RR,-0.26578358414334763
Total,tipo_incendio_florestal,BA,RS,-0.2741632231261985
Total,tipo_incendio_florestal,BA,SC,-0.2513527275861926
Total,tipo_incendio_florestal,BA,SE,0.25670002648531154
Total,tipo_incendio_florestal,BA,SP,-0.03495467633245927
Total,tipo_incendio_florestal,BA,TO,-0.3860525730294204
Total,tipo_incendio_florestal,CE,DF,-0.03029678497905507
Total,tipo_incendio_florestal,CE,ES,0.16060989203299697
Total,tipo_incendio_florestal,CE,GO,-0.34985476371556695
Total,tipo_incendio_florestal,CE,MA,0.019953786018614528
Total,tipo_incendio_florestal,CE,MG,-0.26964690074456515
Total,tipo_incendio_florestal,CE,MS,-0.4314694398048429
Total,tipo_incendio_florestal,CE,MT,-0.3741697906750651
Total,tipo_incendio_florestal,CE,PA,0.2030273646210472
Total,tipo_incendio_florestal,CE,PB,0.48765503161049817
Total,tipo_incendio_florestal,CE,PE,0.6761231166837594
Total,tipo_incendio_florestal,CE,PI,0.3744291593320296
Total,tipo_incendio_florestal,CE,PR,-0.42457545703338384
Total,tipo_incendio_florestal,CE,RJ,0.3656878420762156
Total,tipo_incendio_florestal,CE,RN,0.3509073137939302
Total,tipo_incendio_florestal,CE,RO,-0.3067903748453406
Total,tipo_incendio_florestal,CE,RR,-0.2727883846715221
Total,tipo_incendio_florestal,CE,RS,-0.3786448827803933
Total,tipo_incendio_florestal,CE,SC,-0.35075647996485515
Total,tipo_incendio_florestal,CE,SE,0.2004864470338295
Total,tipo_incendio_florestal,CE,SP,-0.03158259460713873
Total,tipo_incendio_florestal,CE,TO,-0.38170563150684156
Total,tipo_incendio_florestal,DF,ES,0.09795905568733139
Total,tipo_incendio_florestal,DF,GO,0.06185015417231386
Total,tipo_incendio_florestal,DF,MA,-0.23906073477683382
Total,tipo_incendio_florestal,DF,MG,0.43124655943311974
Total,tipo_incendio_florestal,DF,MS,0.022240762556796596
Total,tipo_incendio_florestal,DF,MT,-0.04148487483758192
Total,tipo_incendio_florestal,DF,PA,-0.06851275638712287
Total,tipo_incendio_florestal,DF,PB,0.1665313174624415
Total,tipo_incendio_florestal,DF,PE,-0.016650438698978337
Total,tipo_incendio_florestal,DF,PI,-0.1130211063693896
Total,tipo_incendio_florestal,DF,PR,0.3322450636492869
Total,tipo_incendio_florestal,DF,RJ,0.19209753426280604
Total,tipo_incendio_florestal,DF,RN,0.0017188746512183887
Total,tipo_incendio_florestal,DF,RO,0.10055399321414535
Total,tipo_incendio_florestal,DF,RR,-0.2735876053547847
Total,tipo_incendio_florestal,DF,RS,0.30637597294530156
Total,tipo_incendio_florestal,DF,SC,0.4365057821521698
Total,tipo_incendio_florestal,DF,SE,-0.05325008165055462
Total,tipo_incendio_florestal,DF,SP,0.4124746891811578
Total,tipo_incendio_florestal,DF,TO,-0.09639067740828655
Total,tipo_incendio_florestal,ES,GO,-0.023735210930644596
Total,tipo_incendio_florestal,ES,MA,0.08104744751075854
Total,tipo_incendio_florestal,ES,MG,0.2166400486488608
Total,tipo_incendio_florestal,ES,MS,-0.15374250315654225
Total,tipo_incendio_florestal,ES,MT,-0.1447554713547496
Total,tipo_incendio_florestal,ES,PA,-0.004877064564372273
Total,tipo_incendio_florestal,ES,PB,0.11008594936499864
Total,tipo_incendio_florestal,ES,PE,0.02754360987882918
Total,tipo_incendio_florestal,ES,PI,0.060882828549022425
Total,tipo_incendio_florestal,ES,PR,0.007096467651494505
Total,tipo_incendio_florestal,ES,RJ,0.14741339154940244
Total,tipo_incendio_florestal,ES,RN,0.25221226688172255
Total,tipo_incendio_florestal,ES,RO,-0.17720026080655638
Total,tipo_incendio_florestal,ES,RR,-0.33463097245147755
Total,tipo_incendio_florestal,ES,RS,0.056763894596268634
Total,tipo_incendio_florestal,ES,SC,0.09428707357693498
Total,tipo_incendio_florestal,ES,SE,0.08312642173444887
Total,tipo_incendio_florestal,ES,SP,0.21776154491206143
Total,tipo_incendio_florestal,ES,TO,0.02696586564543142
Total,tipo_incendio_florestal,GO,MA,0.06969833904359028
Total,tipo_incendio_florestal,GO,MG,0.3018161804334125
Total,tipo_incendio_florestal,GO,MS,0.5827723675063368
Total,tipo_incendio_florestal,GO,MT,0.3843747012588495
Total,tipo_incendio_florestal,GO,PA,0.006845354544654096
Total,tipo_incendio_florestal,GO,PB,-0.21879170243329685
Total,tipo_incendio_florestal,GO,PE,-0.41218811030162067
Total,tipo_incendio_florestal,GO,PI,-0.07614247804228197
Total,tipo_incendio_florestal,GO,PR,0.4358086343894477
Total,tipo_incendio_florestal,GO,RJ,-0.14703702855053358
Total,tipo_incendio_florestal,GO,RN,-0.022942736209224268
Total,tipo_incendio_florestal,GO,RO,0.05108649053466215
Total,tipo_incendio_florestal,GO,RR,-0.27310735453936735
Total,tipo_incendio_florestal,GO,RS,0.13823152199740238
Total,tipo_incendio_florestal,GO,SC,0.09782205026800657
Total,tipo_incendio_florestal,GO,SE,0.01285839401798787
Total,tipo_incendio_florestal,GO,SP,0.022180908983963115
Total,tipo_incendio_florestal,GO,TO,0.3246853531736831
Total,tipo_incendio_florestal,MA,MG,-0.13487333186917422
Total,tipo_incendio_florestal,MA,MS,-0.1159301041709533
Total,tipo_incendio_florestal,MA,MT,0.04218763978222279
Total,tipo_incendio_florestal,MA,PA,0.0673810623815762
Total,tipo_incendio_florestal,MA,PB,0.013999830303307434
Total,tipo_incendio_florestal,MA,PE,-0.03173437759615117
Total,tipo_incendio_florestal,MA,PI,0.4379080601698839
Total,tipo_incendio_florestal,MA,PR,-0.15790457607923988
Total,tipo_incendio_florestal,MA,RJ,-0.12597582095953871
Total,tipo_incendio_florestal,MA,RN,0.05929716767200422
Total,tipo_incendio_florestal,MA,RO,-0.05006846782593321
Total,tipo_incendio_florestal,MA,RR,-0.20013355732562232
Total,tipo_incendio_florestal,MA,RS,-0.08037769238169981
Total,tipo_incendio_florestal,MA,SC,-0.20787804503236515
Total,tipo_incendio_florestal,MA,SE,0.02173698622631077
Total,tipo_incendio_florestal,MA,SP,-0.3642602047217908
Total,tipo_incendio_florestal,MA,TO,0.20694599635443617
Total,tipo_incendio_florestal,MG,MS,0.2356172964947142
Total,tipo_incendio_florestal,MG,MT,0.16796877192615844
Total,tipo_incendio_florestal,MG,PA,0.045830447285896206
Total,tipo_incendio_florestal,MG,PB,-0.1467574359462029
Total,tipo_incendio_florestal,MG,PE,-0.27760836417657525
Total,tipo_incendio_florestal,MG,PI,-0.23978017132421184
Total,tipo_incendio_florestal,MG,PR,0.556477414371877
Total,tipo_incendio_florestal,MG,RJ,0.10776781536427014
Total,tipo_incendio_florestal,MG,RN,-0.15186488570253273
Total,tipo_incendio_florestal,MG,RO,0.26217375373722673
Total,tipo_incendio_florestal,MG,RR,-0.39499251031824273
Total,tipo_incendio_florestal,MG,RS,0.2911121410361797
Total,tipo_incendio_florestal,MG,SC,0.5433665737813601
Total,tipo_incendio_florestal,MG,SE,-0.16979828072086628
Total,tipo_incendio_florestal,MG,SP,0.5332719402359293
Total,tipo_incendio_florestal,MG,TO,0.1582659810402394
Total,tipo_incendio_florestal,MS,MT,0.365833970167207
Total,tipo_incendio_florestal,MS,PA,-0.024057293885915675
Total,tipo_incendio_florestal,MS,PB,-0.3254285528376115
Total,tipo_incendio_florestal,MS,PE,-0.4050553015659685
Total,tipo_incendio_florestal,MS,PI,-0.2976672531106322
Total,tipo_incendio_florestal,MS,PR,0.5474738893328214
Total,tipo_incendio_florestal,MS,RJ,-0.28695967840188835
Total,tipo_incendio_florestal,MS,RN,-0.3136183572307274
Total,tipo_incendio_florestal,MS,RO,0.2144544184874435
Total,tipo_incendio_florestal,MS,RR,-0.1606185583679815
Total,tipo_incendio_florestal,MS,RS,0.2406030279020625
Total,tipo_incendio_florestal,MS,SC,0.2312503791686571
Total,tipo_incendio_florestal,MS,SE,-0.2093221750244479
Total,tipo_incendio_florestal,MS,SP,0.10008825068855098
Total,tipo_incendio_florestal,MS,TO,0.35886950412712565
Total,tipo_incendio_florestal,MT,PA,-0.12874993260012996
Total,tipo_incendio_florestal,MT,PB,-0.36458296813487395
Total,tipo_incendio_florestal,MT,PE,-0.3592088499163062
Total,tipo_incendio_florestal,MT,PI,-0.28442527836446824
Total,tipo_incendio_florestal,MT,PR,0.334592704576683
Total,tipo_incendio_florestal,MT,RJ,-0.2583516634441454
Total,tipo_incendio_florestal,MT,RN,-0.21157483275808084
Total,tipo_incendio_florestal,MT,RO,0.14360176494465468
Total,tipo_incendio_florestal,MT,RR,-0.12070587014032447
Total,tipo_incendio_florestal,MT,RS,0.19619691869423997
Total,tipo_incendio_florestal,MT,SC,0.14726454546661838
Total,tipo_incendio_florestal,MT,SE,-0.001737032964233157
Total,tipo_incendio_florestal,MT,SP,-0.09730445212342737
Total,tipo_incendio_florestal,MT,TO,0.31915823367855967
Total,tipo_incendio_florestal,PA,PB,0.08372857755467492
Total,tipo_incendio_florestal,PA,PE,0.12940698724622207
Total,tipo_incendio_florestal,PA,PI,-0.007694200018400017
Total,tipo_incendio_florestal,PA,PR,-0.09473652104837132
Total,tipo_incendio_florestal,PA,RJ,0.055238073474780346
Total,tipo_incendio_florestal,PA,RN,-0.032532546069069114
Total,tipo_incendio_florestal,PA,RO,0.07398048745486899
Total,tipo_incendio_florestal,PA,RR,-0.32306480330821946
Total,tipo_incendio_florestal,PA,RS,-0.15768869210530087
Total,tipo_incendio_florestal,PA,SC,-0.045864771645137734
Total,tipo_incendio_florestal,PA,SE,-0.04332702945265548
Total,tipo_incendio_florestal,PA,SP,0.09724466585291601
Total,tipo_incendio_florestal,PA,TO,-0.06987211183025688
Total,tipo_incendio_florestal,PB,PE,0.46238989684341025
Total,tipo_incendio_florestal,PB,PI,0.44436817481098834
Total,tipo_incendio_florestal,PB,PR,-0.16033834632692617
Total,tipo_incendio_florestal,PB,RJ,0.16481413187242958
Total,tipo_incendio_florestal,PB,RN,0.33536819209646307
Total,tipo_incendio_florestal,PB,RO,-0.1885718514067195
Total,tipo_incendio_florestal,PB,RR,-0.2276249691994131
Total,tipo_incendio_florestal,PB,RS,-0.22473900688206233
Total,tipo_incendio_florestal,PB,SC,-0.14689664183312068
Total,tipo_incendio_florestal,PB,SE,0.133158116343618
Total,tipo_incendio_florestal,PB,SP,0.04430708141022153
Total,tipo_incendio_florestal,PB,TO,-0.36883806434424177
Total,tipo_incendio_florestal,PE,PI,0.2602541971002223
Total,tipo_incendio_florestal,PE,PR,-0.3283896346768372
Total,tipo_incendio_florestal,PE,RJ,0.4346998551181059
Total,tipo_incendio_florestal,PE,RN,0.1656307900682504
Total,tipo_incendio_florestal,PE,RO,-0.27802860274926733
Total,tipo_incendio_florestal,PE,RR,-0.1683472371957707
Total,tipo_incendio_florestal,PE,RS,-0.28519072765615644
Total,tipo_incendio_florestal,PE,SC,-0.24173025425347838
Total,tipo_incendio_florestal,PE,SE,0.1834714741828239
Total,tipo_incendio_florestal,PE,SP,-0.006758299974425399
Total,tipo_incendio_florestal,PE,TO,-0.4306393323634096
Total,tipo_incendio_florestal,PI,PR,-0.3496988120310634
Total,tipo_incendio_florestal,PI,RJ,-0.04289769697835127
Total,tipo_incendio_florestal,PI,RN,0.23639418788653477
Total,tipo_incendio_florestal,PI,RO,-0.31430706797273145
Total,tipo_incendio_florestal,PI,RR,-0.11502543556642356
Total,tipo_incendio_florestal,PI,RS,-0.17145187136523196
Total,tipo_incendio_florestal,PI,SC,-0.36422310570846206
Total,tipo_incendio_florestal,PI,SE,0.1433207963437794
Total,tipo_incendio_florestal,PI,SP,-0.30733197212789176
Total,tipo_incendio_florestal,PI,TO,-0.15799398384616453
Total,tipo_incendio_florestal,PR,RJ,-0.04468591232393497
Total,tipo_incendio_florestal,PR,RN,-0.211054581469404
Total,tipo_incendio_florestal,PR,RO,0.3288708020348585
Total,tipo_incendio_florestal,PR,RR,-0.34602304547363305
Total,tipo_incendio_florestal,PR,RS,0.5776368428053114
Total,tipo_incendio_florestal,PR,SC,0.6665626635267051
Total,tipo_incendio_florestal,PR,SE,-0.12284186759455534
Total,tipo_incendio_florestal,PR,SP,0.46306330904987447
Total,tipo_incendio_florestal,PR,TO,0.23288668704106075
Total,tipo_incendio_florestal,RJ,RN,0.2015048362682278
Total,tipo_incendio_florestal,RJ,RO,-0.21932431820562542
Total,tipo_incendio_florestal,RJ,RR,-0.29490751396785125
Total,tipo_incendio_florestal,RJ,RS,-0.19470588702933977
Total,tipo_incendio_florestal,RJ,SC,0.019839498975324193
Total,tipo_incendio_florestal,RJ,SE,0.008394866802497444
Total,tipo_incendio_florestal,RJ,SP,0.25007548118183903
Total,tipo_incendio_florestal,RJ,TO,-0.22409632880481967
Total,tipo_incendio_florestal,RN,RO,-0.3059870789465638
Total,tipo_incendio_florestal,RN,RR,-0.24079398347786776
Total,tipo_incendio_florestal,RN,RS,-0.16644926117579642
Total,tipo_incendio_florestal,RN,SC,-0.2599669226236392
Total,tipo_incendio_florestal,RN,SE,0.3165044603655517
Total,tipo_incendio_florestal,RN,SP,-0.06723810223082835
Total,tipo_incendio_florestal,RN,TO,-0.13178838723908626
Total,tipo_incendio_florestal,RO,RR,-0.03978158993061676
Total,tipo_incendio_florestal,RO,RS,0.3399447557959626
Total,tipo_incendio_florestal,RO,SC,0.5046901136066503
Total,tipo_incendio_florestal,RO,SE,-0.2626601960950045
Total,tipo_incendio_florestal,RO,SP,0.33710135897410537
Total,tipo_incendio_florestal,RO,TO,0.12237623121300313
Total,tipo_incendio_florestal,RR,RS,-0.09612543730880962
Total,tipo_incendio_florestal,RR,SC,-0.24858828399305866
Total,tipo_incendio_florestal,RR,SE,-0.1232404037249005
Total,tipo_incendio_florestal,RR,SP,-0.28785406750347264
Total,tipo_incendio_florestal,RR,TO,-0.13429574291888752
Total,tipo_incendio_florestal,RS,SC,0.6335090186378767
Total,tipo_incendio_florestal,RS,SE,-0.14465478946234084
Total,tipo_incendio_florestal,RS,SP,0.24678910836597204
Total,tipo_incendio_florestal,RS,TO,0.22354257696972665
Total,tipo_incendio_florestal,SC,SE,-0.24658599653675187
Total,tipo_incendio_florestal,SC,SP,0.5978292383243571
Total,tipo_incendio_florestal,SC,TO,0.009807850013059713
Total,tipo_incendio_florestal,SE,SP,-0.17874396212753357
Total,tipo_incendio_florestal,SE,TO,-0.2541585159326146
Total,tipo_incendio_florestal,SP,TO,-0.18224906804130828
Total,tipo_inundacoes,AC,AL,-0.11530716819868783
Total,tipo_inundacoes,AC,AM,0.19788402574241024
Total,tipo_inundacoes,AC,AP,-0.01150362717286888
Total,tipo_inundacoes,AC,BA,-0.01545443289852526
Total,tipo_inundacoes,AC,CE,-0.06098454142491586
Total,tipo_inundacoes,AC,DF,-0.1871088655859572
Total,tipo_inundacoes,AC,ES,-0.02250564452052634
Total,tipo_inundacoes,AC,GO,-0.2084581416213234
Total,tipo_inundacoes,AC,MA,-0.059834851187714685
Total,tipo_inundacoes,AC,MG,-0.031732775569259165
Total,tipo_inundacoes,AC,MS,-0.06271623137460625
Total,tipo_inundacoes,AC,MT,-0.10339681247868865
Total,tipo_inundacoes,AC,PA,0.20022214920934664
Total,tipo_inundacoes,AC,PB,-0.16653165815789958
Total,tipo_inundacoes,AC,PE,-0.014503205747080932
Total,tipo_inundacoes,AC,PI,-0.0880816705610039
Total,tipo_inundacoes,AC,PR,-0.12907672524994898
Total,tipo_inundacoes,AC,RJ,-0.08266080000502864
Total,tipo_inundacoes,AC,RN,-0.2897658658706491
Total,tipo_inundacoes,AC,RO,0.2632999451312976
Total,tipo_inundacoes,AC,RR,0.014200495918071787
Total,tipo_inundacoes,AC,RS,-0.12736885962170957
Total,tipo_inundacoes,AC,SC,0.1385561901794185
Total,tipo_inundacoes,AC,SE,-0.07439564601190375
Total,tipo_inundacoes,AC,SP,0.1049691363017341
Total,tipo_inundacoes,AC,TO,-0.0994527528363876
Total,tipo_inundacoes,AL,AM,0.04451302420610268
Total,tipo_inundacoes,AL,AP,-0.13062172094705823
Total,tipo_inundacoes,AL,BA,0.4926314168082603
Total,tipo_inundacoes,AL,CE,0.5008930455239139
Total,tipo_inundacoes,AL,DF,-0.13420564745482097
Total,tipo_inundacoes,AL,ES,0.04663860716545443
Total,tipo_inundacoes,AL,GO,-0.22016084980717243
Total,tipo_inundacoes,AL,MA,0.13689149082837146
Total,tipo_inundacoes,AL,MG,-0.3509548329006228
Total,tipo_inundacoes,AL,MS,-0.26190230194082775
Total,tipo_inundacoes,AL,MT,-0.23955568959668974
Total,tipo_inundacoes,AL,PA,0.19333169437018208
Total,tipo_inundacoes,AL,PB,0.49809886649049506
Total,tipo_inundacoes,AL,PE,0.5181798485823543
Total,tipo_inundacoes,AL,PI,0.35927077199193114
Total,tipo_inundacoes,AL,PR,-0.3148046050578576
Total,tipo_inundacoes,AL,RJ,0.16951619209888483
Total,tipo_inundacoes,AL,RN,0.34849611445818657
Total,tipo_inundacoes,AL,RO,-0.327078437187661
Total,tipo_inundacoes,AL,RR,-0.2251594087987932
Total,tipo_inundacoes,AL,RS,-0.31445865943881296
Total,tipo_inundacoes,AL,SC,-0.415784501453299
Total,tipo_inundacoes,AL,SE,0.272702108252494
Total,tipo_inundacoes,AL,SP,-0.19917573249945716
Total,tipo_inundacoes,AL,TO,-0.33458581214244015
Total,tipo_inundacoes,AM,AP,0.0013215438015785263
Total,tipo_inundacoes,AM,BA,0.27428708666227664
Total,tipo_inundacoes,AM,CE,0.3644490794684163
Total,tipo_inundacoes,AM,DF,-0.04659605419447278
Total,tipo_inundacoes,AM,ES,0.06385370053114271
Total,tipo_inundacoes,AM,GO,-0.23331436719400814
Total,tipo_inundacoes,AM,MA,-0.13656615565465938
Total,tipo_inundacoes,AM,MG,-0.15319109701112305
Total,tipo_inundacoes,AM,MS,-0.1761220808580739
Total,tipo_inundacoes,AM,MT,-0.33387573182780284
Total,tipo_inundacoes,AM,PA,0.11908781659644926
Total,tipo_inundacoes,AM,PB,0.020255996173644902
Total,tipo_inundacoes,AM,PE,0.24973486523852206
Total,tipo_inundacoes,AM,PI,-0.015827008769242437
Total,tipo_inundacoes,AM,PR,-0.25857992209288605
Total,tipo_inundacoes,AM,RJ,0.28108272084888836
Total,tipo_inundacoes,AM,RN,-0.026619013120980067
Total,tipo_inundacoes,AM,RO,-0.17079749078592316
Total,tipo_inundacoes,AM,RR,-0.126156071588649
Total,tipo_inundacoes,AM,RS,-0.2826956805610334
Total,tipo_inundacoes,AM,SC,-0.08193461446419599
Total,tipo_inundacoes,AM,SE,0.1166370622479348
Total,tipo_inundacoes,AM,SP,0.14560868605424096
Total,tipo_inundacoes,AM,TO,-0.2468226960192291
Total,tipo_inundacoes,AP,BA,-0.15276848554301414
Total,tipo_inundacoes,AP,CE,-0.10543933901919601
Total,tipo_inundacoes,AP,DF,-0.06455282199859468
Total,tipo_inundacoes,AP,ES,-0.14103674881493541
Total,tipo_inundacoes,AP,GO,-0.13873916749811538
Total,tipo_inundacoes,AP,MA,-0.08430258432828502
Total,tipo_inundacoes,AP,MG,0.0930548875547958
Total,tipo_inundacoes,AP,MS,0.002947044124812725
Total,tipo_inundacoes,AP,MT,-0.05233649401995044
Total,tipo_inundacoes,AP,PA,0.07230068424961798
Total,tipo_inundacoes,AP,PB,-0.13478659588738942
Total,tipo_inundacoes,AP,PE,-0.10936902323413912
Total,tipo_inundacoes,AP,PI,-0.1923613826182387
Total,tipo_inundacoes,AP,PR,-0.0674441216998249
Total,tipo_inundacoes,AP,RJ,-0.01944364788413465
Total,tipo_inundacoes,AP,RN,-0.15653593711800987
Total,tipo_inundacoes,AP,RO,-0.1258051338667424
Total,tipo_inundacoes,AP,RR,-0.026071379083717264
Total,tipo_inundacoes,AP,RS,-0.19504519204997126
Total,tipo_inundacoes,AP,SC,-0.07854861819852284
Total,tipo_inundacoes,AP,SE,-0.2108757906252095
Total,tipo_inundacoes,AP,SP,-0.13522198276828307
Total,tipo_inundacoes,AP,TO,0.05790686906773833
Total,tipo_inundacoes,BA,CE,0.49916207693553627
Total,tipo_inundacoes,BA,DF,0.00924674714389101
Total,tipo_inundacoes,BA,ES,0.10201369160860556
Total,tipo_inundacoes,BA,GO,-0.1562413863189137
Total,tipo_inundacoes,BA,MA,-0.03760024732570032
Total,tipo_inundacoes,BA,MG,-0.22178324125407736
Total,tipo_inundacoes,BA,MS,-0.2817605356319861
Total,tipo_inundacoes,BA,MT,-0.3231702052489535
Total,tipo_inundacoes,BA,PA,0.15722322155955745
Total,tipo_inundacoes,BA,PB,0.3273499096112296
Total,tipo_inundacoes,BA,PE,0.4422564784915962
Total,tipo_inundacoes,BA,PI,0.22377573845029144
Total,tipo_inundacoes,BA,PR,-0.3063068200488329
Total,tipo_inundacoes,BA,RJ,0.38912501002148847
Total,tipo_inundacoes,BA,RN,0.42342590129012525
Total,tipo_inundacoes,BA,RO,-0.297381139302135
Total,tipo_inundacoes,BA,RR,-0.2635266122456588
Total,tipo_inundacoes,BA,RS,-0.27032265340257666
Total,tipo_inundacoes,BA,SC,-0.24551764465777337
Total,tipo_inundacoes,BA,SE,0.25560178967850355
Total,tipo_inundacoes,BA,SP,-0.0291572348102881
Total,tipo_inundacoes,BA,TO,-0.3885654008996981
Total,tipo_inundacoes,CE,DF,-0.043135410514476495
Total,tipo_inundacoes,CE,ES,0.16331412377589058
Total,tipo_inundacoes,CE,GO,-0.3466732678728065
Total,tipo_inundacoes,CE,MA,0.020255792780796148
Total,tipo_inundacoes,CE,MG,-0.2661077916161017
Total,tipo_inundacoes,CE,MS,-0.4288303205698893
Total,tipo_inundacoes,CE,MT,-0.37855685529003774
Total,tipo_inundacoes,CE,PA,0.1937939522672789
Total,tipo_inundacoes,CE,PB,0.4921454871178751
Total,tipo_inundacoes,CE,PE,0.6790043815465165
Total,tipo_inundacoes,CE,PI,0.3783726044118957
Total,tipo_inundacoes,CE,PR,-0.41805279464577194
Total,tipo_inundacoes,CE,RJ,0.3651937881928158
Total,tipo_inundacoes,CE,RN,0.35486590899071757
Total,tipo_inundacoes,CE,RO,-0.31358871991435505
Total,tipo_inundacoes,CE,RR,-0.2719790160013299
Total,tipo_inundacoes,CE,RS,-0.3724097709808854
Total,tipo_inundacoes,CE,SC,-0.3438911750132977
Total,tipo_inundacoes,CE,SE,0.20492633869458426
Total,tipo_inundacoes,CE,SP,-0.025067820882971548
Total,tipo_inundacoes,CE,TO,-0.38682655257451803
Total,tipo_inundacoes,DF,ES,0.08420506519565166
Total,tipo_inundacoes,DF,GO,0.08823042131664734
Total,tipo_inundacoes,DF,MA,-0.2581988523025874
Total,tipo_inundacoes,DF,MG,0.4376149948860061
Total,tipo_inundacoes,DF,MS,0.08352224303272264
Total,tipo_inundacoes,DF,MT,-0.03716322104616352
Total,tipo_inundacoes,DF,PA,-0.06323657611928744
Total,tipo_inundacoes,DF,PB,0.15673327008420374
Total,tipo_inundacoes,DF,PE,-0.02615632129924612
Total,tipo_inundacoes,DF,PI,-0.12415825837116312
Total,tipo_inundacoes,DF,PR,0.3515214686213075
Total,tipo_inundacoes,DF,RJ,0.19122982611403702
Total,tipo_inundacoes,DF,RN,-0.0034765689928492917
Total,tipo_inundacoes,DF,RO,0.10302808981977306
Total,tipo_inundacoes,DF,RR,-0.27895034573805083
Total,tipo_inundacoes,DF,RS,0.3211663048671312
Total,tipo_inundacoes,DF,SC,0.4464755160442781
Total,tipo_inundacoes,DF,SE,-0.05337561939344543
Total,tipo_inundacoes,DF,SP,0.4173718007964757
Total,tipo_inundacoes,DF,TO,-0.0884235573861814
Total,tipo_inundacoes,ES,GO,-0.030011295860720735
Total,tipo_inundacoes,ES,MA,0.08546010450894047
Total,tipo_inundacoes,ES,MG,0.21515748156795775
Total,tipo_inundacoes,ES,MS,-0.1641761525392366
Total,tipo_inundacoes,ES,MT,-0.1500314190205392
Total,tipo_inundacoes,ES,PA,0.006361870870678842
Total,tipo_inundacoes,ES,PB,0.11333195911949434
Total,tipo_inundacoes,ES,PE,0.03085305215787578
Total,tipo_inundacoes,ES,PI,0.0651677378048271
Total,tipo_inundacoes,ES,PR,0.009598188329054656
Total,tipo_inundacoes,ES,RJ,0.14407685316655883
Total,tipo_inundacoes,ES,RN,0.24857411498310492
Total,tipo_inundacoes,ES,RO,-0.17978111078991627
Total,tipo_inundacoes,ES,RR,-0.32968778386835906
Total,tipo_inundacoes,ES,RS,0.05752453003532989
Total,tipo_inundacoes,ES,SC,0.09478918889949257
Total,tipo_inundacoes,ES,SE,0.08499847311979056
Total,tipo_inundacoes,ES,SP,0.21719935538669521
Total,tipo_inundacoes,ES,TO,0.028097099172931628
Total,tipo_inundacoes,GO,MA,0.0677360663088401
Total,tipo_inundacoes,GO,MG,0.29830641335102936
Total,tipo_inundacoes,GO,MS,0.5823041543810886
Total,tipo_inundacoes,GO,MT,0.3864650209503658
Total,tipo_inundacoes,GO,PA,0.005774095600779526
Total,tipo_inundacoes,GO,PB,-0.21645772699969343
Total,tipo_inundacoes,GO,PE,-0.40832258871702143
Total,tipo_inundacoes,GO,PI,-0.07676464832499014
Total,tipo_inundacoes,GO,PR,0.43271285540741433
Total,tipo_inundacoes,GO,RJ,-0.1456535520997934
Total,tipo_inundacoes,GO,RN,-0.022377789438069264
Total,tipo_inundacoes,GO,RO,0.04470066606702875
Total,tipo_inundacoes,GO,RR,-0.2741068673169768
Total,tipo_inundacoes,GO,RS,0.13348942069015027
Total,tipo_inundacoes,GO,SC,0.09385648368376309
Total,tipo_inundacoes,GO,SE,0.010938434493900957
Total,tipo_inundacoes,GO,SP,0.018975855105149174
Total,tipo_inundacoes,GO,TO,0.315592724571615
Total,tipo_inundacoes,MA,MG,-0.13847984548622883
Total,tipo_inundacoes,MA,MS,-0.11390224845733615
Total,tipo_inundacoes,MA,MT,0.04678800550119684
Total,tipo_inundacoes,MA,PA,0.06659566178269043
Total,tipo_inundacoes,MA,PB,0.011995281896316108
Total,tipo_inundacoes,MA,PE,-0.03214513512894752
Total,tipo_inundacoes,MA,PI,0.43628145541852725
Total,tipo_inundacoes,MA,PR,-0.16116758393411018
Total,tipo_inundacoes,MA,RJ,-0.1256331228786547
Total,tipo_inundacoes,MA,RN,0.059780480981455525
Total,tipo_inundacoes,MA,RO,-0.0477435847518411
Total,tipo_inundacoes,MA,RR,-0.20232748807906506
Total,tipo_inundacoes,MA,RS,-0.08320324887993742
Total,tipo_inundacoes,MA,SC,-0.2112618817075923
Total,tipo_inundacoes,MA,SE,0.020136337228074258
Total,tipo_inundacoes,MA,SP,-0.36547462823608445
Total,tipo_inundacoes,MA,TO,0.20335552087771955
Total,tipo_inundacoes,MG,MS,0.2341495149447996
Total,tipo_inundacoes,MG,MT,0.16874594659583614
Total,tipo_inundacoes,MG,PA,0.05083422813759389
Total,tipo_inundacoes,MG,PB,-0.14577099588668346
Total,tipo_inundacoes,MG,PE,-0.27239180925054196
Total,tipo_inundacoes,MG,PI,-0.24036026267642246
Total,tipo_inundacoes,MG,PR,0.5548636790516518
Total,tipo_inundacoes,MG,RJ,0.1112485821686793
Total,tipo_inundacoes,MG,RN,-0.15033995989550245
Total,tipo_inundacoes,MG,RO,0.26233533191900876
Total,tipo_inundacoes,MG,RR,-0.39695846194467166
Total,tipo_inundacoes,MG,RS,0.28746445118336333
Total,tipo_inundacoes,MG,SC,0.5424761524742628
Total,tipo_inundacoes,MG,SE,-0.1729546767349218
Total,tipo_inundacoes,MG,SP,0.533266522909142
Total,tipo_inundacoes,MG,TO,0.1564958470337005
Total,tipo_inundacoes,MS,MT,0.3687441112690671
Total,tipo_inundacoes,MS,PA,-0.03512059610739912
Total,tipo_inundacoes,MS,PB,-0.3176118681378335
Total,tipo_inundacoes,MS,PE,-0.40351868181556944
Total,tipo_inundacoes,MS,PI,-0.29688215301272
Total,tipo_inundacoes,MS,PR,0.5392656440837567
Total,tipo_inundacoes,MS,RJ,-0.28576085478907853
Total,tipo_inundacoes,MS,RN,-0.31606973443561626
Total,tipo_inundacoes,MS,RO,0.2181204346481025
Total,tipo_inundacoes,MS,RR,-0.15851634761113192
Total,tipo_inundacoes,MS,RS,0.23823240709389648
Total,tipo_inundacoes,MS,SC,0.22932667452972946
Total,tipo_inundacoes,MS,SE,-0.20962028784522077
Total,tipo_inundacoes,MS,SP,0.0899923686880475
Total,tipo_inundacoes,MS,TO,0.34984186474351386
Total,tipo_inundacoes,MT,PA,-0.1207172458923884
Total,tipo_inundacoes,MT,PB,-0.3637809997096863
Total,tipo_inundacoes,MT,PE,-0.36674072699146804
Total,tipo_inundacoes,MT,PI,-0.2882547707988367
Total,tipo_inundacoes,MT,PR,0.33325416208826353
Total,tipo_inundacoes,MT,RJ,-0.26677287231226915
Total,tipo_inundacoes,MT,RN,-0.21799086533585763
Total,tipo_inundacoes,MT,RO,0.1498780434865614
Total,tipo_inundacoes,MT,RR,-0.12086616019344554
Total,tipo_inundacoes,MT,RS,0.19491716344593382
Total,tipo_inundacoes,MT,SC,0.14983957215455687
Total,tipo_inundacoes,MT,SE,-0.0068199442876577384
Total,tipo_inundacoes,MT,SP,-0.10255690072587811
Total,tipo_inundacoes,MT,TO,0.3238043251099544
Total,tipo_inundacoes,PA,PB,0.07299207924080486
Total,tipo_inundacoes,PA,PE,0.11799020546946157
Total,tipo_inundacoes,PA,PI,-0.011210651982642376
Total,tipo_inundacoes,PA,PR,-0.09199920071410529
Total,tipo_inundacoes,PA,RJ,0.05423256280393184
Total,tipo_inundacoes,PA,RN,-0.036170026844155406
Total,tipo_inundacoes,PA,RO,0.08285310709268665
Total,tipo_inundacoes,PA,RR,-0.32292982024388095
Total,tipo_inundacoes,PA,RS,-0.15618147300264115
Total,tipo_inundacoes,PA,SC,-0.046553534869715515
Total,tipo_inundacoes,PA,SE,-0.043150027761030746
Total,tipo_inundacoes,PA,SP,0.09796731243306796
Total,tipo_inundacoes,PA,TO,-0.05401093977788886
Total,tipo_inundacoes,PB,PE,0.46761736043217766
Total,tipo_inundacoes,PB,PI,0.44684800044883394
Total,tipo_inundacoes,PB,PR,-0.15680678331468723
Total,tipo_inundacoes,PB,RJ,0.16815935998143336
Total,tipo_inundacoes,PB,RN,0.3400038096517869
Total,tipo_inundacoes,PB,RO,-0.19712230898550007
Total,tipo_inundacoes,PB,RR,-0.22734514198987887
Total,tipo_inundacoes,PB,RS,-0.22033533765964675
Total,tipo_inundacoes,PB,SC,-0.1421766361585834
Total,tipo_inundacoes,PB,SE,0.13730274710137902
Total,tipo_inundacoes,PB,SP,0.04812361940637981
Total,tipo_inundacoes,PB,TO,-0.3806001355153443
Total,tipo_inundacoes,PE,PI,0.2646526162043055
Total,tipo_inundacoes,PE,PR,-0.3206670825236217
Total,tipo_inundacoes,PE,RJ,0.4360954291700456
Total,tipo_inundacoes,PE,RN,0.1715395960913162
Total,tipo_inundacoes,PE,RO,-0.2860219042624508
Total,tipo_inundacoes,PE,RR,-0.1667866716423806
Total,tipo_inundacoes,PE,RS,-0.2785563544090179
Total,tipo_inundacoes,PE,SC,-0.2338754335122594
Total,tipo_inundacoes,PE,SE,0.18851238489472005
Total,tipo_inundacoes,PE,SP,0.0005523043345705246
Total,tipo_inundacoes,PE,TO,-0.43826753397680185
Total,tipo_inundacoes,PI,PR,-0.34819221596745725
Total,tipo_inundacoes,PI,RJ,-0.04115116034871866
Total,tipo_inundacoes,PI,RN,0.23980116823280723
Total,tipo_inundacoes,PI,RO,-0.3195456566597671
Total,tipo_inundacoes,PI,RR,-0.11529806082083378
Total,tipo_inundacoes,PI,RS,-0.1689696750433138
Total,tipo_inundacoes,PI,SC,-0.36152027051131524
Total,tipo_inundacoes,PI,SE,0.14613468933443602
Total,tipo_inundacoes,PI,SP,-0.3037514210355692
Total,tipo_inundacoes,PI,TO,-0.16701257886900214
Total,tipo_inundacoes,PR,RJ,-0.03607869029202464
Total,tipo_inundacoes,PR,RN,-0.206141182150684
Total,tipo_inundacoes,PR,RO,0.3269034272212147
Total,tipo_inundacoes,PR,RR,-0.34972997930545907
Total,tipo_inundacoes,PR,RS,0.5750304191728077
Total,tipo_inundacoes,PR,SC,0.6642180069704743
Total,tipo_inundacoes,PR,SE,-0.1243840069525608
Total,tipo_inundacoes,PR,SP,0.46322456107430854
Total,tipo_inundacoes,PR,TO,0.23092597531831394
Total,tipo_inundacoes,RJ,RN,0.20201608670528526
Total,tipo_inundacoes,RJ,RO,-0.2259539508915175
Total,tipo_inundacoes,RJ,RR,-0.29461243103972384
Total,tipo_inundacoes,RJ,RS,-0.18952028376388577
Total,tipo_inundacoes,RJ,SC,0.028755751172259734
Total,tipo_inundacoes,RJ,SE,0.009550833539252552
Total,tipo_inundacoes,RJ,SP,0.2534083135476367
Total,tipo_inundacoes,RJ,TO,-0.22821951771263818
Total,tipo_inundacoes,RN,RO,-0.308411671714724
Total,tipo_inundacoes,RN,RR,-0.24012263389723543
Total,tipo_inundacoes,RN,RS,-0.16059033479712165
Total,tipo_inundacoes,RN,SC,-0.25421844747162065
Total,tipo_inundacoes,RN,SE,0.32003256839901456
Total,tipo_inundacoes,RN,SP,-0.061425453830499396
Total,tipo_inundacoes,RN,TO,-0.1422123766058543
Total,tipo_inundacoes,RO,RR,-0.03655398543888246
Total,tipo_inundacoes,RO,RS,0.33497780707758207
Total,tipo_inundacoes,RO,SC,0.5032187559643252
Total,tipo_inundacoes,RO,SE,-0.26873459137696076
Total,tipo_inundacoes,RO,SP,0.3307978716718088
Total,tipo_inundacoes,RO,TO,0.1399807571178323
Total,tipo_inundacoes,RR,RS,-0.09767764026518655
Total,tipo_inundacoes,RR,SC,-0.2525710332611944
Total,tipo_inundacoes,RR,SE,-0.122732547721902
Total,tipo_inundacoes,RR,SP,-0.28751026244680955
Total,tipo_inundacoes,RR,TO,-0.13353845842091566
Total,tipo_inundacoes,RS,SC,0.6321235523848386
Total,tipo_inundacoes,RS,SE,-0.14678076343222698
Total,tipo_inundacoes,RS,SP,0.24540407913563117
Total,tipo_inundacoes,RS,TO,0.21963751382308333
Total,tipo_inundacoes,SC,SE,-0.2489906625080668
Total,tipo_inundacoes,SC,SP,0.5970364294954564
Total,tipo_inundacoes,SC,TO,0.007907779483557772
Total,tipo_inundacoes,SE,SP,-0.17753821024790156
Total,tipo_inundacoes,SE,TO,-0.26330730407146036
Total,tipo_inundacoes,SP,TO,-0.18087912631100958
Total,tipo_movimento_de_massa,AC,AL,-0.1175565278629432
Total,tipo_movimento_de_massa,AC,AM,0.20556790136599185
Total,tipo_movimento_de_massa,AC,AP,-0.009988317317836396
Total,tipo_movimento_de_massa,AC,BA,-0.011283511108799592
Total,tipo_movimento_de_massa,AC,CE,-0.049278843285749566
Total,tipo_movimento_de_massa,AC,DF,-0.18255257562314797
Total,tipo_movimento_de_massa,AC,ES,-0.024771047928339195
Total,tipo_movimento_de_massa,AC,GO,-0.20562339656937687
Total,tipo_movimento_de_massa,AC,MA,-0.06561492782252541
Total,tipo_movimento_de_massa,AC,MG,-0.03136949975838567
Total,tipo_movimento_de_massa,AC,MS,-0.06204471269041358
Total,tipo_movimento_de_massa,AC,MT,-0.10646719468917844
Total,tipo_movimento_de_massa,AC,PA,0.20039556048126067
Total,tipo_movimento_de_massa,AC,PB,-0.1645465467592814
Total,tipo_movimento_de_massa,AC,PE,-0.017652412257540964
Total,tipo_movimento_de_massa,AC,PI,-0.08219740281976147
Total,tipo_movimento_de_massa,AC,PR,-0.1327607650427892
Total,tipo_movimento_de_massa,AC,RJ,-0.08797608579639418
Total,tipo_movimento_de_massa,AC,RN,-0.28909546082840476
Total,tipo_movimento_de_massa,AC,RO,0.2672941359836767
Total,tipo_movimento_de_massa,AC,RR,0.01437819429824276
Total,tipo_movimento_de_massa,AC,RS,-0.12835658617035267
Total,tipo_movimento_de_massa,AC,SC,0.1319186547807759
Total,tipo_movimento_de_massa,AC,SE,-0.07826043520676979
Total,tipo_movimento_de_massa,AC,SP,0.09948481661546553
Total,tipo_movimento_de_massa,AC,TO,-0.10609168373352414
Total,tipo_movimento_de_massa,AL,AM,0.04727780210458329
Total,tipo_movimento_de_massa,AL,AP,-0.1297905975483758
Total,tipo_movimento_de_massa,AL,BA,0.4918985997907758
Total,tipo_movimento_de_massa,AL,CE,0.5004487056732079
Total,tipo_movimento_de_massa,AL,DF,-0.13593745889486047
Total,tipo_movimento_de_massa,AL,ES,0.04448916259061818
Total,tipo_movimento_de_massa,AL,GO,-0.22055068349099868
Total,tipo_movimento_de_massa,AL,MA,0.13956265580355426
Total,tipo_movimento_de_massa,AL,MG,-0.3513226461574055
Total,tipo_movimento_de_massa,AL,MS,-0.26282691215980886
Total,tipo_movimento_de_massa,AL,MT,-0.23939433584030148
Total,tipo_movimento_de_massa,AL,PA,0.19574727569686393
Total,tipo_movimento_de_massa,AL,PB,0.4968154851792446
Total,tipo_movimento_de_massa,AL,PE,0.5179058061814212
Total,tipo_movimento_de_massa,AL,PI,0.3591325788492079
Total,tipo_movimento_de_massa,AL,PR,-0.3167221764943182
Total,tipo_movimento_de_massa,AL,RJ,0.16980482491076745
Total,tipo_movimento_de_massa,AL,RN,0.34716054002692137
Total,tipo_movimento_de_massa,AL,RO,-0.3270045683216242
Total,tipo_movimento_de_massa,AL,RR,-0.22484293676833092
Total,tipo_movimento_de_massa,AL,RS,-0.3162872569409667
Total,tipo_movimento_de_massa,AL,SC,-0.4175487062357518
Total,tipo_movimento_de_massa,AL,SE,0.2715368304356236
Total,tipo_movimento_de_massa,AL,SP,-0.201777786916612
Total,tipo_movimento_de_massa,AL,TO,-0.32900726715691075
Total,tipo_movimento_de_massa,AM,AP,-0.001606316250061865
Total,tipo_movimento_de_massa,AM,BA,0.2840600019208917
Total,tipo_movimento_de_massa,AM,CE,0.36765563051094635
Total,tipo_movimento_de_massa,AM,DF,-0.0453293964299443
Total,tipo_movimento_de_massa,AM,ES,0.07046542243323625
Total,tipo_movimento_de_massa,AM,GO,-0.24316952564624247
Total,tipo_movimento_de_massa,AM,MA,-0.15031521458170705
Total,tipo_movimento_de_massa,AM,MG,-0.15809257832487064
Total,tipo_movimento_de_massa,AM,MS,-0.1756943656868172
Total,tipo_movimento_de_massa,AM,MT,-0.3365790539732432
Total,tipo_movimento_de_massa,AM,PA,0.1249548118793292
Total,tipo_movimento_de_massa,AM,PB,0.0285683729397254
Total,tipo_movimento_de_massa,AM,PE,0.26068480937649535
Total,tipo_movimento_de_massa,AM,PI,-0.024898739600899278
Total,tipo_movimento_de_massa,AM,PR,-0.25188693385681554
Total,tipo_movimento_de_massa,AM,RJ,0.2844513394423179
Total,tipo_movimento_de_massa,AM,RN,-0.024955842171776346
Total,tipo_movimento_de_massa,AM,RO,-0.16846849039777811
Total,tipo_movimento_de_massa,AM,RR,-0.12673126624495856
Total,tipo_movimento_de_massa,AM,RS,-0.2815026405304996
Total,tipo_movimento_de_massa,AM,SC,-0.07052805009344303
Total,tipo_movimento_de_massa,AM,SE,0.1164735294819793
Total,tipo_movimento_de_massa,AM,SP,0.15581391165909672
Total,tipo_movimento_de_massa,AM,TO,-0.26271245567806384
Total,tipo_movimento_de_massa,AP,BA,-0.15240748797992784
Total,tipo_movimento_de_massa,AP,CE,-0.1049755740754167
Total,tipo_movimento_de_massa,AP,DF,-0.06346093902607795
Total,tipo_movimento_de_massa,AP,ES,-0.1416147111770282
Total,tipo_movimento_de_massa,AP,GO,-0.1408491831605537
Total,tipo_movimento_de_massa,AP,MA,-0.08350162354007949
Total,tipo_movimento_de_massa,AP,MG,0.09325640589928375
Total,tipo_movimento_de_massa,AP,MS,0.0031085695024450286
Total,tipo_movimento_de_massa,AP,MT,-0.054330207682160236
Total,tipo_movimento_de_massa,AP,PA,0.07364248306175634
Total,tipo_movimento_de_massa,AP,PB,-0.13249723900102195
Total,tipo_movimento_de_massa,AP,PE,-0.10731336538732995
Total,tipo_movimento_de_massa,AP,PI,-0.1918977096194204
Total,tipo_movimento_de_massa,AP,PR,-0.06764338481073028
Total,tipo_movimento_de_massa,AP,RJ,-0.018961176361516344
Total,tipo_movimento_de_massa,AP,RN,-0.15435652399871228
Total,tipo_movimento_de_massa,AP,RO,-0.1264147352501668
Total,tipo_movimento_de_massa,AP,RR,-0.026102335144762262
Total,tipo_movimento_de_massa,AP,RS,-0.19422885445658886
Total,tipo_movimento_de_massa,AP,SC,-0.07873412820917103
Total,tipo_movimento_de_massa,AP,SE,-0.21277858289835183
Total,tipo_movimento_de_massa,AP,SP,-0.133868058458084
Total,tipo_movimento_de_massa,AP,TO,0.05416198665643048
Total,tipo_movimento_de_massa,BA,CE,0.4971716572846223
Total,tipo_movimento_de_massa,BA,DF,0.007272930103263005
Total,tipo_movimento_de_massa,BA,ES,0.101679709022789
Total,tipo_movimento_de_massa,BA,GO,-0.15569971951892203
Total,tipo_movimento_de_massa,BA,MA,-0.0362750760290391
Total,tipo_movimento_de_massa,BA,MG,-0.22205763541827933
Total,tipo_movimento_de_massa,BA,MS,-0.2820553751344885
Total,tipo_movimento_de_massa,BA,MT,-0.3233908274591022
Total,tipo_movimento_de_massa,BA,PA,0.15834777262324914
Total,tipo_movimento_de_massa,BA,PB,0.32501596374965913
Total,tipo_movimento_de_massa,BA,PE,0.44008310683165314
Total,tipo_movimento_de_massa,BA,PI,0.22304481911181392
Total,tipo_movimento_de_massa,BA,PR,-0.30819245432884457
Total,tipo_movimento_de_massa,BA,RJ,0.38947943917944405
Total,tipo_movimento_de_massa,BA,RN,0.4225277646738574
Total,tipo_movimento_de_massa,BA,RO,-0.2972565235464249
Total,tipo_movimento_de_massa,BA,RR,-0.2644279404508686
Total,tipo_movimento_de_massa,BA,RS,-0.27255512169614815
Total,tipo_movimento_de_massa,BA,SC,-0.24624225654811185
Total,tipo_movimento_de_massa,BA,SE,0.2549620395862427
Total,tipo_movimento_de_massa,BA,SP,-0.031709808966302905
Total,tipo_movimento_de_massa,BA,TO,-0.38778990767764365
Total,tipo_movimento_de_massa,CE,DF,-0.04584857868786467
Total,tipo_movimento_de_massa,CE,ES,0.16266664063905847
Total,tipo_movimento_de_massa,CE,GO,-0.34732674615442577
Total,tipo_movimento_de_massa,CE,MA,0.02179315270639553
Total,tipo_movimento_de_massa,CE,MG,-0.2669126743294004
Total,tipo_movimento_de_massa,CE,MS,-0.43010959176247043
Total,tipo_movimento_de_massa,CE,MT,-0.378873332594961
Total,tipo_movimento_de_massa,CE,PA,0.19633032419746155
Total,tipo_movimento_de_massa,CE,PB,0.49011324437729714
Total,tipo_movimento_de_massa,CE,PE,0.678222409123298
Total,tipo_movimento_de_massa,CE,PI,0.3770542640577026
Total,tipo_movimento_de_massa,CE,PR,-0.420521155148885
Total,tipo_movimento_de_massa,CE,RJ,0.36550848708921524
Total,tipo_movimento_de_massa,CE,RN,0.3531087647827971
Total,tipo_movimento_de_massa,CE,RO,-0.31107826991407944
Total,tipo_movimento_de_massa,CE,RR,-0.27280707559792045
Total,tipo_movimento_de_massa,CE,RS,-0.375627428284416
Total,tipo_movimento_de_massa,CE,SC,-0.34671053355984005
Total,tipo_movimento_de_massa,CE,SE,0.20302640761354496
Total,tipo_movimento_de_massa,CE,SP,-0.02812782995185703
Total,tipo_movimento_de_massa,CE,TO,-0.38320790071114796
Total,tipo_movimento_de_massa,DF,ES,0.08420619305597643
Total,tipo_movimento_de_massa,DF,GO,0.08923367694159304
Total,tipo_movimento_de_massa,DF,MA,-0.2581738551048813
Total,tipo_movimento_de_massa,DF,MG,0.43784839592593333
Total,tipo_movimento_de_massa,DF,MS,0.08451875082172258
Total,tipo_movimento_de_massa,DF,MT,-0.0368184267094885
Total,tipo_movimento_de_massa,DF,PA,-0.06582421847745205
Total,tipo_movimento_de_massa,DF,PB,0.15460230433436423
Total,tipo_movimento_de_massa,DF,PE,-0.0281435354030829
Total,tipo_movimento_de_massa,DF,PI,-0.12501470005410215
Total,tipo_movimento_de_massa,DF,PR,0.3511345658074853
Total,tipo_movimento_de_massa,DF,RJ,0.18723312294502278
Total,tipo_movimento_de_massa,DF,RN,-0.005073979285323132
Total,tipo_movimento_de_massa,DF,RO,0.10290854326624486
Total,tipo_movimento_de_massa,DF,RR,-0.27912065348909443
Total,tipo_movimento_de_massa,DF,RS,0.3212159059814881
Total,tipo_movimento_de_massa,DF,SC,0.4448067743553794
Total,tipo_movimento_de_massa,DF,SE,-0.05403018582788631
Total,tipo_movimento_de_massa,DF,SP,0.4167528181691308
Total,tipo_movimento_de_massa,DF,TO,-0.08337537127872702
Total,tipo_movimento_de_massa,ES,GO,-0.027415574279960518
Total,tipo_movimento_de_massa,ES,MA,0.0871873709648806
Total,tipo_movimento_de_massa,ES,MG,0.21578408037455915
Total,tipo_movimento_de_massa,ES,MS,-0.16228610100030247
Total,tipo_movimento_de_massa,ES,MT,-0.14881012348990344
Total,tipo_movimento_de_massa,ES,PA,0.0031448123189179457
Total,tipo_movimento_de_massa,ES,PB,0.11054597574087918
Total,tipo_movimento_de_massa,ES,PE,0.028734312544561238
Total,tipo_movimento_de_massa,ES,PI,0.06438640979873111
Total,tipo_movimento_de_massa,ES,PR,0.009054796729648746
Total,tipo_movimento_de_massa,ES,RJ,0.14371269805980502
Total,tipo_movimento_de_massa,ES,RN,0.250608655770917
Total,tipo_movimento_de_massa,ES,RO,-0.17780229652543733
Total,tipo_movimento_de_massa,ES,RR,-0.33156598700448153
Total,tipo_movimento_de_massa,ES,RS,0.0583171366967545
Total,tipo_movimento_de_massa,ES,SC,0.09424093880782228
Total,tipo_movimento_de_massa,ES,SE,0.08394080873552032
Total,tipo_movimento_de_massa,ES,SP,0.21828945059963667
Total,tipo_movimento_de_massa,ES,TO,0.030994059124558174
Total,tipo_movimento_de_massa,GO,MA,0.06861973638197477
Total,tipo_movimento_de_massa,GO,MG,0.30051910241926505
Total,tipo_movimento_de_massa,GO,MS,0.5830706775041415
Total,tipo_movimento_de_massa,GO,MT,0.3869186213670011
Total,tipo_movimento_de_massa,GO,PA,0.001714005157225194
Total,tipo_movimento_de_massa,GO,PB,-0.2171065418813035
Total,tipo_movimento_de_massa,GO,PE,-0.41004964429136337
Total,tipo_movimento_de_massa,GO,PI,-0.07599619088282215
Total,tipo_movimento_de_massa,GO,PR,0.4342417815334475
Total,tipo_movimento_de_massa,GO,RJ,-0.1463884367887459
Total,tipo_movimento_de_massa,GO,RN,-0.022296517625531705
Total,tipo_movimento_de_massa,GO,RO,0.045746092131267645
Total,tipo_movimento_de_massa,GO,RR,-0.2738311554798281
Total,tipo_movimento_de_massa,GO,RS,0.13598800567701316
Total,tipo_movimento_de_massa,GO,SC,0.09617465146549163
Total,tipo_movimento_de_massa,GO,SE,0.011469101613844278
Total,tipo_movimento_de_massa,GO,SP,0.0204445865363631
Total,tipo_movimento_de_massa,GO,TO,0.3177662597525274
Total,tipo_movimento_de_massa,MA,MG,-0.13738262676086302
Total,tipo_movimento_de_massa,MA,MS,-0.11381797099449907
Total,tipo_movimento_de_massa,MA,MT,0.04671901068444799
Total,tipo_movimento_de_massa,MA,PA,0.06515942445933712
Total,tipo_movimento_de_massa,MA,PB,0.014032768535386798
Total,tipo_movimento_de_massa,MA,PE,-0.030156082033201245
Total,tipo_movimento_de_massa,MA,PI,0.4380274937673273
Total,tipo_movimento_de_massa,MA,PR,-0.16040858262674443
Total,tipo_movimento_de_massa,MA,RJ,-0.12256010148591995
Total,tipo_movimento_de_massa,MA,RN,0.06065504165208652
Total,tipo_movimento_de_massa,MA,RO,-0.046520394010756
Total,tipo_movimento_de_massa,MA,RR,-0.20146757107165955
Total,tipo_movimento_de_massa,MA,RS,-0.08281681060393642
Total,tipo_movimento_de_massa,MA,SC,-0.21078021157067722
Total,tipo_movimento_de_massa,MA,SE,0.02060072751798702
Total,tipo_movimento_de_massa,MA,SP,-0.363747090424479
Total,tipo_movimento_de_massa,MA,TO,0.20378728470357954
Total,tipo_movimento_de_massa,MG,MS,0.2355576523411755
Total,tipo_movimento_de_massa,MG,MT,0.16963309669235976
Total,tipo_movimento_de_massa,MG,PA,0.047689092099607235
Total,tipo_movimento_de_massa,MG,PB,-0.14699643316596125
Total,tipo_movimento_de_massa,MG,PE,-0.27376901364675466
Total,tipo_movimento_de_massa,MG,PI,-0.23918154627255486
Total,tipo_movimento_de_massa,MG,PR,0.5554936753764166
Total,tipo_movimento_de_massa,MG,RJ,0.10832840615855886
Total,tipo_movimento_de_massa,MG,RN,-0.15045730486774372
Total,tipo_movimento_de_massa,MG,RO,0.26215717681453254
Total,tipo_movimento_de_massa,MG,RR,-0.3971027512539225
Total,tipo_movimento_de_massa,MG,RS,0.28910838010759454
Total,tipo_movimento_de_massa,MG,SC,0.5431194756011151
Total,tipo_movimento_de_massa,MG,SE,-0.1713903959743052
Total,tipo_movimento_de_massa,MG,SP,0.534044427729175
Total,tipo_movimento_de_massa,MG,TO,0.15648692244001722
Total,tipo_movimento_de_massa,MS,MT,0.36911088384854535
Total,tipo_movimento_de_massa,MS,PA,-0.03642644400038359
Total,tipo_movimento_de_massa,MS,PB,-0.3190846529977834
Total,tipo_movimento_de_massa,MS,PE,-0.4065378832974756
Total,tipo_movimento_de_massa,MS,PI,-0.2965987443964688
Total,tipo_movimento_de_massa,MS,PR,0.5403819474110668
Total,tipo_movimento_de_massa,MS,RJ,-0.2863642562061519
Total,tipo_movimento_de_massa,MS,RN,-0.3159541568514774
Total,tipo_movimento_de_massa,MS,RO,0.21665103653585852
Total,tipo_movimento_de_massa,MS,RR,-0.1583007737339406
Total,tipo_movimento_de_massa,MS,RS,0.24115637884091976
Total,tipo_movimento_de_massa,MS,SC,0.23048991869355984
Total,tipo_movimento_de_massa,MS,SE,-0.2085973467150074
Total,tipo_movimento_de_massa,MS,SP,0.09151019258032464
Total,tipo_movimento_de_massa,MS,TO,0.3455688577097797
Total,tipo_movimento_de_massa,MT,PA,-0.12247752474231532
Total,tipo_movimento_de_massa,MT,PB,-0.3644712211236833
Total,tipo_movimento_de_massa,MT,PE,-0.36725210660793123
Total,tipo_movimento_de_massa,MT,PI,-0.2879645045492438
Total,tipo_movimento_de_massa,MT,PR,0.33423436261002926
Total,tipo_movimento_de_massa,MT,RJ,-0.26737446925363184
Total,tipo_movimento_de_massa,MT,RN,-0.21767970182062962
Total,tipo_movimento_de_massa,MT,RO,0.15093649446299573
Total,tipo_movimento_de_massa,MT,RR,-0.11965948091741162
Total,tipo_movimento_de_massa,MT,RS,0.1986495756961641
Total,tipo_movimento_de_massa,MT,SC,0.1515138227005723
Total,tipo_movimento_de_massa,MT,SE,-0.005594834605254168
Total,tipo_movimento_de_massa,MT,SP,-0.1013517513789377
Total,tipo_movimento_de_massa,MT,TO,0.32162260491636996
Total,tipo_movimento_de_massa,PA,PB,0.0755486245312635
Total,tipo_movimento_de_massa,PA,PE,0.12307377184671651
Total,tipo_movimento_de_massa,PA,PI,-0.012231383916687724
Total,tipo_movimento_de_massa,PA,PR,-0.09261720268176789
Total,tipo_movimento_de_massa,PA,RJ,0.05414237384524252
Total,tipo_movimento_de_massa,PA,RN,-0.036242398261012984
Total,tipo_movimento_de_massa,PA,RO,0.08191699182444769
Total,tipo_movimento_de_massa,PA,RR,-0.3217774283113431
Total,tipo_movimento_de_massa,PA,RS,-0.15787084693426542
Total,tipo_movimento_de_massa,PA,SC,-0.04614614426069154
Total,tipo_movimento_de_massa,PA,SE,-0.045359976044272755
Total,tipo_movimento_de_massa,PA,SP,0.09915393031500788
Total,tipo_movimento_de_massa,PA,TO,-0.05949969968562896
Total,tipo_movimento_de_massa,PB,PE,0.46595986891455266
Total,tipo_movimento_de_massa,PB,PI,0.44610169694866486
Total,tipo_movimento_de_massa,PB,PR,-0.15902624075265437
Total,tipo_movimento_de_massa,PB,RJ,0.16621956928362694
Total,tipo_movimento_de_massa,PB,RN,0.3384599288958668
Total,tipo_movimento_de_massa,PB,RO,-0.19622767264677685
Total,tipo_movimento_de_massa,PB,RR,-0.22797151088799783
Total,tipo_movimento_de_massa,PB,RS,-0.22380217186630935
Total,tipo_movimento_de_massa,PB,SC,-0.14587181647457237
Total,tipo_movimento_de_massa,PB,SE,0.13515129141631646
Total,tipo_movimento_de_massa,PB,SP,0.04500236788185253
Total,tipo_movimento_de_massa,PB,TO,-0.37242835599447194
Total,tipo_movimento_de_massa,PE,PI,0.2642750252914923
Total,tipo_movimento_de_massa,PE,PR,-0.32444645373625286
Total,tipo_movimento_de_massa,PE,RJ,0.43684536636718335
Total,tipo_movimento_de_massa,PE,RN,0.1696340734966685
Total,tipo_movimento_de_massa,PE,RO,-0.2849780958330958
Total,tipo_movimento_de_massa,PE,RR,-0.1673293745084553
Total,tipo_movimento_de_massa,PE,RS,-0.2819157183704424
Total,tipo_movimento_de_massa,PE,SC,-0.23699079030915754
Total,tipo_movimento_de_massa,PE,SE,0.1866503335089965
Total,tipo_movimento_de_massa,PE,SP,-0.0033851914658274396
Total,tipo_movimento_de_massa,PE,TO,-0.43211961976465935
Total,tipo_movimento_de_massa,PI,PR,-0.3480393611386971
Total,tipo_movimento_de_massa,PI,RJ,-0.0399039498393396
Total,tipo_movimento_de_massa,PI,RN,0.2388466264827414
Total,tipo_movimento_de_massa,PI,RO,-0.3184276918167681
Total,tipo_movimento_de_massa,PI,RR,-0.11500302277319771
Total,tipo_movimento_de_massa,PI,RS,-0.17052396257739263
Total,tipo_movimento_de_massa,PI,SC,-0.36285328982178633
Total,tipo_movimento_de_massa,PI,SE,0.14499374478648766
Total,tipo_movimento_de_massa,PI,SP,-0.3048301254512157
Total,tipo_movimento_de_massa,PI,TO,-0.16066663664355751
Total,tipo_movimento_de_massa,PR,RJ,-0.040212921671049034
Total,tipo_movimento_de_massa,PR,RN,-0.2077352394638549
Total,tipo_movimento_de_massa,PR,RO,0.3250992404131913
Total,tipo_movimento_de_massa,PR,RR,-0.3487743564046482
Total,tipo_movimento_de_massa,PR,RS,0.5764458889793956
Total,tipo_movimento_de_massa,PR,SC,0.665301012102277
Total,tipo_movimento_de_massa,PR,SE,-0.12313915652924397
Total,tipo_movimento_de_massa,PR,SP,0.4634024946948279
Total,tipo_movimento_de_massa,PR,TO,0.23009609130369382
Total,tipo_movimento_de_massa,RJ,RN,0.20177265900555777
Total,tipo_movimento_de_massa,RJ,RO,-0.22445678105331957
Total,tipo_movimento_de_massa,RJ,RR,-0.29398974867871
Total,tipo_movimento_de_massa,RJ,RS,-0.19294970238795614
Total,tipo_movimento_de_massa,RJ,SC,0.023673411761945193
Total,tipo_movimento_de_massa,RJ,SE,0.009762761890031668
Total,tipo_movimento_de_massa,RJ,SP,0.25058993471790486
Total,tipo_movimento_de_massa,RJ,TO,-0.22296620294491998
Total,tipo_movimento_de_massa,RN,RO,-0.30638295881631633
Total,tipo_movimento_de_massa,RN,RR,-0.2409881647803091
Total,tipo_movimento_de_massa,RN,RS,-0.1638519802951712
Total,tipo_movimento_de_massa,RN,SC,-0.2566884904378473
Total,tipo_movimento_de_massa,RN,SE,0.3187733024871826
Total,tipo_movimento_de_massa,RN,SP,-0.06366986536672609
Total,tipo_movimento_de_massa,RN,TO,-0.13445230088913598
Total,tipo_movimento_de_massa,RO,RR,-0.03848312083658797
Total,tipo_movimento_de_massa,RO,RS,0.33366427182997643
Total,tipo_movimento_de_massa,RO,SC,0.5005525611957775
Total,tipo_movimento_de_massa,RO,SE,-0.2668138547418906
Total,tipo_movimento_de_massa,RO,SP,0.33126149483305706
Total,tipo_movimento_de_massa,RO,TO,0.13344141114413077
Total,tipo_movimento_de_massa,RR,RS,-0.09703774517835732
Total,tipo_movimento_de_massa,RR,SC,-0.25167153884524535
Total,tipo_movimento_de_massa,RR,SE,-0.12256045378316181
Total,tipo_movimento_de_massa,RR,SP,-0.288031661561215
Total,tipo_movimento_de_massa,RR,TO,-0.13348251721883664
Total,tipo_movimento_de_massa,RS,SC,0.6327783721384336
Total,tipo_movimento_de_massa,RS,SE,-0.1454237323659384
Total,tipo_movimento_de_massa,RS,SP,0.24562787377140058
Total,tipo_movimento_de_massa,RS,TO,0.21939605327691794
Total,tipo_movimento_de_massa,SC,SE,-0.2467950931347532
Total,tipo_movimento_de_massa,SC,SP,0.5982643078221642
Total,tipo_movimento_de_massa,SC,TO,0.0060155103621776385
Total,tipo_movimento_de_massa,SE,SP,-0.17808996121040513
Total,tipo_movimento_de_massa,SE,TO,-0.25568389465669766
Total,tipo_movimento_de_massa,SP,TO,-0.18109606454393615
Total,tipo_onda_de_calor_e_baixa_umidade,AC,AL,-0.1189092694898095
Total,tipo_onda_de_calor_e_baixa_umidade,AC,AM,0.20430039080117207
Total,tipo_onda_de_calor_e_baixa_umidade,AC,AP,-0.011148432857390445
Total,tipo_onda_de_calor_e_baixa_umidade,AC,BA,-0.014175119435076343
Total,tipo_onda_de_calor_e_baixa_umidade,AC,CE,-0.05173873643294261
Total,tipo_onda_de_calor_e_baixa_umidade,AC,DF,-0.18348759559193223
Total,tipo_onda_de_calor_e_baixa_umidade,AC,ES,-0.022096783328857988
Total,tipo_onda_de_calor_e_baixa_umidade,AC,GO,-0.2044646469022517
Total,tipo_onda_de_calor_e_baixa_umidade,AC,MA,-0.06261806026071283
Total,tipo_onda_de_calor_e_baixa_umidade,AC,MG,-0.03433604387499303
Total,tipo_onda_de_calor_e_baixa_umidade,AC,MS,-0.06680894194635255
Total,tipo_onda_de_calor_e_baixa_umidade,AC,MT,-0.09727782452250065
Total,tipo_onda_de_calor_e_baixa_umidade,AC,PA,0.1996244145605114
Total,tipo_onda_de_calor_e_baixa_umidade,AC,PB,-0.1672206070957419
Total,tipo_onda_de_calor_e_baixa_umidade,AC,PE,-0.018618896038436805
Total,tipo_onda_de_calor_e_baixa_umidade,AC,PI,-0.0824106691452776
Total,tipo_onda_de_calor_e_baixa_umidade,AC,PR,-0.13137751374953122
Total,tipo_onda_de_calor_e_baixa_umidade,AC,RJ,-0.09216820034138233
Total,tipo_onda_de_calor_e_baixa_umidade,AC,RN,-0.29268601423772916
Total,tipo_onda_de_calor_e_baixa_umidade,AC,RO,0.26814877775405926
Total,tipo_onda_de_calor_e_baixa_umidade,AC,RR,0.014016866264606728
Total,tipo_onda_de_calor_e_baixa_umidade,AC,RS,-0.12714796082462893
Total,tipo_onda_de_calor_e_baixa_umidade,AC,SC,0.133705617363586
Total,tipo_onda_de_calor_e_baixa_umidade,AC,SE,-0.07945009122905286
Total,tipo_onda_de_calor_e_baixa_umidade,AC,SP,0.09937808247145263
Total,tipo_onda_de_calor_e_baixa_umidade,AC,TO,-0.10445485923200952
Total,tipo_onda_de_calor_e_baixa_umidade,AL,AM,0.0458624920660456
Total,tipo_onda_de_calor_e_baixa_umidade,AL,AP,-0.13054274077608888
Total,tipo_onda_de_calor_e_baixa_umidade,AL,BA,0.49074412044508064
Total,tipo_onda_de_calor_e_baixa_umidade,AL,CE,0.4991566210997975
Total,tipo_onda_de_calor_e_baixa_umidade,AL,DF,-0.1371700572493215
Total,tipo_onda_de_calor_e_baixa_umidade,AL,ES,0.042304070966653576
Total,tipo_onda_de_calor_e_baixa_umidade,AL,GO,-0.22079164040175023
Total,tipo_onda_de_calor_e_baixa_umidade,AL,MA,0.1419044244497262
Total,tipo_onda_de_calor_e_baixa_umidade,AL,MG,-0.35252200590717375
Total,tipo_onda_de_calor_e_baixa_umidade,AL,MS,-0.2590783465158769
Total,tipo_onda_de_calor_e_baixa_umidade,AL,MT,-0.22930011838010556
Total,tipo_onda_de_calor_e_baixa_umidade,AL,PA,0.19730889481605504
Total,tipo_onda_de_calor_e_baixa_umidade,AL,PB,0.4958945877909247
Total,tipo_onda_de_calor_e_baixa_umidade,AL,PE,0.5158169753460725
Total,tipo_onda_de_calor_e_baixa_umidade,AL,PI,0.35785519482724276
Total,tipo_onda_de_calor_e_baixa_umidade,AL,PR,-0.31599901867270125
Total,tipo_onda_de_calor_e_baixa_umidade,AL,RJ,0.1684629966671555
Total,tipo_onda_de_calor_e_baixa_umidade,AL,RN,0.34477510551274926
Total,tipo_onda_de_calor_e_baixa_umidade,AL,RO,-0.3246013682512707
Total,tipo_onda_de_calor_e_baixa_umidade,AL,RR,-0.2258922540202947
Total,tipo_onda_de_calor_e_baixa_umidade,AL,RS,-0.31665786161160664
Total,tipo_onda_de_calor_e_baixa_umidade,AL,SC,-0.415735193917752
Total,tipo_onda_de_calor_e_baixa_umidade,AL,SE,0.26983402231714615
Total,tipo_onda_de_calor_e_baixa_umidade,AL,SP,-0.2025580589074201
Total,tipo_onda_de_calor_e_baixa_umidade,AL,TO,-0.32755805820734085
Total,tipo_onda_de_calor_e_baixa_umidade,AM,AP,-0.002695970717287847
Total,tipo_onda_de_calor_e_baixa_umidade,AM,BA,0.2818152813191122
Total,tipo_onda_de_calor_e_baixa_umidade,AM,CE,0.3660532707154398
Total,tipo_onda_de_calor_e_baixa_umidade,AM,DF,-0.04756867028343954
Total,tipo_onda_de_calor_e_baixa_umidade,AM,ES,0.0685712570171127
Total,tipo_onda_de_calor_e_baixa_umidade,AM,GO,-0.24500601995589588
Total,tipo_onda_de_calor_e_baixa_umidade,AM,MA,-0.14734647219935973
Total,tipo_onda_de_calor_e_baixa_umidade,AM,MG,-0.1601789901103601
Total,tipo_onda_de_calor_e_baixa_umidade,AM,MS,-0.15398338675299436
Total,tipo_onda_de_calor_e_baixa_umidade,AM,MT,-0.3342693040189527
Total,tipo_onda_de_calor_e_baixa_umidade,AM,PA,0.12371081135426978
Total,tipo_onda_de_calor_e_baixa_umidade,AM,PB,0.026851049532831253
Total,tipo_onda_de_calor_e_baixa_umidade,AM,PE,0.2589759618342756
Total,tipo_onda_de_calor_e_baixa_umidade,AM,PI,-0.025884317177901968
Total,tipo_onda_de_calor_e_baixa_umidade,AM,PR,-0.2533410512945549
Total,tipo_onda_de_calor_e_baixa_umidade,AM,RJ,0.2825554267640116
Total,tipo_onda_de_calor_e_baixa_umidade,AM,RN,-0.02747208977764616
Total,tipo_onda_de_calor_e_baixa_umidade,AM,RO,-0.16768437857537755
Total,tipo_onda_de_calor_e_baixa_umidade,AM,RR,-0.12719288884273294
Total,tipo_onda_de_calor_e_baixa_umidade,AM,RS,-0.2833346441007348
Total,tipo_onda_de_calor_e_baixa_umidade,AM,SC,-0.07214508835310632
Total,tipo_onda_de_calor_e_baixa_umidade,AM,SE,0.1145435568616007
Total,tipo_onda_de_calor_e_baixa_umidade,AM,SP,0.15391945439654356
Total,tipo_onda_de_calor_e_baixa_umidade,AM,TO,-0.26173893347338906
Total,tipo_onda_de_calor_e_baixa_umidade,AP,BA,-0.15424206182509534
Total,tipo_onda_de_calor_e_baixa_umidade,AP,CE,-0.10656572352489668
Total,tipo_onda_de_calor_e_baixa_umidade,AP,DF,-0.06399299878208461
Total,tipo_onda_de_calor_e_baixa_umidade,AP,ES,-0.14090946262129092
Total,tipo_onda_de_calor_e_baixa_umidade,AP,GO,-0.14084520450021212
Total,tipo_onda_de_calor_e_baixa_umidade,AP,MA,-0.08131122471214995
Total,tipo_onda_de_calor_e_baixa_umidade,AP,MG,0.09307677602469656
Total,tipo_onda_de_calor_e_baixa_umidade,AP,MS,0.011944069547940523
Total,tipo_onda_de_calor_e_baixa_umidade,AP,MT,-0.056079955114803376
Total,tipo_onda_de_calor_e_baixa_umidade,AP,PA,0.07421519394228637
Total,tipo_onda_de_calor_e_baixa_umidade,AP,PB,-0.13380996943932746
Total,tipo_onda_de_calor_e_baixa_umidade,AP,PE,-0.10853266463107195
Total,tipo_onda_de_calor_e_baixa_umidade,AP,PI,-0.19239636691351059
Total,tipo_onda_de_calor_e_baixa_umidade,AP,PR,-0.06729286974500094
Total,tipo_onda_de_calor_e_baixa_umidade,AP,RJ,-0.021266109494769724
Total,tipo_onda_de_calor_e_baixa_umidade,AP,RN,-0.15639132069702716
Total,tipo_onda_de_calor_e_baixa_umidade,AP,RO,-0.1252201894743682
Total,tipo_onda_de_calor_e_baixa_umidade,AP,RR,-0.026280416906729574
Total,tipo_onda_de_calor_e_baixa_umidade,AP,RS,-0.19379412673573096
Total,tipo_onda_de_calor_e_baixa_umidade,AP,SC,-0.07776987180144097
Total,tipo_onda_de_calor_e_baixa_umidade,AP,SE,-0.21403380136608455
Total,tipo_onda_de_calor_e_baixa_umidade,AP,SP,-0.1349192845478457
Total,tipo_onda_de_calor_e_baixa_umidade,AP,TO,0.055020178343114276
Total,tipo_onda_de_calor_e_baixa_umidade,BA,CE,0.4945851059488863
Total,tipo_onda_de_calor_e_baixa_umidade,BA,DF,0.0043107262591021815
Total,tipo_onda_de_calor_e_baixa_umidade,BA,ES,0.09711807199378397
Total,tipo_onda_de_calor_e_baixa_umidade,BA,GO,-0.15592373824986627
Total,tipo_onda_de_calor_e_baixa_umidade,BA,MA,-0.03190063604512488
Total,tipo_onda_de_calor_e_baixa_umidade,BA,MG,-0.22491532946304302
Total,tipo_onda_de_calor_e_baixa_umidade,BA,MS,-0.2453179837637905
Total,tipo_onda_de_calor_e_baixa_umidade,BA,MT,-0.3202956096431655
Total,tipo_onda_de_calor_e_baixa_umidade,BA,PA,0.15790671231393213
Total,tipo_onda_de_calor_e_baixa_umidade,BA,PB,0.3223075583949656
Total,tipo_onda_de_calor_e_baixa_umidade,BA,PE,0.4394062826739336
Total,tipo_onda_de_calor_e_baixa_umidade,BA,PI,0.22143493838416412
Total,tipo_onda_de_calor_e_baixa_umidade,BA,PR,-0.3092710646230957
Total,tipo_onda_de_calor_e_baixa_umidade,BA,RJ,0.3865167256566849
Total,tipo_onda_de_calor_e_baixa_umidade,BA,RN,0.4192700441254054
Total,tipo_onda_de_calor_e_baixa_umidade,BA,RO,-0.29560287965619975
Total,tipo_onda_de_calor_e_baixa_umidade,BA,RR,-0.2659781603661836
Total,tipo_onda_de_calor_e_baixa_umidade,BA,RS,-0.2748035079223398
Total,tipo_onda_de_calor_e_baixa_umidade,BA,SC,-0.24850386100183952
Total,tipo_onda_de_calor_e_baixa_umidade,BA,SE,0.25221616988063034
Total,tipo_onda_de_calor_e_baixa_umidade,BA,SP,-0.03572873070173186
Total,tipo_onda_de_calor_e_baixa_umidade,BA,TO,-0.38639584054887377
Total,tipo_onda_de_calor_e_baixa_umidade,CE,DF,-0.04922702864174518
Total,tipo_onda_de_calor_e_baixa_umidade,CE,ES,0.16085978336081452
Total,tipo_onda_de_calor_e_baixa_umidade,CE,GO,-0.3489138070975014
Total,tipo_onda_de_calor_e_baixa_umidade,CE,MA,0.02505519421887936
Total,tipo_onda_de_calor_e_baixa_umidade,CE,MG,-0.2705161033486289
Total,tipo_onda_de_calor_e_baixa_umidade,CE,MS,-0.4041561735937257
Total,tipo_onda_de_calor_e_baixa_umidade,CE,MT,-0.3675937057668371
Total,tipo_onda_de_calor_e_baixa_umidade,CE,PA,0.19615888875416385
Total,tipo_onda_de_calor_e_baixa_umidade,CE,PB,0.48802017383310414
Total,tipo_onda_de_calor_e_baixa_umidade,CE,PE,0.6755452571357902
Total,tipo_onda_de_calor_e_baixa_umidade,CE,PI,0.3759404791198227
Total,tipo_onda_de_calor_e_baixa_umidade,CE,PR,-0.4225639697308848
Total,tipo_onda_de_calor_e_baixa_umidade,CE,RJ,0.3635348376383792
Total,tipo_onda_de_calor_e_baixa_umidade,CE,RN,0.3499444868212006
Total,tipo_onda_de_calor_e_baixa_umidade,CE,RO,-0.3104076991098042
Total,tipo_onda_de_calor_e_baixa_umidade,CE,RR,-0.2742429872111579
Total,tipo_onda_de_calor_e_baixa_umidade,CE,RS,-0.3785081046216992
Total,tipo_onda_de_calor_e_baixa_umidade,CE,SC,-0.3480003323883473
Total,tipo_onda_de_calor_e_baixa_umidade,CE,SE,0.19993566723900322
Total,tipo_onda_de_calor_e_baixa_umidade,CE,SP,-0.03201027260914704
Total,tipo_onda_de_calor_e_baixa_umidade,CE,TO,-0.3825401303312445
Total,tipo_onda_de_calor_e_baixa_umidade,DF,ES,0.08172283137241808
Total,tipo_onda_de_calor_e_baixa_umidade,DF,GO,0.09074752918661884
Total,tipo_onda_de_calor_e_baixa_umidade,DF,MA,-0.2519607448565156
Total,tipo_onda_de_calor_e_baixa_umidade,DF,MG,0.44049164637094723
Total,tipo_onda_de_calor_e_baixa_umidade,DF,MS,0.09890104713012454
Total,tipo_onda_de_calor_e_baixa_umidade,DF,MT,-0.040210603416047375
Total,tipo_onda_de_calor_e_baixa_umidade,DF,PA,-0.06522775313782855
Total,tipo_onda_de_calor_e_baixa_umidade,DF,PB,0.15261853349641827
Total,tipo_onda_de_calor_e_baixa_umidade,DF,PE,-0.030034378523781144
Total,tipo_onda_de_calor_e_baixa_umidade,DF,PI,-0.12577874792064594
Total,tipo_onda_de_calor_e_baixa_umidade,DF,PR,0.35194899557104126
Total,tipo_onda_de_calor_e_baixa_umidade,DF,RJ,0.18655344295651569
Total,tipo_onda_de_calor_e_baixa_umidade,DF,RN,-0.009298887116364037
Total,tipo_onda_de_calor_e_baixa_umidade,DF,RO,0.10562584194724689
Total,tipo_onda_de_calor_e_baixa_umidade,DF,RR,-0.2796114576984033
Total,tipo_onda_de_calor_e_baixa_umidade,DF,RS,0.32141881428018754
Total,tipo_onda_de_calor_e_baixa_umidade,DF,SC,0.44458940062677893
Total,tipo_onda_de_calor_e_baixa_umidade,DF,SE,-0.05591828489737116
Total,tipo_onda_de_calor_e_baixa_umidade,DF,SP,0.4140253291933737
Total,tipo_onda_de_calor_e_baixa_umidade,DF,TO,-0.08047007139124498
Total,tipo_onda_de_calor_e_baixa_umidade,ES,GO,-0.027506070046129236
Total,tipo_onda_de_calor_e_baixa_umidade,ES,MA,0.0869765081742734
Total,tipo_onda_de_calor_e_baixa_umidade,ES,MG,0.21531916182459954
Total,tipo_onda_de_calor_e_baixa_umidade,ES,MS,-0.15725133378289363
Total,tipo_onda_de_calor_e_baixa_umidade,ES,MT,-0.13741398097035076
Total,tipo_onda_de_calor_e_baixa_umidade,ES,PA,0.005034987393926938
Total,tipo_onda_de_calor_e_baixa_umidade,ES,PB,0.11004695671328506
Total,tipo_onda_de_calor_e_baixa_umidade,ES,PE,0.02800127672752972
Total,tipo_onda_de_calor_e_baixa_umidade,ES,PI,0.06459465071542742
Total,tipo_onda_de_calor_e_baixa_umidade,ES,PR,0.0047160059187219515
Total,tipo_onda_de_calor_e_baixa_umidade,ES,RJ,0.14199914640599443
Total,tipo_onda_de_calor_e_baixa_umidade,ES,RN,0.24804619611888304
Total,tipo_onda_de_calor_e_baixa_umidade,ES,RO,-0.17686462708720513
Total,tipo_onda_de_calor_e_baixa_umidade,ES,RR,-0.332570323043304
Total,tipo_onda_de_calor_e_baixa_umidade,ES,RS,0.05600610347622299
Total,tipo_onda_de_calor_e_baixa_umidade,ES,SC,0.09174745362434404
Total,tipo_onda_de_calor_e_baixa_umidade,ES,SE,0.08203716920263229
Total,tipo_onda_de_calor_e_baixa_umidade,ES,SP,0.21580331260733293
Total,tipo_onda_de_calor_e_baixa_umidade,ES,TO,0.03157989761226477
Total,tipo_onda_de_calor_e_baixa_umidade,GO,MA,0.07421210740269522
Total,tipo_onda_de_calor_e_baixa_umidade,GO,MG,0.3025049170310033
Total,tipo_onda_de_calor_e_baixa_umidade,GO,MS,0.5675183070102734
Total,tipo_onda_de_calor_e_baixa_umidade,GO,MT,0.3862198103293119
Total,tipo_onda_de_calor_e_baixa_umidade,GO,PA,0.003161832184985545
Total,tipo_onda_de_calor_e_baixa_umidade,GO,PB,-0.21707596055520034
Total,tipo_onda_de_calor_e_baixa_umidade,GO,PE,-0.408813271666806
Total,tipo_onda_de_calor_e_baixa_umidade,GO,PI,-0.07538932366475577
Total,tipo_onda_de_calor_e_baixa_umidade,GO,PR,0.4352383261093993
Total,tipo_onda_de_calor_e_baixa_umidade,GO,RJ,-0.14608617155846312
Total,tipo_onda_de_calor_e_baixa_umidade,GO,RN,-0.024505216714971856
Total,tipo_onda_de_calor_e_baixa_umidade,GO,RO,0.04849304295245712
Total,tipo_onda_de_calor_e_baixa_umidade,GO,RR,-0.2736582812506362
Total,tipo_onda_de_calor_e_baixa_umidade,GO,RS,0.13753002827906785
Total,tipo_onda_de_calor_e_baixa_umidade,GO,SC,0.09827830584882905
Total,tipo_onda_de_calor_e_baixa_umidade,GO,SE,0.011812145686958203
Total,tipo_onda_de_calor_e_baixa_umidade,GO,SP,0.019239826907514718
Total,tipo_onda_de_calor_e_baixa_umidade,GO,TO,0.3189941100431848
Total,tipo_onda_de_calor_e_baixa_umidade,MA,MG,-0.1308780450341401
Total,tipo_onda_de_calor_e_baixa_umidade,MA,MS,-0.16243483596048913
Total,tipo_onda_de_calor_e_baixa_umidade,MA,MT,0.024086488769959516
Total,tipo_onda_de_calor_e_baixa_umidade,MA,PA,0.07154203217975316
Total,tipo_onda_de_calor_e_baixa_umidade,MA,PB,0.017861781467726337
Total,tipo_onda_de_calor_e_baixa_umidade,MA,PE,-0.027663006480957843
Total,tipo_onda_de_calor_e_baixa_umidade,MA,PI,0.4400942421281637
Total,tipo_onda_de_calor_e_baixa_umidade,MA,PR,-0.15180872335691073
Total,tipo_onda_de_calor_e_baixa_umidade,MA,RJ,-0.12054624415558393
Total,tipo_onda_de_calor_e_baixa_umidade,MA,RN,0.06156964363495794
Total,tipo_onda_de_calor_e_baixa_umidade,MA,RO,-0.03969165605735345
Total,tipo_onda_de_calor_e_baixa_umidade,MA,RR,-0.20005480990477095
Total,tipo_onda_de_calor_e_baixa_umidade,MA,RS,-0.07667590319742036
Total,tipo_onda_de_calor_e_baixa_umidade,MA,SC,-0.20139380794563178
Total,tipo_onda_de_calor_e_baixa_umidade,MA,SE,0.024746572304642646
Total,tipo_onda_de_calor_e_baixa_umidade,MA,SP,-0.35637495658617635
Total,tipo_onda_de_calor_e_baixa_umidade,MA,TO,0.2073035878647338
Total,tipo_onda_de_calor_e_baixa_umidade,MG,MS,0.22431379708738952
Total,tipo_onda_de_calor_e_baixa_umidade,MG,MT,0.17919527644963532
Total,tipo_onda_de_calor_e_baixa_umidade,MG,PA,0.04718088765769475
Total,tipo_onda_de_calor_e_baixa_umidade,MG,PB,-0.14803141618522928
Total,tipo_onda_de_calor_e_baixa_umidade,MG,PE,-0.27451823089339433
Total,tipo_onda_de_calor_e_baixa_umidade,MG,PI,-0.2390078694262155
Total,tipo_onda_de_calor_e_baixa_umidade,MG,PR,0.5569247258645965
Total,tipo_onda_de_calor_e_baixa_umidade,MG,RJ,0.10773629542027323
Total,tipo_onda_de_calor_e_baixa_umidade,MG,RN,-0.15440191589745386
Total,tipo_onda_de_calor_e_baixa_umidade,MG,RO,0.2645915100587196
Total,tipo_onda_de_calor_e_baixa_umidade,MG,RR,-0.3981239394002048
Total,tipo_onda_de_calor_e_baixa_umidade,MG,RS,0.29061215721552386
Total,tipo_onda_de_calor_e_baixa_umidade,MG,SC,0.5433704067640344
Total,tipo_onda_de_calor_e_baixa_umidade,MG,SE,-0.17232669397795694
Total,tipo_onda_de_calor_e_baixa_umidade,MG,SP,0.5328041360960186
Total,tipo_onda_de_calor_e_baixa_umidade,MG,TO,0.15888038609501134
Total,tipo_onda_de_calor_e_baixa_umidade,MS,MT,0.33622875431209936
Total,tipo_onda_de_calor_e_baixa_umidade,MS,PA,-0.07637002333461056
Total,tipo_onda_de_calor_e_baixa_umidade,MS,PB,-0.3040327929615641
Total,tipo_onda_de_calor_e_baixa_umidade,MS,PE,-0.3868947088563139
Total,tipo_onda_de_calor_e_baixa_umidade,MS,PI,-0.29735672155684323
Total,tipo_onda_de_calor_e_baixa_umidade,MS,PR,0.518203293958207
Total,tipo_onda_de_calor_e_baixa_umidade,MS,RJ,-0.24593972485958399
Total,tipo_onda_de_calor_e_baixa_umidade,MS,RN,-0.26685156731012005
Total,tipo_onda_de_calor_e_baixa_umidade,MS,RO,0.166955528933847
Total,tipo_onda_de_calor_e_baixa_umidade,MS,RR,-0.1489200781204258
Total,tipo_onda_de_calor_e_baixa_umidade,MS,RS,0.23276148726620452
Total,tipo_onda_de_calor_e_baixa_umidade,MS,SC,0.2180940665061207
Total,tipo_onda_de_calor_e_baixa_umidade,MS,SE,-0.18806169879847884
Total,tipo_onda_de_calor_e_baixa_umidade,MS,SP,0.09953696740106574
Total,tipo_onda_de_calor_e_baixa_umidade,MS,TO,0.3007332690274073
Total,tipo_onda_de_calor_e_baixa_umidade,MT,PA,-0.11146823885557579
Total,tipo_onda_de_calor_e_baixa_umidade,MT,PB,-0.3576291336356253
Total,tipo_onda_de_calor_e_baixa_umidade,MT,PE,-0.36308866080560837
Total,tipo_onda_de_calor_e_baixa_umidade,MT,PI,-0.2844793446951947
Total,tipo_onda_de_calor_e_baixa_umidade,MT,PR,0.3344437799785369
Total,tipo_onda_de_calor_e_baixa_umidade,MT,RJ,-0.2658309898570244
Total,tipo_onda_de_calor_e_baixa_umidade,MT,RN,-0.20991937659571855
Total,tipo_onda_de_calor_e_baixa_umidade,MT,RO,0.15090543144353796
Total,tipo_onda_de_calor_e_baixa_umidade,MT,RR,-0.12190917010668152
Total,tipo_onda_de_calor_e_baixa_umidade,MT,RS,0.198466764939444
Total,tipo_onda_de_calor_e_baixa_umidade,MT,SC,0.14501927440269632
Total,tipo_onda_de_calor_e_baixa_umidade,MT,SE,-0.0013475360603041084
Total,tipo_onda_de_calor_e_baixa_umidade,MT,SP,-0.09090913138624676
Total,tipo_onda_de_calor_e_baixa_umidade,MT,TO,0.32301352298311353
Total,tipo_onda_de_calor_e_baixa_umidade,PA,PB,0.0768281059455931
Total,tipo_onda_de_calor_e_baixa_umidade,PA,PE,0.1221573712231185
Total,tipo_onda_de_calor_e_baixa_umidade,PA,PI,-0.01014168888287318
Total,tipo_onda_de_calor_e_baixa_umidade,PA,PR,-0.09101131915687627
Total,tipo_onda_de_calor_e_baixa_umidade,PA,RJ,0.052319863285087365
Total,tipo_onda_de_calor_e_baixa_umidade,PA,RN,-0.03826288142827869
Total,tipo_onda_de_calor_e_baixa_umidade,PA,RO,0.08498279509027523
Total,tipo_onda_de_calor_e_baixa_umidade,PA,RR,-0.321164229313555
Total,tipo_onda_de_calor_e_baixa_umidade,PA,RS,-0.15655160244632002
Total,tipo_onda_de_calor_e_baixa_umidade,PA,SC,-0.04088430908835691
Total,tipo_onda_de_calor_e_baixa_umidade,PA,SE,-0.04520931819568241
Total,tipo_onda_de_calor_e_baixa_umidade,PA,SP,0.0998762025099292
Total,tipo_onda_de_calor_e_baixa_umidade,PA,TO,-0.05724031494238982
Total,tipo_onda_de_calor_e_baixa_umidade,PB,PE,0.4633290552380061
Total,tipo_onda_de_calor_e_baixa_umidade,PB,PI,0.44530067499243414
Total,tipo_onda_de_calor_e_baixa_umidade,PB,PR,-0.15951967891960778
Total,tipo_onda_de_calor_e_baixa_umidade,PB,RJ,0.16445127535184606
Total,tipo_onda_de_calor_e_baixa_umidade,PB,RN,0.3352227181182579
Total,tipo_onda_de_calor_e_baixa_umidade,PB,RO,-0.19475785173221238
Total,tipo_onda_de_calor_e_baixa_umidade,PB,RR,-0.22897885950728666
Total,tipo_onda_de_calor_e_baixa_umidade,PB,RS,-0.22551465633336099
Total,tipo_onda_de_calor_e_baixa_umidade,PB,SC,-0.14578984492193137
Total,tipo_onda_de_calor_e_baixa_umidade,PB,SE,0.13243030338694717
Total,tipo_onda_de_calor_e_baixa_umidade,PB,SP,0.0418433751217001
Total,tipo_onda_de_calor_e_baixa_umidade,PB,TO,-0.3707220397381641
Total,tipo_onda_de_calor_e_baixa_umidade,PE,PI,0.2608485339056279
Total,tipo_onda_de_calor_e_baixa_umidade,PE,PR,-0.3221757637960561
Total,tipo_onda_de_calor_e_baixa_umidade,PE,RJ,0.43537700331646656
Total,tipo_onda_de_calor_e_baixa_umidade,PE,RN,0.1659788865628506
Total,tipo_onda_de_calor_e_baixa_umidade,PE,RO,-0.283536286879722
Total,tipo_onda_de_calor_e_baixa_umidade,PE,RR,-0.1686132915387789
Total,tipo_onda_de_calor_e_baixa_umidade,PE,RS,-0.2811698410692119
Total,tipo_onda_de_calor_e_baixa_umidade,PE,SC,-0.23468645520514914
Total,tipo_onda_de_calor_e_baixa_umidade,PE,SE,0.18518370300982856
Total,tipo_onda_de_calor_e_baixa_umidade,PE,SP,-0.004811867745645286
Total,tipo_onda_de_calor_e_baixa_umidade,PE,TO,-0.42979929505516085
Total,tipo_onda_de_calor_e_baixa_umidade,PI,PR,-0.34673808292444586
Total,tipo_onda_de_calor_e_baixa_umidade,PI,RJ,-0.04128751184734957
Total,tipo_onda_de_calor_e_baixa_umidade,PI,RN,0.2366512220870741
Total,tipo_onda_de_calor_e_baixa_umidade,PI,RO,-0.31557537722804246
Total,tipo_onda_de_calor_e_baixa_umidade,PI,RR,-0.1153202930698815
Total,tipo_onda_de_calor_e_baixa_umidade,PI,RS,-0.17036491011870156
Total,tipo_onda_de_calor_e_baixa_umidade,PI,SC,-0.3620360427054731
Total,tipo_onda_de_calor_e_baixa_umidade,PI,SE,0.14358314235359876
Total,tipo_onda_de_calor_e_baixa_umidade,PI,SP,-0.3052632239402822
Total,tipo_onda_de_calor_e_baixa_umidade,PI,TO,-0.15865046085526327
Total,tipo_onda_de_calor_e_baixa_umidade,PR,RJ,-0.042692665362504795
Total,tipo_onda_de_calor_e_baixa_umidade,PR,RN,-0.21111405370576633
Total,tipo_onda_de_calor_e_baixa_umidade,PR,RO,0.3286749596194006
Total,tipo_onda_de_calor_e_baixa_umidade,PR,RR,-0.3481515740292338
Total,tipo_onda_de_calor_e_baixa_umidade,PR,RS,0.5780014926540199
Total,tipo_onda_de_calor_e_baixa_umidade,PR,SC,0.6670669047667299
Total,tipo_onda_de_calor_e_baixa_umidade,PR,SE,-0.1227419304808766
Total,tipo_onda_de_calor_e_baixa_umidade,PR,SP,0.4632895073643736
Total,tipo_onda_de_calor_e_baixa_umidade,PR,TO,0.23357642803543757
Total,tipo_onda_de_calor_e_baixa_umidade,RJ,RN,0.1995949092671212
Total,tipo_onda_de_calor_e_baixa_umidade,RJ,RO,-0.22400247112567315
Total,tipo_onda_de_calor_e_baixa_umidade,RJ,RR,-0.29576498598504075
Total,tipo_onda_de_calor_e_baixa_umidade,RJ,RS,-0.19441622424721272
Total,tipo_onda_de_calor_e_baixa_umidade,RJ,SC,0.020562846313755965
Total,tipo_onda_de_calor_e_baixa_umidade,RJ,SE,0.007053860344871439
Total,tipo_onda_de_calor_e_baixa_umidade,RJ,SP,0.24629266177458606
Total,tipo_onda_de_calor_e_baixa_umidade,RJ,TO,-0.22269504924179342
Total,tipo_onda_de_calor_e_baixa_umidade,RN,RO,-0.3072987157716598
Total,tipo_onda_de_calor_e_baixa_umidade,RN,RR,-0.24242134443317204
Total,tipo_onda_de_calor_e_baixa_umidade,RN,RS,-0.16809458826891077
Total,tipo_onda_de_calor_e_baixa_umidade,RN,SC,-0.2617312839628344
Total,tipo_onda_de_calor_e_baixa_umidade,RN,SE,0.3157170222274893
Total,tipo_onda_de_calor_e_baixa_umidade,RN,SP,-0.06918842378149286
Total,tipo_onda_de_calor_e_baixa_umidade,RN,TO,-0.13475647202570032
Total,tipo_onda_de_calor_e_baixa_umidade,RO,RR,-0.03805327764743673
Total,tipo_onda_de_calor_e_baixa_umidade,RO,RS,0.33676120329793824
Total,tipo_onda_de_calor_e_baixa_umidade,RO,SC,0.504480928736856
Total,tipo_onda_de_calor_e_baixa_umidade,RO,SE,-0.2645913881391232
Total,tipo_onda_de_calor_e_baixa_umidade,RO,SP,0.33386568016628576
Total,tipo_onda_de_calor_e_baixa_umidade,RO,TO,0.1368709406795201
Total,tipo_onda_de_calor_e_baixa_umidade,RR,RS,-0.09694682570260404
Total,tipo_onda_de_calor_e_baixa_umidade,RR,SC,-0.2515464174979145
Total,tipo_onda_de_calor_e_baixa_umidade,RR,SE,-0.12324736514123347
Total,tipo_onda_de_calor_e_baixa_umidade,RR,SP,-0.2898026269827016
Total,tipo_onda_de_calor_e_baixa_umidade,RR,TO,-0.1329752713722681
Total,tipo_onda_de_calor_e_baixa_umidade,RS,SC,0.6332013913539434
Total,tipo_onda_de_calor_e_baixa_umidade,RS,SE,-0.14633114401619762
Total,tipo_onda_de_calor_e_baixa_umidade,RS,SP,0.2442609343408256
Total,tipo_onda_de_calor_e_baixa_umidade,RS,TO,0.2224288485404416
Total,tipo_onda_de_calor_e_baixa_umidade,SC,SE,-0.24708975669209704
Total,tipo_onda_de_calor_e_baixa_umidade,SC,SP,0.5970264622927884
Total,tipo_onda_de_calor_e_baixa_umidade,SC,TO,0.01044000116147458
Total,tipo_onda_de_calor_e_baixa_umidade,SE,SP,-0.18041721752190135
Total,tipo_onda_de_calor_e_baixa_umidade,SE,TO,-0.25375122245219955
Total,tipo_onda_de_calor_e_baixa_umidade,SP,TO,-0.17792113328454656
Total,tipo_onda_de_frio,AC,AL,-0.11763086738536033
Total,tipo_onda_de_frio,AC,AM,0.20547295719184136
Total,tipo_onda_de_frio,AC,AP,-0.010752254120334674
Total,tipo_onda_de_frio,AC,BA,-0.011908184182666828
Total,tipo_onda_de_frio,AC,CE,-0.04924814968847409
Total,tipo_onda_de_frio,AC,DF,-0.1826684181292537
Total,tipo_onda_de_frio,AC,ES,-0.023844107692193927
Total,tipo_onda_de_frio,AC,GO,-0.2048433616502305
Total,tipo_onda_de_frio,AC,MA,-0.0660871152033166
Total,tipo_onda_de_frio,AC,MG,-0.03228956655737995
Total,tipo_onda_de_frio,AC,MS,-0.05966938503455408
Total,tipo_onda_de_frio,AC,MT,-0.10624158461984598
Total,tipo_onda_de_frio,AC,PA,0.1995778427639468
Total,tipo_onda_de_frio,AC,PB,-0.16534145958565347
Total,tipo_onda_de_frio,AC,PE,-0.017476890218064284
Total,tipo_onda_de_frio,AC,PI,-0.08181880465525859
Total,tipo_onda_de_frio,AC,PR,-0.13208884254310038
Total,tipo_onda_de_frio,AC,RJ,-0.08974033589720501
Total,tipo_onda_de_frio,AC,RN,-0.28924281527764667
Total,tipo_onda_de_frio,AC,RO,0.266974560275491
Total,tipo_onda_de_frio,AC,RR,0.014365752435798842
Total,tipo_onda_de_frio,AC,RS,-0.12741487689810937
Total,tipo_onda_de_frio,AC,SC,0.13223606173339703
Total,tipo_onda_de_frio,AC,SE,-0.07801446890883428
Total,tipo_onda_de_frio,AC,SP,0.09910392644170485
Total,tipo_onda_de_frio,AC,TO,-0.10613416861668741
Total,tipo_onda_de_frio,AL,AM,0.04759998656534401
Total,tipo_onda_de_frio,AL,AP,-0.12981565942914808
Total,tipo_onda_de_frio,AL,BA,0.4919930535417599
Total,tipo_onda_de_frio,AL,CE,0.5004750460135988
Total,tipo_onda_de_frio,AL,DF,-0.13574198290892478
Total,tipo_onda_de_frio,AL,ES,0.0460038660892563
Total,tipo_onda_de_frio,AL,GO,-0.2205719606804567
Total,tipo_onda_de_frio,AL,MA,0.13919768028740767
Total,tipo_onda_de_frio,AL,MG,-0.35072401633796213
Total,tipo_onda_de_frio,AL,MS,-0.264649772155798
Total,tipo_onda_de_frio,AL,MT,-0.23916565322937117
Total,tipo_onda_de_frio,AL,PA,0.19771824989714043
Total,tipo_onda_de_frio,AL,PB,0.49692586561230356
Total,tipo_onda_de_frio,AL,PE,0.5174818860110946
Total,tipo_onda_de_frio,AL,PI,0.3584486234086427
Total,tipo_onda_de_frio,AL,PR,-0.316326004641883
Total,tipo_onda_de_frio,AL,RJ,0.1705090116667173
Total,tipo_onda_de_frio,AL,RN,0.3469273830258491
Total,tipo_onda_de_frio,AL,RO,-0.32656386965167944
Total,tipo_onda_de_frio,AL,RR,-0.2252416072702204
Total,tipo_onda_de_frio,AL,RS,-0.31602484224010097
Total,tipo_onda_de_frio,AL,SC,-0.41675043509535
Total,tipo_onda_de_frio,AL,SE,0.2711802991284586
Total,tipo_onda_de_frio,AL,SP,-0.20116050457605972
Total,tipo_onda_de_frio,AL,TO,-0.3291251240257417
Total,tipo_onda_de_frio,AM,AP,-0.0019138427437336268
Total,tipo_onda_de_frio,AM,BA,0.28398018604676495
Total,tipo_onda_de_frio,AM,CE,0.36786098309766313
Total,tipo_onda_de_frio,AM,DF,-0.04569270530843329
Total,tipo_onda_de_frio,AM,ES,0.07077860515706712
Total,tipo_onda_de_frio,AM,GO,-0.2439962026680565
Total,tipo_onda_de_frio,AM,MA,-0.14967884814666932
Total,tipo_onda_de_frio,AM,MG,-0.1579874658888882
Total,tipo_onda_de_frio,AM,MS,-0.17566333931087091
Total,tipo_onda_de_frio,AM,MT,-0.3370859065820779
Total,tipo_onda_de_frio,AM,PA,0.12480359016103432
Total,tipo_onda_de_frio,AM,PB,0.02920091622651136
Total,tipo_onda_de_frio,AM,PE,0.26131191960612365
Total,tipo_onda_de_frio,AM,PI,-0.024573681815719107
Total,tipo_onda_de_frio,AM,PR,-0.2526108907598383
Total,tipo_onda_de_frio,AM,RJ,0.2843745971302432
Total,tipo_onda_de_frio,AM,RN,-0.02437447635780288
Total,tipo_onda_de_frio,AM,RO,-0.16845810455034427
Total,tipo_onda_de_frio,AM,RR,-0.1265731605367927
Total,tipo_onda_de_frio,AM,RS,-0.28215027211022836
Total,tipo_onda_de_frio,AM,SC,-0.07118259851095263
Total,tipo_onda_de_frio,AM,SE,0.11647027530983892
Total,tipo_onda_de_frio,AM,SP,0.155766721300696
Total,tipo_onda_de_frio,AM,TO,-0.2625700174250416
Total,tipo_onda_de_frio,AP,BA,-0.15262774057704964
Total,tipo_onda_de_frio,AP,CE,-0.10502470381736283
Total,tipo_onda_de_frio,AP,DF,-0.06360507549798163
Total,tipo_onda_de_frio,AP,ES,-0.14073108956218594
Total,tipo_onda_de_frio,AP,GO,-0.1409365192927313
Total,tipo_onda_de_frio,AP,MA,-0.08339291153471047
Total,tipo_onda_de_frio,AP,MG,0.09313668050407344
Total,tipo_onda_de_frio,AP,MS,0.005509924455098942
Total,tipo_onda_de_frio,AP,MT,-0.05424154196061923
Total,tipo_onda_de_frio,AP,PA,0.07415931465574033
Total,tipo_onda_de_frio,AP,PB,-0.13275759239665796
Total,tipo_onda_de_frio,AP,PE,-0.10753182694044211
Total,tipo_onda_de_frio,AP,PI,-0.19205740275136532
Total,tipo_onda_de_frio,AP,PR,-0.06771423238804701
Total,tipo_onda_de_frio,AP,RJ,-0.02005977983412787
Total,tipo_onda_de_frio,AP,RN,-0.15456636465785115
Total,tipo_onda_de_frio,AP,RO,-0.12649728201065
Total,tipo_onda_de_frio,AP,RR,-0.02608465487700865
Total,tipo_onda_de_frio,AP,RS,-0.19423402873178353
Total,tipo_onda_de_frio,AP,SC,-0.07877958192740463
Total,tipo_onda_de_frio,AP,SE,-0.2130739266857233
Total,tipo_onda_de_frio,AP,SP,-0.13402314845737728
Total,tipo_onda_de_frio,AP,TO,0.05420828099083672
Total,tipo_onda_de_frio,BA,CE,0.49719281228657725
Total,tipo_onda_de_frio,BA,DF,0.006993208940842125
Total,tipo_onda_de_frio,BA,ES,0.10164296856498597
Total,tipo_onda_de_frio,BA,GO,-0.15610006374768715
Total,tipo_onda_de_frio,BA,MA,-0.036061763174304505
Total,tipo_onda_de_frio,BA,MG,-0.22187166854848145
Total,tipo_onda_de_frio,BA,MS,-0.2816712203120788
Total,tipo_onda_de_frio,BA,MT,-0.3228126887733646
Total,tipo_onda_de_frio,BA,PA,0.15894986605733602
Total,tipo_onda_de_frio,BA,PB,0.32490235649743887
Total,tipo_onda_de_frio,BA,PE,0.4406581821702278
Total,tipo_onda_de_frio,BA,PI,0.22274297155349745
Total,tipo_onda_de_frio,BA,PR,-0.3080843884565042
Total,tipo_onda_de_frio,BA,RJ,0.38933979806874636
Total,tipo_onda_de_frio,BA,RN,0.42251404361334943
Total,tipo_onda_de_frio,BA,RO,-0.2971125281094989
Total,tipo_onda_de_frio,BA,RR,-0.264461419804487
Total,tipo_onda_de_frio,BA,RS,-0.2727180686558074
Total,tipo_onda_de_frio,BA,SC,-0.2463659331763994
Total,tipo_onda_de_frio,BA,SE,0.2547279915767622
Total,tipo_onda_de_frio,BA,SP,-0.03176910129425693
Total,tipo_onda_de_frio,BA,TO,-0.3876407898613458
Total,tipo_onda_de_frio,CE,DF,-0.04612324130307208
Total,tipo_onda_de_frio,CE,ES,0.1633215475858709
Total,tipo_onda_de_frio,CE,GO,-0.34758398111801314
Total,tipo_onda_de_frio,CE,MA,0.022025322676518206
Total,tipo_onda_de_frio,CE,MG,-0.26672491785316593
Total,tipo_onda_de_frio,CE,MS,-0.4314658905282903
Total,tipo_onda_de_frio,CE,MT,-0.3787158010705211
Total,tipo_onda_de_frio,CE,PA,0.19767914189434443
Total,tipo_onda_de_frio,CE,PB,0.490019519259155
Total,tipo_onda_de_frio,CE,PE,0.6777807972929233
Total,tipo_onda_de_frio,CE,PI,0.37703680024913183
Total,tipo_onda_de_frio,CE,PR,-0.4207299269290001
Total,tipo_onda_de_frio,CE,RJ,0.3661411805765587
Total,tipo_onda_de_frio,CE,RN,0.35316113758250467
Total,tipo_onda_de_frio,CE,RO,-0.3111678326825379
Total,tipo_onda_de_frio,CE,RR,-0.27275725534520284
Total,tipo_onda_de_frio,CE,RS,-0.3758359862978248
Total,tipo_onda_de_frio,CE,SC,-0.34673060292520813
Total,tipo_onda_de_frio,CE,SE,0.20272486037383605
Total,tipo_onda_de_frio,CE,SP,-0.028114609774478442
Total,tipo_onda_de_frio,CE,TO,-0.3832257797821718
Total,tipo_onda_de_frio,DF,ES,0.08448683202251575
Total,tipo_onda_de_frio,DF,GO,0.08906388787942082
Total,tipo_onda_de_frio,DF,MA,-0.2579813823144839
Total,tipo_onda_de_frio,DF,MG,0.4383305745053334
Total,tipo_onda_de_frio,DF,MS,0.08565151722401926
Total,tipo_onda_de_frio,DF,MT,-0.03628078094712239
Total,tipo_onda_de_frio,DF,PA,-0.06617602312977532
Total,tipo_onda_de_frio,DF,PB,0.15418831757778698
Total,tipo_onda_de_frio,DF,PE,-0.029492480253395858
Total,tipo_onda_de_frio,DF,PI,-0.12530629816137875
Total,tipo_onda_de_frio,DF,PR,0.35110220476270687
Total,tipo_onda_de_frio,DF,RJ,0.18902815993604086
Total,tipo_onda_de_frio,DF,RN,-0.005601398821872653
Total,tipo_onda_de_frio,DF,RO,0.10280785246642447
Total,tipo_onda_de_frio,DF,RR,-0.279091897415517
Total,tipo_onda_de_frio,DF,RS,0.3211109463092377
Total,tipo_onda_de_frio,DF,SC,0.4445358613143897
Total,tipo_onda_de_frio,DF,SE,-0.05438126722397728
Total,tipo_onda_de_frio,DF,SP,0.4164661533000859
Total,tipo_onda_de_frio,DF,TO,-0.08319565668462683
Total,tipo_onda_de_frio,ES,GO,-0.027789612252395367
Total,tipo_onda_de_frio,ES,MA,0.0856228452567723
Total,tipo_onda_de_frio,ES,MG,0.21612443769585726
Total,tipo_onda_de_frio,ES,MS,-0.1629003232859286
Total,tipo_onda_de_frio,ES,MT,-0.1497055038060561
Total,tipo_onda_de_frio,ES,PA,0.002177462113145138
Total,tipo_onda_de_frio,ES,PB,0.11225793665409807
Total,tipo_onda_de_frio,ES,PE,0.029308286843058924
Total,tipo_onda_de_frio,ES,PI,0.065683226609977
Total,tipo_onda_de_frio,ES,PR,0.006898009509384869
Total,tipo_onda_de_frio,ES,RJ,0.1463874319241414
Total,tipo_onda_de_frio,ES,RN,0.2515641171836687
Total,tipo_onda_de_frio,ES,RO,-0.17839348394619947
Total,tipo_onda_de_frio,ES,RR,-0.33179942472678703
Total,tipo_onda_de_frio,ES,RS,0.05568979891967437
Total,tipo_onda_de_frio,ES,SC,0.09360885748003822
Total,tipo_onda_de_frio,ES,SE,0.08430076120212562
Total,tipo_onda_de_frio,ES,SP,0.21713508817587168
Total,tipo_onda_de_frio,ES,TO,0.029143966190758364
Total,tipo_onda_de_frio,GO,MA,0.06876779840290607
Total,tipo_onda_de_frio,GO,MG,0.30035584179243885
Total,tipo_onda_de_frio,GO,MS,0.5842713525632562
Total,tipo_onda_de_frio,GO,MT,0.3872801041987605
Total,tipo_onda_de_frio,GO,PA,0.0009025588645866128
Total,tipo_onda_de_frio,GO,PB,-0.2173652474837205
Total,tipo_onda_de_frio,GO,PE,-0.40975238017783555
Total,tipo_onda_de_frio,GO,PI,-0.07615766252579677
Total,tipo_onda_de_frio,GO,PR,0.4341104629990747
Total,tipo_onda_de_frio,GO,RJ,-0.1453470016865556
Total,tipo_onda_de_frio,GO,RN,-0.02267287227785244
Total,tipo_onda_de_frio,GO,RO,0.04567467824746778
Total,tipo_onda_de_frio,GO,RR,-0.2738117893727463
Total,tipo_onda_de_frio,GO,RS,0.13595176285501376
Total,tipo_onda_de_frio,GO,SC,0.09587147307506436
Total,tipo_onda_de_frio,GO,SE,0.011590846012543937
Total,tipo_onda_de_frio,GO,SP,0.02009913813106031
Total,tipo_onda_de_frio,GO,TO,0.31791495922733165
Total,tipo_onda_de_frio,MA,MG,-0.1370399023869681
Total,tipo_onda_de_frio,MA,MS,-0.11646153256029382
Total,tipo_onda_de_frio,MA,MT,0.046880549302045944
Total,tipo_onda_de_frio,MA,PA,0.06569651177783108
Total,tipo_onda_de_frio,MA,PB,0.014132860434625933
Total,tipo_onda_de_frio,MA,PE,-0.029758498858586814
Total,tipo_onda_de_frio,MA,PI,0.43808219560084866
Total,tipo_onda_de_frio,MA,PR,-0.1599320231059165
Total,tipo_onda_de_frio,MA,RJ,-0.1234484913878842
Total,tipo_onda_de_frio,MA,RN,0.06066687869929092
Total,tipo_onda_de_frio,MA,RO,-0.04617545895638404
Total,tipo_onda_de_frio,MA,RR,-0.20133115833389212
Total,tipo_onda_de_frio,MA,RS,-0.08236171585188203
Total,tipo_onda_de_frio,MA,SC,-0.2103971077197935
Total,tipo_onda_de_frio,MA,SE,0.021018733807975067
Total,tipo_onda_de_frio,MA,SP,-0.3635330712350397
Total,tipo_onda_de_frio,MA,TO,0.2039537824740672
Total,tipo_onda_de_frio,MG,MS,0.23559082569777243
Total,tipo_onda_de_frio,MG,MT,0.16969886425212824
Total,tipo_onda_de_frio,MG,PA,0.046340067271430155
Total,tipo_onda_de_frio,MG,PB,-0.14681172267106396
Total,tipo_onda_de_frio,MG,PE,-0.2739499866559687
Total,tipo_onda_de_frio,MG,PI,-0.23884944191264693
Total,tipo_onda_de_frio,MG,PR,0.5551549521284289
Total,tipo_onda_de_frio,MG,RJ,0.10990579978413438
Total,tipo_onda_de_frio,MG,RN,-0.14988193631427882
Total,tipo_onda_de_frio,MG,RO,0.26143796263826846
Total,tipo_onda_de_frio,MG,RR,-0.39732411735831286
Total,tipo_onda_de_frio,MG,RS,0.2889171763837597
Total,tipo_onda_de_frio,MG,SC,0.5419503391938026
Total,tipo_onda_de_frio,MG,SE,-0.17069939467452908
Total,tipo_onda_de_frio,MG,SP,0.5340334604813466
Total,tipo_onda_de_frio,MG,TO,0.15628557158444997
Total,tipo_onda_de_frio,MS,MT,0.36705878608916764
Total,tipo_onda_de_frio,MS,PA,-0.03756504256774145
Total,tipo_onda_de_frio,MS,PB,-0.3194243527717425
Total,tipo_onda_de_frio,MS,PE,-0.4067444968970562
Total,tipo_onda_de_frio,MS,PI,-0.29744844001642234
Total,tipo_onda_de_frio,MS,PR,0.5420232526075016
Total,tipo_onda_de_frio,MS,RJ,-0.286730038151924
Total,tipo_onda_de_frio,MS,RN,-0.3154350465050752
Total,tipo_onda_de_frio,MS,RO,0.21620909652235892
Total,tipo_onda_de_frio,MS,RR,-0.15861049784862005
Total,tipo_onda_de_frio,MS,RS,0.24192962083330977
Total,tipo_onda_de_frio,MS,SC,0.2323803161264317
Total,tipo_onda_de_frio,MS,SE,-0.20842784946231313
Total,tipo_onda_de_frio,MS,SP,0.09429950890558013
Total,tipo_onda_de_frio,MS,TO,0.34577445053482647
Total,tipo_onda_de_frio,MT,PA,-0.1235819391496524
Total,tipo_onda_de_frio,MT,PB,-0.364037705813249
Total,tipo_onda_de_frio,MT,PE,-0.3666279905919998
Total,tipo_onda_de_frio,MT,PI,-0.28747578670470875
Total,tipo_onda_de_frio,MT,PR,0.3344331733965714
Total,tipo_onda_de_frio,MT,RJ,-0.26817302410610655
Total,tipo_onda_de_frio,MT,RN,-0.2176061170377592
Total,tipo_onda_de_frio,MT,RO,0.15109243433814287
Total,tipo_onda_de_frio,MT,RR,-0.11956459240349673
Total,tipo_onda_de_frio,MT,RS,0.19896129260507697
Total,tipo_onda_de_frio,MT,SC,0.15120612606929218
Total,tipo_onda_de_frio,MT,SE,-0.004977151009596655
Total,tipo_onda_de_frio,MT,SP,-0.10128491312986652
Total,tipo_onda_de_frio,MT,TO,0.3216898927798281
Total,tipo_onda_de_frio,PA,PB,0.07743055691652143
Total,tipo_onda_de_frio,PA,PE,0.12447673346213185
Total,tipo_onda_de_frio,PA,PI,-0.010641695599476553
Total,tipo_onda_de_frio,PA,PR,-0.09433706712086705
Total,tipo_onda_de_frio,PA,RJ,0.053778628801538025
Total,tipo_onda_de_frio,PA,RN,-0.0353466792706602
Total,tipo_onda_de_frio,PA,RO,0.08115503758896216
Total,tipo_onda_de_frio,PA,RR,-0.32128340864443594
Total,tipo_onda_de_frio,PA,RS,-0.1590818224863541
Total,tipo_onda_de_frio,PA,SC,-0.04732715035390695
Total,tipo_onda_de_frio,PA,SE,-0.04490629662314866
Total,tipo_onda_de_frio,PA,SP,0.09855315161406923
Total,tipo_onda_de_frio,PA,TO,-0.06069625041930529
Total,tipo_onda_de_frio,PB,PE,0.46507565312034693
Total,tipo_onda_de_frio,PB,PI,0.44589996501912316
Total,tipo_onda_de_frio,PB,PR,-0.1593019278713021
Total,tipo_onda_de_frio,PB,RJ,0.16735286184119103
Total,tipo_onda_de_frio,PB,RN,0.3381536455387227
Total,tipo_onda_de_frio,PB,RO,-0.1966015942723434
Total,tipo_onda_de_frio,PB,RR,-0.22802232695269337
Total,tipo_onda_de_frio,PB,RS,-0.22435643352782406
Total,tipo_onda_de_frio,PB,SC,-0.14580819201885958
Total,tipo_onda_de_frio,PB,SE,0.13461067300012267
Total,tipo_onda_de_frio,PB,SP,0.04470006794919608
Total,tipo_onda_de_frio,PB,TO,-0.372352622014365
Total,tipo_onda_de_frio,PE,PI,0.26301645061378026
Total,tipo_onda_de_frio,PE,PR,-0.3236338899264892
Total,tipo_onda_de_frio,PE,RJ,0.436458694161286
Total,tipo_onda_de_frio,PE,RN,0.16915340026817163
Total,tipo_onda_de_frio,PE,RO,-0.28398228737731845
Total,tipo_onda_de_frio,PE,RR,-0.16743895946611975
Total,tipo_onda_de_frio,PE,RS,-0.2819152925991392
Total,tipo_onda_de_frio,PE,SC,-0.23697280034283147
Total,tipo_onda_de_frio,PE,SE,0.1862041847217941
Total,tipo_onda_de_frio,PE,SP,-0.0032174745923461917
Total,tipo_onda_de_frio,PE,TO,-0.431875893617632
Total,tipo_onda_de_frio,PI,PR,-0.3482355646067214
Total,tipo_onda_de_frio,PI,RJ,-0.0394611471544819
Total,tipo_onda_de_frio,PI,RN,0.23863237102642432
Total,tipo_onda_de_frio,PI,RO,-0.31828000849596333
Total,tipo_onda_de_frio,PI,RR,-0.1149828163689099
Total,tipo_onda_de_frio,PI,RS,-0.17074396222907984
Total,tipo_onda_de_frio,PI,SC,-0.36280731834354557
Total,tipo_onda_de_frio,PI,SE,0.14447571685805383
Total,tipo_onda_de_frio,PI,SP,-0.30521887825292326
Total,tipo_onda_de_frio,PI,TO,-0.1605524327035295
Total,tipo_onda_de_frio,PR,RJ,-0.040825057689404295
Total,tipo_onda_de_frio,PR,RN,-0.2080581112456814
Total,tipo_onda_de_frio,PR,RO,0.3250657743863886
Total,tipo_onda_de_frio,PR,RR,-0.34863229913346105
Total,tipo_onda_de_frio,PR,RS,0.5765927192583706
Total,tipo_onda_de_frio,PR,SC,0.6658942443456427
Total,tipo_onda_de_frio,PR,SE,-0.12289496594436218
Total,tipo_onda_de_frio,PR,SP,0.4630725588669603
Total,tipo_onda_de_frio,PR,TO,0.23033803547766943
Total,tipo_onda_de_frio,RJ,RN,0.203163840898954
Total,tipo_onda_de_frio,RJ,RO,-0.22476931568352249
Total,tipo_onda_de_frio,RJ,RR,-0.29443644662733853
Total,tipo_onda_de_frio,RJ,RS,-0.1924066926525527
Total,tipo_onda_de_frio,RJ,SC,0.023376325156772793
Total,tipo_onda_de_frio,RJ,SE,0.01031699485507838
Total,tipo_onda_de_frio,RJ,SP,0.25140190906320514
Total,tipo_onda_de_frio,RJ,TO,-0.22334425588636558
Total,tipo_onda_de_frio,RN,RO,-0.30664345204602506
Total,tipo_onda_de_frio,RN,RR,-0.24108291092092954
Total,tipo_onda_de_frio,RN,RS,-0.16449209268738502
Total,tipo_onda_de_frio,RN,SC,-0.25696351577372706
Total,tipo_onda_de_frio,RN,SE,0.3184994237621443
Total,tipo_onda_de_frio,RN,SP,-0.06373707613595164
Total,tipo_onda_de_frio,RN,TO,-0.13462062708851216
Total,tipo_onda_de_frio,RO,RR,-0.038348689856119986
Total,tipo_onda_de_frio,RO,RS,0.3341076673335301
Total,tipo_onda_de_frio,RO,SC,0.5003723905956632
Total,tipo_onda_de_frio,RO,SE,-0.2667725360505448
Total,tipo_onda_de_frio,RO,SP,0.33123252201752523
Total,tipo_onda_de_frio,RO,TO,0.13370992063514767
Total,tipo_onda_de_frio,RR,RS,-0.09679050967947019
Total,tipo_onda_de_frio,RR,SC,-0.25147967023606244
Total,tipo_onda_de_frio,RR,SE,-0.1225633249845771
Total,tipo_onda_de_frio,RR,SP,-0.28815838141938277
Total,tipo_onda_de_frio,RR,TO,-0.13338508630522483
Total,tipo_onda_de_frio,RS,SC,0.6326758284258392
Total,tipo_onda_de_frio,RS,SE,-0.145529338003712
Total,tipo_onda_de_frio,RS,SP,0.24532739969370138
Total,tipo_onda_de_frio,RS,TO,0.2197693980670783
Total,tipo_onda_de_frio,SC,SE,-0.24716199888994592
Total,tipo_onda_de_frio,SC,SP,0.597703980760291
Total,tipo_onda_de_frio,SC,TO,0.006212314200199271
Total,tipo_onda_de_frio,SE,SP,-0.17810203573327596
Total,tipo_onda_de_frio,SE,TO,-0.255567986640381
Total,tipo_onda_de_frio,SP,TO,-0.18109828216971358
Total,tipo_outros,AC,AL,-0.11818884018717558
Total,tipo_outros,AC,AM,0.20411145376328693
Total,tipo_outros,AC,AP,-0.010188739973612538
Total,tipo_outros,AC,BA,-0.013071283833847135
Total,tipo_outros,AC,CE,-0.0502395478260544
Total,tipo_outros,AC,DF,-0.18207052395016654
Total,tipo_outros,AC,ES,-0.022646816415159463
Total,tipo_outros,AC,GO,-0.20459547862001823
Total,tipo_outros,AC,MA,-0.0650024043670604
Total,tipo_outros,AC,MG,-0.031419561549046605
Total,tipo_outros,AC,MS,-0.06138936550836517
Total,tipo_outros,AC,MT,-0.10533155745203446
Total,tipo_outros,AC,PA,0.20136140848494813
Total,tipo_outros,AC,PB,-0.1659091528058742
Total,tipo_outros,AC,PE,-0.01855833038436404
Total,tipo_outros,AC,PI,-0.08179516606402937
Total,tipo_outros,AC,PR,-0.13131087598138977
Total,tipo_outros,AC,RJ,-0.09074621027631938
Total,tipo_outros,AC,RN,-0.2900004328447423
Total,tipo_outros,AC,RO,0.2679932393053016
Total,tipo_outros,AC,RR,0.013859064307894603
Total,tipo_outros,AC,RS,-0.12644737616694043
Total,tipo_outros,AC,SC,0.13265434567611295
Total,tipo_outros,AC,SE,-0.07841728159613473
Total,tipo_outros,AC,SP,0.0994605317259781
Total,tipo_outros,AC,TO,-0.10553886810234125
Total,tipo_outros,AL,AM,0.047221455085558556
Total,tipo_outros,AL,AP,-0.12933710744208632
Total,tipo_outros,AL,BA,0.49202150138178347
Total,tipo_outros,AL,CE,0.5001025569042697
Total,tipo_outros,AL,DF,-0.1303772469348224
Total,tipo_outros,AL,ES,0.04667141054461203
Total,tipo_outros,AL,GO,-0.22158070237122013
Total,tipo_outros,AL,MA,0.13908495622633948
Total,tipo_outros,AL,MG,-0.3508077520423198
Total,tipo_outros,AL,MS,-0.2636668953951672
Total,tipo_outros,AL,MT,-0.23951450234934984
Total,tipo_outros,AL,PA,0.1969616386876277
Total,tipo_outros,AL,PB,0.49670873067188287
Total,tipo_outros,AL,PE,0.5175294083438653
Total,tipo_outros,AL,PI,0.3582093286425467
Total,tipo_outros,AL,PR,-0.31681285434425044
Total,tipo_outros,AL,RJ,0.17054645522544068
Total,tipo_outros,AL,RN,0.3472167344301284
Total,tipo_outros,AL,RO,-0.3272715029980991
Total,tipo_outros,AL,RR,-0.22569378284075384
Total,tipo_outros,AL,RS,-0.31568270507494595
Total,tipo_outros,AL,SC,-0.4162530499428047
Total,tipo_outros,AL,SE,0.27128131734292177
Total,tipo_outros,AL,SP,-0.2012504879642287
Total,tipo_outros,AL,TO,-0.3294163947313708
Total,tipo_outros,AM,AP,-0.0019816653506158303
Total,tipo_outros,AM,BA,0.2839343503335959
Total,tipo_outros,AM,CE,0.3678078274404872
Total,tipo_outros,AM,DF,-0.03914092671750226
Total,tipo_outros,AM,ES,0.07121141345911831
Total,tipo_outros,AM,GO,-0.24436176353511432
Total,tipo_outros,AM,MA,-0.14972717164982616
Total,tipo_outros,AM,MG,-0.15780623073973649
Total,tipo_outros,AM,MS,-0.17714536041432238
Total,tipo_outros,AM,MT,-0.3373954185341476
Total,tipo_outros,AM,PA,0.12444732142901455
Total,tipo_outros,AM,PB,0.0290831745623145
Total,tipo_outros,AM,PE,0.2611693316164134
Total,tipo_outros,AM,PI,-0.024831369971823017
Total,tipo_outros,AM,PR,-0.25253946586896797
Total,tipo_outros,AM,RJ,0.28486386576449485
Total,tipo_outros,AM,RN,-0.024045542842302772
Total,tipo_outros,AM,RO,-0.16877453277652912
Total,tipo_outros,AM,RR,-0.12709539350680138
Total,tipo_outros,AM,RS,-0.28163081891645936
Total,tipo_outros,AM,SC,-0.07087452687742511
Total,tipo_outros,AM,SE,0.11668785089153233
Total,tipo_outros,AM,SP,0.155951987387016
Total,tipo_outros,AM,TO,-0.2623783194598901
Total,tipo_outros,AP,BA,-0.15315357593458714
Total,tipo_outros,AP,CE,-0.10429749240849023
Total,tipo_outros,AP,DF,-0.06690202641849366
Total,tipo_outros,AP,ES,-0.1418567919965094
Total,tipo_outros,AP,GO,-0.1384717252060174
Total,tipo_outros,AP,MA,-0.08211622023507911
Total,tipo_outros,AP,MG,0.093198488909203
Total,tipo_outros,AP,MS,0.0055361730255773815
Total,tipo_outros,AP,MT,-0.05405912453610359
Total,tipo_outros,AP,PA,0.07535745138858893
Total,tipo_outros,AP,PB,-0.13263108309667873
Total,tipo_outros,AP,PE,-0.10713407118905412
Total,tipo_outros,AP,PI,-0.1913453625024422
Total,tipo_outros,AP,PR,-0.06723856657864434
Total,tipo_outros,AP,RJ,-0.020891194765752144
Total,tipo_outros,AP,RN,-0.1551709522828423
Total,tipo_outros,AP,RO,-0.12511369695363184
Total,tipo_outros,AP,RR,-0.026420554648080644
Total,tipo_outros,AP,RS,-0.19589910627831533
Total,tipo_outros,AP,SC,-0.08100096216792088
Total,tipo_outros,AP,SE,-0.2139986007560046
Total,tipo_outros,AP,SP,-0.1335993051493359
Total,tipo_outros,AP,TO,0.05536804153817191
Total,tipo_outros,BA,CE,0.4968895288249874
Total,tipo_outros,BA,DF,0.010884551868076717
Total,tipo_outros,BA,ES,0.10276676044156909
Total,tipo_outros,BA,GO,-0.15655594049767893
Total,tipo_outros,BA,MA,-0.035525930639740896
Total,tipo_outros,BA,MG,-0.2212622686484604
Total,tipo_outros,BA,MS,-0.2831344710781178
Total,tipo_outros,BA,MT,-0.32339115709141275
Total,tipo_outros,BA,PA,0.15754318785431756
Total,tipo_outros,BA,PB,0.3248585086508645
Total,tipo_outros,BA,PE,0.44086097901353677
Total,tipo_outros,BA,PI,0.2225432787769768
Total,tipo_outros,BA,PR,-0.30750944228439375
Total,tipo_outros,BA,RJ,0.3900023946635802
Total,tipo_outros,BA,RN,0.4228054943043348
Total,tipo_outros,BA,RO,-0.297326660471574
Total,tipo_outros,BA,RR,-0.26516432706323595
Total,tipo_outros,BA,RS,-0.2714884044853638
Total,tipo_outros,BA,SC,-0.24501702469233844
Total,tipo_outros,BA,SE,0.2552035507521682
Total,tipo_outros,BA,SP,-0.03083851617844057
Total,tipo_outros,BA,TO,-0.38742150056157026
Total,tipo_outros,CE,DF,-0.040907914842475836
Total,tipo_outros,CE,ES,0.16394295197843273
Total,tipo_outros,CE,GO,-0.34844937716922086
Total,tipo_outros,CE,MA,0.022156808443270826
Total,tipo_outros,CE,MG,-0.26626355932858015
Total,tipo_outros,CE,MS,-0.43143481980517684
Total,tipo_outros,CE,MT,-0.3790813993242317
Total,tipo_outros,CE,PA,0.1963250054403381
Total,tipo_outros,CE,PB,0.4899384647215079
Total,tipo_outros,CE,PE,0.6777785457241118
Total,tipo_outros,CE,PI,0.376907602520003
Total,tipo_outros,CE,PR,-0.42085885902389897
Total,tipo_outros,CE,RJ,0.36698778725962955
Total,tipo_outros,CE,RN,0.353287633322611
Total,tipo_outros,CE,RO,-0.31130787153697764
Total,tipo_outros,CE,RR,-0.27388002592460453
Total,tipo_outros,CE,RS,-0.37490003483477485
Total,tipo_outros,CE,SC,-0.3457034839600026
Total,tipo_outros,CE,SE,0.20259975324679014
Total,tipo_outros,CE,SP,-0.0277524979408628
Total,tipo_outros,CE,TO,-0.3830890993599146
Total,tipo_outros,DF,ES,0.08820357264083399
Total,tipo_outros,DF,GO,0.08971542899909642
Total,tipo_outros,DF,MA,-0.2657771321045958
Total,tipo_outros,DF,MG,0.43960055411109317
Total,tipo_outros,DF,MS,0.08405063657988791
Total,tipo_outros,DF,MT,-0.03714697263648805
Total,tipo_outros,DF,PA,-0.06825301589056763
Total,tipo_outros,DF,PB,0.16039949211164706
Total,tipo_outros,DF,PE,-0.03063511255614421
Total,tipo_outros,DF,PI,-0.12145347791404465
Total,tipo_outros,DF,PR,0.34912943664286367
Total,tipo_outros,DF,RJ,0.18943642839698013
Total,tipo_outros,DF,RN,-0.005411767569399007
Total,tipo_outros,DF,RO,0.10294790197233407
Total,tipo_outros,DF,RR,-0.27929881641746995
Total,tipo_outros,DF,RS,0.3159084629422196
Total,tipo_outros,DF,SC,0.44442061650193826
Total,tipo_outros,DF,SE,-0.0538663355953146
Total,tipo_outros,DF,SP,0.41471732315513987
Total,tipo_outros,DF,TO,-0.0903931361860785
Total,tipo_outros,ES,GO,-0.02937078831951232
Total,tipo_outros,ES,MA,0.08602519374556579
Total,tipo_outros,ES,MG,0.2153360584975973
Total,tipo_outros,ES,MS,-0.16712862107935314
Total,tipo_outros,ES,MT,-0.1503456497475637
Total,tipo_outros,ES,PA,0.0014892909058100427
Total,tipo_outros,ES,PB,0.11270736951816222
Total,tipo_outros,ES,PE,0.030354910924297526
Total,tipo_outros,ES,PI,0.06691250852744403
Total,tipo_outros,ES,PR,0.006175430475559208
Total,tipo_outros,ES,RJ,0.14676125029623763
Total,tipo_outros,ES,RN,0.2512123618321592
Total,tipo_outros,ES,RO,-0.1772650545032618
Total,tipo_outros,ES,RR,-0.3319974323599118
Total,tipo_outros,ES,RS,0.055117094607773254
Total,tipo_outros,ES,SC,0.09379392531745613
Total,tipo_outros,ES,SE,0.08467780187888214
Total,tipo_outros,ES,SP,0.21731941205540922
Total,tipo_outros,ES,TO,0.028683232055351483
Total,tipo_outros,GO,MA,0.06822394960364477
Total,tipo_outros,GO,MG,0.29956901621816157
Total,tipo_outros,GO,MS,0.5827784975960923
Total,tipo_outros,GO,MT,0.38707600390998126
Total,tipo_outros,GO,PA,7.167571206877915e-05
Total,tipo_outros,GO,PB,-0.2181723565020674
Total,tipo_outros,GO,PE,-0.4102740635577153
Total,tipo_outros,GO,PI,-0.07673748253922343
Total,tipo_outros,GO,PR,0.43354856476244147
Total,tipo_outros,GO,RJ,-0.14530735031758688
Total,tipo_outros,GO,RN,-0.022787223893869557
Total,tipo_outros,GO,RO,0.044420144702126615
Total,tipo_outros,GO,RR,-0.2720623414375424
Total,tipo_outros,GO,RS,0.13580477207153158
Total,tipo_outros,GO,SC,0.09503514471417232
Total,tipo_outros,GO,SE,0.011476788942863542
Total,tipo_outros,GO,SP,0.01936003176891279
Total,tipo_outros,GO,TO,0.3175761359694865
Total,tipo_outros,MA,MG,-0.13677451207983932
Total,tipo_outros,MA,MS,-0.11447241797022484
Total,tipo_outros,MA,MT,0.047079178521068576
Total,tipo_outros,MA,PA,0.06670979619793142
Total,tipo_outros,MA,PB,0.01415432253720283
Total,tipo_outros,MA,PE,-0.029293777198558822
Total,tipo_outros,MA,PI,0.43807321614401334
Total,tipo_outros,MA,PR,-0.16000321351433275
Total,tipo_outros,MA,RJ,-0.12335431236612136
Total,tipo_outros,MA,RN,0.06069785748585772
Total,tipo_outros,MA,RO,-0.046315722039495424
Total,tipo_outros,MA,RR,-0.20184396393576343
Total,tipo_outros,MA,RS,-0.08190270737017762
Total,tipo_outros,MA,SC,-0.20987720157042333
Total,tipo_outros,MA,SE,0.021413891470911012
Total,tipo_outros,MA,SP,-0.36304492591115417
Total,tipo_outros,MA,TO,0.20388837440924912
Total,tipo_outros,MG,MS,0.2331757008339763
Total,tipo_outros,MG,MT,0.1694417173451968
Total,tipo_outros,MG,PA,0.04531528002292841
Total,tipo_outros,MG,PB,-0.14658329549114724
Total,tipo_outros,MG,PE,-0.2731014717392841
Total,tipo_outros,MG,PI,-0.23858303069616682
Total,tipo_outros,MG,PR,0.5550781982657216
Total,tipo_outros,MG,RJ,0.11018429510356223
Total,tipo_outros,MG,RN,-0.14910079501511003
Total,tipo_outros,MG,RO,0.26099901392871
Total,tipo_outros,MG,RR,-0.397898266372404
Total,tipo_outros,MG,RS,0.2895693046778987
Total,tipo_outros,MG,SC,0.5418094514715024
Total,tipo_outros,MG,SE,-0.16976471285763314
Total,tipo_outros,MG,SP,0.5342180162608021
Total,tipo_outros,MG,TO,0.15640183340717942
Total,tipo_outros,MS,MT,0.36910965549720676
Total,tipo_outros,MS,PA,-0.03853743729000986
Total,tipo_outros,MS,PB,-0.3200940917240488
Total,tipo_outros,MS,PE,-0.40617291220525187
Total,tipo_outros,MS,PI,-0.29774092213751807
Total,tipo_outros,MS,PR,0.539102701915734
Total,tipo_outros,MS,RJ,-0.2891291604054045
Total,tipo_outros,MS,RN,-0.3168410188289377
Total,tipo_outros,MS,RO,0.21566745506773993
Total,tipo_outros,MS,RR,-0.15407040429190616
Total,tipo_outros,MS,RS,0.2404011843249101
Total,tipo_outros,MS,SC,0.22942366257971059
Total,tipo_outros,MS,SE,-0.20849054150396704
Total,tipo_outros,MS,SP,0.08942761964874628
Total,tipo_outros,MS,TO,0.3450222546150717
Total,tipo_outros,MT,PA,-0.12423273999581559
Total,tipo_outros,MT,PB,-0.3641384058915969
Total,tipo_outros,MT,PE,-0.36707480768003536
Total,tipo_outros,MT,PI,-0.28776758440228567
Total,tipo_outros,MT,PR,0.3343006849018845
Total,tipo_outros,MT,RJ,-0.2688558390247544
Total,tipo_outros,MT,RN,-0.21772740719779804
Total,tipo_outros,MT,RO,0.15098239469840155
Total,tipo_outros,MT,RR,-0.11882001147750101
Total,tipo_outros,MT,RS,0.19916255597440163
Total,tipo_outros,MT,SC,0.15129269219196032
Total,tipo_outros,MT,SE,-0.005833467909710031
Total,tipo_outros,MT,SP,-0.10154869467839539
Total,tipo_outros,MT,TO,0.3215677530513167
Total,tipo_outros,PA,PB,0.07774359780626566
Total,tipo_outros,PA,PE,0.12409738186831612
Total,tipo_outros,PA,PI,-0.010622925371974916
Total,tipo_outros,PA,PR,-0.09443597884909206
Total,tipo_outros,PA,RJ,0.052844469515104686
Total,tipo_outros,PA,RN,-0.03614681215521798
Total,tipo_outros,PA,RO,0.08223235387135006
Total,tipo_outros,PA,RR,-0.3201615127724578
Total,tipo_outros,PA,RS,-0.158294531354882
Total,tipo_outros,PA,SC,-0.04639189203878304
Total,tipo_outros,PA,SE,-0.045855868369917493
Total,tipo_outros,PA,SP,0.09891732027622953
Total,tipo_outros,PA,TO,-0.06135462146087249
Total,tipo_outros,PB,PE,0.4651418597912749
Total,tipo_outros,PB,PI,0.4458109132660013
Total,tipo_outros,PB,PR,-0.15934021641669377
Total,tipo_outros,PB,RJ,0.16796098006794377
Total,tipo_outros,PB,RN,0.3384987411496561
Total,tipo_outros,PB,RO,-0.19677750346637815
Total,tipo_outros,PB,RR,-0.22932868816800436
Total,tipo_outros,PB,RS,-0.2234584195493165
Total,tipo_outros,PB,SC,-0.14498976644745296
Total,tipo_outros,PB,SE,0.13471754268119793
Total,tipo_outros,PB,SP,0.04502637848057343
Total,tipo_outros,PB,TO,-0.372385471401824
Total,tipo_outros,PE,PI,0.2629227972408388
Total,tipo_outros,PE,PR,-0.3232775530680916
Total,tipo_outros,PE,RJ,0.4371698254321593
Total,tipo_outros,PE,RN,0.1695781381074895
Total,tipo_outros,PE,RO,-0.28405929969208943
Total,tipo_outros,PE,RR,-0.16841599900795962
Total,tipo_outros,PE,RS,-0.2809791523857735
Total,tipo_outros,PE,SC,-0.23558567212142784
Total,tipo_outros,PE,SE,0.1863126730057323
Total,tipo_outros,PE,SP,-0.0023682359266752914
Total,tipo_outros,PE,TO,-0.4316429067645176
Total,tipo_outros,PI,PR,-0.3483663700343155
Total,tipo_outros,PI,RJ,-0.03898721004871409
Total,tipo_outros,PI,RN,0.2388651868732496
Total,tipo_outros,PI,RO,-0.3186077291740065
Total,tipo_outros,PI,RR,-0.11594745159737828
Total,tipo_outros,PI,RS,-0.17011907190326506
Total,tipo_outros,PI,SC,-0.3623209435731088
Total,tipo_outros,PI,SE,0.14435106609749201
Total,tipo_outros,PI,SP,-0.30491902518189673
Total,tipo_outros,PI,TO,-0.16052882134402338
Total,tipo_outros,PR,RJ,-0.04088464129099567
Total,tipo_outros,PR,RN,-0.2075519622955324
Total,tipo_outros,PR,RO,0.32445589103415556
Total,tipo_outros,PR,RR,-0.34793056454970017
Total,tipo_outros,PR,RS,0.5769619082943013
Total,tipo_outros,PR,SC,0.6656457093058445
Total,tipo_outros,PR,SE,-0.12219130528717706
Total,tipo_outros,PR,SP,0.46312600491086997
Total,tipo_outros,PR,TO,0.23030861860598523
Total,tipo_outros,RJ,RN,0.20404754849220194
Total,tipo_outros,RJ,RO,-0.22496262946424495
Total,tipo_outros,RJ,RR,-0.2947811464443929
Total,tipo_outros,RJ,RS,-0.19181850824518928
Total,tipo_outros,RJ,SC,0.023889687970914907
Total,tipo_outros,RJ,SE,0.011249195119899894
Total,tipo_outros,RJ,SP,0.2520608735283656
Total,tipo_outros,RJ,TO,-0.22336204472774715
Total,tipo_outros,RN,RO,-0.3066171224292798
Total,tipo_outros,RN,RR,-0.2415067438248291
Total,tipo_outros,RN,RS,-0.16349092638654072
Total,tipo_outros,RN,SC,-0.25579348301003546
Total,tipo_outros,RN,SE,0.3188192909688492
Total,tipo_outros,RN,SP,-0.06294664269282427
Total,tipo_outros,RN,TO,-0.1346316227422183
Total,tipo_outros,RO,RR,-0.038173386703625134
Total,tipo_outros,RO,RS,0.3338026455160368
Total,tipo_outros,RO,SC,0.5000921788791459
Total,tipo_outros,RO,SE,-0.2669496156842342
Total,tipo_outros,RO,SP,0.3307313606524809
Total,tipo_outros,RO,TO,0.1330498531611111
Total,tipo_outros,RR,RS,-0.09729584695549802
Total,tipo_outros,RR,SC,-0.2519735273987142
Total,tipo_outros,RR,SE,-0.1228175184293274
Total,tipo_outros,RR,SP,-0.28862034323183094
Total,tipo_outros,RR,TO,-0.1320774700558326
Total,tipo_outros,RS,SC,0.6326561461374628
Total,tipo_outros,RS,SE,-0.14472324193939617
Total,tipo_outros,RS,SP,0.24620239840268715
Total,tipo_outros,RS,TO,0.21990655500146988
Total,tipo_outros,SC,SE,-0.24583578429811173
Total,tipo_outros,SC,SP,0.5977802362183912
Total,tipo_outros,SC,TO,0.005832056949764962
Total,tipo_outros,SE,SP,-0.17713546430498428
Total,tipo_outros,SE,TO,-0.2558339583086335
Total,tipo_outros,SP,TO,-0.18081427871961728
Total,tipo_rompimento_colapso_de_barragens,AC,AL,-0.11704077476557516
Total,tipo_rompimento_colapso_de_barragens,AC,AM,0.20549316448405636
Total,tipo_rompimento_colapso_de_barragens,AC,AP,-0.01031642991559697
Total,tipo_rompimento_colapso_de_barragens,AC,BA,-0.011340184281712884
Total,tipo_rompimento_colapso_de_barragens,AC,CE,-0.04817038057308096
Total,tipo_rompimento_colapso_de_barragens,AC,DF,-0.18327423388476935
Total,tipo_rompimento_colapso_de_barragens,AC,ES,-0.022965745127998528
Total,tipo_rompimento_colapso_de_barragens,AC,GO,-0.20394963876719657
Total,tipo_rompimento_colapso_de_barragens,AC,MA,-0.06596613940993935
Total,tipo_rompimento_colapso_de_barragens,AC,MG,-0.03255758442662537
Total,tipo_rompimento_colapso_de_barragens,AC,MS,-0.06470716746904076
Total,tipo_rompimento_colapso_de_barragens,AC,MT,-0.10638105149901814
Total,tipo_rompimento_colapso_de_barragens,AC,PA,0.19975437262659432
Total,tipo_rompimento_colapso_de_barragens,AC,PB,-0.16442975755802117
Total,tipo_rompimento_colapso_de_barragens,AC,PE,-0.01709953632763653
Total,tipo_rompimento_colapso_de_barragens,AC,PI,-0.08226603692667694
Total,tipo_rompimento_colapso_de_barragens,AC,PR,-0.13234357128523352
Total,tipo_rompimento_colapso_de_barragens,AC,RJ,-0.0901104579846925
Total,tipo_rompimento_colapso_de_barragens,AC,RN,-0.2898651358611348
Total,tipo_rompimento_colapso_de_barragens,AC,RO,0.2671658110458902
Total,tipo_rompimento_colapso_de_barragens,AC,RR,0.014754075827416328
Total,tipo_rompimento_colapso_de_barragens,AC,RS,-0.12707253400498714
Total,tipo_rompimento_colapso_de_barragens,AC,SC,0.13099975375161108
Total,tipo_rompimento_colapso_de_barragens,AC,SE,-0.07779241112386508
Total,tipo_rompimento_colapso_de_barragens,AC,SP,0.10007026086140011
Total,tipo_rompimento_colapso_de_barragens,AC,TO,-0.10668541980771645
Total,tipo_rompimento_colapso_de_barragens,AL,AM,0.04784004906481602
Total,tipo_rompimento_colapso_de_barragens,AL,AP,-0.12913773077334395
Total,tipo_rompimento_colapso_de_barragens,AL,BA,0.491733909923895
Total,tipo_rompimento_colapso_de_barragens,AL,CE,0.5000638229522107
Total,tipo_rompimento_colapso_de_barragens,AL,DF,-0.13589607270549636
Total,tipo_rompimento_colapso_de_barragens,AL,ES,0.04160944300189242
Total,tipo_rompimento_colapso_de_barragens,AL,GO,-0.2208878189486487
Total,tipo_rompimento_colapso_de_barragens,AL,MA,0.1395170582155075
Total,tipo_rompimento_colapso_de_barragens,AL,MG,-0.35154813438053434
Total,tipo_rompimento_colapso_de_barragens,AL,MS,-0.261634294321581
Total,tipo_rompimento_colapso_de_barragens,AL,MT,-0.23905610229959573
Total,tipo_rompimento_colapso_de_barragens,AL,PA,0.19824560094903945
Total,tipo_rompimento_colapso_de_barragens,AL,PB,0.4974756640717963
Total,tipo_rompimento_colapso_de_barragens,AL,PE,0.5185667124929954
Total,tipo_rompimento_colapso_de_barragens,AL,PI,0.3567015515200651
Total,tipo_rompimento_colapso_de_barragens,AL,PR,-0.31608319451795414
Total,tipo_rompimento_colapso_de_barragens,AL,RJ,0.17072132378119773
Total,tipo_rompimento_colapso_de_barragens,AL,RN,0.3435650701462898
Total,tipo_rompimento_colapso_de_barragens,AL,RO,-0.3258068143358652
Total,tipo_rompimento_colapso_de_barragens,AL,RR,-0.22465682619196883
Total,tipo_rompimento_colapso_de_barragens,AL,RS,-0.31586344147871315
Total,tipo_rompimento_colapso_de_barragens,AL,SC,-0.4163286084414552
Total,tipo_rompimento_colapso_de_barragens,AL,SE,0.2716079398927201
Total,tipo_rompimento_colapso_de_barragens,AL,SP,-0.20061957704471234
Total,tipo_rompimento_colapso_de_barragens,AL,TO,-0.32948520317503155
Total,tipo_rompimento_colapso_de_barragens,AM,AP,-0.0016479988368427382
Total,tipo_rompimento_colapso_de_barragens,AM,BA,0.28357266618756516
Total,tipo_rompimento_colapso_de_barragens,AM,CE,0.36682460654165117
Total,tipo_rompimento_colapso_de_barragens,AM,DF,-0.04638206146652201
Total,tipo_rompimento_colapso_de_barragens,AM,ES,0.07515839471815815
Total,tipo_rompimento_colapso_de_barragens,AM,GO,-0.24259125387327224
Total,tipo_rompimento_colapso_de_barragens,AM,MA,-0.14975678079186425
Total,tipo_rompimento_colapso_de_barragens,AM,MG,-0.15906438001733594
Total,tipo_rompimento_colapso_de_barragens,AM,MS,-0.17565233396033503
Total,tipo_rompimento_colapso_de_barragens,AM,MT,-0.3373610274924998
Total,tipo_rompimento_colapso_de_barragens,AM,PA,0.12471654632983556
Total,tipo_rompimento_colapso_de_barragens,AM,PB,0.029582869902258963
Total,tipo_rompimento_colapso_de_barragens,AM,PE,0.26147356041683084
Total,tipo_rompimento_colapso_de_barragens,AM,PI,-0.02612868411554439
Total,tipo_rompimento_colapso_de_barragens,AM,PR,-0.25324352824225715
Total,tipo_rompimento_colapso_de_barragens,AM,RJ,0.284217341407853
Total,tipo_rompimento_colapso_de_barragens,AM,RN,-0.026267300142807325
Total,tipo_rompimento_colapso_de_barragens,AM,RO,-0.16843028306000246
Total,tipo_rompimento_colapso_de_barragens,AM,RR,-0.12628347866244288
Total,tipo_rompimento_colapso_de_barragens,AM,RS,-0.2825351514541887
Total,tipo_rompimento_colapso_de_barragens,AM,SC,-0.07065181917950321
Total,tipo_rompimento_colapso_de_barragens,AM,SE,0.11641867287393969
Total,tipo_rompimento_colapso_de_barragens,AM,SP,0.15531022006303805
Total,tipo_rompimento_colapso_de_barragens,AM,TO,-0.26326045786190516
Total,tipo_rompimento_colapso_de_barragens,AP,BA,-0.15142489679605303
Total,tipo_rompimento_colapso_de_barragens,AP,CE,-0.10341675028661598
Total,tipo_rompimento_colapso_de_barragens,AP,DF,-0.06346238731845967
Total,tipo_rompimento_colapso_de_barragens,AP,ES,-0.14246034628946377
Total,tipo_rompimento_colapso_de_barragens,AP,GO,-0.140069393049509
Total,tipo_rompimento_colapso_de_barragens,AP,MA,-0.08303806661953617
Total,tipo_rompimento_colapso_de_barragens,AP,MG,0.09378959456610476
Total,tipo_rompimento_colapso_de_barragens,AP,MS,0.0026668368408317394
Total,tipo_rompimento_colapso_de_barragens,AP,MT,-0.054145269298668086
Total,tipo_rompimento_colapso_de_barragens,AP,PA,0.07469969857316897
Total,tipo_rompimento_colapso_de_barragens,AP,PB,-0.13181653909473093
Total,tipo_rompimento_colapso_de_barragens,AP,PE,-0.10679212271806746
Total,tipo_rompimento_colapso_de_barragens,AP,PI,-0.19748080455102238
Total,tipo_rompimento_colapso_de_barragens,AP,PR,-0.06734398774048528
Total,tipo_rompimento_colapso_de_barragens,AP,RJ,-0.019862010493611488
Total,tipo_rompimento_colapso_de_barragens,AP,RN,-0.15532157106617842
Total,tipo_rompimento_colapso_de_barragens,AP,RO,-0.125971862668653
Total,tipo_rompimento_colapso_de_barragens,AP,RR,-0.025792790712254012
Total,tipo_rompimento_colapso_de_barragens,AP,RS,-0.19410033214068997
Total,tipo_rompimento_colapso_de_barragens,AP,SC,-0.07923607239448927
Total,tipo_rompimento_colapso_de_barragens,AP,SE,-0.21252653890129505
Total,tipo_rompimento_colapso_de_barragens,AP,SP,-0.13313586472838626
Total,tipo_rompimento_colapso_de_barragens,AP,TO,0.054147883900538755
Total,tipo_rompimento_colapso_de_barragens,BA,CE,0.49606860926743446
Total,tipo_rompimento_colapso_de_barragens,BA,DF,0.006035496840358315
Total,tipo_rompimento_colapso_de_barragens,BA,ES,0.10347402146564688
Total,tipo_rompimento_colapso_de_barragens,BA,GO,-0.15650090011731377
Total,tipo_rompimento_colapso_de_barragens,BA,MA,-0.03742498295568008
Total,tipo_rompimento_colapso_de_barragens,BA,MG,-0.22240630026555427
Total,tipo_rompimento_colapso_de_barragens,BA,MS,-0.2810498578719417
Total,tipo_rompimento_colapso_de_barragens,BA,MT,-0.32415387015656694
Total,tipo_rompimento_colapso_de_barragens,BA,PA,0.15883230510877608
Total,tipo_rompimento_colapso_de_barragens,BA,PB,0.3250817373253313
Total,tipo_rompimento_colapso_de_barragens,BA,PE,0.4402285001655114
Total,tipo_rompimento_colapso_de_barragens,BA,PI,0.2251791374772381
Total,tipo_rompimento_colapso_de_barragens,BA,PR,-0.30976791241320495
Total,tipo_rompimento_colapso_de_barragens,BA,RJ,0.3891862693230762
Total,tipo_rompimento_colapso_de_barragens,BA,RN,0.42246086773725533
Total,tipo_rompimento_colapso_de_barragens,BA,RO,-0.29741249647546986
Total,tipo_rompimento_colapso_de_barragens,BA,RR,-0.26372950259587413
Total,tipo_rompimento_colapso_de_barragens,BA,RS,-0.273801124693198
Total,tipo_rompimento_colapso_de_barragens,BA,SC,-0.24593523379592017
Total,tipo_rompimento_colapso_de_barragens,BA,SE,0.25542464046959845
Total,tipo_rompimento_colapso_de_barragens,BA,SP,-0.03211157570149574
Total,tipo_rompimento_colapso_de_barragens,BA,TO,-0.38891695835898665
Total,tipo_rompimento_colapso_de_barragens,CE,DF,-0.04760986043516891
Total,tipo_rompimento_colapso_de_barragens,CE,ES,0.16803910926951118
Total,tipo_rompimento_colapso_de_barragens,CE,GO,-0.34969658217298516
Total,tipo_rompimento_colapso_de_barragens,CE,MA,0.02004857546336537
Total,tipo_rompimento_colapso_de_barragens,CE,MG,-0.27006967676338733
Total,tipo_rompimento_colapso_de_barragens,CE,MS,-0.4295469279136605
Total,tipo_rompimento_colapso_de_barragens,CE,MT,-0.37832699281387877
Total,tipo_rompimento_colapso_de_barragens,CE,PA,0.2004861411910673
Total,tipo_rompimento_colapso_de_barragens,CE,PB,0.4893017815583817
Total,tipo_rompimento_colapso_de_barragens,CE,PE,0.6782977251768154
Total,tipo_rompimento_colapso_de_barragens,CE,PI,0.3835289213828793
Total,tipo_rompimento_colapso_de_barragens,CE,PR,-0.42416738161479217
Total,tipo_rompimento_colapso_de_barragens,CE,RJ,0.36504224216784015
Total,tipo_rompimento_colapso_de_barragens,CE,RN,0.3513387963409533
Total,tipo_rompimento_colapso_de_barragens,CE,RO,-0.3118903942010878
Total,tipo_rompimento_colapso_de_barragens,CE,RR,-0.2720327467408439
Total,tipo_rompimento_colapso_de_barragens,CE,RS,-0.37806832032520804
Total,tipo_rompimento_colapso_de_barragens,CE,SC,-0.348453456490586
Total,tipo_rompimento_colapso_de_barragens,CE,SE,0.20227505601127513
Total,tipo_rompimento_colapso_de_barragens,CE,SP,-0.030849042747025136
Total,tipo_rompimento_colapso_de_barragens,CE,TO,-0.3847027285143393
Total,tipo_rompimento_colapso_de_barragens,DF,ES,0.0850177707538292
Total,tipo_rompimento_colapso_de_barragens,DF,GO,0.08711952289037063
Total,tipo_rompimento_colapso_de_barragens,DF,MA,-0.25890626127936905
Total,tipo_rompimento_colapso_de_barragens,DF,MG,0.4376854073128593
Total,tipo_rompimento_colapso_de_barragens,DF,MS,0.09045166238154372
Total,tipo_rompimento_colapso_de_barragens,DF,MT,-0.03705612913673631
Total,tipo_rompimento_colapso_de_barragens,DF,PA,-0.06717229578997341
Total,tipo_rompimento_colapso_de_barragens,DF,PB,0.15424907095453025
Total,tipo_rompimento_colapso_de_barragens,DF,PE,-0.03007197131543881
Total,tipo_rompimento_colapso_de_barragens,DF,PI,-0.12611581117809925
Total,tipo_rompimento_colapso_de_barragens,DF,PR,0.35000773254318546
Total,tipo_rompimento_colapso_de_barragens,DF,RJ,0.1877179678557052
Total,tipo_rompimento_colapso_de_barragens,DF,RN,0.0027083688639762083
Total,tipo_rompimento_colapso_de_barragens,DF,RO,0.10232667759936914
Total,tipo_rompimento_colapso_de_barragens,DF,RR,-0.2789456349025737
Total,tipo_rompimento_colapso_de_barragens,DF,RS,0.3201460737354071
Total,tipo_rompimento_colapso_de_barragens,DF,SC,0.4444816536762932
Total,tipo_rompimento_colapso_de_barragens,DF,SE,-0.055180322515323
Total,tipo_rompimento_colapso_de_barragens,DF,SP,0.416094123970662
Total,tipo_rompimento_colapso_de_barragens,DF,TO,-0.08467842083860673
Total,tipo_rompimento_colapso_de_barragens,ES,GO,-0.027685297902103948
Total,tipo_rompimento_colapso_de_barragens,ES,MA,0.08834620694874239
Total,tipo_rompimento_colapso_de_barragens,ES,MG,0.22009903372102912
Total,tipo_rompimento_colapso_de_barragens,ES,MS,-0.1588482642236697
Total,tipo_rompimento_colapso_de_barragens,ES,MT,-0.1480247147665035
Total,tipo_rompimento_colapso_de_barragens,ES,PA,0.004050857204256552
Total,tipo_rompimento_colapso_de_barragens,ES,PB,0.10617140257763152
Total,tipo_rompimento_colapso_de_barragens,ES,PE,0.02782791659593374
Total,tipo_rompimento_colapso_de_barragens,ES,PI,0.06533394969422564
Total,tipo_rompimento_colapso_de_barragens,ES,PR,0.012669691258639032
Total,tipo_rompimento_colapso_de_barragens,ES,RJ,0.15255195240858502
Total,tipo_rompimento_colapso_de_barragens,ES,RN,0.2511979247129837
Total,tipo_rompimento_colapso_de_barragens,ES,RO,-0.17593773921070227
Total,tipo_rompimento_colapso_de_barragens,ES,RR,-0.34004680859634107
Total,tipo_rompimento_colapso_de_barragens,ES,RS,0.0546333381207325
Total,tipo_rompimento_colapso_de_barragens,ES,SC,0.09722363237295915
Total,tipo_rompimento_colapso_de_barragens,ES,SE,0.07985166062099933
Total,tipo_rompimento_colapso_de_barragens,ES,SP,0.2188751275777417
Total,tipo_rompimento_colapso_de_barragens,ES,TO,0.03795706393326166
Total,tipo_rompimento_colapso_de_barragens,GO,MA,0.0685421805528892
Total,tipo_rompimento_colapso_de_barragens,GO,MG,0.30015073314672014
Total,tipo_rompimento_colapso_de_barragens,GO,MS,0.5842350042751997
Total,tipo_rompimento_colapso_de_barragens,GO,MT,0.38757689621577096
Total,tipo_rompimento_colapso_de_barragens,GO,PA,0.0008621749216201392
Total,tipo_rompimento_colapso_de_barragens,GO,PB,-0.21806388692926088
Total,tipo_rompimento_colapso_de_barragens,GO,PE,-0.4113910280719284
Total,tipo_rompimento_colapso_de_barragens,GO,PI,-0.07758098852949298
Total,tipo_rompimento_colapso_de_barragens,GO,PR,0.43459433655746954
Total,tipo_rompimento_colapso_de_barragens,GO,RJ,-0.1465870375684086
Total,tipo_rompimento_colapso_de_barragens,GO,RN,-0.02027790311700553
Total,tipo_rompimento_colapso_de_barragens,GO,RO,0.04658946900538351
Total,tipo_rompimento_colapso_de_barragens,GO,RR,-0.27322383835262404
Total,tipo_rompimento_colapso_de_barragens,GO,RS,0.13600307503378886
Total,tipo_rompimento_colapso_de_barragens,GO,SC,0.09521669322521921
Total,tipo_rompimento_colapso_de_barragens,GO,SE,0.010873305017265932
Total,tipo_rompimento_colapso_de_barragens,GO,SP,0.02025121828470048
Total,tipo_rompimento_colapso_de_barragens,GO,TO,0.31681165164205377
Total,tipo_rompimento_colapso_de_barragens,MA,MG,-0.13756137238141045
Total,tipo_rompimento_colapso_de_barragens,MA,MS,-0.11621864428000883
Total,tipo_rompimento_colapso_de_barragens,MA,MT,0.04669114379605801
Total,tipo_rompimento_colapso_de_barragens,MA,PA,0.06569951104295962
Total,tipo_rompimento_colapso_de_barragens,MA,PB,0.01465775929517627
Total,tipo_rompimento_colapso_de_barragens,MA,PE,-0.029354696068495896
Total,tipo_rompimento_colapso_de_barragens,MA,PI,0.44315239538011203
Total,tipo_rompimento_colapso_de_barragens,MA,PR,-0.1604749837876967
Total,tipo_rompimento_colapso_de_barragens,MA,RJ,-0.12394764508698067
Total,tipo_rompimento_colapso_de_barragens,MA,RN,0.05886467798453349
Total,tipo_rompimento_colapso_de_barragens,MA,RO,-0.04608319086432489
Total,tipo_rompimento_colapso_de_barragens,MA,RR,-0.2009732441251658
Total,tipo_rompimento_colapso_de_barragens,MA,RS,-0.08359842243017836
Total,tipo_rompimento_colapso_de_barragens,MA,SC,-0.2109866557092974
Total,tipo_rompimento_colapso_de_barragens,MA,SE,0.02100138638937685
Total,tipo_rompimento_colapso_de_barragens,MA,SP,-0.36376119896371406
Total,tipo_rompimento_colapso_de_barragens,MA,TO,0.20343466861775042
Total,tipo_rompimento_colapso_de_barragens,MG,MS,0.23366927291389789
Total,tipo_rompimento_colapso_de_barragens,MG,MT,0.16988873451389622
Total,tipo_rompimento_colapso_de_barragens,MG,PA,0.04529776975909265
Total,tipo_rompimento_colapso_de_barragens,MG,PB,-0.14733218961266611
Total,tipo_rompimento_colapso_de_barragens,MG,PE,-0.27575438337620883
Total,tipo_rompimento_colapso_de_barragens,MG,PI,-0.2379752249974007
Total,tipo_rompimento_colapso_de_barragens,MG,PR,0.5552690943044055
Total,tipo_rompimento_colapso_de_barragens,MG,RJ,0.10738826521121225
Total,tipo_rompimento_colapso_de_barragens,MG,RN,-0.14600611386452197
Total,tipo_rompimento_colapso_de_barragens,MG,RO,0.2615968343946731
Total,tipo_rompimento_colapso_de_barragens,MG,RR,-0.39626109968369067
Total,tipo_rompimento_colapso_de_barragens,MG,RS,0.2895846448092205
Total,tipo_rompimento_colapso_de_barragens,MG,SC,0.5421825438339302
Total,tipo_rompimento_colapso_de_barragens,MG,SE,-0.1708580323041028
Total,tipo_rompimento_colapso_de_barragens,MG,SP,0.5330409165885488
Total,tipo_rompimento_colapso_de_barragens,MG,TO,0.15446277814870074
Total,tipo_rompimento_colapso_de_barragens,MS,MT,0.36826500445539545
Total,tipo_rompimento_colapso_de_barragens,MS,PA,-0.039616860670323356
Total,tipo_rompimento_colapso_de_barragens,MS,PB,-0.3167270518028376
Total,tipo_rompimento_colapso_de_barragens,MS,PE,-0.4043736284964697
Total,tipo_rompimento_colapso_de_barragens,MS,PI,-0.29588470257613725
Total,tipo_rompimento_colapso_de_barragens,MS,PR,0.5396080538807898
Total,tipo_rompimento_colapso_de_barragens,MS,RJ,-0.2870307806776286
Total,tipo_rompimento_colapso_de_barragens,MS,RN,-0.31229299590436055
Total,tipo_rompimento_colapso_de_barragens,MS,RO,0.21549767917014684
Total,tipo_rompimento_colapso_de_barragens,MS,RR,-0.15841917396413005
Total,tipo_rompimento_colapso_de_barragens,MS,RS,0.24107955305516507
Total,tipo_rompimento_colapso_de_barragens,MS,SC,0.22978352988981204
Total,tipo_rompimento_colapso_de_barragens,MS,SE,-0.20770195837690947
Total,tipo_rompimento_colapso_de_barragens,MS,SP,0.09111268318360354
Total,tipo_rompimento_colapso_de_barragens,MS,TO,0.34145591280315407
Total,tipo_rompimento_colapso_de_barragens,MT,PA,-0.12388747510892538
Total,tipo_rompimento_colapso_de_barragens,MT,PB,-0.36371146608978566
Total,tipo_rompimento_colapso_de_barragens,MT,PE,-0.36702381213657576
Total,tipo_rompimento_colapso_de_barragens,MT,PI,-0.28882204976018316
Total,tipo_rompimento_colapso_de_barragens,MT,PR,0.3340973650469158
Total,tipo_rompimento_colapso_de_barragens,MT,RJ,-0.26910585320028246
Total,tipo_rompimento_colapso_de_barragens,MT,RN,-0.21602804316223495
Total,tipo_rompimento_colapso_de_barragens,MT,RO,0.1509391898710329
Total,tipo_rompimento_colapso_de_barragens,MT,RR,-0.11939223880256133
Total,tipo_rompimento_colapso_de_barragens,MT,RS,0.19879310161796437
Total,tipo_rompimento_colapso_de_barragens,MT,SC,0.15004082081221282
Total,tipo_rompimento_colapso_de_barragens,MT,SE,-0.005213360865018746
Total,tipo_rompimento_colapso_de_barragens,MT,SP,-0.10161447028646416
Total,tipo_rompimento_colapso_de_barragens,MT,TO,0.32133656816410283
Total,tipo_rompimento_colapso_de_barragens,PA,PB,0.07828614327294518
Total,tipo_rompimento_colapso_de_barragens,PA,PE,0.12461239014134337
Total,tipo_rompimento_colapso_de_barragens,PA,PI,-0.009686087793018801
Total,tipo_rompimento_colapso_de_barragens,PA,PR,-0.0949318015574744
Total,tipo_rompimento_colapso_de_barragens,PA,RJ,0.053323952534661365
Total,tipo_rompimento_colapso_de_barragens,PA,RN,-0.03888862652361562
Total,tipo_rompimento_colapso_de_barragens,PA,RO,0.08133859656089364
Total,tipo_rompimento_colapso_de_barragens,PA,RR,-0.32069806010107754
Total,tipo_rompimento_colapso_de_barragens,PA,RS,-0.15906593581453637
Total,tipo_rompimento_colapso_de_barragens,PA,SC,-0.04806885240575226
Total,tipo_rompimento_colapso_de_barragens,PA,SE,-0.044806570309721266
Total,tipo_rompimento_colapso_de_barragens,PA,SP,0.09882888775353514
Total,tipo_rompimento_colapso_de_barragens,PA,TO,-0.061621438018977855
Total,tipo_rompimento_colapso_de_barragens,PB,PE,0.4660231253762943
Total,tipo_rompimento_colapso_de_barragens,PB,PI,0.44363613625211207
Total,tipo_rompimento_colapso_de_barragens,PB,PR,-0.15873487855165624
Total,tipo_rompimento_colapso_de_barragens,PB,RJ,0.16754895055424895
Total,tipo_rompimento_colapso_de_barragens,PB,RN,0.33303047948994025
Total,tipo_rompimento_colapso_de_barragens,PB,RO,-0.19558025976729868
Total,tipo_rompimento_colapso_de_barragens,PB,RR,-0.22720185959771588
Total,tipo_rompimento_colapso_de_barragens,PB,RS,-0.22314178504750026
Total,tipo_rompimento_colapso_de_barragens,PB,SC,-0.14478934668810184
Total,tipo_rompimento_colapso_de_barragens,PB,SE,0.1353203926138198
Total,tipo_rompimento_colapso_de_barragens,PB,SP,0.04549174842082724
Total,tipo_rompimento_colapso_de_barragens,PB,TO,-0.37260253214693406
Total,tipo_rompimento_colapso_de_barragens,PE,PI,0.2643577754016702
Total,tipo_rompimento_colapso_de_barragens,PE,PR,-0.3241125331554808
Total,tipo_rompimento_colapso_de_barragens,PE,RJ,0.4372538675207716
Total,tipo_rompimento_colapso_de_barragens,PE,RN,0.16612215838291133
Total,tipo_rompimento_colapso_de_barragens,PE,RO,-0.2837907030461414
Total,tipo_rompimento_colapso_de_barragens,PE,RR,-0.16703973170364134
Total,tipo_rompimento_colapso_de_barragens,PE,RS,-0.28256869336198626
Total,tipo_rompimento_colapso_de_barragens,PE,SC,-0.23623080547159706
Total,tipo_rompimento_colapso_de_barragens,PE,SE,0.1858390448846916
Total,tipo_rompimento_colapso_de_barragens,PE,SP,-0.0024922256213426933
Total,tipo_rompimento_colapso_de_barragens,PE,TO,-0.43303561256230977
Total,tipo_rompimento_colapso_de_barragens,PI,PR,-0.3463268414092833
Total,tipo_rompimento_colapso_de_barragens,PI,RJ,-0.03484409493798598
Total,tipo_rompimento_colapso_de_barragens,PI,RN,0.23750711343984515
Total,tipo_rompimento_colapso_de_barragens,PI,RO,-0.3203863645370503
Total,tipo_rompimento_colapso_de_barragens,PI,RR,-0.11565137586857978
Total,tipo_rompimento_colapso_de_barragens,PI,RS,-0.17036746042213502
Total,tipo_rompimento_colapso_de_barragens,PI,SC,-0.36291211103052
Total,tipo_rompimento_colapso_de_barragens,PI,SE,0.14421227578451767
Total,tipo_rompimento_colapso_de_barragens,PI,SP,-0.3080235071147967
Total,tipo_rompimento_colapso_de_barragens,PI,TO,-0.15206340206441213
Total,tipo_rompimento_colapso_de_barragens,PR,RJ,-0.042399138554564925
Total,tipo_rompimento_colapso_de_barragens,PR,RN,-0.2051406406260501
Total,tipo_rompimento_colapso_de_barragens,PR,RO,0.3250092955172267
Total,tipo_rompimento_colapso_de_barragens,PR,RR,-0.3482970502370044
Total,tipo_rompimento_colapso_de_barragens,PR,RS,0.5759932570716833
Total,tipo_rompimento_colapso_de_barragens,PR,SC,0.6656009733426353
Total,tipo_rompimento_colapso_de_barragens,PR,SE,-0.12335400647781021
Total,tipo_rompimento_colapso_de_barragens,PR,SP,0.46265335653868933
Total,tipo_rompimento_colapso_de_barragens,PR,TO,0.22927484250665534
Total,tipo_rompimento_colapso_de_barragens,RJ,RN,0.20253171502576017
Total,tipo_rompimento_colapso_de_barragens,RJ,RO,-0.22519971745717096
Total,tipo_rompimento_colapso_de_barragens,RJ,RR,-0.29420634658686134
Total,tipo_rompimento_colapso_de_barragens,RJ,RS,-0.19356724728084776
Total,tipo_rompimento_colapso_de_barragens,RJ,SC,0.02404486009320426
Total,tipo_rompimento_colapso_de_barragens,RJ,SE,0.009744991033811025
Total,tipo_rompimento_colapso_de_barragens,RJ,SP,0.2512516459776991
Total,tipo_rompimento_colapso_de_barragens,RJ,TO,-0.2247913998408559
Total,tipo_rompimento_colapso_de_barragens,RN,RO,-0.30851496948808055
Total,tipo_rompimento_colapso_de_barragens,RN,RR,-0.24223309759636222
Total,tipo_rompimento_colapso_de_barragens,RN,RS,-0.15873355504512432
Total,tipo_rompimento_colapso_de_barragens,RN,SC,-0.25365217749583224
Total,tipo_rompimento_colapso_de_barragens,RN,SE,0.32170724951226287
Total,tipo_rompimento_colapso_de_barragens,RN,SP,-0.06334911961919049
Total,tipo_rompimento_colapso_de_barragens,RN,TO,-0.13252183951608115
Total,tipo_rompimento_colapso_de_barragens,RO,RR,-0.037895533366216816
Total,tipo_rompimento_colapso_de_barragens,RO,RS,0.3336297598498744
Total,tipo_rompimento_colapso_de_barragens,RO,SC,0.4987894786723366
Total,tipo_rompimento_colapso_de_barragens,RO,SE,-0.266517225069793
Total,tipo_rompimento_colapso_de_barragens,RO,SP,0.3310189109993911
Total,tipo_rompimento_colapso_de_barragens,RO,TO,0.13313236642858958
Total,tipo_rompimento_colapso_de_barragens,RR,RS,-0.0963388149324991
Total,tipo_rompimento_colapso_de_barragens,RR,SC,-0.25111547140374285
Total,tipo_rompimento_colapso_de_barragens,RR,SE,-0.12207061761741186
Total,tipo_rompimento_colapso_de_barragens,RR,SP,-0.2873114547804592
Total,tipo_rompimento_colapso_de_barragens,RR,TO,-0.13331551763996308
Total,tipo_rompimento_colapso_de_barragens,RS,SC,0.6323997670028624
Total,tipo_rompimento_colapso_de_barragens,RS,SE,-0.14597628584500952
Total,tipo_rompimento_colapso_de_barragens,RS,SP,0.24526384424647604
Total,tipo_rompimento_colapso_de_barragens,RS,TO,0.21904374203942456
Total,tipo_rompimento_colapso_de_barragens,SC,SE,-0.24744964682539364
Total,tipo_rompimento_colapso_de_barragens,SC,SP,0.5988102485753312
Total,tipo_rompimento_colapso_de_barragens,SC,TO,0.005076708709210664
Total,tipo_rompimento_colapso_de_barragens,SE,SP,-0.17884587208882483
Total,tipo_rompimento_colapso_de_barragens,SE,TO,-0.2564089369484782
Total,tipo_rompimento_colapso_de_barragens,SP,TO,-0.18179384486448566
Total,tipo_tornado,AC,AL,-0.11760573732842301
Total,tipo_tornado,AC,AM,0.2053685610939922
Total,tipo_tornado,AC,AP,-0.00910706417422259
Total,tipo_tornado,AC,BA,-0.012003031024549613
Total,tipo_tornado,AC,CE,-0.04917742606114232
Total,tipo_tornado,AC,DF,-0.1828314463823441
Total,tipo_tornado,AC,ES,-0.02342215581787902
Total,tipo_tornado,AC,GO,-0.2052930622430462
Total,tipo_tornado,AC,MA,-0.06577952127428867
Total,tipo_tornado,AC,MG,-0.03255542060965728
Total,tipo_tornado,AC,MS,-0.061060484019402124
Total,tipo_tornado,AC,MT,-0.10679028518324003
Total,tipo_tornado,AC,PA,0.1996069903658023
Total,tipo_tornado,AC,PB,-0.16497911771737295
Total,tipo_tornado,AC,PE,-0.01756164173113791
Total,tipo_tornado,AC,PI,-0.08205608837870645
Total,tipo_tornado,AC,PR,-0.1329825575031919
Total,tipo_tornado,AC,RJ,-0.08972981340866235
Total,tipo_tornado,AC,RN,-0.2888715233204476
Total,tipo_tornado,AC,RO,0.2706681736935426
Total,tipo_tornado,AC,RR,0.014409588227063416
Total,tipo_tornado,AC,RS,-0.12880494918002933
Total,tipo_tornado,AC,SC,0.1273119599406817
Total,tipo_tornado,AC,SE,-0.07838505092304539
Total,tipo_tornado,AC,SP,0.09972035512945633
Total,tipo_tornado,AC,TO,-0.10626728872420073
Total,tipo_tornado,AL,AM,0.047499104542128426
Total,tipo_tornado,AL,AP,-0.13197313623328458
Total,tipo_tornado,AL,BA,0.49192476267167207
Total,tipo_tornado,AL,CE,0.5005256308752515
Total,tipo_tornado,AL,DF,-0.13584755864637935
Total,tipo_tornado,AL,ES,0.04645647433847797
Total,tipo_tornado,AL,GO,-0.22099724167338664
Total,tipo_tornado,AL,MA,0.13949422124742786
Total,tipo_tornado,AL,MG,-0.35103907389643096
Total,tipo_tornado,AL,MS,-0.25983476889549983
Total,tipo_tornado,AL,MT,-0.23980148606602147
Total,tipo_tornado,AL,PA,0.1985772995660302
Total,tipo_tornado,AL,PB,0.49706601052079985
Total,tipo_tornado,AL,PE,0.5174691237521224
Total,tipo_tornado,AL,PI,0.35831879293953295
Total,tipo_tornado,AL,PR,-0.3164529007202145
Total,tipo_tornado,AL,RJ,0.17076084047818585
Total,tipo_tornado,AL,RN,0.34716187443204016
Total,tipo_tornado,AL,RO,-0.3290394638550626
Total,tipo_tornado,AL,RR,-0.22517867717731427
Total,tipo_tornado,AL,RS,-0.3154410062023543
Total,tipo_tornado,AL,SC,-0.4157879420454084
Total,tipo_tornado,AL,SE,0.27097699481085985
Total,tipo_tornado,AL,SP,-0.20104516730610494
Total,tipo_tornado,AL,TO,-0.32924890411850327
Total,tipo_tornado,AM,AP,-0.0004514930454873837
Total,tipo_tornado,AM,BA,0.28421234860563177
Total,tipo_tornado,AM,CE,0.36776204855905364
Total,tipo_tornado,AM,DF,-0.04598888288066553
Total,tipo_tornado,AM,ES,0.0709915911644815
Total,tipo_tornado,AM,GO,-0.24457042534858173
Total,tipo_tornado,AM,MA,-0.14951646584720688
Total,tipo_tornado,AM,MG,-0.1585963818917567
Total,tipo_tornado,AM,MS,-0.1761602531593545
Total,tipo_tornado,AM,MT,-0.3373653474302951
Total,tipo_tornado,AM,PA,0.12419551862174338
Total,tipo_tornado,AM,PB,0.029284342347771542
Total,tipo_tornado,AM,PE,0.261150014758328
Total,tipo_tornado,AM,PI,-0.024882781873348934
Total,tipo_tornado,AM,PR,-0.25358078702174114
Total,tipo_tornado,AM,RJ,0.2844134971076461
Total,tipo_tornado,AM,RN,-0.02423039125632594
Total,tipo_tornado,AM,RO,-0.16816775191659245
Total,tipo_tornado,AM,RR,-0.12657561912831505
Total,tipo_tornado,AM,RS,-0.2826313366599601
Total,tipo_tornado,AM,SC,-0.06880336055455336
Total,tipo_tornado,AM,SE,0.11609850478467747
Total,tipo_tornado,AM,SP,0.1555253190574597
Total,tipo_tornado,AM,TO,-0.2628069464562213
Total,tipo_tornado,AP,BA,-0.15214435062365958
Total,tipo_tornado,AP,CE,-0.10897811637838718
Total,tipo_tornado,AP,DF,-0.06095291525046179
Total,tipo_tornado,AP,ES,-0.14705485847505564
Total,tipo_tornado,AP,GO,-0.13464126201883153
Total,tipo_tornado,AP,MA,-0.08825386205088312
Total,tipo_tornado,AP,MG,0.09419252444237002
Total,tipo_tornado,AP,MS,0.0034603340726721134
Total,tipo_tornado,AP,MT,-0.04875041580951997
Total,tipo_tornado,AP,PA,0.07028163851232277
Total,tipo_tornado,AP,PB,-0.13615765535357194
Total,tipo_tornado,AP,PE,-0.1091565180283425
Total,tipo_tornado,AP,PI,-0.19179841576923973
Total,tipo_tornado,AP,PR,-0.06212170769744102
Total,tipo_tornado,AP,RJ,-0.020668497253982728
Total,tipo_tornado,AP,RN,-0.16111938317427096
Total,tipo_tornado,AP,RO,-0.12355915339073663
Total,tipo_tornado,AP,RR,-0.025973230802886032
Total,tipo_tornado,AP,RS,-0.19282154898224022
Total,tipo_tornado,AP,SC,-0.07719736074355793
Total,tipo_tornado,AP,SE,-0.20816504092736463
Total,tipo_tornado,AP,SP,-0.13263551897281065
Total,tipo_tornado,AP,TO,0.05477780807265123
Total,tipo_tornado,BA,CE,0.49736407543650357
Total,tipo_tornado,BA,DF,0.006447437394580814
Total,tipo_tornado,BA,ES,0.1019361082220736
Total,tipo_tornado,BA,GO,-0.15690065596674058
Total,tipo_tornado,BA,MA,-0.03572532724703323
Total,tipo_tornado,BA,MG,-0.22282874497510916
Total,tipo_tornado,BA,MS,-0.2797664242791747
Total,tipo_tornado,BA,MT,-0.3233992093670999
Total,tipo_tornado,BA,PA,0.1581417276625606
Total,tipo_tornado,BA,PB,0.32510613396376165
Total,tipo_tornado,BA,PE,0.4405905749932509
Total,tipo_tornado,BA,PI,0.22232730265162878
Total,tipo_tornado,BA,PR,-0.30903265493240817
Total,tipo_tornado,BA,RJ,0.3896799417517704
Total,tipo_tornado,BA,RN,0.4229272933000643
Total,tipo_tornado,BA,RO,-0.29879704306934624
Total,tipo_tornado,BA,RR,-0.2643863198012633
Total,tipo_tornado,BA,RS,-0.2720199874548841
Total,tipo_tornado,BA,SC,-0.24436693757066097
Total,tipo_tornado,BA,SE,0.2543909253122184
Total,tipo_tornado,BA,SP,-0.03208570778482094
Total,tipo_tornado,BA,TO,-0.3882800123703637
Total,tipo_tornado,CE,DF,-0.04617848598560853
Total,tipo_tornado,CE,ES,0.16385089956630886
Total,tipo_tornado,CE,GO,-0.3480809268271977
Total,tipo_tornado,CE,MA,0.022482014755182442
Total,tipo_tornado,CE,MG,-0.2669599429756365
Total,tipo_tornado,CE,MS,-0.42674187051899715
Total,tipo_tornado,CE,MT,-0.37902176078079647
Total,tipo_tornado,CE,PA,0.19737502475258498
Total,tipo_tornado,CE,PB,0.4902750231400921
Total,tipo_tornado,CE,PE,0.677766005632
Total,tipo_tornado,CE,PI,0.3768699570268151
Total,tipo_tornado,CE,PR,-0.42105002455896456
Total,tipo_tornado,CE,RJ,0.3665021200591333
Total,tipo_tornado,CE,RN,0.35349504764138445
Total,tipo_tornado,CE,RO,-0.3133041535699301
Total,tipo_tornado,CE,RR,-0.27265042172719955
Total,tipo_tornado,CE,RS,-0.37477268982999584
Total,tipo_tornado,CE,SC,-0.3418386067988527
Total,tipo_tornado,CE,SE,0.20244603880058795
Total,tipo_tornado,CE,SP,-0.02794399801398911
Total,tipo_tornado,CE,TO,-0.38332757656955874
Total,tipo_tornado,DF,ES,0.08485971163911392
Total,tipo_tornado,DF,GO,0.08844341207329375
Total,tipo_tornado,DF,MA,-0.25768554561042517
Total,tipo_tornado,DF,MG,0.43808547956648025
Total,tipo_tornado,DF,MS,0.08041098090301116
Total,tipo_tornado,DF,MT,-0.036879981892532346
Total,tipo_tornado,DF,PA,-0.06654856164827491
Total,tipo_tornado,DF,PB,0.1544458286591104
Total,tipo_tornado,DF,PE,-0.02976232837615334
Total,tipo_tornado,DF,PI,-0.12579591183920508
Total,tipo_tornado,DF,PR,0.35098210851124073
Total,tipo_tornado,DF,RJ,0.1888261427294384
Total,tipo_tornado,DF,RN,-0.005264525549203139
Total,tipo_tornado,DF,RO,0.10182322753614056
Total,tipo_tornado,DF,RR,-0.2791004076882126
Total,tipo_tornado,DF,RS,0.3248693239746047
Total,tipo_tornado,DF,SC,0.44845212065072704
Total,tipo_tornado,DF,SE,-0.055061638770858005
Total,tipo_tornado,DF,SP,0.4163034375170128
Total,tipo_tornado,DF,TO,-0.08348285668440307
Total,tipo_tornado,ES,GO,-0.027771048686436678
Total,tipo_tornado,ES,MA,0.08624112080636603
Total,tipo_tornado,ES,MG,0.21638000459243512
Total,tipo_tornado,ES,MS,-0.16348526858644627
Total,tipo_tornado,ES,MT,-0.15017983393223513
Total,tipo_tornado,ES,PA,0.002961145888560874
Total,tipo_tornado,ES,PB,0.11303663822121111
Total,tipo_tornado,ES,PE,0.029702624086821637
Total,tipo_tornado,ES,PI,0.06570350571604124
Total,tipo_tornado,ES,PR,0.006802676768158026
Total,tipo_tornado,ES,RJ,0.1466694573047427
Total,tipo_tornado,ES,RN,0.2520994724498265
Total,tipo_tornado,ES,RO,-0.1750137019173285
Total,tipo_tornado,ES,RR,-0.33148668373421036
Total,tipo_tornado,ES,RS,0.057003793755903726
Total,tipo_tornado,ES,SC,0.09592508827593647
Total,tipo_tornado,ES,SE,0.08437155969699134
Total,tipo_tornado,ES,SP,0.21812085582272955
Total,tipo_tornado,ES,TO,0.02925978933955686
Total,tipo_tornado,GO,MA,0.06873381459965225
Total,tipo_tornado,GO,MG,0.29951709526893855
Total,tipo_tornado,GO,MS,0.5828918153873908
Total,tipo_tornado,GO,MT,0.38709397937894324
Total,tipo_tornado,GO,PA,0.0005020373613461221
Total,tipo_tornado,GO,PB,-0.21747325949103682
Total,tipo_tornado,GO,PE,-0.4104917179164338
Total,tipo_tornado,GO,PI,-0.07682063997438962
Total,tipo_tornado,GO,PR,0.43381432492057903
Total,tipo_tornado,GO,RJ,-0.14597871195764028
Total,tipo_tornado,GO,RN,-0.022634974571669107
Total,tipo_tornado,GO,RO,0.04581318588016199
Total,tipo_tornado,GO,RR,-0.2739550205289448
Total,tipo_tornado,GO,RS,0.13687689884923904
Total,tipo_tornado,GO,SC,0.09167035207609307
Total,tipo_tornado,GO,SE,0.010746432500170766
Total,tipo_tornado,GO,SP,0.01889669374985206
Total,tipo_tornado,GO,TO,0.3176798854067921
Total,tipo_tornado,MA,MG,-0.13685758964918157
Total,tipo_tornado,MA,MS,-0.1105707872499858
Total,tipo_tornado,MA,MT,0.04658075524551177
Total,tipo_tornado,MA,PA,0.06626765264959214
Total,tipo_tornado,MA,PB,0.01478125669941517
Total,tipo_tornado,MA,PE,-0.029466965342679206
Total,tipo_tornado,MA,PI,0.43813800903480127
Total,tipo_tornado,MA,PR,-0.1586831108322562
Total,tipo_tornado,MA,RJ,-0.12300044889123843
Total,tipo_tornado,MA,RN,0.06114233311924405
Total,tipo_tornado,MA,RO,-0.04603223071580258
Total,tipo_tornado,MA,RR,-0.2011624329887743
Total,tipo_tornado,MA,RS,-0.0820940702221082
Total,tipo_tornado,MA,SC,-0.21658555480837724
Total,tipo_tornado,MA,SE,0.021030261208878232
Total,tipo_tornado,MA,SP,-0.36245648033187355
Total,tipo_tornado,MA,TO,0.2039876661713992
Total,tipo_tornado,MG,MS,0.23150631919271414
Total,tipo_tornado,MG,MT,0.16880587845724127
Total,tipo_tornado,MG,PA,0.04608123191990539
Total,tipo_tornado,MG,PB,-0.14663977627249047
Total,tipo_tornado,MG,PE,-0.2744238238561385
Total,tipo_tornado,MG,PI,-0.23969682043998786
Total,tipo_tornado,MG,PR,0.553786517237258
Total,tipo_tornado,MG,RJ,0.10946130502066964
Total,tipo_tornado,MG,RN,-0.1495989370114804
Total,tipo_tornado,MG,RO,0.2620268741332689
Total,tipo_tornado,MG,RR,-0.3958189736492959
Total,tipo_tornado,MG,RS,0.2917034956378207
Total,tipo_tornado,MG,SC,0.5435731454834454
Total,tipo_tornado,MG,SE,-0.17160492287458096
Total,tipo_tornado,MG,SP,0.5341158955346869
Total,tipo_tornado,MG,TO,0.15600217552638784
Total,tipo_tornado,MS,MT,0.37076666073208664
Total,tipo_tornado,MS,PA,-0.03925133362456662
Total,tipo_tornado,MS,PB,-0.3193445545350031
Total,tipo_tornado,MS,PE,-0.40093027786089847
Total,tipo_tornado,MS,PI,-0.29395957920330285
Total,tipo_tornado,MS,PR,0.5362162065469677
Total,tipo_tornado,MS,RJ,-0.28640670816813746
Total,tipo_tornado,MS,RN,-0.31234115900224374
Total,tipo_tornado,MS,RO,0.21505829361019957
Total,tipo_tornado,MS,RR,-0.15944202134764715
Total,tipo_tornado,MS,RS,0.2392139979596427
Total,tipo_tornado,MS,SC,0.2204148192608769
Total,tipo_tornado,MS,SE,-0.20475748917147943
Total,tipo_tornado,MS,SP,0.08548223726066809
Total,tipo_tornado,MS,TO,0.34541331631728966
Total,tipo_tornado,MT,PA,-0.12381107895241758
Total,tipo_tornado,MT,PB,-0.3643366725529182
Total,tipo_tornado,MT,PE,-0.36715290561906033
Total,tipo_tornado,MT,PI,-0.2884684930073447
Total,tipo_tornado,MT,PR,0.3335095597679781
Total,tipo_tornado,MT,RJ,-0.2689135785780684
Total,tipo_tornado,MT,RN,-0.2176547403360011
Total,tipo_tornado,MT,RO,0.1502999655914295
Total,tipo_tornado,MT,RR,-0.11961768344045118
Total,tipo_tornado,MT,RS,0.19520809330959407
Total,tipo_tornado,MT,SC,0.14867992692767174
Total,tipo_tornado,MT,SE,-0.006351295525600734
Total,tipo_tornado,MT,SP,-0.10236454088707067
Total,tipo_tornado,MT,TO,0.3216620158538657
Total,tipo_tornado,PA,PB,0.07748757050956835
Total,tipo_tornado,PA,PE,0.12502559473021002
Total,tipo_tornado,PA,PI,-0.0113434766889298
Total,tipo_tornado,PA,PR,-0.09390582538798109
Total,tipo_tornado,PA,RJ,0.05450074445377541
Total,tipo_tornado,PA,RN,-0.03474124505393877
Total,tipo_tornado,PA,RO,0.07991848141865263
Total,tipo_tornado,PA,RR,-0.3212103577274704
Total,tipo_tornado,PA,RS,-0.15346143705291668
Total,tipo_tornado,PA,SC,-0.0388485463318151
Total,tipo_tornado,PA,SE,-0.04516483118971489
Total,tipo_tornado,PA,SP,0.09797265996208633
Total,tipo_tornado,PA,TO,-0.06011427959215887
Total,tipo_tornado,PB,PE,0.46520056654546504
Total,tipo_tornado,PB,PI,0.4458351019696124
Total,tipo_tornado,PB,PR,-0.1586871466427169
Total,tipo_tornado,PB,RJ,0.16782191298604443
Total,tipo_tornado,PB,RN,0.338598662322909
Total,tipo_tornado,PB,RO,-0.19829695462823757
Total,tipo_tornado,PB,RR,-0.2277962525330518
Total,tipo_tornado,PB,RS,-0.2236343565812444
Total,tipo_tornado,PB,SC,-0.14352553915055716
Total,tipo_tornado,PB,SE,0.13456349804976078
Total,tipo_tornado,PB,SP,0.04622815409582883
Total,tipo_tornado,PB,TO,-0.3721754760313053
Total,tipo_tornado,PE,PI,0.2627595456134989
Total,tipo_tornado,PE,PR,-0.32462980170851546
Total,tipo_tornado,PE,RJ,0.4367151810800985
Total,tipo_tornado,PE,RN,0.16941934637373454
Total,tipo_tornado,PE,RO,-0.2870124198224796
Total,tipo_tornado,PE,RR,-0.16741561511098285
Total,tipo_tornado,PE,RS,-0.2807865540323132
Total,tipo_tornado,PE,SC,-0.2359103520153266
Total,tipo_tornado,PE,SE,0.18579908295566383
Total,tipo_tornado,PE,SP,-0.0030591066571557927
Total,tipo_tornado,PE,TO,-0.43215404989424316
Total,tipo_tornado,PI,PR,-0.3477628083942924
Total,tipo_tornado,PI,RJ,-0.03947463703965783
Total,tipo_tornado,PI,RN,0.2387241461115001
Total,tipo_tornado,PI,RO,-0.31993247355816407
Total,tipo_tornado,PI,RR,-0.11501134806915828
Total,tipo_tornado,PI,RS,-0.17044326738053955
Total,tipo_tornado,PI,SC,-0.3590614566095849
Total,tipo_tornado,PI,SE,0.1439629720555271
Total,tipo_tornado,PI,SP,-0.30515859652268784
Total,tipo_tornado,PI,TO,-0.16087364272894394
Total,tipo_tornado,PR,RJ,-0.04140460036662762
Total,tipo_tornado,PR,RN,-0.20679405788276395
Total,tipo_tornado,PR,RO,0.3252726324556126
Total,tipo_tornado,PR,RR,-0.348690287236886
Total,tipo_tornado,PR,RS,0.5779125395161862
Total,tipo_tornado,PR,SC,0.6612274185041773
Total,tipo_tornado,PR,SE,-0.12264728985843294
Total,tipo_tornado,PR,SP,0.46251572203738944
Total,tipo_tornado,PR,TO,0.23065282259232284
Total,tipo_tornado,RJ,RN,0.20350871097661108
Total,tipo_tornado,RJ,RO,-0.22708276962418095
Total,tipo_tornado,RJ,RR,-0.2943175387190565
Total,tipo_tornado,RJ,RS,-0.191835092663771
Total,tipo_tornado,RJ,SC,0.026932905352390565
Total,tipo_tornado,RJ,SE,0.009924124455284006
Total,tipo_tornado,RJ,SP,0.2515439008287645
Total,tipo_tornado,RJ,TO,-0.22363396743074454
Total,tipo_tornado,RN,RO,-0.30730916161225763
Total,tipo_tornado,RN,RR,-0.2409034010138382
Total,tipo_tornado,RN,RS,-0.1648825506271968
Total,tipo_tornado,RN,SC,-0.2515640588536543
Total,tipo_tornado,RN,SE,0.31863149294673665
Total,tipo_tornado,RN,SP,-0.06309435937307854
Total,tipo_tornado,RN,TO,-0.1344896505193888
Total,tipo_tornado,RO,RR,-0.037856694316662665
Total,tipo_tornado,RO,RS,0.33624275056160324
Total,tipo_tornado,RO,SC,0.5001024711018929
Total,tipo_tornado,RO,SE,-0.2686154716588496
Total,tipo_tornado,RO,SP,0.3318743545829347
Total,tipo_tornado,RO,TO,0.13446588798500272
Total,tipo_tornado,RR,RS,-0.0989531308554658
Total,tipo_tornado,RR,SC,-0.25221626677856235
Total,tipo_tornado,RR,SE,-0.12263373713100917
Total,tipo_tornado,RR,SP,-0.2875687939745256
Total,tipo_tornado,RR,TO,-0.13339087134219527
Total,tipo_tornado,RS,SC,0.6333872678861753
Total,tipo_tornado,RS,SE,-0.15036556106761928
Total,tipo_tornado,RS,SP,0.245793302862503
Total,tipo_tornado,RS,TO,0.22216796367566902
Total,tipo_tornado,SC,SE,-0.24768889626481405
Total,tipo_tornado,SC,SP,0.6002447308496079
Total,tipo_tornado,SC,TO,0.004393002504036829
Total,tipo_tornado,SE,SP,-0.17837292375429772
Total,tipo_tornado,SE,TO,-0.25608800812663285
Total,tipo_tornado,SP,TO,-0.1809990868200342
Total,tipo_vendavais_e_ciclones,AC,AL,-0.11793831379518463
Total,tipo_vendavais_e_ciclones,AC,AM,0.20610849393015646
Total,tipo_vendavais_e_ciclones,AC,AP,-0.012262952530302646
Total,tipo_vendavais_e_ciclones,AC,BA,-0.011541110322804214
Total,tipo_vendavais_e_ciclones,AC,CE,-0.04880213998276907
Total,tipo_vendavais_e_ciclones,AC,DF,-0.1833565530002924
Total,tipo_vendavais_e_ciclones,AC,ES,-0.02380553696945232
Total,tipo_vendavais_e_ciclones,AC,GO,-0.2043704935233972
Total,tipo_vendavais_e_ciclones,AC,MA,-0.06547470095627636
Total,tipo_vendavais_e_ciclones,AC,MG,-0.03230000523799455
Total,tipo_vendavais_e_ciclones,AC,MS,-0.06096766716526619
Total,tipo_vendavais_e_ciclones,AC,MT,-0.10631751765240904
Total,tipo_vendavais_e_ciclones,AC,PA,0.1992430278746515
Total,tipo_vendavais_e_ciclones,AC,PB,-0.16497445843892086
Total,tipo_vendavais_e_ciclones,AC,PE,-0.017021662029498588
Total,tipo_vendavais_e_ciclones,AC,PI,-0.0818252557701939
Total,tipo_vendavais_e_ciclones,AC,PR,-0.13182774504837722
Total,tipo_vendavais_e_ciclones,AC,RJ,-0.08955318848915898
Total,tipo_vendavais_e_ciclones,AC,RN,-0.28921493900156103
Total,tipo_vendavais_e_ciclones,AC,RO,0.2664136724709032
Total,tipo_vendavais_e_ciclones,AC,RR,0.014231624401366346
Total,tipo_vendavais_e_ciclones,AC,RS,-0.12751025876550537
Total,tipo_vendavais_e_ciclones,AC,SC,0.1372797799160971
Total,tipo_vendavais_e_ciclones,AC,SE,-0.07835355953338294
Total,tipo_vendavais_e_ciclones,AC,SP,0.09960437992246193
Total,tipo_vendavais_e_ciclones,AC,TO,-0.10598700059658432
Total,tipo_vendavais_e_ciclones,AL,AM,0.04713462780222423
Total,tipo_vendavais_e_ciclones,AL,AP,-0.12850753317265673
Total,tipo_vendavais_e_ciclones,AL,BA,0.49118937711948607
Total,tipo_vendavais_e_ciclones,AL,CE,0.49984934452586793
Total,tipo_vendavais_e_ciclones,AL,DF,-0.13117950162684894
Total,tipo_vendavais_e_ciclones,AL,ES,0.046048295392616685
Total,tipo_vendavais_e_ciclones,AL,GO,-0.22134383488368567
Total,tipo_vendavais_e_ciclones,AL,MA,0.13894359878462265
Total,tipo_vendavais_e_ciclones,AL,MG,-0.3510015778204241
Total,tipo_vendavais_e_ciclones,AL,MS,-0.26241936422933804
Total,tipo_vendavais_e_ciclones,AL,MT,-0.23944844871353643
Total,tipo_vendavais_e_ciclones,AL,PA,0.1970718338526849
Total,tipo_vendavais_e_ciclones,AL,PB,0.4963027221071608
Total,tipo_vendavais_e_ciclones,AL,PE,0.5167842044061148
Total,tipo_vendavais_e_ciclones,AL,PI,0.3579808228313418
Total,tipo_vendavais_e_ciclones,AL,PR,-0.3166710644099031
Total,tipo_vendavais_e_ciclones,AL,RJ,0.17057266311442848
Total,tipo_vendavais_e_ciclones,AL,RN,0.3462929517968746
Total,tipo_vendavais_e_ciclones,AL,RO,-0.3267432793768523
Total,tipo_vendavais_e_ciclones,AL,RR,-0.22549859065749545
Total,tipo_vendavais_e_ciclones,AL,RS,-0.31566414509733354
Total,tipo_vendavais_e_ciclones,AL,SC,-0.4124239026752557
Total,tipo_vendavais_e_ciclones,AL,SE,0.2704411141907394
Total,tipo_vendavais_e_ciclones,AL,SP,-0.2017861195313367
Total,tipo_vendavais_e_ciclones,AL,TO,-0.3295104258881979
Total,tipo_vendavais_e_ciclones,AM,AP,-0.0025387627572852774
Total,tipo_vendavais_e_ciclones,AM,BA,0.28375340483563466
Total,tipo_vendavais_e_ciclones,AM,CE,0.36783590916381914
Total,tipo_vendavais_e_ciclones,AM,DF,-0.044824369378893905
Total,tipo_vendavais_e_ciclones,AM,ES,0.07075818983731945
Total,tipo_vendavais_e_ciclones,AM,GO,-0.24411259475947605
Total,tipo_vendavais_e_ciclones,AM,MA,-0.14951820055502693
Total,tipo_vendavais_e_ciclones,AM,MG,-0.1577319541689868
Total,tipo_vendavais_e_ciclones,AM,MS,-0.1751422617892034
Total,tipo_vendavais_e_ciclones,AM,MT,-0.3369998391584439
Total,tipo_vendavais_e_ciclones,AM,PA,0.12445631175417063
Total,tipo_vendavais_e_ciclones,AM,PB,0.02882227137941083
Total,tipo_vendavais_e_ciclones,AM,PE,0.26131459142166663
Total,tipo_vendavais_e_ciclones,AM,PI,-0.024928260467742182
Total,tipo_vendavais_e_ciclones,AM,PR,-0.25231664344357957
Total,tipo_vendavais_e_ciclones,AM,RJ,0.284157082612842
Total,tipo_vendavais_e_ciclones,AM,RN,-0.024638856680339306
Total,tipo_vendavais_e_ciclones,AM,RO,-0.16832800323173072
Total,tipo_vendavais_e_ciclones,AM,RR,-0.12671138887605524
Total,tipo_vendavais_e_ciclones,AM,RS,-0.2816464075636219
Total,tipo_vendavais_e_ciclones,AM,SC,-0.06800261714295139
Total,tipo_vendavais_e_ciclones,AM,SE,0.11614583015792246
Total,tipo_vendavais_e_ciclones,AM,SP,0.15566476754692052
Total,tipo_vendavais_e_ciclones,AM,TO,-0.2624873062496391
Total,tipo_vendavais_e_ciclones,AP,BA,-0.15154159433770195
Total,tipo_vendavais_e_ciclones,AP,CE,-0.10375925026054214
Total,tipo_vendavais_e_ciclones,AP,DF,-0.06604878112873253
Total,tipo_vendavais_e_ciclones,AP,ES,-0.14008231353072131
Total,tipo_vendavais_e_ciclones,AP,GO,-0.14092995607128636
Total,tipo_vendavais_e_ciclones,AP,MA,-0.08217576796627707
Total,tipo_vendavais_e_ciclones,AP,MG,0.09231092035540811
Total,tipo_vendavais_e_ciclones,AP,MS,0.0016801549003858818
Total,tipo_vendavais_e_ciclones,AP,MT,-0.05467038396418202
Total,tipo_vendavais_e_ciclones,AP,PA,0.07463550666240797
Total,tipo_vendavais_e_ciclones,AP,PB,-0.13071569065052022
Total,tipo_vendavais_e_ciclones,AP,PE,-0.1070953827861316
Total,tipo_vendavais_e_ciclones,AP,PI,-0.19022439214064957
Total,tipo_vendavais_e_ciclones,AP,PR,-0.06921172209912625
Total,tipo_vendavais_e_ciclones,AP,RJ,-0.021380515593738318
Total,tipo_vendavais_e_ciclones,AP,RN,-0.15322238665425067
Total,tipo_vendavais_e_ciclones,AP,RO,-0.12744444821467327
Total,tipo_vendavais_e_ciclones,AP,RR,-0.025741276182634977
Total,tipo_vendavais_e_ciclones,AP,RS,-0.19301618368504134
Total,tipo_vendavais_e_ciclones,AP,SC,-0.08167435725788237
Total,tipo_vendavais_e_ciclones,AP,SE,-0.2131193920432728
Total,tipo_vendavais_e_ciclones,AP,SP,-0.13569821239143734
Total,tipo_vendavais_e_ciclones,AP,TO,0.05468487306046677
Total,tipo_vendavais_e_ciclones,BA,CE,0.49650817541185444
Total,tipo_vendavais_e_ciclones,BA,DF,0.01240915220195156
Total,tipo_vendavais_e_ciclones,BA,ES,0.10070847169628312
Total,tipo_vendavais_e_ciclones,BA,GO,-0.1565902861984423
Total,tipo_vendavais_e_ciclones,BA,MA,-0.03615470383359908
Total,tipo_vendavais_e_ciclones,BA,MG,-0.2215269795235952
Total,tipo_vendavais_e_ciclones,BA,MS,-0.2809685846362782
Total,tipo_vendavais_e_ciclones,BA,MT,-0.32296052369265454
Total,tipo_vendavais_e_ciclones,BA,PA,0.15887049512122733
Total,tipo_vendavais_e_ciclones,BA,PB,0.32408585332639783
Total,tipo_vendavais_e_ciclones,BA,PE,0.4397736607574323
Total,tipo_vendavais_e_ciclones,BA,PI,0.22223714247165766
Total,tipo_vendavais_e_ciclones,BA,PR,-0.3074538660655134
Total,tipo_vendavais_e_ciclones,BA,RJ,0.3893074617691337
Total,tipo_vendavais_e_ciclones,BA,RN,0.42190089569897676
Total,tipo_vendavais_e_ciclones,BA,RO,-0.296659490152048
Total,tipo_vendavais_e_ciclones,BA,RR,-0.26460606303667916
Total,tipo_vendavais_e_ciclones,BA,RS,-0.272911414592736
Total,tipo_vendavais_e_ciclones,BA,SC,-0.24388146328201132
Total,tipo_vendavais_e_ciclones,BA,SE,0.253829211063176
Total,tipo_vendavais_e_ciclones,BA,SP,-0.03167590871469883
Total,tipo_vendavais_e_ciclones,BA,TO,-0.3877912072012997
Total,tipo_vendavais_e_ciclones,CE,DF,-0.04772346945644353
Total,tipo_vendavais_e_ciclones,CE,ES,0.16249891364566246
Total,tipo_vendavais_e_ciclones,CE,GO,-0.3483151084626511
Total,tipo_vendavais_e_ciclones,CE,MA,0.02188240843372456
Total,tipo_vendavais_e_ciclones,CE,MG,-0.26657536290301886
Total,tipo_vendavais_e_ciclones,CE,MS,-0.42869364089810846
Total,tipo_vendavais_e_ciclones,CE,MT,-0.3789394427671011
Total,tipo_vendavais_e_ciclones,CE,PA,0.19738163020986008
Total,tipo_vendavais_e_ciclones,CE,PB,0.4894844268581633
Total,tipo_vendavais_e_ciclones,CE,PE,0.6773110063701601
Total,tipo_vendavais_e_ciclones,CE,PI,0.376622684536899
Total,tipo_vendavais_e_ciclones,CE,PR,-0.4204467827282919
Total,tipo_vendavais_e_ciclones,CE,RJ,0.36620190446059203
Total,tipo_vendavais_e_ciclones,CE,RN,0.3524974019593426
Total,tipo_vendavais_e_ciclones,CE,RO,-0.3109886336200276
Total,tipo_vendavais_e_ciclones,CE,RR,-0.2729754549952359
Total,tipo_vendavais_e_ciclones,CE,RS,-0.37535673363598865
Total,tipo_vendavais_e_ciclones,CE,SC,-0.33992325467693624
Total,tipo_vendavais_e_ciclones,CE,SE,0.2019514745574852
Total,tipo_vendavais_e_ciclones,CE,SP,-0.02830829175497436
Total,tipo_vendavais_e_ciclones,CE,TO,-0.3835461146406948
Total,tipo_vendavais_e_ciclones,DF,ES,0.08601098822353442
Total,tipo_vendavais_e_ciclones,DF,GO,0.09710343201179421
Total,tipo_vendavais_e_ciclones,DF,MA,-0.2557760470191526
Total,tipo_vendavais_e_ciclones,DF,MG,0.43283469611981074
Total,tipo_vendavais_e_ciclones,DF,MS,0.08390381161737792
Total,tipo_vendavais_e_ciclones,DF,MT,-0.03432561867823384
Total,tipo_vendavais_e_ciclones,DF,PA,-0.06582244191812162
Total,tipo_vendavais_e_ciclones,DF,PB,0.1537542067337221
Total,tipo_vendavais_e_ciclones,DF,PE,-0.025636207454248418
Total,tipo_vendavais_e_ciclones,DF,PI,-0.12349407224681375
Total,tipo_vendavais_e_ciclones,DF,PR,0.3492059343378464
Total,tipo_vendavais_e_ciclones,DF,RJ,0.18071428976410647
Total,tipo_vendavais_e_ciclones,DF,RN,-0.0027395589730695273
Total,tipo_vendavais_e_ciclones,DF,RO,0.10242173264677358
Total,tipo_vendavais_e_ciclones,DF,RR,-0.27982672951314796
Total,tipo_vendavais_e_ciclones,DF,RS,0.3210671689300914
Total,tipo_vendavais_e_ciclones,DF,SC,0.4406785920578338
Total,tipo_vendavais_e_ciclones,DF,SE,-0.04740511427389921
Total,tipo_vendavais_e_ciclones,DF,SP,0.41111076928385415
Total,tipo_vendavais_e_ciclones,DF,TO,-0.08803820259340794
Total,tipo_vendavais_e_ciclones,ES,GO,-0.028945897097493
Total,tipo_vendavais_e_ciclones,ES,MA,0.08560414643028055
Total,tipo_vendavais_e_ciclones,ES,MG,0.21614767797989562
Total,tipo_vendavais_e_ciclones,ES,MS,-0.16458747608979402
Total,tipo_vendavais_e_ciclones,ES,MT,-0.14889607484648906
Total,tipo_vendavais_e_ciclones,ES,PA,0.0021125745795850855
Total,tipo_vendavais_e_ciclones,ES,PB,0.11133708271084074
Total,tipo_vendavais_e_ciclones,ES,PE,0.028908102277378656
Total,tipo_vendavais_e_ciclones,ES,PI,0.06395077534904059
Total,tipo_vendavais_e_ciclones,ES,PR,0.00719446607140496
Total,tipo_vendavais_e_ciclones,ES,RJ,0.1466403847734775
Total,tipo_vendavais_e_ciclones,ES,RN,0.2509204361596519
Total,tipo_vendavais_e_ciclones,ES,RO,-0.17812132262564764
Total,tipo_vendavais_e_ciclones,ES,RR,-0.3316655793051814
Total,tipo_vendavais_e_ciclones,ES,RS,0.05582326994330914
Total,tipo_vendavais_e_ciclones,ES,SC,0.09766126715877042
Total,tipo_vendavais_e_ciclones,ES,SE,0.08413384465873622
Total,tipo_vendavais_e_ciclones,ES,SP,0.2172680109420226
Total,tipo_vendavais_e_ciclones,ES,TO,0.029962994644319577
Total,tipo_vendavais_e_ciclones,GO,MA,0.06897960871496293
Total,tipo_vendavais_e_ciclones,GO,MG,0.3004920482131146
Total,tipo_vendavais_e_ciclones,GO,MS,0.5835521399342408
Total,tipo_vendavais_e_ciclones,GO,MT,0.38725550417895405
Total,tipo_vendavais_e_ciclones,GO,PA,0.0007335704331584964
Total,tipo_vendavais_e_ciclones,GO,PB,-0.21769577340325824
Total,tipo_vendavais_e_ciclones,GO,PE,-0.41066526032956835
Total,tipo_vendavais_e_ciclones,GO,PI,-0.07627952258776419
Total,tipo_vendavais_e_ciclones,GO,PR,0.43449455704333334
Total,tipo_vendavais_e_ciclones,GO,RJ,-0.14550531731203625
Total,tipo_vendavais_e_ciclones,GO,RN,-0.023195687713831865
Total,tipo_vendavais_e_ciclones,GO,RO,0.04592862254541879
Total,tipo_vendavais_e_ciclones,GO,RR,-0.2738976859054444
Total,tipo_vendavais_e_ciclones,GO,RS,0.13501099378248374
Total,tipo_vendavais_e_ciclones,GO,SC,0.0920935469955725
Total,tipo_vendavais_e_ciclones,GO,SE,0.011330292356444081
Total,tipo_vendavais_e_ciclones,GO,SP,0.02057246915009026
Total,tipo_vendavais_e_ciclones,GO,TO,0.3181286915299499
Total,tipo_vendavais_e_ciclones,MA,MG,-0.13626990143518847
Total,tipo_vendavais_e_ciclones,MA,MS,-0.11392094336590453
Total,tipo_vendavais_e_ciclones,MA,MT,0.04691905257321321
Total,tipo_vendavais_e_ciclones,MA,PA,0.06583091630286006
Total,tipo_vendavais_e_ciclones,MA,PB,0.014147143458481072
Total,tipo_vendavais_e_ciclones,MA,PE,-0.030021559966623586
Total,tipo_vendavais_e_ciclones,MA,PI,0.4381549450897109
Total,tipo_vendavais_e_ciclones,MA,PR,-0.1594551463781554
Total,tipo_vendavais_e_ciclones,MA,RJ,-0.12290113911824563
Total,tipo_vendavais_e_ciclones,MA,RN,0.0604277051549388
Total,tipo_vendavais_e_ciclones,MA,RO,-0.04601399242711853
Total,tipo_vendavais_e_ciclones,MA,RR,-0.20136786383448366
Total,tipo_vendavais_e_ciclones,MA,RS,-0.08336654009508632
Total,tipo_vendavais_e_ciclones,MA,SC,-0.225739957979801
Total,tipo_vendavais_e_ciclones,MA,SE,0.021173445874918078
Total,tipo_vendavais_e_ciclones,MA,SP,-0.36231235692434827
Total,tipo_vendavais_e_ciclones,MA,TO,0.20422506334412788
Total,tipo_vendavais_e_ciclones,MG,MS,0.23395326424645088
Total,tipo_vendavais_e_ciclones,MG,MT,0.16942680601308804
Total,tipo_vendavais_e_ciclones,MG,PA,0.046476551973377835
Total,tipo_vendavais_e_ciclones,MG,PB,-0.14635577872494612
Total,tipo_vendavais_e_ciclones,MG,PE,-0.2738491023825049
Total,tipo_vendavais_e_ciclones,MG,PI,-0.23846449674626177
Total,tipo_vendavais_e_ciclones,MG,PR,0.5557998605067858
Total,tipo_vendavais_e_ciclones,MG,RJ,0.1110783806099938
Total,tipo_vendavais_e_ciclones,MG,RN,-0.14997962081930338
Total,tipo_vendavais_e_ciclones,MG,RO,0.2617901122579973
Total,tipo_vendavais_e_ciclones,MG,RR,-0.39691772953725574
Total,tipo_vendavais_e_ciclones,MG,RS,0.287634263818837
Total,tipo_vendavais_e_ciclones,MG,SC,0.5442186463427451
Total,tipo_vendavais_e_ciclones,MG,SE,-0.17079805377061671
Total,tipo_vendavais_e_ciclones,MG,SP,0.5348563865021717
Total,tipo_vendavais_e_ciclones,MG,TO,0.15686757950002353
Total,tipo_vendavais_e_ciclones,MS,MT,0.37113158916210387
Total,tipo_vendavais_e_ciclones,MS,PA,-0.037012383176551145
Total,tipo_vendavais_e_ciclones,MS,PB,-0.3185387114035888
Total,tipo_vendavais_e_ciclones,MS,PE,-0.4038720141538075
Total,tipo_vendavais_e_ciclones,MS,PI,-0.2975531761018849
Total,tipo_vendavais_e_ciclones,MS,PR,0.5396116080684233
Total,tipo_vendavais_e_ciclones,MS,RJ,-0.2879755013970629
Total,tipo_vendavais_e_ciclones,MS,RN,-0.3155276310952835
Total,tipo_vendavais_e_ciclones,MS,RO,0.21551509852142256
Total,tipo_vendavais_e_ciclones,MS,RR,-0.15873029308496253
Total,tipo_vendavais_e_ciclones,MS,RS,0.24113437545277142
Total,tipo_vendavais_e_ciclones,MS,SC,0.22711015324271383
Total,tipo_vendavais_e_ciclones,MS,SE,-0.20644327115451253
Total,tipo_vendavais_e_ciclones,MS,SP,0.09024579013800302
Total,tipo_vendavais_e_ciclones,MS,TO,0.34572614141441066
Total,tipo_vendavais_e_ciclones,MT,PA,-0.12351493260701722
Total,tipo_vendavais_e_ciclones,MT,PB,-0.36425925338569876
Total,tipo_vendavais_e_ciclones,MT,PE,-0.3668081253075424
Total,tipo_vendavais_e_ciclones,MT,PI,-0.2875821600171104
Total,tipo_vendavais_e_ciclones,MT,PR,0.33394957078935855
Total,tipo_vendavais_e_ciclones,MT,RJ,-0.2680784067434988
Total,tipo_vendavais_e_ciclones,MT,RN,-0.21774717452121736
Total,tipo_vendavais_e_ciclones,MT,RO,0.15090541209281963
Total,tipo_vendavais_e_ciclones,MT,RR,-0.11964048528077617
Total,tipo_vendavais_e_ciclones,MT,RS,0.19871185803739227
Total,tipo_vendavais_e_ciclones,MT,SC,0.14244652547026024
Total,tipo_vendavais_e_ciclones,MT,SE,-0.004989485199124765
Total,tipo_vendavais_e_ciclones,MT,SP,-0.10127273541139983
Total,tipo_vendavais_e_ciclones,MT,TO,0.32175890340736857
Total,tipo_vendavais_e_ciclones,PA,PB,0.0767198123436572
Total,tipo_vendavais_e_ciclones,PA,PE,0.12418060025251819
Total,tipo_vendavais_e_ciclones,PA,PI,-0.011254188591733659
Total,tipo_vendavais_e_ciclones,PA,PR,-0.09414282304622248
Total,tipo_vendavais_e_ciclones,PA,RJ,0.05449952390275499
Total,tipo_vendavais_e_ciclones,PA,RN,-0.03558817916622642
Total,tipo_vendavais_e_ciclones,PA,RO,0.08094227908650488
Total,tipo_vendavais_e_ciclones,PA,RR,-0.32183345872398833
Total,tipo_vendavais_e_ciclones,PA,RS,-0.15820427040416843
Total,tipo_vendavais_e_ciclones,PA,SC,-0.04222765406942252
Total,tipo_vendavais_e_ciclones,PA,SE,-0.0449564447420346
Total,tipo_vendavais_e_ciclones,PA,SP,0.09854524223019522
Total,tipo_vendavais_e_ciclones,PA,TO,-0.060448116834378694
Total,tipo_vendavais_e_ciclones,PB,PE,0.46434853993537245
Total,tipo_vendavais_e_ciclones,PB,PI,0.4455929241445104
Total,tipo_vendavais_e_ciclones,PB,PR,-0.15880090782466696
Total,tipo_vendavais_e_ciclones,PB,RJ,0.16734484024802432
Total,tipo_vendavais_e_ciclones,PB,RN,0.33750869712699966
Total,tipo_vendavais_e_ciclones,PB,RO,-0.19605434830667962
Total,tipo_vendavais_e_ciclones,PB,RR,-0.22816763518378413
Total,tipo_vendavais_e_ciclones,PB,RS,-0.22428506340337376
Total,tipo_vendavais_e_ciclones,PB,SC,-0.14060298009639524
Total,tipo_vendavais_e_ciclones,PB,SE,0.133935698825496
Total,tipo_vendavais_e_ciclones,PB,SP,0.04483683333989683
Total,tipo_vendavais_e_ciclones,PB,TO,-0.3723824285800977
Total,tipo_vendavais_e_ciclones,PE,PI,0.2624403469258116
Total,tipo_vendavais_e_ciclones,PE,PR,-0.32357906056988184
Total,tipo_vendavais_e_ciclones,PE,RJ,0.4366536596116987
Total,tipo_vendavais_e_ciclones,PE,RN,0.1682946567948309
Total,tipo_vendavais_e_ciclones,PE,RO,-0.28395235501208826
Total,tipo_vendavais_e_ciclones,PE,RR,-0.16756279319206777
Total,tipo_vendavais_e_ciclones,PE,RS,-0.2811960652911003
Total,tipo_vendavais_e_ciclones,PE,SC,-0.2331424743878692
Total,tipo_vendavais_e_ciclones,PE,SE,0.1852293066221979
Total,tipo_vendavais_e_ciclones,PE,SP,-0.0035649904646009568
Total,tipo_vendavais_e_ciclones,PE,TO,-0.43231896680283055
Total,tipo_vendavais_e_ciclones,PI,PR,-0.3477172265040991
Total,tipo_vendavais_e_ciclones,PI,RJ,-0.03952577622149108
Total,tipo_vendavais_e_ciclones,PI,RN,0.2381756605134417
Total,tipo_vendavais_e_ciclones,PI,RO,-0.3178955743841204
Total,tipo_vendavais_e_ciclones,PI,RR,-0.11514109534931735
Total,tipo_vendavais_e_ciclones,PI,RS,-0.1714187249670706
Total,tipo_vendavais_e_ciclones,PI,SC,-0.36022072521248105
Total,tipo_vendavais_e_ciclones,PI,SE,0.14419715180245574
Total,tipo_vendavais_e_ciclones,PI,SP,-0.3047481231850463
Total,tipo_vendavais_e_ciclones,PI,TO,-0.16044189211376422
Total,tipo_vendavais_e_ciclones,PR,RJ,-0.039200294405425294
Total,tipo_vendavais_e_ciclones,PR,RN,-0.2079279883313199
Total,tipo_vendavais_e_ciclones,PR,RO,0.3255568479821708
Total,tipo_vendavais_e_ciclones,PR,RR,-0.3484819896881722
Total,tipo_vendavais_e_ciclones,PR,RS,0.5764141864632648
Total,tipo_vendavais_e_ciclones,PR,SC,0.6655062007946677
Total,tipo_vendavais_e_ciclones,PR,SE,-0.12298139633304288
Total,tipo_vendavais_e_ciclones,PR,SP,0.4639207521067472
Total,tipo_vendavais_e_ciclones,PR,TO,0.2307615762861668
Total,tipo_vendavais_e_ciclones,RJ,RN,0.20312488160074219
Total,tipo_vendavais_e_ciclones,RJ,RO,-0.22326248692884268
Total,tipo_vendavais_e_ciclones,RJ,RR,-0.29401646538709825
Total,tipo_vendavais_e_ciclones,RJ,RS,-0.1907322225436252
Total,tipo_vendavais_e_ciclones,RJ,SC,0.026952236655935338
Total,tipo_vendavais_e_ciclones,RJ,SE,0.010002671497918308
Total,tipo_vendavais_e_ciclones,RJ,SP,0.2524889792562874
Total,tipo_vendavais_e_ciclones,RJ,TO,-0.22269752195392412
Total,tipo_vendavais_e_ciclones,RN,RO,-0.3065036798205538
Total,tipo_vendavais_e_ciclones,RN,RR,-0.24099484661913434
Total,tipo_vendavais_e_ciclones,RN,RS,-0.16447852568614313
Total,tipo_vendavais_e_ciclones,RN,SC,-0.25282341215414245
Total,tipo_vendavais_e_ciclones,RN,SE,0.31806011837488274
Total,tipo_vendavais_e_ciclones,RN,SP,-0.06396591776104453
Total,tipo_vendavais_e_ciclones,RN,TO,-0.1347670850569287
Total,tipo_vendavais_e_ciclones,RO,RR,-0.03839203850020289
Total,tipo_vendavais_e_ciclones,RO,RS,0.3336952371961074
Total,tipo_vendavais_e_ciclones,RO,SC,0.49948713365677944
Total,tipo_vendavais_e_ciclones,RO,SE,-0.26676497456746995
Total,tipo_vendavais_e_ciclones,RO,SP,0.33215512231352473
Total,tipo_vendavais_e_ciclones,RO,TO,0.13377593148434117
Total,tipo_vendavais_e_ciclones,RR,RS,-0.09706937143585503
Total,tipo_vendavais_e_ciclones,RR,SC,-0.2510336435403304
Total,tipo_vendavais_e_ciclones,RR,SE,-0.12262754915325401
Total,tipo_vendavais_e_ciclones,RR,SP,-0.2876694694064136
Total,tipo_vendavais_e_ciclones,RR,TO,-0.13348086827728087
Total,tipo_vendavais_e_ciclones,RS,SC,0.6341208851170113
Total,tipo_vendavais_e_ciclones,RS,SE,-0.14607952748390524
Total,tipo_vendavais_e_ciclones,RS,SP,0.24509197562065466
Total,tipo_vendavais_e_ciclones,RS,TO,0.21973192472345912
Total,tipo_vendavais_e_ciclones,SC,SE,-0.24671726035511146
Total,tipo_vendavais_e_ciclones,SC,SP,0.6045097494045375
Total,tipo_vendavais_e_ciclones,SC,TO,0.0038992297041850533
Total,tipo_vendavais_e_ciclones,SE,SP,-0.1781086262512707
Total,tipo_vendavais_e_ciclones,SE,TO,-0.2555861311424243
Total,tipo_vendavais_e_ciclones,SP,TO,-0.17997882468450557
Total,analitica_Clima/hidrometeorologia,AC,AL,-0.11060643728030654
Total,analitica_Clima/hidrometeorologia,AC,AM,0.20693560045492812
Total,analitica_Clima/hidrometeorologia,AC,AP,-0.01180997608113844
Total,analitica_Clima/hidrometeorologia,AC,BA,0.002593264117478917
Total,analitica_Clima/hidrometeorologia,AC,CE,-0.052269630942623366
Total,analitica_Clima/hidrometeorologia,AC,DF,-0.1702193412532572
Total,analitica_Clima/hidrometeorologia,AC,ES,-0.016114202560844712
Total,analitica_Clima/hidrometeorologia,AC,GO,-0.21862179661413061
Total,analitica_Clima/hidrometeorologia,AC,MA,-0.0670944751884235
Total,analitica_Clima/hidrometeorologia,AC,MG,-0.03434004695025016
Total,analitica_Clima/hidrometeorologia,AC,MS,-0.062094838394613314
Total,analitica_Clima/hidrometeorologia,AC,MT,-0.11679602698639366
Total,analitica_Clima/hidrometeorologia,AC,PA,0.19438293389192302
Total,analitica_Clima/hidrometeorologia,AC,PB,-0.16741573283387493
Total,analitica_Clima/hidrometeorologia,AC,PE,-0.0008230555948969738
Total,analitica_Clima/hidrometeorologia,AC,PI,-0.07428306337968087
Total,analitica_Clima/hidrometeorologia,AC,PR,-0.13548248768580018
Total,analitica_Clima/hidrometeorologia,AC,RJ,-0.07760301442989692
Total,analitica_Clima/hidrometeorologia,AC,RN,-0.28285079691797105
Total,analitica_Clima/hidrometeorologia,AC,RO,0.25565129085911836
Total,analitica_Clima/hidrometeorologia,AC,RR,0.013153305443627097
Total,analitica_Clima/hidrometeorologia,AC,RS,-0.13362302632507408
Total,analitica_Clima/hidrometeorologia,AC,SC,0.1356574435325454
Total,analitica_Clima/hidrometeorologia,AC,SE,-0.07142347941265541
Total,analitica_Clima/hidrometeorologia,AC,SP,0.10525905540115596
Total,analitica_Clima/hidrometeorologia,AC,TO,-0.11587785044463349
Total,analitica_Clima/hidrometeorologia,AL,AM,0.04941421438646628
Total,analitica_Clima/hidrometeorologia,AL,AP,-0.12791634842762578
Total,analitica_Clima/hidrometeorologia,AL,BA,0.48708961274396706
Total,analitica_Clima/hidrometeorologia,AL,CE,0.501130502957516
Total,analitica_Clima/hidrometeorologia,AL,DF,-0.13324783148195074
Total,analitica_Clima/hidrometeorologia,AL,ES,0.04358289044194701
Total,analitica_Clima/hidrometeorologia,AL,GO,-0.21798426026313072
Total,analitica_Clima/hidrometeorologia,AL,MA,0.1388670279516158
Total,analitica_Clima/hidrometeorologia,AL,MG,-0.3510590082160799
Total,analitica_Clima/hidrometeorologia,AL,MS,-0.26233769284073744
Total,analitica_Clima/hidrometeorologia,AL,MT,-0.24431770229938007
Total,analitica_Clima/hidrometeorologia,AL,PA,0.19304716614926956
Total,analitica_Clima/hidrometeorologia,AL,PB,0.4892246119727258
Total,analitica_Clima/hidrometeorologia,AL,PE,0.5110953738617363
Total,analitica_Clima/hidrometeorologia,AL,PI,0.3641830884505357
Total,analitica_Clima/hidrometeorologia,AL,PR,-0.3188405798788403
Total,analitica_Clima/hidrometeorologia,AL,RJ,0.16676842241871348
Total,analitica_Clima/hidrometeorologia,AL,RN,0.3410973775422816
Total,analitica_Clima/hidrometeorologia,AL,RO,-0.32050819109532547
Total,analitica_Clima/hidrometeorologia,AL,RR,-0.2199730020001661
Total,analitica_Clima/hidrometeorologia,AL,RS,-0.32246997862293303
Total,analitica_Clima/hidrometeorologia,AL,SC,-0.41752707644363896
Total,analitica_Clima/hidrometeorologia,AL,SE,0.2693222504920779
Total,analitica_Clima/hidrometeorologia,AL,SP,-0.1966465757083247
Total,analitica_Clima/hidrometeorologia,AL,TO,-0.33758755698448084
Total,analitica_Clima/hidrometeorologia,AM,AP,0.0016481884273446908
Total,analitica_Clima/hidrometeorologia,AM,BA,0.2774188243484214
Total,analitica_Clima/hidrometeorologia,AM,CE,0.36561155585961136
Total,analitica_Clima/hidrometeorologia,AM,DF,-0.03705858746753979
Total,analitica_Clima/hidrometeorologia,AM,ES,0.06571910910778425
Total,analitica_Clima/hidrometeorologia,AM,GO,-0.23919473686613602
Total,analitica_Clima/hidrometeorologia,AM,MA,-0.14909513899267257
Total,analitica_Clima/hidrometeorologia,AM,MG,-0.15832293948723372
Total,analitica_Clima/hidrometeorologia,AM,MS,-0.16835786467428673
Total,analitica_Clima/hidrometeorologia,AM,MT,-0.3354206356325106
Total,analitica_Clima/hidrometeorologia,AM,PA,0.12044833524343912
Total,analitica_Clima/hidrometeorologia,AM,PB,0.01957741953413854
Total,analitica_Clima/hidrometeorologia,AM,PE,0.256801991224822
Total,analitica_Clima/hidrometeorologia,AM,PI,-0.024950649506661753
Total,analitica_Clima/hidrometeorologia,AM,PR,-0.2579648340274033
Total,analitica_Clima/hidrometeorologia,AM,RJ,0.28487094431587207
Total,analitica_Clima/hidrometeorologia,AM,RN,-0.02796688095994364
Total,analitica_Clima/hidrometeorologia,AM,RO,-0.16742411551817196
Total,analitica_Clima/hidrometeorologia,AM,RR,-0.12839510237097787
Total,analitica_Clima/hidrometeorologia,AM,RS,-0.27815925251160223
Total,analitica_Clima/hidrometeorologia,AM,SC,-0.07408642150169244
Total,analitica_Clima/hidrometeorologia,AM,SE,0.11475684980928622
Total,analitica_Clima/hidrometeorologia,AM,SP,0.149613313187399
Total,analitica_Clima/hidrometeorologia,AM,TO,-0.25606563886633776
Total,analitica_Clima/hidrometeorologia,AP,BA,-0.15057805931496313
Total,analitica_Clima/hidrometeorologia,AP,CE,-0.10218252463392222
Total,analitica_Clima/hidrometeorologia,AP,DF,-0.06039900642701036
Total,analitica_Clima/hidrometeorologia,AP,ES,-0.13705977969943112
Total,analitica_Clima/hidrometeorologia,AP,GO,-0.14217110777284137
Total,analitica_Clima/hidrometeorologia,AP,MA,-0.08570429888255875
Total,analitica_Clima/hidrometeorologia,AP,MG,0.09112757750095705
Total,analitica_Clima/hidrometeorologia,AP,MS,0.0005939221064272107
Total,analitica_Clima/hidrometeorologia,AP,MT,-0.05744065611876794
Total,analitica_Clima/hidrometeorologia,AP,PA,0.07154576204961835
Total,analitica_Clima/hidrometeorologia,AP,PB,-0.139990267976458
Total,analitica_Clima/hidrometeorologia,AP,PE,-0.10261492750840637
Total,analitica_Clima/hidrometeorologia,AP,PI,-0.1886800241728507
Total,analitica_Clima/hidrometeorologia,AP,PR,-0.06856885539254422
Total,analitica_Clima/hidrometeorologia,AP,RJ,-0.016527343640568366
Total,analitica_Clima/hidrometeorologia,AP,RN,-0.151750513822497
Total,analitica_Clima/hidrometeorologia,AP,RO,-0.13082436498382674
Total,analitica_Clima/hidrometeorologia,AP,RR,-0.02589461365208152
Total,analitica_Clima/hidrometeorologia,AP,RS,-0.19495535838147854
Total,analitica_Clima/hidrometeorologia,AP,SC,-0.08262194049340195
Total,analitica_Clima/hidrometeorologia,AP,SE,-0.21001467682165728
Total,analitica_Clima/hidrometeorologia,AP,SP,-0.13594849804381837
Total,analitica_Clima/hidrometeorologia,AP,TO,0.055450409130462376
Total,analitica_Clima/hidrometeorologia,BA,CE,0.48724107241787534
Total,analitica_Clima/hidrometeorologia,BA,DF,0.014177943177140035
Total,analitica_Clima/hidrometeorologia,BA,ES,0.09289695252245658
Total,analitica_Clima/hidrometeorologia,BA,GO,-0.1541376548145661
Total,analitica_Clima/hidrometeorologia,BA,MA,-0.039418180238919555
Total,analitica_Clima/hidrometeorologia,BA,MG,-0.2235692877736154
Total,analitica_Clima/hidrometeorologia,BA,MS,-0.27217958617080396
Total,analitica_Clima/hidrometeorologia,BA,MT,-0.3158630828687582
Total,analitica_Clima/hidrometeorologia,BA,PA,0.15917265234542854
Total,analitica_Clima/hidrometeorologia,BA,PB,0.3134570111263196
Total,analitica_Clima/hidrometeorologia,BA,PE,0.43094415070149444
Total,analitica_Clima/hidrometeorologia,BA,PI,0.2197047696826136
Total,analitica_Clima/hidrometeorologia,BA,PR,-0.3062268447607941
Total,analitica_Clima/hidrometeorologia,BA,RJ,0.37889709289816564
Total,analitica_Clima/hidrometeorologia,BA,RN,0.4192585413890481
Total,analitica_Clima/hidrometeorologia,BA,RO,-0.2836991282270516
Total,analitica_Clima/hidrometeorologia,BA,RR,-0.26453014573996797
Total,analitica_Clima/hidrometeorologia,BA,RS,-0.2727014442138473
Total,analitica_Clima/hidrometeorologia,BA,SC,-0.24620943610862545
Total,analitica_Clima/hidrometeorologia,BA,SE,0.2532435685914997
Total,analitica_Clima/hidrometeorologia,BA,SP,-0.03409821584778298
Total,analitica_Clima/hidrometeorologia,BA,TO,-0.3831815854934867
Total,analitica_Clima/hidrometeorologia,CE,DF,-0.04088095541966814
Total,analitica_Clima/hidrometeorologia,CE,ES,0.15482700331705176
Total,analitica_Clima/hidrometeorologia,CE,GO,-0.3426087113663185
Total,analitica_Clima/hidrometeorologia,CE,MA,0.01833083829918686
Total,analitica_Clima/hidrometeorologia,CE,MG,-0.2763377964079947
Total,analitica_Clima/hidrometeorologia,CE,MS,-0.4231334207936316
Total,analitica_Clima/hidrometeorologia,CE,MT,-0.3695677434080644
Total,analitica_Clima/hidrometeorologia,CE,PA,0.19674713547853256
Total,analitica_Clima/hidrometeorologia,CE,PB,0.494783245486248
Total,analitica_Clima/hidrometeorologia,CE,PE,0.6670637578558986
Total,analitica_Clima/hidrometeorologia,CE,PI,0.3780824979563224
Total,analitica_Clima/hidrometeorologia,CE,PR,-0.423275374794037
Total,analitica_Clima/hidrometeorologia,CE,RJ,0.354505635785809
Total,analitica_Clima/hidrometeorologia,CE,RN,0.3457214811716537
Total,analitica_Clima/hidrometeorologia,CE,RO,-0.3011345604666785
Total,analitica_Clima/hidrometeorologia,CE,RR,-0.27387163721800406
Total,analitica_Clima/hidrometeorologia,CE,RS,-0.3701478838244592
Total,analitica_Clima/hidrometeorologia,CE,SC,-0.34467175823660584
Total,analitica_Clima/hidrometeorologia,CE,SE,0.19937167613847198
Total,analitica_Clima/hidrometeorologia,CE,SP,-0.035362984653704445
Total,analitica_Clima/hidrometeorologia,CE,TO,-0.37555913129639834
Total,analitica_Clima/hidrometeorologia,DF,ES,0.073320067588025
Total,analitica_Clima/hidrometeorologia,DF,GO,0.07913408213301758
Total,analitica_Clima/hidrometeorologia,DF,MA,-0.24183738352909176
Total,analitica_Clima/hidrometeorologia,DF,MG,0.4209452735566632
Total,analitica_Clima/hidrometeorologia,DF,MS,0.0457477307644111
Total,analitica_Clima/hidrometeorologia,DF,MT,-0.040073817440852005
Total,analitica_Clima/hidrometeorologia,DF,PA,-0.059434349735142444
Total,analitica_Clima/hidrometeorologia,DF,PB,0.16060460105952623
Total,analitica_Clima/hidrometeorologia,DF,PE,-0.015261162778967958
Total,analitica_Clima/hidrometeorologia,DF,PI,-0.1178082779461646
Total,analitica_Clima/hidrometeorologia,DF,PR,0.3384671173058603
Total,analitica_Clima/hidrometeorologia,DF,RJ,0.19093096589787212
Total,analitica_Clima/hidrometeorologia,DF,RN,0.00447133157796837
Total,analitica_Clima/hidrometeorologia,DF,RO,0.10377076097033845
Total,analitica_Clima/hidrometeorologia,DF,RR,-0.2770070785658925
Total,analitica_Clima/hidrometeorologia,DF,RS,0.31603799381805536
Total,analitica_Clima/hidrometeorologia,DF,SC,0.43653557456975345
Total,analitica_Clima/hidrometeorologia,DF,SE,-0.045132735933455896
Total,analitica_Clima/hidrometeorologia,DF,SP,0.41382345531741416
Total,analitica_Clima/hidrometeorologia,DF,TO,-0.10258702990759574
Total,analitica_Clima/hidrometeorologia,ES,GO,-0.026620618012143035
Total,analitica_Clima/hidrometeorologia,ES,MA,0.08753226711913674
Total,analitica_Clima/hidrometeorologia,ES,MG,0.2163014723034747
Total,analitica_Clima/hidrometeorologia,ES,MS,-0.15115696268012144
Total,analitica_Clima/hidrometeorologia,ES,MT,-0.14447835577920642
Total,analitica_Clima/hidrometeorologia,ES,PA,0.007844930682603621
Total,analitica_Clima/hidrometeorologia,ES,PB,0.11189738779616888
Total,analitica_Clima/hidrometeorologia,ES,PE,0.021906753191605757
Total,analitica_Clima/hidrometeorologia,ES,PI,0.05898975506973528
Total,analitica_Clima/hidrometeorologia,ES,PR,0.008294386072299332
Total,analitica_Clima/hidrometeorologia,ES,RJ,0.14050341888262663
Total,analitica_Clima/hidrometeorologia,ES,RN,0.2435428757385388
Total,analitica_Clima/hidrometeorologia,ES,RO,-0.17478041532868083
Total,analitica_Clima/hidrometeorologia,ES,RR,-0.33202179658025976
Total,analitica_Clima/hidrometeorologia,ES,RS,0.06606138627505334
Total,analitica_Clima/hidrometeorologia,ES,SC,0.09610157477125424
Total,analitica_Clima/hidrometeorologia,ES,SE,0.08318298793921643
Total,analitica_Clima/hidrometeorologia,ES,SP,0.21247334454682887
Total,analitica_Clima/hidrometeorologia,ES,TO,0.03355743828784158
Total,analitica_Clima/hidrometeorologia,GO,MA,0.07025988931720678
Total,analitica_Clima/hidrometeorologia,GO,MG,0.3020368524619533
Total,analitica_Clima/hidrometeorologia,GO,MS,0.5761341721855087
Total,analitica_Clima/hidrometeorologia,GO,MT,0.3842738679187212
Total,analitica_Clima/hidrometeorologia,GO,PA,0.010593770045444092
Total,analitica_Clima/hidrometeorologia,GO,PB,-0.21001920296191298
Total,analitica_Clima/hidrometeorologia,GO,PE,-0.40760806328683535
Total,analitica_Clima/hidrometeorologia,GO,PI,-0.08283582247887801
Total,analitica_Clima/hidrometeorologia,GO,PR,0.4350531389553033
Total,analitica_Clima/hidrometeorologia,GO,RJ,-0.14398082919994232
Total,analitica_Clima/hidrometeorologia,GO,RN,-0.01291850663898972
Total,analitica_Clima/hidrometeorologia,GO,RO,0.035342981519104935
Total,analitica_Clima/hidrometeorologia,GO,RR,-0.273303500840924
Total,analitica_Clima/hidrometeorologia,GO,RS,0.13596763931997324
Total,analitica_Clima/hidrometeorologia,GO,SC,0.09564232613716611
Total,analitica_Clima/hidrometeorologia,GO,SE,0.013495868169827794
Total,analitica_Clima/hidrometeorologia,GO,SP,0.02247183684023438
Total,analitica_Clima/hidrometeorologia,GO,TO,0.31971510432394884
Total,analitica_Clima/hidrometeorologia,MA,MG,-0.13291039456241763
Total,analitica_Clima/hidrometeorologia,MA,MS,-0.10819040569057202
Total,analitica_Clima/hidrometeorologia,MA,MT,0.04546517983270543
Total,analitica_Clima/hidrometeorologia,MA,PA,0.06965767042595987
Total,analitica_Clima/hidrometeorologia,MA,PB,0.020805752121659037
Total,analitica_Clima/hidrometeorologia,MA,PE,-0.03245260107312078
Total,analitica_Clima/hidrometeorologia,MA,PI,0.43467719214325845
Total,analitica_Clima/hidrometeorologia,MA,PR,-0.15912208704959133
Total,analitica_Clima/hidrometeorologia,MA,RJ,-0.12505694199907724
Total,analitica_Clima/hidrometeorologia,MA,RN,0.05260568625549703
Total,analitica_Clima/hidrometeorologia,MA,RO,-0.04723307757930439
Total,analitica_Clima/hidrometeorologia,MA,RR,-0.2009888265938505
Total,analitica_Clima/hidrometeorologia,MA,RS,-0.08179951841228454
Total,analitica_Clima/hidrometeorologia,MA,SC,-0.22485666898324655
Total,analitica_Clima/hidrometeorologia,MA,SE,0.02131284957952619
Total,analitica_Clima/hidrometeorologia,MA,SP,-0.36241705521867945
Total,analitica_Clima/hidrometeorologia,MA,TO,0.2051959333298561
Total,analitica_Clima/hidrometeorologia,MG,MS,0.23374044866275945
Total,analitica_Clima/hidrometeorologia,MG,MT,0.16892950369148785
Total,analitica_Clima/hidrometeorologia,MG,PA,0.05509933278129711
Total,analitica_Clima/hidrometeorologia,MG,PB,-0.14183729335410636
Total,analitica_Clima/hidrometeorologia,MG,PE,-0.2777098328037884
Total,analitica_Clima/hidrometeorologia,MG,PI,-0.23912833899079453
Total,analitica_Clima/hidrometeorologia,MG,PR,0.556910785910699
Total,analitica_Clima/hidrometeorologia,MG,RJ,0.10747629935792852
Total,analitica_Clima/hidrometeorologia,MG,RN,-0.1538088104326622
Total,analitica_Clima/hidrometeorologia,MG,RO,0.26716827873373894
Total,analitica_Clima/hidrometeorologia,MG,RR,-0.3930796121178606
Total,analitica_Clima/hidrometeorologia,MG,RS,0.29029089598749425
Total,analitica_Clima/hidrometeorologia,MG,SC,0.5465145589859808
Total,analitica_Clima/hidrometeorologia,MG,SE,-0.17666789362244892
Total,analitica_Clima/hidrometeorologia,MG,SP,0.5339282945679564
Total,analitica_Clima/hidrometeorologia,MG,TO,0.15782849512827013
Total,analitica_Clima/hidrometeorologia,MS,MT,0.3706819160456791
Total,analitica_Clima/hidrometeorologia,MS,PA,-0.023830308347618113
Total,analitica_Clima/hidrometeorologia,MS,PB,-0.317029013053105
Total,analitica_Clima/hidrometeorologia,MS,PE,-0.40019577961937447
Total,analitica_Clima/hidrometeorologia,MS,PI,-0.3008823104661282
Total,analitica_Clima/hidrometeorologia,MS,PR,0.5408149744989421
Total,analitica_Clima/hidrometeorologia,MS,RJ,-0.2845260048785488
Total,analitica_Clima/hidrometeorologia,MS,RN,-0.31799644617615364
Total,analitica_Clima/hidrometeorologia,MS,RO,0.20165706611153517
Total,analitica_Clima/hidrometeorologia,MS,RR,-0.16050995510147212
Total,analitica_Clima/hidrometeorologia,MS,RS,0.23866290422530848
Total,analitica_Clima/hidrometeorologia,MS,SC,0.22966033359199545
Total,analitica_Clima/hidrometeorologia,MS,SE,-0.20944059526804848
Total,analitica_Clima/hidrometeorologia,MS,SP,0.09367221708167464
Total,analitica_Clima/hidrometeorologia,MS,TO,0.3543254473975194
Total,analitica_Clima/hidrometeorologia,MT,PA,-0.12220810653898088
Total,analitica_Clima/hidrometeorologia,MT,PB,-0.3576586715172163
Total,analitica_Clima/hidrometeorologia,MT,PE,-0.358385421404741
Total,analitica_Clima/hidrometeorologia,MT,PI,-0.2890535121630505
Total,analitica_Clima/hidrometeorologia,MT,PR,0.33372068272542593
Total,analitica_Clima/hidrometeorologia,MT,RJ,-0.26200532215643596
Total,analitica_Clima/hidrometeorologia,MT,RN,-0.20546264563106542
Total,analitica_Clima/hidrometeorologia,MT,RO,0.14232690743594573
Total,analitica_Clima/hidrometeorologia,MT,RR,-0.120603066640813
Total,analitica_Clima/hidrometeorologia,MT,RS,0.19421608208955074
Total,analitica_Clima/hidrometeorologia,MT,SC,0.141548006136772
Total,analitica_Clima/hidrometeorologia,MT,SE,-0.003331864433951113
Total,analitica_Clima/hidrometeorologia,MT,SP,-0.10208532428437893
Total,analitica_Clima/hidrometeorologia,MT,TO,0.3214892146594397
Total,analitica_Clima/hidrometeorologia,PA,PB,0.07836820150262433
Total,analitica_Clima/hidrometeorologia,PA,PE,0.1234624071248767
Total,analitica_Clima/hidrometeorologia,PA,PI,-0.01701604245667708
Total,analitica_Clima/hidrometeorologia,PA,PR,-0.09105044884074905
Total,analitica_Clima/hidrometeorologia,PA,RJ,0.059983914454865
Total,analitica_Clima/hidrometeorologia,PA,RN,-0.04111085855242388
Total,analitica_Clima/hidrometeorologia,PA,RO,0.07940978868499105
Total,analitica_Clima/hidrometeorologia,PA,RR,-0.32653439583858
Total,analitica_Clima/hidrometeorologia,PA,RS,-0.1546183857900839
Total,analitica_Clima/hidrometeorologia,PA,SC,-0.04126524504043166
Total,analitica_Clima/hidrometeorologia,PA,SE,-0.04282158035440845
Total,analitica_Clima/hidrometeorologia,PA,SP,0.10082850554092747
Total,analitica_Clima/hidrometeorologia,PA,TO,-0.05962864086280939
Total,analitica_Clima/hidrometeorologia,PB,PE,0.45344446092910595
Total,analitica_Clima/hidrometeorologia,PB,PI,0.4494843265407537
Total,analitica_Clima/hidrometeorologia,PB,PR,-0.15452839861041448
Total,analitica_Clima/hidrometeorologia,PB,RJ,0.14839784561842298
Total,analitica_Clima/hidrometeorologia,PB,RN,0.33240885768325457
Total,analitica_Clima/hidrometeorologia,PB,RO,-0.19116825696566417
Total,analitica_Clima/hidrometeorologia,PB,RR,-0.23001486154151873
Total,analitica_Clima/hidrometeorologia,PB,RS,-0.21210407873065967
Total,analitica_Clima/hidrometeorologia,PB,SC,-0.1386620434503061
Total,analitica_Clima/hidrometeorologia,PB,SE,0.132906575710952
Total,analitica_Clima/hidrometeorologia,PB,SP,0.043064310163533
Total,analitica_Clima/hidrometeorologia,PB,TO,-0.3586182766321795
Total,analitica_Clima/hidrometeorologia,PE,PI,0.2603153140470269
Total,analitica_Clima/hidrometeorologia,PE,PR,-0.3247184426842965
Total,analitica_Clima/hidrometeorologia,PE,RJ,0.4356569785439606
Total,analitica_Clima/hidrometeorologia,PE,RN,0.1578305592849155
Total,analitica_Clima/hidrometeorologia,PE,RO,-0.27591825662558694
Total,analitica_Clima/hidrometeorologia,PE,RR,-0.16697524094491895
Total,analitica_Clima/hidrometeorologia,PE,RS,-0.2860128252594423
Total,analitica_Clima/hidrometeorologia,PE,SC,-0.23644143371347973
Total,analitica_Clima/hidrometeorologia,PE,SE,0.1863959379827072
Total,analitica_Clima/hidrometeorologia,PE,SP,-0.0030432416000975
Total,analitica_Clima/hidrometeorologia,PE,TO,-0.43390099004624555
Total,analitica_Clima/hidrometeorologia,PI,PR,-0.35198872683398386
Total,analitica_Clima/hidrometeorologia,PI,RJ,-0.046616374016996816
Total,analitica_Clima/hidrometeorologia,PI,RN,0.2364613353727581
Total,analitica_Clima/hidrometeorologia,PI,RO,-0.3094790987270721
Total,analitica_Clima/hidrometeorologia,PI,RR,-0.11321982307594716
Total,analitica_Clima/hidrometeorologia,PI,RS,-0.17228759623879422
Total,analitica_Clima/hidrometeorologia,PI,SC,-0.36213445283575374
Total,analitica_Clima/hidrometeorologia,PI,SE,0.14335059237956016
Total,analitica_Clima/hidrometeorologia,PI,SP,-0.3008684300574804
Total,analitica_Clima/hidrometeorologia,PI,TO,-0.16621876689805168
Total,analitica_Clima/hidrometeorologia,PR,RJ,-0.03496432437362456
Total,analitica_Clima/hidrometeorologia,PR,RN,-0.1975865196439648
Total,analitica_Clima/hidrometeorologia,PR,RO,0.3293757319950507
Total,analitica_Clima/hidrometeorologia,PR,RR,-0.3479658990014355
Total,analitica_Clima/hidrometeorologia,PR,RS,0.5775175184623079
Total,analitica_Clima/hidrometeorologia,PR,SC,0.6659740639566453
Total,analitica_Clima/hidrometeorologia,PR,SE,-0.12839351749457148
Total,analitica_Clima/hidrometeorologia,PR,SP,0.46290458063672385
Total,analitica_Clima/hidrometeorologia,PR,TO,0.23255320748942857
Total,analitica_Clima/hidrometeorologia,RJ,RN,0.1939287639801495
Total,analitica_Clima/hidrometeorologia,RJ,RO,-0.21732591782229166
Total,analitica_Clima/hidrometeorologia,RJ,RR,-0.29347201783121024
Total,analitica_Clima/hidrometeorologia,RJ,RS,-0.1870802229545172
Total,analitica_Clima/hidrometeorologia,RJ,SC,0.03172797052531098
Total,analitica_Clima/hidrometeorologia,RJ,SE,0.007831509583249529
Total,analitica_Clima/hidrometeorologia,RJ,SP,0.2526015040584131
Total,analitica_Clima/hidrometeorologia,RJ,TO,-0.22133784387475378
Total,analitica_Clima/hidrometeorologia,RN,RO,-0.3059393562638869
Total,analitica_Clima/hidrometeorologia,RN,RR,-0.24172214381764287
Total,analitica_Clima/hidrometeorologia,RN,RS,-0.1588107273770217
Total,analitica_Clima/hidrometeorologia,RN,SC,-0.24767054796372895
Total,analitica_Clima/hidrometeorologia,RN,SE,0.31988737951771085
Total,analitica_Clima/hidrometeorologia,RN,SP,-0.06744170214506545
Total,analitica_Clima/hidrometeorologia,RN,TO,-0.12966753743692405
Total,analitica_Clima/hidrometeorologia,RO,RR,-0.037317223762042454
Total,analitica_Clima/hidrometeorologia,RO,RS,0.33566465125429457
Total,analitica_Clima/hidrometeorologia,RO,SC,0.5071394405619919
Total,analitica_Clima/hidrometeorologia,RO,SE,-0.26384409947359877
Total,analitica_Clima/hidrometeorologia,RO,SP,0.3386204791226445
Total,analitica_Clima/hidrometeorologia,RO,TO,0.1250105754542572
Total,analitica_Clima/hidrometeorologia,RR,RS,-0.09926013227514463
Total,analitica_Clima/hidrometeorologia,RR,SC,-0.250563079061562
Total,analitica_Clima/hidrometeorologia,RR,SE,-0.12289885506141847
Total,analitica_Clima/hidrometeorologia,RR,SP,-0.2869364889333869
Total,analitica_Clima/hidrometeorologia,RR,TO,-0.13457673856329683
Total,analitica_Clima/hidrometeorologia,RS,SC,0.6380252140413933
Total,analitica_Clima/hidrometeorologia,RS,SE,-0.150796463930293
Total,analitica_Clima/hidrometeorologia,RS,SP,0.2451180471369461
Total,analitica_Clima/hidrometeorologia,RS,TO,0.22237526533800953
Total,analitica_Clima/hidrometeorologia,SC,SE,-0.2508312390796835
Total,analitica_Clima/hidrometeorologia,SC,SP,0.6016847445239236
Total,analitica_Clima/hidrometeorologia,SC,TO,0.009204143375994771
Total,analitica_Clima/hidrometeorologia,SE,SP,-0.17990967013537207
Total,analitica_Clima/hidrometeorologia,SE,TO,-0.25797411519814545
Total,analitica_Clima/hidrometeorologia,SP,TO,-0.18172195677956418
Total,analitica_Natural não diretamente climático,AC,AL,-0.1177264940806639
Total,analitica_Natural não diretamente climático,AC,AM,0.20547233511431864
Total,analitica_Natural não diretamente climático,AC,AP,-0.01065390432392563
Total,analitica_Natural não diretamente climático,AC,BA,-0.011921194960137119
Total,analitica_Natural não diretamente climático,AC,CE,-0.04934271831827489
Total,analitica_Natural não diretamente climático,AC,DF,-0.18207162336603167
Total,analitica_Natural não diretamente climático,AC,ES,-0.023658757374121688
Total,analitica_Natural não diretamente climático,AC,GO,-0.2046563324597204
Total,analitica_Natural não diretamente climático,AC,MA,-0.06613537860348538
Total,analitica_Natural não diretamente climático,AC,MG,-0.032336836737187236
Total,analitica_Natural não diretamente climático,AC,MS,-0.060604217616158675
Total,analitica_Natural não diretamente climático,AC,MT,-0.10625974815150287
Total,analitica_Natural não diretamente climático,AC,PA,0.19962606934096686
Total,analitica_Natural não diretamente climático,AC,PB,-0.16534400169511768
Total,analitica_Natural não diretamente climático,AC,PE,-0.017559351956331824
Total,analitica_Natural não diretamente climático,AC,PI,-0.08182327943359914
Total,analitica_Natural não diretamente climático,AC,PR,-0.13190846059972322
Total,analitica_Natural não diretamente climático,AC,RJ,-0.08973666914904702
Total,analitica_Natural não diretamente climático,AC,RN,-0.2892240239603755
Total,analitica_Natural não diretamente climático,AC,RO,0.26700757253487145
Total,analitica_Natural não diretamente climático,AC,RR,0.014345972245617268
Total,analitica_Natural não diretamente climático,AC,RS,-0.12728535783081116
Total,analitica_Natural não diretamente climático,AC,SC,0.13221945825312473
Total,analitica_Natural não diretamente climático,AC,SE,-0.07806127752981207
Total,analitica_Natural não diretamente climático,AC,SP,0.09923803355542468
Total,analitica_Natural não diretamente climático,AC,TO,-0.10603474139284881
Total,analitica_Natural não diretamente climático,AL,AM,0.0475206547960064
Total,analitica_Natural não diretamente climático,AL,AP,-0.1297806130562718
Total,analitica_Natural não diretamente climático,AL,BA,0.49188096404266574
Total,analitica_Natural não diretamente climático,AL,CE,0.5003630313975488
Total,analitica_Natural não diretamente climático,AL,DF,-0.13570875704062466
Total,analitica_Natural não diretamente climático,AL,ES,0.04605871037822129
Total,analitica_Natural não diretamente climático,AL,GO,-0.22066610956942612
Total,analitica_Natural não diretamente climático,AL,MA,0.13904442902368722
Total,analitica_Natural não diretamente climático,AL,MG,-0.35069621558759534
Total,analitica_Natural não diretamente climático,AL,MS,-0.26251960951215514
Total,analitica_Natural não diretamente climático,AL,MT,-0.2393375397026411
Total,analitica_Natural não diretamente climático,AL,PA,0.1976508491914403
Total,analitica_Natural não diretamente climático,AL,PB,0.4968389746516344
Total,analitica_Natural não diretamente climático,AL,PE,0.5173602596262304
Total,analitica_Natural não diretamente climático,AL,PI,0.35834636415146526
Total,analitica_Natural não diretamente climático,AL,PR,-0.3164046017984738
Total,analitica_Natural não diretamente climático,AL,RJ,0.1706545436110274
Total,analitica_Natural não diretamente climático,AL,RN,0.34688888634900494
Total,analitica_Natural não diretamente climático,AL,RO,-0.32674521611441887
Total,analitica_Natural não diretamente climático,AL,RR,-0.2253264087668391
Total,analitica_Natural não diretamente climático,AL,RS,-0.31615379707560365
Total,analitica_Natural não diretamente climático,AL,SC,-0.416557929459164
Total,analitica_Natural não diretamente climático,AL,SE,0.2709179260061748
Total,analitica_Natural não diretamente climático,AL,SP,-0.20118096536307517
Total,analitica_Natural não diretamente climático,AL,TO,-0.3292027739483375
Total,analitica_Natural não diretamente climático,AM,AP,-0.0018875273572509083
Total,analitica_Natural não diretamente climático,AM,BA,0.28398066122382437
Total,analitica_Natural não diretamente climático,AM,CE,0.3678317633112372
Total,analitica_Natural não diretamente climático,AM,DF,-0.045318584006810776
Total,analitica_Natural não diretamente climático,AM,ES,0.07093753059636046
Total,analitica_Natural não diretamente climático,AM,GO,-0.2439711984519318
Total,analitica_Natural não diretamente climático,AM,MA,-0.149718946740883
Total,analitica_Natural não diretamente climático,AM,MG,-0.15802074574807154
Total,analitica_Natural não diretamente climático,AM,MS,-0.17628895560539234
Total,analitica_Natural não diretamente climático,AM,MT,-0.3371991662836995
Total,analitica_Natural não diretamente climático,AM,PA,0.12478571949148415
Total,analitica_Natural não diretamente climático,AM,PB,0.02920643534916645
Total,analitica_Natural não diretamente climático,AM,PE,0.2612816634654143
Total,analitica_Natural não diretamente climático,AM,PI,-0.024595600945566835
Total,analitica_Natural não diretamente climático,AM,PR,-0.252556803075168
Total,analitica_Natural não diretamente climático,AM,RJ,0.2845534825960088
Total,analitica_Natural não diretamente climático,AM,RN,-0.024329538292113942
Total,analitica_Natural não diretamente climático,AM,RO,-0.16847014373304284
Total,analitica_Natural não diretamente climático,AM,RR,-0.1265579578015588
Total,analitica_Natural não diretamente climático,AM,RS,-0.28212027376091237
Total,analitica_Natural não diretamente climático,AM,SC,-0.07103056992992832
Total,analitica_Natural não diretamente climático,AM,SE,0.11663569082734182
Total,analitica_Natural não diretamente climático,AM,SP,0.1558384211503411
Total,analitica_Natural não diretamente climático,AM,TO,-0.2625573382718725
Total,analitica_Natural não diretamente climático,AP,BA,-0.1525056965660831
Total,analitica_Natural não diretamente climático,AP,CE,-0.10496544749097088
Total,analitica_Natural não diretamente climático,AP,DF,-0.06364290880619557
Total,analitica_Natural não diretamente climático,AP,ES,-0.14054023511643612
Total,analitica_Natural não diretamente climático,AP,GO,-0.14072483027467667
Total,analitica_Natural não diretamente climático,AP,MA,-0.08334358373801698
Total,analitica_Natural não diretamente climático,AP,MG,0.09323064069875034
Total,analitica_Natural não diretamente climático,AP,MS,0.003253350505980868
Total,analitica_Natural não diretamente climático,AP,MT,-0.05421012965402449
Total,analitica_Natural não diretamente climático,AP,PA,0.07432923932208524
Total,analitica_Natural não diretamente climático,AP,PB,-0.13265516420170234
Total,analitica_Natural não diretamente climático,AP,PE,-0.10749801031756043
Total,analitica_Natural não diretamente climático,AP,PI,-0.19197293566059218
Total,analitica_Natural não diretamente climático,AP,PR,-0.06747934617477686
Total,analitica_Natural não diretamente climático,AP,RJ,-0.01995014504368991
Total,analitica_Natural não diretamente climático,AP,RN,-0.15447126894210886
Total,analitica_Natural não diretamente climático,AP,RO,-0.12635760630796256
Total,analitica_Natural não diretamente climático,AP,RR,-0.026069532046447384
Total,analitica_Natural não diretamente climático,AP,RS,-0.19411490791665206
Total,analitica_Natural não diretamente climático,AP,SC,-0.07894164186567104
Total,analitica_Natural não diretamente climático,AP,SE,-0.2126550901305404
Total,analitica_Natural não diretamente climático,AP,SP,-0.1337553471129128
Total,analitica_Natural não diretamente climático,AP,TO,0.05434008149101552
Total,analitica_Natural não diretamente climático,BA,CE,0.4971271379991676
Total,analitica_Natural não diretamente climático,BA,DF,0.007417461710116934
Total,analitica_Natural não diretamente climático,BA,ES,0.10179597355361512
Total,analitica_Natural não diretamente climático,BA,GO,-0.15600281896974494
Total,analitica_Natural não diretamente climático,BA,MA,-0.03619786479114395
Total,analitica_Natural não diretamente climático,BA,MG,-0.22176132821117417
Total,analitica_Natural não diretamente climático,BA,MS,-0.2820725617465451
Total,analitica_Natural não diretamente climático,BA,MT,-0.3229226141845404
Total,analitica_Natural não diretamente climático,BA,PA,0.1589694276723404
Total,analitica_Natural não diretamente climático,BA,PB,0.32489341623937534
Total,analitica_Natural não diretamente climático,BA,PE,0.44059261547903905
Total,analitica_Natural não diretamente climático,BA,PI,0.2226974816542484
Total,analitica_Natural não diretamente climático,BA,PR,-0.3079207006618989
Total,analitica_Natural não diretamente climático,BA,RJ,0.38949294079923125
Total,analitica_Natural não diretamente climático,BA,RN,0.4225454997674074
Total,analitica_Natural não diretamente climático,BA,RO,-0.2971176215403835
Total,analitica_Natural não diretamente climático,BA,RR,-0.26449798474394676
Total,analitica_Natural não diretamente climático,BA,RS,-0.272632581236439
Total,analitica_Natural não diretamente climático,BA,SC,-0.2460342406309735
Total,analitica_Natural não diretamente climático,BA,SE,0.2544317260697932
Total,analitica_Natural não diretamente climático,BA,SP,-0.03155188195552066
Total,analitica_Natural não diretamente climático,BA,TO,-0.38756384702024094
Total,analitica_Natural não diretamente climático,CE,DF,-0.045881415100790794
Total,analitica_Natural não diretamente climático,CE,ES,0.16338673415051527
Total,analitica_Natural não diretamente climático,CE,GO,-0.3476417950951628
Total,analitica_Natural não diretamente climático,CE,MA,0.021869996447989287
Total,analitica_Natural não diretamente climático,CE,MG,-0.26672759841171273
Total,analitica_Natural não diretamente climático,CE,MS,-0.4300603795262387
Total,analitica_Natural não diretamente climático,CE,MT,-0.37892347635506674
Total,analitica_Natural não diretamente climático,CE,PA,0.1976276946984675
Total,analitica_Natural não diretamente climático,CE,PB,0.4899639752227703
Total,analitica_Natural não diretamente climático,CE,PE,0.6777116964849799
Total,analitica_Natural não diretamente climático,CE,PI,0.3769757568863596
Total,analitica_Natural não diretamente climático,CE,PR,-0.42075361257908966
Total,analitica_Natural não diretamente climático,CE,RJ,0.3664274211394509
Total,analitica_Natural não diretamente climático,CE,RN,0.3531513854459673
Total,analitica_Natural não diretamente climático,CE,RO,-0.3113234239340559
Total,analitica_Natural não diretamente climático,CE,RR,-0.2728501728627397
Total,analitica_Natural não diretamente climático,CE,RS,-0.3759184775075625
Total,analitica_Natural não diretamente climático,CE,SC,-0.3465505802998621
Total,analitica_Natural não diretamente climático,CE,SE,0.20256438472160337
Total,analitica_Natural não diretamente climático,CE,SP,-0.028083962828012007
Total,analitica_Natural não diretamente climático,CE,TO,-0.38326697404863397
Total,analitica_Natural não diretamente climático,DF,ES,0.08459609577609832
Total,analitica_Natural não diretamente climático,DF,GO,0.0889887725666448
Total,analitica_Natural não diretamente climático,DF,MA,-0.2587695499611029
Total,analitica_Natural não diretamente climático,DF,MG,0.43818249173844
Total,analitica_Natural não diretamente climático,DF,MS,0.08501186082145193
Total,analitica_Natural não diretamente climático,DF,MT,-0.036241127725661786
Total,analitica_Natural não diretamente climático,DF,PA,-0.06607926047864013
Total,analitica_Natural não diretamente climático,DF,PB,0.15435373974546807
Total,analitica_Natural não diretamente climático,DF,PE,-0.029163686258728894
Total,analitica_Natural não diretamente climático,DF,PI,-0.1251231562125003
Total,analitica_Natural não diretamente climático,DF,PR,0.35145540601286546
Total,analitica_Natural não diretamente climático,DF,RJ,0.18899746443199475
Total,analitica_Natural não diretamente climático,DF,RN,-0.005542557402723187
Total,analitica_Natural não diretamente climático,DF,RO,0.10244540820526839
Total,analitica_Natural não diretamente climático,DF,RR,-0.27926764695685885
Total,analitica_Natural não diretamente climático,DF,RS,0.32127468631292394
Total,analitica_Natural não diretamente climático,DF,SC,0.4449145450826773
Total,analitica_Natural não diretamente climático,DF,SE,-0.05387156314139596
Total,analitica_Natural não diretamente climático,DF,SP,0.4166243776385368
Total,analitica_Natural não diretamente climático,DF,TO,-0.08382803344588947
Total,analitica_Natural não diretamente climático,ES,GO,-0.02763890216166591
Total,analitica_Natural não diretamente climático,ES,MA,0.08552346268060047
Total,analitica_Natural não diretamente climático,ES,MG,0.21627812636065438
Total,analitica_Natural não diretamente climático,ES,MS,-0.165203081450624
Total,analitica_Natural não diretamente climático,ES,MT,-0.1497761769166107
Total,analitica_Natural não diretamente climático,ES,PA,0.002313260477554649
Total,analitica_Natural não diretamente climático,ES,PB,0.11237679549956492
Total,analitica_Natural não diretamente climático,ES,PE,0.02936853632555484
Total,analitica_Natural não diretamente climático,ES,PI,0.06568591149130977
Total,analitica_Natural não diretamente climático,ES,PR,0.007073048116518187
Total,analitica_Natural não diretamente climático,ES,RJ,0.14643338477994763
Total,analitica_Natural não diretamente climático,ES,RN,0.25168005868361015
Total,analitica_Natural não diretamente climático,ES,RO,-0.17827618151335
Total,analitica_Natural não diretamente climático,ES,RR,-0.331774140198314
Total,analitica_Natural não diretamente climático,ES,RS,0.05575468165543398
Total,analitica_Natural não diretamente climático,ES,SC,0.09356989617306197
Total,analitica_Natural não diretamente climático,ES,SE,0.08453047728820495
Total,analitica_Natural não diretamente climático,ES,SP,0.21745140556085651
Total,analitica_Natural não diretamente climático,ES,TO,0.029203557371231613
Total,analitica_Natural não diretamente climático,GO,MA,0.06865341914935738
Total,analitica_Natural não diretamente climático,GO,MG,0.30042577453048913
Total,analitica_Natural não diretamente climático,GO,MS,0.5831041686819027
Total,analitica_Natural não diretamente climático,GO,MT,0.38719201490865773
Total,analitica_Natural não diretamente climático,GO,PA,0.0009097964880116306
Total,analitica_Natural não diretamente climático,GO,PB,-0.21732696886558248
Total,analitica_Natural não diretamente climático,GO,PE,-0.4098154207477486
Total,analitica_Natural não diretamente climático,GO,PI,-0.0761531298623913
Total,analitica_Natural não diretamente climático,GO,PR,0.43418981024281617
Total,analitica_Natural não diretamente climático,GO,RJ,-0.1453865868949312
Total,analitica_Natural não diretamente climático,GO,RN,-0.022600288894259985
Total,analitica_Natural não diretamente climático,GO,RO,0.04568975252729331
Total,analitica_Natural não diretamente climático,GO,RR,-0.27374942968897736
Total,analitica_Natural não diretamente climático,GO,RS,0.1360360541661476
Total,analitica_Natural não diretamente climático,GO,SC,0.0956565972207217
Total,analitica_Natural não diretamente climático,GO,SE,0.011653052220130654
Total,analitica_Natural não diretamente climático,GO,SP,0.020317448935464683
Total,analitica_Natural não diretamente climático,GO,TO,0.31796100044670467
Total,analitica_Natural não diretamente climático,MA,MG,-0.1371200950316137
Total,analitica_Natural não diretamente climático,MA,MS,-0.11382416966070566
Total,analitica_Natural não diretamente climático,MA,MT,0.0467660510708531
Total,analitica_Natural não diretamente climático,MA,PA,0.06558810566898185
Total,analitica_Natural não diretamente climático,MA,PB,0.013995885713791265
Total,analitica_Natural não diretamente climático,MA,PE,-0.02992633133613106
Total,analitica_Natural não diretamente climático,MA,PI,0.4380158713882357
Total,analitica_Natural não diretamente climático,MA,PR,-0.16005383836326942
Total,analitica_Natural não diretamente climático,MA,RJ,-0.12348867115130775
Total,analitica_Natural não diretamente climático,MA,RN,0.06058232026064916
Total,analitica_Natural não diretamente climático,MA,RO,-0.04629756362680641
Total,analitica_Natural não diretamente climático,MA,RR,-0.20139316440973687
Total,analitica_Natural não diretamente climático,MA,RS,-0.0824981126673966
Total,analitica_Natural não diretamente climático,MA,SC,-0.21025323197200868
Total,analitica_Natural não diretamente climático,MA,SE,0.020930893608936
Total,analitica_Natural não diretamente climático,MA,SP,-0.36354759418222005
Total,analitica_Natural não diretamente climático,MA,TO,0.2039179093884096
Total,analitica_Natural não diretamente climático,MG,MS,0.2348228264785717
Total,analitica_Natural não diretamente climático,MG,MT,0.16953387816427343
Total,analitica_Natural não diretamente climático,MG,PA,0.04629321806958718
Total,analitica_Natural não diretamente climático,MG,PB,-0.14666522897009673
Total,analitica_Natural não diretamente climático,MG,PE,-0.2739639780217027
Total,analitica_Natural não diretamente climático,MG,PI,-0.2387709986021947
Total,analitica_Natural não diretamente climático,MG,PR,0.5551492977008515
Total,analitica_Natural não diretamente climático,MG,RJ,0.10978721515762642
Total,analitica_Natural não diretamente climático,MG,RN,-0.1496715370885404
Total,analitica_Natural não diretamente climático,MG,RO,0.26142158179102953
Total,analitica_Natural não diretamente climático,MG,RR,-0.39732451195164825
Total,analitica_Natural não diretamente climático,MG,RS,0.2890091451322116
Total,analitica_Natural não diretamente climático,MG,SC,0.5417472822445738
Total,analitica_Natural não diretamente climático,MG,SE,-0.17056546634377012
Total,analitica_Natural não diretamente climático,MG,SP,0.5340425098500085
Total,analitica_Natural não diretamente climático,MG,TO,0.15640097902444383
Total,analitica_Natural não diretamente climático,MS,MT,0.36916901898822635
Total,analitica_Natural não diretamente climático,MS,PA,-0.03787586338418013
Total,analitica_Natural não diretamente climático,MS,PB,-0.31905850936246344
Total,analitica_Natural não diretamente climático,MS,PE,-0.40525597114244005
Total,analitica_Natural não diretamente climático,MS,PI,-0.2968164341908876
Total,analitica_Natural não diretamente climático,MS,PR,0.5403486236398098
Total,analitica_Natural não diretamente climático,MS,RJ,-0.28789048344892665
Total,analitica_Natural não diretamente climático,MS,RN,-0.3159932132833477
Total,analitica_Natural não diretamente climático,MS,RO,0.21674759391213586
Total,analitica_Natural não diretamente climático,MS,RR,-0.15792789779480762
Total,analitica_Natural não diretamente climático,MS,RS,0.2413823468075433
Total,analitica_Natural não diretamente climático,MS,SC,0.23101862843389515
Total,analitica_Natural não diretamente climático,MS,SE,-0.20785970471317786
Total,analitica_Natural não diretamente climático,MS,SP,0.09138365626191099
Total,analitica_Natural não diretamente climático,MS,TO,0.3454484274832173
Total,analitica_Natural não diretamente climático,MT,PA,-0.12377053419418561
Total,analitica_Natural não diretamente climático,MT,PB,-0.3641833349846393
Total,analitica_Natural não diretamente climático,MT,PE,-0.3668016350821979
Total,analitica_Natural não diretamente climático,MT,PI,-0.28759306277001706
Total,analitica_Natural não diretamente climático,MT,PR,0.33430244906486073
Total,analitica_Natural não diretamente climático,MT,RJ,-0.26846623685742627
Total,analitica_Natural não diretamente climático,MT,RN,-0.21766266602429957
Total,analitica_Natural não diretamente climático,MT,RO,0.15100514897783612
Total,analitica_Natural não diretamente climático,MT,RR,-0.11958359105521903
Total,analitica_Natural não diretamente climático,MT,RS,0.19886086675501854
Total,analitica_Natural não diretamente climático,MT,SC,0.15112941062420307
Total,analitica_Natural não diretamente climático,MT,SE,-0.00514538401872361
Total,analitica_Natural não diretamente climático,MT,SP,-0.10136729499523721
Total,analitica_Natural não diretamente climático,MT,TO,0.32164890147432923
Total,analitica_Natural não diretamente climático,PA,PB,0.07749279648796632
Total,analitica_Natural não diretamente climático,PA,PE,0.12442418154452628
Total,analitica_Natural não diretamente climático,PA,PI,-0.010643768297784571
Total,analitica_Natural não diretamente climático,PA,PR,-0.09432684939590419
Total,analitica_Natural não diretamente climático,PA,RJ,0.05401644755023913
Total,analitica_Natural não diretamente climático,PA,RN,-0.03527983762686691
Total,analitica_Natural não diretamente climático,PA,RO,0.08110102770485181
Total,analitica_Natural não diretamente climático,PA,RR,-0.3212958052415213
Total,analitica_Natural não diretamente climático,PA,RS,-0.15910784489485402
Total,analitica_Natural não diretamente climático,PA,SC,-0.04732139725113864
Total,analitica_Natural não diretamente climático,PA,SE,-0.044688590497000975
Total,analitica_Natural não diretamente climático,PA,SP,0.09868314260870137
Total,analitica_Natural não diretamente climático,PA,TO,-0.06072174639207396
Total,analitica_Natural não diretamente climático,PB,PE,0.4649828706359047
Total,analitica_Natural não diretamente climático,PB,PI,0.4458599079331344
Total,analitica_Natural não diretamente climático,PB,PR,-0.15921741283808927
Total,analitica_Natural não diretamente climático,PB,RJ,0.1675572461210957
Total,analitica_Natural não diretamente climático,PB,RN,0.3381646406667179
Total,analitica_Natural não diretamente climático,PB,RO,-0.19666003358068537
Total,analitica_Natural não diretamente climático,PB,RR,-0.22808728113366675
Total,analitica_Natural não diretamente climático,PB,RS,-0.2243351561830958
Total,analitica_Natural não diretamente climático,PB,SC,-0.1456678539729032
Total,analitica_Natural não diretamente climático,PB,SE,0.13436823733108713
Total,analitica_Natural não diretamente climático,PB,SP,0.044824157914138255
Total,analitica_Natural não diretamente climático,PB,TO,-0.3723280153463236
Total,analitica_Natural não diretamente climático,PE,PI,0.26289502881876375
Total,analitica_Natural não diretamente climático,PE,PR,-0.3236527276498914
Total,analitica_Natural não diretamente climático,PE,RJ,0.43671964564753757
Total,analitica_Natural não diretamente climático,PE,RN,0.16910914824493234
Total,analitica_Natural não diretamente climático,PE,RO,-0.284110047257336
Total,analitica_Natural não diretamente climático,PE,RR,-0.16752350553507944
Total,analitica_Natural não diretamente climático,PE,RS,-0.2820133330299788
Total,analitica_Natural não diretamente climático,PE,SC,-0.23676922715838458
Total,analitica_Natural não diretamente climático,PE,SE,0.18600625775862673
Total,analitica_Natural não diretamente climático,PE,SP,-0.0032124127259190623
Total,analitica_Natural não diretamente climático,PE,TO,-0.43192576636529295
Total,analitica_Natural não diretamente climático,PI,PR,-0.34819320048700997
Total,analitica_Natural não diretamente climático,PI,RJ,-0.039218916266421336
Total,analitica_Natural não diretamente climático,PI,RN,0.23862882227970225
Total,analitica_Natural não diretamente climático,PI,RO,-0.3183547334346908
Total,analitica_Natural não diretamente climático,PI,RR,-0.11503199497337356
Total,analitica_Natural não diretamente climático,PI,RS,-0.17075652871501562
Total,analitica_Natural não diretamente climático,PI,SC,-0.3626987356906328
Total,analitica_Natural não diretamente climático,PI,SE,0.14431167520010432
Total,analitica_Natural não diretamente climático,PI,SP,-0.3050975342126534
Total,analitica_Natural não diretamente climático,PI,TO,-0.16054547872590502
Total,analitica_Natural não diretamente climático,PR,RJ,-0.040940079903026685
Total,analitica_Natural não diretamente climático,PR,RN,-0.20791891045165334
Total,analitica_Natural não diretamente climático,PR,RO,0.32507803498843124
Total,analitica_Natural não diretamente climático,PR,RR,-0.34858598765178794
Total,analitica_Natural não diretamente climático,PR,RS,0.5766500728602106
Total,analitica_Natural não diretamente climático,PR,SC,0.6657361053997662
Total,analitica_Natural não diretamente climático,PR,SE,-0.12293787286442473
Total,analitica_Natural não diretamente climático,PR,SP,0.4632328091017749
Total,analitica_Natural não diretamente climático,PR,TO,0.23041363754997057
Total,analitica_Natural não diretamente climático,RJ,RN,0.20327467102009547
Total,analitica_Natural não diretamente climático,RJ,RO,-0.22466696252614649
Total,analitica_Natural não diretamente climático,RJ,RR,-0.2944045404369295
Total,analitica_Natural não diretamente climático,RJ,RS,-0.19248036181673597
Total,analitica_Natural não diretamente climático,RJ,SC,0.023084911921053698
Total,analitica_Natural não diretamente climático,RJ,SE,0.010327670773055752
Total,analitica_Natural não diretamente climático,RJ,SP,0.25154417482417835
Total,analitica_Natural não diretamente climático,RJ,TO,-0.22342967222301258
Total,analitica_Natural não diretamente climático,RN,RO,-0.3066373316297597
Total,analitica_Natural não diretamente climático,RN,RR,-0.24110988252061458
Total,analitica_Natural não diretamente climático,RN,RS,-0.16442427335259913
Total,analitica_Natural não diretamente climático,RN,SC,-0.25680086981891354
Total,analitica_Natural não diretamente climático,RN,SE,0.31840134860351155
Total,analitica_Natural não diretamente climático,RN,SP,-0.06355679375694734
Total,analitica_Natural não diretamente climático,RN,TO,-0.1345753491306495
Total,analitica_Natural não diretamente climático,RO,RR,-0.03836043707457061
Total,analitica_Natural não diretamente climático,RO,RS,0.33411783180360166
Total,analitica_Natural não diretamente climático,RO,SC,0.5004306281084808
Total,analitica_Natural não diretamente climático,RO,SE,-0.2669035281071908
Total,analitica_Natural não diretamente climático,RO,SP,0.33124939559734623
Total,analitica_Natural não diretamente climático,RO,TO,0.13373074228065668
Total,analitica_Natural não diretamente climático,RR,RS,-0.09680615187777422
Total,analitica_Natural não diretamente climático,RR,SC,-0.25139336890862446
Total,analitica_Natural não diretamente climático,RR,SE,-0.12275000484609021
Total,analitica_Natural não diretamente climático,RR,SP,-0.2881140782349904
Total,analitica_Natural não diretamente climático,RR,TO,-0.1333478573600243
Total,analitica_Natural não diretamente climático,RS,SC,0.6326471770954334
Total,analitica_Natural não diretamente climático,RS,SE,-0.1454585318921113
Total,analitica_Natural não diretamente climático,RS,SP,0.24549620183951731
Total,analitica_Natural não diretamente climático,RS,TO,0.21981513003171488
Total,analitica_Natural não diretamente climático,SC,SE,-0.24697129894190598
Total,analitica_Natural não diretamente climático,SC,SP,0.5976760087796703
Total,analitica_Natural não diretamente climático,SC,TO,0.006124184599579115
Total,analitica_Natural não diretamente climático,SE,SP,-0.17808295717468764
Total,analitica_Natural não diretamente climático,SE,TO,-0.25552945172412583
Total,analitica_Natural não diretamente climático,SP,TO,-0.18090596367522344
Total,analitica_Tecnológico/antrópico,AC,AL,-0.11794479419936042
Total,analitica_Tecnológico/antrópico,AC,AM,0.2053665228647002
Total,analitica_Tecnológico/antrópico,AC,AP,-0.01068554971479469
Total,analitica_Tecnológico/antrópico,AC,BA,-0.011961906805972592
Total,analitica_Tecnológico/antrópico,AC,CE,-0.04932180674656807
Total,analitica_Tecnológico/antrópico,AC,DF,-0.18226237981150287
Total,analitica_Tecnológico/antrópico,AC,ES,-0.023191421360446315
Total,analitica_Tecnológico/antrópico,AC,GO,-0.20465109884517446
Total,analitica_Tecnológico/antrópico,AC,MA,-0.06613975440791504
Total,analitica_Tecnológico/antrópico,AC,MG,-0.032255828490245386
Total,analitica_Tecnológico/antrópico,AC,MS,-0.06056639420395931
Total,analitica_Tecnológico/antrópico,AC,MT,-0.1061034984965417
Total,analitica_Tecnológico/antrópico,AC,PA,0.1999926284588766
Total,analitica_Tecnológico/antrópico,AC,PB,-0.16550129832250443
Total,analitica_Tecnológico/antrópico,AC,PE,-0.017562107130432103
Total,analitica_Tecnológico/antrópico,AC,PI,-0.0818396108849938
Total,analitica_Tecnológico/antrópico,AC,PR,-0.13182371526071426
Total,analitica_Tecnológico/antrópico,AC,RJ,-0.08981895015640994
Total,analitica_Tecnológico/antrópico,AC,RN,-0.28906145372078523
Total,analitica_Tecnológico/antrópico,AC,RO,0.26686191740868254
Total,analitica_Tecnológico/antrópico,AC,RR,0.014258271969822342
Total,analitica_Tecnológico/antrópico,AC,RS,-0.12718442162189608
Total,analitica_Tecnológico/antrópico,AC,SC,0.13207587814585364
Total,analitica_Tecnológico/antrópico,AC,SE,-0.07798550439641097
Total,analitica_Tecnológico/antrópico,AC,SP,0.09922607676269969
Total,analitica_Tecnológico/antrópico,AC,TO,-0.10591578360633477
Total,analitica_Tecnológico/antrópico,AL,AM,0.04728775212523115
Total,analitica_Tecnológico/antrópico,AL,AP,-0.1292667166678253
Total,analitica_Tecnológico/antrópico,AL,BA,0.4918486230818601
Total,analitica_Tecnológico/antrópico,AL,CE,0.5001865985063235
Total,analitica_Tecnológico/antrópico,AL,DF,-0.13309645330383313
Total,analitica_Tecnológico/antrópico,AL,ES,0.04616500165110882
Total,analitica_Tecnológico/antrópico,AL,GO,-0.2208504367534044
Total,analitica_Tecnológico/antrópico,AL,MA,0.1389744097673959
Total,analitica_Tecnológico/antrópico,AL,MG,-0.35094383975597093
Total,analitica_Tecnológico/antrópico,AL,MS,-0.26251799078952653
Total,analitica_Tecnológico/antrópico,AL,MT,-0.23939645746870136
Total,analitica_Tecnológico/antrópico,AL,PA,0.19717958107205089
Total,analitica_Tecnológico/antrópico,AL,PB,0.4966454022188676
Total,analitica_Tecnológico/antrópico,AL,PE,0.5173730825511251
Total,analitica_Tecnológico/antrópico,AL,PI,0.3581887465878003
Total,analitica_Tecnológico/antrópico,AL,PR,-0.31657120743920963
Total,analitica_Tecnológico/antrópico,AL,RJ,0.17049680320685556
Total,analitica_Tecnológico/antrópico,AL,RN,0.34690014892183074
Total,analitica_Tecnológico/antrópico,AL,RO,-0.3270104586332626
Total,analitica_Tecnológico/antrópico,AL,RR,-0.22536890250711616
Total,analitica_Tecnológico/antrópico,AL,RS,-0.31613105587922835
Total,analitica_Tecnológico/antrópico,AL,SC,-0.41664876502933107
Total,analitica_Tecnológico/antrópico,AL,SE,0.27114103767316344
Total,analitica_Tecnológico/antrópico,AL,SP,-0.2014374616221899
Total,analitica_Tecnológico/antrópico,AL,TO,-0.32915562539073184
Total,analitica_Tecnológico/antrópico,AM,AP,-0.0014683770111178303
Total,analitica_Tecnológico/antrópico,AM,BA,0.28384298100101923
Total,analitica_Tecnológico/antrópico,AM,CE,0.3676907357655459
Total,analitica_Tecnológico/antrópico,AM,DF,-0.042255463900184774
Total,analitica_Tecnológico/antrópico,AM,ES,0.07088858684328841
Total,analitica_Tecnológico/antrópico,AM,GO,-0.24396530063988833
Total,analitica_Tecnológico/antrópico,AM,MA,-0.14985193977287184
Total,analitica_Tecnológico/antrópico,AM,MG,-0.15804224724692048
Total,analitica_Tecnológico/antrópico,AM,MS,-0.17628966843827437
Total,analitica_Tecnológico/antrópico,AM,MT,-0.33716544393402337
Total,analitica_Tecnológico/antrópico,AM,PA,0.12450648259153525
Total,analitica_Tecnológico/antrópico,AM,PB,0.02889680537202338
Total,analitica_Tecnológico/antrópico,AM,PE,0.26103565526828615
Total,analitica_Tecnológico/antrópico,AM,PI,-0.024823205346630132
Total,analitica_Tecnológico/antrópico,AM,PR,-0.2525416110017776
Total,analitica_Tecnológico/antrópico,AM,RJ,0.28459528181114563
Total,analitica_Tecnológico/antrópico,AM,RN,-0.024361661578732673
Total,analitica_Tecnológico/antrópico,AM,RO,-0.16864776282464217
Total,analitica_Tecnológico/antrópico,AM,RR,-0.1267555252415803
Total,analitica_Tecnológico/antrópico,AM,RS,-0.2820951258429554
Total,analitica_Tecnológico/antrópico,AM,SC,-0.07126894959216701
Total,analitica_Tecnológico/antrópico,AM,SE,0.11642029695432861
Total,analitica_Tecnológico/antrópico,AM,SP,0.15571065743809503
Total,analitica_Tecnológico/antrópico,AM,TO,-0.2623281136250501
Total,analitica_Tecnológico/antrópico,AP,BA,-0.15234346149757333
Total,analitica_Tecnológico/antrópico,AP,CE,-0.10408533354946888
Total,analitica_Tecnológico/antrópico,AP,DF,-0.06501385769507965
Total,analitica_Tecnológico/antrópico,AP,ES,-0.14107474481178356
Total,analitica_Tecnológico/antrópico,AP,GO,-0.14078291381403815
Total,analitica_Tecnológico/antrópico,AP,MA,-0.08271781178086131
Total,analitica_Tecnológico/antrópico,AP,MG,0.0929559637820804
Total,analitica_Tecnológico/antrópico,AP,MS,0.0032801665930224672
Total,analitica_Tecnológico/antrópico,AP,MT,-0.05472639919521912
Total,analitica_Tecnológico/antrópico,AP,PA,0.07493917112759717
Total,analitica_Tecnológico/antrópico,AP,PB,-0.13223369969171922
Total,analitica_Tecnológico/antrópico,AP,PE,-0.10673626966075912
Total,analitica_Tecnológico/antrópico,AP,PI,-0.19131062771945265
Total,analitica_Tecnológico/antrópico,AP,PR,-0.06794228227935002
Total,analitica_Tecnológico/antrópico,AP,RJ,-0.02008003367771939
Total,analitica_Tecnológico/antrópico,AP,RN,-0.15441345666815254
Total,analitica_Tecnológico/antrópico,AP,RO,-0.12608177588441982
Total,analitica_Tecnológico/antrópico,AP,RR,-0.026104907424818437
Total,analitica_Tecnológico/antrópico,AP,RS,-0.19469818303939262
Total,analitica_Tecnológico/antrópico,AP,SC,-0.07968693933849516
Total,analitica_Tecnológico/antrópico,AP,SE,-0.2132180919094324
Total,analitica_Tecnológico/antrópico,AP,SP,-0.13358362704907029
Total,analitica_Tecnológico/antrópico,AP,TO,0.05405579892240476
Total,analitica_Tecnológico/antrópico,BA,CE,0.4968606872660976
Total,analitica_Tecnológico/antrópico,BA,DF,0.008929817256368176
Total,analitica_Tecnológico/antrópico,BA,ES,0.10223909340013725
Total,analitica_Tecnológico/antrópico,BA,GO,-0.15607754550817432
Total,analitica_Tecnológico/antrópico,BA,MA,-0.03599717089753851
Total,analitica_Tecnológico/antrópico,BA,MG,-0.22181043446668644
Total,analitica_Tecnológico/antrópico,BA,MS,-0.28211582944321756
Total,analitica_Tecnológico/antrópico,BA,MT,-0.32310596780559997
Total,analitica_Tecnológico/antrópico,BA,PA,0.15806954591781275
Total,analitica_Tecnológico/antrópico,BA,PB,0.32460831030147347
Total,analitica_Tecnológico/antrópico,BA,PE,0.44052644492787135
Total,analitica_Tecnológico/antrópico,BA,PI,0.22241328771934185
Total,analitica_Tecnológico/antrópico,BA,PR,-0.3077834354301775
Total,analitica_Tecnológico/antrópico,BA,RJ,0.38962619360862655
Total,analitica_Tecnológico/antrópico,BA,RN,0.4225725022758657
Total,analitica_Tecnológico/antrópico,BA,RO,-0.2974641108476612
Total,analitica_Tecnológico/antrópico,BA,RR,-0.2645421673680098
Total,analitica_Tecnológico/antrópico,BA,RS,-0.27244219708276507
Total,analitica_Tecnológico/antrópico,BA,SC,-0.2459502743217932
Total,analitica_Tecnológico/antrópico,BA,SE,0.25482981024635176
Total,analitica_Tecnológico/antrópico,BA,SP,-0.03152867708743224
Total,analitica_Tecnológico/antrópico,BA,TO,-0.3873896188360723
Total,analitica_Tecnológico/antrópico,CE,DF,-0.04362420005632161
Total,analitica_Tecnológico/antrópico,CE,ES,0.16330677325011891
Total,analitica_Tecnológico/antrópico,CE,GO,-0.3478319337859758
Total,analitica_Tecnológico/antrópico,CE,MA,0.021845392499569197
Total,analitica_Tecnológico/antrópico,CE,MG,-0.26688855196424804
Total,analitica_Tecnológico/antrópico,CE,MS,-0.43019660636952123
Total,analitica_Tecnológico/antrópico,CE,MT,-0.3789549910733259
Total,analitica_Tecnológico/antrópico,CE,PA,0.19659551212767198
Total,analitica_Tecnológico/antrópico,CE,PB,0.489715106803621
Total,analitica_Tecnológico/antrópico,CE,PE,0.6775524011101338
Total,analitica_Tecnológico/antrópico,CE,PI,0.3766601385796447
Total,analitica_Tecnológico/antrópico,CE,PR,-0.42091701160213324
Total,analitica_Tecnológico/antrópico,CE,RJ,0.3665626693612273
Total,analitica_Tecnológico/antrópico,CE,RN,0.35313341804396076
Total,analitica_Tecnológico/antrópico,CE,RO,-0.3114498520620532
Total,analitica_Tecnológico/antrópico,CE,RR,-0.2729182729524416
Total,analitica_Tecnológico/antrópico,CE,RS,-0.375806191973339
Total,analitica_Tecnológico/antrópico,CE,SC,-0.3466162493544643
Total,analitica_Tecnológico/antrópico,CE,SE,0.20241737513132682
Total,analitica_Tecnológico/antrópico,CE,SP,-0.028263059426459965
Total,analitica_Tecnológico/antrópico,CE,TO,-0.3830593979766729
Total,analitica_Tecnológico/antrópico,DF,ES,0.08656502766956048
Total,analitica_Tecnológico/antrópico,DF,GO,0.08991912872651665
Total,analitica_Tecnológico/antrópico,DF,MA,-0.26263270704735403
Total,analitica_Tecnológico/antrópico,DF,MG,0.4392766206730339
Total,analitica_Tecnológico/antrópico,DF,MS,0.08504545103379359
Total,analitica_Tecnológico/antrópico,DF,MT,-0.036669855167305095
Total,analitica_Tecnológico/antrópico,DF,PA,-0.0674134938029541
Total,analitica_Tecnológico/antrópico,DF,PB,0.1574641186230944
Total,analitica_Tecnológico/antrópico,DF,PE,-0.0305169804582534
Total,analitica_Tecnológico/antrópico,DF,PI,-0.12348453746576876
Total,analitica_Tecnológico/antrópico,DF,PR,0.350357395815208
Total,analitica_Tecnológico/antrópico,DF,RJ,0.18915045205127123
Total,analitica_Tecnológico/antrópico,DF,RN,-0.005883495746622546
Total,analitica_Tecnológico/antrópico,DF,RO,0.10299803111162262
Total,analitica_Tecnológico/antrópico,DF,RR,-0.2790865423208391
Total,analitica_Tecnológico/antrópico,DF,RS,0.31837338882239474
Total,analitica_Tecnológico/antrópico,DF,SC,0.44462860754253564
Total,analitica_Tecnológico/antrópico,DF,SE,-0.05440470588167439
Total,analitica_Tecnológico/antrópico,DF,SP,0.41572749512879975
Total,analitica_Tecnológico/antrópico,DF,TO,-0.08692659963261123
Total,analitica_Tecnológico/antrópico,ES,GO,-0.028295345214246648
Total,analitica_Tecnológico/antrópico,ES,MA,0.08559583379495952
Total,analitica_Tecnológico/antrópico,ES,MG,0.21557562367443292
Total,analitica_Tecnológico/antrópico,ES,MS,-0.1655589643194186
Total,analitica_Tecnológico/antrópico,ES,MT,-0.15003213714967664
Total,analitica_Tecnológico/antrópico,ES,PA,0.0018866419607508097
Total,analitica_Tecnológico/antrópico,ES,PB,0.11235532151061024
Total,analitica_Tecnológico/antrópico,ES,PE,0.02951941186334537
Total,analitica_Tecnológico/antrópico,ES,PI,0.06601397578521903
Total,analitica_Tecnológico/antrópico,ES,PR,0.006649862588744995
Total,analitica_Tecnológico/antrópico,ES,RJ,0.1461485770818484
Total,analitica_Tecnológico/antrópico,ES,RN,0.2511580744259826
Total,analitica_Tecnológico/antrópico,ES,RO,-0.1777326358290847
Total,analitica_Tecnológico/antrópico,ES,RR,-0.3313728411778884
Total,analitica_Tecnológico/antrópico,ES,RS,0.05539056408359146
Total,analitica_Tecnológico/antrópico,ES,SC,0.09346386228926384
Total,analitica_Tecnológico/antrópico,ES,SE,0.08451854422397977
Total,analitica_Tecnológico/antrópico,ES,SP,0.21718538732317894
Total,analitica_Tecnológico/antrópico,ES,TO,0.028943014430530423
Total,analitica_Tecnológico/antrópico,GO,MA,0.06864798965553445
Total,analitica_Tecnológico/antrópico,GO,MG,0.3003267551813307
Total,analitica_Tecnológico/antrópico,GO,MS,0.5832024892226008
Total,analitica_Tecnológico/antrópico,GO,MT,0.38726371988497016
Total,analitica_Tecnológico/antrópico,GO,PA,0.00107465893058563
Total,analitica_Tecnológico/antrópico,GO,PB,-0.21753056234087997
Total,analitica_Tecnológico/antrópico,GO,PE,-0.409781160217171
Total,analitica_Tecnológico/antrópico,GO,PI,-0.07626380516972803
Total,analitica_Tecnológico/antrópico,GO,PR,0.43424338204517393
Total,analitica_Tecnológico/antrópico,GO,RJ,-0.14508615393810761
Total,analitica_Tecnológico/antrópico,GO,RN,-0.022606346426849635
Total,analitica_Tecnológico/antrópico,GO,RO,0.045514918190912954
Total,analitica_Tecnológico/antrópico,GO,RR,-0.27385198071822464
Total,analitica_Tecnológico/antrópico,GO,RS,0.13622507546714105
Total,analitica_Tecnológico/antrópico,GO,SC,0.09570635243001281
Total,analitica_Tecnológico/antrópico,GO,SE,0.011747558680583251
Total,analitica_Tecnológico/antrópico,GO,SP,0.020295603952549177
Total,analitica_Tecnológico/antrópico,GO,TO,0.31804361398819875
Total,analitica_Tecnológico/antrópico,MA,MG,-0.13700607907989357
Total,analitica_Tecnológico/antrópico,MA,MS,-0.11369984298516775
Total,analitica_Tecnológico/antrópico,MA,MT,0.04702868971449368
Total,analitica_Tecnológico/antrópico,MA,PA,0.06618335911021597
Total,analitica_Tecnológico/antrópico,MA,PB,0.013883068962850296
Total,analitica_Tecnológico/antrópico,MA,PE,-0.029824329798999544
Total,analitica_Tecnológico/antrópico,MA,PI,0.43790872533746167
Total,analitica_Tecnológico/antrópico,MA,PR,-0.159945923170311
Total,analitica_Tecnológico/antrópico,MA,RJ,-0.12357289126466889
Total,analitica_Tecnológico/antrópico,MA,RN,0.06057040233365885
Total,analitica_Tecnológico/antrópico,MA,RO,-0.04626148666767584
Total,analitica_Tecnológico/antrópico,MA,RR,-0.20135696328345049
Total,analitica_Tecnológico/antrópico,MA,RS,-0.08229138325635442
Total,analitica_Tecnológico/antrópico,MA,SC,-0.2100172744181528
Total,analitica_Tecnológico/antrópico,MA,SE,0.02107177191628956
Total,analitica_Tecnológico/antrópico,MA,SP,-0.36346276947102923
Total,analitica_Tecnológico/antrópico,MA,TO,0.20403772758384853
Total,analitica_Tecnológico/antrópico,MG,MS,0.2348025480411555
Total,analitica_Tecnológico/antrópico,MG,MT,0.1696793693939068
Total,analitica_Tecnológico/antrópico,MG,PA,0.04589580714942437
Total,analitica_Tecnológico/antrópico,MG,PB,-0.1469703563179045
Total,analitica_Tecnológico/antrópico,MG,PE,-0.2738761560891457
Total,analitica_Tecnológico/antrópico,MG,PI,-0.23894688913734574
Total,analitica_Tecnológico/antrópico,MG,PR,0.55516057853828
Total,analitica_Tecnológico/antrópico,MG,RJ,0.1098047781213327
Total,analitica_Tecnológico/antrópico,MG,RN,-0.14970547667848483
Total,analitica_Tecnológico/antrópico,MG,RO,0.26132775850241574
Total,analitica_Tecnológico/antrópico,MG,RR,-0.39732860825970717
Total,analitica_Tecnológico/antrópico,MG,RS,0.28914410528563467
Total,analitica_Tecnológico/antrópico,MG,SC,0.5417283636893956
Total,analitica_Tecnológico/antrópico,MG,SE,-0.17041997396614417
Total,analitica_Tecnológico/antrópico,MG,SP,0.5340979218103733
Total,analitica_Tecnológico/antrópico,MG,TO,0.15668525136989198
Total,analitica_Tecnológico/antrópico,MS,MT,0.36934428615877163
Total,analitica_Tecnológico/antrópico,MS,PA,-0.037576372259865036
Total,analitica_Tecnológico/antrópico,MS,PB,-0.3191296302487421
Total,analitica_Tecnológico/antrópico,MS,PE,-0.40516676296084453
Total,analitica_Tecnológico/antrópico,MS,PI,-0.29690408224062226
Total,analitica_Tecnológico/antrópico,MS,PR,0.5403669978153556
Total,analitica_Tecnológico/antrópico,MS,RJ,-0.2880354417665194
Total,analitica_Tecnológico/antrópico,MS,RN,-0.3160348407838434
Total,analitica_Tecnológico/antrópico,MS,RO,0.2167344990179958
Total,analitica_Tecnológico/antrópico,MS,RR,-0.15814598629349486
Total,analitica_Tecnológico/antrópico,MS,RS,0.24142607106735295
Total,analitica_Tecnológico/antrópico,MS,SC,0.23084804662256336
Total,analitica_Tecnológico/antrópico,MS,SE,-0.20750215470643393
Total,analitica_Tecnológico/antrópico,MS,SP,0.09136695163964909
Total,analitica_Tecnológico/antrópico,MS,TO,0.34558662162625475
Total,analitica_Tecnológico/antrópico,MT,PA,-0.12378437184143201
Total,analitica_Tecnológico/antrópico,MT,PB,-0.36415503791485854
Total,analitica_Tecnológico/antrópico,MT,PE,-0.36685673798480334
Total,analitica_Tecnológico/antrópico,MT,PI,-0.2875732913994834
Total,analitica_Tecnológico/antrópico,MT,PR,0.33453142862845475
Total,analitica_Tecnológico/antrópico,MT,RJ,-0.2686022854116723
Total,analitica_Tecnológico/antrópico,MT,RN,-0.21767781857033333
Total,analitica_Tecnológico/antrópico,MT,RO,0.1511885124517023
Total,analitica_Tecnológico/antrópico,MT,RR,-0.11960617179133105
Total,analitica_Tecnológico/antrópico,MT,RS,0.1991774177794446
Total,analitica_Tecnológico/antrópico,MT,SC,0.1514726003069443
Total,analitica_Tecnológico/antrópico,MT,SE,-0.005326415182601403
Total,analitica_Tecnológico/antrópico,MT,SP,-0.10120418365975391
Total,analitica_Tecnológico/antrópico,MT,TO,0.32175012996697655
Total,analitica_Tecnológico/antrópico,PA,PB,0.07734893826378661
Total,analitica_Tecnológico/antrópico,PA,PE,0.12399192664240376
Total,analitica_Tecnológico/antrópico,PA,PI,-0.010852000569125643
Total,analitica_Tecnológico/antrópico,PA,PR,-0.09402007317941012
Total,analitica_Tecnológico/antrópico,PA,RJ,0.053457961859907484
Total,analitica_Tecnológico/antrópico,PA,RN,-0.03570889485554084
Total,analitica_Tecnológico/antrópico,PA,RO,0.08176658140543872
Total,analitica_Tecnológico/antrópico,PA,RR,-0.3207776048002943
Total,analitica_Tecnológico/antrópico,PA,RS,-0.1587696769169808
Total,analitica_Tecnológico/antrópico,PA,SC,-0.046759766295765816
Total,analitica_Tecnológico/antrópico,PA,SE,-0.045299927663494576
Total,analitica_Tecnológico/antrópico,PA,SP,0.09876687474776953
Total,analitica_Tecnológico/antrópico,PA,TO,-0.06070370931310861
Total,analitica_Tecnológico/antrópico,PB,PE,0.46481305711541615
Total,analitica_Tecnológico/antrópico,PB,PI,0.44572173372388246
Total,analitica_Tecnológico/antrópico,PB,PR,-0.15941498144356503
Total,analitica_Tecnológico/antrópico,PB,RJ,0.1674918774009532
Total,analitica_Tecnológico/antrópico,PB,RN,0.3382557829952892
Total,analitica_Tecnológico/antrópico,PB,RO,-0.19692224834592845
Total,analitica_Tecnológico/antrópico,PB,RR,-0.22815110567394045
Total,analitica_Tecnológico/antrópico,PB,RS,-0.22428828063482087
Total,analitica_Tecnológico/antrópico,PB,SC,-0.1457585233842371
Total,analitica_Tecnológico/antrópico,PB,SE,0.13437091634533144
Total,analitica_Tecnológico/antrópico,PB,SP,0.04454772821141563
Total,analitica_Tecnológico/antrópico,PB,TO,-0.37225621312387647
Total,analitica_Tecnológico/antrópico,PE,PI,0.2627131175591066
Total,analitica_Tecnológico/antrópico,PE,PR,-0.323556346695853
Total,analitica_Tecnológico/antrópico,PE,RJ,0.4367941958861054
Total,analitica_Tecnológico/antrópico,PE,RN,0.1692103810535856
Total,analitica_Tecnológico/antrópico,PE,RO,-0.2842276922301515
Total,analitica_Tecnológico/antrópico,PE,RR,-0.16754015815435422
Total,analitica_Tecnológico/antrópico,PE,RS,-0.28183152324779576
Total,analitica_Tecnológico/antrópico,PE,SC,-0.23653116890014056
Total,analitica_Tecnológico/antrópico,PE,SE,0.18609525330543936
Total,analitica_Tecnológico/antrópico,PE,SP,-0.0031720818281851114
Total,analitica_Tecnológico/antrópico,PE,TO,-0.43169438654124315
Total,analitica_Tecnológico/antrópico,PI,PR,-0.348351268739967
Total,analitica_Tecnológico/antrópico,PI,RJ,-0.039394897851599504
Total,analitica_Tecnológico/antrópico,PI,RN,0.2385811273148819
Total,analitica_Tecnológico/antrópico,PI,RO,-0.3185061069094258
Total,analitica_Tecnológico/antrópico,PI,RR,-0.11504391403844579
Total,analitica_Tecnológico/antrópico,PI,RS,-0.1707062630812084
Total,analitica_Tecnológico/antrópico,PI,SC,-0.3628198957174681
Total,analitica_Tecnológico/antrópico,PI,SE,0.1442489563497672
Total,analitica_Tecnológico/antrópico,PI,SP,-0.305256429942013
Total,analitica_Tecnológico/antrópico,PI,TO,-0.16058886716738854
Total,analitica_Tecnológico/antrópico,PR,RJ,-0.04097451090867748
Total,analitica_Tecnológico/antrópico,PR,RN,-0.2078554777907071
Total,analitica_Tecnológico/antrópico,PR,RO,0.3249273905946213
Total,analitica_Tecnológico/antrópico,PR,RR,-0.34855505059217834
Total,analitica_Tecnológico/antrópico,PR,RS,0.5768112649564949
Total,analitica_Tecnológico/antrópico,PR,SC,0.6656645007099377
Total,analitica_Tecnológico/antrópico,PR,SE,-0.12247534886441146
Total,analitica_Tecnológico/antrópico,PR,SP,0.463260873184444
Total,analitica_Tecnológico/antrópico,PR,TO,0.23068782598134455
Total,analitica_Tecnológico/antrópico,RJ,RN,0.20348133165192275
Total,analitica_Tecnológico/antrópico,RJ,RO,-0.22490931153306618
Total,analitica_Tecnológico/antrópico,RJ,RR,-0.2942661233925153
Total,analitica_Tecnológico/antrópico,RJ,RS,-0.1924610400909245
Total,analitica_Tecnológico/antrópico,RJ,SC,0.023172689616037568
Total,analitica_Tecnológico/antrópico,RJ,SE,0.010626498178530201
Total,analitica_Tecnológico/antrópico,RJ,SP,0.2515303156371291
Total,analitica_Tecnológico/antrópico,RJ,TO,-0.22323369537072935
Total,analitica_Tecnológico/antrópico,RN,RO,-0.306656437169762
Total,analitica_Tecnológico/antrópico,RN,RR,-0.24105756029329647
Total,analitica_Tecnológico/antrópico,RN,RS,-0.16429488127222927
Total,analitica_Tecnológico/antrópico,RN,SC,-0.256671297077514
Total,analitica_Tecnológico/antrópico,RN,SE,0.318534082206408
Total,analitica_Tecnológico/antrópico,RN,SP,-0.0635217165415842
Total,analitica_Tecnológico/antrópico,RN,TO,-0.13447718067630995
Total,analitica_Tecnológico/antrópico,RO,RR,-0.03842371847215028
Total,analitica_Tecnológico/antrópico,RO,RS,0.33402295313662167
Total,analitica_Tecnológico/antrópico,RO,SC,0.5003573064984644
Total,analitica_Tecnológico/antrópico,RO,SE,-0.266836215906867
Total,analitica_Tecnológico/antrópico,RO,SP,0.331034874451469
Total,analitica_Tecnológico/antrópico,RO,TO,0.1336734351593869
Total,analitica_Tecnológico/antrópico,RR,RS,-0.09677044874618834
Total,analitica_Tecnológico/antrópico,RR,SC,-0.2514257390088309
Total,analitica_Tecnológico/antrópico,RR,SE,-0.122687750723857
Total,analitica_Tecnológico/antrópico,RR,SP,-0.28814260340933145
Total,analitica_Tecnológico/antrópico,RR,TO,-0.13335923288130125
Total,analitica_Tecnológico/antrópico,RS,SC,0.6326242977968354
Total,analitica_Tecnológico/antrópico,RS,SE,-0.14536207773959675
Total,analitica_Tecnológico/antrópico,RS,SP,0.24567628020254265
Total,analitica_Tecnológico/antrópico,RS,TO,0.22007386286206176
Total,analitica_Tecnológico/antrópico,SC,SE,-0.24661201398318816
Total,analitica_Tecnológico/antrópico,SC,SP,0.5975879039624549
Total,analitica_Tecnológico/antrópico,SC,TO,0.0063435288014565255
Total,analitica_Tecnológico/antrópico,SE,SP,-0.17773712008146933
Total,analitica_Tecnológico/antrópico,SE,TO,-0.25546699899178066
Total,analitica_Tecnológico/antrópico,SP,TO,-0.1805377389425602
Pré,total_desastres,AC,AL,-0.09189512157887426
Pré,total_desastres,AC,AM,0.2999244973708217
Pré,total_desastres,AC,AP,-0.09181264878263971
Pré,total_desastres,AC,BA,0.09009731395156995
Pré,total_desastres,AC,CE,0.01625675185791036
Pré,total_desastres,AC,DF,-0.17435368620890349
Pré,total_desastres,AC,ES,0.027948923303428748
Pré,total_desastres,AC,GO,-0.16438352104618142
Pré,total_desastres,AC,MA,-0.023359840802704344
Pré,total_desastres,AC,MG,-0.12660113627881983
Pré,total_desastres,AC,MS,-0.21772847750194252
Pré,total_desastres,AC,MT,-0.2065234270930112
Pré,total_desastres,AC,PA,0.14170064771223045
Pré,total_desastres,AC,PB,-0.07388474315574615
Pré,total_desastres,AC,PE,0.10823927028978418
Pré,total_desastres,AC,PI,-0.023751590314758826
Pré,total_desastres,AC,PR,-0.2558807009074748
Pré,total_desastres,AC,RJ,0.13084668233778923
Pré,total_desastres,AC,RN,-0.144808963017619
Pré,total_desastres,AC,RO,0.1796438222173901
Pré,total_desastres,AC,RR,-0.009322266665430417
Pré,total_desastres,AC,RS,-0.24987243683334662
Pré,total_desastres,AC,SC,0.0890998188934543
Pré,total_desastres,AC,SE,0.031092384350633693
Pré,total_desastres,AC,SP,0.07479434761083611
Pré,total_desastres,AC,TO,-0.2028453063292282
Pré,total_desastres,AL,AM,-0.11459351005014495
Pré,total_desastres,AL,AP,-0.14445690175124995
Pré,total_desastres,AL,BA,0.4949785667875343
Pré,total_desastres,AL,CE,0.3176169892732117
Pré,total_desastres,AL,DF,-0.11269785095792048
Pré,total_desastres,AL,ES,0.12426569070500434
Pré,total_desastres,AL,GO,-0.008209213710632338
Pré,total_desastres,AL,MA,0.23803990483416085
Pré,total_desastres,AL,MG,-0.2084692130277261
Pré,total_desastres,AL,MS,-0.07974653183348167
Pré,total_desastres,AL,MT,-0.08982671520737713
Pré,total_desastres,AL,PA,0.1728341433736179
Pré,total_desastres,AL,PB,0.419121310683157
Pré,total_desastres,AL,PE,0.40575669169017514
Pré,total_desastres,AL,PI,0.25148168998228454
Pré,total_desastres,AL,PR,-0.10872558939067847
Pré,total_desastres,AL,RJ,0.10904317237891888
Pré,total_desastres,AL,RN,0.2799009024501808
Pré,total_desastres,AL,RO,-0.2918071953415061
Pré,total_desastres,AL,RR,-0.26689627464122795
Pré,total_desastres,AL,RS,-0.21715562665882152
Pré,total_desastres,AL,SC,-0.2946934092808305
Pré,total_desastres,AL,SE,0.1806622207954591
Pré,total_desastres,AL,SP,-0.19568328045530664
Pré,total_desastres,AL,TO,-0.238625191693443
Pré,total_desastres,AM,AP,0.02303045093962143
Pré,total_desastres,AM,BA,0.09601213224206696
Pré,total_desastres,AM,CE,0.13417047235357704
Pré,total_desastres,AM,DF,-0.08446186342452176
Pré,total_desastres,AM,ES,0.15228156135208495
Pré,total_desastres,AM,GO,-0.14107285252439916
Pré,total_desastres,AM,MA,-0.06710226651073306
Pré,total_desastres,AM,MG,0.006405777522489429
Pré,total_desastres,AM,MS,-0.032599002328223485
Pré,total_desastres,AM,MT,-0.20452622968811862
Pré,total_desastres,AM,PA,0.08459124359439414
Pré,total_desastres,AM,PB,-0.1436094867531596
Pré,total_desastres,AM,PE,0.10626230377493505
Pré,total_desastres,AM,PI,-0.1652530597421663
Pré,total_desastres,AM,PR,-0.1308289086812759
Pré,total_desastres,AM,RJ,0.27207036693668135
Pré,total_desastres,AM,RN,-0.16912405188095675
Pré,total_desastres,AM,RO,-0.021454690686429218
Pré,total_desastres,AM,RR,-0.15848112539262615
Pré,total_desastres,AM,RS,-0.17824762369514902
Pré,total_desastres,AM,SC,0.11243185454590054
Pré,total_desastres,AM,SE,0.12326654632884301
Pré,total_desastres,AM,SP,0.1652716489935603
Pré,total_desastres,AM,TO,-0.13536367600057098
Pré,total_desastres,AP,BA,-0.18039478029579425
Pré,total_desastres,AP,CE,-0.14406033534092502
Pré,total_desastres,AP,DF,-0.0979651700204231
Pré,total_desastres,AP,ES,-0.09309838901349887
Pré,total_desastres,AP,GO,-0.10243912826288042
Pré,total_desastres,AP,MA,-0.08681301480113505
Pré,total_desastres,AP,MG,0.15071033429574443
Pré,total_desastres,AP,MS,0.10232556709683757
Pré,total_desastres,AP,MT,-0.0952787149275183
Pré,total_desastres,AP,PA,0.05344471953160963
Pré,total_desastres,AP,PB,-0.12448622101480519
Pré,total_desastres,AP,PE,-0.17195055362691553
Pré,total_desastres,AP,PI,-0.21169029029418887
Pré,total_desastres,AP,PR,-0.04897642617627715
Pré,total_desastres,AP,RJ,-0.06708998161644736
Pré,total_desastres,AP,RN,-0.12981522589510763
Pré,total_desastres,AP,RO,-0.24439285200876593
Pré,total_desastres,AP,RR,-0.04379217462796187
Pré,total_desastres,AP,RS,-0.2668667818990365
Pré,total_desastres,AP,SC,-0.11134179723025675
Pré,total_desastres,AP,SE,-0.22377558416248883
Pré,total_desastres,AP,SP,-0.10269268851699932
Pré,total_desastres,AP,TO,0.07047287787132205
Pré,total_desastres,BA,CE,0.2989241279703101
Pré,total_desastres,BA,DF,-0.07579813708110202
Pré,total_desastres,BA,ES,0.12094826683544138
Pré,total_desastres,BA,GO,0.1444533254788193
Pré,total_desastres,BA,MA,0.14915793941944444
Pré,total_desastres,BA,MG,-0.07136220067681595
Pré,total_desastres,BA,MS,-0.020340579982182076
Pré,total_desastres,BA,MT,-0.15924330168754597
Pré,total_desastres,BA,PA,0.2139758752413557
Pré,total_desastres,BA,PB,0.18345351094050058
Pré,total_desastres,BA,PE,0.2643430599203372
Pré,total_desastres,BA,PI,0.09338754186859481
Pré,total_desastres,BA,PR,-0.14275409103122455
Pré,total_desastres,BA,RJ,0.32036046673214924
Pré,total_desastres,BA,RN,0.34534051011228123
Pré,total_desastres,BA,RO,-0.05192936883384097
Pré,total_desastres,BA,RR,-0.328480472455425
Pré,total_desastres,BA,RS,-0.23801335165833473
Pré,total_desastres,BA,SC,-0.12231603386252173
Pré,total_desastres,BA,SE,0.16406000997488687
Pré,total_desastres,BA,SP,-0.02362659885574481
Pré,total_desastres,BA,TO,-0.22576754624799902
Pré,total_desastres,CE,DF,0.0012493036489365078
Pré,total_desastres,CE,ES,0.32505340354643486
Pré,total_desastres,CE,GO,0.016924996030119738
Pré,total_desastres,CE,MA,0.2775664835130764
Pré,total_desastres,CE,MG,0.06706100556350676
Pré,total_desastres,CE,MS,-0.17066603522398244
Pré,total_desastres,CE,MT,-0.11667954805014522
Pré,total_desastres,CE,PA,0.21528696593368363
Pré,total_desastres,CE,PB,0.33731776085461274
Pré,total_desastres,CE,PE,0.5246413540683502
Pré,total_desastres,CE,PI,0.16171608588897946
Pré,total_desastres,CE,PR,-0.05568915364788486
Pré,total_desastres,CE,RJ,0.4107579861722022
Pré,total_desastres,CE,RN,0.14259841606391482
Pré,total_desastres,CE,RO,-0.00958693820381591
Pré,total_desastres,CE,RR,-0.43809265942711373
Pré,total_desastres,CE,RS,-0.19544345153602483
Pré,total_desastres,CE,SC,-0.01058311579713174
Pré,total_desastres,CE,SE,0.016181289473892847
Pré,total_desastres,CE,SP,0.04449186975311794
Pré,total_desastres,CE,TO,-0.1328281020300592
Pré,total_desastres,DF,ES,0.11010866699823454
Pré,total_desastres,DF,GO,0.17833536969681021
Pré,total_desastres,DF,MA,-0.266840685257856
Pré,total_desastres,DF,MG,0.5184009258605077
Pré,total_desastres,DF,MS,0.40243763470990024
Pré,total_desastres,DF,MT,0.01620295000554062
Pré,total_desastres,DF,PA,0.03748962351568158
Pré,total_desastres,DF,PB,0.09213640948388926
Pré,total_desastres,DF,PE,-0.04850868202779336
Pré,total_desastres,DF,PI,-0.18052509678445955
Pré,total_desastres,DF,PR,0.5329786507453859
Pré,total_desastres,DF,RJ,0.07597358581809645
Pré,total_desastres,DF,RN,-0.0006527796934079043
Pré,total_desastres,DF,RO,0.33118563173067145
Pré,total_desastres,DF,RR,-0.35393749873330693
Pré,total_desastres,DF,RS,0.39519880888482545
Pré,total_desastres,DF,SC,0.5648912600883015
Pré,total_desastres,DF,SE,-0.0768743231414032
Pré,total_desastres,DF,SP,0.537000440927465
Pré,total_desastres,DF,TO,0.0692665835348825
Pré,total_desastres,ES,GO,-0.055235868622946806
Pré,total_desastres,ES,MA,0.11409733925858534
Pré,total_desastres,ES,MG,0.21855881764812662
Pré,total_desastres,ES,MS,-0.15557374576526545
Pré,total_desastres,ES,MT,-0.13382380060448765
Pré,total_desastres,ES,PA,0.057109901976538376
Pré,total_desastres,ES,PB,0.1230441675767143
Pré,total_desastres,ES,PE,0.1238040001439651
Pré,total_desastres,ES,PI,-0.008844113885373038
Pré,total_desastres,ES,PR,-0.02878320808646209
Pré,total_desastres,ES,RJ,0.19345819602986247
Pré,total_desastres,ES,RN,0.2475390317087055
Pré,total_desastres,ES,RO,-0.027988922007059203
Pré,total_desastres,ES,RR,-0.37986053180789936
Pré,total_desastres,ES,RS,-0.007620443235296714
Pré,total_desastres,ES,SC,0.10218922153649913
Pré,total_desastres,ES,SE,0.024264708416410995
Pré,total_desastres,ES,SP,0.19378043812538345
Pré,total_desastres,ES,TO,0.050376390276198814
Pré,total_desastres,GO,MA,0.06989041028767289
Pré,total_desastres,GO,MG,0.23164329561168673
Pré,total_desastres,GO,MS,0.30191824009015006
Pré,total_desastres,GO,MT,0.3556849536460605
Pré,total_desastres,GO,PA,0.17756741046874266
Pré,total_desastres,GO,PB,-0.09307880130504055
Pré,total_desastres,GO,PE,-0.12186758992396479
Pré,total_desastres,GO,PI,0.12329660911262853
Pré,total_desastres,GO,PR,0.33909697942128403
Pré,total_desastres,GO,RJ,-0.14322899890759647
Pré,total_desastres,GO,RN,0.08604095929772103
Pré,total_desastres,GO,RO,-0.09166932839436222
Pré,total_desastres,GO,RR,-0.3770216459942537
Pré,total_desastres,GO,RS,0.2415441132244276
Pré,total_desastres,GO,SC,0.1402548494914688
Pré,total_desastres,GO,SE,0.23284688780774843
Pré,total_desastres,GO,SP,-0.010994712082440627
Pré,total_desastres,GO,TO,0.08522508447179464
Pré,total_desastres,MA,MG,-0.18165637801323056
Pré,total_desastres,MA,MS,-0.20752074354384895
Pré,total_desastres,MA,MT,-0.042690855840825236
Pré,total_desastres,MA,PA,0.0941424597225461
Pré,total_desastres,MA,PB,0.15768072638051986
Pré,total_desastres,MA,PE,0.07659682242156578
Pré,total_desastres,MA,PI,0.6400261542551662
Pré,total_desastres,MA,PR,-0.23434560020116246
Pré,total_desastres,MA,RJ,-0.0020714206818369216
Pré,total_desastres,MA,RN,0.1944571554306672
Pré,total_desastres,MA,RO,-0.23794756099868392
Pré,total_desastres,MA,RR,-0.2754642537001894
Pré,total_desastres,MA,RS,-0.18713361107268794
Pré,total_desastres,MA,SC,-0.41974616036329865
Pré,total_desastres,MA,SE,0.07475219392964463
Pré,total_desastres,MA,SP,-0.4812759823643934
Pré,total_desastres,MA,TO,0.23736336866245145
Pré,total_desastres,MG,MS,0.3055658567250019
Pré,total_desastres,MG,MT,0.08586077300517554
Pré,total_desastres,MG,PA,0.14590967719639936
Pré,total_desastres,MG,PB,-0.053450033746453386
Pré,total_desastres,MG,PE,-0.0053820565939039075
Pré,total_desastres,MG,PI,-0.17930920959593807
Pré,total_desastres,MG,PR,0.5151547567872414
Pré,total_desastres,MG,RJ,0.3388568463602783
Pré,total_desastres,MG,RN,-0.04293628757326688
Pré,total_desastres,MG,RO,0.18042120244219553
Pré,total_desastres,MG,RR,-0.48006030325600546
Pré,total_desastres,MG,RS,0.1836223716742256
Pré,total_desastres,MG,SC,0.5103456781741993
Pré,total_desastres,MG,SE,-0.06753752187588996
Pré,total_desastres,MG,SP,0.5842296418276729
Pré,total_desastres,MG,TO,0.020446469614036022
Pré,total_desastres,MS,MT,0.1844849460491686
Pré,total_desastres,MS,PA,0.0887606493359854
Pré,total_desastres,MS,PB,-0.04564461781381625
Pré,total_desastres,MS,PE,-0.15364808420687295
Pré,total_desastres,MS,PI,-0.15398280319951838
Pré,total_desastres,MS,PR,0.6397456589748858
Pré,total_desastres,MS,RJ,-0.017317216005011342
Pré,total_desastres,MS,RN,-0.23426293973043258
Pré,total_desastres,MS,RO,-0.06297958005213367
Pré,total_desastres,MS,RR,-0.2970555191858801
Pré,total_desastres,MS,RS,0.45584028039208135
Pré,total_desastres,MS,SC,0.4143549964185359
Pré,total_desastres,MS,SE,-0.14614859285911813
Pré,total_desastres,MS,SP,0.2816355069155865
Pré,total_desastres,MS,TO,0.17187133375653035
Pré,total_desastres,MT,PA,-0.08631844365744555
Pré,total_desastres,MT,PB,-0.20542112229454257
Pré,total_desastres,MT,PE,-0.2089782873829171
Pré,total_desastres,MT,PI,-0.1468677166866
Pré,total_desastres,MT,PR,0.21726236255939613
Pré,total_desastres,MT,RJ,-0.10158373693375197
Pré,total_desastres,MT,RN,-0.0455176505666826
Pré,total_desastres,MT,RO,-0.1053629172291298
Pré,total_desastres,MT,RR,-0.1576792836636376
Pré,total_desastres,MT,RS,0.15465156514760395
Pré,total_desastres,MT,SC,0.02006344528993658
Pré,total_desastres,MT,SE,0.11269775199020639
Pré,total_desastres,MT,SP,-0.06554119367953355
Pré,total_desastres,MT,TO,0.1620178578374089
Pré,total_desastres,PA,PB,0.06834303786566978
Pré,total_desastres,PA,PE,0.13084758415252964
Pré,total_desastres,PA,PI,-0.11848988021091168
Pré,total_desastres,PA,PR,0.08701079507128445
Pré,total_desastres,PA,RJ,0.20829090200103395
Pré,total_desastres,PA,RN,0.04913937774796582
Pré,total_desastres,PA,RO,0.05326558135698085
Pré,total_desastres,PA,RR,-0.40421756804060627
Pré,total_desastres,PA,RS,0.03289724204902977
Pré,total_desastres,PA,SC,0.14222529638982528
Pré,total_desastres,PA,SE,0.02380359132116299
Pré,total_desastres,PA,SP,0.09063790759433889
Pré,total_desastres,PA,TO,-0.06418304698970174
Pré,total_desastres,PB,PE,0.3286687777054064
Pré,total_desastres,PB,PI,0.362766755536919
Pré,total_desastres,PB,PR,0.10628838975209681
Pré,total_desastres,PB,RJ,-0.023156961660908595
Pré,total_desastres,PB,RN,0.18951953593907966
Pré,total_desastres,PB,RO,0.08054858183884742
Pré,total_desastres,PB,RR,-0.27674231723981646
Pré,total_desastres,PB,RS,-0.13865608085598322
Pré,total_desastres,PB,SC,0.03873887009683342
Pré,total_desastres,PB,SE,0.0032357367760924164
Pré,total_desastres,PB,SP,0.0596604887328549
Pré,total_desastres,PB,TO,-0.22239835053684717
Pré,total_desastres,PE,PI,0.1326861524557635
Pré,total_desastres,PE,PR,-0.015101359470808947
Pré,total_desastres,PE,RJ,0.3843997853537338
Pré,total_desastres,PE,RN,-0.12120008343541243
Pré,total_desastres,PE,RO,-0.03707822717070525
Pré,total_desastres,PE,RR,-0.2309653258910283
Pré,total_desastres,PE,RS,-0.14695100902527075
Pré,total_desastres,PE,SC,-0.01351449172574979
Pré,total_desastres,PE,SE,0.011177263721793028
Pré,total_desastres,PE,SP,0.12136331940584992
Pré,total_desastres,PE,TO,-0.29122946950583845
Pré,total_desastres,PI,PR,-0.19066689055281727
Pré,total_desastres,PI,RJ,-0.228783546628632
Pré,total_desastres,PI,RN,0.13618534686234196
Pré,total_desastres,PI,RO,-0.2041629061936582
Pré,total_desastres,PI,RR,-0.12044859130881748
Pré,total_desastres,PI,RS,-0.03443426208359457
Pré,total_desastres,PI,SC,-0.27270367474251184
Pré,total_desastres,PI,SE,0.06715580745724259
Pré,total_desastres,PI,SP,-0.3626398577700579
Pré,total_desastres,PI,TO,-0.004138114811439021
Pré,total_desastres,PR,RJ,0.1279541507444158
Pré,total_desastres,PR,RN,-0.09957949011286543
Pré,total_desastres,PR,RO,0.27157435121906814
Pré,total_desastres,PR,RR,-0.45650761142455215
Pré,total_desastres,PR,RS,0.5494736221158707
Pré,total_desastres,PR,SC,0.6395314148361964
Pré,total_desastres,PR,SE,-0.023067441166695773
Pré,total_desastres,PR,SP,0.5567139872842475
Pré,total_desastres,PR,TO,0.1069080999489063
Pré,total_desastres,RJ,RN,-0.056747938895950735
Pré,total_desastres,RJ,RO,0.20835357317524886
Pré,total_desastres,RJ,RR,-0.3756015914477491
Pré,total_desastres,RJ,RS,-0.15007666949472334
Pré,total_desastres,RJ,SC,0.2659380764040289
Pré,total_desastres,RJ,SE,-0.17037650291733641
Pré,total_desastres,RJ,SP,0.38421185244338596
Pré,total_desastres,RJ,TO,-0.09445833180920778
Pré,total_desastres,RN,RO,-0.015475138858091798
Pré,total_desastres,RN,RR,-0.2582346174762193
Pré,total_desastres,RN,RS,-0.10526468719213497
Pré,total_desastres,RN,SC,-0.14343281739797797
Pré,total_desastres,RN,SE,0.1676357193853663
Pré,total_desastres,RN,SP,-0.08023774607190755
Pré,total_desastres,RN,TO,0.012492618333013955
Pré,total_desastres,RO,RR,-0.11211449092601174
Pré,total_desastres,RO,RS,0.2994295352014267
Pré,total_desastres,RO,SC,0.5338674892587417
Pré,total_desastres,RO,SE,-0.10409620277130535
Pré,total_desastres,RO,SP,0.5210650745319343
Pré,total_desastres,RO,TO,-0.051568321506643054
Pré,total_desastres,RR,RS,-0.16006383995005344
Pré,total_desastres,RR,SC,-0.3618162403061794
Pré,total_desastres,RR,SE,-0.12330175666493472
Pré,total_desastres,RR,SP,-0.3225683156226446
Pré,total_desastres,RR,TO,-0.1732788528265269
Pré,total_desastres,RS,SC,0.47576171632147246
Pré,total_desastres,RS,SE,-0.13026656451756158
Pré,total_desastres,RS,SP,0.32307280146549294
Pré,total_desastres,RS,TO,0.31061735041691696
Pré,total_desastres,SC,SE,-0.21241032026637627
Pré,total_desastres,SC,SP,0.7773043498322982
Pré,total_desastres,SC,TO,-0.07425954070875523
Pré,total_desastres,SE,SP,-0.1673180430531869
Pré,total_desastres,SE,TO,-0.16690529083856565
Pré,total_desastres,SP,TO,-0.22492570643033674
Pré,grupo_climatologico,AC,AL,-0.09317679254608922
Pré,grupo_climatologico,AC,AM,0.3000636353707085
Pré,grupo_climatologico,AC,AP,-0.09306134563382967
Pré,grupo_climatologico,AC,BA,0.0890515741536674
Pré,grupo_climatologico,AC,CE,0.027456283217585305
Pré,grupo_climatologico,AC,DF,-0.1788310446669198
Pré,grupo_climatologico,AC,ES,0.026377984706964532
Pré,grupo_climatologico,AC,GO,-0.16328873473829808
Pré,grupo_climatologico,AC,MA,-0.022899352111598093
Pré,grupo_climatologico,AC,MG,-0.1283698690181465
Pré,grupo_climatologico,AC,MS,-0.21896965560077222
Pré,grupo_climatologico,AC,MT,-0.20552847686511236
Pré,grupo_climatologico,AC,PA,0.14231589956312896
Pré,grupo_climatologico,AC,PB,-0.06616075835873658
Pré,grupo_climatologico,AC,PE,0.10803543650520837
Pré,grupo_climatologico,AC,PI,-0.026153560995044824
Pré,grupo_climatologico,AC,PR,-0.25701560288139236
Pré,grupo_climatologico,AC,RJ,0.13081589784791942
Pré,grupo_climatologico,AC,RN,-0.14327001766458247
Pré,grupo_climatologico,AC,RO,0.17935721992589032
Pré,grupo_climatologico,AC,RR,-0.009361881385480133
Pré,grupo_climatologico,AC,RS,-0.2497863896901027
Pré,grupo_climatologico,AC,SC,0.08835497282396078
Pré,grupo_climatologico,AC,SE,0.030189470583899047
Pré,grupo_climatologico,AC,SP,0.07191666447078096
Pré,grupo_climatologico,AC,TO,-0.20115589878031734
Pré,grupo_climatologico,AL,AM,-0.11734687331124054
Pré,grupo_climatologico,AL,AP,-0.1441004651991605
Pré,grupo_climatologico,AL,BA,0.49548715359814754
Pré,grupo_climatologico,AL,CE,0.3153459911682585
Pré,grupo_climatologico,AL,DF,-0.11309909065822472
Pré,grupo_climatologico,AL,ES,0.12410277405456006
Pré,grupo_climatologico,AL,GO,-0.007175579702050042
Pré,grupo_climatologico,AL,MA,0.23897280635116339
Pré,grupo_climatologico,AL,MG,-0.20874562311887412
Pré,grupo_climatologico,AL,MS,-0.07712739926608121
Pré,grupo_climatologico,AL,MT,-0.08559599781974905
Pré,grupo_climatologico,AL,PA,0.17362093563841755
Pré,grupo_climatologico,AL,PB,0.42291044386669485
Pré,grupo_climatologico,AL,PE,0.4080610885925196
Pré,grupo_climatologico,AL,PI,0.24992216524733188
Pré,grupo_climatologico,AL,PR,-0.10808485148150297
Pré,grupo_climatologico,AL,RJ,0.10775146435560819
Pré,grupo_climatologico,AL,RN,0.28031972193016075
Pré,grupo_climatologico,AL,RO,-0.2922013938521036
Pré,grupo_climatologico,AL,RR,-0.2693114542406731
Pré,grupo_climatologico,AL,RS,-0.2159471268061422
Pré,grupo_climatologico,AL,SC,-0.296300854521983
Pré,grupo_climatologico,AL,SE,0.1809083931542247
Pré,grupo_climatologico,AL,SP,-0.19799245979242427
Pré,grupo_climatologico,AL,TO,-0.23479844599705865
Pré,grupo_climatologico,AM,AP,0.021783150971756444
Pré,grupo_climatologico,AM,BA,0.09808847038775227
Pré,grupo_climatologico,AM,CE,0.1377463253902008
Pré,grupo_climatologico,AM,DF,-0.087800674661771
Pré,grupo_climatologico,AM,ES,0.15128382590746114
Pré,grupo_climatologico,AM,GO,-0.14164901187164475
Pré,grupo_climatologico,AM,MA,-0.06752085063258316
Pré,grupo_climatologico,AM,MG,0.005232149766243048
Pré,grupo_climatologico,AM,MS,-0.03491809501529584
Pré,grupo_climatologico,AM,MT,-0.20498544685284356
Pré,grupo_climatologico,AM,PA,0.0835850122066512
Pré,grupo_climatologico,AM,PB,-0.13637096691485
Pré,grupo_climatologico,AM,PE,0.1062143246978064
Pré,grupo_climatologico,AM,PI,-0.16267536700365956
Pré,grupo_climatologico,AM,PR,-0.13119321200918654
Pré,grupo_climatologico,AM,RJ,0.27118258150012925
Pré,grupo_climatologico,AM,RN,-0.1670466640846701
Pré,grupo_climatologico,AM,RO,-0.021582588264933356
Pré,grupo_climatologico,AM,RR,-0.15766426634231565
Pré,grupo_climatologico,AM,RS,-0.17984827869275663
Pré,grupo_climatologico,AM,SC,0.11185187100544662
Pré,grupo_climatologico,AM,SE,0.12330202740087741
Pré,grupo_climatologico,AM,SP,0.16448365900307965
Pré,grupo_climatologico,AM,TO,-0.13566805594794032
Pré,grupo_climatologico,AP,BA,-0.18007588855368534
Pré,grupo_climatologico,AP,CE,-0.14415673181061245
Pré,grupo_climatologico,AP,DF,-0.09800067690940206
Pré,grupo_climatologico,AP,ES,-0.09436631238943946
Pré,grupo_climatologico,AP,GO,-0.10228520911668976
Pré,grupo_climatologico,AP,MA,-0.08700989743195045
Pré,grupo_climatologico,AP,MG,0.15108865585172374
Pré,grupo_climatologico,AP,MS,0.10243000159033902
Pré,grupo_climatologico,AP,MT,-0.0950663595517145
Pré,grupo_climatologico,AP,PA,0.053581966062334695
Pré,grupo_climatologico,AP,PB,-0.11948111123400393
Pré,grupo_climatologico,AP,PE,-0.1738649332176677
Pré,grupo_climatologico,AP,PI,-0.21252768912650613
Pré,grupo_climatologico,AP,PR,-0.04873815906689835
Pré,grupo_climatologico,AP,RJ,-0.06741558506810894
Pré,grupo_climatologico,AP,RN,-0.1294656790258929
Pré,grupo_climatologico,AP,RO,-0.2441659736564066
Pré,grupo_climatologico,AP,RR,-0.04384241009302524
Pré,grupo_climatologico,AP,RS,-0.2665322121304786
Pré,grupo_climatologico,AP,SC,-0.11124683738117118
Pré,grupo_climatologico,AP,SE,-0.2234665277873406
Pré,grupo_climatologico,AP,SP,-0.10231236873204273
Pré,grupo_climatologico,AP,TO,0.07074427177192957
Pré,grupo_climatologico,BA,CE,0.302000796455422
Pré,grupo_climatologico,BA,DF,-0.07881072968421456
Pré,grupo_climatologico,BA,ES,0.12257648225139034
Pré,grupo_climatologico,BA,GO,0.144352556506918
Pré,grupo_climatologico,BA,MA,0.15032738497245476
Pré,grupo_climatologico,BA,MG,-0.07080185359225447
Pré,grupo_climatologico,BA,MS,-0.0201514972512183
Pré,grupo_climatologico,BA,MT,-0.15982190613516864
Pré,grupo_climatologico,BA,PA,0.21497689705788958
Pré,grupo_climatologico,BA,PB,0.18814656231993843
Pré,grupo_climatologico,BA,PE,0.2647239325681319
Pré,grupo_climatologico,BA,PI,0.09318356842367367
Pré,grupo_climatologico,BA,PR,-0.14361592305542917
Pré,grupo_climatologico,BA,RJ,0.32114807055622335
Pré,grupo_climatologico,BA,RN,0.3437925674250447
Pré,grupo_climatologico,BA,RO,-0.05351623853469612
Pré,grupo_climatologico,BA,RR,-0.3286877940051556
Pré,grupo_climatologico,BA,RS,-0.236576520609613
Pré,grupo_climatologico,BA,SC,-0.12163159469102812
Pré,grupo_climatologico,BA,SE,0.16201314352154864
Pré,grupo_climatologico,BA,SP,-0.023462314001939762
Pré,grupo_climatologico,BA,TO,-0.22766544926174392
Pré,grupo_climatologico,CE,DF,0.0025445704468098815
Pré,grupo_climatologico,CE,ES,0.3258974523734589
Pré,grupo_climatologico,CE,GO,0.012065313498139095
Pré,grupo_climatologico,CE,MA,0.27769204497455413
Pré,grupo_climatologico,CE,MG,0.07181580306151306
Pré,grupo_climatologico,CE,MS,-0.17427345095542227
Pré,grupo_climatologico,CE,MT,-0.12312044965778156
Pré,grupo_climatologico,CE,PA,0.215480490984576
Pré,grupo_climatologico,CE,PB,0.33447655620703853
Pré,grupo_climatologico,CE,PE,0.5299875686842089
Pré,grupo_climatologico,CE,PI,0.1606425964320067
Pré,grupo_climatologico,CE,PR,-0.054617258745086994
Pré,grupo_climatologico,CE,RJ,0.4169716804376418
Pré,grupo_climatologico,CE,RN,0.14334426410289208
Pré,grupo_climatologico,CE,RO,-0.010389388829875747
Pré,grupo_climatologico,CE,RR,-0.43726470475422985
Pré,grupo_climatologico,CE,RS,-0.2047271547948007
Pré,grupo_climatologico,CE,SC,-0.008941248153146666
Pré,grupo_climatologico,CE,SE,0.016755578389071008
Pré,grupo_climatologico,CE,SP,0.04994224633007106
Pré,grupo_climatologico,CE,TO,-0.14047197693401495
Pré,grupo_climatologico,DF,ES,0.1155525873333626
Pré,grupo_climatologico,DF,GO,0.18148678647456212
Pré,grupo_climatologico,DF,MA,-0.2684834955255347
Pré,grupo_climatologico,DF,MG,0.5208882458389265
Pré,grupo_climatologico,DF,MS,0.40436142868050157
Pré,grupo_climatologico,DF,MT,0.017682754267497526
Pré,grupo_climatologico,DF,PA,0.03703145017982077
Pré,grupo_climatologico,DF,PB,0.08695193487087173
Pré,grupo_climatologico,DF,PE,-0.05062313982417773
Pré,grupo_climatologico,DF,PI,-0.18147450259260922
Pré,grupo_climatologico,DF,PR,0.5356088051423076
Pré,grupo_climatologico,DF,RJ,0.07336485274161902
Pré,grupo_climatologico,DF,RN,-0.0008693002153958856
Pré,grupo_climatologico,DF,RO,0.3304927550667635
Pré,grupo_climatologico,DF,RR,-0.3544157214317031
Pré,grupo_climatologico,DF,RS,0.39678485374731526
Pré,grupo_climatologico,DF,SC,0.5661733241920797
Pré,grupo_climatologico,DF,SE,-0.07656849467064221
Pré,grupo_climatologico,DF,SP,0.53669264801873
Pré,grupo_climatologico,DF,TO,0.07395831223329069
Pré,grupo_climatologico,ES,GO,-0.056289994673668235
Pré,grupo_climatologico,ES,MA,0.11330920906911895
Pré,grupo_climatologico,ES,MG,0.21758764114359078
Pré,grupo_climatologico,ES,MS,-0.15845683135865743
Pré,grupo_climatologico,ES,MT,-0.1345752621181912
Pré,grupo_climatologico,ES,PA,0.0553323404340607
Pré,grupo_climatologico,ES,PB,0.12241036573254513
Pré,grupo_climatologico,ES,PE,0.12755805612370102
Pré,grupo_climatologico,ES,PI,-0.007797256668357645
Pré,grupo_climatologico,ES,PR,-0.02913218406993653
Pré,grupo_climatologico,ES,RJ,0.1929773466922139
Pré,grupo_climatologico,ES,RN,0.2492721379641887
Pré,grupo_climatologico,ES,RO,-0.02751698212602802
Pré,grupo_climatologico,ES,RR,-0.3788222854042752
Pré,grupo_climatologico,ES,RS,-0.008412512856641291
Pré,grupo_climatologico,ES,SC,0.10274502792160255
Pré,grupo_climatologico,ES,SE,0.024094575777104298
Pré,grupo_climatologico,ES,SP,0.19349100831336835
Pré,grupo_climatologico,ES,TO,0.04771888616312909
Pré,grupo_climatologico,GO,MA,0.06977148807467749
Pré,grupo_climatologico,GO,MG,0.23290930645770738
Pré,grupo_climatologico,GO,MS,0.3024413083344374
Pré,grupo_climatologico,GO,MT,0.3565865706998156
Pré,grupo_climatologico,GO,PA,0.1769088656985789
Pré,grupo_climatologico,GO,PB,-0.10028755697706256
Pré,grupo_climatologico,GO,PE,-0.12275456653997174
Pré,grupo_climatologico,GO,PI,0.12613569242587025
Pré,grupo_climatologico,GO,PR,0.3402640148981438
Pré,grupo_climatologico,GO,RJ,-0.1438470704208689
Pré,grupo_climatologico,GO,RN,0.07910440996370206
Pré,grupo_climatologico,GO,RO,-0.09103813778973688
Pré,grupo_climatologico,GO,RR,-0.37632380842302976
Pré,grupo_climatologico,GO,RS,0.2426000016768994
Pré,grupo_climatologico,GO,SC,0.14107465055961915
Pré,grupo_climatologico,GO,SE,0.23277092016623013
Pré,grupo_climatologico,GO,SP,-0.009984028304933402
Pré,grupo_climatologico,GO,TO,0.08616429332581857
Pré,grupo_climatologico,MA,MG,-0.18202602625666778
Pré,grupo_climatologico,MA,MS,-0.20640109998158684
Pré,grupo_climatologico,MA,MT,-0.04175369508941813
Pré,grupo_climatologico,MA,PA,0.09315367737826653
Pré,grupo_climatologico,MA,PB,0.15387748897428113
Pré,grupo_climatologico,MA,PE,0.0764345170133513
Pré,grupo_climatologico,MA,PI,0.6406602488870414
Pré,grupo_climatologico,MA,PR,-0.23455230865890087
Pré,grupo_climatologico,MA,RJ,-0.0022167935224204163
Pré,grupo_climatologico,MA,RN,0.19753510783940714
Pré,grupo_climatologico,MA,RO,-0.23859816263230435
Pré,grupo_climatologico,MA,RR,-0.2755355560659582
Pré,grupo_climatologico,MA,RS,-0.18760958583518159
Pré,grupo_climatologico,MA,SC,-0.42030213377416104
Pré,grupo_climatologico,MA,SE,0.0740083203773067
Pré,grupo_climatologico,MA,SP,-0.4819250605321194
Pré,grupo_climatologico,MA,TO,0.23786044280384103
Pré,grupo_climatologico,MG,MS,0.30679591907221526
Pré,grupo_climatologico,MG,MT,0.08725594578160809
Pré,grupo_climatologico,MG,PA,0.1453170839055002
Pré,grupo_climatologico,MG,PB,-0.0593861421506824
Pré,grupo_climatologico,MG,PE,-0.005028582866495319
Pré,grupo_climatologico,MG,PI,-0.18036555359706385
Pré,grupo_climatologico,MG,PR,0.5163390427536949
Pré,grupo_climatologico,MG,RJ,0.33886789872818773
Pré,grupo_climatologico,MG,RN,-0.043214412508008254
Pré,grupo_climatologico,MG,RO,0.1796267953642719
Pré,grupo_climatologico,MG,RR,-0.48032281696551243
Pré,grupo_climatologico,MG,RS,0.18436875076482656
Pré,grupo_climatologico,MG,SC,0.5109702513875078
Pré,grupo_climatologico,MG,SE,-0.06679308060242362
Pré,grupo_climatologico,MG,SP,0.5840582874746887
Pré,grupo_climatologico,MG,TO,0.020878214413070514
Pré,grupo_climatologico,MS,MT,0.18536856924179876
Pré,grupo_climatologico,MS,PA,0.08820896285350506
Pré,grupo_climatologico,MS,PB,-0.052089801909385364
Pré,grupo_climatologico,MS,PE,-0.15342544438507005
Pré,grupo_climatologico,MS,PI,-0.15225043914843955
Pré,grupo_climatologico,MS,PR,0.6413232312083109
Pré,grupo_climatologico,MS,RJ,-0.019569871386457455
Pré,grupo_climatologico,MS,RN,-0.23603580022106915
Pré,grupo_climatologico,MS,RO,-0.06152245805517464
Pré,grupo_climatologico,MS,RR,-0.29716429699904073
Pré,grupo_climatologico,MS,RS,0.4578163410255003
Pré,grupo_climatologico,MS,SC,0.4161608991706453
Pré,grupo_climatologico,MS,SE,-0.14532282702777408
Pré,grupo_climatologico,MS,SP,0.2815646279402058
Pré,grupo_climatologico,MS,TO,0.17313677871378783
Pré,grupo_climatologico,MT,PA,-0.0859301583001598
Pré,grupo_climatologico,MT,PB,-0.21065580000533266
Pré,grupo_climatologico,MT,PE,-0.2110932379713306
Pré,grupo_climatologico,MT,PI,-0.1454181232582456
Pré,grupo_climatologico,MT,PR,0.21848010593110878
Pré,grupo_climatologico,MT,RJ,-0.10194161002956012
Pré,grupo_climatologico,MT,RN,-0.051238190881520096
Pré,grupo_climatologico,MT,RO,-0.1041883258440511
Pré,grupo_climatologico,MT,RR,-0.15796917607632338
Pré,grupo_climatologico,MT,RS,0.15617948402174495
Pré,grupo_climatologico,MT,SC,0.021254066981520603
Pré,grupo_climatologico,MT,SE,0.11307628527039247
Pré,grupo_climatologico,MT,SP,-0.06412640693323514
Pré,grupo_climatologico,MT,TO,0.16320646529708902
Pré,grupo_climatologico,PA,PB,0.06588669430606418
Pré,grupo_climatologico,PA,PE,0.12967775545506952
Pré,grupo_climatologico,PA,PI,-0.11487115073420509
Pré,grupo_climatologico,PA,PR,0.08659964700035884
Pré,grupo_climatologico,PA,RJ,0.20664472579719267
Pré,grupo_climatologico,PA,RN,0.0508787055684324
Pré,grupo_climatologico,PA,RO,0.05302393034821156
Pré,grupo_climatologico,PA,RR,-0.40364890233897943
Pré,grupo_climatologico,PA,RS,0.03225766089598799
Pré,grupo_climatologico,PA,SC,0.14103429026577713
Pré,grupo_climatologico,PA,SE,0.023621468963825547
Pré,grupo_climatologico,PA,SP,0.09009944803310657
Pré,grupo_climatologico,PA,TO,-0.06447093875946429
Pré,grupo_climatologico,PB,PE,0.3357003795566989
Pré,grupo_climatologico,PB,PI,0.3613703451539263
Pré,grupo_climatologico,PB,PR,0.09930361731037875
Pré,grupo_climatologico,PB,RJ,-0.01562764831016148
Pré,grupo_climatologico,PB,RN,0.19142626530385148
Pré,grupo_climatologico,PB,RO,0.08220641300846748
Pré,grupo_climatologico,PB,RR,-0.27497695769312724
Pré,grupo_climatologico,PB,RS,-0.14847997135874585
Pré,grupo_climatologico,PB,SC,0.03488572859471397
Pré,grupo_climatologico,PB,SE,0.00607873534110597
Pré,grupo_climatologico,PB,SP,0.059225888494106815
Pré,grupo_climatologico,PB,TO,-0.23321834030628963
Pré,grupo_climatologico,PE,PI,0.1345070982781667
Pré,grupo_climatologico,PE,PR,-0.014989543094613368
Pré,grupo_climatologico,PE,RJ,0.38258730189212065
Pré,grupo_climatologico,PE,RN,-0.11768122256179134
Pré,grupo_climatologico,PE,RO,-0.03753204524427718
Pré,grupo_climatologico,PE,RR,-0.23164724132103134
Pré,grupo_climatologico,PE,RS,-0.14684424635889406
Pré,grupo_climatologico,PE,SC,-0.013005013593008496
Pré,grupo_climatologico,PE,SE,0.009440696665694534
Pré,grupo_climatologico,PE,SP,0.12023928459392108
Pré,grupo_climatologico,PE,TO,-0.29132681204814426
Pré,grupo_climatologico,PI,PR,-0.18966679295161007
Pré,grupo_climatologico,PI,RJ,-0.22798029731755282
Pré,grupo_climatologico,PI,RN,0.13495553142472086
Pré,grupo_climatologico,PI,RO,-0.20799682762069413
Pré,grupo_climatologico,PI,RR,-0.12133439825469293
Pré,grupo_climatologico,PI,RS,-0.03410635690391308
Pré,grupo_climatologico,PI,SC,-0.2717764971583105
Pré,grupo_climatologico,PI,SE,0.0678681004539518
Pré,grupo_climatologico,PI,SP,-0.36455822169241997
Pré,grupo_climatologico,PI,TO,-0.0025373058459670678
Pré,grupo_climatologico,PR,RJ,0.12742400555343542
Pré,grupo_climatologico,PR,RN,-0.10504018227626778
Pré,grupo_climatologico,PR,RO,0.2711110908148002
Pré,grupo_climatologico,PR,RR,-0.4563462503607985
Pré,grupo_climatologico,PR,RS,0.5502735278623702
Pré,grupo_climatologico,PR,SC,0.6398143160726746
Pré,grupo_climatologico,PR,SE,-0.022549174563926664
Pré,grupo_climatologico,PR,SP,0.5571618968644751
Pré,grupo_climatologico,PR,TO,0.10789274780276235
Pré,grupo_climatologico,RJ,RN,-0.05316871336997855
Pré,grupo_climatologico,RJ,RO,0.2087883856686766
Pré,grupo_climatologico,RJ,RR,-0.3756501553950794
Pré,grupo_climatologico,RJ,RS,-0.15057747204763203
Pré,grupo_climatologico,RJ,SC,0.2656316530552657
Pré,grupo_climatologico,RJ,SE,-0.17174158060373765
Pré,grupo_climatologico,RJ,SP,0.3844563503930774
Pré,grupo_climatologico,RJ,TO,-0.09478805632685156
Pré,grupo_climatologico,RN,RO,-0.013595756564437572
Pré,grupo_climatologico,RN,RR,-0.25724184386502696
Pré,grupo_climatologico,RN,RS,-0.10702759767808791
Pré,grupo_climatologico,RN,SC,-0.1438845483762754
Pré,grupo_climatologico,RN,SE,0.1656441087846263
Pré,grupo_climatologico,RN,SP,-0.07864311792332582
Pré,grupo_climatologico,RN,TO,0.009408204269971496
Pré,grupo_climatologico,RO,RR,-0.1119543447983999
Pré,grupo_climatologico,RO,RS,0.29932071893934753
Pré,grupo_climatologico,RO,SC,0.5331045929338538
Pré,grupo_climatologico,RO,SE,-0.10409159516655586
Pré,grupo_climatologico,RO,SP,0.5210656264833525
Pré,grupo_climatologico,RO,TO,-0.0514079142210773
Pré,grupo_climatologico,RR,RS,-0.15908833277229134
Pré,grupo_climatologico,RR,SC,-0.36226107629499615
Pré,grupo_climatologico,RR,SE,-0.12317765433670422
Pré,grupo_climatologico,RR,SP,-0.3226215459841628
Pré,grupo_climatologico,RR,TO,-0.17308791459222353
Pré,grupo_climatologico,RS,SC,0.47660867307580984
Pré,grupo_climatologico,RS,SE,-0.13012700970699528
Pré,grupo_climatologico,RS,SP,0.3237217589878515
Pré,grupo_climatologico,RS,TO,0.3111320596687255
Pré,grupo_climatologico,SC,SE,-0.2126440755778028
Pré,grupo_climatologico,SC,SP,0.7774928856778671
Pré,grupo_climatologico,SC,TO,-0.07330889694110063
Pré,grupo_climatologico,SE,SP,-0.16731497393142095
Pré,grupo_climatologico,SE,TO,-0.1663923868575255
Pré,grupo_climatologico,SP,TO,-0.22408929281557272
Pré,grupo_hidrologico,AC,AL,-0.09163184310857865
Pré,grupo_hidrologico,AC,AM,0.29997862970582395
Pré,grupo_hidrologico,AC,AP,-0.09132008830053563
Pré,grupo_hidrologico,AC,BA,0.09174273121656307
Pré,grupo_hidrologico,AC,CE,0.013041167423174191
Pré,grupo_hidrologico,AC,DF,-0.17352618010892834
Pré,grupo_hidrologico,AC,ES,0.027844384225092784
Pré,grupo_hidrologico,AC,GO,-0.16704157902801797
Pré,grupo_hidrologico,AC,MA,-0.02599830364286059
Pré,grupo_hidrologico,AC,MG,-0.1229691000945075
Pré,grupo_hidrologico,AC,MS,-0.19998353344901754
Pré,grupo_hidrologico,AC,MT,-0.20579114201692733
Pré,grupo_hidrologico,AC,PA,0.13736504418590015
Pré,grupo_hidrologico,AC,PB,-0.0705229196274333
Pré,grupo_hidrologico,AC,PE,0.10513550880336789
Pré,grupo_hidrologico,AC,PI,-0.029139411072258082
Pré,grupo_hidrologico,AC,PR,-0.24514968144373922
Pré,grupo_hidrologico,AC,RJ,0.13318940926138695
Pré,grupo_hidrologico,AC,RN,-0.14565984149551503
Pré,grupo_hidrologico,AC,RO,0.17614745686486988
Pré,grupo_hidrologico,AC,RR,-0.009564105305491063
Pré,grupo_hidrologico,AC,RS,-0.25840517144901376
Pré,grupo_hidrologico,AC,SC,0.09011440882706453
Pré,grupo_hidrologico,AC,SE,0.028557735705186396
Pré,grupo_hidrologico,AC,SP,0.07624775316116338
Pré,grupo_hidrologico,AC,TO,-0.20138140339608818
Pré,grupo_hidrologico,AL,AM,-0.11884688815957659
Pré,grupo_hidrologico,AL,AP,-0.14645467592830227
Pré,grupo_hidrologico,AL,BA,0.4949659237344166
Pré,grupo_hidrologico,AL,CE,0.3207622844825603
Pré,grupo_hidrologico,AL,DF,-0.11566403441383229
Pré,grupo_hidrologico,AL,ES,0.12915342208994063
Pré,grupo_hidrologico,AL,GO,-0.00865520776491491
Pré,grupo_hidrologico,AL,MA,0.24730610488212823
Pré,grupo_hidrologico,AL,MG,-0.20826349704310138
Pré,grupo_hidrologico,AL,MS,-0.08586143603996957
Pré,grupo_hidrologico,AL,MT,-0.09131684209887855
Pré,grupo_hidrologico,AL,PA,0.15899522521408643
Pré,grupo_hidrologico,AL,PB,0.4205924495159909
Pré,grupo_hidrologico,AL,PE,0.4109650362549718
Pré,grupo_hidrologico,AL,PI,0.26180284254396546
Pré,grupo_hidrologico,AL,PR,-0.11564547085019733
Pré,grupo_hidrologico,AL,RJ,0.10025103856800816
Pré,grupo_hidrologico,AL,RN,0.2814983365469702
Pré,grupo_hidrologico,AL,RO,-0.29576486038276195
Pré,grupo_hidrologico,AL,RR,-0.2649757670744084
Pré,grupo_hidrologico,AL,RS,-0.2219233283708733
Pré,grupo_hidrologico,AL,SC,-0.30553342912807246
Pré,grupo_hidrologico,AL,SE,0.18401372245844363
Pré,grupo_hidrologico,AL,SP,-0.19977176259217536
Pré,grupo_hidrologico,AL,TO,-0.23770623712948152
Pré,grupo_hidrologico,AM,AP,0.024999222143659575
Pré,grupo_hidrologico,AM,BA,0.08927053085511963
Pré,grupo_hidrologico,AM,CE,0.13093222253878856
Pré,grupo_hidrologico,AM,DF,-0.08843310145564744
Pré,grupo_hidrologico,AM,ES,0.14702068418625827
Pré,grupo_hidrologico,AM,GO,-0.1370370453631103
Pré,grupo_hidrologico,AM,MA,-0.055809845624670174
Pré,grupo_hidrologico,AM,MG,0.006881933796377542
Pré,grupo_hidrologico,AM,MS,-0.022771572282792238
Pré,grupo_hidrologico,AM,MT,-0.20173852801514566
Pré,grupo_hidrologico,AM,PA,0.08426232787502953
Pré,grupo_hidrologico,AM,PB,-0.15457773506145836
Pré,grupo_hidrologico,AM,PE,0.09384840857226592
Pré,grupo_hidrologico,AM,PI,-0.1573165227721632
Pré,grupo_hidrologico,AM,PR,-0.14554680031438216
Pré,grupo_hidrologico,AM,RJ,0.26317604311851805
Pré,grupo_hidrologico,AM,RN,-0.17223643737274388
Pré,grupo_hidrologico,AM,RO,-0.028296365865724673
Pré,grupo_hidrologico,AM,RR,-0.15792087717238187
Pré,grupo_hidrologico,AM,RS,-0.16353216299974643
Pré,grupo_hidrologico,AM,SC,0.11616503869227067
Pré,grupo_hidrologico,AM,SE,0.12418694261164914
Pré,grupo_hidrologico,AM,SP,0.154474419514485
Pré,grupo_hidrologico,AM,TO,-0.12914734238127792
Pré,grupo_hidrologico,AP,BA,-0.18151278539192223
Pré,grupo_hidrologico,AP,CE,-0.14452314207284175
Pré,grupo_hidrologico,AP,DF,-0.09696657911627718
Pré,grupo_hidrologico,AP,ES,-0.09305503378031703
Pré,grupo_hidrologico,AP,GO,-0.10001488725985704
Pré,grupo_hidrologico,AP,MA,-0.08943483019785962
Pré,grupo_hidrologico,AP,MG,0.15174590459284146
Pré,grupo_hidrologico,AP,MS,0.09876770033916553
Pré,grupo_hidrologico,AP,MT,-0.092296735163664
Pré,grupo_hidrologico,AP,PA,0.05072897865871439
Pré,grupo_hidrologico,AP,PB,-0.125958759442353
Pré,grupo_hidrologico,AP,PE,-0.17419275345560445
Pré,grupo_hidrologico,AP,PI,-0.21310407011748045
Pré,grupo_hidrologico,AP,PR,-0.0452528283894682
Pré,grupo_hidrologico,AP,RJ,-0.0668462054572292
Pré,grupo_hidrologico,AP,RN,-0.13225695326190848
Pré,grupo_hidrologico,AP,RO,-0.2421867001428434
Pré,grupo_hidrologico,AP,RR,-0.043605201891672364
Pré,grupo_hidrologico,AP,RS,-0.2700032579493024
Pré,grupo_hidrologico,AP,SC,-0.10996171262797069
Pré,grupo_hidrologico,AP,SE,-0.2201190902706471
Pré,grupo_hidrologico,AP,SP,-0.10246015887743318
Pré,grupo_hidrologico,AP,TO,0.071770152981062
Pré,grupo_hidrologico,BA,CE,0.3007315762368737
Pré,grupo_hidrologico,BA,DF,-0.07627264084539509
Pré,grupo_hidrologico,BA,ES,0.12030044370846113
Pré,grupo_hidrologico,BA,GO,0.141919452192982
Pré,grupo_hidrologico,BA,MA,0.14558087697665228
Pré,grupo_hidrologico,BA,MG,-0.07338655174333492
Pré,grupo_hidrologico,BA,MS,-0.010835810392057482
Pré,grupo_hidrologico,BA,MT,-0.161978092281108
Pré,grupo_hidrologico,BA,PA,0.21553670608123768
Pré,grupo_hidrologico,BA,PB,0.18663547320130403
Pré,grupo_hidrologico,BA,PE,0.26533982950601825
Pré,grupo_hidrologico,BA,PI,0.0919629020928008
Pré,grupo_hidrologico,BA,PR,-0.14567397258537768
Pré,grupo_hidrologico,BA,RJ,0.3173388044410859
Pré,grupo_hidrologico,BA,RN,0.34498123661330155
Pré,grupo_hidrologico,BA,RO,-0.052386055445018356
Pré,grupo_hidrologico,BA,RR,-0.32446821876263904
Pré,grupo_hidrologico,BA,RS,-0.23920666142703131
Pré,grupo_hidrologico,BA,SC,-0.12542977698918048
Pré,grupo_hidrologico,BA,SE,0.1612481027444026
Pré,grupo_hidrologico,BA,SP,-0.021840618869629427
Pré,grupo_hidrologico,BA,TO,-0.22907671971190144
Pré,grupo_hidrologico,CE,DF,0.004590198028942434
Pré,grupo_hidrologico,CE,ES,0.3357436950374464
Pré,grupo_hidrologico,CE,GO,0.017005160235429105
Pré,grupo_hidrologico,CE,MA,0.2746244666691567
Pré,grupo_hidrologico,CE,MG,0.07170529379168297
Pré,grupo_hidrologico,CE,MS,-0.16347711751573207
Pré,grupo_hidrologico,CE,MT,-0.12269709722972967
Pré,grupo_hidrologico,CE,PA,0.21198616599977835
Pré,grupo_hidrologico,CE,PB,0.33978427970091335
Pré,grupo_hidrologico,CE,PE,0.5270051316769805
Pré,grupo_hidrologico,CE,PI,0.16046134662873218
Pré,grupo_hidrologico,CE,PR,-0.057570123602591665
Pré,grupo_hidrologico,CE,RJ,0.4071231785146444
Pré,grupo_hidrologico,CE,RN,0.14495889236086196
Pré,grupo_hidrologico,CE,RO,-0.014993227181286905
Pré,grupo_hidrologico,CE,RR,-0.4372733836520603
Pré,grupo_hidrologico,CE,RS,-0.19492422603470833
Pré,grupo_hidrologico,CE,SC,-0.01290113441626779
Pré,grupo_hidrologico,CE,SE,0.015243567515950098
Pré,grupo_hidrologico,CE,SP,0.04950853383501992
Pré,grupo_hidrologico,CE,TO,-0.13498746560298217
Pré,grupo_hidrologico,DF,ES,0.10734058201451047
Pré,grupo_hidrologico,DF,GO,0.17847876122894962
Pré,grupo_hidrologico,DF,MA,-0.26764064560760625
Pré,grupo_hidrologico,DF,MG,0.5199177880647149
Pré,grupo_hidrologico,DF,MS,0.3897251722719092
Pré,grupo_hidrologico,DF,MT,0.01774496219683748
Pré,grupo_hidrologico,DF,PA,0.04547304280800915
Pré,grupo_hidrologico,DF,PB,0.09518865625440395
Pré,grupo_hidrologico,DF,PE,-0.04970056290758467
Pré,grupo_hidrologico,DF,PI,-0.1804061214792356
Pré,grupo_hidrologico,DF,PR,0.5383300349772887
Pré,grupo_hidrologico,DF,RJ,0.07489878115926223
Pré,grupo_hidrologico,DF,RN,0.0014924178664980894
Pré,grupo_hidrologico,DF,RO,0.3344327468322858
Pré,grupo_hidrologico,DF,RR,-0.3541604469333803
Pré,grupo_hidrologico,DF,RS,0.3917281252759893
Pré,grupo_hidrologico,DF,SC,0.5544989408641698
Pré,grupo_hidrologico,DF,SE,-0.07595114344078399
Pré,grupo_hidrologico,DF,SP,0.5386911683851084
Pré,grupo_hidrologico,DF,TO,0.06823085439233821
Pré,grupo_hidrologico,ES,GO,-0.053901285247238376
Pré,grupo_hidrologico,ES,MA,0.1174410538677857
Pré,grupo_hidrologico,ES,MG,0.21237542247410468
Pré,grupo_hidrologico,ES,MS,-0.1527707119933659
Pré,grupo_hidrologico,ES,MT,-0.13921080058017077
Pré,grupo_hidrologico,ES,PA,0.07681655914686553
Pré,grupo_hidrologico,ES,PB,0.1299634445884797
Pré,grupo_hidrologico,ES,PE,0.1283927728678522
Pré,grupo_hidrologico,ES,PI,-0.011004677907232918
Pré,grupo_hidrologico,ES,PR,-0.033474265024994995
Pré,grupo_hidrologico,ES,RJ,0.17799462689477688
Pré,grupo_hidrologico,ES,RN,0.24144756942162043
Pré,grupo_hidrologico,ES,RO,-0.031376965170037414
Pré,grupo_hidrologico,ES,RR,-0.37760685404504846
Pré,grupo_hidrologico,ES,RS,-0.0037833477507506646
Pré,grupo_hidrologico,ES,SC,0.08465231363443351
Pré,grupo_hidrologico,ES,SE,0.025510151753649523
Pré,grupo_hidrologico,ES,SP,0.18650393608923538
Pré,grupo_hidrologico,ES,TO,0.055048044675053615
Pré,grupo_hidrologico,GO,MA,0.0669532764514056
Pré,grupo_hidrologico,GO,MG,0.2309037847754149
Pré,grupo_hidrologico,GO,MS,0.2897188603948569
Pré,grupo_hidrologico,GO,MT,0.35833995107797084
Pré,grupo_hidrologico,GO,PA,0.18721719132659637
Pré,grupo_hidrologico,GO,PB,-0.09224675062825026
Pré,grupo_hidrologico,GO,PE,-0.12191175517176603
Pré,grupo_hidrologico,GO,PI,0.12189648975478988
Pré,grupo_hidrologico,GO,PR,0.335058161990009
Pré,grupo_hidrologico,GO,RJ,-0.13916001324725227
Pré,grupo_hidrologico,GO,RN,0.08555780952712953
Pré,grupo_hidrologico,GO,RO,-0.09157702532698546
Pré,grupo_hidrologico,GO,RR,-0.3770469060858081
Pré,grupo_hidrologico,GO,RS,0.23520624045844818
Pré,grupo_hidrologico,GO,SC,0.1383261739564841
Pré,grupo_hidrologico,GO,SE,0.23157302753641104
Pré,grupo_hidrologico,GO,SP,-0.009294746596326812
Pré,grupo_hidrologico,GO,TO,0.0820933512560362
Pré,grupo_hidrologico,MA,MG,-0.18390721260513188
Pré,grupo_hidrologico,MA,MS,-0.19620370407209536
Pré,grupo_hidrologico,MA,MT,-0.04380132969867687
Pré,grupo_hidrologico,MA,PA,0.09290693634707035
Pré,grupo_hidrologico,MA,PB,0.1531241921813917
Pré,grupo_hidrologico,MA,PE,0.08322879424227173
Pré,grupo_hidrologico,MA,PI,0.6381767301077822
Pré,grupo_hidrologico,MA,PR,-0.23554219832889803
Pré,grupo_hidrologico,MA,RJ,-0.004993512793925907
Pré,grupo_hidrologico,MA,RN,0.1939040306475255
Pré,grupo_hidrologico,MA,RO,-0.2431016773489778
Pré,grupo_hidrologico,MA,RR,-0.27651006234556613
Pré,grupo_hidrologico,MA,RS,-0.18441416113170464
Pré,grupo_hidrologico,MA,SC,-0.4144619120564489
Pré,grupo_hidrologico,MA,SE,0.0727342305318203
Pré,grupo_hidrologico,MA,SP,-0.48220252367766325
Pré,grupo_hidrologico,MA,TO,0.23794648862545775
Pré,grupo_hidrologico,MG,MS,0.2929551233262202
Pré,grupo_hidrologico,MG,MT,0.08463801157959443
Pré,grupo_hidrologico,MG,PA,0.15841052894102087
Pré,grupo_hidrologico,MG,PB,-0.04853020530402362
Pré,grupo_hidrologico,MG,PE,-0.003177870370792488
Pré,grupo_hidrologico,MG,PI,-0.18158788815355142
Pré,grupo_hidrologico,MG,PR,0.519509192456035
Pré,grupo_hidrologico,MG,RJ,0.3368896462252836
Pré,grupo_hidrologico,MG,RN,-0.04336363668281386
Pré,grupo_hidrologico,MG,RO,0.18296475500164872
Pré,grupo_hidrologico,MG,RR,-0.47939226917253286
Pré,grupo_hidrologico,MG,RS,0.17942682339879465
Pré,grupo_hidrologico,MG,SC,0.5044282461961291
Pré,grupo_hidrologico,MG,SE,-0.06973879063510963
Pré,grupo_hidrologico,MG,SP,0.5849201799041837
Pré,grupo_hidrologico,MG,TO,0.018154798512104883
Pré,grupo_hidrologico,MS,MT,0.1922173110081615
Pré,grupo_hidrologico,MS,PA,0.10703667523066289
Pré,grupo_hidrologico,MS,PB,-0.050302573701672904
Pré,grupo_hidrologico,MS,PE,-0.1472117283732028
Pré,grupo_hidrologico,MS,PI,-0.15545080215801585
Pré,grupo_hidrologico,MS,PR,0.6352702597357215
Pré,grupo_hidrologico,MS,RJ,0.008292868898120868
Pré,grupo_hidrologico,MS,RN,-0.23796053595320998
Pré,grupo_hidrologico,MS,RO,-0.05682642113765293
Pré,grupo_hidrologico,MS,RR,-0.30530786636736595
Pré,grupo_hidrologico,MS,RS,0.4462602015371376
Pré,grupo_hidrologico,MS,SC,0.4011002625164049
Pré,grupo_hidrologico,MS,SE,-0.15589624590316065
Pré,grupo_hidrologico,MS,SP,0.2809268626802896
Pré,grupo_hidrologico,MS,TO,0.17153484997592316
Pré,grupo_hidrologico,MT,PA,-0.0806113354750449
Pré,grupo_hidrologico,MT,PB,-0.2083677002991601
Pré,grupo_hidrologico,MT,PE,-0.214645630934995
Pré,grupo_hidrologico,MT,PI,-0.14700334874553725
Pré,grupo_hidrologico,MT,PR,0.22235172602439066
Pré,grupo_hidrologico,MT,RJ,-0.09965817588404116
Pré,grupo_hidrologico,MT,RN,-0.04937345435255316
Pré,grupo_hidrologico,MT,RO,-0.10632981435548165
Pré,grupo_hidrologico,MT,RR,-0.1580251816273642
Pré,grupo_hidrologico,MT,RS,0.14785319922045237
Pré,grupo_hidrologico,MT,SC,0.017971645116807322
Pré,grupo_hidrologico,MT,SE,0.11076824847375752
Pré,grupo_hidrologico,MT,SP,-0.06485126117067345
Pré,grupo_hidrologico,MT,TO,0.16395646287587645
Pré,grupo_hidrologico,PA,PB,0.051372202135808356
Pré,grupo_hidrologico,PA,PE,0.1182257253609622
Pré,grupo_hidrologico,PA,PI,-0.12197476029126754
Pré,grupo_hidrologico,PA,PR,0.09217102809757549
Pré,grupo_hidrologico,PA,RJ,0.21586694988221256
Pré,grupo_hidrologico,PA,RN,0.04588823895194771
Pré,grupo_hidrologico,PA,RO,0.051529000741080265
Pré,grupo_hidrologico,PA,RR,-0.4108717169175578
Pré,grupo_hidrologico,PA,RS,0.04054335302897736
Pré,grupo_hidrologico,PA,SC,0.1495960893865403
Pré,grupo_hidrologico,PA,SE,0.022656332431997436
Pré,grupo_hidrologico,PA,SP,0.09155496452175176
Pré,grupo_hidrologico,PA,TO,-0.05142269843099046
Pré,grupo_hidrologico,PB,PE,0.3316241145343718
Pré,grupo_hidrologico,PB,PI,0.3616627923039806
Pré,grupo_hidrologico,PB,PR,0.11038092548734778
Pré,grupo_hidrologico,PB,RJ,-0.026903462836295185
Pré,grupo_hidrologico,PB,RN,0.19240350630253944
Pré,grupo_hidrologico,PB,RO,0.08102324513372029
Pré,grupo_hidrologico,PB,RR,-0.27514311879294295
Pré,grupo_hidrologico,PB,RS,-0.13230248544990583
Pré,grupo_hidrologico,PB,SC,0.039472193087910286
Pré,grupo_hidrologico,PB,SE,0.00469729248884564
Pré,grupo_hidrologico,PB,SP,0.06511345435745233
Pré,grupo_hidrologico,PB,TO,-0.22540879669395383
Pré,grupo_hidrologico,PE,PI,0.14232384479290242
Pré,grupo_hidrologico,PE,PR,-0.020005851352992817
Pré,grupo_hidrologico,PE,RJ,0.3795981271766894
Pré,grupo_hidrologico,PE,RN,-0.11640302072777559
Pré,grupo_hidrologico,PE,RO,-0.04569395571097304
Pré,grupo_hidrologico,PE,RR,-0.2292192474463202
Pré,grupo_hidrologico,PE,RS,-0.1455463604753932
Pré,grupo_hidrologico,PE,SC,-0.01446265783818113
Pré,grupo_hidrologico,PE,SE,0.014775432917006243
Pré,grupo_hidrologico,PE,SP,0.11773171065066045
Pré,grupo_hidrologico,PE,TO,-0.29041097248173253
Pré,grupo_hidrologico,PI,PR,-0.18966425577927548
Pré,grupo_hidrologico,PI,RJ,-0.23832418375725153
Pré,grupo_hidrologico,PI,RN,0.13606754301715235
Pré,grupo_hidrologico,PI,RO,-0.20924032587622482
Pré,grupo_hidrologico,PI,RR,-0.12088430454018244
Pré,grupo_hidrologico,PI,RS,-0.023963027224110398
Pré,grupo_hidrologico,PI,SC,-0.269130288285524
Pré,grupo_hidrologico,PI,SE,0.0674499279311008
Pré,grupo_hidrologico,PI,SP,-0.3618291524453347
Pré,grupo_hidrologico,PI,TO,-0.005471550230169289
Pré,grupo_hidrologico,PR,RJ,0.1336976190702085
Pré,grupo_hidrologico,PR,RN,-0.09587186290365743
Pré,grupo_hidrologico,PR,RO,0.2905130432793955
Pré,grupo_hidrologico,PR,RR,-0.45823670472169425
Pré,grupo_hidrologico,PR,RS,0.5384361799217262
Pré,grupo_hidrologico,PR,SC,0.6314225734262977
Pré,grupo_hidrologico,PR,SE,-0.03249529328383929
Pré,grupo_hidrologico,PR,SP,0.5583172791570867
Pré,grupo_hidrologico,PR,TO,0.1060614651252868
Pré,grupo_hidrologico,RJ,RN,-0.058485630502067315
Pré,grupo_hidrologico,RJ,RO,0.20402693308452285
Pré,grupo_hidrologico,RJ,RR,-0.37118490007985483
Pré,grupo_hidrologico,RJ,RS,-0.15023760967747485
Pré,grupo_hidrologico,RJ,SC,0.2707330720556083
Pré,grupo_hidrologico,RJ,SE,-0.16895604404410994
Pré,grupo_hidrologico,RJ,SP,0.3790925173942927
Pré,grupo_hidrologico,RJ,TO,-0.09019819084790091
Pré,grupo_hidrologico,RN,RO,-0.016649352313310356
Pré,grupo_hidrologico,RN,RR,-0.25617569726932615
Pré,grupo_hidrologico,RN,RS,-0.09713396256011206
Pré,grupo_hidrologico,RN,SC,-0.14169850170960308
Pré,grupo_hidrologico,RN,SE,0.1675495057285592
Pré,grupo_hidrologico,RN,SP,-0.07631823651089784
Pré,grupo_hidrologico,RN,TO,0.01116233640743446
Pré,grupo_hidrologico,RO,RR,-0.10933262316068726
Pré,grupo_hidrologico,RO,RS,0.30662386531544583
Pré,grupo_hidrologico,RO,SC,0.5407815813612943
Pré,grupo_hidrologico,RO,SE,-0.10399980675261629
Pré,grupo_hidrologico,RO,SP,0.5222418786916035
Pré,grupo_hidrologico,RO,TO,-0.05246018730047181
Pré,grupo_hidrologico,RR,RS,-0.16128891314711785
Pré,grupo_hidrologico,RR,SC,-0.35752069872161585
Pré,grupo_hidrologico,RR,SE,-0.12228898957133295
Pré,grupo_hidrologico,RR,SP,-0.32066487953043366
Pré,grupo_hidrologico,RR,TO,-0.17514774760051752
Pré,grupo_hidrologico,RS,SC,0.4766961278469062
Pré,grupo_hidrologico,RS,SE,-0.1289013786717507
Pré,grupo_hidrologico,RS,SP,0.3222907918651651
Pré,grupo_hidrologico,RS,TO,0.3066900563779969
Pré,grupo_hidrologico,SC,SE,-0.21124285397763382
Pré,grupo_hidrologico,SC,SP,0.7717977218466959
Pré,grupo_hidrologico,SC,TO,-0.07661368607750675
Pré,grupo_hidrologico,SE,SP,-0.16826165177490027
Pré,grupo_hidrologico,SE,TO,-0.16926681098458388
Pré,grupo_hidrologico,SP,TO,-0.22601722414995196
Pré,grupo_meteorologico,AC,AL,-0.0923784990882726
Pré,grupo_meteorologico,AC,AM,0.3000927025622981
Pré,grupo_meteorologico,AC,AP,-0.09204742397939107
Pré,grupo_meteorologico,AC,BA,0.08983109552716026
Pré,grupo_meteorologico,AC,CE,0.018452653451403227
Pré,grupo_meteorologico,AC,DF,-0.17600682631447873
Pré,grupo_meteorologico,AC,ES,0.0279675513231011
Pré,grupo_meteorologico,AC,GO,-0.16397675157219196
Pré,grupo_meteorologico,AC,MA,-0.02314637494706001
Pré,grupo_meteorologico,AC,MG,-0.12683766703362248
Pré,grupo_meteorologico,AC,MS,-0.21792577782209602
Pré,grupo_meteorologico,AC,MT,-0.20639209108442833
Pré,grupo_meteorologico,AC,PA,0.14199360104640257
Pré,grupo_meteorologico,AC,PB,-0.07262210786982462
Pré,grupo_meteorologico,AC,PE,0.10824487655212539
Pré,grupo_meteorologico,AC,PI,-0.024047121255423867
Pré,grupo_meteorologico,AC,PR,-0.25653801311482577
Pré,grupo_meteorologico,AC,RJ,0.13091097715229397
Pré,grupo_meteorologico,AC,RN,-0.14456213279344016
Pré,grupo_meteorologico,AC,RO,0.1795432958150976
Pré,grupo_meteorologico,AC,RR,-0.009282327434683713
Pré,grupo_meteorologico,AC,RS,-0.25061750768349356
Pré,grupo_meteorologico,AC,SC,0.08903414023056598
Pré,grupo_meteorologico,AC,SE,0.030565272448931233
Pré,grupo_meteorologico,AC,SP,0.07445530711151216
Pré,grupo_meteorologico,AC,TO,-0.20235819244278316
Pré,grupo_meteorologico,AL,AM,-0.11499474247921741
Pré,grupo_meteorologico,AL,AP,-0.14444949458264925
Pré,grupo_meteorologico,AL,BA,0.49490029899641996
Pré,grupo_meteorologico,AL,CE,0.3170023157726956
Pré,grupo_meteorologico,AL,DF,-0.11008466570713805
Pré,grupo_meteorologico,AL,ES,0.1242700841489816
Pré,grupo_meteorologico,AL,GO,-0.008244247888741535
Pré,grupo_meteorologico,AL,MA,0.23784311643758796
Pré,grupo_meteorologico,AL,MG,-0.20845256081022998
Pré,grupo_meteorologico,AL,MS,-0.07895741223591589
Pré,grupo_meteorologico,AL,MT,-0.08916608239809437
Pré,grupo_meteorologico,AL,PA,0.17340896027343394
Pré,grupo_meteorologico,AL,PB,0.41969578785981215
Pré,grupo_meteorologico,AL,PE,0.40583825982923943
Pré,grupo_meteorologico,AL,PI,0.2508360467994133
Pré,grupo_meteorologico,AL,PR,-0.10859832118833797
Pré,grupo_meteorologico,AL,RJ,0.10918820609514539
Pré,grupo_meteorologico,AL,RN,0.27983857561555964
Pré,grupo_meteorologico,AL,RO,-0.29159213452217625
Pré,grupo_meteorologico,AL,RR,-0.2673828544402878
Pré,grupo_meteorologico,AL,RS,-0.21633552550839594
Pré,grupo_meteorologico,AL,SC,-0.2952863146044191
Pré,grupo_meteorologico,AL,SE,0.18023448420923474
Pré,grupo_meteorologico,AL,SP,-0.19600073122626135
Pré,grupo_meteorologico,AL,TO,-0.23799142475647184
Pré,grupo_meteorologico,AM,AP,0.02266278247031598
Pré,grupo_meteorologico,AM,BA,0.09650744290406608
Pré,grupo_meteorologico,AM,CE,0.13487419223340757
Pré,grupo_meteorologico,AM,DF,-0.0848639548161721
Pré,grupo_meteorologico,AM,ES,0.15224315098439276
Pré,grupo_meteorologico,AM,GO,-0.1415115960919957
Pré,grupo_meteorologico,AM,MA,-0.06761726052464467
Pré,grupo_meteorologico,AM,MG,0.006215367788713134
Pré,grupo_meteorologico,AM,MS,-0.033009362314431516
Pré,grupo_meteorologico,AM,MT,-0.20477073081117847
Pré,grupo_meteorologico,AM,PA,0.08441346257748965
Pré,grupo_meteorologico,AM,PB,-0.14199383602669224
Pré,grupo_meteorologico,AM,PE,0.106566720149311
Pré,grupo_meteorologico,AM,PI,-0.16517440396647945
Pré,grupo_meteorologico,AM,PR,-0.13036043768545844
Pré,grupo_meteorologico,AM,RJ,0.27202289473420865
Pré,grupo_meteorologico,AM,RN,-0.16868414570447457
Pré,grupo_meteorologico,AM,RO,-0.021231638156729602
Pré,grupo_meteorologico,AM,RR,-0.1583394548767901
Pré,grupo_meteorologico,AM,RS,-0.179426327924385
Pré,grupo_meteorologico,AM,SC,0.11262095656819167
Pré,grupo_meteorologico,AM,SE,0.12343212638761165
Pré,grupo_meteorologico,AM,SP,0.1655624941100085
Pré,grupo_meteorologico,AM,TO,-0.13561455004560746
Pré,grupo_meteorologico,AP,BA,-0.18037969484272462
Pré,grupo_meteorologico,AP,CE,-0.14425212676253166
Pré,grupo_meteorologico,AP,DF,-0.09893449674577685
Pré,grupo_meteorologico,AP,ES,-0.09345591711954337
Pré,grupo_meteorologico,AP,GO,-0.10254427604342405
Pré,grupo_meteorologico,AP,MA,-0.08688914587147151
Pré,grupo_meteorologico,AP,MG,0.15080166136283968
Pré,grupo_meteorologico,AP,MS,0.10247708308743765
Pré,grupo_meteorologico,AP,MT,-0.09520826671093102
Pré,grupo_meteorologico,AP,PA,0.053503995521300814
Pré,grupo_meteorologico,AP,PB,-0.1236563786029795
Pré,grupo_meteorologico,AP,PE,-0.17247985078980485
Pré,grupo_meteorologico,AP,PI,-0.211760978157391
Pré,grupo_meteorologico,AP,PR,-0.048870847615191434
Pré,grupo_meteorologico,AP,RJ,-0.06698363866754412
Pré,grupo_meteorologico,AP,RN,-0.12982256852733523
Pré,grupo_meteorologico,AP,RO,-0.24444715098961425
Pré,grupo_meteorologico,AP,RR,-0.043779594210368644
Pré,grupo_meteorologico,AP,RS,-0.26580776105839743
Pré,grupo_meteorologico,AP,SC,-0.11114739138293397
Pré,grupo_meteorologico,AP,SE,-0.22340861749969476
Pré,grupo_meteorologico,AP,SP,-0.10259361462339964
Pré,grupo_meteorologico,AP,TO,0.07047315414512709
Pré,grupo_meteorologico,BA,CE,0.2992735511165552
Pré,grupo_meteorologico,BA,DF,-0.07264312647274539
Pré,grupo_meteorologico,BA,ES,0.12100421654905107
Pré,grupo_meteorologico,BA,GO,0.14425753144585723
Pré,grupo_meteorologico,BA,MA,0.14948908167020863
Pré,grupo_meteorologico,BA,MG,-0.0711526661145345
Pré,grupo_meteorologico,BA,MS,-0.02032563492718926
Pré,grupo_meteorologico,BA,MT,-0.15953922547471464
Pré,grupo_meteorologico,BA,PA,0.2140124500701154
Pré,grupo_meteorologico,BA,PB,0.18404299596719773
Pré,grupo_meteorologico,BA,PE,0.2641231433532527
Pré,grupo_meteorologico,BA,PI,0.09340575664715062
Pré,grupo_meteorologico,BA,PR,-0.14279027229833577
Pré,grupo_meteorologico,BA,RJ,0.32066390189340704
Pré,grupo_meteorologico,BA,RN,0.3449248021437315
Pré,grupo_meteorologico,BA,RO,-0.051957450393615365
Pré,grupo_meteorologico,BA,RR,-0.328637548959091
Pré,grupo_meteorologico,BA,RS,-0.23779668864799441
Pré,grupo_meteorologico,BA,SC,-0.12245889679795884
Pré,grupo_meteorologico,BA,SE,0.16300246822339484
Pré,grupo_meteorologico,BA,SP,-0.023690793907575166
Pré,grupo_meteorologico,BA,TO,-0.22597376224359184
Pré,grupo_meteorologico,CE,DF,0.00041386875780867753
Pré,grupo_meteorologico,CE,ES,0.32465832169004183
Pré,grupo_meteorologico,CE,GO,0.015857240864040462
Pré,grupo_meteorologico,CE,MA,0.2777750204656056
Pré,grupo_meteorologico,CE,MG,0.06808099648876972
Pré,grupo_meteorologico,CE,MS,-0.17044309696371993
Pré,grupo_meteorologico,CE,MT,-0.11784136031203855
Pré,grupo_meteorologico,CE,PA,0.21548765836472353
Pré,grupo_meteorologico,CE,PB,0.33673984983657385
Pré,grupo_meteorologico,CE,PE,0.5254039135110482
Pré,grupo_meteorologico,CE,PI,0.16166832588081884
Pré,grupo_meteorologico,CE,PR,-0.05511163944649819
Pré,grupo_meteorologico,CE,RJ,0.4119484324211644
Pré,grupo_meteorologico,CE,RN,0.1425065356462471
Pré,grupo_meteorologico,CE,RO,-0.009183758100169286
Pré,grupo_meteorologico,CE,RR,-0.4379557618989489
Pré,grupo_meteorologico,CE,RS,-0.19655236442427138
Pré,grupo_meteorologico,CE,SC,-0.010251373906069953
Pré,grupo_meteorologico,CE,SE,0.016143890863433607
Pré,grupo_meteorologico,CE,SP,0.04548906228754428
Pré,grupo_meteorologico,CE,TO,-0.13400557553088166
Pré,grupo_meteorologico,DF,ES,0.11216583110814494
Pré,grupo_meteorologico,DF,GO,0.1848612029876824
Pré,grupo_meteorologico,DF,MA,-0.2665067215534572
Pré,grupo_meteorologico,DF,MG,0.5157394390180421
Pré,grupo_meteorologico,DF,MS,0.40413280458901163
Pré,grupo_meteorologico,DF,MT,0.01803028738612545
Pré,grupo_meteorologico,DF,PA,0.03740846469480302
Pré,grupo_meteorologico,DF,PB,0.09095654562305117
Pré,grupo_meteorologico,DF,PE,-0.04589355141573041
Pré,grupo_meteorologico,DF,PI,-0.17952048157529676
Pré,grupo_meteorologico,DF,PR,0.5323519444306883
Pré,grupo_meteorologico,DF,RJ,0.06911807217148536
Pré,grupo_meteorologico,DF,RN,0.0013687773217366396
Pré,grupo_meteorologico,DF,RO,0.3296971187117391
Pré,grupo_meteorologico,DF,RR,-0.35491933564845385
Pré,grupo_meteorologico,DF,RS,0.3960097886071779
Pré,grupo_meteorologico,DF,SC,0.5636949492208526
Pré,grupo_meteorologico,DF,SE,-0.07219515885924399
Pré,grupo_meteorologico,DF,SP,0.5340074314289992
Pré,grupo_meteorologico,DF,TO,0.06711932378749595
Pré,grupo_meteorologico,ES,GO,-0.05634029451431621
Pré,grupo_meteorologico,ES,MA,0.1135461592984125
Pré,grupo_meteorologico,ES,MG,0.21871894921149118
Pré,grupo_meteorologico,ES,MS,-0.1560316005564148
Pré,grupo_meteorologico,ES,MT,-0.13389901176996027
Pré,grupo_meteorologico,ES,PA,0.056003803418723054
Pré,grupo_meteorologico,ES,PB,0.12248162568233964
Pré,grupo_meteorologico,ES,PE,0.12425695718284083
Pré,grupo_meteorologico,ES,PI,-0.009123593551132481
Pré,grupo_meteorologico,ES,PR,-0.028401836705161828
Pré,grupo_meteorologico,ES,RJ,0.1940072056817436
Pré,grupo_meteorologico,ES,RN,0.24792605912846225
Pré,grupo_meteorologico,ES,RO,-0.02769971862798754
Pré,grupo_meteorologico,ES,RR,-0.37964393543697766
Pré,grupo_meteorologico,ES,RS,-0.007428156971057179
Pré,grupo_meteorologico,ES,SC,0.10273298629391459
Pré,grupo_meteorologico,ES,SE,0.024144653777819176
Pré,grupo_meteorologico,ES,SP,0.19418096866074488
Pré,grupo_meteorologico,ES,TO,0.04988008056389962
Pré,grupo_meteorologico,GO,MA,0.06991620007369484
Pré,grupo_meteorologico,GO,MG,0.23183715716565265
Pré,grupo_meteorologico,GO,MS,0.3025628944814132
Pré,grupo_meteorologico,GO,MT,0.35560174680111256
Pré,grupo_meteorologico,GO,PA,0.17694623746687163
Pré,grupo_meteorologico,GO,PB,-0.09453825460619282
Pré,grupo_meteorologico,GO,PE,-0.12238081738568139
Pré,grupo_meteorologico,GO,PI,0.12386043791950278
Pré,grupo_meteorologico,GO,PR,0.33928329270210883
Pré,grupo_meteorologico,GO,RJ,-0.14334115674321102
Pré,grupo_meteorologico,GO,RN,0.08461453281617534
Pré,grupo_meteorologico,GO,RO,-0.09161922448171113
Pré,grupo_meteorologico,GO,RR,-0.37700736272854957
Pré,grupo_meteorologico,GO,RS,0.2416798212014506
Pré,grupo_meteorologico,GO,SC,0.14019975948631408
Pré,grupo_meteorologico,GO,SE,0.23272647521663195
Pré,grupo_meteorologico,GO,SP,-0.011067257496655429
Pré,grupo_meteorologico,GO,TO,0.08550676776495722
Pré,grupo_meteorologico,MA,MG,-0.1813817514103623
Pré,grupo_meteorologico,MA,MS,-0.2078832032215759
Pré,grupo_meteorologico,MA,MT,-0.042646986043230084
Pré,grupo_meteorologico,MA,PA,0.09385340096483258
Pré,grupo_meteorologico,MA,PB,0.1572222172231985
Pré,grupo_meteorologico,MA,PE,0.0762994860529919
Pré,grupo_meteorologico,MA,PI,0.6402488604291265
Pré,grupo_meteorologico,MA,PR,-0.23414205457272383
Pré,grupo_meteorologico,MA,RJ,-0.0018598870409936349
Pré,grupo_meteorologico,MA,RN,0.1950030397793899
Pré,grupo_meteorologico,MA,RO,-0.23782130332432966
Pré,grupo_meteorologico,MA,RR,-0.2754061978598334
Pré,grupo_meteorologico,MA,RS,-0.18785865848269204
Pré,grupo_meteorologico,MA,SC,-0.42059959040213174
Pré,grupo_meteorologico,MA,SE,0.07484399771396646
Pré,grupo_meteorologico,MA,SP,-0.480988828612382
Pré,grupo_meteorologico,MA,TO,0.23752663588149975
Pré,grupo_meteorologico,MG,MS,0.305797091546292
Pré,grupo_meteorologico,MG,MT,0.0859164095745297
Pré,grupo_meteorologico,MG,PA,0.14545217004517533
Pré,grupo_meteorologico,MG,PB,-0.05439827660645295
Pré,grupo_meteorologico,MG,PE,-0.0053413262138872234
Pré,grupo_meteorologico,MG,PI,-0.1791181969779483
Pré,grupo_meteorologico,MG,PR,0.5154430612156108
Pré,grupo_meteorologico,MG,RJ,0.33914873734954987
Pré,grupo_meteorologico,MG,RN,-0.04295488522605425
Pré,grupo_meteorologico,MG,RO,0.1804445306766288
Pré,grupo_meteorologico,MG,RR,-0.4798646403213301
Pré,grupo_meteorologico,MG,RS,0.18305849606420166
Pré,grupo_meteorologico,MG,SC,0.5095966923309262
Pré,grupo_meteorologico,MG,SE,-0.06729250568284972
Pré,grupo_meteorologico,MG,SP,0.5843909280210928
Pré,grupo_meteorologico,MG,TO,0.02090091519622457
Pré,grupo_meteorologico,MS,MT,0.18608229301405974
Pré,grupo_meteorologico,MS,PA,0.08920046983848302
Pré,grupo_meteorologico,MS,PB,-0.04593912369380231
Pré,grupo_meteorologico,MS,PE,-0.15310369268517815
Pré,grupo_meteorologico,MS,PI,-0.1542626292205497
Pré,grupo_meteorologico,MS,PR,0.6399489679670128
Pré,grupo_meteorologico,MS,RJ,-0.018236314619428314
Pré,grupo_meteorologico,MS,RN,-0.23482145405989402
Pré,grupo_meteorologico,MS,RO,-0.06412047926975765
Pré,grupo_meteorologico,MS,RR,-0.2976833145826176
Pré,grupo_meteorologico,MS,RS,0.4566529294186
Pré,grupo_meteorologico,MS,SC,0.41437807379033675
Pré,grupo_meteorologico,MS,SE,-0.14553853881260106
Pré,grupo_meteorologico,MS,SP,0.28117888242921957
Pré,grupo_meteorologico,MS,TO,0.17241075588622132
Pré,grupo_meteorologico,MT,PA,-0.08658848552994831
Pré,grupo_meteorologico,MT,PB,-0.20643900800996126
Pré,grupo_meteorologico,MT,PE,-0.2094089826284141
Pré,grupo_meteorologico,MT,PI,-0.14671180678526854
Pré,grupo_meteorologico,MT,PR,0.21682320447134248
Pré,grupo_meteorologico,MT,RJ,-0.10174646844099039
Pré,grupo_meteorologico,MT,RN,-0.04655849644981641
Pré,grupo_meteorologico,MT,RO,-0.10526611981924935
Pré,grupo_meteorologico,MT,RR,-0.15775828952681956
Pré,grupo_meteorologico,MT,RS,0.15532463752740172
Pré,grupo_meteorologico,MT,SC,0.020999564148885822
Pré,grupo_meteorologico,MT,SE,0.1125281047595768
Pré,grupo_meteorologico,MT,SP,-0.06562059259258454
Pré,grupo_meteorologico,MT,TO,0.16209912899708284
Pré,grupo_meteorologico,PA,PB,0.06852393741776298
Pré,grupo_meteorologico,PA,PE,0.1308879781006869
Pré,grupo_meteorologico,PA,PI,-0.11782096517218335
Pré,grupo_meteorologico,PA,PR,0.08652706316078086
Pré,grupo_meteorologico,PA,RJ,0.20792938730549354
Pré,grupo_meteorologico,PA,RN,0.049593390357032786
Pré,grupo_meteorologico,PA,RO,0.05334090401593548
Pré,grupo_meteorologico,PA,RR,-0.4039490875198157
Pré,grupo_meteorologico,PA,RS,0.032584781379290065
Pré,grupo_meteorologico,PA,SC,0.14166533051701327
Pré,grupo_meteorologico,PA,SE,0.024113892921893924
Pré,grupo_meteorologico,PA,SP,0.09061952602848342
Pré,grupo_meteorologico,PA,TO,-0.06469367426035708
Pré,grupo_meteorologico,PB,PE,0.32969922397143586
Pré,grupo_meteorologico,PB,PI,0.3626485682261791
Pré,grupo_meteorologico,PB,PR,0.10529570237793039
Pré,grupo_meteorologico,PB,RJ,-0.021554907010841715
Pré,grupo_meteorologico,PB,RN,0.1896942562536346
Pré,grupo_meteorologico,PB,RO,0.0812048719619997
Pré,grupo_meteorologico,PB,RR,-0.2764707180825965
Pré,grupo_meteorologico,PB,RS,-0.13992497369852078
Pré,grupo_meteorologico,PB,SC,0.03779801007206291
Pré,grupo_meteorologico,PB,SE,0.003238137538714387
Pré,grupo_meteorologico,PB,SP,0.05960436601270843
Pré,grupo_meteorologico,PB,TO,-0.22414336101306628
Pré,grupo_meteorologico,PE,PI,0.13265410611563733
Pré,grupo_meteorologico,PE,PR,-0.014975908777743518
Pré,grupo_meteorologico,PE,RJ,0.3841415667978728
Pré,grupo_meteorologico,PE,RN,-0.12099923397370216
Pré,grupo_meteorologico,PE,RO,-0.03681306303388635
Pré,grupo_meteorologico,PE,RR,-0.23115762302593096
Pré,grupo_meteorologico,PE,RS,-0.14645003284289296
Pré,grupo_meteorologico,PE,SC,-0.012998164060724491
Pré,grupo_meteorologico,PE,SE,0.010359574563603691
Pré,grupo_meteorologico,PE,SP,0.1212621839059452
Pré,grupo_meteorologico,PE,TO,-0.2913066299240736
Pré,grupo_meteorologico,PI,PR,-0.19034880716349667
Pré,grupo_meteorologico,PI,RJ,-0.2281644549830429
Pré,grupo_meteorologico,PI,RN,0.13598441036476186
Pré,grupo_meteorologico,PI,RO,-0.2044062602771687
Pré,grupo_meteorologico,PI,RR,-0.12058202142028702
Pré,grupo_meteorologico,PI,RS,-0.03511338862204337
Pré,grupo_meteorologico,PI,SC,-0.27333214990156324
Pré,grupo_meteorologico,PI,SE,0.0671147421691332
Pré,grupo_meteorologico,PI,SP,-0.36265195039748305
Pré,grupo_meteorologico,PI,TO,-0.003697680132612181
Pré,grupo_meteorologico,PR,RJ,0.12826609900944433
Pré,grupo_meteorologico,PR,RN,-0.10058142270612064
Pré,grupo_meteorologico,PR,RO,0.2711394675582445
Pré,grupo_meteorologico,PR,RR,-0.4563022571805508
Pré,grupo_meteorologico,PR,RS,0.5495363907011199
Pré,grupo_meteorologico,PR,SC,0.6394133774776097
Pré,grupo_meteorologico,PR,SE,-0.022952254014568168
Pré,grupo_meteorologico,PR,SP,0.5568376053324338
Pré,grupo_meteorologico,PR,TO,0.10731718412594139
Pré,grupo_meteorologico,RJ,RN,-0.05588220862942688
Pré,grupo_meteorologico,RJ,RO,0.20896874510700802
Pré,grupo_meteorologico,RJ,RR,-0.375524474567801
Pré,grupo_meteorologico,RJ,RS,-0.15020666353802423
Pré,grupo_meteorologico,RJ,SC,0.2654004051036182
Pré,grupo_meteorologico,RJ,SE,-0.17068660413122555
Pré,grupo_meteorologico,RJ,SP,0.384764662115252
Pré,grupo_meteorologico,RJ,TO,-0.0942144936580705
Pré,grupo_meteorologico,RN,RO,-0.014867789705947165
Pré,grupo_meteorologico,RN,RR,-0.25806483529695373
Pré,grupo_meteorologico,RN,RS,-0.10554338569385181
Pré,grupo_meteorologico,RN,SC,-0.14410060505742625
Pré,grupo_meteorologico,RN,SE,0.1670119763326705
Pré,grupo_meteorologico,RN,SP,-0.0801126087291436
Pré,grupo_meteorologico,RN,TO,0.012005426691789632
Pré,grupo_meteorologico,RO,RR,-0.11221254819757961
Pré,grupo_meteorologico,RO,RS,0.2989519439543628
Pré,grupo_meteorologico,RO,SC,0.5334294309118219
Pré,grupo_meteorologico,RO,SE,-0.10412556190625363
Pré,grupo_meteorologico,RO,SP,0.52127091512457
Pré,grupo_meteorologico,RO,TO,-0.051341707833376306
Pré,grupo_meteorologico,RR,RS,-0.16003884276081942
Pré,grupo_meteorologico,RR,SC,-0.36114513080464045
Pré,grupo_meteorologico,RR,SE,-0.1235168315990765
Pré,grupo_meteorologico,RR,SP,-0.32239767352975207
Pré,grupo_meteorologico,RR,TO,-0.17316961161470315
Pré,grupo_meteorologico,RS,SC,0.4757300900562838
Pré,grupo_meteorologico,RS,SE,-0.13056719815236112
Pré,grupo_meteorologico,RS,SP,0.32268915376491997
Pré,grupo_meteorologico,RS,TO,0.3111866571393042
Pré,grupo_meteorologico,SC,SE,-0.21285670258402276
Pré,grupo_meteorologico,SC,SP,0.7770752734756103
Pré,grupo_meteorologico,SC,TO,-0.07407669354117126
Pré,grupo_meteorologico,SE,SP,-0.1675106698600629
Pré,grupo_meteorologico,SE,TO,-0.16669843265120665
Pré,grupo_meteorologico,SP,TO,-0.2244055956621865
Pré,grupo_outros,AC,AL,-0.09229817139193608
Pré,grupo_outros,AC,AM,0.3001235645382165
Pré,grupo_outros,AC,AP,-0.09213341265568026
Pré,grupo_outros,AC,BA,0.0896636512135718
Pré,grupo_outros,AC,CE,0.018235415356363638
Pré,grupo_outros,AC,DF,-0.1741228328431788
Pré,grupo_outros,AC,ES,0.027761045511279763
Pré,grupo_outros,AC,GO,-0.1641655776596304
Pré,grupo_outros,AC,MA,-0.02324722791734738
Pré,grupo_outros,AC,MG,-0.12739192366537713
Pré,grupo_outros,AC,MS,-0.21846993659195357
Pré,grupo_outros,AC,MT,-0.2063123960608533
Pré,grupo_outros,AC,PA,0.14232042721772314
Pré,grupo_outros,AC,PB,-0.07254234514423333
Pré,grupo_outros,AC,PE,0.10826851490673788
Pré,grupo_outros,AC,PI,-0.023986535841699897
Pré,grupo_outros,AC,PR,-0.2564342451236436
Pré,grupo_outros,AC,RJ,0.13074437873639708
Pré,grupo_outros,AC,RN,-0.14456759140821168
Pré,grupo_outros,AC,RO,0.17941575368923862
Pré,grupo_outros,AC,RR,-0.009331554010615372
Pré,grupo_outros,AC,RS,-0.24956259494269
Pré,grupo_outros,AC,SC,0.0887573574812699
Pré,grupo_outros,AC,SE,0.030268555497472566
Pré,grupo_outros,AC,SP,0.07415552054547773
Pré,grupo_outros,AC,TO,-0.20257252041666435
Pré,grupo_outros,AL,AM,-0.11508656460340741
Pré,grupo_outros,AL,AP,-0.14440021033284078
Pré,grupo_outros,AL,BA,0.4950818791885134
Pré,grupo_outros,AL,CE,0.31713174707225983
Pré,grupo_outros,AL,DF,-0.11378012376589473
Pré,grupo_outros,AL,ES,0.12435023111711735
Pré,grupo_outros,AL,GO,-0.007934573014551536
Pré,grupo_outros,AL,MA,0.23795226638566522
Pré,grupo_outros,AL,MG,-0.20829122016705387
Pré,grupo_outros,AL,MS,-0.07904433061747158
Pré,grupo_outros,AL,MT,-0.08895114882234016
Pré,grupo_outros,AL,PA,0.17368746427665852
Pré,grupo_outros,AL,PB,0.4198354850641613
Pré,grupo_outros,AL,PE,0.4059664440006906
Pré,grupo_outros,AL,PI,0.25083743585920215
Pré,grupo_outros,AL,PR,-0.10829805069633416
Pré,grupo_outros,AL,RJ,0.10910594168000387
Pré,grupo_outros,AL,RN,0.2800485701053518
Pré,grupo_outros,AL,RO,-0.2917298306675036
Pré,grupo_outros,AL,RR,-0.26732068076370336
Pré,grupo_outros,AL,RS,-0.21679303096617214
Pré,grupo_outros,AL,SC,-0.2945129398904048
Pré,grupo_outros,AL,SE,0.17963063482762776
Pré,grupo_outros,AL,SP,-0.19579436473250592
Pré,grupo_outros,AL,TO,-0.23792704776272436
Pré,grupo_outros,AM,AP,0.022409048166797525
Pré,grupo_outros,AM,BA,0.09659240305561916
Pré,grupo_outros,AM,CE,0.13473109692499613
Pré,grupo_outros,AM,DF,-0.0866767609121776
Pré,grupo_outros,AM,ES,0.15211566231767953
Pré,grupo_outros,AM,GO,-0.1415294043796982
Pré,grupo_outros,AM,MA,-0.06776936906163239
Pré,grupo_outros,AM,MG,0.005755865242419843
Pré,grupo_outros,AM,MS,-0.03356233741416949
Pré,grupo_outros,AM,MT,-0.20503054338578547
Pré,grupo_outros,AM,PA,0.08395554172895592
Pré,grupo_outros,AM,PB,-0.14194482619773288
Pré,grupo_outros,AM,PE,0.10659483894917027
Pré,grupo_outros,AM,PI,-0.16523550903687723
Pré,grupo_outros,AM,PR,-0.13040599400410513
Pré,grupo_outros,AM,RJ,0.2722456388345559
Pré,grupo_outros,AM,RN,-0.1685883691128793
Pré,grupo_outros,AM,RO,-0.021226156545633642
Pré,grupo_outros,AM,RR,-0.15803834433017222
Pré,grupo_outros,AM,RS,-0.17906088767556058
Pré,grupo_outros,AM,SC,0.11220499239184227
Pré,grupo_outros,AM,SE,0.12552071383990265
Pré,grupo_outros,AM,SP,0.16561606924845276
Pré,grupo_outros,AM,TO,-0.13587801095953167
Pré,grupo_outros,AP,BA,-0.18064585318766221
Pré,grupo_outros,AP,CE,-0.144190408856504
Pré,grupo_outros,AP,DF,-0.09801870822053871
Pré,grupo_outros,AP,ES,-0.09330058006534366
Pré,grupo_outros,AP,GO,-0.10279574433894083
Pré,grupo_outros,AP,MA,-0.08689722505846534
Pré,grupo_outros,AP,MG,0.15060030693929222
Pré,grupo_outros,AP,MS,0.10208950349013685
Pré,grupo_outros,AP,MT,-0.09542832204606479
Pré,grupo_outros,AP,PA,0.05349044468764884
Pré,grupo_outros,AP,PB,-0.12364896997127266
Pré,grupo_outros,AP,PE,-0.17243429654139458
Pré,grupo_outros,AP,PI,-0.21182498157161525
Pré,grupo_outros,AP,PR,-0.04919013630707155
Pré,grupo_outros,AP,RJ,-0.06768607600703332
Pré,grupo_outros,AP,RN,-0.12965905549204934
Pré,grupo_outros,AP,RO,-0.2443664236623214
Pré,grupo_outros,AP,RR,-0.04373644841223507
Pré,grupo_outros,AP,RS,-0.26679614303111493
Pré,grupo_outros,AP,SC,-0.11153153839770753
Pré,grupo_outros,AP,SE,-0.22059711958098976
Pré,grupo_outros,AP,SP,-0.10269917232335565
Pré,grupo_outros,AP,TO,0.07058106378248832
Pré,grupo_outros,BA,CE,0.29947767232165373
Pré,grupo_outros,BA,DF,-0.07429790992079915
Pré,grupo_outros,BA,ES,0.12108263090682762
Pré,grupo_outros,BA,GO,0.14468316804893128
Pré,grupo_outros,BA,MA,0.14953662868240916
Pré,grupo_outros,BA,MG,-0.07127369183391032
Pré,grupo_outros,BA,MS,-0.020590064579589867
Pré,grupo_outros,BA,MT,-0.15935880992500928
Pré,grupo_outros,BA,PA,0.21362920258321583
Pré,grupo_outros,BA,PB,0.1843036188307747
Pré,grupo_outros,BA,PE,0.2645350450395541
Pré,grupo_outros,BA,PI,0.09327089968196255
Pré,grupo_outros,BA,PR,-0.14252707158828215
Pré,grupo_outros,BA,RJ,0.3208539258017499
Pré,grupo_outros,BA,RN,0.3450705646367704
Pré,grupo_outros,BA,RO,-0.052015430881272265
Pré,grupo_outros,BA,RR,-0.3284884607738526
Pré,grupo_outros,BA,RS,-0.2375337469634325
Pré,grupo_outros,BA,SC,-0.12190580893919117
Pré,grupo_outros,BA,SE,0.16101143979978907
Pré,grupo_outros,BA,SP,-0.02336497264035047
Pré,grupo_outros,BA,TO,-0.22589417042077806
Pré,grupo_outros,CE,DF,0.0011069194304932429
Pré,grupo_outros,CE,ES,0.3246238755404667
Pré,grupo_outros,CE,GO,0.015999105450780014
Pré,grupo_outros,CE,MA,0.2777199792515743
Pré,grupo_outros,CE,MG,0.0677024888848352
Pré,grupo_outros,CE,MS,-0.17168503940997684
Pré,grupo_outros,CE,MT,-0.11759665831917701
Pré,grupo_outros,CE,PA,0.21528177382000288
Pré,grupo_outros,CE,PB,0.33682408323735197
Pré,grupo_outros,CE,PE,0.5255550823417384
Pré,grupo_outros,CE,PI,0.16153610542166139
Pré,grupo_outros,CE,PR,-0.05532133401454464
Pré,grupo_outros,CE,RJ,0.41201034579885154
Pré,grupo_outros,CE,RN,0.14261485671593618
Pré,grupo_outros,CE,RO,-0.00945182956232533
Pré,grupo_outros,CE,RR,-0.43787098776735933
Pré,grupo_outros,CE,RS,-0.1970979752533307
Pré,grupo_outros,CE,SC,-0.010289902187975332
Pré,grupo_outros,CE,SE,0.01638738291286601
Pré,grupo_outros,CE,SP,0.045415084170513806
Pré,grupo_outros,CE,TO,-0.1339788451406996
Pré,grupo_outros,DF,ES,0.10721510644030532
Pré,grupo_outros,DF,GO,0.17971975199590962
Pré,grupo_outros,DF,MA,-0.2689836289610872
Pré,grupo_outros,DF,MG,0.5191605124256452
Pré,grupo_outros,DF,MS,0.4078052661362883
Pré,grupo_outros,DF,MT,0.020515408961565715
Pré,grupo_outros,DF,PA,0.03747245401841963
Pré,grupo_outros,DF,PB,0.09065629758605243
Pré,grupo_outros,DF,PE,-0.04847893683246346
Pré,grupo_outros,DF,PI,-0.1800772240732867
Pré,grupo_outros,DF,PR,0.534921744904987
Pré,grupo_outros,DF,RJ,0.07411497789145646
Pré,grupo_outros,DF,RN,-0.0009698015903140635
Pré,grupo_outros,DF,RO,0.32961042294467374
Pré,grupo_outros,DF,RR,-0.3552970079219792
Pré,grupo_outros,DF,RS,0.39509179497162134
Pré,grupo_outros,DF,SC,0.5664038082138637
Pré,grupo_outros,DF,SE,-0.07287747618132184
Pré,grupo_outros,DF,SP,0.5367195386242609
Pré,grupo_outros,DF,TO,0.07064511905223213
Pré,grupo_outros,ES,GO,-0.055796407145345464
Pré,grupo_outros,ES,MA,0.11397194087875223
Pré,grupo_outros,ES,MG,0.21881895196622134
Pré,grupo_outros,ES,MS,-0.1566447596715936
Pré,grupo_outros,ES,MT,-0.1339887088173714
Pré,grupo_outros,ES,PA,0.05577232085832875
Pré,grupo_outros,ES,PB,0.12288120263297019
Pré,grupo_outros,ES,PE,0.1244823338145517
Pré,grupo_outros,ES,PI,-0.008331255137455149
Pré,grupo_outros,ES,PR,-0.028788374337596723
Pré,grupo_outros,ES,RJ,0.19373179795433773
Pré,grupo_outros,ES,RN,0.24794629081358302
Pré,grupo_outros,ES,RO,-0.027288237361022448
Pré,grupo_outros,ES,RR,-0.37943916384745113
Pré,grupo_outros,ES,RS,-0.007930340124254356
Pré,grupo_outros,ES,SC,0.10284766681349614
Pré,grupo_outros,ES,SE,0.02566361227157951
Pré,grupo_outros,ES,SP,0.19394599292197295
Pré,grupo_outros,ES,TO,0.049646461188489324
Pré,grupo_outros,GO,MA,0.06989874994377128
Pré,grupo_outros,GO,MG,0.23214286885545202
Pré,grupo_outros,GO,MS,0.3025324209044634
Pré,grupo_outros,GO,MT,0.3557399684456187
Pré,grupo_outros,GO,PA,0.17654991113691396
Pré,grupo_outros,GO,PB,-0.09436915591186466
Pré,grupo_outros,GO,PE,-0.12198081937191708
Pré,grupo_outros,GO,PI,0.1237887865473371
Pré,grupo_outros,GO,PR,0.33942621519324906
Pré,grupo_outros,GO,RJ,-0.1435176605736714
Pré,grupo_outros,GO,RN,0.0849317195637726
Pré,grupo_outros,GO,RO,-0.09152016445763742
Pré,grupo_outros,GO,RR,-0.3768509739132202
Pré,grupo_outros,GO,RS,0.24199323524877211
Pré,grupo_outros,GO,SC,0.14029424009344743
Pré,grupo_outros,GO,SE,0.2331499200621529
Pré,grupo_outros,GO,SP,-0.01079516105938356
Pré,grupo_outros,GO,TO,0.0855040320415671
Pré,grupo_outros,MA,MG,-0.18175789722970095
Pré,grupo_outros,MA,MS,-0.20752457490348467
Pré,grupo_outros,MA,MT,-0.04244427294062382
Pré,grupo_outros,MA,PA,0.0940057691812997
Pré,grupo_outros,MA,PB,0.15712879348983916
Pré,grupo_outros,MA,PE,0.07631817401890677
Pré,grupo_outros,MA,PI,0.6401026271152402
Pré,grupo_outros,MA,PR,-0.23440230853660268
Pré,grupo_outros,MA,RJ,-0.0020064001822377186
Pré,grupo_outros,MA,RN,0.1950403819917326
Pré,grupo_outros,MA,RO,-0.23789197107714335
Pré,grupo_outros,MA,RR,-0.2753599064584639
Pré,grupo_outros,MA,RS,-0.1872473472274443
Pré,grupo_outros,MA,SC,-0.41999153213676055
Pré,grupo_outros,MA,SE,0.07570498645218339
Pré,grupo_outros,MA,SP,-0.48133382288453114
Pré,grupo_outros,MA,TO,0.23744065584025778
Pré,grupo_outros,MG,MS,0.3062292662989739
Pré,grupo_outros,MG,MT,0.08615485415385077
Pré,grupo_outros,MG,PA,0.14470026149763582
Pré,grupo_outros,MG,PB,-0.0545611264371155
Pré,grupo_outros,MG,PE,-0.005761078775105975
Pré,grupo_outros,MG,PI,-0.1793986160236903
Pré,grupo_outros,MG,PR,0.5153791178443008
Pré,grupo_outros,MG,RJ,0.3385829543147839
Pré,grupo_outros,MG,RN,-0.04261895270244503
Pré,grupo_outros,MG,RO,0.18019246355231944
Pré,grupo_outros,MG,RR,-0.4800182700041888
Pré,grupo_outros,MG,RS,0.18426556721081513
Pré,grupo_outros,MG,SC,0.5106094577494077
Pré,grupo_outros,MG,SE,-0.06715550639607283
Pré,grupo_outros,MG,SP,0.5840498880068326
Pré,grupo_outros,MG,TO,0.021031660278382977
Pré,grupo_outros,MS,MT,0.18419622462891141
Pré,grupo_outros,MS,PA,0.08747996649811633
Pré,grupo_outros,MS,PB,-0.046120173547965555
Pré,grupo_outros,MS,PE,-0.15351075238776593
Pré,grupo_outros,MS,PI,-0.15311378810838627
Pré,grupo_outros,MS,PR,0.6403325730461934
Pré,grupo_outros,MS,RJ,-0.018495363914775752
Pré,grupo_outros,MS,RN,-0.2346908812403847
Pré,grupo_outros,MS,RO,-0.06242379338688525
Pré,grupo_outros,MS,RR,-0.29689699436205935
Pré,grupo_outros,MS,RS,0.456876800389505
Pré,grupo_outros,MS,SC,0.4154783262088527
Pré,grupo_outros,MS,SE,-0.1480243290669602
Pré,grupo_outros,MS,SP,0.2816744980028587
Pré,grupo_outros,MS,TO,0.17229151256325964
Pré,grupo_outros,MT,PA,-0.08695158764250355
Pré,grupo_outros,MT,PB,-0.20623969037814163
Pré,grupo_outros,MT,PE,-0.20918749674395187
Pré,grupo_outros,MT,PI,-0.1465903306735362
Pré,grupo_outros,MT,PR,0.21731934932042474
Pré,grupo_outros,MT,RJ,-0.10166688726962465
Pré,grupo_outros,MT,RN,-0.046410351249636765
Pré,grupo_outros,MT,RO,-0.10508592201729064
Pré,grupo_outros,MT,RR,-0.1578717279407159
Pré,grupo_outros,MT,RS,0.1550769107485369
Pré,grupo_outros,MT,SC,0.020167160270409653
Pré,grupo_outros,MT,SE,0.11181318575449638
Pré,grupo_outros,MT,SP,-0.06532941001888631
Pré,grupo_outros,MT,TO,0.16218282246169796
Pré,grupo_outros,PA,PB,0.06917930995179179
Pré,grupo_outros,PA,PE,0.13114053822403543
Pré,grupo_outros,PA,PI,-0.1176464966249739
Pré,grupo_outros,PA,PR,0.0863274342180136
Pré,grupo_outros,PA,RJ,0.20716917824998746
Pré,grupo_outros,PA,RN,0.049457881347349984
Pré,grupo_outros,PA,RO,0.053560957825589034
Pré,grupo_outros,PA,RR,-0.40361688970840087
Pré,grupo_outros,PA,RS,0.0320535743381781
Pré,grupo_outros,PA,SC,0.14142561375528553
Pré,grupo_outros,PA,SE,0.02664462387792373
Pré,grupo_outros,PA,SP,0.0904301620678599
Pré,grupo_outros,PA,TO,-0.06527806994561206
Pré,grupo_outros,PB,PE,0.3298066608715369
Pré,grupo_outros,PB,PI,0.3625870143418465
Pré,grupo_outros,PB,PR,0.10488815114484186
Pré,grupo_outros,PB,RJ,-0.021547960680078644
Pré,grupo_outros,PB,RN,0.18991111505621755
Pré,grupo_outros,PB,RO,0.08096682230812051
Pré,grupo_outros,PB,RR,-0.2763930381472301
Pré,grupo_outros,PB,RS,-0.14066424698027039
Pré,grupo_outros,PB,SC,0.038033121277521134
Pré,grupo_outros,PB,SE,0.0018046107753607724
Pré,grupo_outros,PB,SP,0.05946306706385564
Pré,grupo_outros,PB,TO,-0.22420695084738027
Pré,grupo_outros,PE,PI,0.13252127806378422
Pré,grupo_outros,PE,PR,-0.0148324611989913
Pré,grupo_outros,PE,RJ,0.3842991671856864
Pré,grupo_outros,PE,RN,-0.12066670433369497
Pré,grupo_outros,PE,RO,-0.03684579991025987
Pré,grupo_outros,PE,RR,-0.23108155542325684
Pré,grupo_outros,PE,RS,-0.14708645370330636
Pré,grupo_outros,PE,SC,-0.01353398484268602
Pré,grupo_outros,PE,SE,0.010417970302672655
Pré,grupo_outros,PE,SP,0.12142766885050324
Pré,grupo_outros,PE,TO,-0.29127613176953443
Pré,grupo_outros,PI,PR,-0.19065287548050902
Pré,grupo_outros,PI,RJ,-0.22836887148543247
Pré,grupo_outros,PI,RN,0.13597876339983883
Pré,grupo_outros,PI,RO,-0.20473065770612084
Pré,grupo_outros,PI,RR,-0.12051272823630459
Pré,grupo_outros,PI,RS,-0.03473245679013512
Pré,grupo_outros,PI,SC,-0.2726938800184074
Pré,grupo_outros,PI,SE,0.06633303915213516
Pré,grupo_outros,PI,SP,-0.3630421133546407
Pré,grupo_outros,PI,TO,-0.003919652274003317
Pré,grupo_outros,PR,RJ,0.12778150147338044
Pré,grupo_outros,PR,RN,-0.10065550951693672
Pré,grupo_outros,PR,RO,0.2708501209735413
Pré,grupo_outros,PR,RR,-0.45625569705157837
Pré,grupo_outros,PR,RS,0.550071831200222
Pré,grupo_outros,PR,SC,0.6397901770160221
Pré,grupo_outros,PR,SE,-0.024289853233973445
Pré,grupo_outros,PR,SP,0.5567784240710266
Pré,grupo_outros,PR,TO,0.10716886364272286
Pré,grupo_outros,RJ,RN,-0.05599855711757519
Pré,grupo_outros,RJ,RO,0.20861657456420368
Pré,grupo_outros,RJ,RR,-0.375418481555261
Pré,grupo_outros,RJ,RS,-0.15006199144853732
Pré,grupo_outros,RJ,SC,0.2658773379266798
Pré,grupo_outros,RJ,SE,-0.16988714880848746
Pré,grupo_outros,RJ,SP,0.3845042413874951
Pré,grupo_outros,RJ,TO,-0.0947799435015576
Pré,grupo_outros,RN,RO,-0.015053872215928443
Pré,grupo_outros,RN,RR,-0.2581221391188754
Pré,grupo_outros,RN,RS,-0.10588529841790817
Pré,grupo_outros,RN,SC,-0.1434117671790889
Pré,grupo_outros,RN,SE,0.16635272128050194
Pré,grupo_outros,RN,SP,-0.07993474950101369
Pré,grupo_outros,RN,TO,0.011979573807246045
Pré,grupo_outros,RO,RR,-0.11208326448189118
Pré,grupo_outros,RO,RS,0.2991764002027019
Pré,grupo_outros,RO,SC,0.5335683557890719
Pré,grupo_outros,RO,SE,-0.10479117832476975
Pré,grupo_outros,RO,SP,0.5210599008965201
Pré,grupo_outros,RO,TO,-0.05152980884286876
Pré,grupo_outros,RR,RS,-0.15973074282033908
Pré,grupo_outros,RR,SC,-0.36183231723773335
Pré,grupo_outros,RR,SE,-0.12466513693707286
Pré,grupo_outros,RR,SP,-0.3225094091115673
Pré,grupo_outros,RR,TO,-0.1731509164737421
Pré,grupo_outros,RS,SC,0.47593111796462884
Pré,grupo_outros,RS,SE,-0.13002727258616975
Pré,grupo_outros,RS,SP,0.3233872824258228
Pré,grupo_outros,RS,TO,0.3108468068128046
Pré,grupo_outros,SC,SE,-0.21304114786311898
Pré,grupo_outros,SC,SP,0.7775470795337673
Pré,grupo_outros,SC,TO,-0.07395381872100446
Pré,grupo_outros,SE,SP,-0.16837634684214295
Pré,grupo_outros,SE,TO,-0.16667215542016756
Pré,grupo_outros,SP,TO,-0.2246166077237768
Pré,tipo_alagamentos,AC,AL,-0.0837944396121865
Pré,tipo_alagamentos,AC,AM,0.21534326739062706
Pré,tipo_alagamentos,AC,AP,-0.17201569134871986
Pré,tipo_alagamentos,AC,BA,0.10907832921719555
Pré,tipo_alagamentos,AC,CE,-0.03534787791943904
Pré,tipo_alagamentos,AC,DF,-0.1366379995087037
Pré,tipo_alagamentos,AC,ES,0.10616066807312868
Pré,tipo_alagamentos,AC,GO,-0.13183714814763361
Pré,tipo_alagamentos,AC,MA,-0.030300863715678087
Pré,tipo_alagamentos,AC,MG,-0.07343165350742421
Pré,tipo_alagamentos,AC,MS,-0.2866943413571572
Pré,tipo_alagamentos,AC,MT,-0.17368616526190728
Pré,tipo_alagamentos,AC,PA,0.1025349398370995
Pré,tipo_alagamentos,AC,PB,-0.07157150930697649
Pré,tipo_alagamentos,AC,PE,0.09098595901728129
Pré,tipo_alagamentos,AC,PI,-0.020852836175682832
Pré,tipo_alagamentos,AC,PR,-0.24464268215548704
Pré,tipo_alagamentos,AC,RJ,0.11093202185204622
Pré,tipo_alagamentos,AC,RN,-0.09972884502750191
Pré,tipo_alagamentos,AC,RO,0.15679278318050482
Pré,tipo_alagamentos,AC,RR,-0.005702268072647891
Pré,tipo_alagamentos,AC,RS,-0.2043050446452338
Pré,tipo_alagamentos,AC,SC,0.09795393769253277
Pré,tipo_alagamentos,AC,SE,0.012632239844346962
Pré,tipo_alagamentos,AC,SP,0.07489276579333032
Pré,tipo_alagamentos,AC,TO,-0.1909693681668578
Pré,tipo_alagamentos,AL,AM,-0.19899419476787453
Pré,tipo_alagamentos,AL,AP,-0.1227741810765751
Pré,tipo_alagamentos,AL,BA,0.47756946418069385
Pré,tipo_alagamentos,AL,CE,0.28404229541781345
Pré,tipo_alagamentos,AL,DF,-0.10596561155164207
Pré,tipo_alagamentos,AL,ES,0.13392180617794702
Pré,tipo_alagamentos,AL,GO,-0.01747337426055842
Pré,tipo_alagamentos,AL,MA,0.20382799676552396
Pré,tipo_alagamentos,AL,MG,-0.15590808561126823
Pré,tipo_alagamentos,AL,MS,-0.019139855876209467
Pré,tipo_alagamentos,AL,MT,-0.11822506641465913
Pré,tipo_alagamentos,AL,PA,0.03520480934995348
Pré,tipo_alagamentos,AL,PB,0.4241496251284668
Pré,tipo_alagamentos,AL,PE,0.39864461187062067
Pré,tipo_alagamentos,AL,PI,0.25104079851337274
Pré,tipo_alagamentos,AL,PR,-0.13813845041610487
Pré,tipo_alagamentos,AL,RJ,0.14882587829825936
Pré,tipo_alagamentos,AL,RN,0.29782632290508454
Pré,tipo_alagamentos,AL,RO,-0.273790174988229
Pré,tipo_alagamentos,AL,RR,-0.25688020266870853
Pré,tipo_alagamentos,AL,RS,-0.2396444622036708
Pré,tipo_alagamentos,AL,SC,-0.29262334296033976
Pré,tipo_alagamentos,AL,SE,0.20750662367094733
Pré,tipo_alagamentos,AL,SP,-0.18186580047255016
Pré,tipo_alagamentos,AL,TO,-0.2392694990259463
Pré,tipo_alagamentos,AM,AP,-0.0007521365136763193
Pré,tipo_alagamentos,AM,BA,0.04822195560423248
Pré,tipo_alagamentos,AM,CE,0.08986728237027848
Pré,tipo_alagamentos,AM,DF,-0.022850192685239815
Pré,tipo_alagamentos,AM,ES,0.03531432143008971
Pré,tipo_alagamentos,AM,GO,-0.09115032285289038
Pré,tipo_alagamentos,AM,MA,-0.08717325560645582
Pré,tipo_alagamentos,AM,MG,0.03958893454534769
Pré,tipo_alagamentos,AM,MS,0.04348365596220205
Pré,tipo_alagamentos,AM,MT,-0.18220437847821483
Pré,tipo_alagamentos,AM,PA,0.08134208720837446
Pré,tipo_alagamentos,AM,PB,-0.1930014929910383
Pré,tipo_alagamentos,AM,PE,0.014430010358707732
Pré,tipo_alagamentos,AM,PI,-0.19331668551298198
Pré,tipo_alagamentos,AM,PR,-0.03381691260825514
Pré,tipo_alagamentos,AM,RJ,0.16063559593615298
Pré,tipo_alagamentos,AM,RN,-0.26402216509955945
Pré,tipo_alagamentos,AM,RO,-0.13119956856440532
Pré,tipo_alagamentos,AM,RR,-0.12207783403495534
Pré,tipo_alagamentos,AM,RS,-0.051908685616727415
Pré,tipo_alagamentos,AM,SC,0.14968744637008363
Pré,tipo_alagamentos,AM,SE,0.08756388752873925
Pré,tipo_alagamentos,AM,SP,0.1927570761253985
Pré,tipo_alagamentos,AM,TO,-0.12242024226729631
Pré,tipo_alagamentos,AP,BA,-0.18707292338486198
Pré,tipo_alagamentos,AP,CE,-0.13464473548221945
Pré,tipo_alagamentos,AP,DF,-0.14169792832234263
Pré,tipo_alagamentos,AP,ES,-0.24641305789221207
Pré,tipo_alagamentos,AP,GO,-0.06841465831532723
Pré,tipo_alagamentos,AP,MA,-0.020746808520883578
Pré,tipo_alagamentos,AP,MG,0.045783968344631755
Pré,tipo_alagamentos,AP,MS,0.0756367377654894
Pré,tipo_alagamentos,AP,MT,-0.05386085564840257
Pré,tipo_alagamentos,AP,PA,0.058761481605596896
Pré,tipo_alagamentos,AP,PB,-0.16313918488412843
Pré,tipo_alagamentos,AP,PE,-0.1919996247446516
Pré,tipo_alagamentos,AP,PI,-0.13327457001762985
Pré,tipo_alagamentos,AP,PR,-0.053939860603548946
Pré,tipo_alagamentos,AP,RJ,-0.15046403155028237
Pré,tipo_alagamentos,AP,RN,-0.1571896506304986
Pré,tipo_alagamentos,AP,RO,-0.2560343353663042
Pré,tipo_alagamentos,AP,RR,-0.015076107829922096
Pré,tipo_alagamentos,AP,RS,-0.25871369951185336
Pré,tipo_alagamentos,AP,SC,-0.14168145003823457
Pré,tipo_alagamentos,AP,SE,-0.2122222482996433
Pré,tipo_alagamentos,AP,SP,-0.2408343396641117
Pré,tipo_alagamentos,AP,TO,0.14018831269136417
Pré,tipo_alagamentos,BA,CE,0.3030658239921362
Pré,tipo_alagamentos,BA,DF,-0.04764222564669389
Pré,tipo_alagamentos,BA,ES,0.11452284589522534
Pré,tipo_alagamentos,BA,GO,0.14234359190722162
Pré,tipo_alagamentos,BA,MA,0.07709182931473887
Pré,tipo_alagamentos,BA,MG,-0.002867500875079069
Pré,tipo_alagamentos,BA,MS,-0.0560442200940948
Pré,tipo_alagamentos,BA,MT,-0.17099888991104792
Pré,tipo_alagamentos,BA,PA,0.0920317454552208
Pré,tipo_alagamentos,BA,PB,0.1974277832522547
Pré,tipo_alagamentos,BA,PE,0.28630850171595434
Pré,tipo_alagamentos,BA,PI,0.038840581675721075
Pré,tipo_alagamentos,BA,PR,-0.14173310864685104
Pré,tipo_alagamentos,BA,RJ,0.35033324342163374
Pré,tipo_alagamentos,BA,RN,0.3511818811631012
Pré,tipo_alagamentos,BA,RO,-0.014298553424854789
Pré,tipo_alagamentos,BA,RR,-0.3083207658726386
Pré,tipo_alagamentos,BA,RS,-0.2771319313044345
Pré,tipo_alagamentos,BA,SC,-0.15084028167542207
Pré,tipo_alagamentos,BA,SE,0.13628508265745573
Pré,tipo_alagamentos,BA,SP,0.0071301386469327455
Pré,tipo_alagamentos,BA,TO,-0.2533441274085968
Pré,tipo_alagamentos,CE,DF,0.03058543796118866
Pré,tipo_alagamentos,CE,ES,0.37232206867693235
Pré,tipo_alagamentos,CE,GO,0.0011516284915223472
Pré,tipo_alagamentos,CE,MA,0.2295047481572588
Pré,tipo_alagamentos,CE,MG,0.11160308593572206
Pré,tipo_alagamentos,CE,MS,-0.1342515759369714
Pré,tipo_alagamentos,CE,MT,-0.16252383262029207
Pré,tipo_alagamentos,CE,PA,0.0954405037455608
Pré,tipo_alagamentos,CE,PB,0.3222008615020788
Pré,tipo_alagamentos,CE,PE,0.4762396732254375
Pré,tipo_alagamentos,CE,PI,0.13597551852669817
Pré,tipo_alagamentos,CE,PR,-0.07685331844625734
Pré,tipo_alagamentos,CE,RJ,0.40061016161886165
Pré,tipo_alagamentos,CE,RN,0.1143518719904559
Pré,tipo_alagamentos,CE,RO,-0.03670156791525446
Pré,tipo_alagamentos,CE,RR,-0.4133814775195735
Pré,tipo_alagamentos,CE,RS,-0.14788756266217884
Pré,tipo_alagamentos,CE,SC,-0.15774445348669175
Pré,tipo_alagamentos,CE,SE,0.02246134743393978
Pré,tipo_alagamentos,CE,SP,0.07043099362891338
Pré,tipo_alagamentos,CE,TO,-0.09411597076076049
Pré,tipo_alagamentos,DF,ES,0.10918650476376653
Pré,tipo_alagamentos,DF,GO,0.2024762131979178
Pré,tipo_alagamentos,DF,MA,-0.2677809043165121
Pré,tipo_alagamentos,DF,MG,0.5531376794701147
Pré,tipo_alagamentos,DF,MS,0.3652865886537795
Pré,tipo_alagamentos,DF,MT,-0.010671513524513586
Pré,tipo_alagamentos,DF,PA,0.00586185574233637
Pré,tipo_alagamentos,DF,PB,0.11148921336002314
Pré,tipo_alagamentos,DF,PE,-0.0184329129453261
Pré,tipo_alagamentos,DF,PI,-0.19031937305219315
Pré,tipo_alagamentos,DF,PR,0.5407783500221051
Pré,tipo_alagamentos,DF,RJ,-0.020494894987169887
Pré,tipo_alagamentos,DF,RN,0.04742272958279976
Pré,tipo_alagamentos,DF,RO,0.29563920616785677
Pré,tipo_alagamentos,DF,RR,-0.3633504781032359
Pré,tipo_alagamentos,DF,RS,0.3827166644413498
Pré,tipo_alagamentos,DF,SC,0.3381065888519419
Pré,tipo_alagamentos,DF,SE,-0.0541221115127217
Pré,tipo_alagamentos,DF,SP,0.5475942760182948
Pré,tipo_alagamentos,DF,TO,0.06667581454841388
Pré,tipo_alagamentos,ES,GO,-0.12489937687725873
Pré,tipo_alagamentos,ES,MA,0.09668872517799432
Pré,tipo_alagamentos,ES,MG,0.15678280659750946
Pré,tipo_alagamentos,ES,MS,-0.244289033983797
Pré,tipo_alagamentos,ES,MT,-0.17309430873315282
Pré,tipo_alagamentos,ES,PA,-0.09912862074151675
Pré,tipo_alagamentos,ES,PB,0.18985126262169888
Pré,tipo_alagamentos,ES,PE,0.1815695838561059
Pré,tipo_alagamentos,ES,PI,-0.0166248858647644
Pré,tipo_alagamentos,ES,PR,-0.0034914938445759973
Pré,tipo_alagamentos,ES,RJ,0.2094748249475847
Pré,tipo_alagamentos,ES,RN,0.2579863177761793
Pré,tipo_alagamentos,ES,RO,0.0037952102523049797
Pré,tipo_alagamentos,ES,RR,-0.2678311477288215
Pré,tipo_alagamentos,ES,RS,-0.029324970644647872
Pré,tipo_alagamentos,ES,SC,-0.027873477576476294
Pré,tipo_alagamentos,ES,SE,-0.004546629445674403
Pré,tipo_alagamentos,ES,SP,0.23879148487419333
Pré,tipo_alagamentos,ES,TO,-0.0337674431555929
Pré,tipo_alagamentos,GO,MA,0.044899583142299776
Pré,tipo_alagamentos,GO,MG,0.2550558303865016
Pré,tipo_alagamentos,GO,MS,0.1711388651155962
Pré,tipo_alagamentos,GO,MT,0.3201518851420118
Pré,tipo_alagamentos,GO,PA,0.0936480916229356
Pré,tipo_alagamentos,GO,PB,-0.07999536065402932
Pré,tipo_alagamentos,GO,PE,-0.11918814140425044
Pré,tipo_alagamentos,GO,PI,0.09730641689954833
Pré,tipo_alagamentos,GO,PR,0.35550707517502367
Pré,tipo_alagamentos,GO,RJ,-0.1606646945484597
Pré,tipo_alagamentos,GO,RN,0.09600755503483466
Pré,tipo_alagamentos,GO,RO,-0.044355598557880904
Pré,tipo_alagamentos,GO,RR,-0.37902465336070484
Pré,tipo_alagamentos,GO,RS,0.21269956913245885
Pré,tipo_alagamentos,GO,SC,0.1290333069437037
Pré,tipo_alagamentos,GO,SE,0.21657839605417487
Pré,tipo_alagamentos,GO,SP,0.015937778938047105
Pré,tipo_alagamentos,GO,TO,0.07852403633223178
Pré,tipo_alagamentos,MA,MG,-0.19344449496937882
Pré,tipo_alagamentos,MA,MS,-0.1421438531120336
Pré,tipo_alagamentos,MA,MT,-0.056196829090082785
Pré,tipo_alagamentos,MA,PA,0.11724358738654815
Pré,tipo_alagamentos,MA,PB,0.10400250893901831
Pré,tipo_alagamentos,MA,PE,0.03593021232873186
Pré,tipo_alagamentos,MA,PI,0.6260167183329557
Pré,tipo_alagamentos,MA,PR,-0.27443768716164574
Pré,tipo_alagamentos,MA,RJ,-0.031765417424031335
Pré,tipo_alagamentos,MA,RN,0.15758355352293704
Pré,tipo_alagamentos,MA,RO,-0.2021749011215272
Pré,tipo_alagamentos,MA,RR,-0.256876170265766
Pré,tipo_alagamentos,MA,RS,-0.1824895518710273
Pré,tipo_alagamentos,MA,SC,-0.4048198172240198
Pré,tipo_alagamentos,MA,SE,0.05051492963493095
Pré,tipo_alagamentos,MA,SP,-0.4819487364229926
Pré,tipo_alagamentos,MA,TO,0.24703900116448246
Pré,tipo_alagamentos,MG,MS,0.15129656218831575
Pré,tipo_alagamentos,MG,MT,0.029574902798756797
Pré,tipo_alagamentos,MG,PA,-0.00011972790634294091
Pré,tipo_alagamentos,MG,PB,0.03450035094534104
Pré,tipo_alagamentos,MG,PE,0.07228376494735617
Pré,tipo_alagamentos,MG,PI,-0.1925816701646333
Pré,tipo_alagamentos,MG,PR,0.5538211867108526
Pré,tipo_alagamentos,MG,RJ,0.245527363121142
Pré,tipo_alagamentos,MG,RN,0.01940822156332404
Pré,tipo_alagamentos,MG,RO,0.16678116448263167
Pré,tipo_alagamentos,MG,RR,-0.46635143513012
Pré,tipo_alagamentos,MG,RS,0.189326193422172
Pré,tipo_alagamentos,MG,SC,0.30053793686340746
Pré,tipo_alagamentos,MG,SE,-0.03964973091288913
Pré,tipo_alagamentos,MG,SP,0.6250119921090915
Pré,tipo_alagamentos,MG,TO,-0.010143995366656685
Pré,tipo_alagamentos,MS,MT,0.2442141118705608
Pré,tipo_alagamentos,MS,PA,0.1190751859040567
Pré,tipo_alagamentos,MS,PB,-0.038283784573272396
Pré,tipo_alagamentos,MS,PE,-0.07022183060822293
Pré,tipo_alagamentos,MS,PI,-0.11210739969798811
Pré,tipo_alagamentos,MS,PR,0.5515909701143605
Pré,tipo_alagamentos,MS,RJ,-0.060841446896966564
Pré,tipo_alagamentos,MS,RN,-0.22560645479905944
Pré,tipo_alagamentos,MS,RO,0.016130001731719808
Pré,tipo_alagamentos,MS,RR,-0.2895857294188601
Pré,tipo_alagamentos,MS,RS,0.4072857437003511
Pré,tipo_alagamentos,MS,SC,0.24021126612989271
Pré,tipo_alagamentos,MS,SE,-0.2225132551495781
Pré,tipo_alagamentos,MS,SP,0.21318940122077754
Pré,tipo_alagamentos,MS,TO,0.1603288096486657
Pré,tipo_alagamentos,MT,PA,-0.017746068939154095
Pré,tipo_alagamentos,MT,PB,-0.217919214026193
Pré,tipo_alagamentos,MT,PE,-0.22118444187698832
Pré,tipo_alagamentos,MT,PI,-0.17032396706610767
Pré,tipo_alagamentos,MT,PR,0.18846404271175907
Pré,tipo_alagamentos,MT,RJ,-0.05119666395371369
Pré,tipo_alagamentos,MT,RN,-0.05995870834312672
Pré,tipo_alagamentos,MT,RO,-0.008383052393297277
Pré,tipo_alagamentos,MT,RR,-0.15927143095746388
Pré,tipo_alagamentos,MT,RS,0.1113529712257967
Pré,tipo_alagamentos,MT,SC,0.015192802423363166
Pré,tipo_alagamentos,MT,SE,0.06283609829623153
Pré,tipo_alagamentos,MT,SP,-0.06655813004990017
Pré,tipo_alagamentos,MT,TO,0.14136265348692484
Pré,tipo_alagamentos,PA,PB,-0.07559533703769136
Pré,tipo_alagamentos,PA,PE,0.00740480684748949
Pré,tipo_alagamentos,PA,PI,-0.13432550062651663
Pré,tipo_alagamentos,PA,PR,0.1294683151212455
Pré,tipo_alagamentos,PA,RJ,0.14437923502287264
Pré,tipo_alagamentos,PA,RN,-0.11654877717580543
Pré,tipo_alagamentos,PA,RO,0.1626832575499452
Pré,tipo_alagamentos,PA,RR,-0.3268962176369484
Pré,tipo_alagamentos,PA,RS,0.15915070985182483
Pré,tipo_alagamentos,PA,SC,0.2245093198917635
Pré,tipo_alagamentos,PA,SE,-0.10195820289154929
Pré,tipo_alagamentos,PA,SP,0.030070033840839394
Pré,tipo_alagamentos,PA,TO,0.057894722956897786
Pré,tipo_alagamentos,PB,PE,0.3087281707636337
Pré,tipo_alagamentos,PB,PI,0.3492519677012309
Pré,tipo_alagamentos,PB,PR,0.10932250711418857
Pré,tipo_alagamentos,PB,RJ,0.013779551829276086
Pré,tipo_alagamentos,PB,RN,0.22550314848203382
Pré,tipo_alagamentos,PB,RO,0.05492072809171293
Pré,tipo_alagamentos,PB,RR,-0.2536384561869723
Pré,tipo_alagamentos,PB,RS,-0.1608946411281241
Pré,tipo_alagamentos,PB,SC,-0.04274895169494271
Pré,tipo_alagamentos,PB,SE,0.015112369372113327
Pré,tipo_alagamentos,PB,SP,0.09014175395653416
Pré,tipo_alagamentos,PB,TO,-0.21875463364149103
Pré,tipo_alagamentos,PE,PI,0.11182783545679643
Pré,tipo_alagamentos,PE,PR,-0.018749785862104015
Pré,tipo_alagamentos,PE,RJ,0.4076486721149337
Pré,tipo_alagamentos,PE,RN,-0.09111660138827929
Pré,tipo_alagamentos,PE,RO,-0.01761103255185006
Pré,tipo_alagamentos,PE,RR,-0.22051546679622555
Pré,tipo_alagamentos,PE,RS,-0.16672655355638574
Pré,tipo_alagamentos,PE,SC,-0.05839875359669035
Pré,tipo_alagamentos,PE,SE,0.033268367268152625
Pré,tipo_alagamentos,PE,SP,0.14097956866413278
Pré,tipo_alagamentos,PE,TO,-0.3029250837006004
Pré,tipo_alagamentos,PI,PR,-0.22674919694185883
Pré,tipo_alagamentos,PI,RJ,-0.24917629655863804
Pré,tipo_alagamentos,PI,RN,0.1268224599406867
Pré,tipo_alagamentos,PI,RO,-0.20533080132463966
Pré,tipo_alagamentos,PI,RR,-0.09598174273270504
Pré,tipo_alagamentos,PI,RS,-0.05525234010247199
Pré,tipo_alagamentos,PI,SC,-0.2586005670526767
Pré,tipo_alagamentos,PI,SE,0.06846897832434777
Pré,tipo_alagamentos,PI,SP,-0.36775157402538494
Pré,tipo_alagamentos,PI,TO,4.6800026788300845e-05
Pré,tipo_alagamentos,PR,RJ,0.07064972097609214
Pré,tipo_alagamentos,PR,RN,-0.07832809688647684
Pré,tipo_alagamentos,PR,RO,0.30185570487544716
Pré,tipo_alagamentos,PR,RR,-0.4610013492604374
Pré,tipo_alagamentos,PR,RS,0.5058604936520767
Pré,tipo_alagamentos,PR,SC,0.43615883211604406
Pré,tipo_alagamentos,PR,SE,-0.03134364320550026
Pré,tipo_alagamentos,PR,SP,0.583240072202475
Pré,tipo_alagamentos,PR,TO,0.072810954850917
Pré,tipo_alagamentos,RJ,RN,-0.04663104216643423
Pré,tipo_alagamentos,RJ,RO,0.17883251607313422
Pré,tipo_alagamentos,RJ,RR,-0.3113622713123957
Pré,tipo_alagamentos,RJ,RS,-0.1641904522676615
Pré,tipo_alagamentos,RJ,SC,0.1412693469211103
Pré,tipo_alagamentos,RJ,SE,-0.11309511252050414
Pré,tipo_alagamentos,RJ,SP,0.33069952701411387
Pré,tipo_alagamentos,RJ,TO,-0.14963548539888558
Pré,tipo_alagamentos,RN,RO,-0.018662736587727474
Pré,tipo_alagamentos,RN,RR,-0.24597850676412622
Pré,tipo_alagamentos,RN,RS,-0.08914454837678099
Pré,tipo_alagamentos,RN,SC,-0.14460863382376982
Pré,tipo_alagamentos,RN,SE,0.1797727894499837
Pré,tipo_alagamentos,RN,SP,-0.02244527620199804
Pré,tipo_alagamentos,RN,TO,0.01611887627137514
Pré,tipo_alagamentos,RO,RR,-0.1289693151115076
Pré,tipo_alagamentos,RO,RS,0.2590278468763812
Pré,tipo_alagamentos,RO,SC,0.43443626814874126
Pré,tipo_alagamentos,RO,SE,-0.13484878438753567
Pré,tipo_alagamentos,RO,SP,0.4687078436682106
Pré,tipo_alagamentos,RO,TO,-0.06264844304592225
Pré,tipo_alagamentos,RR,RS,-0.1683087825208914
Pré,tipo_alagamentos,RR,SC,-0.22486819682169176
Pré,tipo_alagamentos,RR,SE,-0.09691886152532435
Pré,tipo_alagamentos,RR,SP,-0.3145627300964024
Pré,tipo_alagamentos,RR,TO,-0.18298480144404278
Pré,tipo_alagamentos,RS,SC,0.46086623318604186
Pré,tipo_alagamentos,RS,SE,-0.1425361014104018
Pré,tipo_alagamentos,RS,SP,0.33789582759568115
Pré,tipo_alagamentos,RS,TO,0.2929613146517158
Pré,tipo_alagamentos,SC,SE,-0.07153113507887492
Pré,tipo_alagamentos,SC,SP,0.6130936419353304
Pré,tipo_alagamentos,SC,TO,-0.09855944582022712
Pré,tipo_alagamentos,SE,SP,-0.17532796937792336
Pré,tipo_alagamentos,SE,TO,-0.1836013413293938
Pré,tipo_alagamentos,SP,TO,-0.22387804757127663
Pré,tipo_chuvas_intensas,AC,AL,-0.09039171711612545
Pré,tipo_chuvas_intensas,AC,AM,0.3001179604115425
Pré,tipo_chuvas_intensas,AC,AP,-0.09206653446252976
Pré,tipo_chuvas_intensas,AC,BA,0.09038073446515135
Pré,tipo_chuvas_intensas,AC,CE,0.018714502732354345
Pré,tipo_chuvas_intensas,AC,DF,-0.17509276375993557
Pré,tipo_chuvas_intensas,AC,ES,0.028023011836306094
Pré,tipo_chuvas_intensas,AC,GO,-0.16278323120313634
Pré,tipo_chuvas_intensas,AC,MA,-0.01946374076163955
Pré,tipo_chuvas_intensas,AC,MG,-0.12989681040710566
Pré,tipo_chuvas_intensas,AC,MS,-0.24250372323993594
Pré,tipo_chuvas_intensas,AC,MT,-0.20437612810964534
Pré,tipo_chuvas_intensas,AC,PA,0.14581763946228476
Pré,tipo_chuvas_intensas,AC,PB,-0.07368259116153082
Pré,tipo_chuvas_intensas,AC,PE,0.10855351528518868
Pré,tipo_chuvas_intensas,AC,PI,-0.02285066949720488
Pré,tipo_chuvas_intensas,AC,PR,-0.2704426365628598
Pré,tipo_chuvas_intensas,AC,RJ,0.128325794160965
Pré,tipo_chuvas_intensas,AC,RN,-0.14500269538340904
Pré,tipo_chuvas_intensas,AC,RO,0.18085828804852208
Pré,tipo_chuvas_intensas,AC,RR,-0.009732238645032311
Pré,tipo_chuvas_intensas,AC,RS,-0.24367567473263826
Pré,tipo_chuvas_intensas,AC,SC,0.09490285470239122
Pré,tipo_chuvas_intensas,AC,SE,0.03145324835968305
Pré,tipo_chuvas_intensas,AC,SP,0.07376118037489927
Pré,tipo_chuvas_intensas,AC,TO,-0.20052873404698232
Pré,tipo_chuvas_intensas,AL,AM,-0.11304827620742189
Pré,tipo_chuvas_intensas,AL,AP,-0.14167016983295738
Pré,tipo_chuvas_intensas,AL,BA,0.49423790134599144
Pré,tipo_chuvas_intensas,AL,CE,0.31080222155471565
Pré,tipo_chuvas_intensas,AL,DF,-0.10645363381794892
Pré,tipo_chuvas_intensas,AL,ES,0.12148003802129324
Pré,tipo_chuvas_intensas,AL,GO,-0.007345576856377647
Pré,tipo_chuvas_intensas,AL,MA,0.2161520319177229
Pré,tipo_chuvas_intensas,AL,MG,-0.20729055432143215
Pré,tipo_chuvas_intensas,AL,MS,-0.06691499876325381
Pré,tipo_chuvas_intensas,AL,MT,-0.08417743680931071
Pré,tipo_chuvas_intensas,AL,PA,0.18210371730563837
Pré,tipo_chuvas_intensas,AL,PB,0.41939646346573634
Pré,tipo_chuvas_intensas,AL,PE,0.4008033304151962
Pré,tipo_chuvas_intensas,AL,PI,0.22863665281072207
Pré,tipo_chuvas_intensas,AL,PR,-0.09174375753531076
Pré,tipo_chuvas_intensas,AL,RJ,0.1267752690846161
Pré,tipo_chuvas_intensas,AL,RN,0.27792200818292223
Pré,tipo_chuvas_intensas,AL,RO,-0.2844073539688631
Pré,tipo_chuvas_intensas,AL,RR,-0.2695896295215461
Pré,tipo_chuvas_intensas,AL,RS,-0.21160811481067723
Pré,tipo_chuvas_intensas,AL,SC,-0.2744349951074467
Pré,tipo_chuvas_intensas,AL,SE,0.17363615523900883
Pré,tipo_chuvas_intensas,AL,SP,-0.18447733530278698
Pré,tipo_chuvas_intensas,AL,TO,-0.24059363707719883
Pré,tipo_chuvas_intensas,AM,AP,0.02262138089489587
Pré,tipo_chuvas_intensas,AM,BA,0.0996868519279411
Pré,tipo_chuvas_intensas,AM,CE,0.1357315964471016
Pré,tipo_chuvas_intensas,AM,DF,-0.08537169858408823
Pré,tipo_chuvas_intensas,AM,ES,0.15207982164754738
Pré,tipo_chuvas_intensas,AM,GO,-0.1408082436197861
Pré,tipo_chuvas_intensas,AM,MA,-0.06486567288674548
Pré,tipo_chuvas_intensas,AM,MG,0.006192360653435071
Pré,tipo_chuvas_intensas,AM,MS,-0.06252213203658837
Pré,tipo_chuvas_intensas,AM,MT,-0.20557533747957993
Pré,tipo_chuvas_intensas,AM,PA,0.08470353569242775
Pré,tipo_chuvas_intensas,AM,PB,-0.14202829099986003
Pré,tipo_chuvas_intensas,AM,PE,0.10717917840279924
Pré,tipo_chuvas_intensas,AM,PI,-0.16331682038655404
Pré,tipo_chuvas_intensas,AM,PR,-0.11442800785007494
Pré,tipo_chuvas_intensas,AM,RJ,0.27344275204771407
Pré,tipo_chuvas_intensas,AM,RN,-0.16739679073359798
Pré,tipo_chuvas_intensas,AM,RO,-0.01994080059804833
Pré,tipo_chuvas_intensas,AM,RR,-0.1586059574407191
Pré,tipo_chuvas_intensas,AM,RS,-0.1790634916688119
Pré,tipo_chuvas_intensas,AM,SC,0.09657871606635354
Pré,tipo_chuvas_intensas,AM,SE,0.1248774013557946
Pré,tipo_chuvas_intensas,AM,SP,0.1662291821917553
Pré,tipo_chuvas_intensas,AM,TO,-0.13445417857034597
Pré,tipo_chuvas_intensas,AP,BA,-0.1796687803030978
Pré,tipo_chuvas_intensas,AP,CE,-0.14368686001665762
Pré,tipo_chuvas_intensas,AP,DF,-0.09900369092061215
Pré,tipo_chuvas_intensas,AP,ES,-0.0929704817756246
Pré,tipo_chuvas_intensas,AP,GO,-0.10326719418080851
Pré,tipo_chuvas_intensas,AP,MA,-0.08533521806621444
Pré,tipo_chuvas_intensas,AP,MG,0.1503622943373658
Pré,tipo_chuvas_intensas,AP,MS,0.10567651240857287
Pré,tipo_chuvas_intensas,AP,MT,-0.09577347671873217
Pré,tipo_chuvas_intensas,AP,PA,0.0549530475399478
Pré,tipo_chuvas_intensas,AP,PB,-0.12420732942597958
Pré,tipo_chuvas_intensas,AP,PE,-0.17259888280412294
Pré,tipo_chuvas_intensas,AP,PI,-0.21140667091932366
Pré,tipo_chuvas_intensas,AP,PR,-0.05617807632588092
Pré,tipo_chuvas_intensas,AP,RJ,-0.06705645762734785
Pré,tipo_chuvas_intensas,AP,RN,-0.12915080964000697
Pré,tipo_chuvas_intensas,AP,RO,-0.24521360746942128
Pré,tipo_chuvas_intensas,AP,RR,-0.044137592961522865
Pré,tipo_chuvas_intensas,AP,RS,-0.2644458455203745
Pré,tipo_chuvas_intensas,AP,SC,-0.11410207393980108
Pré,tipo_chuvas_intensas,AP,SE,-0.22485297040619687
Pré,tipo_chuvas_intensas,AP,SP,-0.1036600551822697
Pré,tipo_chuvas_intensas,AP,TO,0.07122894343318335
Pré,tipo_chuvas_intensas,BA,CE,0.2982443806807932
Pré,tipo_chuvas_intensas,BA,DF,-0.07646713550924841
Pré,tipo_chuvas_intensas,BA,ES,0.12154828892742127
Pré,tipo_chuvas_intensas,BA,GO,0.1464332331094138
Pré,tipo_chuvas_intensas,BA,MA,0.15269588479990331
Pré,tipo_chuvas_intensas,BA,MG,-0.07052991613804639
Pré,tipo_chuvas_intensas,BA,MS,-0.04352857496207497
Pré,tipo_chuvas_intensas,BA,MT,-0.15645328336890546
Pré,tipo_chuvas_intensas,BA,PA,0.2122893462990791
Pré,tipo_chuvas_intensas,BA,PB,0.18283862967771544
Pré,tipo_chuvas_intensas,BA,PE,0.2647207903383026
Pré,tipo_chuvas_intensas,BA,PI,0.09463769180209033
Pré,tipo_chuvas_intensas,BA,PR,-0.13406346201310815
Pré,tipo_chuvas_intensas,BA,RJ,0.32388578679317664
Pré,tipo_chuvas_intensas,BA,RN,0.3448251905291189
Pré,tipo_chuvas_intensas,BA,RO,-0.05019237645744439
Pré,tipo_chuvas_intensas,BA,RR,-0.3312600222476922
Pré,tipo_chuvas_intensas,BA,RS,-0.2349941782382532
Pré,tipo_chuvas_intensas,BA,SC,-0.119978900811769
Pré,tipo_chuvas_intensas,BA,SE,0.16412908436206933
Pré,tipo_chuvas_intensas,BA,SP,-0.025488279731162373
Pré,tipo_chuvas_intensas,BA,TO,-0.22307652500632685
Pré,tipo_chuvas_intensas,CE,DF,-0.0028303594903500693
Pré,tipo_chuvas_intensas,CE,ES,0.3229464999925496
Pré,tipo_chuvas_intensas,CE,GO,0.01487419391020538
Pré,tipo_chuvas_intensas,CE,MA,0.2808978341494481
Pré,tipo_chuvas_intensas,CE,MG,0.06266983464491317
Pré,tipo_chuvas_intensas,CE,MS,-0.18664397277698222
Pré,tipo_chuvas_intensas,CE,MT,-0.10771993774453022
Pré,tipo_chuvas_intensas,CE,PA,0.214575996592604
Pré,tipo_chuvas_intensas,CE,PB,0.33504610618557973
Pré,tipo_chuvas_intensas,CE,PE,0.52528150271268
Pré,tipo_chuvas_intensas,CE,PI,0.16258748628703218
Pré,tipo_chuvas_intensas,CE,PR,-0.04782773576625558
Pré,tipo_chuvas_intensas,CE,RJ,0.4218686198192302
Pré,tipo_chuvas_intensas,CE,RN,0.14101901640422335
Pré,tipo_chuvas_intensas,CE,RO,-0.009737081548282645
Pré,tipo_chuvas_intensas,CE,RR,-0.43927333183805917
Pré,tipo_chuvas_intensas,CE,RS,-0.19781795492036544
Pré,tipo_chuvas_intensas,CE,SC,-0.010704810428187498
Pré,tipo_chuvas_intensas,CE,SE,0.015980298568556924
Pré,tipo_chuvas_intensas,CE,SP,0.040258807267736174
Pré,tipo_chuvas_intensas,CE,TO,-0.13281809420479906
Pré,tipo_chuvas_intensas,DF,ES,0.10899219996357422
Pré,tipo_chuvas_intensas,DF,GO,0.17766736709148284
Pré,tipo_chuvas_intensas,DF,MA,-0.2676193727940041
Pré,tipo_chuvas_intensas,DF,MG,0.5182103106918073
Pré,tipo_chuvas_intensas,DF,MS,0.4267234552336352
Pré,tipo_chuvas_intensas,DF,MT,0.015860186307210367
Pré,tipo_chuvas_intensas,DF,PA,0.02854054366861842
Pré,tipo_chuvas_intensas,DF,PB,0.08747064702323178
Pré,tipo_chuvas_intensas,DF,PE,-0.05194421861058574
Pré,tipo_chuvas_intensas,DF,PI,-0.18064316990519794
Pré,tipo_chuvas_intensas,DF,PR,0.5197309768957346
Pré,tipo_chuvas_intensas,DF,RJ,0.07507878228184262
Pré,tipo_chuvas_intensas,DF,RN,-0.003010195183293328
Pré,tipo_chuvas_intensas,DF,RO,0.3299358586663965
Pré,tipo_chuvas_intensas,DF,RR,-0.3538023188906426
Pré,tipo_chuvas_intensas,DF,RS,0.39984600809940135
Pré,tipo_chuvas_intensas,DF,SC,0.5745826079444045
Pré,tipo_chuvas_intensas,DF,SE,-0.07773589398869751
Pré,tipo_chuvas_intensas,DF,SP,0.5363259987155634
Pré,tipo_chuvas_intensas,DF,TO,0.07230978673920437
Pré,tipo_chuvas_intensas,ES,GO,-0.05661306266142975
Pré,tipo_chuvas_intensas,ES,MA,0.11095864991635233
Pré,tipo_chuvas_intensas,ES,MG,0.22149653451074106
Pré,tipo_chuvas_intensas,ES,MS,-0.16510580512274617
Pré,tipo_chuvas_intensas,ES,MT,-0.13092887567624265
Pré,tipo_chuvas_intensas,ES,PA,0.04991924729537697
Pré,tipo_chuvas_intensas,ES,PB,0.1175066773573279
Pré,tipo_chuvas_intensas,ES,PE,0.12407954484609963
Pré,tipo_chuvas_intensas,ES,PI,-0.009897992958763445
Pré,tipo_chuvas_intensas,ES,PR,-0.022346436336523397
Pré,tipo_chuvas_intensas,ES,RJ,0.21335119136512726
Pré,tipo_chuvas_intensas,ES,RN,0.24754864992143957
Pré,tipo_chuvas_intensas,ES,RO,-0.026466673376765688
Pré,tipo_chuvas_intensas,ES,RR,-0.38042016162644215
Pré,tipo_chuvas_intensas,ES,RS,-0.01205816495701293
Pré,tipo_chuvas_intensas,ES,SC,0.11358131934724616
Pré,tipo_chuvas_intensas,ES,SE,0.02274084947311746
Pré,tipo_chuvas_intensas,ES,SP,0.19632626055469635
Pré,tipo_chuvas_intensas,ES,TO,0.04813704496078714
Pré,tipo_chuvas_intensas,GO,MA,0.07220750622207682
Pré,tipo_chuvas_intensas,GO,MG,0.23229098973198528
Pré,tipo_chuvas_intensas,GO,MS,0.32365167553485097
Pré,tipo_chuvas_intensas,GO,MT,0.35072943268217777
Pré,tipo_chuvas_intensas,GO,PA,0.17260915062796478
Pré,tipo_chuvas_intensas,GO,PB,-0.09625575046796864
Pré,tipo_chuvas_intensas,GO,PE,-0.12219176661345678
Pré,tipo_chuvas_intensas,GO,PI,0.12485749054716415
Pré,tipo_chuvas_intensas,GO,PR,0.34246665287292305
Pré,tipo_chuvas_intensas,GO,RJ,-0.15226551509192332
Pré,tipo_chuvas_intensas,GO,RN,0.08446724167913658
Pré,tipo_chuvas_intensas,GO,RO,-0.08937513205271203
Pré,tipo_chuvas_intensas,GO,RR,-0.3773010704294322
Pré,tipo_chuvas_intensas,GO,RS,0.24385312579394913
Pré,tipo_chuvas_intensas,GO,SC,0.14246871131464817
Pré,tipo_chuvas_intensas,GO,SE,0.23340829010810366
Pré,tipo_chuvas_intensas,GO,SP,-0.01141342790845094
Pré,tipo_chuvas_intensas,GO,TO,0.08786944901740716
Pré,tipo_chuvas_intensas,MA,MG,-0.18012683865237616
Pré,tipo_chuvas_intensas,MA,MS,-0.23181132494061713
Pré,tipo_chuvas_intensas,MA,MT,-0.0419443015884509
Pré,tipo_chuvas_intensas,MA,PA,0.09690767083930427
Pré,tipo_chuvas_intensas,MA,PB,0.16048065456451224
Pré,tipo_chuvas_intensas,MA,PE,0.08055859750779108
Pré,tipo_chuvas_intensas,MA,PI,0.6415116252788363
Pré,tipo_chuvas_intensas,MA,PR,-0.2324743751937728
Pré,tipo_chuvas_intensas,MA,RJ,0.006035667178849184
Pré,tipo_chuvas_intensas,MA,RN,0.19597169621309796
Pré,tipo_chuvas_intensas,MA,RO,-0.23378844203072371
Pré,tipo_chuvas_intensas,MA,RR,-0.2749821736966647
Pré,tipo_chuvas_intensas,MA,RS,-0.18847275941741384
Pré,tipo_chuvas_intensas,MA,SC,-0.4258104167852865
Pré,tipo_chuvas_intensas,MA,SE,0.0774989741679628
Pré,tipo_chuvas_intensas,MA,SP,-0.4808361524231328
Pré,tipo_chuvas_intensas,MA,TO,0.2376878062351044
Pré,tipo_chuvas_intensas,MG,MS,0.32740937830896816
Pré,tipo_chuvas_intensas,MG,MT,0.08764112015097543
Pré,tipo_chuvas_intensas,MG,PA,0.13531133329402667
Pré,tipo_chuvas_intensas,MG,PB,-0.06032840209923431
Pré,tipo_chuvas_intensas,MG,PE,-0.00927541922016167
Pré,tipo_chuvas_intensas,MG,PI,-0.1771198729008852
Pré,tipo_chuvas_intensas,MG,PR,0.503417146150484
Pré,tipo_chuvas_intensas,MG,RJ,0.337781484337156
Pré,tipo_chuvas_intensas,MG,RN,-0.04176856753972172
Pré,tipo_chuvas_intensas,MG,RO,0.17849860416163793
Pré,tipo_chuvas_intensas,MG,RR,-0.48140828085892196
Pré,tipo_chuvas_intensas,MG,RS,0.18726654912587135
Pré,tipo_chuvas_intensas,MG,SC,0.5110296562994723
Pré,tipo_chuvas_intensas,MG,SE,-0.0653239098377881
Pré,tipo_chuvas_intensas,MG,SP,0.5835356841254691
Pré,tipo_chuvas_intensas,MG,TO,0.022399924202366618
Pré,tipo_chuvas_intensas,MS,MT,0.16869396953491628
Pré,tipo_chuvas_intensas,MS,PA,0.0688401585578809
Pré,tipo_chuvas_intensas,MS,PB,-0.03559485491462668
Pré,tipo_chuvas_intensas,MS,PE,-0.17614670970983498
Pré,tipo_chuvas_intensas,MS,PI,-0.14879759560801017
Pré,tipo_chuvas_intensas,MS,PR,0.6393951205357783
Pré,tipo_chuvas_intensas,MS,RJ,-0.06503497360895595
Pré,tipo_chuvas_intensas,MS,RN,-0.22547105735842388
Pré,tipo_chuvas_intensas,MS,RO,-0.06448607827581183
Pré,tipo_chuvas_intensas,MS,RR,-0.2754775970508673
Pré,tipo_chuvas_intensas,MS,RS,0.45023249597606807
Pré,tipo_chuvas_intensas,MS,SC,0.43210510833415194
Pré,tipo_chuvas_intensas,MS,SE,-0.12854351279507012
Pré,tipo_chuvas_intensas,MS,SP,0.28186293388350825
Pré,tipo_chuvas_intensas,MS,TO,0.16692784755275755
Pré,tipo_chuvas_intensas,MT,PA,-0.0863322008911277
Pré,tipo_chuvas_intensas,MT,PB,-0.2005431822692244
Pré,tipo_chuvas_intensas,MT,PE,-0.19867906424853782
Pré,tipo_chuvas_intensas,MT,PI,-0.1478925721392766
Pré,tipo_chuvas_intensas,MT,PR,0.20517814482876748
Pré,tipo_chuvas_intensas,MT,RJ,-0.10294211239323343
Pré,tipo_chuvas_intensas,MT,RN,-0.03986180429181128
Pré,tipo_chuvas_intensas,MT,RO,-0.1027533957783585
Pré,tipo_chuvas_intensas,MT,RR,-0.157662318446147
Pré,tipo_chuvas_intensas,MT,RS,0.15178185701491545
Pré,tipo_chuvas_intensas,MT,SC,0.022748075609282103
Pré,tipo_chuvas_intensas,MT,SE,0.11232604740172941
Pré,tipo_chuvas_intensas,MT,SP,-0.06322614098490013
Pré,tipo_chuvas_intensas,MT,TO,0.15699326915542025
Pré,tipo_chuvas_intensas,PA,PB,0.07490111871177535
Pré,tipo_chuvas_intensas,PA,PE,0.13507725329107412
Pré,tipo_chuvas_intensas,PA,PI,-0.11484713780062138
Pré,tipo_chuvas_intensas,PA,PR,0.08544392825288206
Pré,tipo_chuvas_intensas,PA,RJ,0.20210397169197067
Pré,tipo_chuvas_intensas,PA,RN,0.049975742029313104
Pré,tipo_chuvas_intensas,PA,RO,0.056179770170692304
Pré,tipo_chuvas_intensas,PA,RR,-0.4008608175630127
Pré,tipo_chuvas_intensas,PA,RS,0.027191583356028927
Pré,tipo_chuvas_intensas,PA,SC,0.13772806894089815
Pré,tipo_chuvas_intensas,PA,SE,0.0245199351190081
Pré,tipo_chuvas_intensas,PA,SP,0.08792898861060233
Pré,tipo_chuvas_intensas,PA,TO,-0.06961956555166675
Pré,tipo_chuvas_intensas,PB,PE,0.32783790865171814
Pré,tipo_chuvas_intensas,PB,PI,0.36263340740914235
Pré,tipo_chuvas_intensas,PB,PR,0.10050533881129613
Pré,tipo_chuvas_intensas,PB,RJ,-0.007647132062572175
Pré,tipo_chuvas_intensas,PB,RN,0.18780114507958603
Pré,tipo_chuvas_intensas,PB,RO,0.08009513975719652
Pré,tipo_chuvas_intensas,PB,RR,-0.2774465122522899
Pré,tipo_chuvas_intensas,PB,RS,-0.14537393738491322
Pré,tipo_chuvas_intensas,PB,SC,0.04118759096505793
Pré,tipo_chuvas_intensas,PB,SE,0.0018976597408525094
Pré,tipo_chuvas_intensas,PB,SP,0.055478300078492866
Pré,tipo_chuvas_intensas,PB,TO,-0.223679968503298
Pré,tipo_chuvas_intensas,PE,PI,0.13330011571017675
Pré,tipo_chuvas_intensas,PE,PR,-0.010935100930447602
Pré,tipo_chuvas_intensas,PE,RJ,0.3881989055906837
Pré,tipo_chuvas_intensas,PE,RN,-0.12258364251830556
Pré,tipo_chuvas_intensas,PE,RO,-0.03674415092340771
Pré,tipo_chuvas_intensas,PE,RR,-0.23179631612609772
Pré,tipo_chuvas_intensas,PE,RS,-0.14890720755095865
Pré,tipo_chuvas_intensas,PE,SC,-0.01767338410806828
Pré,tipo_chuvas_intensas,PE,SE,0.010798421320895856
Pré,tipo_chuvas_intensas,PE,SP,0.11730636647490902
Pré,tipo_chuvas_intensas,PE,TO,-0.2894111940591412
Pré,tipo_chuvas_intensas,PI,PR,-0.19038467664146033
Pré,tipo_chuvas_intensas,PI,RJ,-0.2111707141559393
Pré,tipo_chuvas_intensas,PI,RN,0.13586141032790905
Pré,tipo_chuvas_intensas,PI,RO,-0.20235094811576115
Pré,tipo_chuvas_intensas,PI,RR,-0.1201216758045439
Pré,tipo_chuvas_intensas,PI,RS,-0.04062137747152096
Pré,tipo_chuvas_intensas,PI,SC,-0.27562380149309834
Pré,tipo_chuvas_intensas,PI,SE,0.06695989386536816
Pré,tipo_chuvas_intensas,PI,SP,-0.36386177888759497
Pré,tipo_chuvas_intensas,PI,TO,-0.0015980654678568235
Pré,tipo_chuvas_intensas,PR,RJ,0.12012737104350943
Pré,tipo_chuvas_intensas,PR,RN,-0.10525231777142387
Pré,tipo_chuvas_intensas,PR,RO,0.24405922512808054
Pré,tipo_chuvas_intensas,PR,RR,-0.45007221348956006
Pré,tipo_chuvas_intensas,PR,RS,0.5528857934001278
Pré,tipo_chuvas_intensas,PR,SC,0.6388940197209745
Pré,tipo_chuvas_intensas,PR,SE,-0.01007642379599318
Pré,tipo_chuvas_intensas,PR,SP,0.5534464410938481
Pré,tipo_chuvas_intensas,PR,TO,0.1059726233663174
Pré,tipo_chuvas_intensas,RJ,RN,-0.052248373247217865
Pré,tipo_chuvas_intensas,RJ,RO,0.20810926908077157
Pré,tipo_chuvas_intensas,RJ,RR,-0.38150369661211797
Pré,tipo_chuvas_intensas,RJ,RS,-0.15398223481650952
Pré,tipo_chuvas_intensas,RJ,SC,0.2531426504559754
Pré,tipo_chuvas_intensas,RJ,SE,-0.17581798632349868
Pré,tipo_chuvas_intensas,RJ,SP,0.3869903427421041
Pré,tipo_chuvas_intensas,RJ,TO,-0.1003746608775309
Pré,tipo_chuvas_intensas,RN,RO,-0.015261455997014787
Pré,tipo_chuvas_intensas,RN,RR,-0.25975346574349306
Pré,tipo_chuvas_intensas,RN,RS,-0.10956282332638184
Pré,tipo_chuvas_intensas,RN,SC,-0.14345932866414912
Pré,tipo_chuvas_intensas,RN,SE,0.167189951233494
Pré,tipo_chuvas_intensas,RN,SP,-0.08203887451425672
Pré,tipo_chuvas_intensas,RN,TO,0.012917712869444249
Pré,tipo_chuvas_intensas,RO,RR,-0.11487783207630292
Pré,tipo_chuvas_intensas,RO,RS,0.2997906622464997
Pré,tipo_chuvas_intensas,RO,SC,0.5314856249002258
Pré,tipo_chuvas_intensas,RO,SE,-0.10433615270735969
Pré,tipo_chuvas_intensas,RO,SP,0.5209048948561817
Pré,tipo_chuvas_intensas,RO,TO,-0.049579649211134766
Pré,tipo_chuvas_intensas,RR,RS,-0.15836691481253343
Pré,tipo_chuvas_intensas,RR,SC,-0.3654543883666212
Pré,tipo_chuvas_intensas,RR,SE,-0.12468050909076073
Pré,tipo_chuvas_intensas,RR,SP,-0.32434022748972946
Pré,tipo_chuvas_intensas,RR,TO,-0.17259164215356812
Pré,tipo_chuvas_intensas,RS,SC,0.4792593034340527
Pré,tipo_chuvas_intensas,RS,SE,-0.12827100375268669
Pré,tipo_chuvas_intensas,RS,SP,0.3255634286553689
Pré,tipo_chuvas_intensas,RS,TO,0.3106140166650614
Pré,tipo_chuvas_intensas,SC,SE,-0.21367387246874125
Pré,tipo_chuvas_intensas,SC,SP,0.778185492234243
Pré,tipo_chuvas_intensas,SC,TO,-0.07267659787051822
Pré,tipo_chuvas_intensas,SE,SP,-0.16667352582172965
Pré,tipo_chuvas_intensas,SE,TO,-0.16518226887972015
Pré,tipo_chuvas_intensas,SP,TO,-0.22377916785342605
Pré,tipo_doencas_infecciosas,AC,AL,-0.09211170493870695
Pré,tipo_doencas_infecciosas,AC,AM,0.2999025246028672
Pré,tipo_doencas_infecciosas,AC,AP,-0.09208706239503908
Pré,tipo_doencas_infecciosas,AC,BA,0.08989448674708196
Pré,tipo_doencas_infecciosas,AC,CE,0.018355394976745102
Pré,tipo_doencas_infecciosas,AC,DF,-0.17538775625279918
Pré,tipo_doencas_infecciosas,AC,ES,0.02752085492802223
Pré,tipo_doencas_infecciosas,AC,GO,-0.16404649823656403
Pré,tipo_doencas_infecciosas,AC,MA,-0.02320773602203742
Pré,tipo_doencas_infecciosas,AC,MG,-0.12696309007161294
Pré,tipo_doencas_infecciosas,AC,MS,-0.21864294395502504
Pré,tipo_doencas_infecciosas,AC,MT,-0.2062912452435083
Pré,tipo_doencas_infecciosas,AC,PA,0.14208684250038642
Pré,tipo_doencas_infecciosas,AC,PB,-0.07267739732183977
Pré,tipo_doencas_infecciosas,AC,PE,0.10828337194630006
Pré,tipo_doencas_infecciosas,AC,PI,-0.024007896889117555
Pré,tipo_doencas_infecciosas,AC,PR,-0.2564215514622556
Pré,tipo_doencas_infecciosas,AC,RJ,0.13074463655392726
Pré,tipo_doencas_infecciosas,AC,RN,-0.14443825999700033
Pré,tipo_doencas_infecciosas,AC,RO,0.17983870544105185
Pré,tipo_doencas_infecciosas,AC,RR,-0.00934826920271844
Pré,tipo_doencas_infecciosas,AC,RS,-0.24938499800993602
Pré,tipo_doencas_infecciosas,AC,SC,0.08894169268215991
Pré,tipo_doencas_infecciosas,AC,SE,0.03137841545385702
Pré,tipo_doencas_infecciosas,AC,SP,0.0741943994951849
Pré,tipo_doencas_infecciosas,AC,TO,-0.20263477348172843
Pré,tipo_doencas_infecciosas,AL,AM,-0.11490203348843168
Pré,tipo_doencas_infecciosas,AL,AP,-0.14424558717691535
Pré,tipo_doencas_infecciosas,AL,BA,0.49507917433848675
Pré,tipo_doencas_infecciosas,AL,CE,0.3171264094211058
Pré,tipo_doencas_infecciosas,AL,DF,-0.11284741573211589
Pré,tipo_doencas_infecciosas,AL,ES,0.12411142481609012
Pré,tipo_doencas_infecciosas,AL,GO,-0.007962538593957938
Pré,tipo_doencas_infecciosas,AL,MA,0.23789348818296993
Pré,tipo_doencas_infecciosas,AL,MG,-0.20859706493613858
Pré,tipo_doencas_infecciosas,AL,MS,-0.07911158293608107
Pré,tipo_doencas_infecciosas,AL,MT,-0.08896075169744103
Pré,tipo_doencas_infecciosas,AL,PA,0.17352705384846132
Pré,tipo_doencas_infecciosas,AL,PB,0.41979576835369375
Pré,tipo_doencas_infecciosas,AL,PE,0.4060153498443126
Pré,tipo_doencas_infecciosas,AL,PI,0.2508534077667188
Pré,tipo_doencas_infecciosas,AL,PR,-0.10838618726617419
Pré,tipo_doencas_infecciosas,AL,RJ,0.10905417156476184
Pré,tipo_doencas_infecciosas,AL,RN,0.27996234637628653
Pré,tipo_doencas_infecciosas,AL,RO,-0.29184493988317
Pré,tipo_doencas_infecciosas,AL,RR,-0.2674486925786145
Pré,tipo_doencas_infecciosas,AL,RS,-0.21686661395837126
Pré,tipo_doencas_infecciosas,AL,SC,-0.2945527567058017
Pré,tipo_doencas_infecciosas,AL,SE,0.18102949644526256
Pré,tipo_doencas_infecciosas,AL,SP,-0.1960065252949721
Pré,tipo_doencas_infecciosas,AL,TO,-0.23798992270373653
Pré,tipo_doencas_infecciosas,AM,AP,0.02277592776072994
Pré,tipo_doencas_infecciosas,AM,BA,0.09665774261257769
Pré,tipo_doencas_infecciosas,AM,CE,0.13495424979951798
Pré,tipo_doencas_infecciosas,AM,DF,-0.08434176658648022
Pré,tipo_doencas_infecciosas,AM,ES,0.1523403163643328
Pré,tipo_doencas_infecciosas,AM,GO,-0.14122124965757796
Pré,tipo_doencas_infecciosas,AM,MA,-0.06754908490318991
Pré,tipo_doencas_infecciosas,AM,MG,0.00631069884183678
Pré,tipo_doencas_infecciosas,AM,MS,-0.03341905174883297
Pré,tipo_doencas_infecciosas,AM,MT,-0.2046201974812327
Pré,tipo_doencas_infecciosas,AM,PA,0.08443434213131934
Pré,tipo_doencas_infecciosas,AM,PB,-0.14192362048649973
Pré,tipo_doencas_infecciosas,AM,PE,0.10670135042004261
Pré,tipo_doencas_infecciosas,AM,PI,-0.16501649737247917
Pré,tipo_doencas_infecciosas,AM,PR,-0.13041268064225756
Pré,tipo_doencas_infecciosas,AM,RJ,0.27222956990336833
Pré,tipo_doencas_infecciosas,AM,RN,-0.16861956003417874
Pré,tipo_doencas_infecciosas,AM,RO,-0.021311491853297674
Pré,tipo_doencas_infecciosas,AM,RR,-0.15836506413141874
Pré,tipo_doencas_infecciosas,AM,RS,-0.178975266069944
Pré,tipo_doencas_infecciosas,AM,SC,0.11213850740415157
Pré,tipo_doencas_infecciosas,AM,SE,0.12244116608783627
Pré,tipo_doencas_infecciosas,AM,SP,0.1654886357718461
Pré,tipo_doencas_infecciosas,AM,TO,-0.1356281687921857
Pré,tipo_doencas_infecciosas,AP,BA,-0.18020500135505052
Pré,tipo_doencas_infecciosas,AP,CE,-0.14394727064578727
Pré,tipo_doencas_infecciosas,AP,DF,-0.09767895776733429
Pré,tipo_doencas_infecciosas,AP,ES,-0.09327504320679834
Pré,tipo_doencas_infecciosas,AP,GO,-0.10246133945362018
Pré,tipo_doencas_infecciosas,AP,MA,-0.08666712883000782
Pré,tipo_doencas_infecciosas,AP,MG,0.15084259960842383
Pré,tipo_doencas_infecciosas,AP,MS,0.10249280814045976
Pré,tipo_doencas_infecciosas,AP,MT,-0.09529811795058787
Pré,tipo_doencas_infecciosas,AP,PA,0.05357640766926695
Pré,tipo_doencas_infecciosas,AP,PB,-0.1234346933711492
Pré,tipo_doencas_infecciosas,AP,PE,-0.1720947033008012
Pré,tipo_doencas_infecciosas,AP,PI,-0.2117453591706953
Pré,tipo_doencas_infecciosas,AP,PR,-0.04905609020343592
Pré,tipo_doencas_infecciosas,AP,RJ,-0.06712143671123147
Pré,tipo_doencas_infecciosas,AP,RN,-0.12956132371251178
Pré,tipo_doencas_infecciosas,AP,RO,-0.24444410080332898
Pré,tipo_doencas_infecciosas,AP,RR,-0.043834868554256556
Pré,tipo_doencas_infecciosas,AP,RS,-0.2667927151609401
Pré,tipo_doencas_infecciosas,AP,SC,-0.11139681372362355
Pré,tipo_doencas_infecciosas,AP,SE,-0.22508865869170774
Pré,tipo_doencas_infecciosas,AP,SP,-0.10266603217896707
Pré,tipo_doencas_infecciosas,AP,TO,0.07053656731192047
Pré,tipo_doencas_infecciosas,BA,CE,0.29944404593364693
Pré,tipo_doencas_infecciosas,BA,DF,-0.07777189759634617
Pré,tipo_doencas_infecciosas,BA,ES,0.1212668699414958
Pré,tipo_doencas_infecciosas,BA,GO,0.14460648963949332
Pré,tipo_doencas_infecciosas,BA,MA,0.14948606466575617
Pré,tipo_doencas_infecciosas,BA,MG,-0.07112870881161766
Pré,tipo_doencas_infecciosas,BA,MS,-0.020670938605220932
Pré,tipo_doencas_infecciosas,BA,MT,-0.15918301343621202
Pré,tipo_doencas_infecciosas,BA,PA,0.21412296290999602
Pré,tipo_doencas_infecciosas,BA,PB,0.1841864218673153
Pré,tipo_doencas_infecciosas,BA,PE,0.2644355277259738
Pré,tipo_doencas_infecciosas,BA,PI,0.09338608549365635
Pré,tipo_doencas_infecciosas,BA,PR,-0.14281972401108892
Pré,tipo_doencas_infecciosas,BA,RJ,0.3205668437380913
Pré,tipo_doencas_infecciosas,BA,RN,0.3450825119741491
Pré,tipo_doencas_infecciosas,BA,RO,-0.052274415242484946
Pré,tipo_doencas_infecciosas,BA,RR,-0.328700214773882
Pré,tipo_doencas_infecciosas,BA,RS,-0.237736495881527
Pré,tipo_doencas_infecciosas,BA,SC,-0.12207810746661708
Pré,tipo_doencas_infecciosas,BA,SE,0.16495468860018317
Pré,tipo_doencas_infecciosas,BA,SP,-0.023688896967485707
Pré,tipo_doencas_infecciosas,BA,TO,-0.22602048998843033
Pré,tipo_doencas_infecciosas,CE,DF,0.0016612662002671176
Pré,tipo_doencas_infecciosas,CE,ES,0.32488903709353
Pré,tipo_doencas_infecciosas,CE,GO,0.01612829288229465
Pré,tipo_doencas_infecciosas,CE,MA,0.27770619257424073
Pré,tipo_doencas_infecciosas,CE,MG,0.0678024687591344
Pré,tipo_doencas_infecciosas,CE,MS,-0.1717050992151513
Pré,tipo_doencas_infecciosas,CE,MT,-0.11754404490472663
Pré,tipo_doencas_infecciosas,CE,PA,0.2155369094130381
Pré,tipo_doencas_infecciosas,CE,PB,0.33671316787693684
Pré,tipo_doencas_infecciosas,CE,PE,0.5255673153360491
Pré,tipo_doencas_infecciosas,CE,PI,0.16159183510498967
Pré,tipo_doencas_infecciosas,CE,PR,-0.055486419571524045
Pré,tipo_doencas_infecciosas,CE,RJ,0.4119715167811743
Pré,tipo_doencas_infecciosas,CE,RN,0.14267658678336098
Pré,tipo_doencas_infecciosas,CE,RO,-0.009638311009259668
Pré,tipo_doencas_infecciosas,CE,RR,-0.4380627217616828
Pré,tipo_doencas_infecciosas,CE,RS,-0.19721928772044922
Pré,tipo_doencas_infecciosas,CE,SC,-0.01023284104287817
Pré,tipo_doencas_infecciosas,CE,SE,0.016281726039623863
Pré,tipo_doencas_infecciosas,CE,SP,0.04522376724754388
Pré,tipo_doencas_infecciosas,CE,TO,-0.13412597505510462
Pré,tipo_doencas_infecciosas,DF,ES,0.1122035414638594
Pré,tipo_doencas_infecciosas,DF,GO,0.17732171564335045
Pré,tipo_doencas_infecciosas,DF,MA,-0.26660680075254795
Pré,tipo_doencas_infecciosas,DF,MG,0.5192802543080925
Pré,tipo_doencas_infecciosas,DF,MS,0.40142156907149307
Pré,tipo_doencas_infecciosas,DF,MT,0.014664065760701962
Pré,tipo_doencas_infecciosas,DF,PA,0.03674477559666669
Pré,tipo_doencas_infecciosas,DF,PB,0.09126324857725629
Pré,tipo_doencas_infecciosas,DF,PE,-0.04964237357913525
Pré,tipo_doencas_infecciosas,DF,PI,-0.18118055579004264
Pré,tipo_doencas_infecciosas,DF,PR,0.5328035475876004
Pré,tipo_doencas_infecciosas,DF,RJ,0.07731635784937407
Pré,tipo_doencas_infecciosas,DF,RN,-0.0011872144159949063
Pré,tipo_doencas_infecciosas,DF,RO,0.33163413374351053
Pré,tipo_doencas_infecciosas,DF,RR,-0.35333470169579245
Pré,tipo_doencas_infecciosas,DF,RS,0.3956010620258344
Pré,tipo_doencas_infecciosas,DF,SC,0.5652702964561351
Pré,tipo_doencas_infecciosas,DF,SE,-0.07916074170566242
Pré,tipo_doencas_infecciosas,DF,SP,0.5375010429157203
Pré,tipo_doencas_infecciosas,DF,TO,0.07063937681479009
Pré,tipo_doencas_infecciosas,ES,GO,-0.05537424290127641
Pré,tipo_doencas_infecciosas,ES,MA,0.1139547296384881
Pré,tipo_doencas_infecciosas,ES,MG,0.21829512892490205
Pré,tipo_doencas_infecciosas,ES,MS,-0.15635644127265735
Pré,tipo_doencas_infecciosas,ES,MT,-0.1337250705968563
Pré,tipo_doencas_infecciosas,ES,PA,0.056093773722113986
Pré,tipo_doencas_infecciosas,ES,PB,0.12274989937118436
Pré,tipo_doencas_infecciosas,ES,PE,0.12440241933038888
Pré,tipo_doencas_infecciosas,ES,PI,-0.008418177152719848
Pré,tipo_doencas_infecciosas,ES,PR,-0.02881100351761908
Pré,tipo_doencas_infecciosas,ES,RJ,0.19384662073906578
Pré,tipo_doencas_infecciosas,ES,RN,0.24805620251135035
Pré,tipo_doencas_infecciosas,ES,RO,-0.027836267346736228
Pré,tipo_doencas_infecciosas,ES,RR,-0.3797796149985387
Pré,tipo_doencas_infecciosas,ES,RS,-0.008037702730389661
Pré,tipo_doencas_infecciosas,ES,SC,0.10276626650990597
Pré,tipo_doencas_infecciosas,ES,SE,0.023704720188119446
Pré,tipo_doencas_infecciosas,ES,SP,0.1938724149664625
Pré,tipo_doencas_infecciosas,ES,TO,0.049666233247269445
Pré,tipo_doencas_infecciosas,GO,MA,0.06999252331923539
Pré,tipo_doencas_infecciosas,GO,MG,0.2318412357334887
Pré,tipo_doencas_infecciosas,GO,MS,0.302398532315171
Pré,tipo_doencas_infecciosas,GO,MT,0.35581533138686766
Pré,tipo_doencas_infecciosas,GO,PA,0.1771987052726742
Pré,tipo_doencas_infecciosas,GO,PB,-0.09438950439076592
Pré,tipo_doencas_infecciosas,GO,PE,-0.12193587957711131
Pré,tipo_doencas_infecciosas,GO,PI,0.12388875522936571
Pré,tipo_doencas_infecciosas,GO,PR,0.3394695480305421
Pré,tipo_doencas_infecciosas,GO,RJ,-0.14346508564659416
Pré,tipo_doencas_infecciosas,GO,RN,0.08486908973202993
Pré,tipo_doencas_infecciosas,GO,RO,-0.09156384620415434
Pré,tipo_doencas_infecciosas,GO,RR,-0.37687664875377874
Pré,tipo_doencas_infecciosas,GO,RS,0.24200129567281664
Pré,tipo_doencas_infecciosas,GO,SC,0.1405074752353474
Pré,tipo_doencas_infecciosas,GO,SE,0.23288644580084608
Pré,tipo_doencas_infecciosas,GO,SP,-0.010836950085990964
Pré,tipo_doencas_infecciosas,GO,TO,0.08549967256608798
Pré,tipo_doencas_infecciosas,MA,MG,-0.1816734419914803
Pré,tipo_doencas_infecciosas,MA,MS,-0.2076999691048219
Pré,tipo_doencas_infecciosas,MA,MT,-0.04241861827364966
Pré,tipo_doencas_infecciosas,MA,PA,0.09408420181061104
Pré,tipo_doencas_infecciosas,MA,PB,0.15713942630471905
Pré,tipo_doencas_infecciosas,MA,PE,0.07636266451219767
Pré,tipo_doencas_infecciosas,MA,PI,0.6402011244420133
Pré,tipo_doencas_infecciosas,MA,PR,-0.23439111005381277
Pré,tipo_doencas_infecciosas,MA,RJ,-0.002035449567033913
Pré,tipo_doencas_infecciosas,MA,RN,0.1950436853406354
Pré,tipo_doencas_infecciosas,MA,RO,-0.23793946226567392
Pré,tipo_doencas_infecciosas,MA,RR,-0.27547137622171675
Pré,tipo_doencas_infecciosas,MA,RS,-0.1872411460153286
Pré,tipo_doencas_infecciosas,MA,SC,-0.4199146685153993
Pré,tipo_doencas_infecciosas,MA,SE,0.07436538485295706
Pré,tipo_doencas_infecciosas,MA,SP,-0.4814649212142594
Pré,tipo_doencas_infecciosas,MA,TO,0.2374162586332785
Pré,tipo_doencas_infecciosas,MG,MS,0.3061818320669284
Pré,tipo_doencas_infecciosas,MG,MT,0.08625014691997374
Pré,tipo_doencas_infecciosas,MG,PA,0.14537328258128088
Pré,tipo_doencas_infecciosas,MG,PB,-0.054804072898997074
Pré,tipo_doencas_infecciosas,MG,PE,-0.00525404343933601
Pré,tipo_doencas_infecciosas,MG,PI,-0.17950031963922386
Pré,tipo_doencas_infecciosas,MG,PR,0.51510478021579
Pré,tipo_doencas_infecciosas,MG,RJ,0.33896402899428696
Pré,tipo_doencas_infecciosas,MG,RN,-0.04309264296131514
Pré,tipo_doencas_infecciosas,MG,RO,0.18011179062037339
Pré,tipo_doencas_infecciosas,MG,RR,-0.4802255279201982
Pré,tipo_doencas_infecciosas,MG,RS,0.1839434640967892
Pré,tipo_doencas_infecciosas,MG,SC,0.5107271517744336
Pré,tipo_doencas_infecciosas,MG,SE,-0.0673732906937992
Pré,tipo_doencas_infecciosas,MG,SP,0.5841831876223281
Pré,tipo_doencas_infecciosas,MG,TO,0.020423252932812566
Pré,tipo_doencas_infecciosas,MS,MT,0.18425838743382794
Pré,tipo_doencas_infecciosas,MS,PA,0.08801493000266046
Pré,tipo_doencas_infecciosas,MS,PB,-0.04677984637496248
Pré,tipo_doencas_infecciosas,MS,PE,-0.15386809741435503
Pré,tipo_doencas_infecciosas,MS,PI,-0.15354849920005162
Pré,tipo_doencas_infecciosas,MS,PR,0.6401773102873788
Pré,tipo_doencas_infecciosas,MS,RJ,-0.018608066823737706
Pré,tipo_doencas_infecciosas,MS,RN,-0.23441816735007506
Pré,tipo_doencas_infecciosas,MS,RO,-0.06278361838767482
Pré,tipo_doencas_infecciosas,MS,RR,-0.2967297312028506
Pré,tipo_doencas_infecciosas,MS,RS,0.4565570885129965
Pré,tipo_doencas_infecciosas,MS,SC,0.4152512232182257
Pré,tipo_doencas_infecciosas,MS,SE,-0.1448181297433417
Pré,tipo_doencas_infecciosas,MS,SP,0.28166912848268977
Pré,tipo_doencas_infecciosas,MS,TO,0.17212778826840414
Pré,tipo_doencas_infecciosas,MT,PA,-0.08638431418156398
Pré,tipo_doencas_infecciosas,MT,PB,-0.20621967865912275
Pré,tipo_doencas_infecciosas,MT,PE,-0.20910710918503791
Pré,tipo_doencas_infecciosas,MT,PI,-0.14653648939111744
Pré,tipo_doencas_infecciosas,MT,PR,0.21741486945007585
Pré,tipo_doencas_infecciosas,MT,RJ,-0.10168636798883354
Pré,tipo_doencas_infecciosas,MT,RN,-0.046376310368251024
Pré,tipo_doencas_infecciosas,MT,RO,-0.1050737039703648
Pré,tipo_doencas_infecciosas,MT,RR,-0.15773410675812935
Pré,tipo_doencas_infecciosas,MT,RS,0.15515650579104892
Pré,tipo_doencas_infecciosas,MT,SC,0.02031077386882443
Pré,tipo_doencas_infecciosas,MT,SE,0.11314853289242993
Pré,tipo_doencas_infecciosas,MT,SP,-0.06523199996825771
Pré,tipo_doencas_infecciosas,MT,TO,0.16218935716881253
Pré,tipo_doencas_infecciosas,PA,PB,0.06864020913514225
Pré,tipo_doencas_infecciosas,PA,PE,0.13119524058970974
Pré,tipo_doencas_infecciosas,PA,PI,-0.11761141449051006
Pré,tipo_doencas_infecciosas,PA,PR,0.08680954536261919
Pré,tipo_doencas_infecciosas,PA,RJ,0.20769218288811267
Pré,tipo_doencas_infecciosas,PA,RN,0.04959124596634964
Pré,tipo_doencas_infecciosas,PA,RO,0.05333309005371561
Pré,tipo_doencas_infecciosas,PA,RR,-0.40385045720873625
Pré,tipo_doencas_infecciosas,PA,RS,0.03249420945190129
Pré,tipo_doencas_infecciosas,PA,SC,0.14184404768087722
Pré,tipo_doencas_infecciosas,PA,SE,0.022743062028896182
Pré,tipo_doencas_infecciosas,PA,SP,0.09055782319041676
Pré,tipo_doencas_infecciosas,PA,TO,-0.06471652246053214
Pré,tipo_doencas_infecciosas,PB,PE,0.32984275906111243
Pré,tipo_doencas_infecciosas,PB,PI,0.36260896396970754
Pré,tipo_doencas_infecciosas,PB,PR,0.10477611058698565
Pré,tipo_doencas_infecciosas,PB,RJ,-0.021828305011791324
Pré,tipo_doencas_infecciosas,PB,RN,0.18981161201327473
Pré,tipo_doencas_infecciosas,PB,RO,0.08072347942302313
Pré,tipo_doencas_infecciosas,PB,RR,-0.27657156376940767
Pré,tipo_doencas_infecciosas,PB,RS,-0.14080088645300365
Pré,tipo_doencas_infecciosas,PB,SC,0.03794598845547243
Pré,tipo_doencas_infecciosas,PB,SE,0.004403735215455256
Pré,tipo_doencas_infecciosas,PB,SP,0.05929720404908336
Pré,tipo_doencas_infecciosas,PB,TO,-0.224307826933903
Pré,tipo_doencas_infecciosas,PE,PI,0.13270536917278533
Pré,tipo_doencas_infecciosas,PE,PR,-0.014912202178516005
Pré,tipo_doencas_infecciosas,PE,RJ,0.3841762608732642
Pré,tipo_doencas_infecciosas,PE,RN,-0.12069132808548717
Pré,tipo_doencas_infecciosas,PE,RO,-0.036901770285788275
Pré,tipo_doencas_infecciosas,PE,RR,-0.23117976999810566
Pré,tipo_doencas_infecciosas,PE,RS,-0.14706625527906125
Pré,tipo_doencas_infecciosas,PE,SC,-0.013466579294923895
Pré,tipo_doencas_infecciosas,PE,SE,0.01094553011737847
Pré,tipo_doencas_infecciosas,PE,SP,0.12126030396526209
Pré,tipo_doencas_infecciosas,PE,TO,-0.29127624379723127
Pré,tipo_doencas_infecciosas,PI,PR,-0.19056198003401997
Pré,tipo_doencas_infecciosas,PI,RJ,-0.22837378279572448
Pré,tipo_doencas_infecciosas,PI,RN,0.1359977263336159
Pré,tipo_doencas_infecciosas,PI,RO,-0.20473215364672487
Pré,tipo_doencas_infecciosas,PI,RR,-0.12062957066485655
Pré,tipo_doencas_infecciosas,PI,RS,-0.034669355849579295
Pré,tipo_doencas_infecciosas,PI,SC,-0.27256809388228376
Pré,tipo_doencas_infecciosas,PI,SE,0.06760217983336689
Pré,tipo_doencas_infecciosas,PI,SP,-0.36309741415243973
Pré,tipo_doencas_infecciosas,PI,TO,-0.003835249541091394
Pré,tipo_doencas_infecciosas,PR,RJ,0.12752023938213777
Pré,tipo_doencas_infecciosas,PR,RN,-0.10073083789384103
Pré,tipo_doencas_infecciosas,PR,RO,0.270720454676976
Pré,tipo_doencas_infecciosas,PR,RR,-0.45646651935346066
Pré,tipo_doencas_infecciosas,PR,RS,0.550000843228891
Pré,tipo_doencas_infecciosas,PR,SC,0.6398393327491998
Pré,tipo_doencas_infecciosas,PR,SE,-0.021968139560305713
Pré,tipo_doencas_infecciosas,PR,SP,0.5566724855627708
Pré,tipo_doencas_infecciosas,PR,TO,0.10706487541970526
Pré,tipo_doencas_infecciosas,RJ,RN,-0.05613925562856433
Pré,tipo_doencas_infecciosas,RJ,RO,0.20841251384035525
Pré,tipo_doencas_infecciosas,RJ,RR,-0.3758066550536488
Pré,tipo_doencas_infecciosas,RJ,RS,-0.15021233429352926
Pré,tipo_doencas_infecciosas,RJ,SC,0.26569382628951954
Pré,tipo_doencas_infecciosas,RJ,SE,-0.17088714270778363
Pré,tipo_doencas_infecciosas,RJ,SP,0.3843043579780971
Pré,tipo_doencas_infecciosas,RJ,TO,-0.09476968934109248
Pré,tipo_doencas_infecciosas,RN,RO,-0.01515672180392383
Pré,tipo_doencas_infecciosas,RN,RR,-0.2581716134024279
Pré,tipo_doencas_infecciosas,RN,RS,-0.10591448014200656
Pré,tipo_doencas_infecciosas,RN,SC,-0.14353585726398124
Pré,tipo_doencas_infecciosas,RN,SE,0.16768112934274046
Pré,tipo_doencas_infecciosas,RN,SP,-0.08012267116633716
Pré,tipo_doencas_infecciosas,RN,TO,0.011969912269073542
Pré,tipo_doencas_infecciosas,RO,RR,-0.1122131886021201
Pré,tipo_doencas_infecciosas,RO,RS,0.2991202067374086
Pré,tipo_doencas_infecciosas,RO,SC,0.5333964420581964
Pré,tipo_doencas_infecciosas,RO,SE,-0.10384375472472286
Pré,tipo_doencas_infecciosas,RO,SP,0.520932251612487
Pré,tipo_doencas_infecciosas,RO,TO,-0.05156530879463403
Pré,tipo_doencas_infecciosas,RR,RS,-0.15985107036547386
Pré,tipo_doencas_infecciosas,RR,SC,-0.3621730616428504
Pré,tipo_doencas_infecciosas,RR,SE,-0.12281697527428023
Pré,tipo_doencas_infecciosas,RR,SP,-0.32275093680775413
Pré,tipo_doencas_infecciosas,RR,TO,-0.17319094449976882
Pré,tipo_doencas_infecciosas,RS,SC,0.4758963991665845
Pré,tipo_doencas_infecciosas,RS,SE,-0.13034387186253402
Pré,tipo_doencas_infecciosas,RS,SP,0.32323815167110415
Pré,tipo_doencas_infecciosas,RS,TO,0.3107780215000346
Pré,tipo_doencas_infecciosas,SC,SE,-0.21224019167945246
Pré,tipo_doencas_infecciosas,SC,SP,0.777501755607926
Pré,tipo_doencas_infecciosas,SC,TO,-0.07400403549124969
Pré,tipo_doencas_infecciosas,SE,SP,-0.16681721934294536
Pré,tipo_doencas_infecciosas,SE,TO,-0.16678502865714287
Pré,tipo_doencas_infecciosas,SP,TO,-0.22481475854194044
Pré,tipo_enxurradas,AC,AL,-0.09271700623065932
Pré,tipo_enxurradas,AC,AM,0.30044028911077525
Pré,tipo_enxurradas,AC,AP,-0.09170651805487794
Pré,tipo_enxurradas,AC,BA,0.0908196999810535
Pré,tipo_enxurradas,AC,CE,0.01854514154661343
Pré,tipo_enxurradas,AC,DF,-0.17423899500681478
Pré,tipo_enxurradas,AC,ES,0.03348330240635707
Pré,tipo_enxurradas,AC,GO,-0.16363209317088823
Pré,tipo_enxurradas,AC,MA,-0.023503576415674986
Pré,tipo_enxurradas,AC,MG,-0.12579515430625998
Pré,tipo_enxurradas,AC,MS,-0.21599008080821874
Pré,tipo_enxurradas,AC,MT,-0.20596962850462008
Pré,tipo_enxurradas,AC,PA,0.13998098735594997
Pré,tipo_enxurradas,AC,PB,-0.0730446873599789
Pré,tipo_enxurradas,AC,PE,0.105940973467499
Pré,tipo_enxurradas,AC,PI,-0.025413968387850396
Pré,tipo_enxurradas,AC,PR,-0.25400594021532663
Pré,tipo_enxurradas,AC,RJ,0.1319756675094517
Pré,tipo_enxurradas,AC,RN,-0.14386499409011433
Pré,tipo_enxurradas,AC,RO,0.17907539883478912
Pré,tipo_enxurradas,AC,RR,-0.010612885656699387
Pré,tipo_enxurradas,AC,RS,-0.25313755741908367
Pré,tipo_enxurradas,AC,SC,0.09267165344533429
Pré,tipo_enxurradas,AC,SE,0.029944362618983384
Pré,tipo_enxurradas,AC,SP,0.07498691815399902
Pré,tipo_enxurradas,AC,TO,-0.2022937528079364
Pré,tipo_enxurradas,AL,AM,-0.1150363735573263
Pré,tipo_enxurradas,AL,AP,-0.14410579172451987
Pré,tipo_enxurradas,AL,BA,0.49452351994460597
Pré,tipo_enxurradas,AL,CE,0.3174199773029064
Pré,tipo_enxurradas,AL,DF,-0.1128682944108291
Pré,tipo_enxurradas,AL,ES,0.12761394662333347
Pré,tipo_enxurradas,AL,GO,-0.008028844800224035
Pré,tipo_enxurradas,AL,MA,0.23828490237074457
Pré,tipo_enxurradas,AL,MG,-0.20773297061142612
Pré,tipo_enxurradas,AL,MS,-0.07994923544384155
Pré,tipo_enxurradas,AL,MT,-0.08880158188503649
Pré,tipo_enxurradas,AL,PA,0.16757956713432445
Pré,tipo_enxurradas,AL,PB,0.42000970408518756
Pré,tipo_enxurradas,AL,PE,0.4076311716869896
Pré,tipo_enxurradas,AL,PI,0.25088853989518783
Pré,tipo_enxurradas,AL,PR,-0.10786755836906745
Pré,tipo_enxurradas,AL,RJ,0.10818285894234707
Pré,tipo_enxurradas,AL,RN,0.2801734241949773
Pré,tipo_enxurradas,AL,RO,-0.29199929166198785
Pré,tipo_enxurradas,AL,RR,-0.267053307257641
Pré,tipo_enxurradas,AL,RS,-0.21912645890051985
Pré,tipo_enxurradas,AL,SC,-0.2963328682703842
Pré,tipo_enxurradas,AL,SE,0.18063663024212967
Pré,tipo_enxurradas,AL,SP,-0.19535135782253815
Pré,tipo_enxurradas,AL,TO,-0.23805537519260028
Pré,tipo_enxurradas,AM,AP,0.023144713281676225
Pré,tipo_enxurradas,AM,BA,0.09538483264075416
Pré,tipo_enxurradas,AM,CE,0.13417842893876109
Pré,tipo_enxurradas,AM,DF,-0.0853513477598272
Pré,tipo_enxurradas,AM,ES,0.1517450741497203
Pré,tipo_enxurradas,AM,GO,-0.14170069173908142
Pré,tipo_enxurradas,AM,MA,-0.06802728774184029
Pré,tipo_enxurradas,AM,MG,0.005789293596918165
Pré,tipo_enxurradas,AM,MS,-0.0322225386227588
Pré,tipo_enxurradas,AM,MT,-0.20491852298389054
Pré,tipo_enxurradas,AM,PA,0.08612371273676912
Pré,tipo_enxurradas,AM,PB,-0.142124263575559
Pré,tipo_enxurradas,AM,PE,0.10450859188493672
Pré,tipo_enxurradas,AM,PI,-0.16591575140261922
Pré,tipo_enxurradas,AM,PR,-0.13263375435540078
Pré,tipo_enxurradas,AM,RJ,0.2713667658013341
Pré,tipo_enxurradas,AM,RN,-0.16848835581019606
Pré,tipo_enxurradas,AM,RO,-0.02178400806766422
Pré,tipo_enxurradas,AM,RR,-0.15850952628009662
Pré,tipo_enxurradas,AM,RS,-0.169268820931947
Pré,tipo_enxurradas,AM,SC,0.11366548838772288
Pré,tipo_enxurradas,AM,SE,0.12325838916581701
Pré,tipo_enxurradas,AM,SP,0.16506150370504244
Pré,tipo_enxurradas,AM,TO,-0.13632044204718113
Pré,tipo_enxurradas,AP,BA,-0.18040980437064835
Pré,tipo_enxurradas,AP,CE,-0.14367030432016234
Pré,tipo_enxurradas,AP,DF,-0.09748678011309286
Pré,tipo_enxurradas,AP,ES,-0.09087585345403375
Pré,tipo_enxurradas,AP,GO,-0.10307122945886736
Pré,tipo_enxurradas,AP,MA,-0.08678964760675688
Pré,tipo_enxurradas,AP,MG,0.1509892091191056
Pré,tipo_enxurradas,AP,MS,0.10166983741161385
Pré,tipo_enxurradas,AP,MT,-0.09528982423992478
Pré,tipo_enxurradas,AP,PA,0.053579121510811484
Pré,tipo_enxurradas,AP,PB,-0.12317092535137612
Pré,tipo_enxurradas,AP,PE,-0.17294901131665535
Pré,tipo_enxurradas,AP,PI,-0.21195227898649216
Pré,tipo_enxurradas,AP,PR,-0.050445858882433324
Pré,tipo_enxurradas,AP,RJ,-0.0676384853232343
Pré,tipo_enxurradas,AP,RN,-0.12940513412423826
Pré,tipo_enxurradas,AP,RO,-0.24405877102461615
Pré,tipo_enxurradas,AP,RR,-0.043755871796394674
Pré,tipo_enxurradas,AP,RS,-0.2708955644831295
Pré,tipo_enxurradas,AP,SC,-0.1128859883308224
Pré,tipo_enxurradas,AP,SE,-0.2230277506767811
Pré,tipo_enxurradas,AP,SP,-0.10202856815458575
Pré,tipo_enxurradas,AP,TO,0.07022834914551342
Pré,tipo_enxurradas,BA,CE,0.29907215049635044
Pré,tipo_enxurradas,BA,DF,-0.07641906748947618
Pré,tipo_enxurradas,BA,ES,0.11993916163660735
Pré,tipo_enxurradas,BA,GO,0.14358025572909983
Pré,tipo_enxurradas,BA,MA,0.1479074843957659
Pré,tipo_enxurradas,BA,MG,-0.07239876103779083
Pré,tipo_enxurradas,BA,MS,-0.019929091279362706
Pré,tipo_enxurradas,BA,MT,-0.15955126412754528
Pré,tipo_enxurradas,BA,PA,0.21447061023072475
Pré,tipo_enxurradas,BA,PB,0.18376376055634916
Pré,tipo_enxurradas,BA,PE,0.26401482402492565
Pré,tipo_enxurradas,BA,PI,0.0924835226513499
Pré,tipo_enxurradas,BA,PR,-0.1415493614786755
Pré,tipo_enxurradas,BA,RJ,0.31998750335609233
Pré,tipo_enxurradas,BA,RN,0.3441964421229879
Pré,tipo_enxurradas,BA,RO,-0.05157552826264169
Pré,tipo_enxurradas,BA,RR,-0.32694386309855333
Pré,tipo_enxurradas,BA,RS,-0.23708164740063473
Pré,tipo_enxurradas,BA,SC,-0.12305720638239778
Pré,tipo_enxurradas,BA,SE,0.16243875148766232
Pré,tipo_enxurradas,BA,SP,-0.023446956023211552
Pré,tipo_enxurradas,BA,TO,-0.22652632369434192
Pré,tipo_enxurradas,CE,DF,0.0015033801591872716
Pré,tipo_enxurradas,CE,ES,0.33254118516213305
Pré,tipo_enxurradas,CE,GO,0.015744028598154335
Pré,tipo_enxurradas,CE,MA,0.2769222367005241
Pré,tipo_enxurradas,CE,MG,0.0681278384884553
Pré,tipo_enxurradas,CE,MS,-0.171415608126318
Pré,tipo_enxurradas,CE,MT,-0.11827119743627772
Pré,tipo_enxurradas,CE,PA,0.21406246862101855
Pré,tipo_enxurradas,CE,PB,0.33679107894332483
Pré,tipo_enxurradas,CE,PE,0.5265582268443488
Pré,tipo_enxurradas,CE,PI,0.16069092100427043
Pré,tipo_enxurradas,CE,PR,-0.05616878472131664
Pré,tipo_enxurradas,CE,RJ,0.4111588608673834
Pré,tipo_enxurradas,CE,RN,0.14275442722704051
Pré,tipo_enxurradas,CE,RO,-0.010101245461984668
Pré,tipo_enxurradas,CE,RR,-0.4381069946547484
Pré,tipo_enxurradas,CE,RS,-0.1957694388455078
Pré,tipo_enxurradas,CE,SC,-0.012670017753006128
Pré,tipo_enxurradas,CE,SE,0.015843740090361304
Pré,tipo_enxurradas,CE,SP,0.04552691052665249
Pré,tipo_enxurradas,CE,TO,-0.1347661522331998
Pré,tipo_enxurradas,DF,ES,0.10777567459482373
Pré,tipo_enxurradas,DF,GO,0.1784373528027314
Pré,tipo_enxurradas,DF,MA,-0.26801348440051137
Pré,tipo_enxurradas,DF,MG,0.5199356922311104
Pré,tipo_enxurradas,DF,MS,0.40314960231354724
Pré,tipo_enxurradas,DF,MT,0.017489714537037807
Pré,tipo_enxurradas,DF,PA,0.03990257123740039
Pré,tipo_enxurradas,DF,PB,0.09167913436543734
Pré,tipo_enxurradas,DF,PE,-0.05336258924523143
Pré,tipo_enxurradas,DF,PI,-0.18006385252963625
Pré,tipo_enxurradas,DF,PR,0.5332004454111743
Pré,tipo_enxurradas,DF,RJ,0.07619839129034793
Pré,tipo_enxurradas,DF,RN,-0.0007787606649032127
Pré,tipo_enxurradas,DF,RO,0.3313165075540696
Pré,tipo_enxurradas,DF,RR,-0.3540021884729055
Pré,tipo_enxurradas,DF,RS,0.39554365529509905
Pré,tipo_enxurradas,DF,SC,0.5609049356287988
Pré,tipo_enxurradas,DF,SE,-0.07667955512855912
Pré,tipo_enxurradas,DF,SP,0.5377392423377054
Pré,tipo_enxurradas,DF,TO,0.07040600342911499
Pré,tipo_enxurradas,ES,GO,-0.052151470541060965
Pré,tipo_enxurradas,ES,MA,0.11554070483958137
Pré,tipo_enxurradas,ES,MG,0.21622053000265506
Pré,tipo_enxurradas,ES,MS,-0.15969273951106988
Pré,tipo_enxurradas,ES,MT,-0.136829707213462
Pré,tipo_enxurradas,ES,PA,0.06905965928743543
Pré,tipo_enxurradas,ES,PB,0.12585011914342378
Pré,tipo_enxurradas,ES,PE,0.1273042870288132
Pré,tipo_enxurradas,ES,PI,-0.010509678213887028
Pré,tipo_enxurradas,ES,PR,-0.03127420172633796
Pré,tipo_enxurradas,ES,RJ,0.1895748624131478
Pré,tipo_enxurradas,ES,RN,0.24264057392595823
Pré,tipo_enxurradas,ES,RO,-0.026663969129811213
Pré,tipo_enxurradas,ES,RR,-0.380877812332852
Pré,tipo_enxurradas,ES,RS,-0.008265852997608056
Pré,tipo_enxurradas,ES,SC,0.09204859925814295
Pré,tipo_enxurradas,ES,SE,0.024949524593110124
Pré,tipo_enxurradas,ES,SP,0.18819397033151744
Pré,tipo_enxurradas,ES,TO,0.052628231599213426
Pré,tipo_enxurradas,GO,MA,0.06914240499870399
Pré,tipo_enxurradas,GO,MG,0.23198324454924918
Pré,tipo_enxurradas,GO,MS,0.3028910966036642
Pré,tipo_enxurradas,GO,MT,0.3564875428492494
Pré,tipo_enxurradas,GO,PA,0.18182069546056073
Pré,tipo_enxurradas,GO,PB,-0.0943278530314656
Pré,tipo_enxurradas,GO,PE,-0.1228435041749762
Pré,tipo_enxurradas,GO,PI,0.12343040814574087
Pré,tipo_enxurradas,GO,PR,0.3378937461974497
Pré,tipo_enxurradas,GO,RJ,-0.14240589418582605
Pré,tipo_enxurradas,GO,RN,0.08488490764300274
Pré,tipo_enxurradas,GO,RO,-0.09170594764871257
Pré,tipo_enxurradas,GO,RR,-0.37693137148468026
Pré,tipo_enxurradas,GO,RS,0.23825656347479288
Pré,tipo_enxurradas,GO,SC,0.14006830799216494
Pré,tipo_enxurradas,GO,SE,0.23269388965638244
Pré,tipo_enxurradas,GO,SP,-0.010161290287263805
Pré,tipo_enxurradas,GO,TO,0.08476674287984949
Pré,tipo_enxurradas,MA,MG,-0.18236692787891437
Pré,tipo_enxurradas,MA,MS,-0.20890214991539108
Pré,tipo_enxurradas,MA,MT,-0.04313946437886865
Pré,tipo_enxurradas,MA,PA,0.09386394769749268
Pré,tipo_enxurradas,MA,PB,0.15646268967437074
Pré,tipo_enxurradas,MA,PE,0.08646940827720466
Pré,tipo_enxurradas,MA,PI,0.6396417203856521
Pré,tipo_enxurradas,MA,PR,-0.23479892351391485
Pré,tipo_enxurradas,MA,RJ,-0.002927569566494688
Pré,tipo_enxurradas,MA,RN,0.19471448297892135
Pré,tipo_enxurradas,MA,RO,-0.23862290765641544
Pré,tipo_enxurradas,MA,RR,-0.275298933744123
Pré,tipo_enxurradas,MA,RS,-0.18471656604485595
Pré,tipo_enxurradas,MA,SC,-0.4191817770726792
Pré,tipo_enxurradas,MA,SE,0.07411907290358465
Pré,tipo_enxurradas,MA,SP,-0.4817549126498476
Pré,tipo_enxurradas,MA,TO,0.2370625516044577
Pré,tipo_enxurradas,MG,MS,0.30501768347727637
Pré,tipo_enxurradas,MG,MT,0.08604744764722061
Pré,tipo_enxurradas,MG,PA,0.1507264622135489
Pré,tipo_enxurradas,MG,PB,-0.05373067509131577
Pré,tipo_enxurradas,MG,PE,-0.007221582228924048
Pré,tipo_enxurradas,MG,PI,-0.17957052959656167
Pré,tipo_enxurradas,MG,PR,0.5150847620023277
Pré,tipo_enxurradas,MG,RJ,0.33856604711107186
Pré,tipo_enxurradas,MG,RN,-0.04289914247783682
Pré,tipo_enxurradas,MG,RO,0.1805561228773231
Pré,tipo_enxurradas,MG,RR,-0.4800609505602799
Pré,tipo_enxurradas,MG,RS,0.1840968703971616
Pré,tipo_enxurradas,MG,SC,0.5055855144652242
Pré,tipo_enxurradas,MG,SE,-0.06738039831325345
Pré,tipo_enxurradas,MG,SP,0.5843183250587544
Pré,tipo_enxurradas,MG,TO,0.02026883867115499
Pré,tipo_enxurradas,MS,MT,0.1853518092379482
Pré,tipo_enxurradas,MS,PA,0.09580063371845078
Pré,tipo_enxurradas,MS,PB,-0.04635095171461699
Pré,tipo_enxurradas,MS,PE,-0.15804527431977167
Pré,tipo_enxurradas,MS,PI,-0.1542652690906887
Pré,tipo_enxurradas,MS,PR,0.6410992980705182
Pré,tipo_enxurradas,MS,RJ,-0.014999651292360515
Pré,tipo_enxurradas,MS,RN,-0.2350671721212412
Pré,tipo_enxurradas,MS,RO,-0.06191495170172103
Pré,tipo_enxurradas,MS,RR,-0.2964277740553391
Pré,tipo_enxurradas,MS,RS,0.447431534441005
Pré,tipo_enxurradas,MS,SC,0.4158803568320239
Pré,tipo_enxurradas,MS,SE,-0.14559962872001567
Pré,tipo_enxurradas,MS,SP,0.2833257569986591
Pré,tipo_enxurradas,MS,TO,0.1701101843009003
Pré,tipo_enxurradas,MT,PA,-0.08351852853302735
Pré,tipo_enxurradas,MT,PB,-0.20589322747370653
Pré,tipo_enxurradas,MT,PE,-0.20936972307620338
Pré,tipo_enxurradas,MT,PI,-0.1464904888371596
Pré,tipo_enxurradas,MT,PR,0.21764267187196973
Pré,tipo_enxurradas,MT,RJ,-0.1012121787253656
Pré,tipo_enxurradas,MT,RN,-0.04649280947822626
Pré,tipo_enxurradas,MT,RO,-0.10490667040493946
Pré,tipo_enxurradas,MT,RR,-0.15715245190763216
Pré,tipo_enxurradas,MT,RS,0.14922790959572757
Pré,tipo_enxurradas,MT,SC,0.01923970650218359
Pré,tipo_enxurradas,MT,SE,0.11219516847085184
Pré,tipo_enxurradas,MT,SP,-0.06425155192754087
Pré,tipo_enxurradas,MT,TO,0.16200470172678444
Pré,tipo_enxurradas,PA,PB,0.06054052554884608
Pré,tipo_enxurradas,PA,PE,0.12439580546823373
Pré,tipo_enxurradas,PA,PI,-0.12079851836547441
Pré,tipo_enxurradas,PA,PR,0.08994422511191431
Pré,tipo_enxurradas,PA,RJ,0.2120235345115152
Pré,tipo_enxurradas,PA,RN,0.04820443621955779
Pré,tipo_enxurradas,PA,RO,0.05138350137453212
Pré,tipo_enxurradas,PA,RR,-0.40828723264268046
Pré,tipo_enxurradas,PA,RS,0.03494021294207846
Pré,tipo_enxurradas,PA,SC,0.1471631677353743
Pré,tipo_enxurradas,PA,SE,0.023428837840447723
Pré,tipo_enxurradas,PA,SP,0.09133051558746397
Pré,tipo_enxurradas,PA,TO,-0.058443953519221235
Pré,tipo_enxurradas,PB,PE,0.32887970299733127
Pré,tipo_enxurradas,PB,PI,0.36134380151332846
Pré,tipo_enxurradas,PB,PR,0.10650085726528798
Pré,tipo_enxurradas,PB,RJ,-0.02276049169047396
Pré,tipo_enxurradas,PB,RN,0.18989011565837655
Pré,tipo_enxurradas,PB,RO,0.08065684233990618
Pré,tipo_enxurradas,PB,RR,-0.27631872385624306
Pré,tipo_enxurradas,PB,RS,-0.13763005353300545
Pré,tipo_enxurradas,PB,SC,0.03952630725953915
Pré,tipo_enxurradas,PB,SE,0.0029585137849823633
Pré,tipo_enxurradas,PB,SP,0.06028860180323018
Pré,tipo_enxurradas,PB,TO,-0.22456698793585575
Pré,tipo_enxurradas,PE,PI,0.14155711821522332
Pré,tipo_enxurradas,PE,PR,-0.019317609748582702
Pré,tipo_enxurradas,PE,RJ,0.3816822663097747
Pré,tipo_enxurradas,PE,RN,-0.11909648678202005
Pré,tipo_enxurradas,PE,RO,-0.041853878355964734
Pré,tipo_enxurradas,PE,RR,-0.23059836401727238
Pré,tipo_enxurradas,PE,RS,-0.1477771400527416
Pré,tipo_enxurradas,PE,SC,-0.018002312122664944
Pré,tipo_enxurradas,PE,SE,0.013323982799678025
Pré,tipo_enxurradas,PE,SP,0.11395168335907675
Pré,tipo_enxurradas,PE,TO,-0.2894567723244033
Pré,tipo_enxurradas,PI,PR,-0.18972313181880707
Pré,tipo_enxurradas,PI,RJ,-0.23064731852611714
Pré,tipo_enxurradas,PI,RN,0.13575617876132304
Pré,tipo_enxurradas,PI,RO,-0.20584579472046577
Pré,tipo_enxurradas,PI,RR,-0.12017415790702525
Pré,tipo_enxurradas,PI,RS,-0.02786355842012524
Pré,tipo_enxurradas,PI,SC,-0.27254663602199286
Pré,tipo_enxurradas,PI,SE,0.06667017429137022
Pré,tipo_enxurradas,PI,SP,-0.363096345894032
Pré,tipo_enxurradas,PI,TO,-0.0036062214804252458
Pré,tipo_enxurradas,PR,RJ,0.12949643409319997
Pré,tipo_enxurradas,PR,RN,-0.0995432485557094
Pré,tipo_enxurradas,PR,RO,0.2735616465116812
Pré,tipo_enxurradas,PR,RR,-0.45558641532077815
Pré,tipo_enxurradas,PR,RS,0.5438493979513643
Pré,tipo_enxurradas,PR,SC,0.6376120946957573
Pré,tipo_enxurradas,PR,SE,-0.025407322261932992
Pré,tipo_enxurradas,PR,SP,0.5571843641934603
Pré,tipo_enxurradas,PR,TO,0.10743063537719981
Pré,tipo_enxurradas,RJ,RN,-0.05662650477129307
Pré,tipo_enxurradas,RJ,RO,0.20899621893026357
Pré,tipo_enxurradas,RJ,RR,-0.3755618494570138
Pré,tipo_enxurradas,RJ,RS,-0.1485859356410571
Pré,tipo_enxurradas,RJ,SC,0.26541546058269133
Pré,tipo_enxurradas,RJ,SE,-0.17060830276194494
Pré,tipo_enxurradas,RJ,SP,0.3837337449141193
Pré,tipo_enxurradas,RJ,TO,-0.09272786772446998
Pré,tipo_enxurradas,RN,RO,-0.01498788811652803
Pré,tipo_enxurradas,RN,RR,-0.25781099048094935
Pré,tipo_enxurradas,RN,RS,-0.10164938147756053
Pré,tipo_enxurradas,RN,SC,-0.14352765340314166
Pré,tipo_enxurradas,RN,SE,0.16728323710150508
Pré,tipo_enxurradas,RN,SP,-0.07933909037875946
Pré,tipo_enxurradas,RN,TO,0.011681501565362285
Pré,tipo_enxurradas,RO,RR,-0.11240287467709861
Pré,tipo_enxurradas,RO,RS,0.30439836839282053
Pré,tipo_enxurradas,RO,SC,0.5358342586608152
Pré,tipo_enxurradas,RO,SE,-0.10462442920925959
Pré,tipo_enxurradas,RO,SP,0.5211028337774696
Pré,tipo_enxurradas,RO,TO,-0.05157264076999986
Pré,tipo_enxurradas,RR,RS,-0.16009410698650828
Pré,tipo_enxurradas,RR,SC,-0.3597585198545767
Pré,tipo_enxurradas,RR,SE,-0.1231633751989871
Pré,tipo_enxurradas,RR,SP,-0.3223289249755831
Pré,tipo_enxurradas,RR,TO,-0.1734498554812703
Pré,tipo_enxurradas,RS,SC,0.47876660117691955
Pré,tipo_enxurradas,RS,SE,-0.127522948696603
Pré,tipo_enxurradas,RS,SP,0.3243056046879104
Pré,tipo_enxurradas,RS,TO,0.3090386803396886
Pré,tipo_enxurradas,SC,SE,-0.20987819698411767
Pré,tipo_enxurradas,SC,SP,0.7745744541090192
Pré,tipo_enxurradas,SC,TO,-0.07468968644755247
Pré,tipo_enxurradas,SE,SP,-0.16725610687677073
Pré,tipo_enxurradas,SE,TO,-0.16735888869491491
Pré,tipo_enxurradas,SP,TO,-0.22482141613389803
Pré,tipo_erosao,AC,AL,-0.09509059790499501
Pré,tipo_erosao,AC,AM,0.3146433213233278
Pré,tipo_erosao,AC,AP,-0.10239498764523089
Pré,tipo_erosao,AC,BA,0.09021322141314882
Pré,tipo_erosao,AC,CE,0.012065894592230546
Pré,tipo_erosao,AC,DF,-0.17693405317664077
Pré,tipo_erosao,AC,ES,0.016339198409798382
Pré,tipo_erosao,AC,GO,-0.16352724752648498
Pré,tipo_erosao,AC,MA,-0.02382563835629832
Pré,tipo_erosao,AC,MG,-0.12858690817894958
Pré,tipo_erosao,AC,MS,-0.22324852489461147
Pré,tipo_erosao,AC,MT,-0.2046906248344871
Pré,tipo_erosao,AC,PA,0.16734848843135142
Pré,tipo_erosao,AC,PB,-0.07577384019421947
Pré,tipo_erosao,AC,PE,0.10723342490024387
Pré,tipo_erosao,AC,PI,-0.026659330574826393
Pré,tipo_erosao,AC,PR,-0.25628173951915006
Pré,tipo_erosao,AC,RJ,0.144569736792631
Pré,tipo_erosao,AC,RN,-0.1432996292683221
Pré,tipo_erosao,AC,RO,0.1781463544356592
Pré,tipo_erosao,AC,RR,-0.010158253930282343
Pré,tipo_erosao,AC,RS,-0.24866467629137973
Pré,tipo_erosao,AC,SC,0.08706320328886677
Pré,tipo_erosao,AC,SE,0.03431828853666597
Pré,tipo_erosao,AC,SP,0.07441504268031662
Pré,tipo_erosao,AC,TO,-0.2025952673598614
Pré,tipo_erosao,AL,AM,-0.11686229160031109
Pré,tipo_erosao,AL,AP,-0.13955377716117856
Pré,tipo_erosao,AL,BA,0.48700467451030477
Pré,tipo_erosao,AL,CE,0.32071825565570095
Pré,tipo_erosao,AL,DF,-0.11224483696766648
Pré,tipo_erosao,AL,ES,0.13575302568190953
Pré,tipo_erosao,AL,GO,-0.005843159436097072
Pré,tipo_erosao,AL,MA,0.24081553747295353
Pré,tipo_erosao,AL,MG,-0.2066777219829841
Pré,tipo_erosao,AL,MS,-0.08263388503074293
Pré,tipo_erosao,AL,MT,-0.0863823534564908
Pré,tipo_erosao,AL,PA,0.19112233808712495
Pré,tipo_erosao,AL,PB,0.4194380604002465
Pré,tipo_erosao,AL,PE,0.4027178146253481
Pré,tipo_erosao,AL,PI,0.24915083832871618
Pré,tipo_erosao,AL,PR,-0.11097680684110284
Pré,tipo_erosao,AL,RJ,0.10990181622871444
Pré,tipo_erosao,AL,RN,0.2789656264442197
Pré,tipo_erosao,AL,RO,-0.29746439998459406
Pré,tipo_erosao,AL,RR,-0.2704954930749939
Pré,tipo_erosao,AL,RS,-0.21646458169070476
Pré,tipo_erosao,AL,SC,-0.2977797967769049
Pré,tipo_erosao,AL,SE,0.17935228549952908
Pré,tipo_erosao,AL,SP,-0.1933054277305039
Pré,tipo_erosao,AL,TO,-0.239135423848289
Pré,tipo_erosao,AM,AP,0.009284814255041463
Pré,tipo_erosao,AM,BA,0.09750552076676999
Pré,tipo_erosao,AM,CE,0.12840939115782984
Pré,tipo_erosao,AM,DF,-0.08579782148207304
Pré,tipo_erosao,AM,ES,0.15647154175477074
Pré,tipo_erosao,AM,GO,-0.1487927615723409
Pré,tipo_erosao,AM,MA,-0.07673541011945646
Pré,tipo_erosao,AM,MG,0.0025010350536487113
Pré,tipo_erosao,AM,MS,-0.04413345173673248
Pré,tipo_erosao,AM,MT,-0.21405121570598085
Pré,tipo_erosao,AM,PA,0.0677243217922614
Pré,tipo_erosao,AM,PB,-0.13903519121399713
Pré,tipo_erosao,AM,PE,0.10003449832847228
Pré,tipo_erosao,AM,PI,-0.16815636162680803
Pré,tipo_erosao,AM,PR,-0.13775307963869393
Pré,tipo_erosao,AM,RJ,0.2750030164004524
Pré,tipo_erosao,AM,RN,-0.1667565381292571
Pré,tipo_erosao,AM,RO,-0.027341878598799642
Pré,tipo_erosao,AM,RR,-0.14041138099140768
Pré,tipo_erosao,AM,RS,-0.18934716883383246
Pré,tipo_erosao,AM,SC,0.11177416018719091
Pré,tipo_erosao,AM,SE,0.12470284069586235
Pré,tipo_erosao,AM,SP,0.1696168235600122
Pré,tipo_erosao,AM,TO,-0.15109676778090603
Pré,tipo_erosao,AP,BA,-0.1829364630667068
Pré,tipo_erosao,AP,CE,-0.1408542102701718
Pré,tipo_erosao,AP,DF,-0.08378649330383506
Pré,tipo_erosao,AP,ES,-0.08348507542867434
Pré,tipo_erosao,AP,GO,-0.1144699383895702
Pré,tipo_erosao,AP,MA,-0.08422557269706386
Pré,tipo_erosao,AP,MG,0.1582379916802259
Pré,tipo_erosao,AP,MS,0.09079333594846598
Pré,tipo_erosao,AP,MT,-0.08852893101564044
Pré,tipo_erosao,AP,PA,0.050768115615781595
Pré,tipo_erosao,AP,PB,-0.11626394174522366
Pré,tipo_erosao,AP,PE,-0.17204937165713263
Pré,tipo_erosao,AP,PI,-0.20823010335342226
Pré,tipo_erosao,AP,PR,-0.05018587298826441
Pré,tipo_erosao,AP,RJ,-0.0803692439712123
Pré,tipo_erosao,AP,RN,-0.1179843470714057
Pré,tipo_erosao,AP,RO,-0.24294554398027154
Pré,tipo_erosao,AP,RR,-0.043369677971390005
Pré,tipo_erosao,AP,RS,-0.2668929469132889
Pré,tipo_erosao,AP,SC,-0.12292289972811975
Pré,tipo_erosao,AP,SE,-0.2260502624001792
Pré,tipo_erosao,AP,SP,-0.1116316586221481
Pré,tipo_erosao,AP,TO,0.0825669023564842
Pré,tipo_erosao,BA,CE,0.29897030685572035
Pré,tipo_erosao,BA,DF,-0.07771149902793609
Pré,tipo_erosao,BA,ES,0.10693329358752252
Pré,tipo_erosao,BA,GO,0.15160559219835093
Pré,tipo_erosao,BA,MA,0.14576783611148925
Pré,tipo_erosao,BA,MG,-0.06857187397705652
Pré,tipo_erosao,BA,MS,-0.020168699252689812
Pré,tipo_erosao,BA,MT,-0.15732939045802824
Pré,tipo_erosao,BA,PA,0.2137750509564389
Pré,tipo_erosao,BA,PB,0.18419860485539466
Pré,tipo_erosao,BA,PE,0.26777007373204526
Pré,tipo_erosao,BA,PI,0.08966534738612303
Pré,tipo_erosao,BA,PR,-0.13877087433912802
Pré,tipo_erosao,BA,RJ,0.32082200808837036
Pré,tipo_erosao,BA,RN,0.3421066775327182
Pré,tipo_erosao,BA,RO,-0.04861311676938356
Pré,tipo_erosao,BA,RR,-0.3277960265414032
Pré,tipo_erosao,BA,RS,-0.23140928633803842
Pré,tipo_erosao,BA,SC,-0.11993658161995509
Pré,tipo_erosao,BA,SE,0.16558956532439656
Pré,tipo_erosao,BA,SP,-0.01924850427375946
Pré,tipo_erosao,BA,TO,-0.22380526054471447
Pré,tipo_erosao,CE,DF,-0.001379450552856401
Pré,tipo_erosao,CE,ES,0.3209228440486116
Pré,tipo_erosao,CE,GO,0.009837708865135696
Pré,tipo_erosao,CE,MA,0.27985780616673844
Pré,tipo_erosao,CE,MG,0.0715624906380283
Pré,tipo_erosao,CE,MS,-0.1723729401717162
Pré,tipo_erosao,CE,MT,-0.11342796025551356
Pré,tipo_erosao,CE,PA,0.22633163766090497
Pré,tipo_erosao,CE,PB,0.33815510005115035
Pré,tipo_erosao,CE,PE,0.5273108611947109
Pré,tipo_erosao,CE,PI,0.16586021380460092
Pré,tipo_erosao,CE,PR,-0.050206442052044775
Pré,tipo_erosao,CE,RJ,0.40532681265374665
Pré,tipo_erosao,CE,RN,0.13910199562295383
Pré,tipo_erosao,CE,RO,-0.01178373496062053
Pré,tipo_erosao,CE,RR,-0.43873596205887716
Pré,tipo_erosao,CE,RS,-0.19375528685162718
Pré,tipo_erosao,CE,SC,-0.01935640714893608
Pré,tipo_erosao,CE,SE,0.009696225924021173
Pré,tipo_erosao,CE,SP,0.04479008129764531
Pré,tipo_erosao,CE,TO,-0.12853987834368222
Pré,tipo_erosao,DF,ES,0.1097190041631301
Pré,tipo_erosao,DF,GO,0.18096443668001422
Pré,tipo_erosao,DF,MA,-0.2702242185510238
Pré,tipo_erosao,DF,MG,0.5192911103162231
Pré,tipo_erosao,DF,MS,0.41138067685941593
Pré,tipo_erosao,DF,MT,0.01816724886153362
Pré,tipo_erosao,DF,PA,0.02220758962437419
Pré,tipo_erosao,DF,PB,0.08670544714918998
Pré,tipo_erosao,DF,PE,-0.05096469983126763
Pré,tipo_erosao,DF,PI,-0.18447034496725798
Pré,tipo_erosao,DF,PR,0.5338766117986398
Pré,tipo_erosao,DF,RJ,0.06092718965895144
Pré,tipo_erosao,DF,RN,-0.000413148692458491
Pré,tipo_erosao,DF,RO,0.32959089371507205
Pré,tipo_erosao,DF,RR,-0.35557320000261666
Pré,tipo_erosao,DF,RS,0.39594603414390117
Pré,tipo_erosao,DF,SC,0.5555190223634183
Pré,tipo_erosao,DF,SE,-0.07425185212239659
Pré,tipo_erosao,DF,SP,0.5359200411109813
Pré,tipo_erosao,DF,TO,0.07133306447263006
Pré,tipo_erosao,ES,GO,-0.05466640593992874
Pré,tipo_erosao,ES,MA,0.12783638350353593
Pré,tipo_erosao,ES,MG,0.21072304959228572
Pré,tipo_erosao,ES,MS,-0.16368897995475595
Pré,tipo_erosao,ES,MT,-0.1360782659376873
Pré,tipo_erosao,ES,PA,0.0675402394654353
Pré,tipo_erosao,ES,PB,0.12501386430820643
Pré,tipo_erosao,ES,PE,0.13231914811028336
Pré,tipo_erosao,ES,PI,0.001036941669677132
Pré,tipo_erosao,ES,PR,-0.03356773731577692
Pré,tipo_erosao,ES,RJ,0.18103157179423482
Pré,tipo_erosao,ES,RN,0.24574531260093796
Pré,tipo_erosao,ES,RO,-0.027184346900365527
Pré,tipo_erosao,ES,RR,-0.38107277121024224
Pré,tipo_erosao,ES,RS,-0.014430422978948783
Pré,tipo_erosao,ES,SC,0.08472083494435032
Pré,tipo_erosao,ES,SE,0.02334589344151246
Pré,tipo_erosao,ES,SP,0.18668530990768134
Pré,tipo_erosao,ES,TO,0.05168466919642378
Pré,tipo_erosao,GO,MA,0.07120146617984606
Pré,tipo_erosao,GO,MG,0.23711999116119398
Pré,tipo_erosao,GO,MS,0.2989479475826504
Pré,tipo_erosao,GO,MT,0.3628444098412701
Pré,tipo_erosao,GO,PA,0.16174307914647001
Pré,tipo_erosao,GO,PB,-0.09472115670149892
Pré,tipo_erosao,GO,PE,-0.12251964374389561
Pré,tipo_erosao,GO,PI,0.12331353278620909
Pré,tipo_erosao,GO,PR,0.3423443157239251
Pré,tipo_erosao,GO,RJ,-0.14107610981263305
Pré,tipo_erosao,GO,RN,0.0911791045569868
Pré,tipo_erosao,GO,RO,-0.09130048300790793
Pré,tipo_erosao,GO,RR,-0.37742005123395544
Pré,tipo_erosao,GO,RS,0.24738023880124058
Pré,tipo_erosao,GO,SC,0.13346579092912692
Pré,tipo_erosao,GO,SE,0.2406417924731734
Pré,tipo_erosao,GO,SP,-0.01019063877820713
Pré,tipo_erosao,GO,TO,0.08881286495288378
Pré,tipo_erosao,MA,MG,-0.1826496911515209
Pré,tipo_erosao,MA,MS,-0.204900415005853
Pré,tipo_erosao,MA,MT,-0.04164716300465284
Pré,tipo_erosao,MA,PA,0.09702930622110316
Pré,tipo_erosao,MA,PB,0.1544479537398849
Pré,tipo_erosao,MA,PE,0.07444338081895455
Pré,tipo_erosao,MA,PI,0.6395707598481861
Pré,tipo_erosao,MA,PR,-0.23411956579427512
Pré,tipo_erosao,MA,RJ,0.0010896037899024542
Pré,tipo_erosao,MA,RN,0.1954253699457033
Pré,tipo_erosao,MA,RO,-0.23799133335770117
Pré,tipo_erosao,MA,RR,-0.2761197939320716
Pré,tipo_erosao,MA,RS,-0.1868216972617837
Pré,tipo_erosao,MA,SC,-0.42126103774667206
Pré,tipo_erosao,MA,SE,0.07401955404174462
Pré,tipo_erosao,MA,SP,-0.4797197210755645
Pré,tipo_erosao,MA,TO,0.2381998605571327
Pré,tipo_erosao,MG,MS,0.3100100960093043
Pré,tipo_erosao,MG,MT,0.09489549115360321
Pré,tipo_erosao,MG,PA,0.13739732143405722
Pré,tipo_erosao,MG,PB,-0.059862666507006494
Pré,tipo_erosao,MG,PE,-0.006180259225740766
Pré,tipo_erosao,MG,PI,-0.1815749609074428
Pré,tipo_erosao,MG,PR,0.517738182329498
Pré,tipo_erosao,MG,RJ,0.329168626704868
Pré,tipo_erosao,MG,RN,-0.0417416283052297
Pré,tipo_erosao,MG,RO,0.1782845842291155
Pré,tipo_erosao,MG,RR,-0.4828442987243078
Pré,tipo_erosao,MG,RS,0.18615052154186312
Pré,tipo_erosao,MG,SC,0.499260201377296
Pré,tipo_erosao,MG,SE,-0.06668086995275804
Pré,tipo_erosao,MG,SP,0.5847019015177909
Pré,tipo_erosao,MG,TO,0.022021202613186734
Pré,tipo_erosao,MS,MT,0.1810360241035803
Pré,tipo_erosao,MS,PA,0.06551222902113799
Pré,tipo_erosao,MS,PB,-0.032011243390862754
Pré,tipo_erosao,MS,PE,-0.13551829041360108
Pré,tipo_erosao,MS,PI,-0.13277344278883116
Pré,tipo_erosao,MS,PR,0.6405611828822522
Pré,tipo_erosao,MS,RJ,-0.01071368087504712
Pré,tipo_erosao,MS,RN,-0.23968114025101295
Pré,tipo_erosao,MS,RO,-0.04941453578148334
Pré,tipo_erosao,MS,RR,-0.29697549212942964
Pré,tipo_erosao,MS,RS,0.45899797103034123
Pré,tipo_erosao,MS,SC,0.42254849968831937
Pré,tipo_erosao,MS,SE,-0.14886619288720151
Pré,tipo_erosao,MS,SP,0.2845111254421531
Pré,tipo_erosao,MS,TO,0.16854184222656193
Pré,tipo_erosao,MT,PA,-0.10418956526537582
Pré,tipo_erosao,MT,PB,-0.20428131264391294
Pré,tipo_erosao,MT,PE,-0.20421064322320467
Pré,tipo_erosao,MT,PI,-0.1421627773852642
Pré,tipo_erosao,MT,PR,0.21850898988466064
Pré,tipo_erosao,MT,RJ,-0.09299941332492705
Pré,tipo_erosao,MT,RN,-0.043381339081153325
Pré,tipo_erosao,MT,RO,-0.10497179395646414
Pré,tipo_erosao,MT,RR,-0.1639165372792843
Pré,tipo_erosao,MT,RS,0.15502522096211935
Pré,tipo_erosao,MT,SC,0.01636123812443317
Pré,tipo_erosao,MT,SE,0.11272667027520872
Pré,tipo_erosao,MT,SP,-0.06352072339574942
Pré,tipo_erosao,MT,TO,0.16411887966884547
Pré,tipo_erosao,PA,PB,0.10104900004183683
Pré,tipo_erosao,PA,PE,0.14741083731788207
Pré,tipo_erosao,PA,PI,-0.11320892109510172
Pré,tipo_erosao,PA,PR,0.07160953950090483
Pré,tipo_erosao,PA,RJ,0.20216418154536916
Pré,tipo_erosao,PA,RN,0.05561822846418526
Pré,tipo_erosao,PA,RO,0.06813094329792353
Pré,tipo_erosao,PA,RR,-0.4007378333981237
Pré,tipo_erosao,PA,RS,0.013360664095147506
Pré,tipo_erosao,PA,SC,0.13405221988830973
Pré,tipo_erosao,PA,SE,0.02330173286935625
Pré,tipo_erosao,PA,SP,0.0960244054454012
Pré,tipo_erosao,PA,TO,-0.08144604741681956
Pré,tipo_erosao,PB,PE,0.32545783850385324
Pré,tipo_erosao,PB,PI,0.36004733693554153
Pré,tipo_erosao,PB,PR,0.10074069393780347
Pré,tipo_erosao,PB,RJ,-0.02739741257773258
Pré,tipo_erosao,PB,RN,0.19033256091953374
Pré,tipo_erosao,PB,RO,0.07602270234391907
Pré,tipo_erosao,PB,RR,-0.279329140947604
Pré,tipo_erosao,PB,RS,-0.14224183148676423
Pré,tipo_erosao,PB,SC,0.03040138574457852
Pré,tipo_erosao,PB,SE,0.0020982928626905807
Pré,tipo_erosao,PB,SP,0.055441586280509936
Pré,tipo_erosao,PB,TO,-0.22649016783860787
Pré,tipo_erosao,PE,PI,0.12941511644070333
Pré,tipo_erosao,PE,PR,-0.015066107436076578
Pré,tipo_erosao,PE,RJ,0.3796962071338005
Pré,tipo_erosao,PE,RN,-0.12252597154899021
Pré,tipo_erosao,PE,RO,-0.03898883267865175
Pré,tipo_erosao,PE,RR,-0.23214435110777853
Pré,tipo_erosao,PE,RS,-0.14682265130330382
Pré,tipo_erosao,PE,SC,-0.02168913212100036
Pré,tipo_erosao,PE,SE,0.007694131998376687
Pré,tipo_erosao,PE,SP,0.12149178256235749
Pré,tipo_erosao,PE,TO,-0.2920225345275027
Pré,tipo_erosao,PI,PR,-0.19263199739657044
Pré,tipo_erosao,PI,RJ,-0.22991947501827745
Pré,tipo_erosao,PI,RN,0.13518927363910765
Pré,tipo_erosao,PI,RO,-0.208367922957944
Pré,tipo_erosao,PI,RR,-0.12176244270252534
Pré,tipo_erosao,PI,RS,-0.036078656495603975
Pré,tipo_erosao,PI,SC,-0.27818212951416815
Pré,tipo_erosao,PI,SE,0.06746339808255082
Pré,tipo_erosao,PI,SP,-0.3649246023705287
Pré,tipo_erosao,PI,TO,-0.004539406473697135
Pré,tipo_erosao,PR,RJ,0.1334822380744157
Pré,tipo_erosao,PR,RN,-0.09870596042210915
Pré,tipo_erosao,PR,RO,0.2705422681595164
Pré,tipo_erosao,PR,RR,-0.45636713025842174
Pré,tipo_erosao,PR,RS,0.55210050213645
Pré,tipo_erosao,PR,SC,0.6352384956607582
Pré,tipo_erosao,PR,SE,-0.0208337514603946
Pré,tipo_erosao,PR,SP,0.5573821089447794
Pré,tipo_erosao,PR,TO,0.10895118901321253
Pré,tipo_erosao,RJ,RN,-0.06245273058617721
Pré,tipo_erosao,RJ,RO,0.20782258097186035
Pré,tipo_erosao,RJ,RR,-0.36728257329131037
Pré,tipo_erosao,RJ,RS,-0.15271852332866442
Pré,tipo_erosao,RJ,SC,0.26071956293936666
Pré,tipo_erosao,RJ,SE,-0.17483218714451632
Pré,tipo_erosao,RJ,SP,0.3831437547986859
Pré,tipo_erosao,RJ,TO,-0.1014743405614171
Pré,tipo_erosao,RN,RO,-0.01664545239060093
Pré,tipo_erosao,RN,RR,-0.2635790030316025
Pré,tipo_erosao,RN,RS,-0.1049356286268513
Pré,tipo_erosao,RN,SC,-0.13872597285863622
Pré,tipo_erosao,RN,SE,0.17081415303838557
Pré,tipo_erosao,RN,SP,-0.07912780065886174
Pré,tipo_erosao,RN,TO,0.011103879389306086
Pré,tipo_erosao,RO,RR,-0.1132829307312614
Pré,tipo_erosao,RO,RS,0.29915335277482713
Pré,tipo_erosao,RO,SC,0.5366210299400019
Pré,tipo_erosao,RO,SE,-0.10445838393541847
Pré,tipo_erosao,RO,SP,0.5197759670895772
Pré,tipo_erosao,RO,TO,-0.05128323395225372
Pré,tipo_erosao,RR,RS,-0.1602607422971865
Pré,tipo_erosao,RR,SC,-0.3482811987274988
Pré,tipo_erosao,RR,SE,-0.12435014093795238
Pré,tipo_erosao,RR,SP,-0.32368754208562756
Pré,tipo_erosao,RR,TO,-0.17346379136189816
Pré,tipo_erosao,RS,SC,0.4786398345080826
Pré,tipo_erosao,RS,SE,-0.12375172618798738
Pré,tipo_erosao,RS,SP,0.32381513534152445
Pré,tipo_erosao,RS,TO,0.3123335795085965
Pré,tipo_erosao,SC,SE,-0.21811341013379584
Pré,tipo_erosao,SC,SP,0.7753243265287517
Pré,tipo_erosao,SC,TO,-0.06898861762177742
Pré,tipo_erosao,SE,SP,-0.1651782740440556
Pré,tipo_erosao,SE,TO,-0.16599494255703157
Pré,tipo_erosao,SP,TO,-0.22334984566465618
Pré,tipo_estiagem_e_seca,AC,AL,-0.09385039311507433
Pré,tipo_estiagem_e_seca,AC,AM,0.29915803915289596
Pré,tipo_estiagem_e_seca,AC,AP,-0.09395508144431743
Pré,tipo_estiagem_e_seca,AC,BA,0.08838226223481585
Pré,tipo_estiagem_e_seca,AC,CE,0.03433269834014332
Pré,tipo_estiagem_e_seca,AC,DF,-0.1815610742581078
Pré,tipo_estiagem_e_seca,AC,ES,0.025512138896592918
Pré,tipo_estiagem_e_seca,AC,GO,-0.16245926721789122
Pré,tipo_estiagem_e_seca,AC,MA,-0.02260689436038461
Pré,tipo_estiagem_e_seca,AC,MG,-0.12910502764507
Pré,tipo_estiagem_e_seca,AC,MS,-0.21914004675863444
Pré,tipo_estiagem_e_seca,AC,MT,-0.20476460891846382
Pré,tipo_estiagem_e_seca,AC,PA,0.14262167295404465
Pré,tipo_estiagem_e_seca,AC,PB,-0.0612084359024896
Pré,tipo_estiagem_e_seca,AC,PE,0.10791978497828385
Pré,tipo_estiagem_e_seca,AC,PI,-0.027511242673589294
Pré,tipo_estiagem_e_seca,AC,PR,-0.2572551224371892
Pré,tipo_estiagem_e_seca,AC,RJ,0.13092988321629132
Pré,tipo_estiagem_e_seca,AC,RN,-0.14225223108951054
Pré,tipo_estiagem_e_seca,AC,RO,0.17922673945673995
Pré,tipo_estiagem_e_seca,AC,RR,-0.00954807188217781
Pré,tipo_estiagem_e_seca,AC,RS,-0.2498479445824268
Pré,tipo_estiagem_e_seca,AC,SC,0.08821715587100837
Pré,tipo_estiagem_e_seca,AC,SE,0.0299833274231699
Pré,tipo_estiagem_e_seca,AC,SP,0.0704409848115871
Pré,tipo_estiagem_e_seca,AC,TO,-0.20015789765818462
Pré,tipo_estiagem_e_seca,AL,AM,-0.11896249634337143
Pré,tipo_estiagem_e_seca,AL,AP,-0.14413694742486516
Pré,tipo_estiagem_e_seca,AL,BA,0.49614658655460375
Pré,tipo_estiagem_e_seca,AL,CE,0.3137383661695535
Pré,tipo_estiagem_e_seca,AL,DF,-0.11307077919317607
Pré,tipo_estiagem_e_seca,AL,ES,0.12409594511112232
Pré,tipo_estiagem_e_seca,AL,GO,-0.006635278804010175
Pré,tipo_estiagem_e_seca,AL,MA,0.23982041880599797
Pré,tipo_estiagem_e_seca,AL,MG,-0.20904863933275414
Pré,tipo_estiagem_e_seca,AL,MS,-0.07627043084136687
Pré,tipo_estiagem_e_seca,AL,MT,-0.083206986061864
Pré,tipo_estiagem_e_seca,AL,PA,0.17384029037714913
Pré,tipo_estiagem_e_seca,AL,PB,0.4248181929999738
Pré,tipo_estiagem_e_seca,AL,PE,0.40955606838955233
Pré,tipo_estiagem_e_seca,AL,PI,0.2493213146486794
Pré,tipo_estiagem_e_seca,AL,PR,-0.1079648081189039
Pré,tipo_estiagem_e_seca,AL,RJ,0.10654677695486721
Pré,tipo_estiagem_e_seca,AL,RN,0.28027008365777173
Pré,tipo_estiagem_e_seca,AL,RO,-0.29231680555240896
Pré,tipo_estiagem_e_seca,AL,RR,-0.27065176723591305
Pré,tipo_estiagem_e_seca,AL,RS,-0.21511223503464855
Pré,tipo_estiagem_e_seca,AL,SC,-0.29762736237978843
Pré,tipo_estiagem_e_seca,AL,SE,0.1813086099562808
Pré,tipo_estiagem_e_seca,AL,SP,-0.19953467393944413
Pré,tipo_estiagem_e_seca,AL,TO,-0.23233536076294192
Pré,tipo_estiagem_e_seca,AM,AP,0.022070336846123726
Pré,tipo_estiagem_e_seca,AM,BA,0.09839744772811762
Pré,tipo_estiagem_e_seca,AM,CE,0.1396244501318537
Pré,tipo_estiagem_e_seca,AM,DF,-0.08987500812376302
Pré,tipo_estiagem_e_seca,AM,ES,0.1511876223190659
Pré,tipo_estiagem_e_seca,AM,GO,-0.1415610680087411
Pré,tipo_estiagem_e_seca,AM,MA,-0.06781213447938955
Pré,tipo_estiagem_e_seca,AM,MG,0.004376511243243445
Pré,tipo_estiagem_e_seca,AM,MS,-0.03418125157162379
Pré,tipo_estiagem_e_seca,AM,MT,-0.20511676586018862
Pré,tipo_estiagem_e_seca,AM,PA,0.08337244021467444
Pré,tipo_estiagem_e_seca,AM,PB,-0.13162616651340006
Pré,tipo_estiagem_e_seca,AM,PE,0.10591671218531098
Pré,tipo_estiagem_e_seca,AM,PI,-0.16075591030151903
Pré,tipo_estiagem_e_seca,AM,PR,-0.13155276253872655
Pré,tipo_estiagem_e_seca,AM,RJ,0.2704056301895219
Pré,tipo_estiagem_e_seca,AM,RN,-0.1659071045890377
Pré,tipo_estiagem_e_seca,AM,RO,-0.02195745907908047
Pré,tipo_estiagem_e_seca,AM,RR,-0.15777455923936842
Pré,tipo_estiagem_e_seca,AM,RS,-0.17993720544898673
Pré,tipo_estiagem_e_seca,AM,SC,0.11184787557925763
Pré,tipo_estiagem_e_seca,AM,SE,0.12277854288661184
Pré,tipo_estiagem_e_seca,AM,SP,0.16367017510001938
Pré,tipo_estiagem_e_seca,AM,TO,-0.13533156288581716
Pré,tipo_estiagem_e_seca,AP,BA,-0.18132548334785709
Pré,tipo_estiagem_e_seca,AP,CE,-0.14450098474576567
Pré,tipo_estiagem_e_seca,AP,DF,-0.09841472605272049
Pré,tipo_estiagem_e_seca,AP,ES,-0.09514429401420058
Pré,tipo_estiagem_e_seca,AP,GO,-0.10243559751223374
Pré,tipo_estiagem_e_seca,AP,MA,-0.08733891453160762
Pré,tipo_estiagem_e_seca,AP,MG,0.15103054636280064
Pré,tipo_estiagem_e_seca,AP,MS,0.10250798854965505
Pré,tipo_estiagem_e_seca,AP,MT,-0.09501665051581276
Pré,tipo_estiagem_e_seca,AP,PA,0.053349347859141916
Pré,tipo_estiagem_e_seca,AP,PB,-0.11666657454435513
Pré,tipo_estiagem_e_seca,AP,PE,-0.17533527265774224
Pré,tipo_estiagem_e_seca,AP,PI,-0.21318293521804635
Pré,tipo_estiagem_e_seca,AP,PR,-0.04884424947781872
Pré,tipo_estiagem_e_seca,AP,RJ,-0.06767034193145792
Pré,tipo_estiagem_e_seca,AP,RN,-0.1295619266830748
Pré,tipo_estiagem_e_seca,AP,RO,-0.2441365144859197
Pré,tipo_estiagem_e_seca,AP,RR,-0.04313521982488016
Pré,tipo_estiagem_e_seca,AP,RS,-0.26651504211671
Pré,tipo_estiagem_e_seca,AP,SC,-0.11151378965676796
Pré,tipo_estiagem_e_seca,AP,SE,-0.22376425953618498
Pré,tipo_estiagem_e_seca,AP,SP,-0.10241445502937056
Pré,tipo_estiagem_e_seca,AP,TO,0.07082893678368826
Pré,tipo_estiagem_e_seca,BA,CE,0.30360565857864463
Pré,tipo_estiagem_e_seca,BA,DF,-0.08075946320524581
Pré,tipo_estiagem_e_seca,BA,ES,0.12454277316246405
Pré,tipo_estiagem_e_seca,BA,GO,0.14457829781178408
Pré,tipo_estiagem_e_seca,BA,MA,0.1518456611127435
Pré,tipo_estiagem_e_seca,BA,MG,-0.07083261393438707
Pré,tipo_estiagem_e_seca,BA,MS,-0.019362247466164075
Pré,tipo_estiagem_e_seca,BA,MT,-0.1597226568676443
Pré,tipo_estiagem_e_seca,BA,PA,0.21585614241276144
Pré,tipo_estiagem_e_seca,BA,PB,0.1909982624252523
Pré,tipo_estiagem_e_seca,BA,PE,0.2649555598715171
Pré,tipo_estiagem_e_seca,BA,PI,0.09362070134882487
Pré,tipo_estiagem_e_seca,BA,PR,-0.14407282777372735
Pré,tipo_estiagem_e_seca,BA,RJ,0.3216175267700366
Pré,tipo_estiagem_e_seca,BA,RN,0.343712041025922
Pré,tipo_estiagem_e_seca,BA,RO,-0.05425257626057097
Pré,tipo_estiagem_e_seca,BA,RR,-0.32928437599638744
Pré,tipo_estiagem_e_seca,BA,RS,-0.23507827156807465
Pré,tipo_estiagem_e_seca,BA,SC,-0.12182060420238083
Pré,tipo_estiagem_e_seca,BA,SE,0.16197224314748437
Pré,tipo_estiagem_e_seca,BA,SP,-0.023055332517948238
Pré,tipo_estiagem_e_seca,BA,TO,-0.22830961656385118
Pré,tipo_estiagem_e_seca,CE,DF,0.0030642985568782454
Pré,tipo_estiagem_e_seca,CE,ES,0.3269875211533387
Pré,tipo_estiagem_e_seca,CE,GO,0.008868283956192642
Pré,tipo_estiagem_e_seca,CE,MA,0.27761204787472943
Pré,tipo_estiagem_e_seca,CE,MG,0.07473482631567631
Pré,tipo_estiagem_e_seca,CE,MS,-0.17583331061431684
Pré,tipo_estiagem_e_seca,CE,MT,-0.12723839468036247
Pré,tipo_estiagem_e_seca,CE,PA,0.21548013710520833
Pré,tipo_estiagem_e_seca,CE,PB,0.33256088410462425
Pré,tipo_estiagem_e_seca,CE,PE,0.533002404193051
Pré,tipo_estiagem_e_seca,CE,PI,0.15976890474610078
Pré,tipo_estiagem_e_seca,CE,PR,-0.054138425603628644
Pré,tipo_estiagem_e_seca,CE,RJ,0.4204271526985843
Pré,tipo_estiagem_e_seca,CE,RN,0.14350116503220947
Pré,tipo_estiagem_e_seca,CE,RO,-0.010823327220723518
Pré,tipo_estiagem_e_seca,CE,RR,-0.43642337581016855
Pré,tipo_estiagem_e_seca,CE,RS,-0.21028914811901883
Pré,tipo_estiagem_e_seca,CE,SC,-0.008133990729673496
Pré,tipo_estiagem_e_seca,CE,SE,0.01724586505644088
Pré,tipo_estiagem_e_seca,CE,SP,0.053301108178830686
Pré,tipo_estiagem_e_seca,CE,TO,-0.14518022518400567
Pré,tipo_estiagem_e_seca,DF,ES,0.1203627628527621
Pré,tipo_estiagem_e_seca,DF,GO,0.18366984911947193
Pré,tipo_estiagem_e_seca,DF,MA,-0.269053977209598
Pré,tipo_estiagem_e_seca,DF,MG,0.5217947176409349
Pré,tipo_estiagem_e_seca,DF,MS,0.4055708177972037
Pré,tipo_estiagem_e_seca,DF,MT,0.017985687655342968
Pré,tipo_estiagem_e_seca,DF,PA,0.03682363793659465
Pré,tipo_estiagem_e_seca,DF,PB,0.08359790119172558
Pré,tipo_estiagem_e_seca,DF,PE,-0.05159806461334064
Pré,tipo_estiagem_e_seca,DF,PI,-0.1819139586644944
Pré,tipo_estiagem_e_seca,DF,PR,0.5367741893825304
Pré,tipo_estiagem_e_seca,DF,RJ,0.07151664320665267
Pré,tipo_estiagem_e_seca,DF,RN,-0.0010737985734167322
Pré,tipo_estiagem_e_seca,DF,RO,0.33020566189380146
Pré,tipo_estiagem_e_seca,DF,RR,-0.35447346690330694
Pré,tipo_estiagem_e_seca,DF,RS,0.3977060693780939
Pré,tipo_estiagem_e_seca,DF,SC,0.5662168731470689
Pré,tipo_estiagem_e_seca,DF,SE,-0.0763492718268827
Pré,tipo_estiagem_e_seca,DF,SP,0.5360228860823458
Pré,tipo_estiagem_e_seca,DF,TO,0.0764764032502914
Pré,tipo_estiagem_e_seca,ES,GO,-0.05625514100608731
Pré,tipo_estiagem_e_seca,ES,MA,0.11204500115024021
Pré,tipo_estiagem_e_seca,ES,MG,0.21763153949242298
Pré,tipo_estiagem_e_seca,ES,MS,-0.15815972961535152
Pré,tipo_estiagem_e_seca,ES,MT,-0.1350002329671173
Pré,tipo_estiagem_e_seca,ES,PA,0.05491304081694191
Pré,tipo_estiagem_e_seca,ES,PB,0.12194758486640013
Pré,tipo_estiagem_e_seca,ES,PE,0.13005215264973727
Pré,tipo_estiagem_e_seca,ES,PI,-0.007870654270775651
Pré,tipo_estiagem_e_seca,ES,PR,-0.029463150656532825
Pré,tipo_estiagem_e_seca,ES,RJ,0.19286465300932698
Pré,tipo_estiagem_e_seca,ES,RN,0.25041423920298755
Pré,tipo_estiagem_e_seca,ES,RO,-0.02780750370091516
Pré,tipo_estiagem_e_seca,ES,RR,-0.3789330022963345
Pré,tipo_estiagem_e_seca,ES,RS,-0.009132254765187312
Pré,tipo_estiagem_e_seca,ES,SC,0.10263278370869157
Pré,tipo_estiagem_e_seca,ES,SE,0.024296845258696832
Pré,tipo_estiagem_e_seca,ES,SP,0.19376486524186415
Pré,tipo_estiagem_e_seca,ES,TO,0.046005577444897534
Pré,tipo_estiagem_e_seca,GO,MA,0.06972860201068201
Pré,tipo_estiagem_e_seca,GO,MG,0.23347366216536397
Pré,tipo_estiagem_e_seca,GO,MS,0.3033566074361094
Pré,tipo_estiagem_e_seca,GO,MT,0.3570931252380432
Pré,tipo_estiagem_e_seca,GO,PA,0.17673795780746768
Pré,tipo_estiagem_e_seca,GO,PB,-0.10479131502055775
Pré,tipo_estiagem_e_seca,GO,PE,-0.12333563541041911
Pré,tipo_estiagem_e_seca,GO,PI,0.12808809940629734
Pré,tipo_estiagem_e_seca,GO,PR,0.34076964451536756
Pré,tipo_estiagem_e_seca,GO,RJ,-0.1437588401566306
Pré,tipo_estiagem_e_seca,GO,RN,0.07453175047272137
Pré,tipo_estiagem_e_seca,GO,RO,-0.09047982759336248
Pré,tipo_estiagem_e_seca,GO,RR,-0.3761158359028754
Pré,tipo_estiagem_e_seca,GO,RS,0.24313242330775672
Pré,tipo_estiagem_e_seca,GO,SC,0.14145904017128275
Pré,tipo_estiagem_e_seca,GO,SE,0.23274240801594973
Pré,tipo_estiagem_e_seca,GO,SP,-0.009480940882359337
Pré,tipo_estiagem_e_seca,GO,TO,0.08675830292186912
Pré,tipo_estiagem_e_seca,MA,MG,-0.18218017325692099
Pré,tipo_estiagem_e_seca,MA,MS,-0.20735937055287365
Pré,tipo_estiagem_e_seca,MA,MT,-0.041419399540224444
Pré,tipo_estiagem_e_seca,MA,PA,0.09257797641869644
Pré,tipo_estiagem_e_seca,MA,PB,0.15138495108689937
Pré,tipo_estiagem_e_seca,MA,PE,0.07666782611817166
Pré,tipo_estiagem_e_seca,MA,PI,0.6410068054262039
Pré,tipo_estiagem_e_seca,MA,PR,-0.2345389096205987
Pré,tipo_estiagem_e_seca,MA,RJ,-0.0027323142204097733
Pré,tipo_estiagem_e_seca,MA,RN,0.19922461808229652
Pré,tipo_estiagem_e_seca,MA,RO,-0.2387738175366501
Pré,tipo_estiagem_e_seca,MA,RR,-0.27547283421241947
Pré,tipo_estiagem_e_seca,MA,RS,-0.18754592811124196
Pré,tipo_estiagem_e_seca,MA,SC,-0.4203934641578535
Pré,tipo_estiagem_e_seca,MA,SE,0.07357081953318517
Pré,tipo_estiagem_e_seca,MA,SP,-0.4821507611493355
Pré,tipo_estiagem_e_seca,MA,TO,0.23830501473132884
Pré,tipo_estiagem_e_seca,MG,MS,0.3084892326513382
Pré,tipo_estiagem_e_seca,MG,MT,0.08786653339115864
Pré,tipo_estiagem_e_seca,MG,PA,0.14526591711308096
Pré,tipo_estiagem_e_seca,MG,PB,-0.06304109624061786
Pré,tipo_estiagem_e_seca,MG,PE,-0.004745091254570438
Pré,tipo_estiagem_e_seca,MG,PI,-0.18105803474452176
Pré,tipo_estiagem_e_seca,MG,PR,0.5170808275571508
Pré,tipo_estiagem_e_seca,MG,RJ,0.33917014606837964
Pré,tipo_estiagem_e_seca,MG,RN,-0.04378566098953127
Pré,tipo_estiagem_e_seca,MG,RO,0.17935222213218505
Pré,tipo_estiagem_e_seca,MG,RR,-0.48038429171028274
Pré,tipo_estiagem_e_seca,MG,RS,0.1846791707986458
Pré,tipo_estiagem_e_seca,MG,SC,0.5110596365327862
Pré,tipo_estiagem_e_seca,MG,SE,-0.06634281856480705
Pré,tipo_estiagem_e_seca,MG,SP,0.5839325143655376
Pré,tipo_estiagem_e_seca,MG,TO,0.0211904505935627
Pré,tipo_estiagem_e_seca,MS,MT,0.18572659568793762
Pré,tipo_estiagem_e_seca,MS,PA,0.08799768778955475
Pré,tipo_estiagem_e_seca,MS,PB,-0.056266296488392625
Pré,tipo_estiagem_e_seca,MS,PE,-0.15272442622910595
Pré,tipo_estiagem_e_seca,MS,PI,-0.15283696686624543
Pré,tipo_estiagem_e_seca,MS,PR,0.6411229448060995
Pré,tipo_estiagem_e_seca,MS,RJ,-0.01910225698510307
Pré,tipo_estiagem_e_seca,MS,RN,-0.23604817747216653
Pré,tipo_estiagem_e_seca,MS,RO,-0.061443607931784806
Pré,tipo_estiagem_e_seca,MS,RR,-0.29752822010925795
Pré,tipo_estiagem_e_seca,MS,RS,0.4570901467272869
Pré,tipo_estiagem_e_seca,MS,SC,0.4158718780627493
Pré,tipo_estiagem_e_seca,MS,SE,-0.1447931774597482
Pré,tipo_estiagem_e_seca,MS,SP,0.2825525829853945
Pré,tipo_estiagem_e_seca,MS,TO,0.173515973793439
Pré,tipo_estiagem_e_seca,MT,PA,-0.08571746212687952
Pré,tipo_estiagem_e_seca,MT,PB,-0.21407630495533306
Pré,tipo_estiagem_e_seca,MT,PE,-0.21273461200378949
Pré,tipo_estiagem_e_seca,MT,PI,-0.14470773860340233
Pré,tipo_estiagem_e_seca,MT,PR,0.21894068968694003
Pré,tipo_estiagem_e_seca,MT,RJ,-0.10172368576518312
Pré,tipo_estiagem_e_seca,MT,RN,-0.054897673440430374
Pré,tipo_estiagem_e_seca,MT,RO,-0.10366854272661444
Pré,tipo_estiagem_e_seca,MT,RR,-0.1576870511641973
Pré,tipo_estiagem_e_seca,MT,RS,0.15653168768064912
Pré,tipo_estiagem_e_seca,MT,SC,0.021604882947878636
Pré,tipo_estiagem_e_seca,MT,SE,0.11321565125472745
Pré,tipo_estiagem_e_seca,MT,SP,-0.06352847078628446
Pré,tipo_estiagem_e_seca,MT,TO,0.16384881701715773
Pré,tipo_estiagem_e_seca,PA,PB,0.06378073980348473
Pré,tipo_estiagem_e_seca,PA,PE,0.12876473138517508
Pré,tipo_estiagem_e_seca,PA,PI,-0.11272955199631576
Pré,tipo_estiagem_e_seca,PA,PR,0.08633837000948169
Pré,tipo_estiagem_e_seca,PA,RJ,0.20592331423801488
Pré,tipo_estiagem_e_seca,PA,RN,0.05180067265228277
Pré,tipo_estiagem_e_seca,PA,RO,0.05280353162940067
Pré,tipo_estiagem_e_seca,PA,RR,-0.40339306755394055
Pré,tipo_estiagem_e_seca,PA,RS,0.03202572250716082
Pré,tipo_estiagem_e_seca,PA,SC,0.14032382839770716
Pré,tipo_estiagem_e_seca,PA,SE,0.02321379192652826
Pré,tipo_estiagem_e_seca,PA,SP,0.08968146672575783
Pré,tipo_estiagem_e_seca,PA,TO,-0.06419297511455108
Pré,tipo_estiagem_e_seca,PB,PE,0.3399554239679518
Pré,tipo_estiagem_e_seca,PB,PI,0.36014316569545834
Pré,tipo_estiagem_e_seca,PB,PR,0.09496807335227665
Pré,tipo_estiagem_e_seca,PB,RJ,-0.011531046146630803
Pré,tipo_estiagem_e_seca,PB,RN,0.19220577345261514
Pré,tipo_estiagem_e_seca,PB,RO,0.08331729871285123
Pré,tipo_estiagem_e_seca,PB,RR,-0.2736392747988407
Pré,tipo_estiagem_e_seca,PB,RS,-0.15403184708294124
Pré,tipo_estiagem_e_seca,PB,SC,0.03247277492239149
Pré,tipo_estiagem_e_seca,PB,SE,0.00811658498332381
Pré,tipo_estiagem_e_seca,PB,SP,0.05898232089736947
Pré,tipo_estiagem_e_seca,PB,TO,-0.23970151562070058
Pré,tipo_estiagem_e_seca,PE,PI,0.13609989718460708
Pré,tipo_estiagem_e_seca,PE,PR,-0.015018306824817754
Pré,tipo_estiagem_e_seca,PE,RJ,0.3809831034413281
Pré,tipo_estiagem_e_seca,PE,RN,-0.11557774918784941
Pré,tipo_estiagem_e_seca,PE,RO,-0.0377537633898974
Pré,tipo_estiagem_e_seca,PE,RR,-0.23222169577958746
Pré,tipo_estiagem_e_seca,PE,RS,-0.14636285814123612
Pré,tipo_estiagem_e_seca,PE,SC,-0.012619201016687514
Pré,tipo_estiagem_e_seca,PE,SE,0.008672327577648416
Pré,tipo_estiagem_e_seca,PE,SP,0.1194620351683837
Pré,tipo_estiagem_e_seca,PE,TO,-0.2911254570437845
Pré,tipo_estiagem_e_seca,PI,PR,-0.18888499600921885
Pré,tipo_estiagem_e_seca,PI,RJ,-0.22823432325977377
Pré,tipo_estiagem_e_seca,PI,RN,0.13411049827887916
Pré,tipo_estiagem_e_seca,PI,RO,-0.2101447483654355
Pré,tipo_estiagem_e_seca,PI,RR,-0.12191849229781222
Pré,tipo_estiagem_e_seca,PI,RS,-0.03339531664426416
Pré,tipo_estiagem_e_seca,PI,SC,-0.271017391278073
Pré,tipo_estiagem_e_seca,PI,SE,0.06874959430252348
Pré,tipo_estiagem_e_seca,PI,SP,-0.36557899248837583
Pré,tipo_estiagem_e_seca,PI,TO,-0.0015274147598244023
Pré,tipo_estiagem_e_seca,PR,RJ,0.1272647280950765
Pré,tipo_estiagem_e_seca,PR,RN,-0.10864221073166078
Pré,tipo_estiagem_e_seca,PR,RO,0.2715373994233463
Pré,tipo_estiagem_e_seca,PR,RR,-0.45594533052267555
Pré,tipo_estiagem_e_seca,PR,RS,0.5505709648114444
Pré,tipo_estiagem_e_seca,PR,SC,0.6397512080149821
Pré,tipo_estiagem_e_seca,PR,SE,-0.022154813781769245
Pré,tipo_estiagem_e_seca,PR,SP,0.5573725677599888
Pré,tipo_estiagem_e_seca,PR,TO,0.10861027160956874
Pré,tipo_estiagem_e_seca,RJ,RN,-0.050907100020184747
Pré,tipo_estiagem_e_seca,RJ,RO,0.20874079282981375
Pré,tipo_estiagem_e_seca,RJ,RR,-0.37570022916040763
Pré,tipo_estiagem_e_seca,RJ,RS,-0.15090480985397528
Pré,tipo_estiagem_e_seca,RJ,SC,0.26517015042138564
Pré,tipo_estiagem_e_seca,RJ,SE,-0.1724257628753728
Pré,tipo_estiagem_e_seca,RJ,SP,0.38460473104024306
Pré,tipo_estiagem_e_seca,RJ,TO,-0.09475436057491342
Pré,tipo_estiagem_e_seca,RN,RO,-0.012559129511863979
Pré,tipo_estiagem_e_seca,RN,RR,-0.25634730030167435
Pré,tipo_estiagem_e_seca,RN,RS,-0.10796243069768512
Pré,tipo_estiagem_e_seca,RN,SC,-0.14447573062384966
Pré,tipo_estiagem_e_seca,RN,SE,0.1643161546770762
Pré,tipo_estiagem_e_seca,RN,SP,-0.07779674489374964
Pré,tipo_estiagem_e_seca,RN,TO,0.0074940988163797444
Pré,tipo_estiagem_e_seca,RO,RR,-0.11202461372429265
Pré,tipo_estiagem_e_seca,RO,RS,0.2996989025484252
Pré,tipo_estiagem_e_seca,RO,SC,0.5330739918586834
Pré,tipo_estiagem_e_seca,RO,SE,-0.10366824790020948
Pré,tipo_estiagem_e_seca,RO,SP,0.5212752540923844
Pré,tipo_estiagem_e_seca,RO,TO,-0.05109827677064571
Pré,tipo_estiagem_e_seca,RR,RS,-0.15869741375006208
Pré,tipo_estiagem_e_seca,RR,SC,-0.3620192706763554
Pré,tipo_estiagem_e_seca,RR,SE,-0.12339142736303149
Pré,tipo_estiagem_e_seca,RR,SP,-0.3226618580672561
Pré,tipo_estiagem_e_seca,RR,TO,-0.1732819121562924
Pré,tipo_estiagem_e_seca,RS,SC,0.47722983904416477
Pré,tipo_estiagem_e_seca,RS,SE,-0.12972954918777313
Pré,tipo_estiagem_e_seca,RS,SP,0.32409570719776204
Pré,tipo_estiagem_e_seca,RS,TO,0.31152492432469425
Pré,tipo_estiagem_e_seca,SC,SE,-0.21251397169171551
Pré,tipo_estiagem_e_seca,SC,SP,0.777433404530911
Pré,tipo_estiagem_e_seca,SC,TO,-0.07260123468551376
Pré,tipo_estiagem_e_seca,SE,SP,-0.16701990561650187
Pré,tipo_estiagem_e_seca,SE,TO,-0.16594848719516597
Pré,tipo_estiagem_e_seca,SP,TO,-0.22348641032736988
Pré,tipo_granizo,AC,AL,-0.0921780626227543
Pré,tipo_granizo,AC,AM,0.29989786851874045
Pré,tipo_granizo,AC,AP,-0.09189675017576751
Pré,tipo_granizo,AC,BA,0.08976750283268989
Pré,tipo_granizo,AC,CE,0.01826807434070922
Pré,tipo_granizo,AC,DF,-0.17507631924851635
Pré,tipo_granizo,AC,ES,0.027406387894799128
Pré,tipo_granizo,AC,GO,-0.16437356332794115
Pré,tipo_granizo,AC,MA,-0.02341202125412506
Pré,tipo_granizo,AC,MG,-0.12722935788398648
Pré,tipo_granizo,AC,MS,-0.21976987592936661
Pré,tipo_granizo,AC,MT,-0.20634126228981867
Pré,tipo_granizo,AC,PA,0.14199253086499736
Pré,tipo_granizo,AC,PB,-0.07251899242740527
Pré,tipo_granizo,AC,PE,0.1082834558069138
Pré,tipo_granizo,AC,PI,-0.02413835495753373
Pré,tipo_granizo,AC,PR,-0.25604043481491046
Pré,tipo_granizo,AC,RJ,0.1302985073366866
Pré,tipo_granizo,AC,RN,-0.14449380196848355
Pré,tipo_granizo,AC,RO,0.17954881527933572
Pré,tipo_granizo,AC,RR,-0.009437792854265962
Pré,tipo_granizo,AC,RS,-0.24553619712140495
Pré,tipo_granizo,AC,SC,0.08868199921405594
Pré,tipo_granizo,AC,SE,0.030823306758687753
Pré,tipo_granizo,AC,SP,0.07399030893757597
Pré,tipo_granizo,AC,TO,-0.20266240690027923
Pré,tipo_granizo,AL,AM,-0.11493141811542631
Pré,tipo_granizo,AL,AP,-0.14408190273860264
Pré,tipo_granizo,AL,BA,0.4951319471755538
Pré,tipo_granizo,AL,CE,0.31723799711984224
Pré,tipo_granizo,AL,DF,-0.11321387298586492
Pré,tipo_granizo,AL,ES,0.12423321237767428
Pré,tipo_granizo,AL,GO,-0.00797323669805075
Pré,tipo_granizo,AL,MA,0.2378396614424932
Pré,tipo_granizo,AL,MG,-0.20861561232695658
Pré,tipo_granizo,AL,MS,-0.07822537969324453
Pré,tipo_granizo,AL,MT,-0.08884837205022036
Pré,tipo_granizo,AL,PA,0.1732713658361235
Pré,tipo_granizo,AL,PB,0.4199349871665713
Pré,tipo_granizo,AL,PE,0.4060854199987439
Pré,tipo_granizo,AL,PI,0.2507950528865574
Pré,tipo_granizo,AL,PR,-0.1076989434687175
Pré,tipo_granizo,AL,RJ,0.10922446428446383
Pré,tipo_granizo,AL,RN,0.28005502784628933
Pré,tipo_granizo,AL,RO,-0.29235780109407133
Pré,tipo_granizo,AL,RR,-0.2674660833142378
Pré,tipo_granizo,AL,RS,-0.21799398134390016
Pré,tipo_granizo,AL,SC,-0.29495241849943926
Pré,tipo_granizo,AL,SE,0.18047647560616883
Pré,tipo_granizo,AL,SP,-0.19599778269959475
Pré,tipo_granizo,AL,TO,-0.23789765103506658
Pré,tipo_granizo,AM,AP,0.022850521183163896
Pré,tipo_granizo,AM,BA,0.09658878145822493
Pré,tipo_granizo,AM,CE,0.13490367575566056
Pré,tipo_granizo,AM,DF,-0.08532306878557369
Pré,tipo_granizo,AM,ES,0.1524011265253456
Pré,tipo_granizo,AM,GO,-0.14149435778930045
Pré,tipo_granizo,AM,MA,-0.06772698565747938
Pré,tipo_granizo,AM,MG,0.0060590523930534835
Pré,tipo_granizo,AM,MS,-0.03388617121007565
Pré,tipo_granizo,AM,MT,-0.2047098307037593
Pré,tipo_granizo,AM,PA,0.08434180339252846
Pré,tipo_granizo,AM,PB,-0.14178489455219837
Pré,tipo_granizo,AM,PE,0.1067187314021757
Pré,tipo_granizo,AM,PI,-0.16515890278473858
Pré,tipo_granizo,AM,PR,-0.13062279833574666
Pré,tipo_granizo,AM,RJ,0.2721325345345859
Pré,tipo_granizo,AM,RN,-0.16856606251070655
Pré,tipo_granizo,AM,RO,-0.02121867278041603
Pré,tipo_granizo,AM,RR,-0.15837875989813133
Pré,tipo_granizo,AM,RS,-0.17758772086557353
Pré,tipo_granizo,AM,SC,0.1112123684605059
Pré,tipo_granizo,AM,SE,0.12360324220172289
Pré,tipo_granizo,AM,SP,0.1654260508183479
Pré,tipo_granizo,AM,TO,-0.13566069585625581
Pré,tipo_granizo,AP,BA,-0.1799895279632391
Pré,tipo_granizo,AP,CE,-0.1436302053731542
Pré,tipo_granizo,AP,DF,-0.09759341189815675
Pré,tipo_granizo,AP,ES,-0.09292710391404468
Pré,tipo_granizo,AP,GO,-0.10222675724516676
Pré,tipo_granizo,AP,MA,-0.08662012474383095
Pré,tipo_granizo,AP,MG,0.15103902894166676
Pré,tipo_granizo,AP,MS,0.10223597500505649
Pré,tipo_granizo,AP,MT,-0.09522985006285076
Pré,tipo_granizo,AP,PA,0.05384967298024728
Pré,tipo_granizo,AP,PB,-0.12315868219149353
Pré,tipo_granizo,AP,PE,-0.17186412004064278
Pré,tipo_granizo,AP,PI,-0.21162136211686272
Pré,tipo_granizo,AP,PR,-0.049917186976823805
Pré,tipo_granizo,AP,RJ,-0.0680100086298285
Pré,tipo_granizo,AP,RN,-0.12940413974339066
Pré,tipo_granizo,AP,RO,-0.24425942451688581
Pré,tipo_granizo,AP,RR,-0.04379971708750086
Pré,tipo_granizo,AP,RS,-0.27139575034840807
Pré,tipo_granizo,AP,SC,-0.11291546455131551
Pré,tipo_granizo,AP,SE,-0.2230661635795318
Pré,tipo_granizo,AP,SP,-0.1022448799329281
Pré,tipo_granizo,AP,TO,0.07064871846228124
Pré,tipo_granizo,BA,CE,0.2994914712467733
Pré,tipo_granizo,BA,DF,-0.07647766120326718
Pré,tipo_granizo,BA,ES,0.12151786708518757
Pré,tipo_granizo,BA,GO,0.14459630961504627
Pré,tipo_granizo,BA,MA,0.14929096474022507
Pré,tipo_granizo,BA,MG,-0.07126696727372722
Pré,tipo_granizo,BA,MS,-0.02015455874695923
Pré,tipo_granizo,BA,MT,-0.15914105858731376
Pré,tipo_granizo,BA,PA,0.21377088082405996
Pré,tipo_granizo,BA,PB,0.184413217299283
Pré,tipo_granizo,BA,PE,0.26449853042981414
Pré,tipo_granizo,BA,PI,0.09315596078693353
Pré,tipo_granizo,BA,PR,-0.14262265275291436
Pré,tipo_granizo,BA,RJ,0.3206204018444822
Pré,tipo_granizo,BA,RN,0.3451392968939266
Pré,tipo_granizo,BA,RO,-0.05276287768000195
Pré,tipo_granizo,BA,RR,-0.32876641012061036
Pré,tipo_granizo,BA,RS,-0.2372943351930102
Pré,tipo_granizo,BA,SC,-0.12252235410989351
Pré,tipo_granizo,BA,SE,0.1632978921487379
Pré,tipo_granizo,BA,SP,-0.023617561913448073
Pré,tipo_granizo,BA,TO,-0.22589364603142056
Pré,tipo_granizo,CE,DF,0.0014982835050141867
Pré,tipo_granizo,CE,ES,0.32542836399612773
Pré,tipo_granizo,CE,GO,0.016129484911855164
Pré,tipo_granizo,CE,MA,0.2775613466008481
Pré,tipo_granizo,CE,MG,0.06753668041167794
Pré,tipo_granizo,CE,MS,-0.1723093306397552
Pré,tipo_granizo,CE,MT,-0.1174000190253031
Pré,tipo_granizo,CE,PA,0.2153606103663172
Pré,tipo_granizo,CE,PB,0.33704252828415204
Pré,tipo_granizo,CE,PE,0.525679487347406
Pré,tipo_granizo,CE,PI,0.1614379529791682
Pré,tipo_granizo,CE,PR,-0.05605083127415607
Pré,tipo_granizo,CE,RJ,0.41230747691846803
Pré,tipo_granizo,CE,RN,0.14287298714252974
Pré,tipo_granizo,CE,RO,-0.010011592770130348
Pré,tipo_granizo,CE,RR,-0.4380798402340495
Pré,tipo_granizo,CE,RS,-0.1978903122886195
Pré,tipo_granizo,CE,SC,-0.011253159154503695
Pré,tipo_granizo,CE,SE,0.016391210634045337
Pré,tipo_granizo,CE,SP,0.045318488370879685
Pré,tipo_granizo,CE,TO,-0.1339848835345273
Pré,tipo_granizo,DF,ES,0.11062933997730827
Pré,tipo_granizo,DF,GO,0.17815467665096765
Pré,tipo_granizo,DF,MA,-0.26782247596580394
Pré,tipo_granizo,DF,MG,0.519266249948407
Pré,tipo_granizo,DF,MS,0.4041113874261935
Pré,tipo_granizo,DF,MT,0.01704946498033507
Pré,tipo_granizo,DF,PA,0.03699138544658935
Pré,tipo_granizo,DF,PB,0.0912584060252978
Pré,tipo_granizo,DF,PE,-0.04912554283241361
Pré,tipo_granizo,DF,PI,-0.18096356360917143
Pré,tipo_granizo,DF,PR,0.5339653186562627
Pré,tipo_granizo,DF,RJ,0.07598301678806275
Pré,tipo_granizo,DF,RN,-0.0009865047760845304
Pré,tipo_granizo,DF,RO,0.33031997068503494
Pré,tipo_granizo,DF,RR,-0.35432669478095286
Pré,tipo_granizo,DF,RS,0.39626342853070473
Pré,tipo_granizo,DF,SC,0.5663868980571584
Pré,tipo_granizo,DF,SE,-0.07684365561793438
Pré,tipo_granizo,DF,SP,0.537362145557701
Pré,tipo_granizo,DF,TO,0.07065135940395001
Pré,tipo_granizo,ES,GO,-0.05508327543943105
Pré,tipo_granizo,ES,MA,0.11374840040669057
Pré,tipo_granizo,ES,MG,0.21840816797932602
Pré,tipo_granizo,ES,MS,-0.15663604858001565
Pré,tipo_granizo,ES,MT,-0.1329461225381592
Pré,tipo_granizo,ES,PA,0.05612945022625417
Pré,tipo_granizo,ES,PB,0.12289841658131534
Pré,tipo_granizo,ES,PE,0.12426692659397762
Pré,tipo_granizo,ES,PI,-0.008492581881197218
Pré,tipo_granizo,ES,PR,-0.029405083601967766
Pré,tipo_granizo,ES,RJ,0.19381688381243772
Pré,tipo_granizo,ES,RN,0.24781983214122846
Pré,tipo_granizo,ES,RO,-0.02797109027566538
Pré,tipo_granizo,ES,RR,-0.3799128772521281
Pré,tipo_granizo,ES,RS,-0.008378735439727258
Pré,tipo_granizo,ES,SC,0.10156144237654316
Pré,tipo_granizo,ES,SE,0.024415719902403404
Pré,tipo_granizo,ES,SP,0.1937320644781499
Pré,tipo_granizo,ES,TO,0.049957047211438906
Pré,tipo_granizo,GO,MA,0.06978175821484156
Pré,tipo_granizo,GO,MG,0.23188880353584776
Pré,tipo_granizo,GO,MS,0.3031239466752885
Pré,tipo_granizo,GO,MT,0.355782120060925
Pré,tipo_granizo,GO,PA,0.1766629885886226
Pré,tipo_granizo,GO,PB,-0.09409353095889413
Pré,tipo_granizo,GO,PE,-0.12182457952964089
Pré,tipo_granizo,GO,PI,0.12374030007128034
Pré,tipo_granizo,GO,PR,0.3399962291286958
Pré,tipo_granizo,GO,RJ,-0.14385683781081104
Pré,tipo_granizo,GO,RN,0.08494363563606076
Pré,tipo_granizo,GO,RO,-0.09186456789182379
Pré,tipo_granizo,GO,RR,-0.37703250880262734
Pré,tipo_granizo,GO,RS,0.24212851131351845
Pré,tipo_granizo,GO,SC,0.14109666194280981
Pré,tipo_granizo,GO,SE,0.23281328107493313
Pré,tipo_granizo,GO,SP,-0.010839788685441406
Pré,tipo_granizo,GO,TO,0.08554196980371985
Pré,tipo_granizo,MA,MG,-0.18191860524242678
Pré,tipo_granizo,MA,MS,-0.20718237411689125
Pré,tipo_granizo,MA,MT,-0.04242592759565585
Pré,tipo_granizo,MA,PA,0.09380659633824506
Pré,tipo_granizo,MA,PB,0.1571588658387408
Pré,tipo_granizo,MA,PE,0.07625228763760968
Pré,tipo_granizo,MA,PI,0.640113945496528
Pré,tipo_granizo,MA,PR,-0.2339316866644134
Pré,tipo_granizo,MA,RJ,-0.002012115726216227
Pré,tipo_granizo,MA,RN,0.19502664144762252
Pré,tipo_granizo,MA,RO,-0.2382481712365627
Pré,tipo_granizo,MA,RR,-0.2755878702812942
Pré,tipo_granizo,MA,RS,-0.18455783139931464
Pré,tipo_granizo,MA,SC,-0.41865105898275246
Pré,tipo_granizo,MA,SE,0.07469465181064214
Pré,tipo_granizo,MA,SP,-0.481798790774553
Pré,tipo_granizo,MA,TO,0.23738448538987095
Pré,tipo_granizo,MG,MS,0.30684143664719166
Pré,tipo_granizo,MG,MT,0.08611196615599426
Pré,tipo_granizo,MG,PA,0.14524058407697638
Pré,tipo_granizo,MG,PB,-0.05455561605649288
Pré,tipo_granizo,MG,PE,-0.005558550804560221
Pré,tipo_granizo,MG,PI,-0.17969369648196304
Pré,tipo_granizo,MG,PR,0.5146673103790372
Pré,tipo_granizo,MG,RJ,0.3386522816247928
Pré,tipo_granizo,MG,RN,-0.04283861603174836
Pré,tipo_granizo,MG,RO,0.17978791027745944
Pré,tipo_granizo,MG,RR,-0.4803092262236955
Pré,tipo_granizo,MG,RS,0.1860229187972951
Pré,tipo_granizo,MG,SC,0.5112174338261489
Pré,tipo_granizo,MG,SE,-0.06753775680314242
Pré,tipo_granizo,MG,SP,0.5841072257827363
Pré,tipo_granizo,MG,TO,0.020636903863548512
Pré,tipo_granizo,MS,MT,0.18291084865348686
Pré,tipo_granizo,MS,PA,0.08722741770285294
Pré,tipo_granizo,MS,PB,-0.0469905835643097
Pré,tipo_granizo,MS,PE,-0.15465059587542104
Pré,tipo_granizo,MS,PI,-0.15269413148033403
Pré,tipo_granizo,MS,PR,0.6403961012754288
Pré,tipo_granizo,MS,RJ,-0.0193688420846831
Pré,tipo_granizo,MS,RN,-0.2330845288864618
Pré,tipo_granizo,MS,RO,-0.0626684357701404
Pré,tipo_granizo,MS,RR,-0.2962466926759345
Pré,tipo_granizo,MS,RS,0.4547858360747752
Pré,tipo_granizo,MS,SC,0.4138446293561741
Pré,tipo_granizo,MS,SE,-0.14590002715852107
Pré,tipo_granizo,MS,SP,0.2815799740071508
Pré,tipo_granizo,MS,TO,0.17246976413812762
Pré,tipo_granizo,MT,PA,-0.08650987723047183
Pré,tipo_granizo,MT,PB,-0.20594591857948352
Pré,tipo_granizo,MT,PE,-0.2090122462049833
Pré,tipo_granizo,MT,PI,-0.14660161041616598
Pré,tipo_granizo,MT,PR,0.21845928135923295
Pré,tipo_granizo,MT,RJ,-0.10233215145985321
Pré,tipo_granizo,MT,RN,-0.046219564472969286
Pré,tipo_granizo,MT,RO,-0.10518009839335046
Pré,tipo_granizo,MT,RR,-0.15779176586403898
Pré,tipo_granizo,MT,RS,0.1541960110313748
Pré,tipo_granizo,MT,SC,0.01889080936361785
Pré,tipo_granizo,MT,SE,0.11277049236991182
Pré,tipo_granizo,MT,SP,-0.06511250642941588
Pré,tipo_granizo,MT,TO,0.16224544194228838
Pré,tipo_granizo,PA,PB,0.06874102458872208
Pré,tipo_granizo,PA,PE,0.131000744302831
Pré,tipo_granizo,PA,PI,-0.11781086514295469
Pré,tipo_granizo,PA,PR,0.08726390361169448
Pré,tipo_granizo,PA,RJ,0.20729691170670228
Pré,tipo_granizo,PA,RN,0.04943731175024394
Pré,tipo_granizo,PA,RO,0.05303173226991804
Pré,tipo_granizo,PA,RR,-0.40370533914579165
Pré,tipo_granizo,PA,RS,0.03305670937411318
Pré,tipo_granizo,PA,SC,0.1414976386207071
Pré,tipo_granizo,PA,SE,0.02406970631952731
Pré,tipo_granizo,PA,SP,0.09053542696436395
Pré,tipo_granizo,PA,TO,-0.06469612070261536
Pré,tipo_granizo,PB,PE,0.3300945389754726
Pré,tipo_granizo,PB,PI,0.3625813695943109
Pré,tipo_granizo,PB,PR,0.1039757112035318
Pré,tipo_granizo,PB,RJ,-0.02172237583161159
Pré,tipo_granizo,PB,RN,0.1900459662404336
Pré,tipo_granizo,PB,RO,0.08062119286142506
Pré,tipo_granizo,PB,RR,-0.27652273804014066
Pré,tipo_granizo,PB,RS,-0.14341614442359543
Pré,tipo_granizo,PB,SC,0.03629653318011627
Pré,tipo_granizo,PB,SE,0.003580856579050162
Pré,tipo_granizo,PB,SP,0.05964705210931679
Pré,tipo_granizo,PB,TO,-0.22404389580470943
Pré,tipo_granizo,PE,PI,0.13265884672464887
Pré,tipo_granizo,PE,PR,-0.014878419581302132
Pré,tipo_granizo,PE,RJ,0.38438871135625646
Pré,tipo_granizo,PE,RN,-0.12048218680565786
Pré,tipo_granizo,PE,RO,-0.037091739247148175
Pré,tipo_granizo,PE,RR,-0.23122866293930042
Pré,tipo_granizo,PE,RS,-0.14736338067434032
Pré,tipo_granizo,PE,SC,-0.014512027849191509
Pré,tipo_granizo,PE,SE,0.010788296930943948
Pré,tipo_granizo,PE,SP,0.1213743572316886
Pré,tipo_granizo,PE,TO,-0.29114079986457797
Pré,tipo_granizo,PI,PR,-0.19033126661265984
Pré,tipo_granizo,PI,RJ,-0.22836111824974195
Pré,tipo_granizo,PI,RN,0.13588172088602937
Pré,tipo_granizo,PI,RO,-0.20501934102422814
Pré,tipo_granizo,PI,RR,-0.12070904733362656
Pré,tipo_granizo,PI,RS,-0.03325242898137788
Pré,tipo_granizo,PI,SC,-0.27084779924301644
Pré,tipo_granizo,PI,SE,0.06696101584158168
Pré,tipo_granizo,PI,SP,-0.36338531515849887
Pré,tipo_granizo,PI,TO,-0.0038969342742040556
Pré,tipo_granizo,PR,RJ,0.1276602681848421
Pré,tipo_granizo,PR,RN,-0.10119535396799195
Pré,tipo_granizo,PR,RO,0.27012627558221197
Pré,tipo_granizo,PR,RR,-0.45644421417679604
Pré,tipo_granizo,PR,RS,0.5516278787469132
Pré,tipo_granizo,PR,SC,0.6392547406792252
Pré,tipo_granizo,PR,SE,-0.023109881402678834
Pré,tipo_granizo,PR,SP,0.5562903488949307
Pré,tipo_granizo,PR,TO,0.1070443839891739
Pré,tipo_granizo,RJ,RN,-0.05600127881068831
Pré,tipo_granizo,RJ,RO,0.20863044376826229
Pré,tipo_granizo,RJ,RR,-0.3752565092597681
Pré,tipo_granizo,RJ,RS,-0.14715428862886715
Pré,tipo_granizo,RJ,SC,0.2659738000944235
Pré,tipo_granizo,RJ,SE,-0.17018646424872422
Pré,tipo_granizo,RJ,SP,0.38427147549745583
Pré,tipo_granizo,RJ,TO,-0.09565949652347326
Pré,tipo_granizo,RN,RO,-0.015397864973235899
Pré,tipo_granizo,RN,RR,-0.2581942963660234
Pré,tipo_granizo,RN,RS,-0.10776872636005247
Pré,tipo_granizo,RN,SC,-0.1438944493042566
Pré,tipo_granizo,RN,SE,0.16722692381953608
Pré,tipo_granizo,RN,SP,-0.08002023108255298
Pré,tipo_granizo,RN,TO,0.012067616903078364
Pré,tipo_granizo,RO,RR,-0.11144732737324502
Pré,tipo_granizo,RO,RS,0.29982310089617387
Pré,tipo_granizo,RO,SC,0.5343867927940369
Pré,tipo_granizo,RO,SE,-0.10476570565523512
Pré,tipo_granizo,RO,SP,0.5207025377509924
Pré,tipo_granizo,RO,TO,-0.0515984830521563
Pré,tipo_granizo,RR,RS,-0.15942192929088134
Pré,tipo_granizo,RR,SC,-0.361059390791653
Pré,tipo_granizo,RR,SE,-0.1236626039233581
Pré,tipo_granizo,RR,SP,-0.322807937601741
Pré,tipo_granizo,RR,TO,-0.17323918816390618
Pré,tipo_granizo,RS,SC,0.477450371149603
Pré,tipo_granizo,RS,SE,-0.12956760517701688
Pré,tipo_granizo,RS,SP,0.3244574110233635
Pré,tipo_granizo,RS,TO,0.3104189899229415
Pré,tipo_granizo,SC,SE,-0.21106494503686538
Pré,tipo_granizo,SC,SP,0.7777557660270222
Pré,tipo_granizo,SC,TO,-0.0739750402619372
Pré,tipo_granizo,SE,SP,-0.1675478197254447
Pré,tipo_granizo,SE,TO,-0.16672242997612893
Pré,tipo_granizo,SP,TO,-0.22465790372280736
Pré,tipo_incendio_florestal,AC,AL,-0.09139102886007988
Pré,tipo_incendio_florestal,AC,AM,0.291941220245351
Pré,tipo_incendio_florestal,AC,AP,-0.09308820711708189
Pré,tipo_incendio_florestal,AC,BA,0.08952172497941313
Pré,tipo_incendio_florestal,AC,CE,0.01862912781195139
Pré,tipo_incendio_florestal,AC,DF,-0.17333909473207937
Pré,tipo_incendio_florestal,AC,ES,0.028373901080835758
Pré,tipo_incendio_florestal,AC,GO,-0.16264679516039457
Pré,tipo_incendio_florestal,AC,MA,-0.022834933854208227
Pré,tipo_incendio_florestal,AC,MG,-0.1255015399712243
Pré,tipo_incendio_florestal,AC,MS,-0.21725183137873613
Pré,tipo_incendio_florestal,AC,MT,-0.20556941903153916
Pré,tipo_incendio_florestal,AC,PA,0.14258817714872996
Pré,tipo_incendio_florestal,AC,PB,-0.07140552925995097
Pré,tipo_incendio_florestal,AC,PE,0.10935061772215297
Pré,tipo_incendio_florestal,AC,PI,-0.0224254566024871
Pré,tipo_incendio_florestal,AC,PR,-0.255182087829109
Pré,tipo_incendio_florestal,AC,RJ,0.13157942539072767
Pré,tipo_incendio_florestal,AC,RN,-0.14374329666399174
Pré,tipo_incendio_florestal,AC,RO,0.1805829551185167
Pré,tipo_incendio_florestal,AC,RR,-0.01046568115951993
Pré,tipo_incendio_florestal,AC,RS,-0.2479840966973069
Pré,tipo_incendio_florestal,AC,SC,0.09074205072784987
Pré,tipo_incendio_florestal,AC,SE,0.03353569640866877
Pré,tipo_incendio_florestal,AC,SP,0.07592896328425928
Pré,tipo_incendio_florestal,AC,TO,-0.2033332533082074
Pré,tipo_incendio_florestal,AL,AM,-0.11377133946260312
Pré,tipo_incendio_florestal,AL,AP,-0.14581538644441397
Pré,tipo_incendio_florestal,AL,BA,0.49804177099773955
Pré,tipo_incendio_florestal,AL,CE,0.3169281724733437
Pré,tipo_incendio_florestal,AL,DF,-0.11378220663918363
Pré,tipo_incendio_florestal,AL,ES,0.12464759416455028
Pré,tipo_incendio_florestal,AL,GO,-0.008381572479340644
Pré,tipo_incendio_florestal,AL,MA,0.2382556211314595
Pré,tipo_incendio_florestal,AL,MG,-0.20922130600551322
Pré,tipo_incendio_florestal,AL,MS,-0.08176365937220938
Pré,tipo_incendio_florestal,AL,MT,-0.09023845036558534
Pré,tipo_incendio_florestal,AL,PA,0.17445450025739234
Pré,tipo_incendio_florestal,AL,PB,0.4196797483998486
Pré,tipo_incendio_florestal,AL,PE,0.4061972411699602
Pré,tipo_incendio_florestal,AL,PI,0.2519999039829384
Pré,tipo_incendio_florestal,AL,PR,-0.10905967760938558
Pré,tipo_incendio_florestal,AL,RJ,0.10775580277587969
Pré,tipo_incendio_florestal,AL,RN,0.2787925282419272
Pré,tipo_incendio_florestal,AL,RO,-0.29045686107433477
Pré,tipo_incendio_florestal,AL,RR,-0.26687867382017777
Pré,tipo_incendio_florestal,AL,RS,-0.21587506068532591
Pré,tipo_incendio_florestal,AL,SC,-0.29508934234118206
Pré,tipo_incendio_florestal,AL,SE,0.18091146753879622
Pré,tipo_incendio_florestal,AL,SP,-0.1959283599427622
Pré,tipo_incendio_florestal,AL,TO,-0.23752080103875178
Pré,tipo_incendio_florestal,AM,AP,0.03060645808884916
Pré,tipo_incendio_florestal,AM,BA,0.09083584658896585
Pré,tipo_incendio_florestal,AM,CE,0.1335690209149491
Pré,tipo_incendio_florestal,AM,DF,-0.08657958079718295
Pré,tipo_incendio_florestal,AM,ES,0.1563926233532562
Pré,tipo_incendio_florestal,AM,GO,-0.13876650206766156
Pré,tipo_incendio_florestal,AM,MA,-0.07067670418946317
Pré,tipo_incendio_florestal,AM,MG,0.004480197557031333
Pré,tipo_incendio_florestal,AM,MS,-0.02220417801666858
Pré,tipo_incendio_florestal,AM,MT,-0.20446281594209598
Pré,tipo_incendio_florestal,AM,PA,0.08696049244557387
Pré,tipo_incendio_florestal,AM,PB,-0.1375792333451316
Pré,tipo_incendio_florestal,AM,PE,0.10702138100657936
Pré,tipo_incendio_florestal,AM,PI,-0.16445718040296156
Pré,tipo_incendio_florestal,AM,PR,-0.12863059931552434
Pré,tipo_incendio_florestal,AM,RJ,0.27187812763385394
Pré,tipo_incendio_florestal,AM,RN,-0.1688698268502531
Pré,tipo_incendio_florestal,AM,RO,-0.022349497843977318
Pré,tipo_incendio_florestal,AM,RR,-0.16241727335622863
Pré,tipo_incendio_florestal,AM,RS,-0.1748065090610881
Pré,tipo_incendio_florestal,AM,SC,0.11378558875446941
Pré,tipo_incendio_florestal,AM,SE,0.12132782464089178
Pré,tipo_incendio_florestal,AM,SP,0.16498918751642877
Pré,tipo_incendio_florestal,AM,TO,-0.13317002129858788
Pré,tipo_incendio_florestal,AP,BA,-0.1905358737950268
Pré,tipo_incendio_florestal,AP,CE,-0.14589624343312105
Pré,tipo_incendio_florestal,AP,DF,-0.1002225358904721
Pré,tipo_incendio_florestal,AP,ES,-0.09340943018152528
Pré,tipo_incendio_florestal,AP,GO,-0.10495476263931168
Pré,tipo_incendio_florestal,AP,MA,-0.08787517376610661
Pré,tipo_incendio_florestal,AP,MG,0.1483550032084575
Pré,tipo_incendio_florestal,AP,MS,0.10095025809824286
Pré,tipo_incendio_florestal,AP,MT,-0.09674778578738878
Pré,tipo_incendio_florestal,AP,PA,0.05185526939007234
Pré,tipo_incendio_florestal,AP,PB,-0.12544803283282369
Pré,tipo_incendio_florestal,AP,PE,-0.1739215638898903
Pré,tipo_incendio_florestal,AP,PI,-0.21277108537243672
Pré,tipo_incendio_florestal,AP,PR,-0.05186919065908225
Pré,tipo_incendio_florestal,AP,RJ,-0.06823008437832714
Pré,tipo_incendio_florestal,AP,RN,-0.1313584301608523
Pré,tipo_incendio_florestal,AP,RO,-0.24543668351975267
Pré,tipo_incendio_florestal,AP,RR,-0.038794526697261716
Pré,tipo_incendio_florestal,AP,RS,-0.2683422029617165
Pré,tipo_incendio_florestal,AP,SC,-0.11436500981758568
Pré,tipo_incendio_florestal,AP,SE,-0.2245251363195521
Pré,tipo_incendio_florestal,AP,SP,-0.10505117881629786
Pré,tipo_incendio_florestal,AP,TO,0.06975411356941515
Pré,tipo_incendio_florestal,BA,CE,0.2987982779493329
Pré,tipo_incendio_florestal,BA,DF,-0.07706905938219356
Pré,tipo_incendio_florestal,BA,ES,0.12858805326573075
Pré,tipo_incendio_florestal,BA,GO,0.1477051276532159
Pré,tipo_incendio_florestal,BA,MA,0.1557236860607734
Pré,tipo_incendio_florestal,BA,MG,-0.0729431756541167
Pré,tipo_incendio_florestal,BA,MS,-0.022170866313814003
Pré,tipo_incendio_florestal,BA,MT,-0.15557382080767615
Pré,tipo_incendio_florestal,BA,PA,0.21532841878490144
Pré,tipo_incendio_florestal,BA,PB,0.1850720477534635
Pré,tipo_incendio_florestal,BA,PE,0.2649967878184833
Pré,tipo_incendio_florestal,BA,PI,0.09753328057988253
Pré,tipo_incendio_florestal,BA,PR,-0.1412441231550663
Pré,tipo_incendio_florestal,BA,RJ,0.32142179478047056
Pré,tipo_incendio_florestal,BA,RN,0.35147701616672994
Pré,tipo_incendio_florestal,BA,RO,-0.04999735688227375
Pré,tipo_incendio_florestal,BA,RR,-0.33250544578496843
Pré,tipo_incendio_florestal,BA,RS,-0.23280187701110683
Pré,tipo_incendio_florestal,BA,SC,-0.12530062224217317
Pré,tipo_incendio_florestal,BA,SE,0.17066336188052308
Pré,tipo_incendio_florestal,BA,SP,-0.020915807858043554
Pré,tipo_incendio_florestal,BA,TO,-0.22163836966305256
Pré,tipo_incendio_florestal,CE,DF,0.0002301455766017194
Pré,tipo_incendio_florestal,CE,ES,0.32763273153668493
Pré,tipo_incendio_florestal,CE,GO,0.015021160201502156
Pré,tipo_incendio_florestal,CE,MA,0.2777195579990107
Pré,tipo_incendio_florestal,CE,MG,0.06699724099240152
Pré,tipo_incendio_florestal,CE,MS,-0.16729025953919174
Pré,tipo_incendio_florestal,CE,MT,-0.11820889790221228
Pré,tipo_incendio_florestal,CE,PA,0.21587784486878112
Pré,tipo_incendio_florestal,CE,PB,0.33629827414414715
Pré,tipo_incendio_florestal,CE,PE,0.5252197497049056
Pré,tipo_incendio_florestal,CE,PI,0.16146636324243416
Pré,tipo_incendio_florestal,CE,PR,-0.05652624792048665
Pré,tipo_incendio_florestal,CE,RJ,0.41188809879873395
Pré,tipo_incendio_florestal,CE,RN,0.1414943961311668
Pré,tipo_incendio_florestal,CE,RO,-0.00825360732132778
Pré,tipo_incendio_florestal,CE,RR,-0.43717435863995335
Pré,tipo_incendio_florestal,CE,RS,-0.19707897948693573
Pré,tipo_incendio_florestal,CE,SC,-0.011257021884232093
Pré,tipo_incendio_florestal,CE,SE,0.01758546282801826
Pré,tipo_incendio_florestal,CE,SP,0.0449867839951373
Pré,tipo_incendio_florestal,CE,TO,-0.13415979854819382
Pré,tipo_incendio_florestal,DF,ES,0.11733703229317549
Pré,tipo_incendio_florestal,DF,GO,0.17742453902617705
Pré,tipo_incendio_florestal,DF,MA,-0.26699734265088687
Pré,tipo_incendio_florestal,DF,MG,0.5187082964559725
Pré,tipo_incendio_florestal,DF,MS,0.4039053398464993
Pré,tipo_incendio_florestal,DF,MT,0.01516883610600647
Pré,tipo_incendio_florestal,DF,PA,0.036813639564756
Pré,tipo_incendio_florestal,DF,PB,0.09041063608601745
Pré,tipo_incendio_florestal,DF,PE,-0.04901674157186144
Pré,tipo_incendio_florestal,DF,PI,-0.18025683284802696
Pré,tipo_incendio_florestal,DF,PR,0.5331058048815299
Pré,tipo_incendio_florestal,DF,RJ,0.07807905259150562
Pré,tipo_incendio_florestal,DF,RN,-0.002844192741713781
Pré,tipo_incendio_florestal,DF,RO,0.33182309971281454
Pré,tipo_incendio_florestal,DF,RR,-0.3536621549809944
Pré,tipo_incendio_florestal,DF,RS,0.39593348516362703
Pré,tipo_incendio_florestal,DF,SC,0.5656222823049283
Pré,tipo_incendio_florestal,DF,SE,-0.07604598406922346
Pré,tipo_incendio_florestal,DF,SP,0.5369018311614282
Pré,tipo_incendio_florestal,DF,TO,0.0711109502673533
Pré,tipo_incendio_florestal,ES,GO,-0.05042527244505224
Pré,tipo_incendio_florestal,ES,MA,0.10778390239073761
Pré,tipo_incendio_florestal,ES,MG,0.22446004907143674
Pré,tipo_incendio_florestal,ES,MS,-0.14904614048705125
Pré,tipo_incendio_florestal,ES,MT,-0.13240565529486442
Pré,tipo_incendio_florestal,ES,PA,0.05658324054043969
Pré,tipo_incendio_florestal,ES,PB,0.12265032936665471
Pré,tipo_incendio_florestal,ES,PE,0.12601632410308874
Pré,tipo_incendio_florestal,ES,PI,-0.012172802840052342
Pré,tipo_incendio_florestal,ES,PR,-0.02910770700520977
Pré,tipo_incendio_florestal,ES,RJ,0.1984369148649527
Pré,tipo_incendio_florestal,ES,RN,0.25004823301619306
Pré,tipo_incendio_florestal,ES,RO,-0.030940320102743675
Pré,tipo_incendio_florestal,ES,RR,-0.384621959132637
Pré,tipo_incendio_florestal,ES,RS,-0.010966445870162383
Pré,tipo_incendio_florestal,ES,SC,0.10144431524896738
Pré,tipo_incendio_florestal,ES,SE,0.028200984816606184
Pré,tipo_incendio_florestal,ES,SP,0.19815496759532883
Pré,tipo_incendio_florestal,ES,TO,0.047784178741556084
Pré,tipo_incendio_florestal,GO,MA,0.07041518135361259
Pré,tipo_incendio_florestal,GO,MG,0.23102674120879896
Pré,tipo_incendio_florestal,GO,MS,0.3074867210857057
Pré,tipo_incendio_florestal,GO,MT,0.3547253711106973
Pré,tipo_incendio_florestal,GO,PA,0.17636669410249542
Pré,tipo_incendio_florestal,GO,PB,-0.09519395525620403
Pré,tipo_incendio_florestal,GO,PE,-0.12183003871071597
Pré,tipo_incendio_florestal,GO,PI,0.12571425487707344
Pré,tipo_incendio_florestal,GO,PR,0.33856202898733834
Pré,tipo_incendio_florestal,GO,RJ,-0.14109666270416862
Pré,tipo_incendio_florestal,GO,RN,0.0833364492561439
Pré,tipo_incendio_florestal,GO,RO,-0.0902428343693623
Pré,tipo_incendio_florestal,GO,RR,-0.3782726472512995
Pré,tipo_incendio_florestal,GO,RS,0.24233741600552677
Pré,tipo_incendio_florestal,GO,SC,0.13941607036617834
Pré,tipo_incendio_florestal,GO,SE,0.23373090452866696
Pré,tipo_incendio_florestal,GO,SP,-0.011569910626983194
Pré,tipo_incendio_florestal,GO,TO,0.08598805600646423
Pré,tipo_incendio_florestal,MA,MG,-0.18114786373468839
Pré,tipo_incendio_florestal,MA,MS,-0.21270490773006345
Pré,tipo_incendio_florestal,MA,MT,-0.04409224839639746
Pré,tipo_incendio_florestal,MA,PA,0.09434897317590964
Pré,tipo_incendio_florestal,MA,PB,0.15760250359003342
Pré,tipo_incendio_florestal,MA,PE,0.07748449672640088
Pré,tipo_incendio_florestal,MA,PI,0.6407561230461951
Pré,tipo_incendio_florestal,MA,PR,-0.2338392252300077
Pré,tipo_incendio_florestal,MA,RJ,-0.004954532834106564
Pré,tipo_incendio_florestal,MA,RN,0.1943267233675805
Pré,tipo_incendio_florestal,MA,RO,-0.235625292824608
Pré,tipo_incendio_florestal,MA,RR,-0.27453507825812684
Pré,tipo_incendio_florestal,MA,RS,-0.1851368249454295
Pré,tipo_incendio_florestal,MA,SC,-0.4190219134699964
Pré,tipo_incendio_florestal,MA,SE,0.07613265701425428
Pré,tipo_incendio_florestal,MA,SP,-0.4803625264983256
Pré,tipo_incendio_florestal,MA,TO,0.238085722332198
Pré,tipo_incendio_florestal,MG,MS,0.3086900314836879
Pré,tipo_incendio_florestal,MG,MT,0.08452782492774108
Pré,tipo_incendio_florestal,MG,PA,0.1447137724157009
Pré,tipo_incendio_florestal,MG,PB,-0.055305052128106894
Pré,tipo_incendio_florestal,MG,PE,-0.005230522829253578
Pré,tipo_incendio_florestal,MG,PI,-0.1794022208485902
Pré,tipo_incendio_florestal,MG,PR,0.5144977099133441
Pré,tipo_incendio_florestal,MG,RJ,0.34021462826384474
Pré,tipo_incendio_florestal,MG,RN,-0.044723894794568154
Pré,tipo_incendio_florestal,MG,RO,0.18126060042754366
Pré,tipo_incendio_florestal,MG,RR,-0.47956221267002996
Pré,tipo_incendio_florestal,MG,RS,0.1846792805224185
Pré,tipo_incendio_florestal,MG,SC,0.5100891338807316
Pré,tipo_incendio_florestal,MG,SE,-0.06653691195398435
Pré,tipo_incendio_florestal,MG,SP,0.5838478340052905
Pré,tipo_incendio_florestal,MG,TO,0.021498495730707782
Pré,tipo_incendio_florestal,MS,MT,0.18600442228068634
Pré,tipo_incendio_florestal,MS,PA,0.08461952147673493
Pré,tipo_incendio_florestal,MS,PB,-0.047285827138382086
Pré,tipo_incendio_florestal,MS,PE,-0.15332696980780544
Pré,tipo_incendio_florestal,MS,PI,-0.1620110910832992
Pré,tipo_incendio_florestal,MS,PR,0.63600323561831
Pré,tipo_incendio_florestal,MS,RJ,-0.014497369916750356
Pré,tipo_incendio_florestal,MS,RN,-0.2295050167177668
Pré,tipo_incendio_florestal,MS,RO,-0.0690183477243085
Pré,tipo_incendio_florestal,MS,RR,-0.2958673706006249
Pré,tipo_incendio_florestal,MS,RS,0.44529817563041435
Pré,tipo_incendio_florestal,MS,SC,0.40647735687287095
Pré,tipo_incendio_florestal,MS,SE,-0.14802423926268934
Pré,tipo_incendio_florestal,MS,SP,0.28411847499375004
Pré,tipo_incendio_florestal,MS,TO,0.1711909165919519
Pré,tipo_incendio_florestal,MT,PA,-0.08829124955130387
Pré,tipo_incendio_florestal,MT,PB,-0.20819387589462132
Pré,tipo_incendio_florestal,MT,PE,-0.21071915275528058
Pré,tipo_incendio_florestal,MT,PI,-0.14803546219494057
Pré,tipo_incendio_florestal,MT,PR,0.21434760571518005
Pré,tipo_incendio_florestal,MT,RJ,-0.09839597822571293
Pré,tipo_incendio_florestal,MT,RN,-0.04690020705767979
Pré,tipo_incendio_florestal,MT,RO,-0.10638537561075871
Pré,tipo_incendio_florestal,MT,RR,-0.15474377784935936
Pré,tipo_incendio_florestal,MT,RS,0.15170384688951213
Pré,tipo_incendio_florestal,MT,SC,0.017411229019064473
Pré,tipo_incendio_florestal,MT,SE,0.11141125934681773
Pré,tipo_incendio_florestal,MT,SP,-0.06734894676714909
Pré,tipo_incendio_florestal,MT,TO,0.16108137624371405
Pré,tipo_incendio_florestal,PA,PB,0.06858600660279679
Pré,tipo_incendio_florestal,PA,PE,0.13237855499581236
Pré,tipo_incendio_florestal,PA,PI,-0.11749105094258094
Pré,tipo_incendio_florestal,PA,PR,0.08528971398717174
Pré,tipo_incendio_florestal,PA,RJ,0.208386394704368
Pré,tipo_incendio_florestal,PA,RN,0.04941427404488892
Pré,tipo_incendio_florestal,PA,RO,0.05339006891942384
Pré,tipo_incendio_florestal,PA,RR,-0.40322777199747817
Pré,tipo_incendio_florestal,PA,RS,0.031429508254811014
Pré,tipo_incendio_florestal,PA,SC,0.1398528731838078
Pré,tipo_incendio_florestal,PA,SE,0.025265765057995597
Pré,tipo_incendio_florestal,PA,SP,0.08958437605831772
Pré,tipo_incendio_florestal,PA,TO,-0.06454477339530804
Pré,tipo_incendio_florestal,PB,PE,0.3303406713555412
Pré,tipo_incendio_florestal,PB,PI,0.36302714234386974
Pré,tipo_incendio_florestal,PB,PR,0.10409019999758633
Pré,tipo_incendio_florestal,PB,RJ,-0.024174127280260305
Pré,tipo_incendio_florestal,PB,RN,0.18897443408296527
Pré,tipo_incendio_florestal,PB,RO,0.08198291529304096
Pré,tipo_incendio_florestal,PB,RR,-0.2761507295855174
Pré,tipo_incendio_florestal,PB,RS,-0.1396690557537491
Pré,tipo_incendio_florestal,PB,SC,0.03746373374193893
Pré,tipo_incendio_florestal,PB,SE,0.004236326468207629
Pré,tipo_incendio_florestal,PB,SP,0.05936805987519153
Pré,tipo_incendio_florestal,PB,TO,-0.22389189353526315
Pré,tipo_incendio_florestal,PE,PI,0.13474942333390902
Pré,tipo_incendio_florestal,PE,PR,-0.014536745879950953
Pré,tipo_incendio_florestal,PE,RJ,0.38313638170755077
Pré,tipo_incendio_florestal,PE,RN,-0.12159506588908155
Pré,tipo_incendio_florestal,PE,RO,-0.03474032742246842
Pré,tipo_incendio_florestal,PE,RR,-0.23259341894249175
Pré,tipo_incendio_florestal,PE,RS,-0.14495052397340474
Pré,tipo_incendio_florestal,PE,SC,-0.013006761351260282
Pré,tipo_incendio_florestal,PE,SE,0.012305052558725759
Pré,tipo_incendio_florestal,PE,SP,0.12199839936937629
Pré,tipo_incendio_florestal,PE,TO,-0.289869791626606
Pré,tipo_incendio_florestal,PI,PR,-0.1900154277834551
Pré,tipo_incendio_florestal,PI,RJ,-0.2321674671259812
Pré,tipo_incendio_florestal,PI,RN,0.13626496656899456
Pré,tipo_incendio_florestal,PI,RO,-0.20267878110254975
Pré,tipo_incendio_florestal,PI,RR,-0.12099576515022253
Pré,tipo_incendio_florestal,PI,RS,-0.032704138059420115
Pré,tipo_incendio_florestal,PI,SC,-0.27182496997933353
Pré,tipo_incendio_florestal,PI,SE,0.06951242395249031
Pré,tipo_incendio_florestal,PI,SP,-0.36240537759548636
Pré,tipo_incendio_florestal,PI,TO,-0.003614316400495847
Pré,tipo_incendio_florestal,PR,RJ,0.12709037627266387
Pré,tipo_incendio_florestal,PR,RN,-0.10313639357962492
Pré,tipo_incendio_florestal,PR,RO,0.2720491015919685
Pré,tipo_incendio_florestal,PR,RR,-0.45405417941346793
Pré,tipo_incendio_florestal,PR,RS,0.5506368989503764
Pré,tipo_incendio_florestal,PR,SC,0.639449777433188
Pré,tipo_incendio_florestal,PR,SE,-0.02215961384206741
Pré,tipo_incendio_florestal,PR,SP,0.5558599005966627
Pré,tipo_incendio_florestal,PR,TO,0.10766344904010945
Pré,tipo_incendio_florestal,RJ,RN,-0.055165761729216736
Pré,tipo_incendio_florestal,RJ,RO,0.20649551891182294
Pré,tipo_incendio_florestal,RJ,RR,-0.3766769540992488
Pré,tipo_incendio_florestal,RJ,RS,-0.15003635498401965
Pré,tipo_incendio_florestal,RJ,SC,0.26331061620953666
Pré,tipo_incendio_florestal,RJ,SE,-0.168592551802047
Pré,tipo_incendio_florestal,RJ,SP,0.38459112425848296
Pré,tipo_incendio_florestal,RJ,TO,-0.09385840321271573
Pré,tipo_incendio_florestal,RN,RO,-0.015454586320455826
Pré,tipo_incendio_florestal,RN,RR,-0.2569083812461433
Pré,tipo_incendio_florestal,RN,RS,-0.10642061174824999
Pré,tipo_incendio_florestal,RN,SC,-0.14567600857451105
Pré,tipo_incendio_florestal,RN,SE,0.16636617131952114
Pré,tipo_incendio_florestal,RN,SP,-0.08110451477783853
Pré,tipo_incendio_florestal,RN,TO,0.012107327437578124
Pré,tipo_incendio_florestal,RO,RR,-0.11369549244389131
Pré,tipo_incendio_florestal,RO,RS,0.301098457049902
Pré,tipo_incendio_florestal,RO,SC,0.5352378825022128
Pré,tipo_incendio_florestal,RO,SE,-0.10184626453972255
Pré,tipo_incendio_florestal,RO,SP,0.5221541588676984
Pré,tipo_incendio_florestal,RO,TO,-0.050075301586791084
Pré,tipo_incendio_florestal,RR,RS,-0.16087753768746504
Pré,tipo_incendio_florestal,RR,SC,-0.35883755136202433
Pré,tipo_incendio_florestal,RR,SE,-0.1268517578476414
Pré,tipo_incendio_florestal,RR,SP,-0.32303824764957406
Pré,tipo_incendio_florestal,RR,TO,-0.17497792570785886
Pré,tipo_incendio_florestal,RS,SC,0.476608687596682
Pré,tipo_incendio_florestal,RS,SE,-0.12786215324085473
Pré,tipo_incendio_florestal,RS,SP,0.32370779236642294
Pré,tipo_incendio_florestal,RS,TO,0.31157269717324704
Pré,tipo_incendio_florestal,SC,SE,-0.21091245248920776
Pré,tipo_incendio_florestal,SC,SP,0.7774973398550005
Pré,tipo_incendio_florestal,SC,TO,-0.07323276699637982
Pré,tipo_incendio_florestal,SE,SP,-0.16589804989901102
Pré,tipo_incendio_florestal,SE,TO,-0.1654864604890681
Pré,tipo_incendio_florestal,SP,TO,-0.22409934726631428
Pré,tipo_inundacoes,AC,AL,-0.08688386088542849
Pré,tipo_inundacoes,AC,AM,0.2984839123518174
Pré,tipo_inundacoes,AC,AP,-0.09027308027710816
Pré,tipo_inundacoes,AC,BA,0.08737547118265158
Pré,tipo_inundacoes,AC,CE,0.006732398736301521
Pré,tipo_inundacoes,AC,DF,-0.17275534061467865
Pré,tipo_inundacoes,AC,ES,0.016863209031297823
Pré,tipo_inundacoes,AC,GO,-0.1728266304621614
Pré,tipo_inundacoes,AC,MA,-0.027691736185430714
Pré,tipo_inundacoes,AC,MG,-0.12537614975303668
Pré,tipo_inundacoes,AC,MS,-0.20500277271405595
Pré,tipo_inundacoes,AC,MT,-0.20063934343015458
Pré,tipo_inundacoes,AC,PA,0.13731949307847255
Pré,tipo_inundacoes,AC,PB,-0.06826557724066477
Pré,tipo_inundacoes,AC,PE,0.10528565363849124
Pré,tipo_inundacoes,AC,PI,-0.03443645150166277
Pré,tipo_inundacoes,AC,PR,-0.25069440672024557
Pré,tipo_inundacoes,AC,RJ,0.13076194608927733
Pré,tipo_inundacoes,AC,RN,-0.15083253108786565
Pré,tipo_inundacoes,AC,RO,0.1744734242971443
Pré,tipo_inundacoes,AC,RR,-0.0071521491185800035
Pré,tipo_inundacoes,AC,RS,-0.25312565139612625
Pré,tipo_inundacoes,AC,SC,0.0913820478037829
Pré,tipo_inundacoes,AC,SE,0.02720953666796743
Pré,tipo_inundacoes,AC,SP,0.07645030296086536
Pré,tipo_inundacoes,AC,TO,-0.19884178046458323
Pré,tipo_inundacoes,AL,AM,-0.12233470866789034
Pré,tipo_inundacoes,AL,AP,-0.14685905398706395
Pré,tipo_inundacoes,AL,BA,0.49632221749166594
Pré,tipo_inundacoes,AL,CE,0.31964578582383013
Pré,tipo_inundacoes,AL,DF,-0.11179033733720291
Pré,tipo_inundacoes,AL,ES,0.1286970890890059
Pré,tipo_inundacoes,AL,GO,-0.008317653014696546
Pré,tipo_inundacoes,AL,MA,0.2351244026191549
Pré,tipo_inundacoes,AL,MG,-0.2081203711670798
Pré,tipo_inundacoes,AL,MS,-0.07822051362108366
Pré,tipo_inundacoes,AL,MT,-0.08889703717999654
Pré,tipo_inundacoes,AL,PA,0.16451900003245284
Pré,tipo_inundacoes,AL,PB,0.4219808648942214
Pré,tipo_inundacoes,AL,PE,0.40828718686485177
Pré,tipo_inundacoes,AL,PI,0.25172615098513507
Pré,tipo_inundacoes,AL,PR,-0.1071304561676943
Pré,tipo_inundacoes,AL,RJ,0.10923220611210605
Pré,tipo_inundacoes,AL,RN,0.2814006718645141
Pré,tipo_inundacoes,AL,RO,-0.29384642100124336
Pré,tipo_inundacoes,AL,RR,-0.2666970378084013
Pré,tipo_inundacoes,AL,RS,-0.21849758602343
Pré,tipo_inundacoes,AL,SC,-0.2945426220704271
Pré,tipo_inundacoes,AL,SE,0.1813643509628475
Pré,tipo_inundacoes,AL,SP,-0.1923919514164195
Pré,tipo_inundacoes,AL,TO,-0.24050632643031214
Pré,tipo_inundacoes,AM,AP,0.02981930465650652
Pré,tipo_inundacoes,AM,BA,0.08182851834874272
Pré,tipo_inundacoes,AM,CE,0.12806099287004452
Pré,tipo_inundacoes,AM,DF,-0.09440825380306726
Pré,tipo_inundacoes,AM,ES,0.13602796749488416
Pré,tipo_inundacoes,AM,GO,-0.1314064072696832
Pré,tipo_inundacoes,AM,MA,-0.025550771106479457
Pré,tipo_inundacoes,AM,MG,0.008887628046678562
Pré,tipo_inundacoes,AM,MS,-0.0441596164942617
Pré,tipo_inundacoes,AM,MT,-0.19958623362976735
Pré,tipo_inundacoes,AM,PA,0.07647569085942424
Pré,tipo_inundacoes,AM,PB,-0.17544371473366185
Pré,tipo_inundacoes,AM,PE,0.08086703151444062
Pré,tipo_inundacoes,AM,PI,-0.1346933451798326
Pré,tipo_inundacoes,AM,PR,-0.15117861643940836
Pré,tipo_inundacoes,AM,RJ,0.25299343696251214
Pré,tipo_inundacoes,AM,RN,-0.1760610842531277
Pré,tipo_inundacoes,AM,RO,-0.039112854779243436
Pré,tipo_inundacoes,AM,RR,-0.15594970489709767
Pré,tipo_inundacoes,AM,RS,-0.16492349669927395
Pré,tipo_inundacoes,AM,SC,0.09290514706494259
Pré,tipo_inundacoes,AM,SE,0.12542015523856967
Pré,tipo_inundacoes,AM,SP,0.1333529161217088
Pré,tipo_inundacoes,AM,TO,-0.11256557132817777
Pré,tipo_inundacoes,AP,BA,-0.18156167988741134
Pré,tipo_inundacoes,AP,CE,-0.14761680977300826
Pré,tipo_inundacoes,AP,DF,-0.09943020090793502
Pré,tipo_inundacoes,AP,ES,-0.09583023387387248
Pré,tipo_inundacoes,AP,GO,-0.09638995795114813
Pré,tipo_inundacoes,AP,MA,-0.09084235406538843
Pré,tipo_inundacoes,AP,MG,0.1501403537839998
Pré,tipo_inundacoes,AP,MS,0.1011771449976201
Pré,tipo_inundacoes,AP,MT,-0.0892256121283419
Pré,tipo_inundacoes,AP,PA,0.046927905630842676
Pré,tipo_inundacoes,AP,PB,-0.1320225408982914
Pré,tipo_inundacoes,AP,PE,-0.17690577403855098
Pré,tipo_inundacoes,AP,PI,-0.2136947001668251
Pré,tipo_inundacoes,AP,PR,-0.046665877106878924
Pré,tipo_inundacoes,AP,RJ,-0.06620033484019183
Pré,tipo_inundacoes,AP,RN,-0.13719334855135337
Pré,tipo_inundacoes,AP,RO,-0.24106165436863572
Pré,tipo_inundacoes,AP,RR,-0.043353180849842
Pré,tipo_inundacoes,AP,RS,-0.264973462634204
Pré,tipo_inundacoes,AP,SC,-0.10751605430376375
Pré,tipo_inundacoes,AP,SE,-0.21594518004779625
Pré,tipo_inundacoes,AP,SP,-0.10544838119158804
Pré,tipo_inundacoes,AP,TO,0.07431031282477701
Pré,tipo_inundacoes,BA,CE,0.302181495392139
Pré,tipo_inundacoes,BA,DF,-0.07514868098620334
Pré,tipo_inundacoes,BA,ES,0.12286677805735811
Pré,tipo_inundacoes,BA,GO,0.14255052693966577
Pré,tipo_inundacoes,BA,MA,0.14618717050504343
Pré,tipo_inundacoes,BA,MG,-0.0721385445319408
Pré,tipo_inundacoes,BA,MS,-0.020899152246986085
Pré,tipo_inundacoes,BA,MT,-0.1594876145282294
Pré,tipo_inundacoes,BA,PA,0.2154286650702697
Pré,tipo_inundacoes,BA,PB,0.1890591887146507
Pré,tipo_inundacoes,BA,PE,0.26845093204105436
Pré,tipo_inundacoes,BA,PI,0.091954066285009
Pré,tipo_inundacoes,BA,PR,-0.14143143587090332
Pré,tipo_inundacoes,BA,RJ,0.3205868417824501
Pré,tipo_inundacoes,BA,RN,0.3463987620255517
Pré,tipo_inundacoes,BA,RO,-0.052222743602775304
Pré,tipo_inundacoes,BA,RR,-0.3257966434674596
Pré,tipo_inundacoes,BA,RS,-0.23819809357079477
Pré,tipo_inundacoes,BA,SC,-0.124047334849957
Pré,tipo_inundacoes,BA,SE,0.1619245063948814
Pré,tipo_inundacoes,BA,SP,-0.020387147096987895
Pré,tipo_inundacoes,BA,TO,-0.22889060583663817
Pré,tipo_inundacoes,CE,DF,0.004029374406666269
Pré,tipo_inundacoes,CE,ES,0.3316305656025843
Pré,tipo_inundacoes,CE,GO,0.015554202318239781
Pré,tipo_inundacoes,CE,MA,0.2755811674955123
Pré,tipo_inundacoes,CE,MG,0.06859560585368694
Pré,tipo_inundacoes,CE,MS,-0.16735985402203776
Pré,tipo_inundacoes,CE,MT,-0.11809534815153991
Pré,tipo_inundacoes,CE,PA,0.21121884156638956
Pré,tipo_inundacoes,CE,PB,0.3419351862020555
Pré,tipo_inundacoes,CE,PE,0.5285962718823571
Pré,tipo_inundacoes,CE,PI,0.16150919885213577
Pré,tipo_inundacoes,CE,PR,-0.05275069799379339
Pré,tipo_inundacoes,CE,RJ,0.41414470391481
Pré,tipo_inundacoes,CE,RN,0.14559086760529952
Pré,tipo_inundacoes,CE,RO,-0.022851981113955405
Pré,tipo_inundacoes,CE,RR,-0.43607780409729097
Pré,tipo_inundacoes,CE,RS,-0.1961345976249246
Pré,tipo_inundacoes,CE,SC,-0.010574125561873397
Pré,tipo_inundacoes,CE,SE,0.01652478488267633
Pré,tipo_inundacoes,CE,SP,0.04947780322063468
Pré,tipo_inundacoes,CE,TO,-0.13571539598606722
Pré,tipo_inundacoes,DF,ES,0.11111552919597113
Pré,tipo_inundacoes,DF,GO,0.17683307364084153
Pré,tipo_inundacoes,DF,MA,-0.2677593455857869
Pré,tipo_inundacoes,DF,MG,0.5184788709331383
Pré,tipo_inundacoes,DF,MS,0.4023681953589742
Pré,tipo_inundacoes,DF,MT,0.017321389964336315
Pré,tipo_inundacoes,DF,PA,0.042305814833820614
Pré,tipo_inundacoes,DF,PB,0.09537690139050486
Pré,tipo_inundacoes,DF,PE,-0.045149147546941396
Pré,tipo_inundacoes,DF,PI,-0.18247199271522374
Pré,tipo_inundacoes,DF,PR,0.5348195073642619
Pré,tipo_inundacoes,DF,RJ,0.07760325761304991
Pré,tipo_inundacoes,DF,RN,0.0012261673147600852
Pré,tipo_inundacoes,DF,RO,0.33723694581742353
Pré,tipo_inundacoes,DF,RR,-0.35433235780325967
Pré,tipo_inundacoes,DF,RS,0.3921510383387733
Pré,tipo_inundacoes,DF,SC,0.5660800055011415
Pré,tipo_inundacoes,DF,SE,-0.0776101907374381
Pré,tipo_inundacoes,DF,SP,0.5385974184274276
Pré,tipo_inundacoes,DF,TO,0.06774070060944562
Pré,tipo_inundacoes,ES,GO,-0.055625675267028156
Pré,tipo_inundacoes,ES,MA,0.11386249044576469
Pré,tipo_inundacoes,ES,MG,0.21762238160076508
Pré,tipo_inundacoes,ES,MS,-0.1558823833277454
Pré,tipo_inundacoes,ES,MT,-0.13778378456740273
Pré,tipo_inundacoes,ES,PA,0.06923855673952445
Pré,tipo_inundacoes,ES,PB,0.1310423895685735
Pré,tipo_inundacoes,ES,PE,0.13101956947925528
Pré,tipo_inundacoes,ES,PI,-0.009174466061655553
Pré,tipo_inundacoes,ES,PR,-0.025534774118499422
Pré,tipo_inundacoes,ES,RJ,0.1898866633199527
Pré,tipo_inundacoes,ES,RN,0.24594935102572205
Pré,tipo_inundacoes,ES,RO,-0.03324350393613179
Pré,tipo_inundacoes,ES,RR,-0.3771184847237594
Pré,tipo_inundacoes,ES,RS,-0.005214293003059227
Pré,tipo_inundacoes,ES,SC,0.10502571523334159
Pré,tipo_inundacoes,ES,SE,0.025798543828286526
Pré,tipo_inundacoes,ES,SP,0.19530685863039787
Pré,tipo_inundacoes,ES,TO,0.04999431164030126
Pré,tipo_inundacoes,GO,MA,0.06680032354180929
Pré,tipo_inundacoes,GO,MG,0.22880447376223048
Pré,tipo_inundacoes,GO,MS,0.30089656688718547
Pré,tipo_inundacoes,GO,MT,0.3568345337902374
Pré,tipo_inundacoes,GO,PA,0.18525045316725153
Pré,tipo_inundacoes,GO,PB,-0.09173377162919291
Pré,tipo_inundacoes,GO,PE,-0.11972655240658181
Pré,tipo_inundacoes,GO,PI,0.12074465941962141
Pré,tipo_inundacoes,GO,PR,0.33769589256775184
Pré,tipo_inundacoes,GO,RJ,-0.1421752751997391
Pré,tipo_inundacoes,GO,RN,0.08560072983923625
Pré,tipo_inundacoes,GO,RO,-0.09046221775219386
Pré,tipo_inundacoes,GO,RR,-0.3771228464380676
Pré,tipo_inundacoes,GO,RS,0.23597736215380707
Pré,tipo_inundacoes,GO,SC,0.136099059208714
Pré,tipo_inundacoes,GO,SE,0.22976477630677877
Pré,tipo_inundacoes,GO,SP,-0.0095386075489245
Pré,tipo_inundacoes,GO,TO,0.08154404957004828
Pré,tipo_inundacoes,MA,MG,-0.18534681974771347
Pré,tipo_inundacoes,MA,MS,-0.20642933087315693
Pré,tipo_inundacoes,MA,MT,-0.0433086670574135
Pré,tipo_inundacoes,MA,PA,0.09747366442424464
Pré,tipo_inundacoes,MA,PB,0.15275385153063772
Pré,tipo_inundacoes,MA,PE,0.07375724187914053
Pré,tipo_inundacoes,MA,PI,0.6378105317051229
Pré,tipo_inundacoes,MA,PR,-0.2355886060516148
Pré,tipo_inundacoes,MA,RJ,-0.003165210039771223
Pré,tipo_inundacoes,MA,RN,0.19365040783685547
Pré,tipo_inundacoes,MA,RO,-0.24397651495114764
Pré,tipo_inundacoes,MA,RR,-0.2777692822760631
Pré,tipo_inundacoes,MA,RS,-0.18777918459354642
Pré,tipo_inundacoes,MA,SC,-0.41968877945460453
Pré,tipo_inundacoes,MA,SE,0.0736340946726647
Pré,tipo_inundacoes,MA,SP,-0.48284053717293324
Pré,tipo_inundacoes,MA,TO,0.23921776095879732
Pré,tipo_inundacoes,MG,MS,0.3058561444426394
Pré,tipo_inundacoes,MG,MT,0.0857673816691049
Pré,tipo_inundacoes,MG,PA,0.15277426797299692
Pré,tipo_inundacoes,MG,PB,-0.04988978751264845
Pré,tipo_inundacoes,MG,PE,-0.0016032659399941012
Pré,tipo_inundacoes,MG,PI,-0.18357407987933727
Pré,tipo_inundacoes,MG,PR,0.5162840241259267
Pré,tipo_inundacoes,MG,RJ,0.34094874979259315
Pré,tipo_inundacoes,MG,RN,-0.042746580390747954
Pré,tipo_inundacoes,MG,RO,0.18387577672558805
Pré,tipo_inundacoes,MG,RR,-0.47929939328385784
Pré,tipo_inundacoes,MG,RS,0.17795927275822931
Pré,tipo_inundacoes,MG,SC,0.5096922634662058
Pré,tipo_inundacoes,MG,SE,-0.07112069119104919
Pré,tipo_inundacoes,MG,SP,0.5850223339161709
Pré,tipo_inundacoes,MG,TO,0.017574259041517434
Pré,tipo_inundacoes,MS,MT,0.18526761406665804
Pré,tipo_inundacoes,MS,PA,0.09545953731317322
Pré,tipo_inundacoes,MS,PB,-0.04079948043959437
Pré,tipo_inundacoes,MS,PE,-0.14883627936989954
Pré,tipo_inundacoes,MS,PI,-0.1524557825871878
Pré,tipo_inundacoes,MS,PR,0.6395990733245235
Pré,tipo_inundacoes,MS,RJ,-0.01297164529034036
Pré,tipo_inundacoes,MS,RN,-0.23295977962046768
Pré,tipo_inundacoes,MS,RO,-0.052825262397260986
Pré,tipo_inundacoes,MS,RR,-0.29897226381633096
Pré,tipo_inundacoes,MS,RS,0.4491904406706865
Pré,tipo_inundacoes,MS,SC,0.4067326503119111
Pré,tipo_inundacoes,MS,SE,-0.15169877201798757
Pré,tipo_inundacoes,MS,SP,0.28163416094104854
Pré,tipo_inundacoes,MS,TO,0.17118870433432234
Pré,tipo_inundacoes,MT,PA,-0.08376558110982998
Pré,tipo_inundacoes,MT,PB,-0.20419034711857328
Pré,tipo_inundacoes,MT,PE,-0.20836933545784175
Pré,tipo_inundacoes,MT,PI,-0.14769181795799066
Pré,tipo_inundacoes,MT,PR,0.21841375276058916
Pré,tipo_inundacoes,MT,RJ,-0.09977068956601937
Pré,tipo_inundacoes,MT,RN,-0.046366790586098
Pré,tipo_inundacoes,MT,RO,-0.10839524131290927
Pré,tipo_inundacoes,MT,RR,-0.16047614955473422
Pré,tipo_inundacoes,MT,RS,0.14829148036598158
Pré,tipo_inundacoes,MT,SC,0.01817043425028194
Pré,tipo_inundacoes,MT,SE,0.11086390334240256
Pré,tipo_inundacoes,MT,SP,-0.06383083128903383
Pré,tipo_inundacoes,MT,TO,0.16159127872047443
Pré,tipo_inundacoes,PA,PB,0.05601190489414429
Pré,tipo_inundacoes,PA,PE,0.11983330437358809
Pré,tipo_inundacoes,PA,PI,-0.11522182010089389
Pré,tipo_inundacoes,PA,PR,0.09220331401629171
Pré,tipo_inundacoes,PA,RJ,0.21321482353716256
Pré,tipo_inundacoes,PA,RN,0.04771900794712983
Pré,tipo_inundacoes,PA,RO,0.056938358745786996
Pré,tipo_inundacoes,PA,RR,-0.4072124780505503
Pré,tipo_inundacoes,PA,RS,0.04112583350367363
Pré,tipo_inundacoes,PA,SC,0.14497541428809807
Pré,tipo_inundacoes,PA,SE,0.026635850618616282
Pré,tipo_inundacoes,PA,SP,0.0881209213277526
Pré,tipo_inundacoes,PA,TO,-0.05203202679552105
Pré,tipo_inundacoes,PB,PE,0.33452298790173707
Pré,tipo_inundacoes,PB,PI,0.36263370605516504
Pré,tipo_inundacoes,PB,PR,0.11018414203927575
Pré,tipo_inundacoes,PB,RJ,-0.01616931231265759
Pré,tipo_inundacoes,PB,RN,0.19289945592974925
Pré,tipo_inundacoes,PB,RO,0.07974955601691162
Pré,tipo_inundacoes,PB,RR,-0.27504638017088584
Pré,tipo_inundacoes,PB,RS,-0.13316926912478624
Pré,tipo_inundacoes,PB,SC,0.046889250465002766
Pré,tipo_inundacoes,PB,SE,0.005924454942401993
Pré,tipo_inundacoes,PB,SP,0.06687842322620341
Pré,tipo_inundacoes,PB,TO,-0.22581475797971007
Pré,tipo_inundacoes,PE,PI,0.13395619029079694
Pré,tipo_inundacoes,PE,PR,-0.010585909572367535
Pré,tipo_inundacoes,PE,RJ,0.38513460689057716
Pré,tipo_inundacoes,PE,RN,-0.11666148805458662
Pré,tipo_inundacoes,PE,RO,-0.047063459857107054
Pré,tipo_inundacoes,PE,RR,-0.22867305713985472
Pré,tipo_inundacoes,PE,RS,-0.14423965693831564
Pré,tipo_inundacoes,PE,SC,-0.010138949224924866
Pré,tipo_inundacoes,PE,SE,0.013519561849903687
Pré,tipo_inundacoes,PE,SP,0.12638906004205291
Pré,tipo_inundacoes,PE,TO,-0.2922490752563048
Pré,tipo_inundacoes,PI,PR,-0.19200427454644872
Pré,tipo_inundacoes,PI,RJ,-0.2319171939915377
Pré,tipo_inundacoes,PI,RN,0.13602448295541827
Pré,tipo_inundacoes,PI,RO,-0.20901584719887117
Pré,tipo_inundacoes,PI,RR,-0.12197282166451166
Pré,tipo_inundacoes,PI,RS,-0.03208942639423259
Pré,tipo_inundacoes,PI,SC,-0.2699288202509253
Pré,tipo_inundacoes,PI,SE,0.0668025597324611
Pré,tipo_inundacoes,PI,SP,-0.3620012231117461
Pré,tipo_inundacoes,PI,TO,-0.006702942086737835
Pré,tipo_inundacoes,PR,RJ,0.13557768347920493
Pré,tipo_inundacoes,PR,RN,-0.09776231038393968
Pré,tipo_inundacoes,PR,RO,0.2828862713020713
Pré,tipo_inundacoes,PR,RR,-0.45782492592608376
Pré,tipo_inundacoes,PR,RS,0.5444734100645992
Pré,tipo_inundacoes,PR,SC,0.6348158435317794
Pré,tipo_inundacoes,PR,SE,-0.026750578003025615
Pré,tipo_inundacoes,PR,SP,0.5600902314916012
Pré,tipo_inundacoes,PR,TO,0.10456369471855531
Pré,tipo_inundacoes,RJ,RN,-0.053934508548916876
Pré,tipo_inundacoes,RJ,RO,0.2005846689439249
Pré,tipo_inundacoes,RJ,RR,-0.3758766520550139
Pré,tipo_inundacoes,RJ,RS,-0.15112245934519006
Pré,tipo_inundacoes,RJ,SC,0.2693207597813155
Pré,tipo_inundacoes,RJ,SE,-0.17137643571719313
Pré,tipo_inundacoes,RJ,SP,0.38466038404272923
Pré,tipo_inundacoes,RJ,TO,-0.09177909030647637
Pré,tipo_inundacoes,RN,RO,-0.020456239856754592
Pré,tipo_inundacoes,RN,RR,-0.2556232508940241
Pré,tipo_inundacoes,RN,RS,-0.09911984398881545
Pré,tipo_inundacoes,RN,SC,-0.1361548988854464
Pré,tipo_inundacoes,RN,SE,0.16835021970562244
Pré,tipo_inundacoes,RN,SP,-0.07585476635734899
Pré,tipo_inundacoes,RN,TO,0.011460765924275867
Pré,tipo_inundacoes,RO,RR,-0.10674070711001912
Pré,tipo_inundacoes,RO,RS,0.309960073343115
Pré,tipo_inundacoes,RO,SC,0.5464809043460359
Pré,tipo_inundacoes,RO,SE,-0.10449377789215455
Pré,tipo_inundacoes,RO,SP,0.523667996791128
Pré,tipo_inundacoes,RO,TO,-0.05006782403301157
Pré,tipo_inundacoes,RR,RS,-0.16117898105333922
Pré,tipo_inundacoes,RR,SC,-0.36260524032483343
Pré,tipo_inundacoes,RR,SE,-0.12343707794247648
Pré,tipo_inundacoes,RR,SP,-0.3201446173744756
Pré,tipo_inundacoes,RR,TO,-0.17710864476443375
Pré,tipo_inundacoes,RS,SC,0.47396718589799086
Pré,tipo_inundacoes,RS,SE,-0.13227607214339784
Pré,tipo_inundacoes,RS,SP,0.3224354027839312
Pré,tipo_inundacoes,RS,TO,0.3058491502766215
Pré,tipo_inundacoes,SC,SE,-0.2182478752199375
Pré,tipo_inundacoes,SC,SP,0.7751870706936379
Pré,tipo_inundacoes,SC,TO,-0.07447374778606923
Pré,tipo_inundacoes,SE,SP,-0.16900926208444517
Pré,tipo_inundacoes,SE,TO,-0.17063372847902664
Pré,tipo_inundacoes,SP,TO,-0.2260013258999284
Pré,tipo_movimento_de_massa,AC,AL,-0.0921215886153792
Pré,tipo_movimento_de_massa,AC,AM,0.29995778122085937
Pré,tipo_movimento_de_massa,AC,AP,-0.09202589178838667
Pré,tipo_movimento_de_massa,AC,BA,0.08987091139002969
Pré,tipo_movimento_de_massa,AC,CE,0.01830407676340948
Pré,tipo_movimento_de_massa,AC,DF,-0.17489091527403605
Pré,tipo_movimento_de_massa,AC,ES,0.027539011763138947
Pré,tipo_movimento_de_massa,AC,GO,-0.16413762571961366
Pré,tipo_movimento_de_massa,AC,MA,-0.023186670993007197
Pré,tipo_movimento_de_massa,AC,MG,-0.12711012450693146
Pré,tipo_movimento_de_massa,AC,MS,-0.21857859366312052
Pré,tipo_movimento_de_massa,AC,MT,-0.2063518009837593
Pré,tipo_movimento_de_massa,AC,PA,0.14202889056703993
Pré,tipo_movimento_de_massa,AC,PB,-0.07257000309231314
Pré,tipo_movimento_de_massa,AC,PE,0.108305792356498
Pré,tipo_movimento_de_massa,AC,PI,-0.024041495111090307
Pré,tipo_movimento_de_massa,AC,PR,-0.2564379311958878
Pré,tipo_movimento_de_massa,AC,RJ,0.13075411666090045
Pré,tipo_movimento_de_massa,AC,RN,-0.1445056920916817
Pré,tipo_movimento_de_massa,AC,RO,0.17968533437970866
Pré,tipo_movimento_de_massa,AC,RR,-0.009330177797338362
Pré,tipo_movimento_de_massa,AC,RS,-0.24953895192779743
Pré,tipo_movimento_de_massa,AC,SC,0.08885026814122297
Pré,tipo_movimento_de_massa,AC,SE,0.030919815782016205
Pré,tipo_movimento_de_massa,AC,SP,0.07419879498299721
Pré,tipo_movimento_de_massa,AC,TO,-0.20259234816557273
Pré,tipo_movimento_de_massa,AL,AM,-0.11496468413959837
Pré,tipo_movimento_de_massa,AL,AP,-0.14432848273790042
Pré,tipo_movimento_de_massa,AL,BA,0.4951036334413889
Pré,tipo_movimento_de_massa,AL,CE,0.3171565510228406
Pré,tipo_movimento_de_massa,AL,DF,-0.11323606397530189
Pré,tipo_movimento_de_massa,AL,ES,0.12402144341940459
Pré,tipo_movimento_de_massa,AL,GO,-0.007969966987876893
Pré,tipo_movimento_de_massa,AL,MA,0.23795407970852553
Pré,tipo_movimento_de_massa,AL,MG,-0.2085043807013625
Pré,tipo_movimento_de_massa,AL,MS,-0.07914990960542229
Pré,tipo_movimento_de_massa,AL,MT,-0.0889940133400666
Pré,tipo_movimento_de_massa,AL,PA,0.1733890866858703
Pré,tipo_movimento_de_massa,AL,PB,0.4198227101923897
Pré,tipo_movimento_de_massa,AL,PE,0.40602981260751503
Pré,tipo_movimento_de_massa,AL,PI,0.2509093476054106
Pré,tipo_movimento_de_massa,AL,PR,-0.10836938505847168
Pré,tipo_movimento_de_massa,AL,RJ,0.10907317110288095
Pré,tipo_movimento_de_massa,AL,RN,0.2799748237829404
Pré,tipo_movimento_de_massa,AL,RO,-0.2917756995690269
Pré,tipo_movimento_de_massa,AL,RR,-0.26734477080101604
Pré,tipo_movimento_de_massa,AL,RS,-0.21684095748216203
Pré,tipo_movimento_de_massa,AL,SC,-0.294565938739746
Pré,tipo_movimento_de_massa,AL,SE,0.18045802232575725
Pré,tipo_movimento_de_massa,AL,SP,-0.19596086246908798
Pré,tipo_movimento_de_massa,AL,TO,-0.2379607898396981
Pré,tipo_movimento_de_massa,AM,AP,0.022697994089771304
Pré,tipo_movimento_de_massa,AM,BA,0.09660534464574376
Pré,tipo_movimento_de_massa,AM,CE,0.13485265325448437
Pré,tipo_movimento_de_massa,AM,DF,-0.08526205214538254
Pré,tipo_movimento_de_massa,AM,ES,0.1522641519762847
Pré,tipo_movimento_de_massa,AM,GO,-0.14126808952379877
Pré,tipo_movimento_de_massa,AM,MA,-0.06765388853951496
Pré,tipo_movimento_de_massa,AM,MG,0.006080331023555351
Pré,tipo_movimento_de_massa,AM,MS,-0.03336524644296343
Pré,tipo_movimento_de_massa,AM,MT,-0.20470317991527526
Pré,tipo_movimento_de_massa,AM,PA,0.08438668019339411
Pré,tipo_movimento_de_massa,AM,PB,-0.1419907092625338
Pré,tipo_movimento_de_massa,AM,PE,0.10664509448710847
Pré,tipo_movimento_de_massa,AM,PI,-0.16510861494181803
Pré,tipo_movimento_de_massa,AM,PR,-0.13035680708010813
Pré,tipo_movimento_de_massa,AM,RJ,0.2722229943071622
Pré,tipo_movimento_de_massa,AM,RN,-0.16867602508524143
Pré,tipo_movimento_de_massa,AM,RO,-0.02125221414751979
Pré,tipo_movimento_de_massa,AM,RR,-0.1583022213879074
Pré,tipo_movimento_de_massa,AM,RS,-0.17896450289781915
Pré,tipo_movimento_de_massa,AM,SC,0.11221725464834503
Pré,tipo_movimento_de_massa,AM,SE,0.1236230660272485
Pré,tipo_movimento_de_massa,AM,SP,0.16551465338955568
Pré,tipo_movimento_de_massa,AM,TO,-0.13571865978234815
Pré,tipo_movimento_de_massa,AP,BA,-0.1803602615016771
Pré,tipo_movimento_de_massa,AP,CE,-0.14406998113394487
Pré,tipo_movimento_de_massa,AP,DF,-0.09789410378264223
Pré,tipo_movimento_de_massa,AP,ES,-0.0933607042333047
Pré,tipo_movimento_de_massa,AP,GO,-0.10255367601462079
Pré,tipo_movimento_de_massa,AP,MA,-0.08677336122985024
Pré,tipo_movimento_de_massa,AP,MG,0.1507001570172177
Pré,tipo_movimento_de_massa,AP,MS,0.10240645271621243
Pré,tipo_movimento_de_massa,AP,MT,-0.09537990766920734
Pré,tipo_movimento_de_massa,AP,PA,0.053515347909323746
Pré,tipo_movimento_de_massa,AP,PB,-0.12354472328757388
Pré,tipo_movimento_de_massa,AP,PE,-0.17222750131383752
Pré,tipo_movimento_de_massa,AP,PI,-0.21180200957580192
Pré,tipo_movimento_de_massa,AP,PR,-0.049118459535578876
Pré,tipo_movimento_de_massa,AP,RJ,-0.06726570084273217
Pré,tipo_movimento_de_massa,AP,RN,-0.12964959493943626
Pré,tipo_movimento_de_massa,AP,RO,-0.24440261785253076
Pré,tipo_movimento_de_massa,AP,RR,-0.04379741232149281
Pré,tipo_movimento_de_massa,AP,RS,-0.2668046995179716
Pré,tipo_movimento_de_massa,AP,SC,-0.1113858711723233
Pré,tipo_movimento_de_massa,AP,SE,-0.22329853518542447
Pré,tipo_movimento_de_massa,AP,SP,-0.10266484434455235
Pré,tipo_movimento_de_massa,AP,TO,0.07048769383297154
Pré,tipo_movimento_de_massa,BA,CE,0.2994598663085967
Pré,tipo_movimento_de_massa,BA,DF,-0.0764477322927966
Pré,tipo_movimento_de_massa,BA,ES,0.12132217332996059
Pré,tipo_movimento_de_massa,BA,GO,0.14458185849668012
Pré,tipo_movimento_de_massa,BA,MA,0.1494907298781462
Pré,tipo_movimento_de_massa,BA,MG,-0.0712205074308108
Pré,tipo_movimento_de_massa,BA,MS,-0.020673660309152388
Pré,tipo_movimento_de_massa,BA,MT,-0.15926038084421779
Pré,tipo_movimento_de_massa,BA,PA,0.2140357518515138
Pré,tipo_movimento_de_massa,BA,PB,0.18425474538270803
Pré,tipo_movimento_de_massa,BA,PE,0.2644234847732263
Pré,tipo_movimento_de_massa,BA,PI,0.0933962315448354
Pré,tipo_movimento_de_massa,BA,PR,-0.14278949276312336
Pré,tipo_movimento_de_massa,BA,RJ,0.32067667308309095
Pré,tipo_movimento_de_massa,BA,RN,0.34509495285631525
Pré,tipo_movimento_de_massa,BA,RO,-0.052193658575698285
Pré,tipo_movimento_de_massa,BA,RR,-0.32861977044250795
Pré,tipo_movimento_de_massa,BA,RS,-0.2376878059278339
Pré,tipo_movimento_de_massa,BA,SC,-0.12204782708068422
Pré,tipo_movimento_de_massa,BA,SE,0.16338916779927146
Pré,tipo_movimento_de_massa,BA,SP,-0.023617962449738492
Pré,tipo_movimento_de_massa,BA,TO,-0.2260037994851889
Pré,tipo_movimento_de_massa,CE,DF,0.0014751728290659707
Pré,tipo_movimento_de_massa,CE,ES,0.3248258319600831
Pré,tipo_movimento_de_massa,CE,GO,0.01609628270867837
Pré,tipo_movimento_de_massa,CE,MA,0.2777027156134426
Pré,tipo_movimento_de_massa,CE,MG,0.06773907693470047
Pré,tipo_movimento_de_massa,CE,MS,-0.1717208030840154
Pré,tipo_movimento_de_massa,CE,MT,-0.11760266903433164
Pré,tipo_movimento_de_massa,CE,PA,0.21537322697588943
Pré,tipo_movimento_de_massa,CE,PB,0.3367697449414789
Pré,tipo_movimento_de_massa,CE,PE,0.5255497514174138
Pré,tipo_movimento_de_massa,CE,PI,0.1615822609752624
Pré,tipo_movimento_de_massa,CE,PR,-0.0554339299738363
Pré,tipo_movimento_de_massa,CE,RJ,0.4120231740707373
Pré,tipo_movimento_de_massa,CE,RN,0.1426839250244846
Pré,tipo_movimento_de_massa,CE,RO,-0.009542106741033578
Pré,tipo_movimento_de_massa,CE,RR,-0.4379738270666856
Pré,tipo_movimento_de_massa,CE,RS,-0.19718753798386468
Pré,tipo_movimento_de_massa,CE,SC,-0.01021190116744435
Pré,tipo_movimento_de_massa,CE,SE,0.01634009220267564
Pré,tipo_movimento_de_massa,CE,SP,0.04530163474207157
Pré,tipo_movimento_de_massa,CE,TO,-0.13411210490831657
Pré,tipo_movimento_de_massa,DF,ES,0.11036625487184402
Pré,tipo_movimento_de_massa,DF,GO,0.1782716128302839
Pré,tipo_movimento_de_massa,DF,MA,-0.26753744955236197
Pré,tipo_movimento_de_massa,DF,MG,0.5192803408033737
Pré,tipo_movimento_de_massa,DF,MS,0.40391008265162925
Pré,tipo_movimento_de_massa,DF,MT,0.01694109807563
Pré,tipo_movimento_de_massa,DF,PA,0.0372182278535572
Pré,tipo_movimento_de_massa,DF,PB,0.0910910665581995
Pré,tipo_movimento_de_massa,DF,PE,-0.04915524560058652
Pré,tipo_movimento_de_massa,DF,PI,-0.18072472104102477
Pré,tipo_movimento_de_massa,DF,PR,0.533697106487976
Pré,tipo_movimento_de_massa,DF,RJ,0.07603866204018767
Pré,tipo_movimento_de_massa,DF,RN,-0.001062924447596196
Pré,tipo_movimento_de_massa,DF,RO,0.3309060078768669
Pré,tipo_movimento_de_massa,DF,RR,-0.35414021927048717
Pré,tipo_movimento_de_massa,DF,RS,0.39544028051345115
Pré,tipo_movimento_de_massa,DF,SC,0.5658207907526582
Pré,tipo_movimento_de_massa,DF,SE,-0.07671099375711916
Pré,tipo_movimento_de_massa,DF,SP,0.5372741196263562
Pré,tipo_movimento_de_massa,DF,TO,0.07061946221902565
Pré,tipo_movimento_de_massa,ES,GO,-0.055449268697416565
Pré,tipo_movimento_de_massa,ES,MA,0.11391033113962666
Pré,tipo_movimento_de_massa,ES,MG,0.2185863065130647
Pré,tipo_movimento_de_massa,ES,MS,-0.15602948957871618
Pré,tipo_movimento_de_massa,ES,MT,-0.133744662232586
Pré,tipo_movimento_de_massa,ES,PA,0.05612755065414898
Pré,tipo_movimento_de_massa,ES,PB,0.12269588838544954
Pré,tipo_movimento_de_massa,ES,PE,0.12431138844745
Pré,tipo_movimento_de_massa,ES,PI,-0.00858591132964664
Pré,tipo_movimento_de_massa,ES,PR,-0.028636258917217994
Pré,tipo_movimento_de_massa,ES,RJ,0.193850618039739
Pré,tipo_movimento_de_massa,ES,RN,0.2480183457666922
Pré,tipo_movimento_de_massa,ES,RO,-0.027741263559666444
Pré,tipo_movimento_de_massa,ES,RR,-0.3797055954350398
Pré,tipo_movimento_de_massa,ES,RS,-0.0077857155187226025
Pré,tipo_movimento_de_massa,ES,SC,0.10290024724224577
Pré,tipo_movimento_de_massa,ES,SE,0.024452147017380573
Pré,tipo_movimento_de_massa,ES,SP,0.19397743286932614
Pré,tipo_movimento_de_massa,ES,TO,0.04978239750187677
Pré,tipo_movimento_de_massa,GO,MA,0.06995373346261857
Pré,tipo_movimento_de_massa,GO,MG,0.23194549708769205
Pré,tipo_movimento_de_massa,GO,MS,0.3023666434688682
Pré,tipo_movimento_de_massa,GO,MT,0.3557497852475261
Pré,tipo_movimento_de_massa,GO,PA,0.17710234637109576
Pré,tipo_movimento_de_massa,GO,PB,-0.09435081593587043
Pré,tipo_movimento_de_massa,GO,PE,-0.12197768579109745
Pré,tipo_movimento_de_massa,GO,PI,0.12386127262299708
Pré,tipo_movimento_de_massa,GO,PR,0.3394386185018402
Pré,tipo_movimento_de_massa,GO,RJ,-0.14358549804425472
Pré,tipo_movimento_de_massa,GO,RN,0.08487651037439779
Pré,tipo_movimento_de_massa,GO,RO,-0.09153430005819406
Pré,tipo_movimento_de_massa,GO,RR,-0.37686766315387676
Pré,tipo_movimento_de_massa,GO,RS,0.24198074770855726
Pré,tipo_movimento_de_massa,GO,SC,0.14051515172543025
Pré,tipo_movimento_de_massa,GO,SE,0.2329567492399953
Pré,tipo_movimento_de_massa,GO,SP,-0.010830245572685998
Pré,tipo_movimento_de_massa,GO,TO,0.0854715984488796
Pré,tipo_movimento_de_massa,MA,MG,-0.18170399251444155
Pré,tipo_movimento_de_massa,MA,MS,-0.20770637978169518
Pré,tipo_movimento_de_massa,MA,MT,-0.04247062446944012
Pré,tipo_movimento_de_massa,MA,PA,0.09397744323161586
Pré,tipo_movimento_de_massa,MA,PB,0.15717290668038275
Pré,tipo_movimento_de_massa,MA,PE,0.07636582525459085
Pré,tipo_movimento_de_massa,MA,PI,0.6401954208369643
Pré,tipo_movimento_de_massa,MA,PR,-0.23437688187076874
Pré,tipo_movimento_de_massa,MA,RJ,-0.0019233884796215324
Pré,tipo_movimento_de_massa,MA,RN,0.19504591672437202
Pré,tipo_movimento_de_massa,MA,RO,-0.23788321447168317
Pré,tipo_movimento_de_massa,MA,RR,-0.27542671513385864
Pré,tipo_movimento_de_massa,MA,RS,-0.18723288730790563
Pré,tipo_movimento_de_massa,MA,SC,-0.4199059256385456
Pré,tipo_movimento_de_massa,MA,SE,0.07483600660516047
Pré,tipo_movimento_de_massa,MA,SP,-0.48139728107791485
Pré,tipo_movimento_de_massa,MA,TO,0.23741374242722163
Pré,tipo_movimento_de_massa,MG,MS,0.3062145714505146
Pré,tipo_movimento_de_massa,MG,MT,0.0861621808588943
Pré,tipo_movimento_de_massa,MG,PA,0.14532672244992542
Pré,tipo_movimento_de_massa,MG,PB,-0.054647554928023215
Pré,tipo_movimento_de_massa,MG,PE,-0.005432817571995612
Pré,tipo_movimento_de_massa,MG,PI,-0.17944062870047883
Pré,tipo_movimento_de_massa,MG,PR,0.5152030930689238
Pré,tipo_movimento_de_massa,MG,RJ,0.33873135153938394
Pré,tipo_movimento_de_massa,MG,RN,-0.04292498907028552
Pré,tipo_movimento_de_massa,MG,RO,0.18018442031639914
Pré,tipo_movimento_de_massa,MG,RR,-0.48013618766822536
Pré,tipo_movimento_de_massa,MG,RS,0.18404081848012663
Pré,tipo_movimento_de_massa,MG,SC,0.5107892420240452
Pré,tipo_movimento_de_massa,MG,SE,-0.06730907242074552
Pré,tipo_movimento_de_massa,MG,SP,0.584123213196749
Pré,tipo_movimento_de_massa,MG,TO,0.02063304707565987
Pré,tipo_movimento_de_massa,MS,MT,0.18416248864295673
Pré,tipo_movimento_de_massa,MS,PA,0.08797586812085705
Pré,tipo_movimento_de_massa,MS,PB,-0.04667780334157319
Pré,tipo_movimento_de_massa,MS,PE,-0.1538936525073463
Pré,tipo_movimento_de_massa,MS,PI,-0.15352523786849082
Pré,tipo_movimento_de_massa,MS,PR,0.6401556506490065
Pré,tipo_movimento_de_massa,MS,RJ,-0.018512476434994738
Pré,tipo_movimento_de_massa,MS,RN,-0.23440851026184784
Pré,tipo_movimento_de_massa,MS,RO,-0.06272776792727715
Pré,tipo_movimento_de_massa,MS,RR,-0.29674962130413773
Pré,tipo_movimento_de_massa,MS,RS,0.45653925105337323
Pré,tipo_movimento_de_massa,MS,SC,0.415170555943243
Pré,tipo_movimento_de_massa,MS,SE,-0.1461508650391485
Pré,tipo_movimento_de_massa,MS,SP,0.28169627443161666
Pré,tipo_movimento_de_massa,MS,TO,0.17214382250337976
Pré,tipo_movimento_de_massa,MT,PA,-0.08642142189010034
Pré,tipo_movimento_de_massa,MT,PB,-0.20625976629120576
Pré,tipo_movimento_de_massa,MT,PE,-0.2091635002928193
Pré,tipo_movimento_de_massa,MT,PI,-0.14660746371948047
Pré,tipo_movimento_de_massa,MT,PR,0.21734450389326698
Pré,tipo_movimento_de_massa,MT,RJ,-0.10169615783149703
Pré,tipo_movimento_de_massa,MT,RN,-0.04639688690867215
Pré,tipo_movimento_de_massa,MT,RO,-0.10509882262626927
Pré,tipo_movimento_de_massa,MT,RR,-0.15774766834305481
Pré,tipo_movimento_de_massa,MT,RS,0.15509218654701928
Pré,tipo_movimento_de_massa,MT,SC,0.02029059098256047
Pré,tipo_movimento_de_massa,MT,SE,0.11266766887438717
Pré,tipo_movimento_de_massa,MT,SP,-0.06527871220911627
Pré,tipo_movimento_de_massa,MT,TO,0.1621651038567877
Pré,tipo_movimento_de_massa,PA,PB,0.06848585550043203
Pré,tipo_movimento_de_massa,PA,PE,0.131056699799774
Pré,tipo_movimento_de_massa,PA,PI,-0.11777797424914897
Pré,tipo_movimento_de_massa,PA,PR,0.08678080288233381
Pré,tipo_movimento_de_massa,PA,RJ,0.20760609948973396
Pré,tipo_movimento_de_massa,PA,RN,0.049523515705254276
Pré,tipo_movimento_de_massa,PA,RO,0.053310238251193104
Pré,tipo_movimento_de_massa,PA,RR,-0.4038908149324658
Pré,tipo_movimento_de_massa,PA,RS,0.032458981352875095
Pré,tipo_movimento_de_massa,PA,SC,0.14173563565380745
Pré,tipo_movimento_de_massa,PA,SE,0.024279121899046702
Pré,tipo_movimento_de_massa,PA,SP,0.09048567934581381
Pré,tipo_movimento_de_massa,PA,TO,-0.06467154152714479
Pré,tipo_movimento_de_massa,PB,PE,0.32986830272013196
Pré,tipo_movimento_de_massa,PB,PI,0.3626286053864171
Pré,tipo_movimento_de_massa,PB,PR,0.10487930842384903
Pré,tipo_movimento_de_massa,PB,RJ,-0.021695921134108825
Pré,tipo_movimento_de_massa,PB,RN,0.18985567694174924
Pré,tipo_movimento_de_massa,PB,RO,0.08084834373792812
Pré,tipo_movimento_de_massa,PB,RR,-0.2764760697787417
Pré,tipo_movimento_de_massa,PB,RS,-0.14068858070585213
Pré,tipo_movimento_de_massa,PB,SC,0.037991571535147955
Pré,tipo_movimento_de_massa,PB,SE,0.003420656254888184
Pré,tipo_movimento_de_massa,PB,SP,0.0594216607088
Pré,tipo_movimento_de_massa,PB,TO,-0.22426483778717549
Pré,tipo_movimento_de_massa,PE,PI,0.13272849265606892
Pré,tipo_movimento_de_massa,PE,PR,-0.014931736758989875
Pré,tipo_movimento_de_massa,PE,RJ,0.38422410306851545
Pré,tipo_movimento_de_massa,PE,RN,-0.12067521511358383
Pré,tipo_movimento_de_massa,PE,RO,-0.0368768095837271
Pré,tipo_movimento_de_massa,PE,RR,-0.23111950288362884
Pré,tipo_movimento_de_massa,PE,RS,-0.1470508068684917
Pré,tipo_movimento_de_massa,PE,SC,-0.013457644030256163
Pré,tipo_movimento_de_massa,PE,SE,0.010751726710465075
Pré,tipo_movimento_de_massa,PE,SP,0.12129752767965289
Pré,tipo_movimento_de_massa,PE,TO,-0.2912572670947633
Pré,tipo_movimento_de_massa,PI,PR,-0.1905407684402762
Pré,tipo_movimento_de_massa,PI,RJ,-0.22830269308277282
Pré,tipo_movimento_de_massa,PI,RN,0.13599301315945336
Pré,tipo_movimento_de_massa,PI,RO,-0.2047124113376364
Pré,tipo_movimento_de_massa,PI,RR,-0.120575025839325
Pré,tipo_movimento_de_massa,PI,RS,-0.03465454576383582
Pré,tipo_movimento_de_massa,PI,SC,-0.2725611572385905
Pré,tipo_movimento_de_massa,PI,SE,0.06713557863393163
Pré,tipo_movimento_de_massa,PI,SP,-0.36302864290003684
Pré,tipo_movimento_de_massa,PI,TO,-0.003842632285201276
Pré,tipo_movimento_de_massa,PR,RJ,0.12754039614692508
Pré,tipo_movimento_de_massa,PR,RN,-0.10068586298196351
Pré,tipo_movimento_de_massa,PR,RO,0.270811004580684
Pré,tipo_movimento_de_massa,PR,RR,-0.45638980945575947
Pré,tipo_movimento_de_massa,PR,RS,0.5500110974311083
Pré,tipo_movimento_de_massa,PR,SC,0.639794129989935
Pré,tipo_movimento_de_massa,PR,SE,-0.022911214452160617
Pré,tipo_movimento_de_massa,PR,SP,0.5567204237863508
Pré,tipo_movimento_de_massa,PR,TO,0.10706518694959857
Pré,tipo_movimento_de_massa,RJ,RN,-0.05608187399917956
Pré,tipo_movimento_de_massa,RJ,RO,0.20840532472085238
Pré,tipo_movimento_de_massa,RJ,RR,-0.37567653621920294
Pré,tipo_movimento_de_massa,RJ,RS,-0.15024759461339074
Pré,tipo_movimento_de_massa,RJ,SC,0.26569121972657317
Pré,tipo_movimento_de_massa,RJ,SE,-0.17055060026605726
Pré,tipo_movimento_de_massa,RJ,SP,0.3842237640750777
Pré,tipo_movimento_de_massa,RJ,TO,-0.09470798846258548
Pré,tipo_movimento_de_massa,RN,RO,-0.015096830465803372
Pré,tipo_movimento_de_massa,RN,RR,-0.258131385523792
Pré,tipo_movimento_de_massa,RN,RS,-0.10586591048045141
Pré,tipo_movimento_de_massa,RN,SC,-0.1435236278478053
Pré,tipo_movimento_de_massa,RN,SE,0.16715432538848496
Pré,tipo_movimento_de_massa,RN,SP,-0.0800457265448311
Pré,tipo_movimento_de_massa,RN,TO,0.01197939116097091
Pré,tipo_movimento_de_massa,RO,RR,-0.11215439714372251
Pré,tipo_movimento_de_massa,RO,RS,0.2991621912105604
Pré,tipo_movimento_de_massa,RO,SC,0.5334645086641846
Pré,tipo_movimento_de_massa,RO,SE,-0.10419440455201703
Pré,tipo_movimento_de_massa,RO,SP,0.5209948904650502
Pré,tipo_movimento_de_massa,RO,TO,-0.051540068556053795
Pré,tipo_movimento_de_massa,RR,RS,-0.15980957442646188
Pré,tipo_movimento_de_massa,RR,SC,-0.3621135036983918
Pré,tipo_movimento_de_massa,RR,SE,-0.1235293758699041
Pré,tipo_movimento_de_massa,RR,SP,-0.3226362773538292
Pré,tipo_movimento_de_massa,RR,TO,-0.17317860555550632
Pré,tipo_movimento_de_massa,RS,SC,0.4759208800096059
Pré,tipo_movimento_de_massa,RS,SE,-0.13019111672210235
Pré,tipo_movimento_de_massa,RS,SP,0.3233005300768475
Pré,tipo_movimento_de_massa,RS,TO,0.3107697173665878
Pré,tipo_movimento_de_massa,SC,SE,-0.21248606061272426
Pré,tipo_movimento_de_massa,SC,SP,0.7775608604201037
Pré,tipo_movimento_de_massa,SC,TO,-0.07402261782213437
Pré,tipo_movimento_de_massa,SE,SP,-0.16745615095592062
Pré,tipo_movimento_de_massa,SE,TO,-0.16672529582187076
Pré,tipo_movimento_de_massa,SP,TO,-0.22477732317634155
Pré,tipo_onda_de_frio,AC,AL,-0.09208849092291777
Pré,tipo_onda_de_frio,AC,AM,0.2998516956556189
Pré,tipo_onda_de_frio,AC,AP,-0.0922757883767911
Pré,tipo_onda_de_frio,AC,BA,0.08946222408639004
Pré,tipo_onda_de_frio,AC,CE,0.018340041581722845
Pré,tipo_onda_de_frio,AC,DF,-0.17533401728446227
Pré,tipo_onda_de_frio,AC,ES,0.026691010958488706
Pré,tipo_onda_de_frio,AC,GO,-0.1641529458819826
Pré,tipo_onda_de_frio,AC,MA,-0.022433345318634924
Pré,tipo_onda_de_frio,AC,MG,-0.12750131043120147
Pré,tipo_onda_de_frio,AC,MS,-0.21979343432696127
Pré,tipo_onda_de_frio,AC,MT,-0.20531320435315692
Pré,tipo_onda_de_frio,AC,PA,0.1422085904046012
Pré,tipo_onda_de_frio,AC,PB,-0.07271499113645476
Pré,tipo_onda_de_frio,AC,PE,0.1080776632250799
Pré,tipo_onda_de_frio,AC,PI,-0.02385478904108888
Pré,tipo_onda_de_frio,AC,PR,-0.2554888532058828
Pré,tipo_onda_de_frio,AC,RJ,0.13040305015991974
Pré,tipo_onda_de_frio,AC,RN,-0.14522496949782535
Pré,tipo_onda_de_frio,AC,RO,0.1796523071461512
Pré,tipo_onda_de_frio,AC,RR,-0.009297595758552088
Pré,tipo_onda_de_frio,AC,RS,-0.24953018317233663
Pré,tipo_onda_de_frio,AC,SC,0.08874703855790278
Pré,tipo_onda_de_frio,AC,SE,0.030557331377640558
Pré,tipo_onda_de_frio,AC,SP,0.07407263112224789
Pré,tipo_onda_de_frio,AC,TO,-0.20228447418564793
Pré,tipo_onda_de_frio,AL,AM,-0.11505632760594514
Pré,tipo_onda_de_frio,AL,AP,-0.1445095937507265
Pré,tipo_onda_de_frio,AL,BA,0.4950579186114873
Pré,tipo_onda_de_frio,AL,CE,0.3172109076979833
Pré,tipo_onda_de_frio,AL,DF,-0.11357178085148358
Pré,tipo_onda_de_frio,AL,ES,0.12329686889215742
Pré,tipo_onda_de_frio,AL,GO,-0.007932314788161943
Pré,tipo_onda_de_frio,AL,MA,0.23849626134642266
Pré,tipo_onda_de_frio,AL,MG,-0.20891112297262132
Pré,tipo_onda_de_frio,AL,MS,-0.08168656429259304
Pré,tipo_onda_de_frio,AL,MT,-0.0879968978489141
Pré,tipo_onda_de_frio,AL,PA,0.17373893800579537
Pré,tipo_onda_de_frio,AL,PB,0.4198145566875333
Pré,tipo_onda_de_frio,AL,PE,0.4059321305498387
Pré,tipo_onda_de_frio,AL,PI,0.2509816852824718
Pré,tipo_onda_de_frio,AL,PR,-0.10749768195306672
Pré,tipo_onda_de_frio,AL,RJ,0.10882889331713246
Pré,tipo_onda_de_frio,AL,RN,0.27952395312581163
Pré,tipo_onda_de_frio,AL,RO,-0.2917561311928422
Pré,tipo_onda_de_frio,AL,RR,-0.2673362113536479
Pré,tipo_onda_de_frio,AL,RS,-0.21623346070861488
Pré,tipo_onda_de_frio,AL,SC,-0.2941062168480002
Pré,tipo_onda_de_frio,AL,SE,0.1801900730909342
Pré,tipo_onda_de_frio,AL,SP,-0.19628013040575737
Pré,tipo_onda_de_frio,AL,TO,-0.237588428670724
Pré,tipo_onda_de_frio,AM,AP,0.022468235471208683
Pré,tipo_onda_de_frio,AM,BA,0.09612271796090423
Pré,tipo_onda_de_frio,AM,CE,0.13467128221799102
Pré,tipo_onda_de_frio,AM,DF,-0.08580602893287133
Pré,tipo_onda_de_frio,AM,ES,0.15144765788652134
Pré,tipo_onda_de_frio,AM,GO,-0.14157871501007976
Pré,tipo_onda_de_frio,AM,MA,-0.06707239055075592
Pré,tipo_onda_de_frio,AM,MG,0.005512710995820967
Pré,tipo_onda_de_frio,AM,MS,-0.028132332867020226
Pré,tipo_onda_de_frio,AM,MT,-0.20396506914265136
Pré,tipo_onda_de_frio,AM,PA,0.08436060488056013
Pré,tipo_onda_de_frio,AM,PB,-0.14223692136935223
Pré,tipo_onda_de_frio,AM,PE,0.10632285414762263
Pré,tipo_onda_de_frio,AM,PI,-0.16510358476410378
Pré,tipo_onda_de_frio,AM,PR,-0.12996963482512422
Pré,tipo_onda_de_frio,AM,RJ,0.27188435026764785
Pré,tipo_onda_de_frio,AM,RN,-0.16938981393348534
Pré,tipo_onda_de_frio,AM,RO,-0.02143874511692511
Pré,tipo_onda_de_frio,AM,RR,-0.1583102635779182
Pré,tipo_onda_de_frio,AM,RS,-0.1790333757036774
Pré,tipo_onda_de_frio,AM,SC,0.11220278204127113
Pré,tipo_onda_de_frio,AM,SE,0.12322613186186401
Pré,tipo_onda_de_frio,AM,SP,0.16518476288948852
Pré,tipo_onda_de_frio,AM,TO,-0.13551457683931278
Pré,tipo_onda_de_frio,AP,BA,-0.18102070431969935
Pré,tipo_onda_de_frio,AP,CE,-0.14441638983903277
Pré,tipo_onda_de_frio,AP,DF,-0.09842022410711833
Pré,tipo_onda_de_frio,AP,ES,-0.09412467820760874
Pré,tipo_onda_de_frio,AP,GO,-0.1028800667226421
Pré,tipo_onda_de_frio,AP,MA,-0.08656379512795587
Pré,tipo_onda_de_frio,AP,MG,0.15040301562809402
Pré,tipo_onda_de_frio,AP,MS,0.11006220070461549
Pré,tipo_onda_de_frio,AP,MT,-0.09501904328140214
Pré,tipo_onda_de_frio,AP,PA,0.053389369629090425
Pré,tipo_onda_de_frio,AP,PB,-0.12389374388503106
Pré,tipo_onda_de_frio,AP,PE,-0.172710406124207
Pré,tipo_onda_de_frio,AP,PI,-0.21192436683273752
Pré,tipo_onda_de_frio,AP,PR,-0.049126328048981024
Pré,tipo_onda_de_frio,AP,RJ,-0.06777817592949271
Pré,tipo_onda_de_frio,AP,RN,-0.13021113596173112
Pré,tipo_onda_de_frio,AP,RO,-0.24471277250657317
Pré,tipo_onda_de_frio,AP,RR,-0.04382559324548216
Pré,tipo_onda_de_frio,AP,RS,-0.2662753265101961
Pré,tipo_onda_de_frio,AP,SC,-0.11103854767640754
Pré,tipo_onda_de_frio,AP,SE,-0.22385383683126234
Pré,tipo_onda_de_frio,AP,SP,-0.10304111038396467
Pré,tipo_onda_de_frio,AP,TO,0.07047852059089932
Pré,tipo_onda_de_frio,BA,CE,0.2989318069221452
Pré,tipo_onda_de_frio,BA,DF,-0.07775234655226554
Pré,tipo_onda_de_frio,BA,ES,0.11937714537156176
Pré,tipo_onda_de_frio,BA,GO,0.14398998278425132
Pré,tipo_onda_de_frio,BA,MA,0.15025109955684998
Pré,tipo_onda_de_frio,BA,MG,-0.07282635280636846
Pré,tipo_onda_de_frio,BA,MS,-0.003208866631937437
Pré,tipo_onda_de_frio,BA,MT,-0.15801970647991437
Pré,tipo_onda_de_frio,BA,PA,0.2139175762620439
Pré,tipo_onda_de_frio,BA,PB,0.18366536162813796
Pré,tipo_onda_de_frio,BA,PE,0.2636814950067435
Pré,tipo_onda_de_frio,BA,PI,0.09324660160380109
Pré,tipo_onda_de_frio,BA,PR,-0.14244196638939466
Pré,tipo_onda_de_frio,BA,RJ,0.3198229933629133
Pré,tipo_onda_de_frio,BA,RN,0.3441211758957219
Pré,tipo_onda_de_frio,BA,RO,-0.05282109858616967
Pré,tipo_onda_de_frio,BA,RR,-0.3288840101572098
Pré,tipo_onda_de_frio,BA,RS,-0.23794208649375745
Pré,tipo_onda_de_frio,BA,SC,-0.12244959604257144
Pré,tipo_onda_de_frio,BA,SE,0.16242800715671044
Pré,tipo_onda_de_frio,BA,SP,-0.024698725230411025
Pré,tipo_onda_de_frio,BA,TO,-0.22593283734001804
Pré,tipo_onda_de_frio,CE,DF,0.0008499437401810145
Pré,tipo_onda_de_frio,CE,ES,0.32347436077774483
Pré,tipo_onda_de_frio,CE,GO,0.01604658470327468
Pré,tipo_onda_de_frio,CE,MA,0.2788065567655951
Pré,tipo_onda_de_frio,CE,MG,0.06717882496531803
Pré,tipo_onda_de_frio,CE,MS,-0.17402356358500906
Pré,tipo_onda_de_frio,CE,MT,-0.11591181951419686
Pré,tipo_onda_de_frio,CE,PA,0.21582091800246292
Pré,tipo_onda_de_frio,CE,PB,0.33662592169642147
Pré,tipo_onda_de_frio,CE,PE,0.5252777436596959
Pré,tipo_onda_de_frio,CE,PI,0.16178774778838823
Pré,tipo_onda_de_frio,CE,PR,-0.05425158327249884
Pré,tipo_onda_de_frio,CE,RJ,0.4115745043862818
Pré,tipo_onda_de_frio,CE,RN,0.1416610564277794
Pré,tipo_onda_de_frio,CE,RO,-0.009622330795128017
Pré,tipo_onda_de_frio,CE,RR,-0.43791930343841545
Pré,tipo_onda_de_frio,CE,RS,-0.19662066708935214
Pré,tipo_onda_de_frio,CE,SC,-0.00903852623396504
Pré,tipo_onda_de_frio,CE,SE,0.01567086595459586
Pré,tipo_onda_de_frio,CE,SP,0.04476903282889599
Pré,tipo_onda_de_frio,CE,TO,-0.1335636348854882
Pré,tipo_onda_de_frio,DF,ES,0.10863766616870794
Pré,tipo_onda_de_frio,DF,GO,0.17778522546546086
Pré,tipo_onda_de_frio,DF,MA,-0.26669779436820257
Pré,tipo_onda_de_frio,DF,MG,0.5186157208516465
Pré,tipo_onda_de_frio,DF,MS,0.4225927542931009
Pré,tipo_onda_de_frio,DF,MT,0.018163369028042303
Pré,tipo_onda_de_frio,DF,PA,0.037093360528016414
Pré,tipo_onda_de_frio,DF,PB,0.09049765355129115
Pré,tipo_onda_de_frio,DF,PE,-0.05015267995783751
Pré,tipo_onda_de_frio,DF,PI,-0.18095071948602853
Pré,tipo_onda_de_frio,DF,PR,0.5336887686724406
Pré,tipo_onda_de_frio,DF,RJ,0.0751440800332309
Pré,tipo_onda_de_frio,DF,RN,-0.0023629837562627225
Pré,tipo_onda_de_frio,DF,RO,0.33058086224939576
Pré,tipo_onda_de_frio,DF,RR,-0.3543559937456537
Pré,tipo_onda_de_frio,DF,RS,0.39523577829238066
Pré,tipo_onda_de_frio,DF,SC,0.5659658996337524
Pré,tipo_onda_de_frio,DF,SE,-0.07784255943812884
Pré,tipo_onda_de_frio,DF,SP,0.5369788799526317
Pré,tipo_onda_de_frio,DF,TO,0.0708491030985707
Pré,tipo_onda_de_frio,ES,GO,-0.05704966071022715
Pré,tipo_onda_de_frio,ES,MA,0.11378913565693506
Pré,tipo_onda_de_frio,ES,MG,0.21675590359610017
Pré,tipo_onda_de_frio,ES,MS,-0.11837344754888217
Pré,tipo_onda_de_frio,ES,MT,-0.13333422689255944
Pré,tipo_onda_de_frio,ES,PA,0.05498844347209414
Pré,tipo_onda_de_frio,ES,PB,0.12146637349445687
Pré,tipo_onda_de_frio,ES,PE,0.12282339261335301
Pré,tipo_onda_de_frio,ES,PI,-0.009290903255905803
Pré,tipo_onda_de_frio,ES,PR,-0.029801745914286238
Pré,tipo_onda_de_frio,ES,RJ,0.19232610949134943
Pré,tipo_onda_de_frio,ES,RN,0.24684618843971792
Pré,tipo_onda_de_frio,ES,RO,-0.029077908350910002
Pré,tipo_onda_de_frio,ES,RR,-0.38030418132840627
Pré,tipo_onda_de_frio,ES,RS,-0.009093569520722586
Pré,tipo_onda_de_frio,ES,SC,0.10350035122133172
Pré,tipo_onda_de_frio,ES,SE,0.02287504741327384
Pré,tipo_onda_de_frio,ES,SP,0.19228724830950242
Pré,tipo_onda_de_frio,ES,TO,0.04938335315941023
Pré,tipo_onda_de_frio,GO,MA,0.07104299979074315
Pré,tipo_onda_de_frio,GO,MG,0.23144196724916474
Pré,tipo_onda_de_frio,GO,MS,0.30602791812904107
Pré,tipo_onda_de_frio,GO,MT,0.357005810546514
Pré,tipo_onda_de_frio,GO,PA,0.17737979303785215
Pré,tipo_onda_de_frio,GO,PB,-0.09459362653645866
Pré,tipo_onda_de_frio,GO,PE,-0.12249374158766978
Pré,tipo_onda_de_frio,GO,PI,0.12401618938450872
Pré,tipo_onda_de_frio,GO,PR,0.3400054082168118
Pré,tipo_onda_de_frio,GO,RJ,-0.144215963816369
Pré,tipo_onda_de_frio,GO,RN,0.08391137487992326
Pré,tipo_onda_de_frio,GO,RO,-0.09164022674106351
Pré,tipo_onda_de_frio,GO,RR,-0.3768432208058851
Pré,tipo_onda_de_frio,GO,RS,0.24241097353715008
Pré,tipo_onda_de_frio,GO,SC,0.14096234658075718
Pré,tipo_onda_de_frio,GO,SE,0.23241720103345015
Pré,tipo_onda_de_frio,GO,SP,-0.011364383866809144
Pré,tipo_onda_de_frio,GO,TO,0.08591119783419525
Pré,tipo_onda_de_frio,MA,MG,-0.1807949526722753
Pré,tipo_onda_de_frio,MA,MS,-0.23887464315422421
Pré,tipo_onda_de_frio,MA,MT,-0.0410352254138438
Pré,tipo_onda_de_frio,MA,PA,0.09524775726232286
Pré,tipo_onda_de_frio,MA,PB,0.1579475661122283
Pré,tipo_onda_de_frio,MA,PE,0.07706308643634947
Pré,tipo_onda_de_frio,MA,PI,0.6404548508949054
Pré,tipo_onda_de_frio,MA,PR,-0.23190885397995642
Pré,tipo_onda_de_frio,MA,RJ,-0.0013459625950703617
Pré,tipo_onda_de_frio,MA,RN,0.19503641295838678
Pré,tipo_onda_de_frio,MA,RO,-0.23681675824555212
Pré,tipo_onda_de_frio,MA,RR,-0.27504927921331535
Pré,tipo_onda_de_frio,MA,RS,-0.18573994686306622
Pré,tipo_onda_de_frio,MA,SC,-0.419162755716512
Pré,tipo_onda_de_frio,MA,SE,0.07531162200967419
Pré,tipo_onda_de_frio,MA,SP,-0.4805127124745632
Pré,tipo_onda_de_frio,MA,TO,0.23802704868621147
Pré,tipo_onda_de_frio,MG,MS,0.326130623439697
Pré,tipo_onda_de_frio,MG,MT,0.08750597708052583
Pré,tipo_onda_de_frio,MG,PA,0.14557195389008962
Pré,tipo_onda_de_frio,MG,PB,-0.05541518322732239
Pré,tipo_onda_de_frio,MG,PE,-0.006443493353280338
Pré,tipo_onda_de_frio,MG,PI,-0.17977798286994753
Pré,tipo_onda_de_frio,MG,PR,0.5152893971790439
Pré,tipo_onda_de_frio,MG,RJ,0.3379384680129756
Pré,tipo_onda_de_frio,MG,RN,-0.044596564234612744
Pré,tipo_onda_de_frio,MG,RO,0.1797744895316569
Pré,tipo_onda_de_frio,MG,RR,-0.4805690112379593
Pré,tipo_onda_de_frio,MG,RS,0.1837492797977176
Pré,tipo_onda_de_frio,MG,SC,0.5114944767034857
Pré,tipo_onda_de_frio,MG,SE,-0.06857331825088449
Pré,tipo_onda_de_frio,MG,SP,0.5836028300892437
Pré,tipo_onda_de_frio,MG,TO,0.020890303185873982
Pré,tipo_onda_de_frio,MS,MT,0.1491377738353692
Pré,tipo_onda_de_frio,MS,PA,0.07646362151667684
Pré,tipo_onda_de_frio,MS,PB,-0.042779742598728375
Pré,tipo_onda_de_frio,MS,PE,-0.14392809067335025
Pré,tipo_onda_de_frio,MS,PI,-0.1598572405188102
Pré,tipo_onda_de_frio,MS,PR,0.620309090604425
Pré,tipo_onda_de_frio,MS,RJ,-0.002786667800420225
Pré,tipo_onda_de_frio,MS,RN,-0.2105217663039075
Pré,tipo_onda_de_frio,MS,RO,-0.060870154628519114
Pré,tipo_onda_de_frio,MS,RR,-0.29987784638127124
Pré,tipo_onda_de_frio,MS,RS,0.4480039847060494
Pré,tipo_onda_de_frio,MS,SC,0.4196775848138741
Pré,tipo_onda_de_frio,MS,SE,-0.13004877170929235
Pré,tipo_onda_de_frio,MS,SP,0.29621267665939005
Pré,tipo_onda_de_frio,MS,TO,0.16091098157122272
Pré,tipo_onda_de_frio,MT,PA,-0.084928659493098
Pré,tipo_onda_de_frio,MT,PB,-0.20500555069713505
Pré,tipo_onda_de_frio,MT,PE,-0.2079904588384722
Pré,tipo_onda_de_frio,MT,PI,-0.1455641221381518
Pré,tipo_onda_de_frio,MT,PR,0.21904457754295348
Pré,tipo_onda_de_frio,MT,RJ,-0.10060685806160889
Pré,tipo_onda_de_frio,MT,RN,-0.04593186206688875
Pré,tipo_onda_de_frio,MT,RO,-0.10389097491433542
Pré,tipo_onda_de_frio,MT,RR,-0.1574663829833345
Pré,tipo_onda_de_frio,MT,RS,0.15657488392525598
Pré,tipo_onda_de_frio,MT,SC,0.020320619353698412
Pré,tipo_onda_de_frio,MT,SE,0.11353012043109482
Pré,tipo_onda_de_frio,MT,SP,-0.06401433244174548
Pré,tipo_onda_de_frio,MT,TO,0.16288455053912493
Pré,tipo_onda_de_frio,PA,PB,0.06877662121469512
Pré,tipo_onda_de_frio,PA,PE,0.1310715545268642
Pré,tipo_onda_de_frio,PA,PI,-0.11722455500396946
Pré,tipo_onda_de_frio,PA,PR,0.08796872396888046
Pré,tipo_onda_de_frio,PA,RJ,0.2075015894970316
Pré,tipo_onda_de_frio,PA,RN,0.048901357324572986
Pré,tipo_onda_de_frio,PA,RO,0.05356327136807965
Pré,tipo_onda_de_frio,PA,RR,-0.40361560542342106
Pré,tipo_onda_de_frio,PA,RS,0.03330118857695841
Pré,tipo_onda_de_frio,PA,SC,0.14353976758894468
Pré,tipo_onda_de_frio,PA,SE,0.024042941633172457
Pré,tipo_onda_de_frio,PA,SP,0.09056839872872209
Pré,tipo_onda_de_frio,PA,TO,-0.06409767657621711
Pré,tipo_onda_de_frio,PB,PE,0.32951690708068976
Pré,tipo_onda_de_frio,PB,PI,0.3626918968049561
Pré,tipo_onda_de_frio,PB,PR,0.10539528514632322
Pré,tipo_onda_de_frio,PB,RJ,-0.022361801200042206
Pré,tipo_onda_de_frio,PB,RN,0.18903645776127911
Pré,tipo_onda_de_frio,PB,RO,0.08064160757408494
Pré,tipo_onda_de_frio,PB,RR,-0.2765079930502187
Pré,tipo_onda_de_frio,PB,RS,-0.14014286399031
Pré,tipo_onda_de_frio,PB,SC,0.03813633725055295
Pré,tipo_onda_de_frio,PB,SE,0.002764977121731715
Pré,tipo_onda_de_frio,PB,SP,0.05889977839146228
Pré,tipo_onda_de_frio,PB,TO,-0.22393792315947764
Pré,tipo_onda_de_frio,PE,PI,0.13262514731543304
Pré,tipo_onda_de_frio,PE,PR,-0.014510150262249447
Pré,tipo_onda_de_frio,PE,RJ,0.383674360553094
Pré,tipo_onda_de_frio,PE,RN,-0.12193863312123765
Pré,tipo_onda_de_frio,PE,RO,-0.037287130194996215
Pré,tipo_onda_de_frio,PE,RR,-0.23123558073083675
Pré,tipo_onda_de_frio,PE,RS,-0.14707091508678252
Pré,tipo_onda_de_frio,PE,SC,-0.013299732622741374
Pré,tipo_onda_de_frio,PE,SE,0.009862553677234586
Pré,tipo_onda_de_frio,PE,SP,0.12055776257841165
Pré,tipo_onda_de_frio,PE,TO,-0.29112664540354327
Pré,tipo_onda_de_frio,PI,PR,-0.18949098398892142
Pré,tipo_onda_de_frio,PI,RJ,-0.2286128131737435
Pré,tipo_onda_de_frio,PI,RN,0.13557652290358985
Pré,tipo_onda_de_frio,PI,RO,-0.20457113674433233
Pré,tipo_onda_de_frio,PI,RR,-0.1205142333657284
Pré,tipo_onda_de_frio,PI,RS,-0.034179742402702454
Pré,tipo_onda_de_frio,PI,SC,-0.2724371179527079
Pré,tipo_onda_de_frio,PI,SE,0.06692904120559964
Pré,tipo_onda_de_frio,PI,SP,-0.3632418918929458
Pré,tipo_onda_de_frio,PI,TO,-0.0034747648605815335
Pré,tipo_onda_de_frio,PR,RJ,0.12772314403457075
Pré,tipo_onda_de_frio,PR,RN,-0.10122027650194709
Pré,tipo_onda_de_frio,PR,RO,0.27122708957771796
Pré,tipo_onda_de_frio,PR,RR,-0.4556820600278601
Pré,tipo_onda_de_frio,PR,RS,0.5506619407847869
Pré,tipo_onda_de_frio,PR,SC,0.6396140977177311
Pré,tipo_onda_de_frio,PR,SE,-0.02288134482831165
Pré,tipo_onda_de_frio,PR,SP,0.5568210095212578
Pré,tipo_onda_de_frio,PR,TO,0.1079340647508958
Pré,tipo_onda_de_frio,RJ,RN,-0.05737468647949393
Pré,tipo_onda_de_frio,RJ,RO,0.20809775845255826
Pré,tipo_onda_de_frio,RJ,RR,-0.3759570863259003
Pré,tipo_onda_de_frio,RJ,RS,-0.15045306334211114
Pré,tipo_onda_de_frio,RJ,SC,0.2658649325965784
Pré,tipo_onda_de_frio,RJ,SE,-0.17171660741434264
Pré,tipo_onda_de_frio,RJ,SP,0.3837614662828139
Pré,tipo_onda_de_frio,RJ,TO,-0.09461988016114506
Pré,tipo_onda_de_frio,RN,RO,-0.015959636401310172
Pré,tipo_onda_de_frio,RN,RR,-0.258379281307459
Pré,tipo_onda_de_frio,RN,RS,-0.10653076416420452
Pré,tipo_onda_de_frio,RN,SC,-0.14455573239328284
Pré,tipo_onda_de_frio,RN,SE,0.16622983723775453
Pré,tipo_onda_de_frio,RN,SP,-0.0814302864203158
Pré,tipo_onda_de_frio,RN,TO,0.011790189747878653
Pré,tipo_onda_de_frio,RO,RR,-0.11213119567761758
Pré,tipo_onda_de_frio,RO,RS,0.2991682651810977
Pré,tipo_onda_de_frio,RO,SC,0.5334222459481117
Pré,tipo_onda_de_frio,RO,SE,-0.10482408251523107
Pré,tipo_onda_de_frio,RO,SP,0.5208709287685879
Pré,tipo_onda_de_frio,RO,TO,-0.051175032186288286
Pré,tipo_onda_de_frio,RR,RS,-0.1596449034783234
Pré,tipo_onda_de_frio,RR,SC,-0.3629109081523712
Pré,tipo_onda_de_frio,RR,SE,-0.12363778453576708
Pré,tipo_onda_de_frio,RR,SP,-0.3227773865295816
Pré,tipo_onda_de_frio,RR,TO,-0.17306304690787663
Pré,tipo_onda_de_frio,RS,SC,0.4763856799517333
Pré,tipo_onda_de_frio,RS,SE,-0.13065521164670918
Pré,tipo_onda_de_frio,RS,SP,0.3231895771878223
Pré,tipo_onda_de_frio,RS,TO,0.31131487926161333
Pré,tipo_onda_de_frio,SC,SE,-0.21424978009472437
Pré,tipo_onda_de_frio,SC,SP,0.7775085000975136
Pré,tipo_onda_de_frio,SC,TO,-0.0727964635250597
Pré,tipo_onda_de_frio,SE,SP,-0.16849904794563805
Pré,tipo_onda_de_frio,SE,TO,-0.16672054591075636
Pré,tipo_onda_de_frio,SP,TO,-0.22448055846825157
Pré,tipo_outros,AC,AL,-0.09225196896503304
Pré,tipo_outros,AC,AM,0.2998609379475162
Pré,tipo_outros,AC,AP,-0.09204667038875458
Pré,tipo_outros,AC,BA,0.08974244517542063
Pré,tipo_outros,AC,CE,0.018340205051812452
Pré,tipo_outros,AC,DF,-0.17493402058300994
Pré,tipo_outros,AC,ES,0.027720814305414086
Pré,tipo_outros,AC,GO,-0.16404629296013012
Pré,tipo_outros,AC,MA,-0.023260168075204174
Pré,tipo_outros,AC,MG,-0.12713795183996104
Pré,tipo_outros,AC,MS,-0.21846242119907094
Pré,tipo_outros,AC,MT,-0.206182204047492
Pré,tipo_outros,AC,PA,0.14223217138650848
Pré,tipo_outros,AC,PB,-0.07263585623701288
Pré,tipo_outros,AC,PE,0.10821092006297461
Pré,tipo_outros,AC,PI,-0.023995015662028735
Pré,tipo_outros,AC,PR,-0.2564240736498441
Pré,tipo_outros,AC,RJ,0.13061443004649884
Pré,tipo_outros,AC,RN,-0.14448779441022958
Pré,tipo_outros,AC,RO,0.17967559217189943
Pré,tipo_outros,AC,RR,-0.009369317521594915
Pré,tipo_outros,AC,RS,-0.24945893752430512
Pré,tipo_outros,AC,SC,0.08887392617154523
Pré,tipo_outros,AC,SE,0.030908065916372077
Pré,tipo_outros,AC,SP,0.0741597390024024
Pré,tipo_outros,AC,TO,-0.20258805130744045
Pré,tipo_outros,AL,AM,-0.11498461457639234
Pré,tipo_outros,AL,AP,-0.14432746906194788
Pré,tipo_outros,AL,BA,0.4951450729952375
Pré,tipo_outros,AL,CE,0.31703625987220574
Pré,tipo_outros,AL,DF,-0.11321287945313828
Pré,tipo_outros,AL,ES,0.12419625736343423
Pré,tipo_outros,AL,GO,-0.007939788386257146
Pré,tipo_outros,AL,MA,0.23790811701946774
Pré,tipo_outros,AL,MG,-0.20846479160612036
Pré,tipo_outros,AL,MS,-0.07907661203448016
Pré,tipo_outros,AL,MT,-0.08891624193837107
Pré,tipo_outros,AL,PA,0.1735547341427467
Pré,tipo_outros,AL,PB,0.41979062562837954
Pré,tipo_outros,AL,PE,0.40600599380688474
Pré,tipo_outros,AL,PI,0.2508285676024127
Pré,tipo_outros,AL,PR,-0.10834310989189147
Pré,tipo_outros,AL,RJ,0.10901452226345376
Pré,tipo_outros,AL,RN,0.28002526288308555
Pré,tipo_outros,AL,RO,-0.2917823742862632
Pré,tipo_outros,AL,RR,-0.2673906686986746
Pré,tipo_outros,AL,RS,-0.21686007039612223
Pré,tipo_outros,AL,SC,-0.29455426672446494
Pré,tipo_outros,AL,SE,0.18057588039219388
Pré,tipo_outros,AL,SP,-0.19594497889791068
Pré,tipo_outros,AL,TO,-0.23793960694543564
Pré,tipo_outros,AM,AP,0.022679474514631426
Pré,tipo_outros,AM,BA,0.09666271109065966
Pré,tipo_outros,AM,CE,0.13490929864299855
Pré,tipo_outros,AM,DF,-0.08525456800148801
Pré,tipo_outros,AM,ES,0.15227748469392544
Pré,tipo_outros,AM,GO,-0.14125983728715827
Pré,tipo_outros,AM,MA,-0.06758433059695149
Pré,tipo_outros,AM,MG,0.006141966718523425
Pré,tipo_outros,AM,MS,-0.03345717070161626
Pré,tipo_outros,AM,MT,-0.2047154008101
Pré,tipo_outros,AM,PA,0.08422439722050007
Pré,tipo_outros,AM,PB,-0.14194472287917823
Pré,tipo_outros,AM,PE,0.10669708735912022
Pré,tipo_outros,AM,PI,-0.16510466428299614
Pré,tipo_outros,AM,PR,-0.13033841274156988
Pré,tipo_outros,AM,RJ,0.27222747516171886
Pré,tipo_outros,AM,RN,-0.16859953332659633
Pré,tipo_outros,AM,RO,-0.02127733016558266
Pré,tipo_outros,AM,RR,-0.15835575104196736
Pré,tipo_outros,AM,RS,-0.1789013280465194
Pré,tipo_outros,AM,SC,0.11218505993413007
Pré,tipo_outros,AM,SE,0.12369768296004582
Pré,tipo_outros,AM,SP,0.16554476154879547
Pré,tipo_outros,AM,TO,-0.13562172976201264
Pré,tipo_outros,AP,BA,-0.18037173401721124
Pré,tipo_outros,AP,CE,-0.14403526367887623
Pré,tipo_outros,AP,DF,-0.09785432484822616
Pré,tipo_outros,AP,ES,-0.09337415737816109
Pré,tipo_outros,AP,GO,-0.10251993559207838
Pré,tipo_outros,AP,MA,-0.086765128104126
Pré,tipo_outros,AP,MG,0.15073011338662387
Pré,tipo_outros,AP,MS,0.10239151366323765
Pré,tipo_outros,AP,MT,-0.09536750129134008
Pré,tipo_outros,AP,PA,0.0535133735842827
Pré,tipo_outros,AP,PB,-0.12353938962165623
Pré,tipo_outros,AP,PE,-0.1722359116433999
Pré,tipo_outros,AP,PI,-0.2118068438927463
Pré,tipo_outros,AP,PR,-0.04908556486194302
Pré,tipo_outros,AP,RJ,-0.06732029507310341
Pré,tipo_outros,AP,RN,-0.1296557234450633
Pré,tipo_outros,AP,RO,-0.24443206647494314
Pré,tipo_outros,AP,RR,-0.04380045200961319
Pré,tipo_outros,AP,RS,-0.26676624495925844
Pré,tipo_outros,AP,SC,-0.11139826520076807
Pré,tipo_outros,AP,SE,-0.22334641548272016
Pré,tipo_outros,AP,SP,-0.10261319236614881
Pré,tipo_outros,AP,TO,0.07051760290929948
Pré,tipo_outros,BA,CE,0.2994280253633544
Pré,tipo_outros,BA,DF,-0.0763332417430778
Pré,tipo_outros,BA,ES,0.12123494185478756
Pré,tipo_outros,BA,GO,0.14462899362419587
Pré,tipo_outros,BA,MA,0.14956475561052757
Pré,tipo_outros,BA,MG,-0.07118871309159913
Pré,tipo_outros,BA,MS,-0.020491324658729496
Pré,tipo_outros,BA,MT,-0.15931088444328223
Pré,tipo_outros,BA,PA,0.21370575628252414
Pré,tipo_outros,BA,PB,0.18419395426294896
Pré,tipo_outros,BA,PE,0.2645022998621155
Pré,tipo_outros,BA,PI,0.09331470954270674
Pré,tipo_outros,BA,PR,-0.1426730262992352
Pré,tipo_outros,BA,RJ,0.3207154241015395
Pré,tipo_outros,BA,RN,0.3450846514517345
Pré,tipo_outros,BA,RO,-0.05220497812436766
Pré,tipo_outros,BA,RR,-0.32862039337176974
Pré,tipo_outros,BA,RS,-0.23770320547470516
Pré,tipo_outros,BA,SC,-0.12201642157868053
Pré,tipo_outros,BA,SE,0.1634634409765675
Pré,tipo_outros,BA,SP,-0.023556441151902485
Pré,tipo_outros,BA,TO,-0.22597088567473542
Pré,tipo_outros,CE,DF,0.0014867756433366275
Pré,tipo_outros,CE,ES,0.32476922421756604
Pré,tipo_outros,CE,GO,0.0161547494916464
Pré,tipo_outros,CE,MA,0.27770095693163616
Pré,tipo_outros,CE,MG,0.06781472727325329
Pré,tipo_outros,CE,MS,-0.17177454985053872
Pré,tipo_outros,CE,MT,-0.11751915427162021
Pré,tipo_outros,CE,PA,0.21529009510043512
Pré,tipo_outros,CE,PB,0.33673328181180273
Pré,tipo_outros,CE,PE,0.5255398371935094
Pré,tipo_outros,CE,PI,0.1615503798608174
Pré,tipo_outros,CE,PR,-0.055430713898054096
Pré,tipo_outros,CE,RJ,0.41199759256130464
Pré,tipo_outros,CE,RN,0.1426161155229062
Pré,tipo_outros,CE,RO,-0.009528994351103104
Pré,tipo_outros,CE,RR,-0.4380016932185452
Pré,tipo_outros,CE,RS,-0.1971614262991834
Pré,tipo_outros,CE,SC,-0.010197056184962033
Pré,tipo_outros,CE,SE,0.016367019507669858
Pré,tipo_outros,CE,SP,0.04530189021215244
Pré,tipo_outros,CE,TO,-0.1340473560330151
Pré,tipo_outros,DF,ES,0.11001991311462343
Pré,tipo_outros,DF,GO,0.17829175723053506
Pré,tipo_outros,DF,MA,-0.2675709350405753
Pré,tipo_outros,DF,MG,0.5193200880164588
Pré,tipo_outros,DF,MS,0.40390076051765644
Pré,tipo_outros,DF,MT,0.01696047918692365
Pré,tipo_outros,DF,PA,0.036988733089192635
Pré,tipo_outros,DF,PB,0.09105413615463703
Pré,tipo_outros,DF,PE,-0.049141942969699245
Pré,tipo_outros,DF,PI,-0.1807580888685755
Pré,tipo_outros,DF,PR,0.5337044490526508
Pré,tipo_outros,DF,RJ,0.07612255343339701
Pré,tipo_outros,DF,RN,-0.0010538879398032336
Pré,tipo_outros,DF,RO,0.33088654508106136
Pré,tipo_outros,DF,RR,-0.3541233757997848
Pré,tipo_outros,DF,RS,0.39545922744667333
Pré,tipo_outros,DF,SC,0.5658139401250288
Pré,tipo_outros,DF,SE,-0.07662671223215761
Pré,tipo_outros,DF,SP,0.5372731692830708
Pré,tipo_outros,DF,TO,0.07068146813778892
Pré,tipo_outros,ES,GO,-0.05581591873888408
Pré,tipo_outros,ES,MA,0.11399190509551646
Pré,tipo_outros,ES,MG,0.2183153244182384
Pré,tipo_outros,ES,MS,-0.15665383152666262
Pré,tipo_outros,ES,MT,-0.13384645767963055
Pré,tipo_outros,ES,PA,0.05571430205388546
Pré,tipo_outros,ES,PB,0.12276312743072475
Pré,tipo_outros,ES,PE,0.1245180475032527
Pré,tipo_outros,ES,PI,-0.008267577303191904
Pré,tipo_outros,ES,PR,-0.028855792463093517
Pré,tipo_outros,ES,RJ,0.19388637062182376
Pré,tipo_outros,ES,RN,0.2479040209960053
Pré,tipo_outros,ES,RO,-0.02738372485352859
Pré,tipo_outros,ES,RR,-0.3795660569892085
Pré,tipo_outros,ES,RS,-0.008005683262616189
Pré,tipo_outros,ES,SC,0.10299129325256341
Pré,tipo_outros,ES,SE,0.0244264912404056
Pré,tipo_outros,ES,SP,0.19387759350008638
Pré,tipo_outros,ES,TO,0.04959081043919528
Pré,tipo_outros,GO,MA,0.06992895834595193
Pré,tipo_outros,GO,MG,0.2319236149496648
Pré,tipo_outros,GO,MS,0.3026153364594802
Pré,tipo_outros,GO,MT,0.35574192166339097
Pré,tipo_outros,GO,PA,0.17686682049728136
Pré,tipo_outros,GO,PB,-0.09438279783656811
Pré,tipo_outros,GO,PE,-0.12190557587204866
Pré,tipo_outros,GO,PI,0.12385915611733468
Pré,tipo_outros,GO,PR,0.33942477965792267
Pré,tipo_outros,GO,RJ,-0.1434888333783157
Pré,tipo_outros,GO,RN,0.08490390835340271
Pré,tipo_outros,GO,RO,-0.09155944768273681
Pré,tipo_outros,GO,RR,-0.3768631245237677
Pré,tipo_outros,GO,RS,0.2419671222169738
Pré,tipo_outros,GO,SC,0.1404241573107986
Pré,tipo_outros,GO,SE,0.2330360920316756
Pré,tipo_outros,GO,SP,-0.010813981010416689
Pré,tipo_outros,GO,TO,0.08547849695063701
Pré,tipo_outros,MA,MG,-0.18172229092142722
Pré,tipo_outros,MA,MS,-0.20775495244695352
Pré,tipo_outros,MA,MT,-0.04237987021522068
Pré,tipo_outros,MA,PA,0.09408533997726921
Pré,tipo_outros,MA,PB,0.15711532130457087
Pré,tipo_outros,MA,PE,0.07638302251170104
Pré,tipo_outros,MA,PI,0.6401668491889266
Pré,tipo_outros,MA,PR,-0.23444552966174909
Pré,tipo_outros,MA,RJ,-0.002064349180059085
Pré,tipo_outros,MA,RN,0.19501236414796447
Pré,tipo_outros,MA,RO,-0.2379745552029539
Pré,tipo_outros,MA,RR,-0.27542200915014314
Pré,tipo_outros,MA,RS,-0.18727021956065523
Pré,tipo_outros,MA,SC,-0.4199918164914226
Pré,tipo_outros,MA,SE,0.07500037065525722
Pré,tipo_outros,MA,SP,-0.48145630971096554
Pré,tipo_outros,MA,TO,0.23742832713650336
Pré,tipo_outros,MG,MS,0.3061599217077907
Pré,tipo_outros,MG,MT,0.08619127921926698
Pré,tipo_outros,MG,PA,0.14490002424152476
Pré,tipo_outros,MG,PB,-0.05468742978139214
Pré,tipo_outros,MG,PE,-0.005433490166365568
Pré,tipo_outros,MG,PI,-0.1794375098196115
Pré,tipo_outros,MG,PR,0.5152114117861585
Pré,tipo_outros,MG,RJ,0.33886641252210514
Pré,tipo_outros,MG,RN,-0.04287411253782042
Pré,tipo_outros,MG,RO,0.180126899885038
Pré,tipo_outros,MG,RR,-0.4801249125421081
Pré,tipo_outros,MG,RS,0.18409629085058193
Pré,tipo_outros,MG,SC,0.5107089403493064
Pré,tipo_outros,MG,SE,-0.0672727386817448
Pré,tipo_outros,MG,SP,0.5841259492566969
Pré,tipo_outros,MG,TO,0.02070267423643601
Pré,tipo_outros,MS,MT,0.18431570674268744
Pré,tipo_outros,MS,PA,0.08785356397861352
Pré,tipo_outros,MS,PB,-0.04652447150415178
Pré,tipo_outros,MS,PE,-0.153798711105238
Pré,tipo_outros,MS,PI,-0.15344619792251035
Pré,tipo_outros,MS,PR,0.6401665220469587
Pré,tipo_outros,MS,RJ,-0.018587793361519476
Pré,tipo_outros,MS,RN,-0.23446079464395783
Pré,tipo_outros,MS,RO,-0.06277898138931726
Pré,tipo_outros,MS,RR,-0.2967764775320541
Pré,tipo_outros,MS,RS,0.4566961157053543
Pré,tipo_outros,MS,SC,0.41528959801848236
Pré,tipo_outros,MS,SE,-0.1458931258216222
Pré,tipo_outros,MS,SP,0.2815917278005837
Pré,tipo_outros,MS,TO,0.1721262645563619
Pré,tipo_outros,MT,PA,-0.08668274978879943
Pré,tipo_outros,MT,PB,-0.20620187447142493
Pré,tipo_outros,MT,PE,-0.20920028177265163
Pré,tipo_outros,MT,PI,-0.14656614775308785
Pré,tipo_outros,MT,PR,0.2174089062209803
Pré,tipo_outros,MT,RJ,-0.10173039475446728
Pré,tipo_outros,MT,RN,-0.04639138757204874
Pré,tipo_outros,MT,RO,-0.1050478791597448
Pré,tipo_outros,MT,RR,-0.1578036948515039
Pré,tipo_outros,MT,RS,0.15515107967003564
Pré,tipo_outros,MT,SC,0.02032483499409564
Pré,tipo_outros,MT,SE,0.11252879252520145
Pré,tipo_outros,MT,SP,-0.06527022675740811
Pré,tipo_outros,MT,TO,0.16219278732810258
Pré,tipo_outros,PA,PB,0.06901592472221876
Pré,tipo_outros,PA,PE,0.13111917356363176
Pré,tipo_outros,PA,PI,-0.11745713113144382
Pré,tipo_outros,PA,PR,0.08664009844388525
Pré,tipo_outros,PA,RJ,0.20723258151590895
Pré,tipo_outros,PA,RN,0.04941646867122252
Pré,tipo_outros,PA,RO,0.0535312962446279
Pré,tipo_outros,PA,RR,-0.40357288599953467
Pré,tipo_outros,PA,RS,0.03238787373743559
Pré,tipo_outros,PA,SC,0.1417574101486493
Pré,tipo_outros,PA,SE,0.02428747493723188
Pré,tipo_outros,PA,SP,0.09049920343969184
Pré,tipo_outros,PA,TO,-0.0651268685135186
Pré,tipo_outros,PB,PE,0.32982411891819274
Pré,tipo_outros,PB,PI,0.3625798222493249
Pré,tipo_outros,PB,PR,0.10480916645245081
Pré,tipo_outros,PB,RJ,-0.021705796723355392
Pré,tipo_outros,PB,RN,0.18981230090733303
Pré,tipo_outros,PB,RO,0.08090525389579546
Pré,tipo_outros,PB,RR,-0.2764986489113063
Pré,tipo_outros,PB,RS,-0.1407611406586717
Pré,tipo_outros,PB,SC,0.037989234737262595
Pré,tipo_outros,PB,SE,0.00334183966895785
Pré,tipo_outros,PB,SP,0.059355891199670045
Pré,tipo_outros,PB,TO,-0.22424472326031414
Pré,tipo_outros,PE,PI,0.13258895372070484
Pré,tipo_outros,PE,PR,-0.014849378993959021
Pré,tipo_outros,PE,RJ,0.38423144786554136
Pré,tipo_outros,PE,RN,-0.12067933102086711
Pré,tipo_outros,PE,RO,-0.03687607759225505
Pré,tipo_outros,PE,RR,-0.23115016586266063
Pré,tipo_outros,PE,RS,-0.14708678512730172
Pré,tipo_outros,PE,SC,-0.013458164881173032
Pré,tipo_outros,PE,SE,0.010802567940829176
Pré,tipo_outros,PE,SP,0.1213426690912143
Pré,tipo_outros,PE,TO,-0.29125977452116225
Pré,tipo_outros,PI,PR,-0.1906004700186047
Pré,tipo_outros,PI,RJ,-0.22836277452107986
Pré,tipo_outros,PI,RN,0.1359921958034414
Pré,tipo_outros,PI,RO,-0.20473711163262806
Pré,tipo_outros,PI,RR,-0.12059248947919116
Pré,tipo_outros,PI,RS,-0.03468160122050704
Pré,tipo_outros,PI,SC,-0.2726193340447611
Pré,tipo_outros,PI,SE,0.0670710997854703
Pré,tipo_outros,PI,SP,-0.36310928030992057
Pré,tipo_outros,PI,TO,-0.003805659755361493
Pré,tipo_outros,PR,RJ,0.12760097335746345
Pré,tipo_outros,PR,RN,-0.1007087417128401
Pré,tipo_outros,PR,RO,0.27073413556561593
Pré,tipo_outros,PR,RR,-0.45638326680768393
Pré,tipo_outros,PR,RS,0.5500164718916112
Pré,tipo_outros,PR,SC,0.6398051952398751
Pré,tipo_outros,PR,SE,-0.022821117434993078
Pré,tipo_outros,PR,SP,0.5567078882130385
Pré,tipo_outros,PR,TO,0.10712493159194617
Pré,tipo_outros,RJ,RN,-0.056059320573103505
Pré,tipo_outros,RJ,RO,0.20845558108415208
Pré,tipo_outros,RJ,RR,-0.3756244187121672
Pré,tipo_outros,RJ,RS,-0.15013685941489346
Pré,tipo_outros,RJ,SC,0.2657941557198934
Pré,tipo_outros,RJ,SE,-0.17039475863865952
Pré,tipo_outros,RJ,SP,0.3843924029574281
Pré,tipo_outros,RJ,TO,-0.09477861511816814
Pré,tipo_outros,RN,RO,-0.015134181316550737
Pré,tipo_outros,RN,RR,-0.2581288112275437
Pré,tipo_outros,RN,RS,-0.10586942943458148
Pré,tipo_outros,RN,SC,-0.1435098646563058
Pré,tipo_outros,RN,SE,0.16717397298085296
Pré,tipo_outros,RN,SP,-0.0800321556637213
Pré,tipo_outros,RN,TO,0.011995619065490412
Pré,tipo_outros,RO,RR,-0.11216851089135657
Pré,tipo_outros,RO,RS,0.29907908836303077
Pré,tipo_outros,RO,SC,0.5334527034885389
Pré,tipo_outros,RO,SE,-0.10420968891113142
Pré,tipo_outros,RO,SP,0.5209729757572608
Pré,tipo_outros,RO,TO,-0.05160525996800284
Pré,tipo_outros,RR,RS,-0.15980654692025312
Pré,tipo_outros,RR,SC,-0.3621053513219084
Pré,tipo_outros,RR,SE,-0.12357409811275397
Pré,tipo_outros,RR,SP,-0.322665748777774
Pré,tipo_outros,RR,TO,-0.17317358906482963
Pré,tipo_outros,RS,SC,0.4758591544849303
Pré,tipo_outros,RS,SE,-0.13032305038183606
Pré,tipo_outros,RS,SP,0.3233040738351024
Pré,tipo_outros,RS,TO,0.310820535656059
Pré,tipo_outros,SC,SE,-0.2125383861866154
Pré,tipo_outros,SC,SP,0.7775068195940661
Pré,tipo_outros,SC,TO,-0.07401415158281213
Pré,tipo_outros,SE,SP,-0.16742473425098106
Pré,tipo_outros,SE,TO,-0.16679267892174127
Pré,tipo_outros,SP,TO,-0.22470016320144326
Pré,tipo_tornado,AC,AL,-0.09181910421625135
Pré,tipo_tornado,AC,AM,0.30000286228374395
Pré,tipo_tornado,AC,AP,-0.09030875805880115
Pré,tipo_tornado,AC,BA,0.08973022654509404
Pré,tipo_tornado,AC,CE,0.01884087070025231
Pré,tipo_tornado,AC,DF,-0.17526443128610225
Pré,tipo_tornado,AC,ES,0.02809160519669519
Pré,tipo_tornado,AC,GO,-0.16543843415527892
Pré,tipo_tornado,AC,MA,-0.02277110638104281
Pré,tipo_tornado,AC,MG,-0.12756450800168034
Pré,tipo_tornado,AC,MS,-0.21642687396584895
Pré,tipo_tornado,AC,MT,-0.2071653925338899
Pré,tipo_tornado,AC,PA,0.14240837199199266
Pré,tipo_tornado,AC,PB,-0.07205661140309289
Pré,tipo_tornado,AC,PE,0.10846916740823745
Pré,tipo_tornado,AC,PI,-0.024322674921864053
Pré,tipo_tornado,AC,PR,-0.25861207631770106
Pré,tipo_tornado,AC,RJ,0.1308767222052773
Pré,tipo_tornado,AC,RN,-0.143841601007843
Pré,tipo_tornado,AC,RO,0.17941843178054798
Pré,tipo_tornado,AC,RR,-0.009198924810314486
Pré,tipo_tornado,AC,RS,-0.25288887072566535
Pré,tipo_tornado,AC,SC,0.08345551666895808
Pré,tipo_tornado,AC,SE,0.03045464248220533
Pré,tipo_tornado,AC,SP,0.07496049177925977
Pré,tipo_tornado,AC,TO,-0.20280067514781427
Pré,tipo_tornado,AL,AM,-0.11465942117706998
Pré,tipo_tornado,AL,AP,-0.1474560819868337
Pré,tipo_tornado,AL,BA,0.4953490074093997
Pré,tipo_tornado,AL,CE,0.3177218304608424
Pré,tipo_tornado,AL,DF,-0.11320242889855943
Pré,tipo_tornado,AL,ES,0.12471388893723877
Pré,tipo_tornado,AL,GO,-0.008663567174554227
Pré,tipo_tornado,AL,MA,0.2383933872372212
Pré,tipo_tornado,AL,MG,-0.20888939689892388
Pré,tipo_tornado,AL,MS,-0.07456819500693745
Pré,tipo_tornado,AL,MT,-0.08980743069965222
Pré,tipo_tornado,AL,PA,0.17415792861859725
Pré,tipo_tornado,AL,PB,0.42025446110445275
Pré,tipo_tornado,AL,PE,0.40632119225218033
Pré,tipo_tornado,AL,PI,0.2507594309990164
Pré,tipo_tornado,AL,PR,-0.10872278535127675
Pré,tipo_tornado,AL,RJ,0.10955723904245097
Pré,tipo_tornado,AL,RN,0.28054062123125384
Pré,tipo_tornado,AL,RO,-0.2918887725812982
Pré,tipo_tornado,AL,RR,-0.2671423919772954
Pré,tipo_tornado,AL,RS,-0.21580359090495882
Pré,tipo_tornado,AL,SC,-0.29473400234635544
Pré,tipo_tornado,AL,SE,0.18029417699417408
Pré,tipo_tornado,AL,SP,-0.1958180574602037
Pré,tipo_tornado,AL,TO,-0.23793253700807684
Pré,tipo_tornado,AM,AP,0.024423432792834272
Pré,tipo_tornado,AM,BA,0.09656821511378376
Pré,tipo_tornado,AM,CE,0.13523597326314815
Pré,tipo_tornado,AM,DF,-0.08550766648232395
Pré,tipo_tornado,AM,ES,0.15254410136343324
Pré,tipo_tornado,AM,GO,-0.14239163730040016
Pré,tipo_tornado,AM,MA,-0.06720314845183012
Pré,tipo_tornado,AM,MG,0.005693062794187444
Pré,tipo_tornado,AM,MS,-0.035226095457120535
Pré,tipo_tornado,AM,MT,-0.20498844642562777
Pré,tipo_tornado,AM,PA,0.08474377824024708
Pré,tipo_tornado,AM,PB,-0.14141241501720175
Pré,tipo_tornado,AM,PE,0.10683411323157167
Pré,tipo_tornado,AM,PI,-0.16538775526339197
Pré,tipo_tornado,AM,PR,-0.13217736267701793
Pré,tipo_tornado,AM,RJ,0.2723313527323027
Pré,tipo_tornado,AM,RN,-0.16803950949462043
Pré,tipo_tornado,AM,RO,-0.02150277621394654
Pré,tipo_tornado,AM,RR,-0.15817449175770085
Pré,tipo_tornado,AM,RS,-0.18022760567006424
Pré,tipo_tornado,AM,SC,0.10898393894921848
Pré,tipo_tornado,AM,SE,0.12332123877112688
Pré,tipo_tornado,AM,SP,0.16532553638653566
Pré,tipo_tornado,AM,TO,-0.13580256017503536
Pré,tipo_tornado,AP,BA,-0.17975011236710858
Pré,tipo_tornado,AP,CE,-0.15167971483601156
Pré,tipo_tornado,AP,DF,-0.09397892208808771
Pré,tipo_tornado,AP,ES,-0.10117217651237288
Pré,tipo_tornado,AP,GO,-0.09140124606625666
Pré,tipo_tornado,AP,MA,-0.09462999895088144
Pré,tipo_tornado,AP,MG,0.15237705477880414
Pré,tipo_tornado,AP,MS,0.10270041874562745
Pré,tipo_tornado,AP,MT,-0.08800151964779691
Pré,tipo_tornado,AP,PA,0.04677045365884546
Pré,tipo_tornado,AP,PB,-0.12836638314702212
Pré,tipo_tornado,AP,PE,-0.17487523373627104
Pré,tipo_tornado,AP,PI,-0.21140686775216655
Pré,tipo_tornado,AP,PR,-0.04051247064627841
Pré,tipo_tornado,AP,RJ,-0.06840280467415688
Pré,tipo_tornado,AP,RN,-0.13868712951227669
Pré,tipo_tornado,AP,RO,-0.23922163150668815
Pré,tipo_tornado,AP,RR,-0.0437122142922288
Pré,tipo_tornado,AP,RS,-0.2636805086072716
Pré,tipo_tornado,AP,SC,-0.11052436979074416
Pré,tipo_tornado,AP,SE,-0.2167374102649216
Pré,tipo_tornado,AP,SP,-0.10094962535089559
Pré,tipo_tornado,AP,TO,0.07113565258787785
Pré,tipo_tornado,BA,CE,0.29975758821651605
Pré,tipo_tornado,BA,DF,-0.0773033763701732
Pré,tipo_tornado,BA,ES,0.12168763817937309
Pré,tipo_tornado,BA,GO,0.14286196474539498
Pré,tipo_tornado,BA,MA,0.14992710398297274
Pré,tipo_tornado,BA,MG,-0.07244322353315186
Pré,tipo_tornado,BA,MS,-0.015339131576491302
Pré,tipo_tornado,BA,MT,-0.16007077307860526
Pré,tipo_tornado,BA,PA,0.21445635196950644
Pré,tipo_tornado,BA,PB,0.18469227026265414
Pré,tipo_tornado,BA,PE,0.2644403080479328
Pré,tipo_tornado,BA,PI,0.0927110392588155
Pré,tipo_tornado,BA,PR,-0.14532684333170404
Pré,tipo_tornado,BA,RJ,0.3206676907994958
Pré,tipo_tornado,BA,RN,0.3457537286996876
Pré,tipo_tornado,BA,RO,-0.0530479432326784
Pré,tipo_tornado,BA,RR,-0.32854599816620006
Pré,tipo_tornado,BA,RS,-0.23535606903666192
Pré,tipo_tornado,BA,SC,-0.12260089863564833
Pré,tipo_tornado,BA,SE,0.16246277811917192
Pré,tipo_tornado,BA,SP,-0.024850325427644246
Pré,tipo_tornado,BA,TO,-0.22648991949055422
Pré,tipo_tornado,CE,DF,0.0015763353983051312
Pré,tipo_tornado,CE,ES,0.3256789595590953
Pré,tipo_tornado,CE,GO,0.014914774300908842
Pré,tipo_tornado,CE,MA,0.278519689811413
Pré,tipo_tornado,CE,MG,0.06762780550495338
Pré,tipo_tornado,CE,MS,-0.16375549871124864
Pré,tipo_tornado,CE,MT,-0.11798799420687785
Pré,tipo_tornado,CE,PA,0.21659179796541933
Pré,tipo_tornado,CE,PB,0.33769421359665325
Pré,tipo_tornado,CE,PE,0.5259136323281064
Pré,tipo_tornado,CE,PI,0.16130825563871362
Pré,tipo_tornado,CE,PR,-0.05652761161544373
Pré,tipo_tornado,CE,RJ,0.41251705062174737
Pré,tipo_tornado,CE,RN,0.14389436857515
Pré,tipo_tornado,CE,RO,-0.009637616131096026
Pré,tipo_tornado,CE,RR,-0.4373103395958198
Pré,tipo_tornado,CE,RS,-0.19413287808137378
Pré,tipo_tornado,CE,SC,-0.010393741575073058
Pré,tipo_tornado,CE,SE,0.015953870959193282
Pré,tipo_tornado,CE,SP,0.04545146617895908
Pré,tipo_tornado,CE,TO,-0.1339966809618141
Pré,tipo_tornado,DF,ES,0.11061219227801773
Pré,tipo_tornado,DF,GO,0.17647471985133695
Pré,tipo_tornado,DF,MA,-0.26732407501109257
Pré,tipo_tornado,DF,MG,0.5188287034590133
Pré,tipo_tornado,DF,MS,0.39664998739869056
Pré,tipo_tornado,DF,MT,0.01611315609110818
Pré,tipo_tornado,DF,PA,0.037407333619255446
Pré,tipo_tornado,DF,PB,0.09130071228121299
Pré,tipo_tornado,DF,PE,-0.049474634278885744
Pré,tipo_tornado,DF,PI,-0.1817538420840405
Pré,tipo_tornado,DF,PR,0.5332102070016597
Pré,tipo_tornado,DF,RJ,0.0759147344410471
Pré,tipo_tornado,DF,RN,-0.0005309998116104779
Pré,tipo_tornado,DF,RO,0.33021076545844896
Pré,tipo_tornado,DF,RR,-0.3541992974699269
Pré,tipo_tornado,DF,RS,0.40041261205889633
Pré,tipo_tornado,DF,SC,0.5659235761079342
Pré,tipo_tornado,DF,SE,-0.07805466060291992
Pré,tipo_tornado,DF,SP,0.5366902847014711
Pré,tipo_tornado,DF,TO,0.07015987089120965
Pré,tipo_tornado,ES,GO,-0.056129647602607115
Pré,tipo_tornado,ES,MA,0.11463523669543793
Pré,tipo_tornado,ES,MG,0.21880553613204143
Pré,tipo_tornado,ES,MS,-0.1505646825486511
Pré,tipo_tornado,ES,MT,-0.13440545827571954
Pré,tipo_tornado,ES,PA,0.05711675938592283
Pré,tipo_tornado,ES,PB,0.12369408782623419
Pré,tipo_tornado,ES,PE,0.12497890739171087
Pré,tipo_tornado,ES,PI,-0.00855504136272248
Pré,tipo_tornado,ES,PR,-0.029157415529850524
Pré,tipo_tornado,ES,RJ,0.19449150128705497
Pré,tipo_tornado,ES,RN,0.24884508247571926
Pré,tipo_tornado,ES,RO,-0.027674133411974125
Pré,tipo_tornado,ES,RR,-0.3792900169562418
Pré,tipo_tornado,ES,RS,-0.0032519462483494117
Pré,tipo_tornado,ES,SC,0.10468923057116783
Pré,tipo_tornado,ES,SE,0.02432342095074716
Pré,tipo_tornado,ES,SP,0.19495915401040945
Pré,tipo_tornado,ES,TO,0.04977236609950963
Pré,tipo_tornado,GO,MA,0.06955132315080154
Pré,tipo_tornado,GO,MG,0.22948876100758392
Pré,tipo_tornado,GO,MS,0.30238959774010765
Pré,tipo_tornado,GO,MT,0.355579071770812
Pré,tipo_tornado,GO,PA,0.17642015365357064
Pré,tipo_tornado,GO,PB,-0.09521568273772991
Pré,tipo_tornado,GO,PE,-0.12345458691504385
Pré,tipo_tornado,GO,PI,0.12254084257161225
Pré,tipo_tornado,GO,PR,0.33781761840606245
Pré,tipo_tornado,GO,RJ,-0.14503611635289138
Pré,tipo_tornado,GO,RN,0.08485480610512754
Pré,tipo_tornado,GO,RO,-0.09370942802123046
Pré,tipo_tornado,GO,RR,-0.3775152644635046
Pré,tipo_tornado,GO,RS,0.24267139721507416
Pré,tipo_tornado,GO,SC,0.14288652838492127
Pré,tipo_tornado,GO,SE,0.23136820509063302
Pré,tipo_tornado,GO,SP,-0.01432407753990609
Pré,tipo_tornado,GO,TO,0.08457807941552341
Pré,tipo_tornado,MA,MG,-0.1818951633729115
Pré,tipo_tornado,MA,MS,-0.195161816484609
Pré,tipo_tornado,MA,MT,-0.04296458975680046
Pré,tipo_tornado,MA,PA,0.09494616084352893
Pré,tipo_tornado,MA,PB,0.15797911240229984
Pré,tipo_tornado,MA,PE,0.07696748167394256
Pré,tipo_tornado,MA,PI,0.6401519529774093
Pré,tipo_tornado,MA,PR,-0.23262912156725782
Pré,tipo_tornado,MA,RJ,-0.0013212096366000499
Pré,tipo_tornado,MA,RN,0.19578139814828827
Pré,tipo_tornado,MA,RO,-0.23780896453277908
Pré,tipo_tornado,MA,RR,-0.2751191590901004
Pré,tipo_tornado,MA,RS,-0.18682255449897445
Pré,tipo_tornado,MA,SC,-0.41872318243297374
Pré,tipo_tornado,MA,SE,0.07478445076358482
Pré,tipo_tornado,MA,SP,-0.4802774458584289
Pré,tipo_tornado,MA,TO,0.23745572501745962
Pré,tipo_tornado,MG,MS,0.30318704768793714
Pré,tipo_tornado,MG,MT,0.08488020341776462
Pré,tipo_tornado,MG,PA,0.14520017128088125
Pré,tipo_tornado,MG,PB,-0.054836731241968695
Pré,tipo_tornado,MG,PE,-0.005897757595048217
Pré,tipo_tornado,MG,PI,-0.1809441952710134
Pré,tipo_tornado,MG,PR,0.5125012637439004
Pré,tipo_tornado,MG,RJ,0.3386250122112988
Pré,tipo_tornado,MG,RN,-0.04249884286239178
Pré,tipo_tornado,MG,RO,0.17925478475740173
Pré,tipo_tornado,MG,RR,-0.47835868338740023
Pré,tipo_tornado,MG,RS,0.1881353572066748
Pré,tipo_tornado,MG,SC,0.50995509184946
Pré,tipo_tornado,MG,SE,-0.06879658158428577
Pré,tipo_tornado,MG,SP,0.58413455592664
Pré,tipo_tornado,MG,TO,0.019912617934473253
Pré,tipo_tornado,MS,MT,0.1892300152976696
Pré,tipo_tornado,MS,PA,0.08888614869455172
Pré,tipo_tornado,MS,PB,-0.04717940002802827
Pré,tipo_tornado,MS,PE,-0.14810001284239363
Pré,tipo_tornado,MS,PI,-0.1439954572991764
Pré,tipo_tornado,MS,PR,0.6340678173051666
Pré,tipo_tornado,MS,RJ,-0.017958024029978013
Pré,tipo_tornado,MS,RN,-0.2318280228068131
Pré,tipo_tornado,MS,RO,-0.07283487797259684
Pré,tipo_tornado,MS,RR,-0.30135418596095886
Pré,tipo_tornado,MS,RS,0.452250312037501
Pré,tipo_tornado,MS,SC,0.40159378702036475
Pré,tipo_tornado,MS,SE,-0.1405950020142455
Pré,tipo_tornado,MS,SP,0.2729798659391541
Pré,tipo_tornado,MS,TO,0.17103625270417416
Pré,tipo_tornado,MT,PA,-0.08715850640538492
Pré,tipo_tornado,MT,PB,-0.20673841597349574
Pré,tipo_tornado,MT,PE,-0.20976574429895375
Pré,tipo_tornado,MT,PI,-0.14795176559912074
Pré,tipo_tornado,MT,PR,0.2158307131236211
Pré,tipo_tornado,MT,RJ,-0.10255706411456623
Pré,tipo_tornado,MT,RN,-0.046398293188055315
Pré,tipo_tornado,MT,RO,-0.10671318198079686
Pré,tipo_tornado,MT,RR,-0.15775582720418607
Pré,tipo_tornado,MT,RS,0.1480344819530543
Pré,tipo_tornado,MT,SC,0.019044301151949303
Pré,tipo_tornado,MT,SE,0.11080141465287648
Pré,tipo_tornado,MT,SP,-0.06698326903161918
Pré,tipo_tornado,MT,TO,0.16218510202689754
Pré,tipo_tornado,PA,PB,0.06976743534105598
Pré,tipo_tornado,PA,PE,0.1318234997860943
Pré,tipo_tornado,PA,PI,-0.11774732025651057
Pré,tipo_tornado,PA,PR,0.0867455118240109
Pré,tipo_tornado,PA,RJ,0.20832623486246318
Pré,tipo_tornado,PA,RN,0.05071017075746112
Pré,tipo_tornado,PA,RO,0.05333559959482338
Pré,tipo_tornado,PA,RR,-0.40332471689811256
Pré,tipo_tornado,PA,RS,0.039450036152178646
Pré,tipo_tornado,PA,SC,0.14213857375616937
Pré,tipo_tornado,PA,SE,0.024073399465788924
Pré,tipo_tornado,PA,SP,0.0902935252587789
Pré,tipo_tornado,PA,TO,-0.06462989748799
Pré,tipo_tornado,PB,PE,0.33040419466391346
Pré,tipo_tornado,PB,PI,0.3624635180203503
Pré,tipo_tornado,PB,PR,0.1053074168017752
Pré,tipo_tornado,PB,RJ,-0.020828912358316277
Pré,tipo_tornado,PB,RN,0.19077167115018115
Pré,tipo_tornado,PB,RO,0.08087042808056441
Pré,tipo_tornado,PB,RR,-0.27607145854328136
Pré,tipo_tornado,PB,RS,-0.1400427480786235
Pré,tipo_tornado,PB,SC,0.03829056744963104
Pré,tipo_tornado,PB,SE,0.0032336683029801864
Pré,tipo_tornado,PB,SP,0.06129353790842836
Pré,tipo_tornado,PB,TO,-0.22406952313962505
Pré,tipo_tornado,PE,PI,0.1323211881643315
Pré,tipo_tornado,PE,PR,-0.016954102670883892
Pré,tipo_tornado,PE,RJ,0.3844869986429808
Pré,tipo_tornado,PE,RN,-0.1197214849431002
Pré,tipo_tornado,PE,RO,-0.037235407564783246
Pré,tipo_tornado,PE,RR,-0.23089469891346345
Pré,tipo_tornado,PE,RS,-0.14513891357085507
Pré,tipo_tornado,PE,SC,-0.015981496726021928
Pré,tipo_tornado,PE,SE,0.010147212810999371
Pré,tipo_tornado,PE,SP,0.12150384152149475
Pré,tipo_tornado,PE,TO,-0.2914159837337356
Pré,tipo_tornado,PI,PR,-0.19010252639775393
Pré,tipo_tornado,PI,RJ,-0.22874158028301955
Pré,tipo_tornado,PI,RN,0.13615938810196326
Pré,tipo_tornado,PI,RO,-0.20568226927123825
Pré,tipo_tornado,PI,RR,-0.12057207344478423
Pré,tipo_tornado,PI,RS,-0.03396201346875274
Pré,tipo_tornado,PI,SC,-0.271248468222637
Pré,tipo_tornado,PI,SE,0.06626897676492316
Pré,tipo_tornado,PI,SP,-0.3633837230933277
Pré,tipo_tornado,PI,TO,-0.004265957098172304
Pré,tipo_tornado,PR,RJ,0.1266412345553908
Pré,tipo_tornado,PR,RN,-0.09854804662014055
Pré,tipo_tornado,PR,RO,0.2706131286609508
Pré,tipo_tornado,PR,RR,-0.4566318530812347
Pré,tipo_tornado,PR,RS,0.5516753722093176
Pré,tipo_tornado,PR,SC,0.6329569494044055
Pré,tipo_tornado,PR,SE,-0.022858360991762666
Pré,tipo_tornado,PR,SP,0.5552709660561672
Pré,tipo_tornado,PR,TO,0.10745413861088009
Pré,tipo_tornado,RJ,RN,-0.05509492892005381
Pré,tipo_tornado,RJ,RO,0.20821170992086596
Pré,tipo_tornado,RJ,RR,-0.37543482224737257
Pré,tipo_tornado,RJ,RS,-0.14848865725420862
Pré,tipo_tornado,RJ,SC,0.26256735499522493
Pré,tipo_tornado,RJ,SE,-0.1711939847190392
Pré,tipo_tornado,RJ,SP,0.38448714631739456
Pré,tipo_tornado,RJ,TO,-0.09487150849170616
Pré,tipo_tornado,RN,RO,-0.014751546638796097
Pré,tipo_tornado,RN,RR,-0.2577912966999035
Pré,tipo_tornado,RN,RS,-0.10566731990832878
Pré,tipo_tornado,RN,SC,-0.13601957373995963
Pré,tipo_tornado,RN,SE,0.16735313244689243
Pré,tipo_tornado,RN,SP,-0.07917462096393311
Pré,tipo_tornado,RN,TO,0.012218585547858409
Pré,tipo_tornado,RO,RR,-0.11212620606627782
Pré,tipo_tornado,RO,RS,0.29942818318254155
Pré,tipo_tornado,RO,SC,0.5369998356442071
Pré,tipo_tornado,RO,SE,-0.10547141348099479
Pré,tipo_tornado,RO,SP,0.5205325929655705
Pré,tipo_tornado,RO,TO,-0.05206223926709881
Pré,tipo_tornado,RR,RS,-0.1624771391744082
Pré,tipo_tornado,RR,SC,-0.3611339221081921
Pré,tipo_tornado,RR,SE,-0.12357477107488106
Pré,tipo_tornado,RR,SP,-0.3219101306298925
Pré,tipo_tornado,RR,TO,-0.17314177174110162
Pré,tipo_tornado,RS,SC,0.4796586496397359
Pré,tipo_tornado,RS,SE,-0.13767328689469152
Pré,tipo_tornado,RS,SP,0.3234276912309812
Pré,tipo_tornado,RS,TO,0.3142824328304842
Pré,tipo_tornado,SC,SE,-0.21237792473052874
Pré,tipo_tornado,SC,SP,0.7771641304265282
Pré,tipo_tornado,SC,TO,-0.07357496457043508
Pré,tipo_tornado,SE,SP,-0.16831059637199186
Pré,tipo_tornado,SE,TO,-0.16746527982185894
Pré,tipo_tornado,SP,TO,-0.22488480315369624
Pré,tipo_vendavais_e_ciclones,AC,AL,-0.09231880378468964
Pré,tipo_vendavais_e_ciclones,AC,AM,0.300042714866657
Pré,tipo_vendavais_e_ciclones,AC,AP,-0.09204550955852683
Pré,tipo_vendavais_e_ciclones,AC,BA,0.08981900168411526
Pré,tipo_vendavais_e_ciclones,AC,CE,0.01840125023272932
Pré,tipo_vendavais_e_ciclones,AC,DF,-0.1757187246235593
Pré,tipo_vendavais_e_ciclones,AC,ES,0.027836129155430815
Pré,tipo_vendavais_e_ciclones,AC,GO,-0.16404428193259762
Pré,tipo_vendavais_e_ciclones,AC,MA,-0.023195665837722482
Pré,tipo_vendavais_e_ciclones,AC,MG,-0.12693115452942713
Pré,tipo_vendavais_e_ciclones,AC,MS,-0.21823771675360168
Pré,tipo_vendavais_e_ciclones,AC,MT,-0.2063772056510863
Pré,tipo_vendavais_e_ciclones,AC,PA,0.14198303578058477
Pré,tipo_vendavais_e_ciclones,AC,PB,-0.0726108014994126
Pré,tipo_vendavais_e_ciclones,AC,PE,0.10825568156087584
Pré,tipo_vendavais_e_ciclones,AC,PI,-0.02404612888858382
Pré,tipo_vendavais_e_ciclones,AC,PR,-0.2564329040982675
Pré,tipo_vendavais_e_ciclones,AC,RJ,0.13079167469145275
Pré,tipo_vendavais_e_ciclones,AC,RN,-0.14455150860097826
Pré,tipo_vendavais_e_ciclones,AC,RO,0.17956716757751398
Pré,tipo_vendavais_e_ciclones,AC,RR,-0.009310101647331906
Pré,tipo_vendavais_e_ciclones,AC,RS,-0.24971099206055924
Pré,tipo_vendavais_e_ciclones,AC,SC,0.08898635383295915
Pré,tipo_vendavais_e_ciclones,AC,SE,0.030660894577043997
Pré,tipo_vendavais_e_ciclones,AC,SP,0.07434300812627566
Pré,tipo_vendavais_e_ciclones,AC,TO,-0.20243681222123477
Pré,tipo_vendavais_e_ciclones,AL,AM,-0.11498422192123792
Pré,tipo_vendavais_e_ciclones,AL,AP,-0.1443509843699773
Pré,tipo_vendavais_e_ciclones,AL,BA,0.4949582024769858
Pré,tipo_vendavais_e_ciclones,AL,CE,0.317050374546507
Pré,tipo_vendavais_e_ciclones,AL,DF,-0.11098256961912983
Pré,tipo_vendavais_e_ciclones,AL,ES,0.12423239798765248
Pré,tipo_vendavais_e_ciclones,AL,GO,-0.008161415034440123
Pré,tipo_vendavais_e_ciclones,AL,MA,0.2378472962738598
Pré,tipo_vendavais_e_ciclones,AL,MG,-0.2084774423382277
Pré,tipo_vendavais_e_ciclones,AL,MS,-0.07889890397115366
Pré,tipo_vendavais_e_ciclones,AL,MT,-0.08909458562586503
Pré,tipo_vendavais_e_ciclones,AL,PA,0.17338496179420068
Pré,tipo_vendavais_e_ciclones,AL,PB,0.41974373621859307
Pré,tipo_vendavais_e_ciclones,AL,PE,0.40589403507236255
Pré,tipo_vendavais_e_ciclones,AL,PI,0.25083603303296736
Pré,tipo_vendavais_e_ciclones,AL,PR,-0.1084284323994284
Pré,tipo_vendavais_e_ciclones,AL,RJ,0.10917482941559079
Pré,tipo_vendavais_e_ciclones,AL,RN,0.27988240538421744
Pré,tipo_vendavais_e_ciclones,AL,RO,-0.2917240174671997
Pré,tipo_vendavais_e_ciclones,AL,RR,-0.26739521324742066
Pré,tipo_vendavais_e_ciclones,AL,RS,-0.2166340331810538
Pré,tipo_vendavais_e_ciclones,AL,SC,-0.29511052479430105
Pré,tipo_vendavais_e_ciclones,AL,SE,0.1803036378361474
Pré,tipo_vendavais_e_ciclones,AL,SP,-0.19599107047870304
Pré,tipo_vendavais_e_ciclones,AL,TO,-0.23797399432672492
Pré,tipo_vendavais_e_ciclones,AM,AP,0.022675921572660164
Pré,tipo_vendavais_e_ciclones,AM,BA,0.0965292611195035
Pré,tipo_vendavais_e_ciclones,AM,CE,0.13487230169143308
Pré,tipo_vendavais_e_ciclones,AM,DF,-0.08498784385926396
Pré,tipo_vendavais_e_ciclones,AM,ES,0.15225814031569104
Pré,tipo_vendavais_e_ciclones,AM,GO,-0.14147799282224877
Pré,tipo_vendavais_e_ciclones,AM,MA,-0.06763500589560573
Pré,tipo_vendavais_e_ciclones,AM,MG,0.006177994415107287
Pré,tipo_vendavais_e_ciclones,AM,MS,-0.033129011453661164
Pré,tipo_vendavais_e_ciclones,AM,MT,-0.20475695500965435
Pré,tipo_vendavais_e_ciclones,AM,PA,0.08439189666784669
Pré,tipo_vendavais_e_ciclones,AM,PB,-0.14196441532838097
Pré,tipo_vendavais_e_ciclones,AM,PE,0.10659927011748756
Pré,tipo_vendavais_e_ciclones,AM,PI,-0.165156337632664
Pré,tipo_vendavais_e_ciclones,AM,PR,-0.1303902734642166
Pré,tipo_vendavais_e_ciclones,AM,RJ,0.2720614659472334
Pré,tipo_vendavais_e_ciclones,AM,RN,-0.16866752803672658
Pré,tipo_vendavais_e_ciclones,AM,RO,-0.021228549240409466
Pré,tipo_vendavais_e_ciclones,AM,RR,-0.15833840742068372
Pré,tipo_vendavais_e_ciclones,AM,RS,-0.1790974728583586
Pré,tipo_vendavais_e_ciclones,AM,SC,0.11238178778340202
Pré,tipo_vendavais_e_ciclones,AM,SE,0.12348798557721602
Pré,tipo_vendavais_e_ciclones,AM,SP,0.165534137483771
Pré,tipo_vendavais_e_ciclones,AM,TO,-0.13562900086946705
Pré,tipo_vendavais_e_ciclones,AP,BA,-0.18032990531117096
Pré,tipo_vendavais_e_ciclones,AP,CE,-0.1440695853938277
Pré,tipo_vendavais_e_ciclones,AP,DF,-0.09863462294679379
Pré,tipo_vendavais_e_ciclones,AP,ES,-0.09328984916210753
Pré,tipo_vendavais_e_ciclones,AP,GO,-0.10260123610812054
Pré,tipo_vendavais_e_ciclones,AP,MA,-0.08676239573800425
Pré,tipo_vendavais_e_ciclones,AP,MG,0.15080172827852115
Pré,tipo_vendavais_e_ciclones,AP,MS,0.1023857465416185
Pré,tipo_vendavais_e_ciclones,AP,MT,-0.09530366792378107
Pré,tipo_vendavais_e_ciclones,AP,PA,0.053619856687851734
Pré,tipo_vendavais_e_ciclones,AP,PB,-0.12352807473310543
Pré,tipo_vendavais_e_ciclones,AP,PE,-0.17233384981122932
Pré,tipo_vendavais_e_ciclones,AP,PI,-0.21174861405718529
Pré,tipo_vendavais_e_ciclones,AP,PR,-0.04913611171233696
Pré,tipo_vendavais_e_ciclones,AP,RJ,-0.0671651297918894
Pré,tipo_vendavais_e_ciclones,AP,RN,-0.1296569432332106
Pré,tipo_vendavais_e_ciclones,AP,RO,-0.24446021747125576
Pré,tipo_vendavais_e_ciclones,AP,RR,-0.043784786732385325
Pré,tipo_vendavais_e_ciclones,AP,RS,-0.2667608495519111
Pré,tipo_vendavais_e_ciclones,AP,SC,-0.11141979482254077
Pré,tipo_vendavais_e_ciclones,AP,SE,-0.22340360891206046
Pré,tipo_vendavais_e_ciclones,AP,SP,-0.10256865501973024
Pré,tipo_vendavais_e_ciclones,AP,TO,0.07049468388480183
Pré,tipo_vendavais_e_ciclones,BA,CE,0.29932276072469993
Pré,tipo_vendavais_e_ciclones,BA,DF,-0.07372692496056724
Pré,tipo_vendavais_e_ciclones,BA,ES,0.12110333210990007
Pré,tipo_vendavais_e_ciclones,BA,GO,0.14436329424660918
Pré,tipo_vendavais_e_ciclones,BA,MA,0.14945650709615546
Pré,tipo_vendavais_e_ciclones,BA,MG,-0.07116546388001711
Pré,tipo_vendavais_e_ciclones,BA,MS,-0.020284918484354025
Pré,tipo_vendavais_e_ciclones,BA,MT,-0.15943593800129635
Pré,tipo_vendavais_e_ciclones,BA,PA,0.21397760518723397
Pré,tipo_vendavais_e_ciclones,BA,PB,0.1841164267234982
Pré,tipo_vendavais_e_ciclones,BA,PE,0.26421435764913875
Pré,tipo_vendavais_e_ciclones,BA,PI,0.0933745945820945
Pré,tipo_vendavais_e_ciclones,BA,PR,-0.14274421784845473
Pré,tipo_vendavais_e_ciclones,BA,RJ,0.32065159731952236
Pré,tipo_vendavais_e_ciclones,BA,RN,0.3449712353279337
Pré,tipo_vendavais_e_ciclones,BA,RO,-0.05209840520704847
Pré,tipo_vendavais_e_ciclones,BA,RR,-0.32865408171237315
Pré,tipo_vendavais_e_ciclones,BA,RS,-0.23773471772453725
Pré,tipo_vendavais_e_ciclones,BA,SC,-0.12239464403219741
Pré,tipo_vendavais_e_ciclones,BA,SE,0.1631058962638991
Pré,tipo_vendavais_e_ciclones,BA,SP,-0.023661754559812478
Pré,tipo_vendavais_e_ciclones,BA,TO,-0.22596115199991818
Pré,tipo_vendavais_e_ciclones,CE,DF,0.0007203722896766687
Pré,tipo_vendavais_e_ciclones,CE,ES,0.3247817202109767
Pré,tipo_vendavais_e_ciclones,CE,GO,0.015933369736249144
Pré,tipo_vendavais_e_ciclones,CE,MA,0.27772720394213524
Pré,tipo_vendavais_e_ciclones,CE,MG,0.06794786836606033
Pré,tipo_vendavais_e_ciclones,CE,MS,-0.1708951696287706
Pré,tipo_vendavais_e_ciclones,CE,MT,-0.11774466118448625
Pré,tipo_vendavais_e_ciclones,CE,PA,0.2154530577812211
Pré,tipo_vendavais_e_ciclones,CE,PB,0.33677452743810277
Pré,tipo_vendavais_e_ciclones,CE,PE,0.5254581263874696
Pré,tipo_vendavais_e_ciclones,CE,PI,0.16162801316448008
Pré,tipo_vendavais_e_ciclones,CE,PR,-0.05528896570485274
Pré,tipo_vendavais_e_ciclones,CE,RJ,0.4120022853423992
Pré,tipo_vendavais_e_ciclones,CE,RN,0.14257138097948235
Pré,tipo_vendavais_e_ciclones,CE,RO,-0.009355628705430712
Pré,tipo_vendavais_e_ciclones,CE,RR,-0.43798145077169376
Pré,tipo_vendavais_e_ciclones,CE,RS,-0.1968588424587475
Pré,tipo_vendavais_e_ciclones,CE,SC,-0.01039632595688794
Pré,tipo_vendavais_e_ciclones,CE,SE,0.016212447012077403
Pré,tipo_vendavais_e_ciclones,CE,SP,0.04543220716812702
Pré,tipo_vendavais_e_ciclones,CE,TO,-0.13401898643830176
Pré,tipo_vendavais_e_ciclones,DF,ES,0.11170148597085851
Pré,tipo_vendavais_e_ciclones,DF,GO,0.18299774592075604
Pré,tipo_vendavais_e_ciclones,DF,MA,-0.26685446098164156
Pré,tipo_vendavais_e_ciclones,DF,MG,0.5167970806034924
Pré,tipo_vendavais_e_ciclones,DF,MS,0.40416785803575855
Pré,tipo_vendavais_e_ciclones,DF,MT,0.017745417839869736
Pré,tipo_vendavais_e_ciclones,DF,PA,0.03732445554632375
Pré,tipo_vendavais_e_ciclones,DF,PB,0.09102337723532157
Pré,tipo_vendavais_e_ciclones,DF,PE,-0.046824577628868165
Pré,tipo_vendavais_e_ciclones,DF,PI,-0.17989430948052862
Pré,tipo_vendavais_e_ciclones,DF,PR,0.5328241112573588
Pré,tipo_vendavais_e_ciclones,DF,RJ,0.07111117138167647
Pré,tipo_vendavais_e_ciclones,DF,RN,0.0006824937182304017
Pré,tipo_vendavais_e_ciclones,DF,RO,0.3299906839486044
Pré,tipo_vendavais_e_ciclones,DF,RR,-0.35474257854040536
Pré,tipo_vendavais_e_ciclones,DF,RS,0.3959342028773733
Pré,tipo_vendavais_e_ciclones,DF,SC,0.5644082073947475
Pré,tipo_vendavais_e_ciclones,DF,SE,-0.07349214057479879
Pré,tipo_vendavais_e_ciclones,DF,SP,0.5349980291180917
Pré,tipo_vendavais_e_ciclones,DF,TO,0.0681379434391801
Pré,tipo_vendavais_e_ciclones,ES,GO,-0.05602627815280379
Pré,tipo_vendavais_e_ciclones,ES,MA,0.11361173721259456
Pré,tipo_vendavais_e_ciclones,ES,MG,0.21866386793934398
Pré,tipo_vendavais_e_ciclones,ES,MS,-0.1561045490122616
Pré,tipo_vendavais_e_ciclones,ES,MT,-0.13374462589603783
Pré,tipo_vendavais_e_ciclones,ES,PA,0.05600807260450946
Pré,tipo_vendavais_e_ciclones,ES,PB,0.12256663923062468
Pré,tipo_vendavais_e_ciclones,ES,PE,0.12425769142467329
Pré,tipo_vendavais_e_ciclones,ES,PI,-0.008945106561854937
Pré,tipo_vendavais_e_ciclones,ES,PR,-0.028594144514809107
Pré,tipo_vendavais_e_ciclones,ES,RJ,0.19395031511945685
Pré,tipo_vendavais_e_ciclones,ES,RN,0.2479208329579328
Pré,tipo_vendavais_e_ciclones,ES,RO,-0.027745739262594403
Pré,tipo_vendavais_e_ciclones,ES,RR,-0.37969457278287594
Pré,tipo_vendavais_e_ciclones,ES,RS,-0.007693456173900579
Pré,tipo_vendavais_e_ciclones,ES,SC,0.10258874981337376
Pré,tipo_vendavais_e_ciclones,ES,SE,0.024231149593705623
Pré,tipo_vendavais_e_ciclones,ES,SP,0.1940696747628845
Pré,tipo_vendavais_e_ciclones,ES,TO,0.04986604397396437
Pré,tipo_vendavais_e_ciclones,GO,MA,0.06990786601235256
Pré,tipo_vendavais_e_ciclones,GO,MG,0.2318839793500501
Pré,tipo_vendavais_e_ciclones,GO,MS,0.3025760743906284
Pré,tipo_vendavais_e_ciclones,GO,MT,0.35565423254350037
Pré,tipo_vendavais_e_ciclones,GO,PA,0.1769438981053599
Pré,tipo_vendavais_e_ciclones,GO,PB,-0.09444691762072284
Pré,tipo_vendavais_e_ciclones,GO,PE,-0.12223646243314414
Pré,tipo_vendavais_e_ciclones,GO,PI,0.12385741615323546
Pré,tipo_vendavais_e_ciclones,GO,PR,0.3394249949822913
Pré,tipo_vendavais_e_ciclones,GO,RJ,-0.1434285087204599
Pré,tipo_vendavais_e_ciclones,GO,RN,0.08469623059814722
Pré,tipo_vendavais_e_ciclones,GO,RO,-0.0916215925522933
Pré,tipo_vendavais_e_ciclones,GO,RR,-0.3769830021464014
Pré,tipo_vendavais_e_ciclones,GO,RS,0.24178099954180576
Pré,tipo_vendavais_e_ciclones,GO,SC,0.14037538651603182
Pré,tipo_vendavais_e_ciclones,GO,SE,0.2327855897946582
Pré,tipo_vendavais_e_ciclones,GO,SP,-0.01097026187731005
Pré,tipo_vendavais_e_ciclones,GO,TO,0.08551897789626108
Pré,tipo_vendavais_e_ciclones,MA,MG,-0.18149587204734924
Pré,tipo_vendavais_e_ciclones,MA,MS,-0.20786542365989844
Pré,tipo_vendavais_e_ciclones,MA,MT,-0.04258776396871067
Pré,tipo_vendavais_e_ciclones,MA,PA,0.09385964210432285
Pré,tipo_vendavais_e_ciclones,MA,PB,0.15719786452786197
Pré,tipo_vendavais_e_ciclones,MA,PE,0.07629139232410914
Pré,tipo_vendavais_e_ciclones,MA,PI,0.6402236880585603
Pré,tipo_vendavais_e_ciclones,MA,PR,-0.23415741061561382
Pré,tipo_vendavais_e_ciclones,MA,RJ,-0.0019112612385285396
Pré,tipo_vendavais_e_ciclones,MA,RN,0.1950057902416817
Pré,tipo_vendavais_e_ciclones,MA,RO,-0.2378890553170819
Pré,tipo_vendavais_e_ciclones,MA,RR,-0.2754355931319123
Pré,tipo_vendavais_e_ciclones,MA,RS,-0.1873198618724361
Pré,tipo_vendavais_e_ciclones,MA,SC,-0.42023848740168634
Pré,tipo_vendavais_e_ciclones,MA,SE,0.07482774858248417
Pré,tipo_vendavais_e_ciclones,MA,SP,-0.4811707666184868
Pré,tipo_vendavais_e_ciclones,MA,TO,0.2374922767471094
Pré,tipo_vendavais_e_ciclones,MG,MS,0.3059501552455604
Pré,tipo_vendavais_e_ciclones,MG,MT,0.0859902789419702
Pré,tipo_vendavais_e_ciclones,MG,PA,0.14538819721512453
Pré,tipo_vendavais_e_ciclones,MG,PB,-0.05446031494801107
Pré,tipo_vendavais_e_ciclones,MG,PE,-0.005390013153188574
Pré,tipo_vendavais_e_ciclones,MG,PI,-0.17922355378612365
Pré,tipo_vendavais_e_ciclones,MG,PR,0.5153265642733988
Pré,tipo_vendavais_e_ciclones,MG,RJ,0.3390375521314726
Pré,tipo_vendavais_e_ciclones,MG,RN,-0.042930317250375744
Pré,tipo_vendavais_e_ciclones,MG,RO,0.1803229025607028
Pré,tipo_vendavais_e_ciclones,MG,RR,-0.47997621859014444
Pré,tipo_vendavais_e_ciclones,MG,RS,0.18355324427739447
Pré,tipo_vendavais_e_ciclones,MG,SC,0.5099991174263775
Pré,tipo_vendavais_e_ciclones,MG,SE,-0.0673089935552838
Pré,tipo_vendavais_e_ciclones,MG,SP,0.5843173822466416
Pré,tipo_vendavais_e_ciclones,MG,TO,0.02083522975006717
Pré,tipo_vendavais_e_ciclones,MS,MT,0.1853863287770378
Pré,tipo_vendavais_e_ciclones,MS,PA,0.0887867937229182
Pré,tipo_vendavais_e_ciclones,MS,PB,-0.04615486155179192
Pré,tipo_vendavais_e_ciclones,MS,PE,-0.15337744977310586
Pré,tipo_vendavais_e_ciclones,MS,PI,-0.154102410150757
Pré,tipo_vendavais_e_ciclones,MS,PR,0.6401041286563727
Pré,tipo_vendavais_e_ciclones,MS,RJ,-0.018342869590936187
Pré,tipo_vendavais_e_ciclones,MS,RN,-0.23455471935894434
Pré,tipo_vendavais_e_ciclones,MS,RO,-0.06364303125794593
Pré,tipo_vendavais_e_ciclones,MS,RR,-0.2973532283912895
Pré,tipo_vendavais_e_ciclones,MS,RS,0.456450529490423
Pré,tipo_vendavais_e_ciclones,MS,SC,0.41455172950105784
Pré,tipo_vendavais_e_ciclones,MS,SE,-0.14571766972696584
Pré,tipo_vendavais_e_ciclones,MS,SP,0.28138816697777186
Pré,tipo_vendavais_e_ciclones,MS,TO,0.17229819599591048
Pré,tipo_vendavais_e_ciclones,MT,PA,-0.0865520946745627
Pré,tipo_vendavais_e_ciclones,MT,PB,-0.2063420644850182
Pré,tipo_vendavais_e_ciclones,MT,PE,-0.20931390517076656
Pré,tipo_vendavais_e_ciclones,MT,PI,-0.14667186069599042
Pré,tipo_vendavais_e_ciclones,MT,PR,0.21714069733421862
Pré,tipo_vendavais_e_ciclones,MT,RJ,-0.10182384795094535
Pré,tipo_vendavais_e_ciclones,MT,RN,-0.046487460384520854
Pré,tipo_vendavais_e_ciclones,MT,RO,-0.10522175811473145
Pré,tipo_vendavais_e_ciclones,MT,RR,-0.15775964351596974
Pré,tipo_vendavais_e_ciclones,MT,RS,0.15520365674187375
Pré,tipo_vendavais_e_ciclones,MT,SC,0.02058493437634641
Pré,tipo_vendavais_e_ciclones,MT,SE,0.11259036355161224
Pré,tipo_vendavais_e_ciclones,MT,SP,-0.06548615066666683
Pré,tipo_vendavais_e_ciclones,MT,TO,0.1621325739069883
Pré,tipo_vendavais_e_ciclones,PA,PB,0.06854903088391132
Pré,tipo_vendavais_e_ciclones,PA,PE,0.13092380069392506
Pré,tipo_vendavais_e_ciclones,PA,PI,-0.1178133543307448
Pré,tipo_vendavais_e_ciclones,PA,PR,0.08665264970891333
Pré,tipo_vendavais_e_ciclones,PA,RJ,0.20778498064790343
Pré,tipo_vendavais_e_ciclones,PA,RN,0.04955745113895438
Pré,tipo_vendavais_e_ciclones,PA,RO,0.05327818070318304
Pré,tipo_vendavais_e_ciclones,PA,RR,-0.4039056378294226
Pré,tipo_vendavais_e_ciclones,PA,RS,0.03255975964354342
Pré,tipo_vendavais_e_ciclones,PA,SC,0.14163952738074914
Pré,tipo_vendavais_e_ciclones,PA,SE,0.02411595270693203
Pré,tipo_vendavais_e_ciclones,PA,SP,0.09059172334235206
Pré,tipo_vendavais_e_ciclones,PA,TO,-0.06468983415001413
Pré,tipo_vendavais_e_ciclones,PB,PE,0.3297700460141356
Pré,tipo_vendavais_e_ciclones,PB,PI,0.362637626117573
Pré,tipo_vendavais_e_ciclones,PB,PR,0.10503763743647723
Pré,tipo_vendavais_e_ciclones,PB,RJ,-0.021609549067066535
Pré,tipo_vendavais_e_ciclones,PB,RN,0.18975521123638997
Pré,tipo_vendavais_e_ciclones,PB,RO,0.08106594616406347
Pré,tipo_vendavais_e_ciclones,PB,RR,-0.27648224350892847
Pré,tipo_vendavais_e_ciclones,PB,RS,-0.14052917749539154
Pré,tipo_vendavais_e_ciclones,PB,SC,0.03763392435908081
Pré,tipo_vendavais_e_ciclones,PB,SE,0.00331480381418401
Pré,tipo_vendavais_e_ciclones,PB,SP,0.059562191106784325
Pré,tipo_vendavais_e_ciclones,PB,TO,-0.22414737500352108
Pré,tipo_vendavais_e_ciclones,PE,PI,0.13266171212880704
Pré,tipo_vendavais_e_ciclones,PE,PR,-0.014936986281189614
Pré,tipo_vendavais_e_ciclones,PE,RJ,0.38418589624247496
Pré,tipo_vendavais_e_ciclones,PE,RN,-0.12089473085233117
Pré,tipo_vendavais_e_ciclones,PE,RO,-0.03685855412177541
Pré,tipo_vendavais_e_ciclones,PE,RR,-0.23116543384472252
Pré,tipo_vendavais_e_ciclones,PE,RS,-0.14667796392526536
Pré,tipo_vendavais_e_ciclones,PE,SC,-0.013241571546257377
Pré,tipo_vendavais_e_ciclones,PE,SE,0.01047765623562023
Pré,tipo_vendavais_e_ciclones,PE,SP,0.12127917350240722
Pré,tipo_vendavais_e_ciclones,PE,TO,-0.2912794560464659
Pré,tipo_vendavais_e_ciclones,PI,PR,-0.19037422138112026
Pré,tipo_vendavais_e_ciclones,PI,RJ,-0.22821176563078224
Pré,tipo_vendavais_e_ciclones,PI,RN,0.13597023453529566
Pré,tipo_vendavais_e_ciclones,PI,RO,-0.20452220474955426
Pré,tipo_vendavais_e_ciclones,PI,RR,-0.12059721296170899
Pré,tipo_vendavais_e_ciclones,PI,RS,-0.034790940507301304
Pré,tipo_vendavais_e_ciclones,PI,SC,-0.27286702126503604
Pré,tipo_vendavais_e_ciclones,PI,SE,0.06710613753203198
Pré,tipo_vendavais_e_ciclones,PI,SP,-0.3628052024899125
Pré,tipo_vendavais_e_ciclones,PI,TO,-0.00373935163676427
Pré,tipo_vendavais_e_ciclones,PR,RJ,0.1280912445419556
Pré,tipo_vendavais_e_ciclones,PR,RN,-0.10070636348079332
Pré,tipo_vendavais_e_ciclones,PR,RO,0.27095076637140386
Pré,tipo_vendavais_e_ciclones,PR,RR,-0.45633032824872316
Pré,tipo_vendavais_e_ciclones,PR,RS,0.5498929823822583
Pré,tipo_vendavais_e_ciclones,PR,SC,0.6395117982998346
Pré,tipo_vendavais_e_ciclones,PR,SE,-0.022967625435519026
Pré,tipo_vendavais_e_ciclones,PR,SP,0.5567572732495639
Pré,tipo_vendavais_e_ciclones,PR,TO,0.10724438974520899
Pré,tipo_vendavais_e_ciclones,RJ,RN,-0.05593585051409773
Pré,tipo_vendavais_e_ciclones,RJ,RO,0.20885954244929744
Pré,tipo_vendavais_e_ciclones,RJ,RR,-0.3755145908389243
Pré,tipo_vendavais_e_ciclones,RJ,RS,-0.14978806335772085
Pré,tipo_vendavais_e_ciclones,RJ,SC,0.265515609849637
Pré,tipo_vendavais_e_ciclones,RJ,SE,-0.17058544444384782
Pré,tipo_vendavais_e_ciclones,RJ,SP,0.3846366227984341
Pré,tipo_vendavais_e_ciclones,RJ,TO,-0.09449421180407673
Pré,tipo_vendavais_e_ciclones,RN,RO,-0.014980986365763813
Pré,tipo_vendavais_e_ciclones,RN,RR,-0.25809543064245566
Pré,tipo_vendavais_e_ciclones,RN,RS,-0.10590612477825607
Pré,tipo_vendavais_e_ciclones,RN,SC,-0.14403895231352024
Pré,tipo_vendavais_e_ciclones,RN,SE,0.167062717543674
Pré,tipo_vendavais_e_ciclones,RN,SP,-0.08010036691032424
Pré,tipo_vendavais_e_ciclones,RN,TO,0.012009501622155472
Pré,tipo_vendavais_e_ciclones,RO,RR,-0.1120907126539887
Pré,tipo_vendavais_e_ciclones,RO,RS,0.2990832448652
Pré,tipo_vendavais_e_ciclones,RO,SC,0.5335277236453543
Pré,tipo_vendavais_e_ciclones,RO,SE,-0.10421542154313744
Pré,tipo_vendavais_e_ciclones,RO,SP,0.5211567826263357
Pré,tipo_vendavais_e_ciclones,RO,TO,-0.05139680988839995
Pré,tipo_vendavais_e_ciclones,RR,RS,-0.15989575118507043
Pré,tipo_vendavais_e_ciclones,RR,SC,-0.36128444182801156
Pré,tipo_vendavais_e_ciclones,RR,SE,-0.12353766024362381
Pré,tipo_vendavais_e_ciclones,RR,SP,-0.3224949848205483
Pré,tipo_vendavais_e_ciclones,RR,TO,-0.17317901053191262
Pré,tipo_vendavais_e_ciclones,RS,SC,0.4759578483229543
Pré,tipo_vendavais_e_ciclones,RS,SE,-0.13031584415342293
Pré,tipo_vendavais_e_ciclones,RS,SP,0.3230129985460543
Pré,tipo_vendavais_e_ciclones,RS,TO,0.31101100000023063
Pré,tipo_vendavais_e_ciclones,SC,SE,-0.21255093816773454
Pré,tipo_vendavais_e_ciclones,SC,SP,0.7772246712965332
Pré,tipo_vendavais_e_ciclones,SC,TO,-0.0740598767884597
Pré,tipo_vendavais_e_ciclones,SE,SP,-0.16749795058574293
Pré,tipo_vendavais_e_ciclones,SE,TO,-0.16669747029483584
Pré,tipo_vendavais_e_ciclones,SP,TO,-0.22448870850057662
Pré,analitica_Clima/hidrometeorologia,AC,AL,-0.09189194943649645
Pré,analitica_Clima/hidrometeorologia,AC,AM,0.2999277277120807
Pré,analitica_Clima/hidrometeorologia,AC,AP,-0.09180655711275779
Pré,analitica_Clima/hidrometeorologia,AC,BA,0.09007112518338091
Pré,analitica_Clima/hidrometeorologia,AC,CE,0.01581131313934521
Pré,analitica_Clima/hidrometeorologia,AC,DF,-0.17401926934040646
Pré,analitica_Clima/hidrometeorologia,AC,ES,0.028127469392807164
Pré,analitica_Clima/hidrometeorologia,AC,GO,-0.16443460719861533
Pré,analitica_Clima/hidrometeorologia,AC,MA,-0.02342003340156776
Pré,analitica_Clima/hidrometeorologia,AC,MG,-0.12657213444409288
Pré,analitica_Clima/hidrometeorologia,AC,MS,-0.2174921410750773
Pré,analitica_Clima/hidrometeorologia,AC,MT,-0.20654067091437195
Pré,analitica_Clima/hidrometeorologia,AC,PA,0.14167769653121765
Pré,analitica_Clima/hidrometeorologia,AC,PB,-0.07413603337762117
Pré,analitica_Clima/hidrometeorologia,AC,PE,0.10820644985208559
Pré,analitica_Clima/hidrometeorologia,AC,PI,-0.02368295980602592
Pré,analitica_Clima/hidrometeorologia,AC,PR,-0.25573712096477125
Pré,analitica_Clima/hidrometeorologia,AC,RJ,0.1308358999988189
Pré,analitica_Clima/hidrometeorologia,AC,RN,-0.14488808485108812
Pré,analitica_Clima/hidrometeorologia,AC,RO,0.1795735403469434
Pré,analitica_Clima/hidrometeorologia,AC,RR,-0.009320336163071355
Pré,analitica_Clima/hidrometeorologia,AC,RS,-0.24993611588402795
Pré,analitica_Clima/hidrometeorologia,AC,SC,0.08914039826387248
Pré,analitica_Clima/hidrometeorologia,AC,SE,0.0309743713755473
Pré,analitica_Clima/hidrometeorologia,AC,SP,0.0749140460553916
Pré,analitica_Clima/hidrometeorologia,AC,TO,-0.20291135370314356
Pré,analitica_Clima/hidrometeorologia,AL,AM,-0.11454693086139725
Pré,analitica_Clima/hidrometeorologia,AL,AP,-0.14450982784831878
Pré,analitica_Clima/hidrometeorologia,AL,BA,0.4949450771388645
Pré,analitica_Clima/hidrometeorologia,AL,CE,0.31771341835468075
Pré,analitica_Clima/hidrometeorologia,AL,DF,-0.11275346080609369
Pré,analitica_Clima/hidrometeorologia,AL,ES,0.12440608441650047
Pré,analitica_Clima/hidrometeorologia,AL,GO,-0.008253712526571226
Pré,analitica_Clima/hidrometeorologia,AL,MA,0.23808260810920537
Pré,analitica_Clima/hidrometeorologia,AL,MG,-0.20841075900212375
Pré,analitica_Clima/hidrometeorologia,AL,MS,-0.0798678979611728
Pré,analitica_Clima/hidrometeorologia,AL,MT,-0.08998920995111148
Pré,analitica_Clima/hidrometeorologia,AL,PA,0.17278440181574115
Pré,analitica_Clima/hidrometeorologia,AL,PB,0.41897640111179957
Pré,analitica_Clima/hidrometeorologia,AL,PE,0.40568673177600295
Pré,analitica_Clima/hidrometeorologia,AL,PI,0.25161068194203484
Pré,analitica_Clima/hidrometeorologia,AL,PR,-0.10878892933045532
Pré,analitica_Clima/hidrometeorologia,AL,RJ,0.10903756123089058
Pré,analitica_Clima/hidrometeorologia,AL,RN,0.2798981917713511
Pré,analitica_Clima/hidrometeorologia,AL,RO,-0.2918155353433752
Pré,analitica_Clima/hidrometeorologia,AL,RR,-0.26679639175031283
Pré,analitica_Clima/hidrometeorologia,AL,RS,-0.2172141493112097
Pré,analitica_Clima/hidrometeorologia,AL,SC,-0.29471372949029484
Pré,analitica_Clima/hidrometeorologia,AL,SE,0.18049271744322093
Pré,analitica_Clima/hidrometeorologia,AL,SP,-0.19559347538345678
Pré,analitica_Clima/hidrometeorologia,AL,TO,-0.2387549466308671
Pré,analitica_Clima/hidrometeorologia,AM,AP,0.02300895121170825
Pré,analitica_Clima/hidrometeorologia,AM,BA,0.09587008332290525
Pré,analitica_Clima/hidrometeorologia,AM,CE,0.13399491551774304
Pré,analitica_Clima/hidrometeorologia,AM,DF,-0.08469118026786249
Pré,analitica_Clima/hidrometeorologia,AM,ES,0.15224289209937708
Pré,analitica_Clima/hidrometeorologia,AM,GO,-0.14113319076293776
Pré,analitica_Clima/hidrometeorologia,AM,MA,-0.06701047581196082
Pré,analitica_Clima/hidrometeorologia,AM,MG,0.006379380729782176
Pré,analitica_Clima/hidrometeorologia,AM,MS,-0.03246592268887562
Pré,analitica_Clima/hidrometeorologia,AM,MT,-0.20457819670589028
Pré,analitica_Clima/hidrometeorologia,AM,PA,0.08452744185526408
Pré,analitica_Clima/hidrometeorologia,AM,PB,-0.14392759537114796
Pré,analitica_Clima/hidrometeorologia,AM,PE,0.10616085014990831
Pré,analitica_Clima/hidrometeorologia,AM,PI,-0.16532221308742293
Pré,analitica_Clima/hidrometeorologia,AM,PR,-0.13096672802929304
Pré,analitica_Clima/hidrometeorologia,AM,RJ,0.27205582220860575
Pré,analitica_Clima/hidrometeorologia,AM,RN,-0.16919182748187922
Pré,analitica_Clima/hidrometeorologia,AM,RO,-0.021490186965118084
Pré,analitica_Clima/hidrometeorologia,AM,RR,-0.1584383080290368
Pré,analitica_Clima/hidrometeorologia,AM,RS,-0.17811592217371555
Pré,analitica_Clima/hidrometeorologia,AM,SC,0.11245977585249461
Pré,analitica_Clima/hidrometeorologia,AM,SE,0.12372538485426254
Pré,analitica_Clima/hidrometeorologia,AM,SP,0.1652353996573424
Pré,analitica_Clima/hidrometeorologia,AM,TO,-0.1353148864022792
Pré,analitica_Clima/hidrometeorologia,AP,BA,-0.1804883906093551
Pré,analitica_Clima/hidrometeorologia,AP,CE,-0.14409603953313094
Pré,analitica_Clima/hidrometeorologia,AP,DF,-0.09802435092247969
Pré,analitica_Clima/hidrometeorologia,AP,ES,-0.09299791286816547
Pré,analitica_Clima/hidrometeorologia,AP,GO,-0.10248893134590681
Pré,analitica_Clima/hidrometeorologia,AP,MA,-0.0868579236485927
Pré,analitica_Clima/hidrometeorologia,AP,MG,0.15067944551080745
Pré,analitica_Clima/hidrometeorologia,AP,MS,0.10224169606816855
Pré,analitica_Clima/hidrometeorologia,AP,MT,-0.09527105219237783
Pré,analitica_Clima/hidrometeorologia,AP,PA,0.05344689076725726
Pré,analitica_Clima/hidrometeorologia,AP,PB,-0.1247154360597546
Pré,analitica_Clima/hidrometeorologia,AP,PE,-0.17194803507948922
Pré,analitica_Clima/hidrometeorologia,AP,PI,-0.21167292843141203
Pré,analitica_Clima/hidrometeorologia,AP,PR,-0.048971864583366435
Pré,analitica_Clima/hidrometeorologia,AP,RJ,-0.06715808039058907
Pré,analitica_Clima/hidrometeorologia,AP,RN,-0.12985746381319233
Pré,analitica_Clima/hidrometeorologia,AP,RO,-0.24438162047663406
Pré,analitica_Clima/hidrometeorologia,AP,RR,-0.04377255901848114
Pré,analitica_Clima/hidrometeorologia,AP,RS,-0.26688078205955706
Pré,analitica_Clima/hidrometeorologia,AP,SC,-0.11136994471901533
Pré,analitica_Clima/hidrometeorologia,AP,SE,-0.22313991635274658
Pré,analitica_Clima/hidrometeorologia,AP,SP,-0.1027127902459863
Pré,analitica_Clima/hidrometeorologia,AP,TO,0.07049312923160213
Pré,analitica_Clima/hidrometeorologia,BA,CE,0.2988109608414778
Pré,analitica_Clima/hidrometeorologia,BA,DF,-0.07508426159589165
Pré,analitica_Clima/hidrometeorologia,BA,ES,0.12080990043062756
Pré,analitica_Clima/hidrometeorologia,BA,GO,0.14444254971905918
Pré,analitica_Clima/hidrometeorologia,BA,MA,0.14909874327611553
Pré,analitica_Clima/hidrometeorologia,BA,MG,-0.07141790193932859
Pré,analitica_Clima/hidrometeorologia,BA,MS,-0.020207493346879827
Pré,analitica_Clima/hidrometeorologia,BA,MT,-0.15926767915112391
Pré,analitica_Clima/hidrometeorologia,BA,PA,0.2138975515815445
Pré,analitica_Clima/hidrometeorologia,BA,PB,0.18330053005626007
Pré,analitica_Clima/hidrometeorologia,BA,PE,0.2643485195185465
Pré,analitica_Clima/hidrometeorologia,BA,PI,0.09335069862796992
Pré,analitica_Clima/hidrometeorologia,BA,PR,-0.1426786358995204
Pré,analitica_Clima/hidrometeorologia,BA,RJ,0.3203669195686587
Pré,analitica_Clima/hidrometeorologia,BA,RN,0.34538089281768714
Pré,analitica_Clima/hidrometeorologia,BA,RO,-0.05181232112351877
Pré,analitica_Clima/hidrometeorologia,BA,RR,-0.3284117205424479
Pré,analitica_Clima/hidrometeorologia,BA,RS,-0.2380484917895501
Pré,analitica_Clima/hidrometeorologia,BA,SC,-0.12235963784238486
Pré,analitica_Clima/hidrometeorologia,BA,SE,0.163544593492631
Pré,analitica_Clima/hidrometeorologia,BA,SP,-0.023565240619465733
Pré,analitica_Clima/hidrometeorologia,BA,TO,-0.22569492689073287
Pré,analitica_Clima/hidrometeorologia,CE,DF,0.0010915124836711318
Pré,analitica_Clima/hidrometeorologia,CE,ES,0.3250594150928412
Pré,analitica_Clima/hidrometeorologia,CE,GO,0.017055180438558318
Pré,analitica_Clima/hidrometeorologia,CE,MA,0.2775414405568014
Pré,analitica_Clima/hidrometeorologia,CE,MG,0.0668882295102535
Pré,analitica_Clima/hidrometeorologia,CE,MS,-0.17043428605676256
Pré,analitica_Clima/hidrometeorologia,CE,MT,-0.11649709043212801
Pré,analitica_Clima/hidrometeorologia,CE,PA,0.2152500878755972
Pré,analitica_Clima/hidrometeorologia,CE,PB,0.33745304928037523
Pré,analitica_Clima/hidrometeorologia,CE,PE,0.5244461161731263
Pré,analitica_Clima/hidrometeorologia,CE,PI,0.1617383142320728
Pré,analitica_Clima/hidrometeorologia,CE,PR,-0.05572336948150753
Pré,analitica_Clima/hidrometeorologia,CE,RJ,0.4105013018467574
Pré,analitica_Clima/hidrometeorologia,CE,RN,0.14255107924350965
Pré,analitica_Clima/hidrometeorologia,CE,RO,-0.009579836330407866
Pré,analitica_Clima/hidrometeorologia,CE,RR,-0.43808168926519714
Pré,analitica_Clima/hidrometeorologia,CE,RS,-0.19505263412504317
Pré,analitica_Clima/hidrometeorologia,CE,SC,-0.01066761595164351
Pré,analitica_Clima/hidrometeorologia,CE,SE,0.01615906917378076
Pré,analitica_Clima/hidrometeorologia,CE,SP,0.044341158994348866
Pré,analitica_Clima/hidrometeorologia,CE,TO,-0.13252993377777902
Pré,analitica_Clima/hidrometeorologia,DF,ES,0.10924540556035732
Pré,analitica_Clima/hidrometeorologia,DF,GO,0.17875262884640103
Pré,analitica_Clima/hidrometeorologia,DF,MA,-0.2671005786339359
Pré,analitica_Clima/hidrometeorologia,DF,MG,0.5182070345673645
Pré,analitica_Clima/hidrometeorologia,DF,MS,0.403196234086683
Pré,analitica_Clima/hidrometeorologia,DF,MT,0.017031356992522735
Pré,analitica_Clima/hidrometeorologia,DF,PA,0.03764829972212588
Pré,analitica_Clima/hidrometeorologia,DF,PB,0.0922443352394216
Pré,analitica_Clima/hidrometeorologia,DF,PE,-0.04819614754562457
Pré,analitica_Clima/hidrometeorologia,DF,PI,-0.1803086970285881
Pré,analitica_Clima/hidrometeorologia,DF,PR,0.533190987811619
Pré,analitica_Clima/hidrometeorologia,DF,RJ,0.07547422572466067
Pré,analitica_Clima/hidrometeorologia,DF,RN,-0.0005486794040251416
Pré,analitica_Clima/hidrometeorologia,DF,RO,0.3309155031197356
Pré,analitica_Clima/hidrometeorologia,DF,RR,-0.3542249792163544
Pré,analitica_Clima/hidrometeorologia,DF,RS,0.39507380723335717
Pré,analitica_Clima/hidrometeorologia,DF,SC,0.5648753224963593
Pré,analitica_Clima/hidrometeorologia,DF,SE,-0.07586219066375308
Pré,analitica_Clima/hidrometeorologia,DF,SP,0.5368248498184361
Pré,analitica_Clima/hidrometeorologia,DF,TO,0.0689884201180584
Pré,analitica_Clima/hidrometeorologia,ES,GO,-0.055231600565843454
Pré,analitica_Clima/hidrometeorologia,ES,MA,0.11410249716031949
Pré,analitica_Clima/hidrometeorologia,ES,MG,0.21867203538267022
Pré,analitica_Clima/hidrometeorologia,ES,MS,-0.1556651289447185
Pré,analitica_Clima/hidrometeorologia,ES,MT,-0.13388122231115865
Pré,analitica_Clima/hidrometeorologia,ES,PA,0.05717554662339625
Pré,analitica_Clima/hidrometeorologia,ES,PB,0.12316289346350708
Pré,analitica_Clima/hidrometeorologia,ES,PE,0.12371991938627645
Pré,analitica_Clima/hidrometeorologia,ES,PI,-0.008885465144074942
Pré,analitica_Clima/hidrometeorologia,ES,PR,-0.028863966457809784
Pré,analitica_Clima/hidrometeorologia,ES,RJ,0.19338009391387295
Pré,analitica_Clima/hidrometeorologia,ES,RN,0.24743043246810417
Pré,analitica_Clima/hidrometeorologia,ES,RO,-0.027943864954043527
Pré,analitica_Clima/hidrometeorologia,ES,RR,-0.3798322174503926
Pré,analitica_Clima/hidrometeorologia,ES,RS,-0.007655289532852192
Pré,analitica_Clima/hidrometeorologia,ES,SC,0.10199965625850728
Pré,analitica_Clima/hidrometeorologia,ES,SE,0.024587797892497622
Pré,analitica_Clima/hidrometeorologia,ES,SP,0.1937468511055198
Pré,analitica_Clima/hidrometeorologia,ES,TO,0.050451434459427714
Pré,analitica_Clima/hidrometeorologia,GO,MA,0.0698572749335446
Pré,analitica_Clima/hidrometeorologia,GO,MG,0.2316264309161342
Pré,analitica_Clima/hidrometeorologia,GO,MS,0.3018771666749988
Pré,analitica_Clima/hidrometeorologia,GO,MT,0.3556589816410802
Pré,analitica_Clima/hidrometeorologia,GO,PA,0.17758267942553457
Pré,analitica_Clima/hidrometeorologia,GO,PB,-0.0928157125989089
Pré,analitica_Clima/hidrometeorologia,GO,PE,-0.12186188920894575
Pré,analitica_Clima/hidrometeorologia,GO,PI,0.12316173485638172
Pré,analitica_Clima/hidrometeorologia,GO,PR,0.339016637957464
Pré,analitica_Clima/hidrometeorologia,GO,RJ,-0.1431172155756075
Pré,analitica_Clima/hidrometeorologia,GO,RN,0.08629342412110609
Pré,analitica_Clima/hidrometeorologia,GO,RO,-0.09169595162364565
Pré,analitica_Clima/hidrometeorologia,GO,RR,-0.37704223724972263
Pré,analitica_Clima/hidrometeorologia,GO,RS,0.24144192227312813
Pré,analitica_Clima/hidrometeorologia,GO,SC,0.14013663786059197
Pré,analitica_Clima/hidrometeorologia,GO,SE,0.2328662700885646
Pré,analitica_Clima/hidrometeorologia,GO,SP,-0.01101892793581971
Pré,analitica_Clima/hidrometeorologia,GO,TO,0.0851715170546145
Pré,analitica_Clima/hidrometeorologia,MA,MG,-0.18166472126394123
Pré,analitica_Clima/hidrometeorologia,MA,MS,-0.207467306799068
Pré,analitica_Clima/hidrometeorologia,MA,MT,-0.042732874096877656
Pré,analitica_Clima/hidrometeorologia,MA,PA,0.09417328979907241
Pré,analitica_Clima/hidrometeorologia,MA,PB,0.15777416897798072
Pré,analitica_Clima/hidrometeorologia,MA,PE,0.07663406772005157
Pré,analitica_Clima/hidrometeorologia,MA,PI,0.6399670437235577
Pré,analitica_Clima/hidrometeorologia,MA,PR,-0.2343431178940869
Pré,analitica_Clima/hidrometeorologia,MA,RJ,-0.00213253217416735
Pré,analitica_Clima/hidrometeorologia,MA,RN,0.19432597737158222
Pré,analitica_Clima/hidrometeorologia,MA,RO,-0.2379631306544011
Pré,analitica_Clima/hidrometeorologia,MA,RR,-0.27544920829353325
Pré,analitica_Clima/hidrometeorologia,MA,RS,-0.18711173060272296
Pré,analitica_Clima/hidrometeorologia,MA,SC,-0.4196924761463186
Pré,analitica_Clima/hidrometeorologia,MA,SE,0.07497415020253463
Pré,analitica_Clima/hidrometeorologia,MA,SP,-0.48123090236682253
Pré,analitica_Clima/hidrometeorologia,MA,TO,0.23736036207878305
Pré,analitica_Clima/hidrometeorologia,MG,MS,0.30544549022520934
Pré,analitica_Clima/hidrometeorologia,MG,MT,0.08578209072418334
Pré,analitica_Clima/hidrometeorologia,MG,PA,0.14588903430500572
Pré,analitica_Clima/hidrometeorologia,MG,PB,-0.053182899037266015
Pré,analitica_Clima/hidrometeorologia,MG,PE,-0.005472220025615788
Pré,analitica_Clima/hidrometeorologia,MG,PI,-0.1792693537230441
Pré,analitica_Clima/hidrometeorologia,MG,PR,0.5151883580213849
Pré,analitica_Clima/hidrometeorologia,MG,RJ,0.3388800600695454
Pré,analitica_Clima/hidrometeorologia,MG,RN,-0.04286681711742799
Pré,analitica_Clima/hidrometeorologia,MG,RO,0.18047433567331816
Pré,analitica_Clima/hidrometeorologia,MG,RR,-0.4800063530177247
Pré,analitica_Clima/hidrometeorologia,MG,RS,0.18359661948658992
Pré,analitica_Clima/hidrometeorologia,MG,SC,0.510195978650853
Pré,analitica_Clima/hidrometeorologia,MG,SE,-0.06754536847203461
Pré,analitica_Clima/hidrometeorologia,MG,SP,0.5842338500871047
Pré,analitica_Clima/hidrometeorologia,MG,TO,0.020507305203971583
Pré,analitica_Clima/hidrometeorologia,MS,MT,0.18456972344869202
Pré,analitica_Clima/hidrometeorologia,MS,PA,0.0888572055355046
Pré,analitica_Clima/hidrometeorologia,MS,PB,-0.04532453180293495
Pré,analitica_Clima/hidrometeorologia,MS,PE,-0.15350997210100942
Pré,analitica_Clima/hidrometeorologia,MS,PI,-0.15402612433906585
Pré,analitica_Clima/hidrometeorologia,MS,PR,0.6396681608100541
Pré,analitica_Clima/hidrometeorologia,MS,RJ,-0.017000227815719342
Pré,analitica_Clima/hidrometeorologia,MS,RN,-0.23425943952982742
Pré,analitica_Clima/hidrometeorologia,MS,RO,-0.06297525082590864
Pré,analitica_Clima/hidrometeorologia,MS,RR,-0.2971600014281262
Pré,analitica_Clima/hidrometeorologia,MS,RS,0.4557246742411213
Pré,analitica_Clima/hidrometeorologia,MS,SC,0.41427360417377623
Pré,analitica_Clima/hidrometeorologia,MS,SE,-0.14664928900486573
Pré,analitica_Clima/hidrometeorologia,MS,SP,0.28164352734766207
Pré,analitica_Clima/hidrometeorologia,MS,TO,0.1718173557261257
Pré,analitica_Clima/hidrometeorologia,MT,PA,-0.08640932707215981
Pré,analitica_Clima/hidrometeorologia,MT,PB,-0.20523584253546423
Pré,analitica_Clima/hidrometeorologia,MT,PE,-0.20894813223707476
Pré,analitica_Clima/hidrometeorologia,MT,PI,-0.1469202112129504
Pré,analitica_Clima/hidrometeorologia,MT,PR,0.2172320884161981
Pré,analitica_Clima/hidrometeorologia,MT,RJ,-0.10155734084358464
Pré,analitica_Clima/hidrometeorologia,MT,RN,-0.04533544225308647
Pré,analitica_Clima/hidrometeorologia,MT,RO,-0.10541380833534991
Pré,analitica_Clima/hidrometeorologia,MT,RR,-0.1576969879853304
Pré,analitica_Clima/hidrometeorologia,MT,RS,0.15453824376089612
Pré,analitica_Clima/hidrometeorologia,MT,SC,0.0199704655808969
Pré,analitica_Clima/hidrometeorologia,MT,SE,0.11246652748715985
Pré,analitica_Clima/hidrometeorologia,MT,SP,-0.0656105746825725
Pré,analitica_Clima/hidrometeorologia,MT,TO,0.1619774928757134
Pré,analitica_Clima/hidrometeorologia,PA,PB,0.06844131166887765
Pré,analitica_Clima/hidrometeorologia,PA,PE,0.13080006529065596
Pré,analitica_Clima/hidrometeorologia,PA,PI,-0.11863565101064118
Pré,analitica_Clima/hidrometeorologia,PA,PR,0.08697350192077294
Pré,analitica_Clima/hidrometeorologia,PA,RJ,0.20838475175330784
Pré,analitica_Clima/hidrometeorologia,PA,RN,0.04904658124633929
Pré,analitica_Clima/hidrometeorologia,PA,RO,0.0532816242127691
Pré,analitica_Clima/hidrometeorologia,PA,RR,-0.40425757154763714
Pré,analitica_Clima/hidrometeorologia,PA,RS,0.032869395470485195
Pré,analitica_Clima/hidrometeorologia,PA,SC,0.14227088088934411
Pré,analitica_Clima/hidrometeorologia,PA,SE,0.02436948729784627
Pré,analitica_Clima/hidrometeorologia,PA,SP,0.09065876056823274
Pré,analitica_Clima/hidrometeorologia,PA,TO,-0.0641972026268465
Pré,analitica_Clima/hidrometeorologia,PB,PE,0.3283942811709491
Pré,analitica_Clima/hidrometeorologia,PB,PI,0.3627851048305443
Pré,analitica_Clima/hidrometeorologia,PB,PR,0.10658819032738696
Pré,analitica_Clima/hidrometeorologia,PB,RJ,-0.023435389175441676
Pré,analitica_Clima/hidrometeorologia,PB,RN,0.18945723965956637
Pré,analitica_Clima/hidrometeorologia,PB,RO,0.0805035780110327
Pré,analitica_Clima/hidrometeorologia,PB,RR,-0.27676664539113477
Pré,analitica_Clima/hidrometeorologia,PB,RS,-0.13821153778521492
Pré,analitica_Clima/hidrometeorologia,PB,SC,0.0389250822656519
Pré,analitica_Clima/hidrometeorologia,PB,SE,0.0027595204248624934
Pré,analitica_Clima/hidrometeorologia,PB,SP,0.05972566990294416
Pré,analitica_Clima/hidrometeorologia,PB,TO,-0.2219877665829801
Pré,analitica_Clima/hidrometeorologia,PE,PI,0.13262049110920368
Pré,analitica_Clima/hidrometeorologia,PE,PR,-0.015114094434437139
Pré,analitica_Clima/hidrometeorologia,PE,RJ,0.3844435051663154
Pré,analitica_Clima/hidrometeorologia,PE,RN,-0.12131726460727006
Pré,analitica_Clima/hidrometeorologia,PE,RO,-0.03710869359056939
Pré,analitica_Clima/hidrometeorologia,PE,RR,-0.2308984246119607
Pré,analitica_Clima/hidrometeorologia,PE,RS,-0.14695079930633995
Pré,analitica_Clima/hidrometeorologia,PE,SC,-0.013548813415906236
Pré,analitica_Clima/hidrometeorologia,PE,SE,0.01117128321928979
Pré,analitica_Clima/hidrometeorologia,PE,SP,0.12140007738208602
Pré,analitica_Clima/hidrometeorologia,PE,TO,-0.29123791418240036
Pré,analitica_Clima/hidrometeorologia,PI,PR,-0.1907168784370662
Pré,analitica_Clima/hidrometeorologia,PI,RJ,-0.22889965033039045
Pré,analitica_Clima/hidrometeorologia,PI,RN,0.13621849546442671
Pré,analitica_Clima/hidrometeorologia,PI,RO,-0.20404030292527756
Pré,analitica_Clima/hidrometeorologia,PI,RR,-0.1203986427545496
Pré,analitica_Clima/hidrometeorologia,PI,RS,-0.03440234216299294
Pré,analitica_Clima/hidrometeorologia,PI,SC,-0.2727247109271812
Pré,analitica_Clima/hidrometeorologia,PI,SE,0.06693752090079291
Pré,analitica_Clima/hidrometeorologia,PI,SP,-0.36255161870524416
Pré,analitica_Clima/hidrometeorologia,PI,TO,-0.0042199667997365
Pré,analitica_Clima/hidrometeorologia,PR,RJ,0.12813030356512128
Pré,analitica_Clima/hidrometeorologia,PR,RN,-0.0993458332062591
Pré,analitica_Clima/hidrometeorologia,PR,RO,0.27174744850881966
Pré,analitica_Clima/hidrometeorologia,PR,RR,-0.4564864722837251
Pré,analitica_Clima/hidrometeorologia,PR,RS,0.5493794862766005
Pré,analitica_Clima/hidrometeorologia,PR,SC,0.6394942736732014
Pré,analitica_Clima/hidrometeorologia,PR,SE,-0.02349524226339031
Pré,analitica_Clima/hidrometeorologia,PR,SP,0.5567324235508627
Pré,analitica_Clima/hidrometeorologia,PR,TO,0.10690065489289231
Pré,analitica_Clima/hidrometeorologia,RJ,RN,-0.05684670346371524
Pré,analitica_Clima/hidrometeorologia,RJ,RO,0.20840452630597237
Pré,analitica_Clima/hidrometeorologia,RJ,RR,-0.37557624106657705
Pré,analitica_Clima/hidrometeorologia,RJ,RS,-0.14996084492290113
Pré,analitica_Clima/hidrometeorologia,RJ,SC,0.26604146029780323
Pré,analitica_Clima/hidrometeorologia,RJ,SE,-0.17014488166959452
Pré,analitica_Clima/hidrometeorologia,RJ,SP,0.38430642432607925
Pré,analitica_Clima/hidrometeorologia,RJ,TO,-0.09438700466305373
Pré,analitica_Clima/hidrometeorologia,RN,RO,-0.015546502839374282
Pré,analitica_Clima/hidrometeorologia,RN,RR,-0.25824940470997154
Pré,analitica_Clima/hidrometeorologia,RN,RS,-0.10514629337405279
Pré,analitica_Clima/hidrometeorologia,RN,SC,-0.14339550922507757
Pré,analitica_Clima/hidrometeorologia,RN,SE,0.16752575227241698
Pré,analitica_Clima/hidrometeorologia,RN,SP,-0.08026261917813231
Pré,analitica_Clima/hidrometeorologia,RN,TO,0.01259810859259913
Pré,analitica_Clima/hidrometeorologia,RO,RR,-0.11207709044813988
Pré,analitica_Clima/hidrometeorologia,RO,RS,0.29950951017527505
Pré,analitica_Clima/hidrometeorologia,RO,SC,0.5339736338853398
Pré,analitica_Clima/hidrometeorologia,RO,SE,-0.10424784106235839
Pré,analitica_Clima/hidrometeorologia,RO,SP,0.5210936081052315
Pré,analitica_Clima/hidrometeorologia,RO,TO,-0.05155358708046494
Pré,analitica_Clima/hidrometeorologia,RR,RS,-0.1600844109287584
Pré,analitica_Clima/hidrometeorologia,RR,SC,-0.3616834811474868
Pré,analitica_Clima/hidrometeorologia,RR,SE,-0.12356741901330481
Pré,analitica_Clima/hidrometeorologia,RR,SP,-0.3225152905517515
Pré,analitica_Clima/hidrometeorologia,RR,TO,-0.17328909273408216
Pré,analitica_Clima/hidrometeorologia,RS,SC,0.4757396785095026
Pré,analitica_Clima/hidrometeorologia,RS,SE,-0.13024755683333353
Pré,analitica_Clima/hidrometeorologia,RS,SP,0.3230614040224665
Pré,analitica_Clima/hidrometeorologia,RS,TO,0.3106080120245164
Pré,analitica_Clima/hidrometeorologia,SC,SE,-0.21256218197255636
Pré,analitica_Clima/hidrometeorologia,SC,SP,0.7772343420917192
Pré,analitica_Clima/hidrometeorologia,SC,TO,-0.07428082291537998
Pré,analitica_Clima/hidrometeorologia,SE,SP,-0.16755368128688908
Pré,analitica_Clima/hidrometeorologia,SE,TO,-0.16694117046050982
Pré,analitica_Clima/hidrometeorologia,SP,TO,-0.22491201746708514
Pré,analitica_Natural não diretamente climático,AC,AL,-0.09222695430306016
Pré,analitica_Natural não diretamente climático,AC,AM,0.30008618010475374
Pré,analitica_Natural não diretamente climático,AC,AP,-0.09221354557449944
Pré,analitica_Natural não diretamente climático,AC,BA,0.08967291164480705
Pré,analitica_Natural não diretamente climático,AC,CE,0.018307096101736874
Pré,analitica_Natural não diretamente climático,AC,DF,-0.17433481419779723
Pré,analitica_Natural não diretamente climático,AC,ES,0.02797706669993556
Pré,analitica_Natural não diretamente climático,AC,GO,-0.16417718217948565
Pré,analitica_Natural não diretamente climático,AC,MA,-0.023224652880673484
Pré,analitica_Natural não diretamente climático,AC,MG,-0.12735215945533077
Pré,analitica_Natural não diretamente climático,AC,MS,-0.21860944895308168
Pré,analitica_Natural não diretamente climático,AC,MT,-0.2064213552475103
Pré,analitica_Natural não diretamente climático,AC,PA,0.1420065398335555
Pré,analitica_Natural não diretamente climático,AC,PB,-0.07258187137252081
Pré,analitica_Natural não diretamente climático,AC,PE,0.10835250656667433
Pré,analitica_Natural não diretamente climático,AC,PI,-0.023887372998031488
Pré,analitica_Natural não diretamente climático,AC,PR,-0.25642193881684566
Pré,analitica_Natural não diretamente climático,AC,RJ,0.13070519217456786
Pré,analitica_Natural não diretamente climático,AC,RN,-0.1445739019426833
Pré,analitica_Natural não diretamente climático,AC,RO,0.1794848098215546
Pré,analitica_Natural não diretamente climático,AC,RR,-0.009290333005025464
Pré,analitica_Natural não diretamente climático,AC,RS,-0.2493579691729757
Pré,analitica_Natural não diretamente climático,AC,SC,0.08885449273579678
Pré,analitica_Natural não diretamente climático,AC,SE,0.03053289760591088
Pré,analitica_Natural não diretamente climático,AC,SP,0.07415268925367749
Pré,analitica_Natural não diretamente climático,AC,TO,-0.20267505660458393
Pré,analitica_Natural não diretamente climático,AL,AM,-0.11501886979960596
Pré,analitica_Natural não diretamente climático,AL,AP,-0.14436302290592726
Pré,analitica_Natural não diretamente climático,AL,BA,0.4950558767348284
Pré,analitica_Natural não diretamente climático,AL,CE,0.31715754493144055
Pré,analitica_Natural não diretamente climático,AL,DF,-0.11358695195782124
Pré,analitica_Natural não diretamente climático,AL,ES,0.12435547540621754
Pré,analitica_Natural não diretamente climático,AL,GO,-0.0079346616918898
Pré,analitica_Natural não diretamente climático,AL,MA,0.23786047838161886
Pré,analitica_Natural não diretamente climático,AL,MG,-0.20833587777875784
Pré,analitica_Natural não diretamente climático,AL,MS,-0.07907308517863759
Pré,analitica_Natural não diretamente climático,AL,MT,-0.08896121565673672
Pré,analitica_Natural não diretamente climático,AL,PA,0.17378084346269038
Pré,analitica_Natural não diretamente climático,AL,PB,0.4198747765205498
Pré,analitica_Natural não diretamente climático,AL,PE,0.4059422552821374
Pré,analitica_Natural não diretamente climático,AL,PI,0.25076292273958145
Pré,analitica_Natural não diretamente climático,AL,PR,-0.10820164867114969
Pré,analitica_Natural não diretamente climático,AL,RJ,0.10918681110330224
Pré,analitica_Natural não diretamente climático,AL,RN,0.280000963269832
Pré,analitica_Natural não diretamente climático,AL,RO,-0.2917028801282768
Pré,analitica_Natural não diretamente climático,AL,RR,-0.2674077141519137
Pré,analitica_Natural não diretamente climático,AL,RS,-0.21673202561156552
Pré,analitica_Natural não diretamente climático,AL,SC,-0.2943256965900175
Pré,analitica_Natural não diretamente climático,AL,SE,0.1798329649165601
Pré,analitica_Natural não diretamente climático,AL,SP,-0.1957357011536738
Pré,analitica_Natural não diretamente climático,AL,TO,-0.23795448944182454
Pré,analitica_Natural não diretamente climático,AM,AP,0.022462448300021948
Pré,analitica_Natural não diretamente climático,AM,BA,0.09655287937022458
Pré,analitica_Natural não diretamente climático,AM,CE,0.13480001529832789
Pré,analitica_Natural não diretamente climático,AM,DF,-0.08627840743182608
Pré,analitica_Natural não diretamente climático,AM,ES,0.1520911687854442
Pré,analitica_Natural não diretamente climático,AM,GO,-0.14165983396357665
Pré,analitica_Natural não diretamente climático,AM,MA,-0.06762878080198777
Pré,analitica_Natural não diretamente climático,AM,MG,0.005807148714476822
Pré,analitica_Natural não diretamente climático,AM,MS,-0.03358826031078914
Pré,analitica_Natural não diretamente climático,AM,MT,-0.20501456984663277
Pré,analitica_Natural não diretamente climático,AM,PA,0.08405779311159375
Pré,analitica_Natural não diretamente climático,AM,PB,-0.14185052099014206
Pré,analitica_Natural não diretamente climático,AM,PE,0.10665725737855516
Pré,analitica_Natural não diretamente climático,AM,PI,-0.16518993540999297
Pré,analitica_Natural não diretamente climático,AM,PR,-0.1305288859159574
Pré,analitica_Natural não diretamente climático,AM,RJ,0.27217106863318513
Pré,analitica_Natural não diretamente climático,AM,RN,-0.16856675001578197
Pré,analitica_Natural não diretamente climático,AM,RO,-0.02117583648682861
Pré,analitica_Natural não diretamente climático,AM,RR,-0.1580483756990284
Pré,analitica_Natural não diretamente climático,AM,RS,-0.1791217890099154
Pré,analitica_Natural não diretamente climático,AM,SC,0.1120640786162164
Pré,analitica_Natural não diretamente climático,AM,SE,0.12497656041641667
Pré,analitica_Natural não diretamente climático,AM,SP,0.1655281184102973
Pré,analitica_Natural não diretamente climático,AM,TO,-0.13575740753902754
Pré,analitica_Natural não diretamente climático,AP,BA,-0.1805623518187794
Pré,analitica_Natural não diretamente climático,AP,CE,-0.14416322494041625
Pré,analitica_Natural não diretamente climático,AP,DF,-0.09800306940211041
Pré,analitica_Natural não diretamente climático,AP,ES,-0.09316414023109573
Pré,analitica_Natural não diretamente climático,AP,GO,-0.10272909648773715
Pré,analitica_Natural não diretamente climático,AP,MA,-0.08684862457056765
Pré,analitica_Natural não diretamente climático,AP,MG,0.15061785504716177
Pré,analitica_Natural não diretamente climático,AP,MS,0.10218427351359335
Pré,analitica_Natural não diretamente climático,AP,MT,-0.09541988684496991
Pré,analitica_Natural não diretamente climático,AP,PA,0.05363343811684785
Pré,analitica_Natural não diretamente climático,AP,PB,-0.1236356430860425
Pré,analitica_Natural não diretamente climático,AP,PE,-0.17235504365913315
Pré,analitica_Natural não diretamente climático,AP,PI,-0.21185497940081002
Pré,analitica_Natural não diretamente climático,AP,PR,-0.04917347885990738
Pré,analitica_Natural não diretamente climático,AP,RJ,-0.06755957234754209
Pré,analitica_Natural não diretamente climático,AP,RN,-0.1296798984559463
Pré,analitica_Natural não diretamente climático,AP,RO,-0.24438303431361025
Pré,analitica_Natural não diretamente climático,AP,RR,-0.04374988380462027
Pré,analitica_Natural não diretamente climático,AP,RS,-0.26680970913001767
Pré,analitica_Natural não diretamente climático,AP,SC,-0.11151157393053655
Pré,analitica_Natural não diretamente climático,AP,SE,-0.22139764014944902
Pré,analitica_Natural não diretamente climático,AP,SP,-0.1026858384116704
Pré,analitica_Natural não diretamente climático,AP,TO,0.0705512384916466
Pré,analitica_Natural não diretamente climático,BA,CE,0.29949801998943465
Pré,analitica_Natural não diretamente climático,BA,DF,-0.07496926234974238
Pré,analitica_Natural não diretamente climático,BA,ES,0.12095915429487168
Pré,analitica_Natural não diretamente climático,BA,GO,0.1446350206692116
Pré,analitica_Natural não diretamente climático,BA,MA,0.1494971897852627
Pré,analitica_Natural não diretamente climático,BA,MG,-0.07127196530545062
Pré,analitica_Natural não diretamente climático,BA,MS,-0.020569211586645954
Pré,analitica_Natural não diretamente climático,BA,MT,-0.15922625189240566
Pré,analitica_Natural não diretamente climático,BA,PA,0.21390849128893563
Pré,analitica_Natural não diretamente climático,BA,PB,0.18433301522528073
Pré,analitica_Natural não diretamente climático,BA,PE,0.2645232472895851
Pré,analitica_Natural não diretamente climático,BA,PI,0.09333140194872136
Pré,analitica_Natural não diretamente climático,BA,PR,-0.1425646427958847
Pré,analitica_Natural não diretamente climático,BA,RJ,0.3206983038451986
Pré,analitica_Natural não diretamente climático,BA,RN,0.34506247599613016
Pré,analitica_Natural não diretamente climático,BA,RO,-0.05200049677039679
Pré,analitica_Natural não diretamente climático,BA,RR,-0.3285285464045053
Pré,analitica_Natural não diretamente climático,BA,RS,-0.2375339195434356
Pré,analitica_Natural não diretamente climático,BA,SC,-0.12191879055252096
Pré,analitica_Natural não diretamente climático,BA,SE,0.16165835322399955
Pré,analitica_Natural não diretamente climático,BA,SP,-0.023431144838017635
Pré,analitica_Natural não diretamente climático,BA,TO,-0.2259030133940859
Pré,analitica_Natural não diretamente climático,CE,DF,0.0011411535187890666
Pré,analitica_Natural não diretamente climático,CE,ES,0.3247707713266363
Pré,analitica_Natural não diretamente climático,CE,GO,0.015968744834071458
Pré,analitica_Natural não diretamente climático,CE,MA,0.2777483019802545
Pré,analitica_Natural não diretamente climático,CE,MG,0.06758175419697601
Pré,analitica_Natural não diretamente climático,CE,MS,-0.17164799803297617
Pré,analitica_Natural não diretamente climático,CE,MT,-0.11764299977628422
Pré,analitica_Natural não diretamente climático,CE,PA,0.21549847295114571
Pré,analitica_Natural não diretamente climático,CE,PB,0.3368121558606872
Pré,analitica_Natural não diretamente climático,CE,PE,0.525595254231573
Pré,analitica_Natural não diretamente climático,CE,PI,0.16159676386184413
Pré,analitica_Natural não diretamente climático,CE,PR,-0.05538807503693992
Pré,analitica_Natural não diretamente climático,CE,RJ,0.41201058788046196
Pré,analitica_Natural não diretamente climático,CE,RN,0.1426241745694285
Pré,analitica_Natural não diretamente climático,CE,RO,-0.009543774382776735
Pré,analitica_Natural não diretamente climático,CE,RR,-0.43790730240677095
Pré,analitica_Natural não diretamente climático,CE,RS,-0.19716006201149092
Pré,analitica_Natural não diretamente climático,CE,SC,-0.01028882781130548
Pré,analitica_Natural não diretamente climático,CE,SE,0.01641125278442809
Pré,analitica_Natural não diretamente climático,CE,SP,0.04534295410285121
Pré,analitica_Natural não diretamente climático,CE,TO,-0.1340673122756036
Pré,analitica_Natural não diretamente climático,DF,ES,0.10837645286451833
Pré,analitica_Natural não diretamente climático,DF,GO,0.1792708863003935
Pré,analitica_Natural não diretamente climático,DF,MA,-0.2685370464119874
Pré,analitica_Natural não diretamente climático,DF,MG,0.5192046073506726
Pré,analitica_Natural não diretamente climático,DF,MS,0.406636466973585
Pré,analitica_Natural não diretamente climático,DF,MT,0.019487717097049228
Pré,analitica_Natural não diretamente climático,DF,PA,0.03743507976205576
Pré,analitica_Natural não diretamente climático,DF,PB,0.09075646875521955
Pré,analitica_Natural não diretamente climático,DF,PE,-0.048781235457455996
Pré,analitica_Natural não diretamente climático,DF,PI,-0.1802967370786015
Pré,analitica_Natural não diretamente climático,DF,PR,0.534576256926263
Pré,analitica_Natural não diretamente climático,DF,RJ,0.0749360468870198
Pré,analitica_Natural não diretamente climático,DF,RN,-0.0009833177843184466
Pré,analitica_Natural não diretamente climático,DF,RO,0.3299829455097414
Pré,analitica_Natural não diretamente climático,DF,RR,-0.35497800795119516
Pré,analitica_Natural não diretamente climático,DF,RS,0.39520405751641996
Pré,analitica_Natural não diretamente climático,DF,SC,0.5662799927487251
Pré,analitica_Natural não diretamente climático,DF,SE,-0.07414091370858406
Pré,analitica_Natural não diretamente climático,DF,SP,0.5368783597411322
Pré,analitica_Natural não diretamente climático,DF,TO,0.07063859745957246
Pré,analitica_Natural não diretamente climático,ES,GO,-0.05537177902991302
Pré,analitica_Natural não diretamente climático,ES,MA,0.11377503793886456
Pré,analitica_Natural não diretamente climático,ES,MG,0.21909817417930066
Pré,analitica_Natural não diretamente climático,ES,MS,-0.15672567846975832
Pré,analitica_Natural não diretamente climático,ES,MT,-0.13387088364715724
Pré,analitica_Natural não diretamente climático,ES,PA,0.05584760862721781
Pré,analitica_Natural não diretamente climático,ES,PB,0.12287445449203097
Pré,analitica_Natural não diretamente climático,ES,PE,0.12440772821791013
Pré,analitica_Natural não diretamente climático,ES,PI,-0.008349683704561343
Pré,analitica_Natural não diretamente climático,ES,PR,-0.02891205470884063
Pré,analitica_Natural não diretamente climático,ES,RJ,0.19381464203414223
Pré,analitica_Natural não diretamente climático,ES,RN,0.24813207633633186
Pré,analitica_Natural não diretamente climático,ES,RO,-0.027617576854962973
Pré,analitica_Natural não diretamente climático,ES,RR,-0.37961249927662855
Pré,analitica_Natural não diretamente climático,ES,RS,-0.008305513901193544
Pré,analitica_Natural não diretamente climático,ES,SC,0.1026190247435468
Pré,analitica_Natural não diretamente climático,ES,SE,0.025334822979726095
Pré,analitica_Natural não diretamente climático,ES,SP,0.19391864900347633
Pré,analitica_Natural não diretamente climático,ES,TO,0.04963090922369698
Pré,analitica_Natural não diretamente climático,GO,MA,0.06995853719584548
Pré,analitica_Natural não diretamente climático,GO,MG,0.2320926412163802
Pré,analitica_Natural não diretamente climático,GO,MS,0.3024729628895021
Pré,analitica_Natural não diretamente climático,GO,MT,0.35578004646648637
Pré,analitica_Natural não diretamente climático,GO,PA,0.17670115089812607
Pré,analitica_Natural não diretamente climático,GO,PB,-0.09440101958252524
Pré,analitica_Natural não diretamente climático,GO,PE,-0.12199630034329237
Pré,analitica_Natural não diretamente climático,GO,PI,0.1238087819616189
Pré,analitica_Natural não diretamente climático,GO,PR,0.33945761783105416
Pré,analitica_Natural não diretamente climático,GO,RJ,-0.14337882586883263
Pré,analitica_Natural não diretamente climático,GO,RN,0.08488676232185004
Pré,analitica_Natural não diretamente climático,GO,RO,-0.09156128476814271
Pré,analitica_Natural não diretamente climático,GO,RR,-0.3768543025521085
Pré,analitica_Natural não diretamente climático,GO,RS,0.24198564200802428
Pré,analitica_Natural não diretamente climático,GO,SC,0.1402600506619343
Pré,analitica_Natural não diretamente climático,GO,SE,0.2330279672306475
Pré,analitica_Natural não diretamente climático,GO,SP,-0.010816425490313133
Pré,analitica_Natural não diretamente climático,GO,TO,0.08553341655436489
Pré,analitica_Natural não diretamente climático,MA,MG,-0.1817067712676836
Pré,analitica_Natural não diretamente climático,MA,MS,-0.2076556412065267
Pré,analitica_Natural não diretamente climático,MA,MT,-0.04247810732654855
Pré,analitica_Natural não diretamente climático,MA,PA,0.09405969880663698
Pré,analitica_Natural não diretamente climático,MA,PB,0.15717184930437267
Pré,analitica_Natural não diretamente climático,MA,PE,0.0762739992896548
Pré,analitica_Natural não diretamente climático,MA,PI,0.6401792656277944
Pré,analitica_Natural não diretamente climático,MA,PR,-0.23431392724920302
Pré,analitica_Natural não diretamente climático,MA,RJ,-0.002186010911880234
Pré,analitica_Natural não diretamente climático,MA,RN,0.19503766419184584
Pré,analitica_Natural não diretamente climático,MA,RO,-0.23786019752151277
Pré,analitica_Natural não diretamente climático,MA,RR,-0.2753749460772418
Pré,analitica_Natural não diretamente climático,MA,RS,-0.18720212553682786
Pré,analitica_Natural não diretamente climático,MA,SC,-0.41991338558844443
Pré,analitica_Natural não diretamente climático,MA,SE,0.07543254376688864
Pré,analitica_Natural não diretamente climático,MA,SP,-0.48131230875039593
Pré,analitica_Natural não diretamente climático,MA,TO,0.23744166967440358
Pré,analitica_Natural não diretamente climático,MG,MS,0.30627508264650216
Pré,analitica_Natural não diretamente climático,MG,MT,0.08617342053210046
Pré,analitica_Natural não diretamente climático,MG,PA,0.14488500312520636
Pré,analitica_Natural não diretamente climático,MG,PB,-0.05467229783530866
Pré,analitica_Natural não diretamente climático,MG,PE,-0.005743388838694384
Pré,analitica_Natural não diretamente climático,MG,PI,-0.17940353040619647
Pré,analitica_Natural não diretamente climático,MG,PR,0.5153064968140988
Pré,analitica_Natural não diretamente climático,MG,RJ,0.338836610982003
Pré,analitica_Natural não diretamente climático,MG,RN,-0.04267236847061472
Pré,analitica_Natural não diretamente climático,MG,RO,0.18014909286693287
Pré,analitica_Natural não diretamente climático,MG,RR,-0.4800709383747674
Pré,analitica_Natural não diretamente climático,MG,RS,0.18418665809028803
Pré,analitica_Natural não diretamente climático,MG,SC,0.5105531781868446
Pré,analitica_Natural não diretamente climático,MG,SE,-0.06718854566251668
Pré,analitica_Natural não diretamente climático,MG,SP,0.5840635707713762
Pré,analitica_Natural não diretamente climático,MG,TO,0.020874319632061048
Pré,analitica_Natural não diretamente climático,MS,MT,0.1841324948637094
Pré,analitica_Natural não diretamente climático,MS,PA,0.0875757466378967
Pré,analitica_Natural não diretamente climático,MS,PB,-0.046402230580812664
Pré,analitica_Natural não diretamente climático,MS,PE,-0.1536251280509877
Pré,analitica_Natural não diretamente climático,MS,PI,-0.15337898186514018
Pré,analitica_Natural não diretamente climático,MS,PR,0.640186066661538
Pré,analitica_Natural não diretamente climático,MS,RJ,-0.0185153400410274
Pré,analitica_Natural não diretamente climático,MS,RN,-0.23447752235732325
Pré,analitica_Natural não diretamente climático,MS,RO,-0.06250498251034932
Pré,analitica_Natural não diretamente climático,MS,RR,-0.29668147426213043
Pré,analitica_Natural não diretamente climático,MS,RS,0.45665257750596755
Pré,analitica_Natural não diretamente climático,MS,SC,0.4155085281195463
Pré,analitica_Natural não diretamente climático,MS,SE,-0.14752362117426018
Pré,analitica_Natural não diretamente climático,MS,SP,0.28175190315819976
Pré,analitica_Natural não diretamente climático,MS,TO,0.17213978469387964
Pré,analitica_Natural não diretamente climático,MT,PA,-0.0868354733593463
Pré,analitica_Natural não diretamente climático,MT,PB,-0.20623435203328758
Pré,analitica_Natural não diretamente climático,MT,PE,-0.20910320353796447
Pré,analitica_Natural não diretamente climático,MT,PI,-0.1465842561828477
Pré,analitica_Natural não diretamente climático,MT,PR,0.21729287334599146
Pré,analitica_Natural não diretamente climático,MT,RJ,-0.10169187474960827
Pré,analitica_Natural não diretamente climático,MT,RN,-0.046389102487083625
Pré,analitica_Natural não diretamente climático,MT,RO,-0.10509759115161768
Pré,analitica_Natural não diretamente climático,MT,RR,-0.15781412541160816
Pré,analitica_Natural não diretamente climático,MT,RS,0.15505782940299245
Pré,analitica_Natural não diretamente climático,MT,SC,0.020016048556622885
Pré,analitica_Natural não diretamente climático,MT,SE,0.11218117643799434
Pré,analitica_Natural não diretamente climático,MT,SP,-0.0653180580350176
Pré,analitica_Natural não diretamente climático,MT,TO,0.16215210639170655
Pré,analitica_Natural não diretamente climático,PA,PB,0.06900077597504273
Pré,analitica_Natural não diretamente climático,PA,PE,0.13121635533482703
Pré,analitica_Natural não diretamente climático,PA,PI,-0.11764348330870363
Pré,analitica_Natural não diretamente climático,PA,PR,0.08631145712653247
Pré,analitica_Natural não diretamente climático,PA,RJ,0.20755440659626495
Pré,analitica_Natural não diretamente climático,PA,RN,0.049565097160970135
Pré,analitica_Natural não diretamente climático,PA,RO,0.05334074282080166
Pré,analitica_Natural não diretamente climático,PA,RR,-0.40378043775004663
Pré,analitica_Natural não diretamente climático,PA,RS,0.03203320398423557
Pré,analitica_Natural não diretamente climático,PA,SC,0.14140902500310396
Pré,analitica_Natural não diretamente climático,PA,SE,0.025985913295333108
Pré,analitica_Natural não diretamente climático,PA,SP,0.09041499265203848
Pré,analitica_Natural não diretamente climático,PA,TO,-0.06509008121267633
Pré,analitica_Natural não diretamente climático,PB,PE,0.32984667919847055
Pré,analitica_Natural não diretamente climático,PB,PI,0.36257920426594903
Pré,analitica_Natural não diretamente climático,PB,PR,0.10488540889147953
Pré,analitica_Natural não diretamente climático,PB,RJ,-0.021553953030140943
Pré,analitica_Natural não diretamente climático,PB,RN,0.18983010732134195
Pré,analitica_Natural não diretamente climático,PB,RO,0.08083080147826965
Pré,analitica_Natural não diretamente climático,PB,RR,-0.27641896929544163
Pré,analitica_Natural não diretamente climático,PB,RS,-0.14070765503453647
Pré,analitica_Natural não diretamente climático,PB,SC,0.03815605872598501
Pré,analitica_Natural não diretamente climático,PB,SE,0.0023377219757014897
Pré,analitica_Natural não diretamente climático,PB,SP,0.05943684585052708
Pré,analitica_Natural não diretamente climático,PB,TO,-0.2242259040271996
Pré,analitica_Natural não diretamente climático,PE,PI,0.13248527836575041
Pré,analitica_Natural não diretamente climático,PE,PR,-0.014773806367588047
Pré,analitica_Natural não diretamente climático,PE,RJ,0.38433201767287034
Pré,analitica_Natural não diretamente climático,PE,RN,-0.12074412007969867
Pré,analitica_Natural não diretamente climático,PE,RO,-0.036793274545696864
Pré,analitica_Natural não diretamente climático,PE,RR,-0.2311000910812402
Pré,analitica_Natural não diretamente climático,PE,RS,-0.1470751714706403
Pré,analitica_Natural não diretamente climático,PE,SC,-0.013485154081753051
Pré,analitica_Natural não diretamente climático,PE,SE,0.010463387024536086
Pré,analitica_Natural não diretamente climático,PE,SP,0.1214204783266889
Pré,analitica_Natural não diretamente climático,PE,TO,-0.29132450979654045
Pré,analitica_Natural não diretamente climático,PI,PR,-0.19058042649313472
Pré,analitica_Natural não diretamente climático,PI,RJ,-0.22841628838683284
Pré,analitica_Natural não diretamente climático,PI,RN,0.13597400166371545
Pré,analitica_Natural não diretamente climático,PI,RO,-0.2047099075933794
Pré,analitica_Natural não diretamente climático,PI,RR,-0.12053372379681888
Pré,analitica_Natural não diretamente climático,PI,RS,-0.03471385834418224
Pré,analitica_Natural não diretamente climático,PI,SC,-0.2726340753298051
Pré,analitica_Natural não diretamente climático,PI,SE,0.06658286006882073
Pré,analitica_Natural não diretamente climático,PI,SP,-0.36307645981073944
Pré,analitica_Natural não diretamente climático,PI,TO,-0.003827891187823189
Pré,analitica_Natural não diretamente climático,PR,RJ,0.12781291200929015
Pré,analitica_Natural não diretamente climático,PR,RN,-0.10065535747811133
Pré,analitica_Natural não diretamente climático,PR,RO,0.2708249615082447
Pré,analitica_Natural não diretamente climático,PR,RR,-0.456277505562863
Pré,analitica_Natural não diretamente climático,PR,RS,0.5500749189351289
Pré,analitica_Natural não diretamente climático,PR,SC,0.6399527587534215
Pré,analitica_Natural não diretamente climático,PR,SE,-0.023941558069073707
Pré,analitica_Natural não diretamente climático,PR,SP,0.5567603673334709
Pré,analitica_Natural não diretamente climático,PR,TO,0.10715205165190578
Pré,analitica_Natural não diretamente climático,RJ,RN,-0.05600590304919314
Pré,analitica_Natural não diretamente climático,RJ,RO,0.20881840778304359
Pré,analitica_Natural não diretamente climático,RJ,RR,-0.3756497394226828
Pré,analitica_Natural não diretamente climático,RJ,RS,-0.14990262548352423
Pré,analitica_Natural não diretamente climático,RJ,SC,0.2659883615739086
Pré,analitica_Natural não diretamente climático,RJ,SE,-0.17010163699471267
Pré,analitica_Natural não diretamente climático,RJ,SP,0.3847389553168996
Pré,analitica_Natural não diretamente climático,RJ,TO,-0.0947938619690092
Pré,analitica_Natural não diretamente climático,RN,RO,-0.015111580750984984
Pré,analitica_Natural não diretamente climático,RN,RR,-0.2581498549786719
Pré,analitica_Natural não diretamente climático,RN,RS,-0.1058996843604707
Pré,analitica_Natural não diretamente climático,RN,SC,-0.14338615769792987
Pré,analitica_Natural não diretamente climático,RN,SE,0.16661393098204766
Pré,analitica_Natural não diretamente climático,RN,SP,-0.08000753644005977
Pré,analitica_Natural não diretamente climático,RN,TO,0.011980437205602618
Pré,analitica_Natural não diretamente climático,RO,RR,-0.1120873825363544
Pré,analitica_Natural não diretamente climático,RO,RS,0.2992418910613537
Pré,analitica_Natural não diretamente climático,RO,SC,0.5335284913128052
Pré,analitica_Natural não diretamente climático,RO,SE,-0.10468847551828536
Pré,analitica_Natural não diretamente climático,RO,SP,0.5210468078517428
Pré,analitica_Natural não diretamente climático,RO,TO,-0.05146905474019995
Pré,analitica_Natural não diretamente climático,RR,RS,-0.15972047128570444
Pré,analitica_Natural não diretamente climático,RR,SC,-0.3618752192087421
Pré,analitica_Natural não diretamente climático,RR,SE,-0.12432309965297582
Pré,analitica_Natural não diretamente climático,RR,SP,-0.32255791438746967
Pré,analitica_Natural não diretamente climático,RR,TO,-0.1731513771739057
Pré,analitica_Natural não diretamente climático,RS,SC,0.47593711325150345
Pré,analitica_Natural não diretamente climático,RS,SE,-0.13005989505035237
Pré,analitica_Natural não diretamente climático,RS,SP,0.32333883385644113
Pré,analitica_Natural não diretamente climático,RS,TO,0.3108421706440837
Pré,analitica_Natural não diretamente climático,SC,SE,-0.21299836719431073
Pré,analitica_Natural não diretamente climático,SC,SP,0.7775073099169184
Pré,analitica_Natural não diretamente climático,SC,TO,-0.07393179080958123
Pré,analitica_Natural não diretamente climático,SE,SP,-0.16812685485561923
Pré,analitica_Natural não diretamente climático,SE,TO,-0.16667821948689038
Pré,analitica_Natural não diretamente climático,SP,TO,-0.22467627451904193
Pré,analitica_Tecnológico/antrópico,AC,AL,-0.09216461885027355
Pré,analitica_Tecnológico/antrópico,AC,AM,0.2999087236851189
Pré,analitica_Tecnológico/antrópico,AC,AP,-0.09206405850398859
Pré,analitica_Tecnológico/antrópico,AC,BA,0.08978990258785739
Pré,analitica_Tecnológico/antrópico,AC,CE,0.018327957129086574
Pré,analitica_Tecnológico/antrópico,AC,DF,-0.17490719087053863
Pré,analitica_Tecnológico/antrópico,AC,ES,0.027668594816593155
Pré,analitica_Tecnológico/antrópico,AC,GO,-0.16408792124756952
Pré,analitica_Tecnológico/antrópico,AC,MA,-0.0232260890816426
Pré,analitica_Tecnológico/antrópico,AC,MG,-0.12713126095055605
Pré,analitica_Tecnológico/antrópico,AC,MS,-0.21854478816659417
Pré,analitica_Tecnológico/antrópico,AC,MT,-0.20628446760168875
Pré,analitica_Tecnológico/antrópico,AC,PA,0.14210361705791003
Pré,analitica_Tecnológico/antrópico,AC,PB,-0.07261628911380907
Pré,analitica_Tecnológico/antrópico,AC,PE,0.10827566064434965
Pré,analitica_Tecnológico/antrópico,AC,PI,-0.023975383788023975
Pré,analitica_Tecnológico/antrópico,AC,PR,-0.2564272791339139
Pré,analitica_Tecnológico/antrópico,AC,RJ,0.13068428393337156
Pré,analitica_Tecnológico/antrópico,AC,RN,-0.14449576169368858
Pré,analitica_Tecnológico/antrópico,AC,RO,0.17967737825172223
Pré,analitica_Tecnológico/antrópico,AC,RR,-0.009346515524490671
Pré,analitica_Tecnológico/antrópico,AC,RS,-0.24945878708158573
Pré,analitica_Tecnológico/antrópico,AC,SC,0.08888568489944058
Pré,analitica_Tecnológico/antrópico,AC,SE,0.030925813484991998
Pré,analitica_Tecnológico/antrópico,AC,SP,0.07417301813265295
Pré,analitica_Tecnológico/antrópico,AC,TO,-0.20260267417412325
Pré,analitica_Tecnológico/antrópico,AL,AM,-0.11495516476043557
Pré,analitica_Tecnológico/antrópico,AL,AP,-0.144329098017228
Pré,analitica_Tecnológico/antrópico,AL,BA,0.4951197539614559
Pré,analitica_Tecnológico/antrópico,AL,CE,0.3171321343779865
Pré,analitica_Tecnológico/antrópico,AL,DF,-0.1132253949554814
Pré,analitica_Tecnológico/antrópico,AL,ES,0.12414432605392121
Pré,analitica_Tecnológico/antrópico,AL,GO,-0.007965895036783278
Pré,analitica_Tecnológico/antrópico,AL,MA,0.23789894552445834
Pré,analitica_Tecnológico/antrópico,AL,MG,-0.20849072437737326
Pré,analitica_Tecnológico/antrópico,AL,MS,-0.07905327764126255
Pré,analitica_Tecnológico/antrópico,AL,MT,-0.08898708941733516
Pré,analitica_Tecnológico/antrópico,AL,PA,0.1735124194110707
Pré,analitica_Tecnológico/antrópico,AL,PB,0.41980711754152605
Pré,analitica_Tecnológico/antrópico,AL,PE,0.4060257678382716
Pré,analitica_Tecnológico/antrópico,AL,PI,0.25085154434511236
Pré,analitica_Tecnológico/antrópico,AL,PR,-0.1083454134109995
Pré,analitica_Tecnológico/antrópico,AL,RJ,0.10908020424907164
Pré,analitica_Tecnológico/antrópico,AL,RN,0.27998091540028347
Pré,analitica_Tecnológico/antrópico,AL,RO,-0.29177175655109644
Pré,analitica_Tecnológico/antrópico,AL,RR,-0.26738277592086357
Pré,analitica_Tecnológico/antrópico,AL,RS,-0.21683757940283194
Pré,analitica_Tecnológico/antrópico,AL,SC,-0.2945223323374249
Pré,analitica_Tecnológico/antrópico,AL,SE,0.18051029621088915
Pré,analitica_Tecnológico/antrópico,AL,SP,-0.19593737922677104
Pré,analitica_Tecnológico/antrópico,AL,TO,-0.23795979569521342
Pré,analitica_Tecnológico/antrópico,AM,AP,0.022680030435006972
Pré,analitica_Tecnológico/antrópico,AM,BA,0.09663193510574322
Pré,analitica_Tecnológico/antrópico,AM,CE,0.13488544886367998
Pré,analitica_Tecnológico/antrópico,AM,DF,-0.08525955959347992
Pré,analitica_Tecnológico/antrópico,AM,ES,0.15222484217387958
Pré,analitica_Tecnológico/antrópico,AM,GO,-0.14130288973264035
Pré,analitica_Tecnológico/antrópico,AM,MA,-0.06759391451822097
Pré,analitica_Tecnológico/antrópico,AM,MG,0.006113355476085088
Pré,analitica_Tecnológico/antrópico,AM,MS,-0.03339659709369538
Pré,analitica_Tecnológico/antrópico,AM,MT,-0.20473384201050407
Pré,analitica_Tecnológico/antrópico,AM,PA,0.08429856757091246
Pré,analitica_Tecnológico/antrópico,AM,PB,-0.14194534721636498
Pré,analitica_Tecnológico/antrópico,AM,PE,0.10668682344608965
Pré,analitica_Tecnológico/antrópico,AM,PI,-0.16507639904144022
Pré,analitica_Tecnológico/antrópico,AM,PR,-0.1303729937129739
Pré,analitica_Tecnológico/antrópico,AM,RJ,0.27221634899804836
Pré,analitica_Tecnológico/antrópico,AM,RN,-0.16861182185291357
Pré,analitica_Tecnológico/antrópico,AM,RO,-0.021257290649432648
Pré,analitica_Tecnológico/antrópico,AM,RR,-0.15832210801358992
Pré,analitica_Tecnológico/antrópico,AM,RS,-0.17895575593114907
Pré,analitica_Tecnológico/antrópico,AM,SC,0.11217099858827981
Pré,analitica_Tecnológico/antrópico,AM,SE,0.1236615288054889
Pré,analitica_Tecnológico/antrópico,AM,SP,0.165515888014805
Pré,analitica_Tecnológico/antrópico,AM,TO,-0.13564957890293722
Pré,analitica_Tecnológico/antrópico,AP,BA,-0.1803741405824593
Pré,analitica_Tecnológico/antrópico,AP,CE,-0.1440514703725718
Pré,analitica_Tecnológico/antrópico,AP,DF,-0.09788065644252583
Pré,analitica_Tecnológico/antrópico,AP,ES,-0.09332909500624524
Pré,analitica_Tecnológico/antrópico,AP,GO,-0.10254042217978648
Pré,analitica_Tecnológico/antrópico,AP,MA,-0.08677025919399595
Pré,analitica_Tecnológico/antrópico,AP,MG,0.1507096142170978
Pré,analitica_Tecnológico/antrópico,AP,MS,0.10243302482454975
Pré,analitica_Tecnológico/antrópico,AP,MT,-0.09537339848643347
Pré,analitica_Tecnológico/antrópico,AP,PA,0.05352878178012488
Pré,analitica_Tecnológico/antrópico,AP,PB,-0.1235525029701132
Pré,analitica_Tecnológico/antrópico,AP,PE,-0.17223393487105412
Pré,analitica_Tecnológico/antrópico,AP,PI,-0.21178437255992738
Pré,analitica_Tecnológico/antrópico,AP,PR,-0.049108124818333675
Pré,analitica_Tecnológico/antrópico,AP,RJ,-0.06729043834219113
Pré,analitica_Tecnológico/antrópico,AP,RN,-0.1296423159602622
Pré,analitica_Tecnológico/antrópico,AP,RO,-0.2444247046046316
Pré,analitica_Tecnológico/antrópico,AP,RR,-0.04380030127711127
Pré,analitica_Tecnológico/antrópico,AP,RS,-0.26679097578717764
Pré,analitica_Tecnológico/antrópico,AP,SC,-0.11139899284788712
Pré,analitica_Tecnológico/antrópico,AP,SE,-0.22333117175424513
Pré,analitica_Tecnológico/antrópico,AP,SP,-0.10264723436229248
Pré,analitica_Tecnológico/antrópico,AP,TO,0.0705034686004002
Pré,analitica_Tecnológico/antrópico,BA,CE,0.29945536186168586
Pré,analitica_Tecnológico/antrópico,BA,DF,-0.07639957306658023
Pré,analitica_Tecnológico/antrópico,BA,ES,0.12128723105495175
Pré,analitica_Tecnológico/antrópico,BA,GO,0.1446137363967531
Pré,analitica_Tecnológico/antrópico,BA,MA,0.14953458089488386
Pré,analitica_Tecnológico/antrópico,BA,MG,-0.07119002864968973
Pré,analitica_Tecnológico/antrópico,BA,MS,-0.020586229454539078
Pré,analitica_Tecnológico/antrópico,BA,MT,-0.15927060159764495
Pré,analitica_Tecnológico/antrópico,BA,PA,0.21390257492480086
Pré,analitica_Tecnológico/antrópico,BA,PB,0.18422445682691269
Pré,analitica_Tecnológico/antrópico,BA,PE,0.26445178132095076
Pré,analitica_Tecnológico/antrópico,BA,PI,0.09335717057961149
Pré,analitica_Tecnológico/antrópico,BA,PR,-0.142711226010667
Pré,analitica_Tecnológico/antrópico,BA,RJ,0.3206765496817325
Pré,analitica_Tecnológico/antrópico,BA,RN,0.3450910094259665
Pré,analitica_Tecnológico/antrópico,BA,RO,-0.052211107208106004
Pré,analitica_Tecnológico/antrópico,BA,RR,-0.3286260867598807
Pré,analitica_Tecnológico/antrópico,BA,RS,-0.23768701699909367
Pré,analitica_Tecnológico/antrópico,BA,SC,-0.1220220007576431
Pré,analitica_Tecnológico/antrópico,BA,SE,0.16341887365700683
Pré,analitica_Tecnológico/antrópico,BA,SP,-0.02357881882898677
Pré,analitica_Tecnológico/antrópico,BA,TO,-0.22597342907577567
Pré,analitica_Tecnológico/antrópico,CE,DF,0.0014746795231956173
Pré,analitica_Tecnológico/antrópico,CE,ES,0.3247735307070533
Pré,analitica_Tecnológico/antrópico,CE,GO,0.016086379665872164
Pré,analitica_Tecnológico/antrópico,CE,MA,0.27769085121456216
Pré,analitica_Tecnológico/antrópico,CE,MG,0.06773671503042246
Pré,analitica_Tecnológico/antrópico,CE,MS,-0.1717045883437497
Pré,analitica_Tecnológico/antrópico,CE,MT,-0.11757806971335123
Pré,analitica_Tecnológico/antrópico,CE,PA,0.21533720884283042
Pré,analitica_Tecnológico/antrópico,CE,PB,0.3367517546536
Pré,analitica_Tecnológico/antrópico,CE,PE,0.5255504995490705
Pré,analitica_Tecnológico/antrópico,CE,PI,0.1615454554363184
Pré,analitica_Tecnológico/antrópico,CE,PR,-0.055447150785930925
Pré,analitica_Tecnológico/antrópico,CE,RJ,0.41200877618484183
Pré,analitica_Tecnológico/antrópico,CE,RN,0.1426915965944999
Pré,analitica_Tecnológico/antrópico,CE,RO,-0.009560734667752592
Pré,analitica_Tecnológico/antrópico,CE,RR,-0.437978048188392
Pré,analitica_Tecnológico/antrópico,CE,RS,-0.19717341483269965
Pré,analitica_Tecnológico/antrópico,CE,SC,-0.010215551411646262
Pré,analitica_Tecnológico/antrópico,CE,SE,0.016348625831667758
Pré,analitica_Tecnológico/antrópico,CE,SP,0.04530137261374995
Pré,analitica_Tecnológico/antrópico,CE,TO,-0.13407870028637656
Pré,analitica_Tecnológico/antrópico,DF,ES,0.1102486128075251
Pré,analitica_Tecnológico/antrópico,DF,GO,0.17828402869695534
Pré,analitica_Tecnológico/antrópico,DF,MA,-0.2675457010799339
Pré,analitica_Tecnológico/antrópico,DF,MG,0.5193048400325417
Pré,analitica_Tecnológico/antrópico,DF,MS,0.4039501590300789
Pré,analitica_Tecnológico/antrópico,DF,MT,0.016954961030698545
Pré,analitica_Tecnológico/antrópico,DF,PA,0.03708580707111154
Pré,analitica_Tecnológico/antrópico,DF,PB,0.09106318421363399
Pré,analitica_Tecnológico/antrópico,DF,PE,-0.04917122934771416
Pré,analitica_Tecnológico/antrópico,DF,PI,-0.18074397980110737
Pré,analitica_Tecnológico/antrópico,DF,PR,0.533703178096978
Pré,analitica_Tecnológico/antrópico,DF,RJ,0.07613193062984466
Pré,analitica_Tecnológico/antrópico,DF,RN,-0.0011134985695932568
Pré,analitica_Tecnológico/antrópico,DF,RO,0.330882940231178
Pré,analitica_Tecnológico/antrópico,DF,RR,-0.35413548314441223
Pré,analitica_Tecnológico/antrópico,DF,RS,0.39545972286535885
Pré,analitica_Tecnológico/antrópico,DF,SC,0.5658255729904844
Pré,analitica_Tecnológico/antrópico,DF,SE,-0.07668929359977568
Pré,analitica_Tecnológico/antrópico,DF,SP,0.5372684743360666
Pré,analitica_Tecnológico/antrópico,DF,TO,0.07066361228632599
Pré,analitica_Tecnológico/antrópico,ES,GO,-0.055571922684477
Pré,analitica_Tecnológico/antrópico,ES,MA,0.11391345409417616
Pré,analitica_Tecnológico/antrópico,ES,MG,0.21850098944007482
Pré,analitica_Tecnológico/antrópico,ES,MS,-0.15640958917971992
Pré,analitica_Tecnológico/antrópico,ES,MT,-0.13382968645718107
Pré,analitica_Tecnológico/antrópico,ES,PA,0.0559126625014127
Pré,analitica_Tecnológico/antrópico,ES,PB,0.12279746116474838
Pré,analitica_Tecnológico/antrópico,ES,PE,0.12442140103139619
Pré,analitica_Tecnológico/antrópico,ES,PI,-0.008426338762936808
Pré,analitica_Tecnológico/antrópico,ES,PR,-0.028798546637669807
Pré,analitica_Tecnológico/antrópico,ES,RJ,0.19384454167237025
Pré,analitica_Tecnológico/antrópico,ES,RN,0.24799267287456797
Pré,analitica_Tecnológico/antrópico,ES,RO,-0.0275899678442046
Pré,analitica_Tecnológico/antrópico,ES,RR,-0.3796186872814189
Pré,analitica_Tecnológico/antrópico,ES,RS,-0.007964903939458704
Pré,analitica_Tecnológico/antrópico,ES,SC,0.10287843908060379
Pré,analitica_Tecnológico/antrópico,ES,SE,0.02450492159593769
Pré,analitica_Tecnológico/antrópico,ES,SP,0.19389952052894793
Pré,analitica_Tecnológico/antrópico,ES,TO,0.0496089687057552
Pré,analitica_Tecnológico/antrópico,GO,MA,0.06995276272121936
Pré,analitica_Tecnológico/antrópico,GO,MG,0.23193348252097903
Pré,analitica_Tecnológico/antrópico,GO,MS,0.30242358908145206
Pré,analitica_Tecnológico/antrópico,GO,MT,0.35575078069520866
Pré,analitica_Tecnológico/antrópico,GO,PA,0.17700208168827652
Pré,analitica_Tecnológico/antrópico,GO,PB,-0.09437557941512914
Pré,analitica_Tecnológico/antrópico,GO,PE,-0.12194635532184006
Pré,analitica_Tecnológico/antrópico,GO,PI,0.12384692066022003
Pré,analitica_Tecnológico/antrópico,GO,PR,0.3394416352497407
Pré,analitica_Tecnológico/antrópico,GO,RJ,-0.1434922219234686
Pré,analitica_Tecnológico/antrópico,GO,RN,0.08486574439549491
Pré,analitica_Tecnológico/antrópico,GO,RO,-0.09152539743193382
Pré,analitica_Tecnológico/antrópico,GO,RR,-0.37686665586119605
Pré,analitica_Tecnológico/antrópico,GO,RS,0.24198157181502336
Pré,analitica_Tecnológico/antrópico,GO,SC,0.14045672249853158
Pré,analitica_Tecnológico/antrópico,GO,SE,0.23298789351086577
Pré,analitica_Tecnológico/antrópico,GO,SP,-0.010820338338269396
Pré,analitica_Tecnológico/antrópico,GO,TO,0.08549400848862115
Pré,analitica_Tecnológico/antrópico,MA,MG,-0.18169792775793892
Pré,analitica_Tecnológico/antrópico,MA,MS,-0.20772433658527104
Pré,analitica_Tecnológico/antrópico,MA,MT,-0.04243148369736727
Pré,analitica_Tecnológico/antrópico,MA,PA,0.09404218482343595
Pré,analitica_Tecnológico/antrópico,MA,PB,0.15714578730071008
Pré,analitica_Tecnológico/antrópico,MA,PE,0.07635788362704242
Pré,analitica_Tecnológico/antrópico,MA,PI,0.6401612152769397
Pré,analitica_Tecnológico/antrópico,MA,PR,-0.23439573885961285
Pré,analitica_Tecnológico/antrópico,MA,RJ,-0.0020359987075265658
Pré,analitica_Tecnológico/antrópico,MA,RN,0.19504587987902955
Pré,analitica_Tecnológico/antrópico,MA,RO,-0.2379137808617854
Pré,analitica_Tecnológico/antrópico,MA,RR,-0.27542566318300354
Pré,analitica_Tecnológico/antrópico,MA,RS,-0.18723960368427015
Pré,analitica_Tecnológico/antrópico,MA,SC,-0.41993502301535857
Pré,analitica_Tecnológico/antrópico,MA,SE,0.074923002048143
Pré,analitica_Tecnológico/antrópico,MA,SP,-0.48142175407476184
Pré,analitica_Tecnológico/antrópico,MA,TO,0.23742902071816194
Pré,analitica_Tecnológico/antrópico,MG,MS,0.3062362312413883
Pré,analitica_Tecnológico/antrópico,MG,MT,0.08617827845173565
Pré,analitica_Tecnológico/antrópico,MG,PA,0.14511215033415079
Pré,analitica_Tecnológico/antrópico,MG,PB,-0.054680479812731636
Pré,analitica_Tecnológico/antrópico,MG,PE,-0.0054547766660951146
Pré,analitica_Tecnológico/antrópico,MG,PI,-0.17945355595092388
Pré,analitica_Tecnológico/antrópico,MG,PR,0.5152044047862055
Pré,analitica_Tecnológico/antrópico,MG,RJ,0.3388497963432776
Pré,analitica_Tecnológico/antrópico,MG,RN,-0.042917306725406154
Pré,analitica_Tecnológico/antrópico,MG,RO,0.1801544895942971
Pré,analitica_Tecnológico/antrópico,MG,RR,-0.48013486401396926
Pré,analitica_Tecnológico/antrópico,MG,RS,0.18406724161292357
Pré,analitica_Tecnológico/antrópico,MG,SC,0.5107271789138044
Pré,analitica_Tecnológico/antrópico,MG,SE,-0.06728901237158559
Pré,analitica_Tecnológico/antrópico,MG,SP,0.5841278551555931
Pré,analitica_Tecnológico/antrópico,MG,TO,0.02067081671102249
Pré,analitica_Tecnológico/antrópico,MS,MT,0.18419400656391377
Pré,analitica_Tecnológico/antrópico,MS,PA,0.08782491292928717
Pré,analitica_Tecnológico/antrópico,MS,PB,-0.04661772512923459
Pré,analitica_Tecnológico/antrópico,MS,PE,-0.15378291579731154
Pré,analitica_Tecnológico/antrópico,MS,PI,-0.15352488603648712
Pré,analitica_Tecnológico/antrópico,MS,PR,0.6401807528411916
Pré,analitica_Tecnológico/antrópico,MS,RJ,-0.01859427759269864
Pré,analitica_Tecnológico/antrópico,MS,RN,-0.2344327927161461
Pré,analitica_Tecnológico/antrópico,MS,RO,-0.06272434807552928
Pré,analitica_Tecnológico/antrópico,MS,RR,-0.2967728624042228
Pré,analitica_Tecnológico/antrópico,MS,RS,0.45661455151517644
Pré,analitica_Tecnológico/antrópico,MS,SC,0.41526004379268266
Pré,analitica_Tecnológico/antrópico,MS,SE,-0.1460181956490345
Pré,analitica_Tecnológico/antrópico,MS,SP,0.2817308510824845
Pré,analitica_Tecnológico/antrópico,MS,TO,0.17211610951167583
Pré,analitica_Tecnológico/antrópico,MT,PA,-0.08657623491584085
Pré,analitica_Tecnológico/antrópico,MT,PB,-0.20624079880151822
Pré,analitica_Tecnológico/antrópico,MT,PE,-0.20916548603002685
Pré,analitica_Tecnológico/antrópico,MT,PI,-0.14657979041750133
Pré,analitica_Tecnológico/antrópico,MT,PR,0.21737662030043226
Pré,analitica_Tecnológico/antrópico,MT,RJ,-0.10172205553281723
Pré,analitica_Tecnológico/antrópico,MT,RN,-0.04640328582362341
Pré,analitica_Tecnológico/antrópico,MT,RO,-0.10507783691031988
Pré,analitica_Tecnológico/antrópico,MT,RR,-0.1577493594196669
Pré,analitica_Tecnológico/antrópico,MT,RS,0.15512973294518598
Pré,analitica_Tecnológico/antrópico,MT,SC,0.020277846400887495
Pré,analitica_Tecnológico/antrópico,MT,SE,0.11261312615093168
Pré,analitica_Tecnológico/antrópico,MT,SP,-0.06526749485139662
Pré,analitica_Tecnológico/antrópico,MT,TO,0.1621790018365515
Pré,analitica_Tecnológico/antrópico,PA,PB,0.06875369781765049
Pré,analitica_Tecnológico/antrópico,PA,PE,0.13109993003351952
Pré,analitica_Tecnológico/antrópico,PA,PI,-0.11761779961188389
Pré,analitica_Tecnológico/antrópico,PA,PR,0.08670104738841138
Pré,analitica_Tecnológico/antrópico,PA,RJ,0.2075042175572952
Pré,analitica_Tecnológico/antrópico,PA,RN,0.04952572745241281
Pré,analitica_Tecnológico/antrópico,PA,RO,0.0533972263099461
Pré,analitica_Tecnológico/antrópico,PA,RR,-0.40374149822106115
Pré,analitica_Tecnológico/antrópico,PA,RS,0.03238960661352687
Pré,analitica_Tecnológico/antrópico,PA,SC,0.14174619011045983
Pré,analitica_Tecnológico/antrópico,PA,SE,0.024309339000338475
Pré,analitica_Tecnológico/antrópico,PA,SP,0.09047657488523017
Pré,analitica_Tecnológico/antrópico,PA,TO,-0.06489356495422492
Pré,analitica_Tecnológico/antrópico,PB,PE,0.32984482885432853
Pré,analitica_Tecnológico/antrópico,PB,PI,0.36261539291708283
Pré,analitica_Tecnológico/antrópico,PB,PR,0.10483712573185949
Pré,analitica_Tecnológico/antrópico,PB,RJ,-0.021688416298526123
Pré,analitica_Tecnológico/antrópico,PB,RN,0.1898577186232898
Pré,analitica_Tecnológico/antrópico,PB,RO,0.08083860642577875
Pré,analitica_Tecnológico/antrópico,PB,RR,-0.2764939804545039
Pré,analitica_Tecnológico/antrópico,PB,RS,-0.1407342269334372
Pré,analitica_Tecnológico/antrópico,PB,SC,0.03801979812559084
Pré,analitica_Tecnológico/antrópico,PB,SE,0.0033836846621220404
Pré,analitica_Tecnológico/antrópico,PB,SP,0.05937961399050215
Pré,analitica_Tecnológico/antrópico,PB,TO,-0.22424788081300775
Pré,analitica_Tecnológico/antrópico,PE,PI,0.13266044632794
Pré,analitica_Tecnológico/antrópico,PE,PR,-0.01487768693294357
Pré,analitica_Tecnológico/antrópico,PE,RJ,0.38424775992446747
Pré,analitica_Tecnológico/antrópico,PE,RN,-0.12066950134776173
Pré,analitica_Tecnológico/antrópico,PE,RO,-0.03688615383113592
Pré,analitica_Tecnológico/antrópico,PE,RR,-0.23114462088803764
Pré,analitica_Tecnológico/antrópico,PE,RS,-0.14707725548357672
Pré,analitica_Tecnológico/antrópico,PE,SC,-0.013447426823066025
Pré,analitica_Tecnológico/antrópico,PE,SE,0.010753105313186545
Pré,analitica_Tecnológico/antrópico,PE,SP,0.12132365528914268
Pré,analitica_Tecnológico/antrópico,PE,TO,-0.2912682028653848
Pré,analitica_Tecnológico/antrópico,PI,PR,-0.19059823168247972
Pré,analitica_Tecnológico/antrópico,PI,RJ,-0.2283625962750714
Pré,analitica_Tecnológico/antrópico,PI,RN,0.13598761424938813
Pré,analitica_Tecnológico/antrópico,PI,RO,-0.2047108639859919
Pré,analitica_Tecnológico/antrópico,PI,RR,-0.12057808217218646
Pré,analitica_Tecnológico/antrópico,PI,RS,-0.034692890817990804
Pré,analitica_Tecnológico/antrópico,PI,SC,-0.2725970427540903
Pré,analitica_Tecnológico/antrópico,PI,SE,0.06710759404435038
Pré,analitica_Tecnológico/antrópico,PI,SP,-0.363060759966687
Pré,analitica_Tecnológico/antrópico,PI,TO,-0.0038792492732322562
Pré,analitica_Tecnológico/antrópico,PR,RJ,0.12759416392555317
Pré,analitica_Tecnológico/antrópico,PR,RN,-0.10071377279187207
Pré,analitica_Tecnológico/antrópico,PR,RO,0.2707769171213714
Pré,analitica_Tecnológico/antrópico,PR,RR,-0.45638676383240884
Pré,analitica_Tecnológico/antrópico,PR,RS,0.5500285763659899
Pré,analitica_Tecnológico/antrópico,PR,SC,0.6398360131795795
Pré,analitica_Tecnológico/antrópico,PR,SE,-0.02287381028064889
Pré,analitica_Tecnológico/antrópico,PR,SP,0.5567136670120418
Pré,analitica_Tecnológico/antrópico,PR,TO,0.10711201868682992
Pré,analitica_Tecnológico/antrópico,RJ,RN,-0.05606555784608233
Pré,analitica_Tecnológico/antrópico,RJ,RO,0.20849562670328173
Pré,analitica_Tecnológico/antrópico,RJ,RR,-0.37568520492806573
Pré,analitica_Tecnológico/antrópico,RJ,RS,-0.15014300715335674
Pré,analitica_Tecnológico/antrópico,RJ,SC,0.26577650422926524
Pré,analitica_Tecnológico/antrópico,RJ,SE,-0.1704677428231964
Pré,analitica_Tecnológico/antrópico,RJ,SP,0.3843714280622901
Pré,analitica_Tecnológico/antrópico,RJ,TO,-0.09474067007915242
Pré,analitica_Tecnológico/antrópico,RN,RO,-0.015112682145766453
Pré,analitica_Tecnológico/antrópico,RN,RR,-0.2581312065477538
Pré,analitica_Tecnológico/antrópico,RN,RS,-0.10591781101250071
Pré,analitica_Tecnológico/antrópico,RN,SC,-0.14352218242167275
Pré,analitica_Tecnológico/antrópico,RN,SE,0.16715568696577884
Pré,analitica_Tecnológico/antrópico,RN,SP,-0.08005744365065262
Pré,analitica_Tecnológico/antrópico,RN,TO,0.011983585970224966
Pré,analitica_Tecnológico/antrópico,RO,RR,-0.11216307291924302
Pré,analitica_Tecnológico/antrópico,RO,RS,0.2991468494991406
Pré,analitica_Tecnológico/antrópico,RO,SC,0.5334435126681414
Pré,analitica_Tecnológico/antrópico,RO,SE,-0.10420845343972215
Pré,analitica_Tecnológico/antrópico,RO,SP,0.5209834860267863
Pré,analitica_Tecnológico/antrópico,RO,TO,-0.05154972576755656
Pré,analitica_Tecnológico/antrópico,RR,RS,-0.15980646651029365
Pré,analitica_Tecnológico/antrópico,RR,SC,-0.3621055081840748
Pré,analitica_Tecnológico/antrópico,RR,SE,-0.12355580269926524
Pré,analitica_Tecnológico/antrópico,RR,SP,-0.32265730189585873
Pré,analitica_Tecnológico/antrópico,RR,TO,-0.17317443510124983
Pré,analitica_Tecnológico/antrópico,RS,SC,0.4758969926199553
Pré,analitica_Tecnológico/antrópico,RS,SE,-0.13025730708224645
Pré,analitica_Tecnológico/antrópico,RS,SP,0.32330195264919237
Pré,analitica_Tecnológico/antrópico,RS,TO,0.31080910989005456
Pré,analitica_Tecnológico/antrópico,SC,SE,-0.21253519556088865
Pré,analitica_Tecnológico/antrópico,SC,SP,0.7775201698569512
Pré,analitica_Tecnológico/antrópico,SC,TO,-0.073993081383268
Pré,analitica_Tecnológico/antrópico,SE,SP,-0.16744866162041724
Pré,analitica_Tecnológico/antrópico,SE,TO,-0.16675327787517288
Pré,analitica_Tecnológico/antrópico,SP,TO,-0.22472600626220618
