Período,Unidade,Exposição,Indicador,Transformação,Família,Modelo,p próprio,q exposição,q0 preferido,n efetivo,GL,Início amostra,Fim amostra,n comum,k,AIC,BIC
Total (2013–2024),Brasil,Total nacional,Protocolos,ΔI; Δlog(1+exposição),NACIONAL,ADL BIC + 11 dummies + I12,1,0,True,131,116,2014-02-01,2024-12-01,131,14,-305.8121983273171,-265.55943580250096
Total (2013–2024),Brasil,Total nacional,Protocolos,ΔI; Δlog(1+exposição),NACIONAL,ADL BIC + 11 dummies + I12,1,1,True,131,116,2014-02-01,2024-12-01,131,15,-304.642730269377,-261.51477042135974
Total (2013–2024),Brasil,Total nacional,Protocolos,ΔI; Δlog(1+exposição),NACIONAL,ADL BIC + 11 dummies + I12,1,2,True,131,116,2014-02-01,2024-12-01,131,16,-302.64763938710234,-256.64448221588395
Total (2013–2024),Brasil,Total nacional,Protocolos,ΔI; Δlog(1+exposição),NACIONAL,ADL BIC + 11 dummies + I12,1,3,True,131,116,2014-02-01,2024-12-01,131,17,-300.64981508659434,-251.77146059217478
Total (2013–2024),Brasil,Total nacional,Protocolos,ΔI; Δlog(1+exposição),NACIONAL,ADL BIC + 11 dummies + I12,2,0,True,131,116,2014-02-01,2024-12-01,131,15,-307.0242788257408,-263.8963189777235
Total (2013–2024),Brasil,Total nacional,Protocolos,ΔI; Δlog(1+exposição),NACIONAL,ADL BIC + 11 dummies + I12,2,1,True,131,116,2014-02-01,2024-12-01,131,16,-306.41468207805826,-260.4115249068399
Total (2013–2024),Brasil,Total nacional,Protocolos,ΔI; Δlog(1+exposição),NACIONAL,ADL BIC + 11 dummies + I12,2,2,True,131,116,2014-02-01,2024-12-01,131,17,-304.42428737111595,-255.54593287669638
Total (2013–2024),Brasil,Total nacional,Protocolos,ΔI; Δlog(1+exposição),NACIONAL,ADL BIC + 11 dummies + I12,2,3,True,131,116,2014-02-01,2024-12-01,131,18,-302.4252240582441,-250.6716722406234
Total (2013–2024),Brasil,Total nacional,Protocolos,ΔI; Δlog(1+exposição),NACIONAL,ADL BIC + 11 dummies + I12,3,0,True,131,116,2014-02-01,2024-12-01,131,16,-306.4819729251485,-260.4788157539301
Total (2013–2024),Brasil,Total nacional,Protocolos,ΔI; Δlog(1+exposição),NACIONAL,ADL BIC + 11 dummies + I12,3,1,True,131,116,2014-02-01,2024-12-01,131,17,-305.61449166406646,-256.7361371696469
Total (2013–2024),Brasil,Total nacional,Protocolos,ΔI; Δlog(1+exposição),NACIONAL,ADL BIC + 11 dummies + I12,3,2,True,131,116,2014-02-01,2024-12-01,131,18,-303.6660891354154,-251.9125373177947
Total (2013–2024),Brasil,Total nacional,Protocolos,ΔI; Δlog(1+exposição),NACIONAL,ADL BIC + 11 dummies + I12,3,3,True,131,116,2014-02-01,2024-12-01,131,19,-301.6662728192464,-247.03752367842452
Total (2013–2024),Brasil,Total nacional,Protocolos,ΔI; Δlog(1+exposição),NACIONAL,ADL BIC + 11 dummies + I12,4,0,True,131,116,2014-02-01,2024-12-01,131,17,-306.0955267533569,-257.21717225893735
Total (2013–2024),Brasil,Total nacional,Protocolos,ΔI; Δlog(1+exposição),NACIONAL,ADL BIC + 11 dummies + I12,4,1,True,131,116,2014-02-01,2024-12-01,131,18,-305.0952540633675,-253.3417022457468
Total (2013–2024),Brasil,Total nacional,Protocolos,ΔI; Δlog(1+exposição),NACIONAL,ADL BIC + 11 dummies + I12,4,2,True,131,116,2014-02-01,2024-12-01,131,19,-303.21958109381,-248.59083195298814
Total (2013–2024),Brasil,Total nacional,Protocolos,ΔI; Δlog(1+exposição),NACIONAL,ADL BIC + 11 dummies + I12,4,3,True,131,116,2014-02-01,2024-12-01,131,20,-301.24998145774816,-243.74603499372515
Total (2013–2024),Brasil,Total nacional,Protocolos,ΔI; Δlog(1+exposição),NACIONAL,ADL BIC + 11 dummies + I12,5,0,True,131,116,2014-02-01,2024-12-01,131,18,-304.6176294239874,-252.8640776063667
Total (2013–2024),Brasil,Total nacional,Protocolos,ΔI; Δlog(1+exposição),NACIONAL,ADL BIC + 11 dummies + I12,5,1,True,131,116,2014-02-01,2024-12-01,131,19,-303.5756360653936,-248.94688692457174
Total (2013–2024),Brasil,Total nacional,Protocolos,ΔI; Δlog(1+exposição),NACIONAL,ADL BIC + 11 dummies + I12,5,2,True,131,116,2014-02-01,2024-12-01,131,20,-301.68152171075644,-244.17757524673343
Total (2013–2024),Brasil,Total nacional,Protocolos,ΔI; Δlog(1+exposição),NACIONAL,ADL BIC + 11 dummies + I12,5,3,True,131,116,2014-02-01,2024-12-01,131,21,-299.6915217891237,-239.31237800189956
Total (2013–2024),Brasil,Total nacional,Protocolos,ΔI; Δlog(1+exposição),NACIONAL,ADL BIC + 11 dummies + I12,6,0,True,131,116,2014-02-01,2024-12-01,131,19,-305.14812659722713,-250.51937745640527
Total (2013–2024),Brasil,Total nacional,Protocolos,ΔI; Δlog(1+exposição),NACIONAL,ADL BIC + 11 dummies + I12,6,1,True,131,116,2014-02-01,2024-12-01,131,20,-303.93898422122174,-246.43503775719873
Total (2013–2024),Brasil,Total nacional,Protocolos,ΔI; Δlog(1+exposição),NACIONAL,ADL BIC + 11 dummies + I12,6,2,True,131,116,2014-02-01,2024-12-01,131,21,-302.032796063108,-241.65365227588381
Total (2013–2024),Brasil,Total nacional,Protocolos,ΔI; Δlog(1+exposição),NACIONAL,ADL BIC + 11 dummies + I12,6,3,True,131,116,2014-02-01,2024-12-01,131,22,-300.037745385682,-236.78340427525666
Total (2013–2024),Brasil,Total nacional,Protocolos,ΔI; Δlog(1+exposição),DETERMINISTICAS,ADL BIC + 11 dummies + I12 + janela pandemia,1,0,True,131,115,2014-02-01,2024-12-01,131,15,-307.36060153553126,-264.232641687514
Total (2013–2024),Brasil,Total nacional,Protocolos,ΔI; Δlog(1+exposição),DETERMINISTICAS,ADL BIC + 11 dummies + I12 + janela pandemia,1,1,True,131,115,2014-02-01,2024-12-01,131,16,-306.0517196406489,-260.0485624694305
Total (2013–2024),Brasil,Total nacional,Protocolos,ΔI; Δlog(1+exposição),DETERMINISTICAS,ADL BIC + 11 dummies + I12 + janela pandemia,1,2,True,131,115,2014-02-01,2024-12-01,131,17,-304.07900830731467,-255.2006538128951
Total (2013–2024),Brasil,Total nacional,Protocolos,ΔI; Δlog(1+exposição),DETERMINISTICAS,ADL BIC + 11 dummies + I12 + janela pandemia,1,3,True,131,115,2014-02-01,2024-12-01,131,18,-302.0999155812391,-250.34636376361837
Total (2013–2024),Brasil,Total nacional,Protocolos,ΔI; Δlog(1+exposição),DETERMINISTICAS,ADL BIC + 11 dummies + I12 + janela pandemia,2,0,True,131,115,2014-02-01,2024-12-01,131,16,-307.8206491485829,-261.8174919773645
Total (2013–2024),Brasil,Total nacional,Protocolos,ΔI; Δlog(1+exposição),DETERMINISTICAS,ADL BIC + 11 dummies + I12 + janela pandemia,2,1,True,131,115,2014-02-01,2024-12-01,131,17,-306.98243949016,-258.10408499574044
Total (2013–2024),Brasil,Total nacional,Protocolos,ΔI; Δlog(1+exposição),DETERMINISTICAS,ADL BIC + 11 dummies + I12 + janela pandemia,2,2,True,131,115,2014-02-01,2024-12-01,131,18,-305.01422007138945,-253.26066825376873
Total (2013–2024),Brasil,Total nacional,Protocolos,ΔI; Δlog(1+exposição),DETERMINISTICAS,ADL BIC + 11 dummies + I12 + janela pandemia,2,3,True,131,115,2014-02-01,2024-12-01,131,19,-303.01829063793923,-248.38954149711736
Total (2013–2024),Brasil,Total nacional,Protocolos,ΔI; Δlog(1+exposição),DETERMINISTICAS,ADL BIC + 11 dummies + I12 + janela pandemia,3,0,True,131,115,2014-02-01,2024-12-01,131,17,-306.9513531359471,-258.07299864152753
Total (2013–2024),Brasil,Total nacional,Protocolos,ΔI; Δlog(1+exposição),DETERMINISTICAS,ADL BIC + 11 dummies + I12 + janela pandemia,3,1,True,131,115,2014-02-01,2024-12-01,131,18,-305.9149788295058,-254.16142701188508
Total (2013–2024),Brasil,Total nacional,Protocolos,ΔI; Δlog(1+exposição),DETERMINISTICAS,ADL BIC + 11 dummies + I12 + janela pandemia,3,2,True,131,115,2014-02-01,2024-12-01,131,19,-303.99857230533644,-249.36982316451457
Total (2013–2024),Brasil,Total nacional,Protocolos,ΔI; Δlog(1+exposição),DETERMINISTICAS,ADL BIC + 11 dummies + I12 + janela pandemia,3,3,True,131,115,2014-02-01,2024-12-01,131,20,-302.0041250985528,-244.50017863452976
Total (2013–2024),Brasil,Total nacional,Protocolos,ΔI; Δlog(1+exposição),DETERMINISTICAS,ADL BIC + 11 dummies + I12 + janela pandemia,4,0,True,131,115,2014-02-01,2024-12-01,131,18,-306.92395752908124,-255.17040571146052
Total (2013–2024),Brasil,Total nacional,Protocolos,ΔI; Δlog(1+exposição),DETERMINISTICAS,ADL BIC + 11 dummies + I12 + janela pandemia,4,1,True,131,115,2014-02-01,2024-12-01,131,19,-305.7411232864174,-251.11237414559554
Total (2013–2024),Brasil,Total nacional,Protocolos,ΔI; Δlog(1+exposição),DETERMINISTICAS,ADL BIC + 11 dummies + I12 + janela pandemia,4,2,True,131,115,2014-02-01,2024-12-01,131,20,-303.9296507580365,-246.42570429401346
Total (2013–2024),Brasil,Total nacional,Protocolos,ΔI; Δlog(1+exposição),DETERMINISTICAS,ADL BIC + 11 dummies + I12 + janela pandemia,4,3,True,131,115,2014-02-01,2024-12-01,131,21,-301.9391946968409,-241.56005090961673
Total (2013–2024),Brasil,Total nacional,Protocolos,ΔI; Δlog(1+exposição),DETERMINISTICAS,ADL BIC + 11 dummies + I12 + janela pandemia,5,0,True,131,115,2014-02-01,2024-12-01,131,19,-305.6416063286539,-251.01285718783203
Total (2013–2024),Brasil,Total nacional,Protocolos,ΔI; Δlog(1+exposição),DETERMINISTICAS,ADL BIC + 11 dummies + I12 + janela pandemia,5,1,True,131,115,2014-02-01,2024-12-01,131,20,-304.40825236375383,-246.90430589973082
Total (2013–2024),Brasil,Total nacional,Protocolos,ΔI; Δlog(1+exposição),DETERMINISTICAS,ADL BIC + 11 dummies + I12 + janela pandemia,5,2,True,131,115,2014-02-01,2024-12-01,131,21,-302.57230563570704,-242.19316184848287
Total (2013–2024),Brasil,Total nacional,Protocolos,ΔI; Δlog(1+exposição),DETERMINISTICAS,ADL BIC + 11 dummies + I12 + janela pandemia,5,3,True,131,115,2014-02-01,2024-12-01,131,22,-300.57234468658805,-237.3180035761627
Total (2013–2024),Brasil,Total nacional,Protocolos,ΔI; Δlog(1+exposição),DETERMINISTICAS,ADL BIC + 11 dummies + I12 + janela pandemia,6,0,True,131,115,2014-02-01,2024-12-01,131,20,-306.3145421251842,-248.81059566116116
Total (2013–2024),Brasil,Total nacional,Protocolos,ΔI; Δlog(1+exposição),DETERMINISTICAS,ADL BIC + 11 dummies + I12 + janela pandemia,6,1,True,131,115,2014-02-01,2024-12-01,131,21,-304.9243455005544,-244.54520171333024
Total (2013–2024),Brasil,Total nacional,Protocolos,ΔI; Δlog(1+exposição),DETERMINISTICAS,ADL BIC + 11 dummies + I12 + janela pandemia,6,2,True,131,115,2014-02-01,2024-12-01,131,22,-303.0744737251564,-239.82013261473105
Total (2013–2024),Brasil,Total nacional,Protocolos,ΔI; Δlog(1+exposição),DETERMINISTICAS,ADL BIC + 11 dummies + I12 + janela pandemia,6,3,True,131,115,2014-02-01,2024-12-01,131,23,-301.0751956381124,-234.94565720448594
Total (2013–2024),Brasil,Grupo | Climatológico,Protocolos,ΔI; Δlog(1+exposição),NACIONAL,ADL BIC + 11 dummies + I12,1,0,True,131,116,2014-02-01,2024-12-01,131,14,-305.8121983273171,-265.55943580250096
Total (2013–2024),Brasil,Grupo | Climatológico,Protocolos,ΔI; Δlog(1+exposição),NACIONAL,ADL BIC + 11 dummies + I12,1,1,True,131,116,2014-02-01,2024-12-01,131,15,-303.97219411135393,-260.84423426333666
Total (2013–2024),Brasil,Grupo | Climatológico,Protocolos,ΔI; Δlog(1+exposição),NACIONAL,ADL BIC + 11 dummies + I12,1,2,True,131,116,2014-02-01,2024-12-01,131,16,-302.32364998250796,-256.32049281128957
Total (2013–2024),Brasil,Grupo | Climatológico,Protocolos,ΔI; Δlog(1+exposição),NACIONAL,ADL BIC + 11 dummies + I12,1,3,True,131,116,2014-02-01,2024-12-01,131,17,-300.3236616529622,-251.44530715854262
Total (2013–2024),Brasil,Grupo | Climatológico,Protocolos,ΔI; Δlog(1+exposição),NACIONAL,ADL BIC + 11 dummies + I12,2,0,True,131,116,2014-02-01,2024-12-01,131,15,-307.0242788257408,-263.8963189777235
Total (2013–2024),Brasil,Grupo | Climatológico,Protocolos,ΔI; Δlog(1+exposição),NACIONAL,ADL BIC + 11 dummies + I12,2,1,True,131,116,2014-02-01,2024-12-01,131,16,-305.7965405315616,-259.7933833603432
Total (2013–2024),Brasil,Grupo | Climatológico,Protocolos,ΔI; Δlog(1+exposição),NACIONAL,ADL BIC + 11 dummies + I12,2,2,True,131,116,2014-02-01,2024-12-01,131,17,-304.16720947197257,-255.288854977553
Total (2013–2024),Brasil,Grupo | Climatológico,Protocolos,ΔI; Δlog(1+exposição),NACIONAL,ADL BIC + 11 dummies + I12,2,3,True,131,116,2014-02-01,2024-12-01,131,18,-302.1977010893197,-250.444149271699
Total (2013–2024),Brasil,Grupo | Climatológico,Protocolos,ΔI; Δlog(1+exposição),NACIONAL,ADL BIC + 11 dummies + I12,3,0,True,131,116,2014-02-01,2024-12-01,131,16,-306.4819729251485,-260.4788157539301
Total (2013–2024),Brasil,Grupo | Climatológico,Protocolos,ΔI; Δlog(1+exposição),NACIONAL,ADL BIC + 11 dummies + I12,3,1,True,131,116,2014-02-01,2024-12-01,131,17,-305.0376697541227,-256.15931525970313
Total (2013–2024),Brasil,Grupo | Climatológico,Protocolos,ΔI; Δlog(1+exposição),NACIONAL,ADL BIC + 11 dummies + I12,3,2,True,131,116,2014-02-01,2024-12-01,131,18,-303.1751775768761,-251.42162575925536
Total (2013–2024),Brasil,Grupo | Climatológico,Protocolos,ΔI; Δlog(1+exposição),NACIONAL,ADL BIC + 11 dummies + I12,3,3,True,131,116,2014-02-01,2024-12-01,131,19,-301.2047194530336,-246.57597031221172
Total (2013–2024),Brasil,Grupo | Climatológico,Protocolos,ΔI; Δlog(1+exposição),NACIONAL,ADL BIC + 11 dummies + I12,4,0,True,131,116,2014-02-01,2024-12-01,131,17,-306.0955267533569,-257.21717225893735
Total (2013–2024),Brasil,Grupo | Climatológico,Protocolos,ΔI; Δlog(1+exposição),NACIONAL,ADL BIC + 11 dummies + I12,4,1,True,131,116,2014-02-01,2024-12-01,131,18,-304.46227647522255,-252.70872465760183
Total (2013–2024),Brasil,Grupo | Climatológico,Protocolos,ΔI; Δlog(1+exposição),NACIONAL,ADL BIC + 11 dummies + I12,4,2,True,131,116,2014-02-01,2024-12-01,131,19,-302.525987756773,-247.89723861595115
Total (2013–2024),Brasil,Grupo | Climatológico,Protocolos,ΔI; Δlog(1+exposição),NACIONAL,ADL BIC + 11 dummies + I12,4,3,True,131,116,2014-02-01,2024-12-01,131,20,-300.73963802129117,-243.23569155726815
Total (2013–2024),Brasil,Grupo | Climatológico,Protocolos,ΔI; Δlog(1+exposição),NACIONAL,ADL BIC + 11 dummies + I12,5,0,True,131,116,2014-02-01,2024-12-01,131,18,-304.6176294239874,-252.8640776063667
Total (2013–2024),Brasil,Grupo | Climatológico,Protocolos,ΔI; Δlog(1+exposição),NACIONAL,ADL BIC + 11 dummies + I12,5,1,True,131,116,2014-02-01,2024-12-01,131,19,-302.9687404223911,-248.3399912815692
Total (2013–2024),Brasil,Grupo | Climatológico,Protocolos,ΔI; Δlog(1+exposição),NACIONAL,ADL BIC + 11 dummies + I12,5,2,True,131,116,2014-02-01,2024-12-01,131,20,-301.0820814791791,-243.5781350151561
Total (2013–2024),Brasil,Grupo | Climatológico,Protocolos,ΔI; Δlog(1+exposição),NACIONAL,ADL BIC + 11 dummies + I12,5,3,True,131,116,2014-02-01,2024-12-01,131,21,-299.24260594328996,-238.8634621560658
Total (2013–2024),Brasil,Grupo | Climatológico,Protocolos,ΔI; Δlog(1+exposição),NACIONAL,ADL BIC + 11 dummies + I12,6,0,True,131,116,2014-02-01,2024-12-01,131,19,-305.14812659722713,-250.51937745640527
Total (2013–2024),Brasil,Grupo | Climatológico,Protocolos,ΔI; Δlog(1+exposição),NACIONAL,ADL BIC + 11 dummies + I12,6,1,True,131,116,2014-02-01,2024-12-01,131,20,-303.2413541838647,-245.73740771984168
Total (2013–2024),Brasil,Grupo | Climatológico,Protocolos,ΔI; Δlog(1+exposição),NACIONAL,ADL BIC + 11 dummies + I12,6,2,True,131,116,2014-02-01,2024-12-01,131,21,-301.47200821402055,-241.09286442679638
Total (2013–2024),Brasil,Grupo | Climatológico,Protocolos,ΔI; Δlog(1+exposição),NACIONAL,ADL BIC + 11 dummies + I12,6,3,True,131,116,2014-02-01,2024-12-01,131,22,-299.57813767143057,-236.32379656100522
Total (2013–2024),Brasil,Grupo | Climatológico,Protocolos,ΔI; Δlog(1+exposição),DETERMINISTICAS,ADL BIC + 11 dummies + I12 + janela pandemia,1,0,True,131,115,2014-02-01,2024-12-01,131,15,-307.36060153553126,-264.232641687514
Total (2013–2024),Brasil,Grupo | Climatológico,Protocolos,ΔI; Δlog(1+exposição),DETERMINISTICAS,ADL BIC + 11 dummies + I12 + janela pandemia,1,1,True,131,115,2014-02-01,2024-12-01,131,16,-305.49360207711493,-259.49044490589654
Total (2013–2024),Brasil,Grupo | Climatológico,Protocolos,ΔI; Δlog(1+exposição),DETERMINISTICAS,ADL BIC + 11 dummies + I12 + janela pandemia,1,2,True,131,115,2014-02-01,2024-12-01,131,17,-303.76034887925846,-254.8819943848389
Total (2013–2024),Brasil,Grupo | Climatológico,Protocolos,ΔI; Δlog(1+exposição),DETERMINISTICAS,ADL BIC + 11 dummies + I12 + janela pandemia,1,3,True,131,115,2014-02-01,2024-12-01,131,18,-301.77410472003805,-250.02055290241734
Total (2013–2024),Brasil,Grupo | Climatológico,Protocolos,ΔI; Δlog(1+exposição),DETERMINISTICAS,ADL BIC + 11 dummies + I12 + janela pandemia,2,0,True,131,115,2014-02-01,2024-12-01,131,16,-307.8206491485829,-261.8174919773645
Total (2013–2024),Brasil,Grupo | Climatológico,Protocolos,ΔI; Δlog(1+exposição),DETERMINISTICAS,ADL BIC + 11 dummies + I12 + janela pandemia,2,1,True,131,115,2014-02-01,2024-12-01,131,17,-306.4484994620276,-257.57014496760803
Total (2013–2024),Brasil,Grupo | Climatológico,Protocolos,ΔI; Δlog(1+exposição),DETERMINISTICAS,ADL BIC + 11 dummies + I12 + janela pandemia,2,2,True,131,115,2014-02-01,2024-12-01,131,18,-304.7404518476328,-252.9869000300121
Total (2013–2024),Brasil,Grupo | Climatológico,Protocolos,ΔI; Δlog(1+exposição),DETERMINISTICAS,ADL BIC + 11 dummies + I12 + janela pandemia,2,3,True,131,115,2014-02-01,2024-12-01,131,19,-302.74296409218994,-248.11421495136807
Total (2013–2024),Brasil,Grupo | Climatológico,Protocolos,ΔI; Δlog(1+exposição),DETERMINISTICAS,ADL BIC + 11 dummies + I12 + janela pandemia,3,0,True,131,115,2014-02-01,2024-12-01,131,17,-306.9513531359471,-258.07299864152753
Total (2013–2024),Brasil,Grupo | Climatológico,Protocolos,ΔI; Δlog(1+exposição),DETERMINISTICAS,ADL BIC + 11 dummies + I12 + janela pandemia,3,1,True,131,115,2014-02-01,2024-12-01,131,18,-305.4125502091117,-253.658998391491
Total (2013–2024),Brasil,Grupo | Climatológico,Protocolos,ΔI; Δlog(1+exposição),DETERMINISTICAS,ADL BIC + 11 dummies + I12 + janela pandemia,3,2,True,131,115,2014-02-01,2024-12-01,131,19,-303.52348097777246,-248.8947318369506
Total (2013–2024),Brasil,Grupo | Climatológico,Protocolos,ΔI; Δlog(1+exposição),DETERMINISTICAS,ADL BIC + 11 dummies + I12 + janela pandemia,3,3,True,131,115,2014-02-01,2024-12-01,131,20,-301.52628359590835,-244.02233713188534
Total (2013–2024),Brasil,Grupo | Climatológico,Protocolos,ΔI; Δlog(1+exposição),DETERMINISTICAS,ADL BIC + 11 dummies + I12 + janela pandemia,4,0,True,131,115,2014-02-01,2024-12-01,131,18,-306.92395752908124,-255.17040571146052
Total (2013–2024),Brasil,Grupo | Climatológico,Protocolos,ΔI; Δlog(1+exposição),DETERMINISTICAS,ADL BIC + 11 dummies + I12 + janela pandemia,4,1,True,131,115,2014-02-01,2024-12-01,131,19,-305.1924437001088,-250.56369455928694
Total (2013–2024),Brasil,Grupo | Climatológico,Protocolos,ΔI; Δlog(1+exposição),DETERMINISTICAS,ADL BIC + 11 dummies + I12 + janela pandemia,4,2,True,131,115,2014-02-01,2024-12-01,131,20,-303.23121242480545,-245.72726596078243
Total (2013–2024),Brasil,Grupo | Climatológico,Protocolos,ΔI; Δlog(1+exposição),DETERMINISTICAS,ADL BIC + 11 dummies + I12 + janela pandemia,4,3,True,131,115,2014-02-01,2024-12-01,131,21,-301.36626811199073,-240.98712432476657
Total (2013–2024),Brasil,Grupo | Climatológico,Protocolos,ΔI; Δlog(1+exposição),DETERMINISTICAS,ADL BIC + 11 dummies + I12 + janela pandemia,5,0,True,131,115,2014-02-01,2024-12-01,131,19,-305.6416063286539,-251.01285718783203
Total (2013–2024),Brasil,Grupo | Climatológico,Protocolos,ΔI; Δlog(1+exposição),DETERMINISTICAS,ADL BIC + 11 dummies + I12 + janela pandemia,5,1,True,131,115,2014-02-01,2024-12-01,131,20,-303.891177277975,-246.38723081395196
Total (2013–2024),Brasil,Grupo | Climatológico,Protocolos,ΔI; Δlog(1+exposição),DETERMINISTICAS,ADL BIC + 11 dummies + I12 + janela pandemia,5,2,True,131,115,2014-02-01,2024-12-01,131,21,-301.97722993939544,-241.59808615217128
Total (2013–2024),Brasil,Grupo | Climatológico,Protocolos,ΔI; Δlog(1+exposição),DETERMINISTICAS,ADL BIC + 11 dummies + I12 + janela pandemia,5,3,True,131,115,2014-02-01,2024-12-01,131,22,-300.06240595135125,-236.8080648409259
Total (2013–2024),Brasil,Grupo | Climatológico,Protocolos,ΔI; Δlog(1+exposição),DETERMINISTICAS,ADL BIC + 11 dummies + I12 + janela pandemia,6,0,True,131,115,2014-02-01,2024-12-01,131,20,-306.3145421251842,-248.81059566116116
Total (2013–2024),Brasil,Grupo | Climatológico,Protocolos,ΔI; Δlog(1+exposição),DETERMINISTICAS,ADL BIC + 11 dummies + I12 + janela pandemia,6,1,True,131,115,2014-02-01,2024-12-01,131,21,-304.35446257194076,-243.9753187847166
Total (2013–2024),Brasil,Grupo | Climatológico,Protocolos,ΔI; Δlog(1+exposição),DETERMINISTICAS,ADL BIC + 11 dummies + I12 + janela pandemia,6,2,True,131,115,2014-02-01,2024-12-01,131,22,-302.5492273693552,-239.29488625892986
Total (2013–2024),Brasil,Grupo | Climatológico,Protocolos,ΔI; Δlog(1+exposição),DETERMINISTICAS,ADL BIC + 11 dummies + I12 + janela pandemia,6,3,True,131,115,2014-02-01,2024-12-01,131,23,-300.5935004153149,-234.46396198168844
Total (2013–2024),Brasil,Grupo | Hidrológico,Protocolos,ΔI; Δlog(1+exposição),NACIONAL,ADL BIC + 11 dummies + I12,1,0,True,131,116,2014-02-01,2024-12-01,131,14,-305.8121983273171,-265.55943580250096
Total (2013–2024),Brasil,Grupo | Hidrológico,Protocolos,ΔI; Δlog(1+exposição),NACIONAL,ADL BIC + 11 dummies + I12,1,1,True,131,116,2014-02-01,2024-12-01,131,15,-303.9102125416654,-260.7822526936481
Total (2013–2024),Brasil,Grupo | Hidrológico,Protocolos,ΔI; Δlog(1+exposição),NACIONAL,ADL BIC + 11 dummies + I12,1,2,True,131,116,2014-02-01,2024-12-01,131,16,-303.55325015511573,-257.55009298389734
Total (2013–2024),Brasil,Grupo | Hidrológico,Protocolos,ΔI; Δlog(1+exposição),NACIONAL,ADL BIC + 11 dummies + I12,1,3,True,131,116,2014-02-01,2024-12-01,131,17,-301.76411741153265,-252.88576291711308
Total (2013–2024),Brasil,Grupo | Hidrológico,Protocolos,ΔI; Δlog(1+exposição),NACIONAL,ADL BIC + 11 dummies + I12,2,0,True,131,116,2014-02-01,2024-12-01,131,15,-307.0242788257408,-263.8963189777235
Total (2013–2024),Brasil,Grupo | Hidrológico,Protocolos,ΔI; Δlog(1+exposição),NACIONAL,ADL BIC + 11 dummies + I12,2,1,True,131,116,2014-02-01,2024-12-01,131,16,-305.11023166631276,-259.10707449509437
Total (2013–2024),Brasil,Grupo | Hidrológico,Protocolos,ΔI; Δlog(1+exposição),NACIONAL,ADL BIC + 11 dummies + I12,2,2,True,131,116,2014-02-01,2024-12-01,131,17,-304.764166680627,-255.88581218620743
Total (2013–2024),Brasil,Grupo | Hidrológico,Protocolos,ΔI; Δlog(1+exposição),NACIONAL,ADL BIC + 11 dummies + I12,2,3,True,131,116,2014-02-01,2024-12-01,131,18,-303.0855134205534,-251.3319616029327
Total (2013–2024),Brasil,Grupo | Hidrológico,Protocolos,ΔI; Δlog(1+exposição),NACIONAL,ADL BIC + 11 dummies + I12,3,0,True,131,116,2014-02-01,2024-12-01,131,16,-306.4819729251485,-260.4788157539301
Total (2013–2024),Brasil,Grupo | Hidrológico,Protocolos,ΔI; Δlog(1+exposição),NACIONAL,ADL BIC + 11 dummies + I12,3,1,True,131,116,2014-02-01,2024-12-01,131,17,-304.5767947818605,-255.69844028744092
Total (2013–2024),Brasil,Grupo | Hidrológico,Protocolos,ΔI; Δlog(1+exposição),NACIONAL,ADL BIC + 11 dummies + I12,3,2,True,131,116,2014-02-01,2024-12-01,131,18,-304.22176187165746,-252.46821005403675
Total (2013–2024),Brasil,Grupo | Hidrológico,Protocolos,ΔI; Δlog(1+exposição),NACIONAL,ADL BIC + 11 dummies + I12,3,3,True,131,116,2014-02-01,2024-12-01,131,19,-302.5801823301721,-247.9514331893502
Total (2013–2024),Brasil,Grupo | Hidrológico,Protocolos,ΔI; Δlog(1+exposição),NACIONAL,ADL BIC + 11 dummies + I12,4,0,True,131,116,2014-02-01,2024-12-01,131,17,-306.0955267533569,-257.21717225893735
Total (2013–2024),Brasil,Grupo | Hidrológico,Protocolos,ΔI; Δlog(1+exposição),NACIONAL,ADL BIC + 11 dummies + I12,4,1,True,131,116,2014-02-01,2024-12-01,131,18,-304.1683880285316,-252.41483621091086
Total (2013–2024),Brasil,Grupo | Hidrológico,Protocolos,ΔI; Δlog(1+exposição),NACIONAL,ADL BIC + 11 dummies + I12,4,2,True,131,116,2014-02-01,2024-12-01,131,19,-303.7755312561685,-249.14678211534664
Total (2013–2024),Brasil,Grupo | Hidrológico,Protocolos,ΔI; Δlog(1+exposição),NACIONAL,ADL BIC + 11 dummies + I12,4,3,True,131,116,2014-02-01,2024-12-01,131,20,-302.1179312236858,-244.61398475966277
Total (2013–2024),Brasil,Grupo | Hidrológico,Protocolos,ΔI; Δlog(1+exposição),NACIONAL,ADL BIC + 11 dummies + I12,5,0,True,131,116,2014-02-01,2024-12-01,131,18,-304.6176294239874,-252.8640776063667
Total (2013–2024),Brasil,Grupo | Hidrológico,Protocolos,ΔI; Δlog(1+exposição),NACIONAL,ADL BIC + 11 dummies + I12,5,1,True,131,116,2014-02-01,2024-12-01,131,19,-302.7254490483442,-248.09669990752235
Total (2013–2024),Brasil,Grupo | Hidrológico,Protocolos,ΔI; Δlog(1+exposição),NACIONAL,ADL BIC + 11 dummies + I12,5,2,True,131,116,2014-02-01,2024-12-01,131,20,-302.34981240813624,-244.84586594411323
Total (2013–2024),Brasil,Grupo | Hidrológico,Protocolos,ΔI; Δlog(1+exposição),NACIONAL,ADL BIC + 11 dummies + I12,5,3,True,131,116,2014-02-01,2024-12-01,131,21,-300.71750090309354,-240.33835711586937
Total (2013–2024),Brasil,Grupo | Hidrológico,Protocolos,ΔI; Δlog(1+exposição),NACIONAL,ADL BIC + 11 dummies + I12,6,0,True,131,116,2014-02-01,2024-12-01,131,19,-305.14812659722713,-250.51937745640527
Total (2013–2024),Brasil,Grupo | Hidrológico,Protocolos,ΔI; Δlog(1+exposição),NACIONAL,ADL BIC + 11 dummies + I12,6,1,True,131,116,2014-02-01,2024-12-01,131,20,-303.3905452020483,-245.8865987380253
Total (2013–2024),Brasil,Grupo | Hidrológico,Protocolos,ΔI; Δlog(1+exposição),NACIONAL,ADL BIC + 11 dummies + I12,6,2,True,131,116,2014-02-01,2024-12-01,131,21,-302.83550342650256,-242.4563596392784
Total (2013–2024),Brasil,Grupo | Hidrológico,Protocolos,ΔI; Δlog(1+exposição),NACIONAL,ADL BIC + 11 dummies + I12,6,3,True,131,116,2014-02-01,2024-12-01,131,22,-301.24750900798574,-237.9931678975604
Total (2013–2024),Brasil,Grupo | Hidrológico,Protocolos,ΔI; Δlog(1+exposição),DETERMINISTICAS,ADL BIC + 11 dummies + I12 + janela pandemia,1,0,True,131,115,2014-02-01,2024-12-01,131,15,-307.36060153553126,-264.232641687514
Total (2013–2024),Brasil,Grupo | Hidrológico,Protocolos,ΔI; Δlog(1+exposição),DETERMINISTICAS,ADL BIC + 11 dummies + I12 + janela pandemia,1,1,True,131,115,2014-02-01,2024-12-01,131,16,-305.4136462882418,-259.4104891170234
Total (2013–2024),Brasil,Grupo | Hidrológico,Protocolos,ΔI; Δlog(1+exposição),DETERMINISTICAS,ADL BIC + 11 dummies + I12 + janela pandemia,1,2,True,131,115,2014-02-01,2024-12-01,131,17,-305.16255799858357,-256.284203504164
Total (2013–2024),Brasil,Grupo | Hidrológico,Protocolos,ΔI; Δlog(1+exposição),DETERMINISTICAS,ADL BIC + 11 dummies + I12 + janela pandemia,1,3,True,131,115,2014-02-01,2024-12-01,131,18,-303.3992227865464,-251.64567096892566
Total (2013–2024),Brasil,Grupo | Hidrológico,Protocolos,ΔI; Δlog(1+exposição),DETERMINISTICAS,ADL BIC + 11 dummies + I12 + janela pandemia,2,0,True,131,115,2014-02-01,2024-12-01,131,16,-307.8206491485829,-261.8174919773645
Total (2013–2024),Brasil,Grupo | Hidrológico,Protocolos,ΔI; Δlog(1+exposição),DETERMINISTICAS,ADL BIC + 11 dummies + I12 + janela pandemia,2,1,True,131,115,2014-02-01,2024-12-01,131,17,-305.86971345155666,-256.9913589571371
Total (2013–2024),Brasil,Grupo | Hidrológico,Protocolos,ΔI; Δlog(1+exposição),DETERMINISTICAS,ADL BIC + 11 dummies + I12 + janela pandemia,2,2,True,131,115,2014-02-01,2024-12-01,131,18,-305.6176696364653,-253.86411781884456
Total (2013–2024),Brasil,Grupo | Hidrológico,Protocolos,ΔI; Δlog(1+exposição),DETERMINISTICAS,ADL BIC + 11 dummies + I12 + janela pandemia,2,3,True,131,115,2014-02-01,2024-12-01,131,19,-303.9525814694882,-249.32383232866636
Total (2013–2024),Brasil,Grupo | Hidrológico,Protocolos,ΔI; Δlog(1+exposição),DETERMINISTICAS,ADL BIC + 11 dummies + I12 + janela pandemia,3,0,True,131,115,2014-02-01,2024-12-01,131,17,-306.9513531359471,-258.07299864152753
Total (2013–2024),Brasil,Grupo | Hidrológico,Protocolos,ΔI; Δlog(1+exposição),DETERMINISTICAS,ADL BIC + 11 dummies + I12 + janela pandemia,3,1,True,131,115,2014-02-01,2024-12-01,131,18,-305.00830941790616,-253.25475760028544
Total (2013–2024),Brasil,Grupo | Hidrológico,Protocolos,ΔI; Δlog(1+exposição),DETERMINISTICAS,ADL BIC + 11 dummies + I12 + janela pandemia,3,2,True,131,115,2014-02-01,2024-12-01,131,19,-304.74286691313716,-250.1141177723153
Total (2013–2024),Brasil,Grupo | Hidrológico,Protocolos,ΔI; Δlog(1+exposição),DETERMINISTICAS,ADL BIC + 11 dummies + I12 + janela pandemia,3,3,True,131,115,2014-02-01,2024-12-01,131,20,-303.1102911978537,-245.6063447338307
Total (2013–2024),Brasil,Grupo | Hidrológico,Protocolos,ΔI; Δlog(1+exposição),DETERMINISTICAS,ADL BIC + 11 dummies + I12 + janela pandemia,4,0,True,131,115,2014-02-01,2024-12-01,131,18,-306.92395752908124,-255.17040571146052
Total (2013–2024),Brasil,Grupo | Hidrológico,Protocolos,ΔI; Δlog(1+exposição),DETERMINISTICAS,ADL BIC + 11 dummies + I12 + janela pandemia,4,1,True,131,115,2014-02-01,2024-12-01,131,19,-304.96055443185,-250.33180529102816
Total (2013–2024),Brasil,Grupo | Hidrológico,Protocolos,ΔI; Δlog(1+exposição),DETERMINISTICAS,ADL BIC + 11 dummies + I12 + janela pandemia,4,2,True,131,115,2014-02-01,2024-12-01,131,20,-304.65882085819567,-247.15487439417265
Total (2013–2024),Brasil,Grupo | Hidrológico,Protocolos,ΔI; Δlog(1+exposição),DETERMINISTICAS,ADL BIC + 11 dummies + I12 + janela pandemia,4,3,True,131,115,2014-02-01,2024-12-01,131,21,-303.0088816509789,-242.6297378637547
Total (2013–2024),Brasil,Grupo | Hidrológico,Protocolos,ΔI; Δlog(1+exposição),DETERMINISTICAS,ADL BIC + 11 dummies + I12 + janela pandemia,5,0,True,131,115,2014-02-01,2024-12-01,131,19,-305.6416063286539,-251.01285718783203
Total (2013–2024),Brasil,Grupo | Hidrológico,Protocolos,ΔI; Δlog(1+exposição),DETERMINISTICAS,ADL BIC + 11 dummies + I12 + janela pandemia,5,1,True,131,115,2014-02-01,2024-12-01,131,20,-303.7075017844826,-246.20355532045957
Total (2013–2024),Brasil,Grupo | Hidrológico,Protocolos,ΔI; Δlog(1+exposição),DETERMINISTICAS,ADL BIC + 11 dummies + I12 + janela pandemia,5,2,True,131,115,2014-02-01,2024-12-01,131,21,-303.42977973559584,-243.05063594837168
Total (2013–2024),Brasil,Grupo | Hidrológico,Protocolos,ΔI; Δlog(1+exposição),DETERMINISTICAS,ADL BIC + 11 dummies + I12 + janela pandemia,5,3,True,131,115,2014-02-01,2024-12-01,131,22,-301.80989690284764,-238.5555557924223
Total (2013–2024),Brasil,Grupo | Hidrológico,Protocolos,ΔI; Δlog(1+exposição),DETERMINISTICAS,ADL BIC + 11 dummies + I12 + janela pandemia,6,0,True,131,115,2014-02-01,2024-12-01,131,20,-306.3145421251842,-248.81059566116116
Total (2013–2024),Brasil,Grupo | Hidrológico,Protocolos,ΔI; Δlog(1+exposição),DETERMINISTICAS,ADL BIC + 11 dummies + I12 + janela pandemia,6,1,True,131,115,2014-02-01,2024-12-01,131,21,-304.4937507773651,-244.11460699014094
Total (2013–2024),Brasil,Grupo | Hidrológico,Protocolos,ΔI; Δlog(1+exposição),DETERMINISTICAS,ADL BIC + 11 dummies + I12 + janela pandemia,6,2,True,131,115,2014-02-01,2024-12-01,131,22,-304.02924881972297,-240.77490770929762
Total (2013–2024),Brasil,Grupo | Hidrológico,Protocolos,ΔI; Δlog(1+exposição),DETERMINISTICAS,ADL BIC + 11 dummies + I12 + janela pandemia,6,3,True,131,115,2014-02-01,2024-12-01,131,23,-302.4558092833113,-236.32627084968482
Total (2013–2024),Brasil,Grupo | Meteorológico,Protocolos,ΔI; Δlog(1+exposição),NACIONAL,ADL BIC + 11 dummies + I12,1,0,True,131,116,2014-02-01,2024-12-01,131,14,-305.8121983273171,-265.55943580250096
Total (2013–2024),Brasil,Grupo | Meteorológico,Protocolos,ΔI; Δlog(1+exposição),NACIONAL,ADL BIC + 11 dummies + I12,1,1,True,131,116,2014-02-01,2024-12-01,131,15,-303.8563920271082,-260.72843217909093
Total (2013–2024),Brasil,Grupo | Meteorológico,Protocolos,ΔI; Δlog(1+exposição),NACIONAL,ADL BIC + 11 dummies + I12,1,2,True,131,116,2014-02-01,2024-12-01,131,16,-304.8424373659765,-258.8392801947581
Total (2013–2024),Brasil,Grupo | Meteorológico,Protocolos,ΔI; Δlog(1+exposição),NACIONAL,ADL BIC + 11 dummies + I12,1,3,True,131,116,2014-02-01,2024-12-01,131,17,-302.8467749485982,-253.9684204541786
Total (2013–2024),Brasil,Grupo | Meteorológico,Protocolos,ΔI; Δlog(1+exposição),NACIONAL,ADL BIC + 11 dummies + I12,2,0,True,131,116,2014-02-01,2024-12-01,131,15,-307.0242788257408,-263.8963189777235
Total (2013–2024),Brasil,Grupo | Meteorológico,Protocolos,ΔI; Δlog(1+exposição),NACIONAL,ADL BIC + 11 dummies + I12,2,1,True,131,116,2014-02-01,2024-12-01,131,16,-305.0476119984295,-259.0444548272111
Total (2013–2024),Brasil,Grupo | Meteorológico,Protocolos,ΔI; Δlog(1+exposição),NACIONAL,ADL BIC + 11 dummies + I12,2,2,True,131,116,2014-02-01,2024-12-01,131,17,-306.2291799663036,-257.35082547188404
Total (2013–2024),Brasil,Grupo | Meteorológico,Protocolos,ΔI; Δlog(1+exposição),NACIONAL,ADL BIC + 11 dummies + I12,2,3,True,131,116,2014-02-01,2024-12-01,131,18,-304.2383844805247,-252.48483266290398
Total (2013–2024),Brasil,Grupo | Meteorológico,Protocolos,ΔI; Δlog(1+exposição),NACIONAL,ADL BIC + 11 dummies + I12,3,0,True,131,116,2014-02-01,2024-12-01,131,16,-306.4819729251485,-260.4788157539301
Total (2013–2024),Brasil,Grupo | Meteorológico,Protocolos,ΔI; Δlog(1+exposição),NACIONAL,ADL BIC + 11 dummies + I12,3,1,True,131,116,2014-02-01,2024-12-01,131,17,-304.58162107309795,-255.70326657867838
Total (2013–2024),Brasil,Grupo | Meteorológico,Protocolos,ΔI; Δlog(1+exposição),NACIONAL,ADL BIC + 11 dummies + I12,3,2,True,131,116,2014-02-01,2024-12-01,131,18,-305.65449537440577,-253.90094355678505
Total (2013–2024),Brasil,Grupo | Meteorológico,Protocolos,ΔI; Δlog(1+exposição),NACIONAL,ADL BIC + 11 dummies + I12,3,3,True,131,116,2014-02-01,2024-12-01,131,19,-303.66455972648566,-249.0358105856638
Total (2013–2024),Brasil,Grupo | Meteorológico,Protocolos,ΔI; Δlog(1+exposição),NACIONAL,ADL BIC + 11 dummies + I12,4,0,True,131,116,2014-02-01,2024-12-01,131,17,-306.0955267533569,-257.21717225893735
Total (2013–2024),Brasil,Grupo | Meteorológico,Protocolos,ΔI; Δlog(1+exposição),NACIONAL,ADL BIC + 11 dummies + I12,4,1,True,131,116,2014-02-01,2024-12-01,131,18,-304.6430673145553,-252.8895154969346
Total (2013–2024),Brasil,Grupo | Meteorológico,Protocolos,ΔI; Δlog(1+exposição),NACIONAL,ADL BIC + 11 dummies + I12,4,2,True,131,116,2014-02-01,2024-12-01,131,19,-305.5892028100161,-250.96045366919424
Total (2013–2024),Brasil,Grupo | Meteorológico,Protocolos,ΔI; Δlog(1+exposição),NACIONAL,ADL BIC + 11 dummies + I12,4,3,True,131,116,2014-02-01,2024-12-01,131,20,-303.5892486943278,-246.0853022303048
Total (2013–2024),Brasil,Grupo | Meteorológico,Protocolos,ΔI; Δlog(1+exposição),NACIONAL,ADL BIC + 11 dummies + I12,5,0,True,131,116,2014-02-01,2024-12-01,131,18,-304.6176294239874,-252.8640776063667
Total (2013–2024),Brasil,Grupo | Meteorológico,Protocolos,ΔI; Δlog(1+exposição),NACIONAL,ADL BIC + 11 dummies + I12,5,1,True,131,116,2014-02-01,2024-12-01,131,19,-303.0661946930028,-248.43744555218092
Total (2013–2024),Brasil,Grupo | Meteorológico,Protocolos,ΔI; Δlog(1+exposição),NACIONAL,ADL BIC + 11 dummies + I12,5,2,True,131,116,2014-02-01,2024-12-01,131,20,-303.6073449896818,-246.10339852565878
Total (2013–2024),Brasil,Grupo | Meteorológico,Protocolos,ΔI; Δlog(1+exposição),NACIONAL,ADL BIC + 11 dummies + I12,5,3,True,131,116,2014-02-01,2024-12-01,131,21,-301.60734499391424,-241.22820120669007
Total (2013–2024),Brasil,Grupo | Meteorológico,Protocolos,ΔI; Δlog(1+exposição),NACIONAL,ADL BIC + 11 dummies + I12,6,0,True,131,116,2014-02-01,2024-12-01,131,19,-305.14812659722713,-250.51937745640527
Total (2013–2024),Brasil,Grupo | Meteorológico,Protocolos,ΔI; Δlog(1+exposição),NACIONAL,ADL BIC + 11 dummies + I12,6,1,True,131,116,2014-02-01,2024-12-01,131,20,-303.900116437904,-246.39616997388097
Total (2013–2024),Brasil,Grupo | Meteorológico,Protocolos,ΔI; Δlog(1+exposição),NACIONAL,ADL BIC + 11 dummies + I12,6,2,True,131,116,2014-02-01,2024-12-01,131,21,-303.7840969012748,-243.4049531140506
Total (2013–2024),Brasil,Grupo | Meteorológico,Protocolos,ΔI; Δlog(1+exposição),NACIONAL,ADL BIC + 11 dummies + I12,6,3,True,131,116,2014-02-01,2024-12-01,131,22,-301.9634975222498,-238.70915641182444
Total (2013–2024),Brasil,Grupo | Meteorológico,Protocolos,ΔI; Δlog(1+exposição),DETERMINISTICAS,ADL BIC + 11 dummies + I12 + janela pandemia,1,0,True,131,115,2014-02-01,2024-12-01,131,15,-307.36060153553126,-264.232641687514
Total (2013–2024),Brasil,Grupo | Meteorológico,Protocolos,ΔI; Δlog(1+exposição),DETERMINISTICAS,ADL BIC + 11 dummies + I12 + janela pandemia,1,1,True,131,115,2014-02-01,2024-12-01,131,16,-305.37977875907586,-259.37662158785747
Total (2013–2024),Brasil,Grupo | Meteorológico,Protocolos,ΔI; Δlog(1+exposição),DETERMINISTICAS,ADL BIC + 11 dummies + I12 + janela pandemia,1,2,True,131,115,2014-02-01,2024-12-01,131,17,-306.27179359307115,-257.3934390986516
Total (2013–2024),Brasil,Grupo | Meteorológico,Protocolos,ΔI; Δlog(1+exposição),DETERMINISTICAS,ADL BIC + 11 dummies + I12 + janela pandemia,1,3,True,131,115,2014-02-01,2024-12-01,131,18,-304.27949397395207,-252.52594215633135
Total (2013–2024),Brasil,Grupo | Meteorológico,Protocolos,ΔI; Δlog(1+exposição),DETERMINISTICAS,ADL BIC + 11 dummies + I12 + janela pandemia,2,0,True,131,115,2014-02-01,2024-12-01,131,16,-307.8206491485829,-261.8174919773645
Total (2013–2024),Brasil,Grupo | Meteorológico,Protocolos,ΔI; Δlog(1+exposição),DETERMINISTICAS,ADL BIC + 11 dummies + I12 + janela pandemia,2,1,True,131,115,2014-02-01,2024-12-01,131,17,-305.8297307809247,-256.95137628650514
Total (2013–2024),Brasil,Grupo | Meteorológico,Protocolos,ΔI; Δlog(1+exposição),DETERMINISTICAS,ADL BIC + 11 dummies + I12 + janela pandemia,2,2,True,131,115,2014-02-01,2024-12-01,131,18,-306.90291311605654,-255.14936129843582
Total (2013–2024),Brasil,Grupo | Meteorológico,Protocolos,ΔI; Δlog(1+exposição),DETERMINISTICAS,ADL BIC + 11 dummies + I12 + janela pandemia,2,3,True,131,115,2014-02-01,2024-12-01,131,19,-304.90631309819196,-250.2775639573701
Total (2013–2024),Brasil,Grupo | Meteorológico,Protocolos,ΔI; Δlog(1+exposição),DETERMINISTICAS,ADL BIC + 11 dummies + I12 + janela pandemia,3,0,True,131,115,2014-02-01,2024-12-01,131,17,-306.9513531359471,-258.07299864152753
Total (2013–2024),Brasil,Grupo | Meteorológico,Protocolos,ΔI; Δlog(1+exposição),DETERMINISTICAS,ADL BIC + 11 dummies + I12 + janela pandemia,3,1,True,131,115,2014-02-01,2024-12-01,131,18,-305.0101579084318,-253.25660609081106
Total (2013–2024),Brasil,Grupo | Meteorológico,Protocolos,ΔI; Δlog(1+exposição),DETERMINISTICAS,ADL BIC + 11 dummies + I12 + janela pandemia,3,2,True,131,115,2014-02-01,2024-12-01,131,19,-305.9959132772791,-251.36716413645723
Total (2013–2024),Brasil,Grupo | Meteorológico,Protocolos,ΔI; Δlog(1+exposição),DETERMINISTICAS,ADL BIC + 11 dummies + I12 + janela pandemia,3,3,True,131,115,2014-02-01,2024-12-01,131,20,-304.000064516625,-246.496118052602
Total (2013–2024),Brasil,Grupo | Meteorológico,Protocolos,ΔI; Δlog(1+exposição),DETERMINISTICAS,ADL BIC + 11 dummies + I12 + janela pandemia,4,0,True,131,115,2014-02-01,2024-12-01,131,18,-306.92395752908124,-255.17040571146052
Total (2013–2024),Brasil,Grupo | Meteorológico,Protocolos,ΔI; Δlog(1+exposição),DETERMINISTICAS,ADL BIC + 11 dummies + I12 + janela pandemia,4,1,True,131,115,2014-02-01,2024-12-01,131,19,-305.416818629976,-250.7880694891541
Total (2013–2024),Brasil,Grupo | Meteorológico,Protocolos,ΔI; Δlog(1+exposição),DETERMINISTICAS,ADL BIC + 11 dummies + I12 + janela pandemia,4,2,True,131,115,2014-02-01,2024-12-01,131,20,-306.26175347454046,-248.75780701051744
Total (2013–2024),Brasil,Grupo | Meteorológico,Protocolos,ΔI; Δlog(1+exposição),DETERMINISTICAS,ADL BIC + 11 dummies + I12 + janela pandemia,4,3,True,131,115,2014-02-01,2024-12-01,131,21,-304.2633347124979,-243.88419092527374
Total (2013–2024),Brasil,Grupo | Meteorológico,Protocolos,ΔI; Δlog(1+exposição),DETERMINISTICAS,ADL BIC + 11 dummies + I12 + janela pandemia,5,0,True,131,115,2014-02-01,2024-12-01,131,19,-305.6416063286539,-251.01285718783203
Total (2013–2024),Brasil,Grupo | Meteorológico,Protocolos,ΔI; Δlog(1+exposição),DETERMINISTICAS,ADL BIC + 11 dummies + I12 + janela pandemia,5,1,True,131,115,2014-02-01,2024-12-01,131,20,-304.0227157507293,-246.51876928670626
Total (2013–2024),Brasil,Grupo | Meteorológico,Protocolos,ΔI; Δlog(1+exposição),DETERMINISTICAS,ADL BIC + 11 dummies + I12 + janela pandemia,5,2,True,131,115,2014-02-01,2024-12-01,131,21,-304.337202813443,-243.95805902621885
Total (2013–2024),Brasil,Grupo | Meteorológico,Protocolos,ΔI; Δlog(1+exposição),DETERMINISTICAS,ADL BIC + 11 dummies + I12 + janela pandemia,5,3,True,131,115,2014-02-01,2024-12-01,131,22,-302.34017444080416,-239.08583333037882
Total (2013–2024),Brasil,Grupo | Meteorológico,Protocolos,ΔI; Δlog(1+exposição),DETERMINISTICAS,ADL BIC + 11 dummies + I12 + janela pandemia,6,0,True,131,115,2014-02-01,2024-12-01,131,20,-306.3145421251842,-248.81059566116116
Total (2013–2024),Brasil,Grupo | Meteorológico,Protocolos,ΔI; Δlog(1+exposição),DETERMINISTICAS,ADL BIC + 11 dummies + I12 + janela pandemia,6,1,True,131,115,2014-02-01,2024-12-01,131,21,-304.9847377291611,-244.60559394193695
Total (2013–2024),Brasil,Grupo | Meteorológico,Protocolos,ΔI; Δlog(1+exposição),DETERMINISTICAS,ADL BIC + 11 dummies + I12 + janela pandemia,6,2,True,131,115,2014-02-01,2024-12-01,131,22,-304.6546433475362,-241.40030223711085
Total (2013–2024),Brasil,Grupo | Meteorológico,Protocolos,ΔI; Δlog(1+exposição),DETERMINISTICAS,ADL BIC + 11 dummies + I12 + janela pandemia,6,3,True,131,115,2014-02-01,2024-12-01,131,23,-302.7984918670322,-236.66895343340576
Total (2013–2024),Brasil,Grupo | Outros,Protocolos,ΔI; Δlog(1+exposição),NACIONAL,ADL BIC + 11 dummies + I12,1,0,True,131,116,2014-02-01,2024-12-01,131,14,-305.8121983273171,-265.55943580250096
Total (2013–2024),Brasil,Grupo | Outros,Protocolos,ΔI; Δlog(1+exposição),NACIONAL,ADL BIC + 11 dummies + I12,1,1,True,131,116,2014-02-01,2024-12-01,131,15,-304.913007970738,-261.78504812272075
Total (2013–2024),Brasil,Grupo | Outros,Protocolos,ΔI; Δlog(1+exposição),NACIONAL,ADL BIC + 11 dummies + I12,1,2,True,131,116,2014-02-01,2024-12-01,131,16,-303.0119245074593,-257.0087673362409
Total (2013–2024),Brasil,Grupo | Outros,Protocolos,ΔI; Δlog(1+exposição),NACIONAL,ADL BIC + 11 dummies + I12,1,3,True,131,116,2014-02-01,2024-12-01,131,17,-301.05066577890227,-252.1723112844827
Total (2013–2024),Brasil,Grupo | Outros,Protocolos,ΔI; Δlog(1+exposição),NACIONAL,ADL BIC + 11 dummies + I12,2,0,True,131,116,2014-02-01,2024-12-01,131,15,-307.0242788257408,-263.8963189777235
Total (2013–2024),Brasil,Grupo | Outros,Protocolos,ΔI; Δlog(1+exposição),NACIONAL,ADL BIC + 11 dummies + I12,2,1,True,131,116,2014-02-01,2024-12-01,131,16,-305.6164440850449,-259.6132869138265
Total (2013–2024),Brasil,Grupo | Outros,Protocolos,ΔI; Δlog(1+exposição),NACIONAL,ADL BIC + 11 dummies + I12,2,2,True,131,116,2014-02-01,2024-12-01,131,17,-303.66327812292525,-254.78492362850568
Total (2013–2024),Brasil,Grupo | Outros,Protocolos,ΔI; Δlog(1+exposição),NACIONAL,ADL BIC + 11 dummies + I12,2,3,True,131,116,2014-02-01,2024-12-01,131,18,-301.7055170040675,-249.95196518644676
Total (2013–2024),Brasil,Grupo | Outros,Protocolos,ΔI; Δlog(1+exposição),NACIONAL,ADL BIC + 11 dummies + I12,3,0,True,131,116,2014-02-01,2024-12-01,131,16,-306.4819729251485,-260.4788157539301
Total (2013–2024),Brasil,Grupo | Outros,Protocolos,ΔI; Δlog(1+exposição),NACIONAL,ADL BIC + 11 dummies + I12,3,1,True,131,116,2014-02-01,2024-12-01,131,17,-305.1462476013767,-256.2678931069571
Total (2013–2024),Brasil,Grupo | Outros,Protocolos,ΔI; Δlog(1+exposição),NACIONAL,ADL BIC + 11 dummies + I12,3,2,True,131,116,2014-02-01,2024-12-01,131,18,-303.3218955251988,-251.56834370757807
Total (2013–2024),Brasil,Grupo | Outros,Protocolos,ΔI; Δlog(1+exposição),NACIONAL,ADL BIC + 11 dummies + I12,3,3,True,131,116,2014-02-01,2024-12-01,131,19,-301.3998116254636,-246.77106248464173
Total (2013–2024),Brasil,Grupo | Outros,Protocolos,ΔI; Δlog(1+exposição),NACIONAL,ADL BIC + 11 dummies + I12,4,0,True,131,116,2014-02-01,2024-12-01,131,17,-306.0955267533569,-257.21717225893735
Total (2013–2024),Brasil,Grupo | Outros,Protocolos,ΔI; Δlog(1+exposição),NACIONAL,ADL BIC + 11 dummies + I12,4,1,True,131,116,2014-02-01,2024-12-01,131,18,-305.1271105957202,-253.37355877809946
Total (2013–2024),Brasil,Grupo | Outros,Protocolos,ΔI; Δlog(1+exposição),NACIONAL,ADL BIC + 11 dummies + I12,4,2,True,131,116,2014-02-01,2024-12-01,131,19,-303.26036803587294,-248.63161889505108
Total (2013–2024),Brasil,Grupo | Outros,Protocolos,ΔI; Δlog(1+exposição),NACIONAL,ADL BIC + 11 dummies + I12,4,3,True,131,116,2014-02-01,2024-12-01,131,20,-301.5641624034828,-244.06021593945977
Total (2013–2024),Brasil,Grupo | Outros,Protocolos,ΔI; Δlog(1+exposição),NACIONAL,ADL BIC + 11 dummies + I12,5,0,True,131,116,2014-02-01,2024-12-01,131,18,-304.6176294239874,-252.8640776063667
Total (2013–2024),Brasil,Grupo | Outros,Protocolos,ΔI; Δlog(1+exposição),NACIONAL,ADL BIC + 11 dummies + I12,5,1,True,131,116,2014-02-01,2024-12-01,131,19,-303.53071956228064,-248.90197042145877
Total (2013–2024),Brasil,Grupo | Outros,Protocolos,ΔI; Δlog(1+exposição),NACIONAL,ADL BIC + 11 dummies + I12,5,2,True,131,116,2014-02-01,2024-12-01,131,20,-301.60665852174145,-244.10271205771843
Total (2013–2024),Brasil,Grupo | Outros,Protocolos,ΔI; Δlog(1+exposição),NACIONAL,ADL BIC + 11 dummies + I12,5,3,True,131,116,2014-02-01,2024-12-01,131,21,-299.9377785717237,-239.55863478449953
Total (2013–2024),Brasil,Grupo | Outros,Protocolos,ΔI; Δlog(1+exposição),NACIONAL,ADL BIC + 11 dummies + I12,6,0,True,131,116,2014-02-01,2024-12-01,131,19,-305.14812659722713,-250.51937745640527
Total (2013–2024),Brasil,Grupo | Outros,Protocolos,ΔI; Δlog(1+exposição),NACIONAL,ADL BIC + 11 dummies + I12,6,1,True,131,116,2014-02-01,2024-12-01,131,20,-305.0258200114695,-247.52187354744646
Total (2013–2024),Brasil,Grupo | Outros,Protocolos,ΔI; Δlog(1+exposição),NACIONAL,ADL BIC + 11 dummies + I12,6,2,True,131,116,2014-02-01,2024-12-01,131,21,-303.0312197372215,-242.6520759499973
Total (2013–2024),Brasil,Grupo | Outros,Protocolos,ΔI; Δlog(1+exposição),NACIONAL,ADL BIC + 11 dummies + I12,6,3,True,131,116,2014-02-01,2024-12-01,131,22,-301.1968783703868,-237.94253725996145
Total (2013–2024),Brasil,Grupo | Outros,Protocolos,ΔI; Δlog(1+exposição),DETERMINISTICAS,ADL BIC + 11 dummies + I12 + janela pandemia,1,0,True,131,115,2014-02-01,2024-12-01,131,15,-307.36060153553126,-264.232641687514
Total (2013–2024),Brasil,Grupo | Outros,Protocolos,ΔI; Δlog(1+exposição),DETERMINISTICAS,ADL BIC + 11 dummies + I12 + janela pandemia,1,1,True,131,115,2014-02-01,2024-12-01,131,16,-306.2736517737362,-260.27049460251783
Total (2013–2024),Brasil,Grupo | Outros,Protocolos,ΔI; Δlog(1+exposição),DETERMINISTICAS,ADL BIC + 11 dummies + I12 + janela pandemia,1,2,True,131,115,2014-02-01,2024-12-01,131,17,-304.34387128201945,-255.46551678759988
Total (2013–2024),Brasil,Grupo | Outros,Protocolos,ΔI; Δlog(1+exposição),DETERMINISTICAS,ADL BIC + 11 dummies + I12 + janela pandemia,1,3,True,131,115,2014-02-01,2024-12-01,131,18,-302.36061999509366,-250.60706817747294
Total (2013–2024),Brasil,Grupo | Outros,Protocolos,ΔI; Δlog(1+exposição),DETERMINISTICAS,ADL BIC + 11 dummies + I12 + janela pandemia,2,0,True,131,115,2014-02-01,2024-12-01,131,16,-307.8206491485829,-261.8174919773645
Total (2013–2024),Brasil,Grupo | Outros,Protocolos,ΔI; Δlog(1+exposição),DETERMINISTICAS,ADL BIC + 11 dummies + I12 + janela pandemia,2,1,True,131,115,2014-02-01,2024-12-01,131,17,-306.33696342495114,-257.45860893053157
Total (2013–2024),Brasil,Grupo | Outros,Protocolos,ΔI; Δlog(1+exposição),DETERMINISTICAS,ADL BIC + 11 dummies + I12 + janela pandemia,2,2,True,131,115,2014-02-01,2024-12-01,131,18,-304.3705556495096,-252.61700383188887
Total (2013–2024),Brasil,Grupo | Outros,Protocolos,ΔI; Δlog(1+exposição),DETERMINISTICAS,ADL BIC + 11 dummies + I12 + janela pandemia,2,3,True,131,115,2014-02-01,2024-12-01,131,19,-302.3910991287229,-247.76234998790102
Total (2013–2024),Brasil,Grupo | Outros,Protocolos,ΔI; Δlog(1+exposição),DETERMINISTICAS,ADL BIC + 11 dummies + I12 + janela pandemia,3,0,True,131,115,2014-02-01,2024-12-01,131,17,-306.9513531359471,-258.07299864152753
Total (2013–2024),Brasil,Grupo | Outros,Protocolos,ΔI; Δlog(1+exposição),DETERMINISTICAS,ADL BIC + 11 dummies + I12 + janela pandemia,3,1,True,131,115,2014-02-01,2024-12-01,131,18,-305.53178391300673,-253.77823209538602
Total (2013–2024),Brasil,Grupo | Outros,Protocolos,ΔI; Δlog(1+exposição),DETERMINISTICAS,ADL BIC + 11 dummies + I12 + janela pandemia,3,2,True,131,115,2014-02-01,2024-12-01,131,19,-303.66518124718266,-249.0364321063608
Total (2013–2024),Brasil,Grupo | Outros,Protocolos,ΔI; Δlog(1+exposição),DETERMINISTICAS,ADL BIC + 11 dummies + I12 + janela pandemia,3,3,True,131,115,2014-02-01,2024-12-01,131,20,-301.7104603884677,-244.2065139244447
Total (2013–2024),Brasil,Grupo | Outros,Protocolos,ΔI; Δlog(1+exposição),DETERMINISTICAS,ADL BIC + 11 dummies + I12 + janela pandemia,4,0,True,131,115,2014-02-01,2024-12-01,131,18,-306.92395752908124,-255.17040571146052
Total (2013–2024),Brasil,Grupo | Outros,Protocolos,ΔI; Δlog(1+exposição),DETERMINISTICAS,ADL BIC + 11 dummies + I12 + janela pandemia,4,1,True,131,115,2014-02-01,2024-12-01,131,19,-305.881834819373,-251.25308567855114
Total (2013–2024),Brasil,Grupo | Outros,Protocolos,ΔI; Δlog(1+exposição),DETERMINISTICAS,ADL BIC + 11 dummies + I12 + janela pandemia,4,2,True,131,115,2014-02-01,2024-12-01,131,20,-303.9729867054489,-246.46904024142586
Total (2013–2024),Brasil,Grupo | Outros,Protocolos,ΔI; Δlog(1+exposição),DETERMINISTICAS,ADL BIC + 11 dummies + I12 + janela pandemia,4,3,True,131,115,2014-02-01,2024-12-01,131,21,-302.2265391944371,-241.84739540721296
Total (2013–2024),Brasil,Grupo | Outros,Protocolos,ΔI; Δlog(1+exposição),DETERMINISTICAS,ADL BIC + 11 dummies + I12 + janela pandemia,5,0,True,131,115,2014-02-01,2024-12-01,131,19,-305.6416063286539,-251.01285718783203
Total (2013–2024),Brasil,Grupo | Outros,Protocolos,ΔI; Δlog(1+exposição),DETERMINISTICAS,ADL BIC + 11 dummies + I12 + janela pandemia,5,1,True,131,115,2014-02-01,2024-12-01,131,20,-304.46242308262435,-246.95847661860134
Total (2013–2024),Brasil,Grupo | Outros,Protocolos,ΔI; Δlog(1+exposição),DETERMINISTICAS,ADL BIC + 11 dummies + I12 + janela pandemia,5,2,True,131,115,2014-02-01,2024-12-01,131,21,-302.49876342455775,-242.11961963733359
Total (2013–2024),Brasil,Grupo | Outros,Protocolos,ΔI; Δlog(1+exposição),DETERMINISTICAS,ADL BIC + 11 dummies + I12 + janela pandemia,5,3,True,131,115,2014-02-01,2024-12-01,131,22,-300.7813973341216,-237.52705622369626
Total (2013–2024),Brasil,Grupo | Outros,Protocolos,ΔI; Δlog(1+exposição),DETERMINISTICAS,ADL BIC + 11 dummies + I12 + janela pandemia,6,0,True,131,115,2014-02-01,2024-12-01,131,20,-306.3145421251842,-248.81059566116116
Total (2013–2024),Brasil,Grupo | Outros,Protocolos,ΔI; Δlog(1+exposição),DETERMINISTICAS,ADL BIC + 11 dummies + I12 + janela pandemia,6,1,True,131,115,2014-02-01,2024-12-01,131,21,-306.08099655427407,-245.7018527670499
Total (2013–2024),Brasil,Grupo | Outros,Protocolos,ΔI; Δlog(1+exposição),DETERMINISTICAS,ADL BIC + 11 dummies + I12 + janela pandemia,6,2,True,131,115,2014-02-01,2024-12-01,131,22,-304.10938698115615,-240.8550458707308
Total (2013–2024),Brasil,Grupo | Outros,Protocolos,ΔI; Δlog(1+exposição),DETERMINISTICAS,ADL BIC + 11 dummies + I12 + janela pandemia,6,3,True,131,115,2014-02-01,2024-12-01,131,23,-302.23683379145666,-236.1072953578302
Total (2013–2024),Brasil,Tipologia | Alagamentos,Protocolos,ΔI; Δlog(1+exposição),NACIONAL,ADL BIC + 11 dummies + I12,1,0,True,131,115,2014-02-01,2024-12-01,131,14,-305.8121983273171,-265.55943580250096
Total (2013–2024),Brasil,Tipologia | Alagamentos,Protocolos,ΔI; Δlog(1+exposição),NACIONAL,ADL BIC + 11 dummies + I12,1,1,True,131,115,2014-02-01,2024-12-01,131,15,-304.38972551665734,-261.26176566864007
Total (2013–2024),Brasil,Tipologia | Alagamentos,Protocolos,ΔI; Δlog(1+exposição),NACIONAL,ADL BIC + 11 dummies + I12,1,2,True,131,115,2014-02-01,2024-12-01,131,16,-307.3442525565,-261.3410953852816
Total (2013–2024),Brasil,Tipologia | Alagamentos,Protocolos,ΔI; Δlog(1+exposição),NACIONAL,ADL BIC + 11 dummies + I12,1,3,True,131,115,2014-02-01,2024-12-01,131,17,-305.74707630961507,-256.8687218151955
Total (2013–2024),Brasil,Tipologia | Alagamentos,Protocolos,ΔI; Δlog(1+exposição),NACIONAL,ADL BIC + 11 dummies + I12,2,0,True,131,115,2014-02-01,2024-12-01,131,15,-307.0242788257408,-263.8963189777235
Total (2013–2024),Brasil,Tipologia | Alagamentos,Protocolos,ΔI; Δlog(1+exposição),NACIONAL,ADL BIC + 11 dummies + I12,2,1,True,131,115,2014-02-01,2024-12-01,131,16,-305.39958227136765,-259.39642510014926
Total (2013–2024),Brasil,Tipologia | Alagamentos,Protocolos,ΔI; Δlog(1+exposição),NACIONAL,ADL BIC + 11 dummies + I12,2,2,True,131,115,2014-02-01,2024-12-01,131,17,-308.8026611472012,-259.92430665278164
Total (2013–2024),Brasil,Tipologia | Alagamentos,Protocolos,ΔI; Δlog(1+exposição),NACIONAL,ADL BIC + 11 dummies + I12,2,3,True,131,115,2014-02-01,2024-12-01,131,18,-307.44771491213976,-255.69416309451904
Total (2013–2024),Brasil,Tipologia | Alagamentos,Protocolos,ΔI; Δlog(1+exposição),NACIONAL,ADL BIC + 11 dummies + I12,3,0,True,131,115,2014-02-01,2024-12-01,131,16,-306.4819729251485,-260.4788157539301
Total (2013–2024),Brasil,Tipologia | Alagamentos,Protocolos,ΔI; Δlog(1+exposição),NACIONAL,ADL BIC + 11 dummies + I12,3,1,True,131,115,2014-02-01,2024-12-01,131,17,-305.0832922532783,-256.2049377588587
Total (2013–2024),Brasil,Tipologia | Alagamentos,Protocolos,ΔI; Δlog(1+exposição),NACIONAL,ADL BIC + 11 dummies + I12,3,2,True,131,115,2014-02-01,2024-12-01,131,18,-308.25405108449024,-256.5004992668695
Total (2013–2024),Brasil,Tipologia | Alagamentos,Protocolos,ΔI; Δlog(1+exposição),NACIONAL,ADL BIC + 11 dummies + I12,3,3,True,131,115,2014-02-01,2024-12-01,131,19,-307.1293287823273,-252.50057964150545
Total (2013–2024),Brasil,Tipologia | Alagamentos,Protocolos,ΔI; Δlog(1+exposição),NACIONAL,ADL BIC + 11 dummies + I12,4,0,True,131,115,2014-02-01,2024-12-01,131,17,-306.0955267533569,-257.21717225893735
Total (2013–2024),Brasil,Tipologia | Alagamentos,Protocolos,ΔI; Δlog(1+exposição),NACIONAL,ADL BIC + 11 dummies + I12,4,1,True,131,115,2014-02-01,2024-12-01,131,18,-304.49121841637,-252.73766659874926
Total (2013–2024),Brasil,Tipologia | Alagamentos,Protocolos,ΔI; Δlog(1+exposição),NACIONAL,ADL BIC + 11 dummies + I12,4,2,True,131,115,2014-02-01,2024-12-01,131,19,-306.95244107554845,-252.32369193472658
Total (2013–2024),Brasil,Tipologia | Alagamentos,Protocolos,ΔI; Δlog(1+exposição),NACIONAL,ADL BIC + 11 dummies + I12,4,3,True,131,115,2014-02-01,2024-12-01,131,20,-305.81819931820905,-248.31425285418604
Total (2013–2024),Brasil,Tipologia | Alagamentos,Protocolos,ΔI; Δlog(1+exposição),NACIONAL,ADL BIC + 11 dummies + I12,5,0,True,131,115,2014-02-01,2024-12-01,131,18,-304.6176294239874,-252.8640776063667
Total (2013–2024),Brasil,Tipologia | Alagamentos,Protocolos,ΔI; Δlog(1+exposição),NACIONAL,ADL BIC + 11 dummies + I12,5,1,True,131,115,2014-02-01,2024-12-01,131,19,-303.224426232205,-248.59567709138315
Total (2013–2024),Brasil,Tipologia | Alagamentos,Protocolos,ΔI; Δlog(1+exposição),NACIONAL,ADL BIC + 11 dummies + I12,5,2,True,131,115,2014-02-01,2024-12-01,131,20,-305.51162404602576,-248.00767758200274
Total (2013–2024),Brasil,Tipologia | Alagamentos,Protocolos,ΔI; Δlog(1+exposição),NACIONAL,ADL BIC + 11 dummies + I12,5,3,True,131,115,2014-02-01,2024-12-01,131,21,-304.242280966777,-243.86313717955284
Total (2013–2024),Brasil,Tipologia | Alagamentos,Protocolos,ΔI; Δlog(1+exposição),NACIONAL,ADL BIC + 11 dummies + I12,6,0,True,131,115,2014-02-01,2024-12-01,131,19,-305.14812659722713,-250.51937745640527
Total (2013–2024),Brasil,Tipologia | Alagamentos,Protocolos,ΔI; Δlog(1+exposição),NACIONAL,ADL BIC + 11 dummies + I12,6,1,True,131,115,2014-02-01,2024-12-01,131,20,-303.97126977622304,-246.46732331220002
Total (2013–2024),Brasil,Tipologia | Alagamentos,Protocolos,ΔI; Δlog(1+exposição),NACIONAL,ADL BIC + 11 dummies + I12,6,2,True,131,115,2014-02-01,2024-12-01,131,21,-305.3264572487841,-244.94731346155993
Total (2013–2024),Brasil,Tipologia | Alagamentos,Protocolos,ΔI; Δlog(1+exposição),NACIONAL,ADL BIC + 11 dummies + I12,6,3,True,131,115,2014-02-01,2024-12-01,131,22,-304.1674642296167,-240.91312311919137
Total (2013–2024),Brasil,Tipologia | Alagamentos,Protocolos,ΔI; Δlog(1+exposição),DETERMINISTICAS,ADL BIC + 11 dummies + I12 + janela pandemia,1,0,True,131,114,2014-02-01,2024-12-01,131,15,-307.36060153553126,-264.232641687514
Total (2013–2024),Brasil,Tipologia | Alagamentos,Protocolos,ΔI; Δlog(1+exposição),DETERMINISTICAS,ADL BIC + 11 dummies + I12 + janela pandemia,1,1,True,131,114,2014-02-01,2024-12-01,131,16,-305.8557329791904,-259.852575807972
Total (2013–2024),Brasil,Tipologia | Alagamentos,Protocolos,ΔI; Δlog(1+exposição),DETERMINISTICAS,ADL BIC + 11 dummies + I12 + janela pandemia,1,2,True,131,114,2014-02-01,2024-12-01,131,17,-308.98283006683164,-260.10447557241207
Total (2013–2024),Brasil,Tipologia | Alagamentos,Protocolos,ΔI; Δlog(1+exposição),DETERMINISTICAS,ADL BIC + 11 dummies + I12 + janela pandemia,1,3,True,131,114,2014-02-01,2024-12-01,131,18,-307.5777235739745,-255.82417175635376
Total (2013–2024),Brasil,Tipologia | Alagamentos,Protocolos,ΔI; Δlog(1+exposição),DETERMINISTICAS,ADL BIC + 11 dummies + I12 + janela pandemia,2,0,True,131,114,2014-02-01,2024-12-01,131,16,-307.8206491485829,-261.8174919773645
Total (2013–2024),Brasil,Tipologia | Alagamentos,Protocolos,ΔI; Δlog(1+exposição),DETERMINISTICAS,ADL BIC + 11 dummies + I12 + janela pandemia,2,1,True,131,114,2014-02-01,2024-12-01,131,17,-306.15664859171204,-257.2782940972925
Total (2013–2024),Brasil,Tipologia | Alagamentos,Protocolos,ΔI; Δlog(1+exposição),DETERMINISTICAS,ADL BIC + 11 dummies + I12 + janela pandemia,2,2,True,131,114,2014-02-01,2024-12-01,131,18,-309.6688003502893,-257.91524853266856
Total (2013–2024),Brasil,Tipologia | Alagamentos,Protocolos,ΔI; Δlog(1+exposição),DETERMINISTICAS,ADL BIC + 11 dummies + I12 + janela pandemia,2,3,True,131,114,2014-02-01,2024-12-01,131,19,-308.4918859364868,-253.86313679566496
Total (2013–2024),Brasil,Tipologia | Alagamentos,Protocolos,ΔI; Δlog(1+exposição),DETERMINISTICAS,ADL BIC + 11 dummies + I12 + janela pandemia,3,0,True,131,114,2014-02-01,2024-12-01,131,17,-306.9513531359471,-258.07299864152753
Total (2013–2024),Brasil,Tipologia | Alagamentos,Protocolos,ΔI; Δlog(1+exposição),DETERMINISTICAS,ADL BIC + 11 dummies + I12 + janela pandemia,3,1,True,131,114,2014-02-01,2024-12-01,131,18,-305.4786031721337,-253.725051354513
Total (2013–2024),Brasil,Tipologia | Alagamentos,Protocolos,ΔI; Δlog(1+exposição),DETERMINISTICAS,ADL BIC + 11 dummies + I12 + janela pandemia,3,2,True,131,114,2014-02-01,2024-12-01,131,19,-308.777023875546,-254.1482747347241
Total (2013–2024),Brasil,Tipologia | Alagamentos,Protocolos,ΔI; Δlog(1+exposição),DETERMINISTICAS,ADL BIC + 11 dummies + I12 + janela pandemia,3,3,True,131,114,2014-02-01,2024-12-01,131,20,-307.8140555663638,-250.31010910234076
Total (2013–2024),Brasil,Tipologia | Alagamentos,Protocolos,ΔI; Δlog(1+exposição),DETERMINISTICAS,ADL BIC + 11 dummies + I12 + janela pandemia,4,0,True,131,114,2014-02-01,2024-12-01,131,18,-306.92395752908124,-255.17040571146052
Total (2013–2024),Brasil,Tipologia | Alagamentos,Protocolos,ΔI; Δlog(1+exposição),DETERMINISTICAS,ADL BIC + 11 dummies + I12 + janela pandemia,4,1,True,131,114,2014-02-01,2024-12-01,131,19,-305.2366658838213,-250.6079167429994
Total (2013–2024),Brasil,Tipologia | Alagamentos,Protocolos,ΔI; Δlog(1+exposição),DETERMINISTICAS,ADL BIC + 11 dummies + I12 + janela pandemia,4,2,True,131,114,2014-02-01,2024-12-01,131,20,-307.7267976396953,-250.22285117567228
Total (2013–2024),Brasil,Tipologia | Alagamentos,Protocolos,ΔI; Δlog(1+exposição),DETERMINISTICAS,ADL BIC + 11 dummies + I12 + janela pandemia,4,3,True,131,114,2014-02-01,2024-12-01,131,21,-306.7604030836769,-246.38125929645275
Total (2013–2024),Brasil,Tipologia | Alagamentos,Protocolos,ΔI; Δlog(1+exposição),DETERMINISTICAS,ADL BIC + 11 dummies + I12 + janela pandemia,5,0,True,131,114,2014-02-01,2024-12-01,131,19,-305.6416063286539,-251.01285718783203
Total (2013–2024),Brasil,Tipologia | Alagamentos,Protocolos,ΔI; Δlog(1+exposição),DETERMINISTICAS,ADL BIC + 11 dummies + I12 + janela pandemia,5,1,True,131,114,2014-02-01,2024-12-01,131,20,-304.1735811148035,-246.66963465078047
Total (2013–2024),Brasil,Tipologia | Alagamentos,Protocolos,ΔI; Δlog(1+exposição),DETERMINISTICAS,ADL BIC + 11 dummies + I12 + janela pandemia,5,2,True,131,114,2014-02-01,2024-12-01,131,21,-306.4659436863849,-246.08679989916072
Total (2013–2024),Brasil,Tipologia | Alagamentos,Protocolos,ΔI; Δlog(1+exposição),DETERMINISTICAS,ADL BIC + 11 dummies + I12 + janela pandemia,5,3,True,131,114,2014-02-01,2024-12-01,131,22,-305.33394360489274,-242.0796024944674
Total (2013–2024),Brasil,Tipologia | Alagamentos,Protocolos,ΔI; Δlog(1+exposição),DETERMINISTICAS,ADL BIC + 11 dummies + I12 + janela pandemia,6,0,True,131,114,2014-02-01,2024-12-01,131,20,-306.3145421251842,-248.81059566116116
Total (2013–2024),Brasil,Tipologia | Alagamentos,Protocolos,ΔI; Δlog(1+exposição),DETERMINISTICAS,ADL BIC + 11 dummies + I12 + janela pandemia,6,1,True,131,114,2014-02-01,2024-12-01,131,21,-305.05409908100876,-244.6749552937846
Total (2013–2024),Brasil,Tipologia | Alagamentos,Protocolos,ΔI; Δlog(1+exposição),DETERMINISTICAS,ADL BIC + 11 dummies + I12 + janela pandemia,6,2,True,131,114,2014-02-01,2024-12-01,131,22,-306.3911220203652,-243.13678090993983
Total (2013–2024),Brasil,Tipologia | Alagamentos,Protocolos,ΔI; Δlog(1+exposição),DETERMINISTICAS,ADL BIC + 11 dummies + I12 + janela pandemia,6,3,True,131,114,2014-02-01,2024-12-01,131,23,-305.3861412519709,-239.25660281834445
Total (2013–2024),Brasil,Tipologia | Chuvas Intensas,Protocolos,ΔI; Δlog(1+exposição),NACIONAL,ADL BIC + 11 dummies + I12,1,0,True,131,116,2014-02-01,2024-12-01,131,14,-305.8121983273171,-265.55943580250096
Total (2013–2024),Brasil,Tipologia | Chuvas Intensas,Protocolos,ΔI; Δlog(1+exposição),NACIONAL,ADL BIC + 11 dummies + I12,1,1,True,131,116,2014-02-01,2024-12-01,131,15,-303.8131127678348,-260.68515291981754
Total (2013–2024),Brasil,Tipologia | Chuvas Intensas,Protocolos,ΔI; Δlog(1+exposição),NACIONAL,ADL BIC + 11 dummies + I12,1,2,True,131,116,2014-02-01,2024-12-01,131,16,-305.74731537105015,-259.74415819983176
Total (2013–2024),Brasil,Tipologia | Chuvas Intensas,Protocolos,ΔI; Δlog(1+exposição),NACIONAL,ADL BIC + 11 dummies + I12,1,3,True,131,116,2014-02-01,2024-12-01,131,17,-304.03649598529466,-255.1581414908751
Total (2013–2024),Brasil,Tipologia | Chuvas Intensas,Protocolos,ΔI; Δlog(1+exposição),NACIONAL,ADL BIC + 11 dummies + I12,2,0,True,131,116,2014-02-01,2024-12-01,131,15,-307.0242788257408,-263.8963189777235
Total (2013–2024),Brasil,Tipologia | Chuvas Intensas,Protocolos,ΔI; Δlog(1+exposição),NACIONAL,ADL BIC + 11 dummies + I12,2,1,True,131,116,2014-02-01,2024-12-01,131,16,-305.02635602812643,-259.02319885690804
Total (2013–2024),Brasil,Tipologia | Chuvas Intensas,Protocolos,ΔI; Δlog(1+exposição),NACIONAL,ADL BIC + 11 dummies + I12,2,2,True,131,116,2014-02-01,2024-12-01,131,17,-306.8979838866013,-258.01962939218174
Total (2013–2024),Brasil,Tipologia | Chuvas Intensas,Protocolos,ΔI; Δlog(1+exposição),NACIONAL,ADL BIC + 11 dummies + I12,2,3,True,131,116,2014-02-01,2024-12-01,131,18,-305.4605622118178,-253.70701039419706
Total (2013–2024),Brasil,Tipologia | Chuvas Intensas,Protocolos,ΔI; Δlog(1+exposição),NACIONAL,ADL BIC + 11 dummies + I12,3,0,True,131,116,2014-02-01,2024-12-01,131,16,-306.4819729251485,-260.4788157539301
Total (2013–2024),Brasil,Tipologia | Chuvas Intensas,Protocolos,ΔI; Δlog(1+exposição),NACIONAL,ADL BIC + 11 dummies + I12,3,1,True,131,116,2014-02-01,2024-12-01,131,17,-304.4821716620627,-255.60381716764311
Total (2013–2024),Brasil,Tipologia | Chuvas Intensas,Protocolos,ΔI; Δlog(1+exposição),NACIONAL,ADL BIC + 11 dummies + I12,3,2,True,131,116,2014-02-01,2024-12-01,131,18,-306.41764168714735,-254.66408986952663
Total (2013–2024),Brasil,Tipologia | Chuvas Intensas,Protocolos,ΔI; Δlog(1+exposição),NACIONAL,ADL BIC + 11 dummies + I12,3,3,True,131,116,2014-02-01,2024-12-01,131,19,-305.0526007230503,-250.42385158222845
Total (2013–2024),Brasil,Tipologia | Chuvas Intensas,Protocolos,ΔI; Δlog(1+exposição),NACIONAL,ADL BIC + 11 dummies + I12,4,0,True,131,116,2014-02-01,2024-12-01,131,17,-306.0955267533569,-257.21717225893735
Total (2013–2024),Brasil,Tipologia | Chuvas Intensas,Protocolos,ΔI; Δlog(1+exposição),NACIONAL,ADL BIC + 11 dummies + I12,4,1,True,131,116,2014-02-01,2024-12-01,131,18,-304.09552993550824,-252.34197811788752
Total (2013–2024),Brasil,Tipologia | Chuvas Intensas,Protocolos,ΔI; Δlog(1+exposição),NACIONAL,ADL BIC + 11 dummies + I12,4,2,True,131,116,2014-02-01,2024-12-01,131,19,-305.8291010911822,-251.20035195036036
Total (2013–2024),Brasil,Tipologia | Chuvas Intensas,Protocolos,ΔI; Δlog(1+exposição),NACIONAL,ADL BIC + 11 dummies + I12,4,3,True,131,116,2014-02-01,2024-12-01,131,20,-304.4073007038086,-246.90335423978556
Total (2013–2024),Brasil,Tipologia | Chuvas Intensas,Protocolos,ΔI; Δlog(1+exposição),NACIONAL,ADL BIC + 11 dummies + I12,5,0,True,131,116,2014-02-01,2024-12-01,131,18,-304.6176294239874,-252.8640776063667
Total (2013–2024),Brasil,Tipologia | Chuvas Intensas,Protocolos,ΔI; Δlog(1+exposição),NACIONAL,ADL BIC + 11 dummies + I12,5,1,True,131,116,2014-02-01,2024-12-01,131,19,-302.62116016150856,-247.9924110206867
Total (2013–2024),Brasil,Tipologia | Chuvas Intensas,Protocolos,ΔI; Δlog(1+exposição),NACIONAL,ADL BIC + 11 dummies + I12,5,2,True,131,116,2014-02-01,2024-12-01,131,20,-304.4519814415611,-246.94803497753807
Total (2013–2024),Brasil,Tipologia | Chuvas Intensas,Protocolos,ΔI; Δlog(1+exposição),NACIONAL,ADL BIC + 11 dummies + I12,5,3,True,131,116,2014-02-01,2024-12-01,131,21,-303.03575906784,-242.65661528061582
Total (2013–2024),Brasil,Tipologia | Chuvas Intensas,Protocolos,ΔI; Δlog(1+exposição),NACIONAL,ADL BIC + 11 dummies + I12,6,0,True,131,116,2014-02-01,2024-12-01,131,19,-305.14812659722713,-250.51937745640527
Total (2013–2024),Brasil,Tipologia | Chuvas Intensas,Protocolos,ΔI; Δlog(1+exposição),NACIONAL,ADL BIC + 11 dummies + I12,6,1,True,131,116,2014-02-01,2024-12-01,131,20,-303.1710591121248,-245.66711264810178
Total (2013–2024),Brasil,Tipologia | Chuvas Intensas,Protocolos,ΔI; Δlog(1+exposição),NACIONAL,ADL BIC + 11 dummies + I12,6,2,True,131,116,2014-02-01,2024-12-01,131,21,-304.66950831896577,-244.2903645317416
Total (2013–2024),Brasil,Tipologia | Chuvas Intensas,Protocolos,ΔI; Δlog(1+exposição),NACIONAL,ADL BIC + 11 dummies + I12,6,3,True,131,116,2014-02-01,2024-12-01,131,22,-303.2378873482169,-239.98354623779153
Total (2013–2024),Brasil,Tipologia | Chuvas Intensas,Protocolos,ΔI; Δlog(1+exposição),DETERMINISTICAS,ADL BIC + 11 dummies + I12 + janela pandemia,1,0,True,131,115,2014-02-01,2024-12-01,131,15,-307.36060153553126,-264.232641687514
Total (2013–2024),Brasil,Tipologia | Chuvas Intensas,Protocolos,ΔI; Δlog(1+exposição),DETERMINISTICAS,ADL BIC + 11 dummies + I12 + janela pandemia,1,1,True,131,115,2014-02-01,2024-12-01,131,16,-305.3782240325452,-259.3750668613268
Total (2013–2024),Brasil,Tipologia | Chuvas Intensas,Protocolos,ΔI; Δlog(1+exposição),DETERMINISTICAS,ADL BIC + 11 dummies + I12 + janela pandemia,1,2,True,131,115,2014-02-01,2024-12-01,131,17,-307.36264655051946,-258.4842920560999
Total (2013–2024),Brasil,Tipologia | Chuvas Intensas,Protocolos,ΔI; Δlog(1+exposição),DETERMINISTICAS,ADL BIC + 11 dummies + I12 + janela pandemia,1,3,True,131,115,2014-02-01,2024-12-01,131,18,-305.7101378293398,-253.9565860117191
Total (2013–2024),Brasil,Tipologia | Chuvas Intensas,Protocolos,ΔI; Δlog(1+exposição),DETERMINISTICAS,ADL BIC + 11 dummies + I12 + janela pandemia,2,0,True,131,115,2014-02-01,2024-12-01,131,16,-307.8206491485829,-261.8174919773645
Total (2013–2024),Brasil,Tipologia | Chuvas Intensas,Protocolos,ΔI; Δlog(1+exposição),DETERMINISTICAS,ADL BIC + 11 dummies + I12 + janela pandemia,2,1,True,131,115,2014-02-01,2024-12-01,131,17,-305.83901650455937,-256.9606620101398
Total (2013–2024),Brasil,Tipologia | Chuvas Intensas,Protocolos,ΔI; Δlog(1+exposição),DETERMINISTICAS,ADL BIC + 11 dummies + I12 + janela pandemia,2,2,True,131,115,2014-02-01,2024-12-01,131,18,-307.7636514798106,-256.0100996621899
Total (2013–2024),Brasil,Tipologia | Chuvas Intensas,Protocolos,ΔI; Δlog(1+exposição),DETERMINISTICAS,ADL BIC + 11 dummies + I12 + janela pandemia,2,3,True,131,115,2014-02-01,2024-12-01,131,19,-306.3591388998533,-251.73038975903143
Total (2013–2024),Brasil,Tipologia | Chuvas Intensas,Protocolos,ΔI; Δlog(1+exposição),DETERMINISTICAS,ADL BIC + 11 dummies + I12 + janela pandemia,3,0,True,131,115,2014-02-01,2024-12-01,131,17,-306.9513531359471,-258.07299864152753
Total (2013–2024),Brasil,Tipologia | Chuvas Intensas,Protocolos,ΔI; Δlog(1+exposição),DETERMINISTICAS,ADL BIC + 11 dummies + I12 + janela pandemia,3,1,True,131,115,2014-02-01,2024-12-01,131,18,-304.957395797578,-253.20384397995727
Total (2013–2024),Brasil,Tipologia | Chuvas Intensas,Protocolos,ΔI; Δlog(1+exposição),DETERMINISTICAS,ADL BIC + 11 dummies + I12 + janela pandemia,3,2,True,131,115,2014-02-01,2024-12-01,131,19,-306.93587776903587,-252.307128628214
Total (2013–2024),Brasil,Tipologia | Chuvas Intensas,Protocolos,ΔI; Δlog(1+exposição),DETERMINISTICAS,ADL BIC + 11 dummies + I12 + janela pandemia,3,3,True,131,115,2014-02-01,2024-12-01,131,20,-305.5948486868126,-248.0909022227896
Total (2013–2024),Brasil,Tipologia | Chuvas Intensas,Protocolos,ΔI; Δlog(1+exposição),DETERMINISTICAS,ADL BIC + 11 dummies + I12 + janela pandemia,4,0,True,131,115,2014-02-01,2024-12-01,131,18,-306.92395752908124,-255.17040571146052
Total (2013–2024),Brasil,Tipologia | Chuvas Intensas,Protocolos,ΔI; Δlog(1+exposição),DETERMINISTICAS,ADL BIC + 11 dummies + I12 + janela pandemia,4,1,True,131,115,2014-02-01,2024-12-01,131,19,-304.9344001986867,-250.30565105786485
Total (2013–2024),Brasil,Tipologia | Chuvas Intensas,Protocolos,ΔI; Δlog(1+exposição),DETERMINISTICAS,ADL BIC + 11 dummies + I12 + janela pandemia,4,2,True,131,115,2014-02-01,2024-12-01,131,20,-306.6904884071822,-249.1865419431592
Total (2013–2024),Brasil,Tipologia | Chuvas Intensas,Protocolos,ΔI; Δlog(1+exposição),DETERMINISTICAS,ADL BIC + 11 dummies + I12 + janela pandemia,4,3,True,131,115,2014-02-01,2024-12-01,131,21,-305.2865091957884,-244.90736540856426
Total (2013–2024),Brasil,Tipologia | Chuvas Intensas,Protocolos,ΔI; Δlog(1+exposição),DETERMINISTICAS,ADL BIC + 11 dummies + I12 + janela pandemia,5,0,True,131,115,2014-02-01,2024-12-01,131,19,-305.6416063286539,-251.01285718783203
Total (2013–2024),Brasil,Tipologia | Chuvas Intensas,Protocolos,ΔI; Δlog(1+exposição),DETERMINISTICAS,ADL BIC + 11 dummies + I12 + janela pandemia,5,1,True,131,115,2014-02-01,2024-12-01,131,20,-303.6427735325145,-246.1388270684915
Total (2013–2024),Brasil,Tipologia | Chuvas Intensas,Protocolos,ΔI; Δlog(1+exposição),DETERMINISTICAS,ADL BIC + 11 dummies + I12 + janela pandemia,5,2,True,131,115,2014-02-01,2024-12-01,131,21,-305.51292086842443,-245.13377708120026
Total (2013–2024),Brasil,Tipologia | Chuvas Intensas,Protocolos,ΔI; Δlog(1+exposição),DETERMINISTICAS,ADL BIC + 11 dummies + I12 + janela pandemia,5,3,True,131,115,2014-02-01,2024-12-01,131,22,-304.11617040716715,-240.8618292967418
Total (2013–2024),Brasil,Tipologia | Chuvas Intensas,Protocolos,ΔI; Δlog(1+exposição),DETERMINISTICAS,ADL BIC + 11 dummies + I12 + janela pandemia,6,0,True,131,115,2014-02-01,2024-12-01,131,20,-306.3145421251842,-248.81059566116116
Total (2013–2024),Brasil,Tipologia | Chuvas Intensas,Protocolos,ΔI; Δlog(1+exposição),DETERMINISTICAS,ADL BIC + 11 dummies + I12 + janela pandemia,6,1,True,131,115,2014-02-01,2024-12-01,131,21,-304.31792947440545,-243.93878568718128
Total (2013–2024),Brasil,Tipologia | Chuvas Intensas,Protocolos,ΔI; Δlog(1+exposição),DETERMINISTICAS,ADL BIC + 11 dummies + I12 + janela pandemia,6,2,True,131,115,2014-02-01,2024-12-01,131,22,-305.847254126303,-242.59291301587768
Total (2013–2024),Brasil,Tipologia | Chuvas Intensas,Protocolos,ΔI; Δlog(1+exposição),DETERMINISTICAS,ADL BIC + 11 dummies + I12 + janela pandemia,6,3,True,131,115,2014-02-01,2024-12-01,131,23,-304.4349329398568,-238.30539450623036
Total (2013–2024),Brasil,Tipologia | Doenças infecciosas,Protocolos,ΔI; Δlog(1+exposição),NACIONAL,ADL BIC + 11 dummies + I12,1,0,True,131,116,2014-02-01,2024-12-01,131,14,-305.8121983273171,-265.55943580250096
Total (2013–2024),Brasil,Tipologia | Doenças infecciosas,Protocolos,ΔI; Δlog(1+exposição),NACIONAL,ADL BIC + 11 dummies + I12,1,1,True,131,116,2014-02-01,2024-12-01,131,15,-303.8884997907031,-260.76053994268585
Total (2013–2024),Brasil,Tipologia | Doenças infecciosas,Protocolos,ΔI; Δlog(1+exposição),NACIONAL,ADL BIC + 11 dummies + I12,1,2,True,131,116,2014-02-01,2024-12-01,131,16,-303.16574074811865,-257.16258357690026
Total (2013–2024),Brasil,Tipologia | Doenças infecciosas,Protocolos,ΔI; Δlog(1+exposição),NACIONAL,ADL BIC + 11 dummies + I12,1,3,True,131,116,2014-02-01,2024-12-01,131,17,-301.17203891825807,-252.2936844238385
Total (2013–2024),Brasil,Tipologia | Doenças infecciosas,Protocolos,ΔI; Δlog(1+exposição),NACIONAL,ADL BIC + 11 dummies + I12,2,0,True,131,116,2014-02-01,2024-12-01,131,15,-307.0242788257408,-263.8963189777235
Total (2013–2024),Brasil,Tipologia | Doenças infecciosas,Protocolos,ΔI; Δlog(1+exposição),NACIONAL,ADL BIC + 11 dummies + I12,2,1,True,131,116,2014-02-01,2024-12-01,131,16,-305.06946376939254,-259.06630659817415
Total (2013–2024),Brasil,Tipologia | Doenças infecciosas,Protocolos,ΔI; Δlog(1+exposição),NACIONAL,ADL BIC + 11 dummies + I12,2,2,True,131,116,2014-02-01,2024-12-01,131,17,-304.42925499641456,-255.550900501995
Total (2013–2024),Brasil,Tipologia | Doenças infecciosas,Protocolos,ΔI; Δlog(1+exposição),NACIONAL,ADL BIC + 11 dummies + I12,2,3,True,131,116,2014-02-01,2024-12-01,131,18,-302.4494012353548,-250.69584941773408
Total (2013–2024),Brasil,Tipologia | Doenças infecciosas,Protocolos,ΔI; Δlog(1+exposição),NACIONAL,ADL BIC + 11 dummies + I12,3,0,True,131,116,2014-02-01,2024-12-01,131,16,-306.4819729251485,-260.4788157539301
Total (2013–2024),Brasil,Tipologia | Doenças infecciosas,Protocolos,ΔI; Δlog(1+exposição),NACIONAL,ADL BIC + 11 dummies + I12,3,1,True,131,116,2014-02-01,2024-12-01,131,17,-304.62348889518705,-255.74513440076748
Total (2013–2024),Brasil,Tipologia | Doenças infecciosas,Protocolos,ΔI; Δlog(1+exposição),NACIONAL,ADL BIC + 11 dummies + I12,3,2,True,131,116,2014-02-01,2024-12-01,131,18,-304.07100072985713,-252.31744891223642
Total (2013–2024),Brasil,Tipologia | Doenças infecciosas,Protocolos,ΔI; Δlog(1+exposição),NACIONAL,ADL BIC + 11 dummies + I12,3,3,True,131,116,2014-02-01,2024-12-01,131,19,-302.12230321837706,-247.4935540775552
Total (2013–2024),Brasil,Tipologia | Doenças infecciosas,Protocolos,ΔI; Δlog(1+exposição),NACIONAL,ADL BIC + 11 dummies + I12,4,0,True,131,116,2014-02-01,2024-12-01,131,17,-306.0955267533569,-257.21717225893735
Total (2013–2024),Brasil,Tipologia | Doenças infecciosas,Protocolos,ΔI; Δlog(1+exposição),NACIONAL,ADL BIC + 11 dummies + I12,4,1,True,131,116,2014-02-01,2024-12-01,131,18,-304.2361271201563,-252.4825753025356
Total (2013–2024),Brasil,Tipologia | Doenças infecciosas,Protocolos,ΔI; Δlog(1+exposição),NACIONAL,ADL BIC + 11 dummies + I12,4,2,True,131,116,2014-02-01,2024-12-01,131,19,-303.26281369927756,-248.6340645584557
Total (2013–2024),Brasil,Tipologia | Doenças infecciosas,Protocolos,ΔI; Δlog(1+exposição),NACIONAL,ADL BIC + 11 dummies + I12,4,3,True,131,116,2014-02-01,2024-12-01,131,20,-301.2919297336655,-243.78798326964247
Total (2013–2024),Brasil,Tipologia | Doenças infecciosas,Protocolos,ΔI; Δlog(1+exposição),NACIONAL,ADL BIC + 11 dummies + I12,5,0,True,131,116,2014-02-01,2024-12-01,131,18,-304.6176294239874,-252.8640776063667
Total (2013–2024),Brasil,Tipologia | Doenças infecciosas,Protocolos,ΔI; Δlog(1+exposição),NACIONAL,ADL BIC + 11 dummies + I12,5,1,True,131,116,2014-02-01,2024-12-01,131,19,-302.7562214616041,-248.12747232078226
Total (2013–2024),Brasil,Tipologia | Doenças infecciosas,Protocolos,ΔI; Δlog(1+exposição),NACIONAL,ADL BIC + 11 dummies + I12,5,2,True,131,116,2014-02-01,2024-12-01,131,20,-301.7805981628519,-244.27665169882889
Total (2013–2024),Brasil,Tipologia | Doenças infecciosas,Protocolos,ΔI; Δlog(1+exposição),NACIONAL,ADL BIC + 11 dummies + I12,5,3,True,131,116,2014-02-01,2024-12-01,131,21,-299.7842479698263,-239.40510418260214
Total (2013–2024),Brasil,Tipologia | Doenças infecciosas,Protocolos,ΔI; Δlog(1+exposição),NACIONAL,ADL BIC + 11 dummies + I12,6,0,True,131,116,2014-02-01,2024-12-01,131,19,-305.14812659722713,-250.51937745640527
Total (2013–2024),Brasil,Tipologia | Doenças infecciosas,Protocolos,ΔI; Δlog(1+exposição),NACIONAL,ADL BIC + 11 dummies + I12,6,1,True,131,116,2014-02-01,2024-12-01,131,20,-303.1486496216595,-245.64470315763649
Total (2013–2024),Brasil,Tipologia | Doenças infecciosas,Protocolos,ΔI; Δlog(1+exposição),NACIONAL,ADL BIC + 11 dummies + I12,6,2,True,131,116,2014-02-01,2024-12-01,131,21,-302.0474907594147,-241.66834697219053
Total (2013–2024),Brasil,Tipologia | Doenças infecciosas,Protocolos,ΔI; Δlog(1+exposição),NACIONAL,ADL BIC + 11 dummies + I12,6,3,True,131,116,2014-02-01,2024-12-01,131,22,-300.04783029732744,-236.7934891869021
Total (2013–2024),Brasil,Tipologia | Doenças infecciosas,Protocolos,ΔI; Δlog(1+exposição),DETERMINISTICAS,ADL BIC + 11 dummies + I12 + janela pandemia,1,0,True,131,115,2014-02-01,2024-12-01,131,15,-307.36060153553126,-264.232641687514
Total (2013–2024),Brasil,Tipologia | Doenças infecciosas,Protocolos,ΔI; Δlog(1+exposição),DETERMINISTICAS,ADL BIC + 11 dummies + I12 + janela pandemia,1,1,True,131,115,2014-02-01,2024-12-01,131,16,-305.4755846875049,-259.47242751628653
Total (2013–2024),Brasil,Tipologia | Doenças infecciosas,Protocolos,ΔI; Δlog(1+exposição),DETERMINISTICAS,ADL BIC + 11 dummies + I12 + janela pandemia,1,2,True,131,115,2014-02-01,2024-12-01,131,17,-304.63868290915286,-255.7603284147333
Total (2013–2024),Brasil,Tipologia | Doenças infecciosas,Protocolos,ΔI; Δlog(1+exposição),DETERMINISTICAS,ADL BIC + 11 dummies + I12 + janela pandemia,1,3,True,131,115,2014-02-01,2024-12-01,131,18,-302.64664501559525,-250.89309319797454
Total (2013–2024),Brasil,Tipologia | Doenças infecciosas,Protocolos,ΔI; Δlog(1+exposição),DETERMINISTICAS,ADL BIC + 11 dummies + I12 + janela pandemia,2,0,True,131,115,2014-02-01,2024-12-01,131,16,-307.8206491485829,-261.8174919773645
Total (2013–2024),Brasil,Tipologia | Doenças infecciosas,Protocolos,ΔI; Δlog(1+exposição),DETERMINISTICAS,ADL BIC + 11 dummies + I12 + janela pandemia,2,1,True,131,115,2014-02-01,2024-12-01,131,17,-305.89707009840345,-257.0187156039839
Total (2013–2024),Brasil,Tipologia | Doenças infecciosas,Protocolos,ΔI; Δlog(1+exposição),DETERMINISTICAS,ADL BIC + 11 dummies + I12 + janela pandemia,2,2,True,131,115,2014-02-01,2024-12-01,131,18,-305.1420950255175,-253.3885432078968
Total (2013–2024),Brasil,Tipologia | Doenças infecciosas,Protocolos,ΔI; Δlog(1+exposição),DETERMINISTICAS,ADL BIC + 11 dummies + I12 + janela pandemia,2,3,True,131,115,2014-02-01,2024-12-01,131,19,-303.1626683855859,-248.53391924476404
Total (2013–2024),Brasil,Tipologia | Doenças infecciosas,Protocolos,ΔI; Δlog(1+exposição),DETERMINISTICAS,ADL BIC + 11 dummies + I12 + janela pandemia,3,0,True,131,115,2014-02-01,2024-12-01,131,17,-306.9513531359471,-258.07299864152753
Total (2013–2024),Brasil,Tipologia | Doenças infecciosas,Protocolos,ΔI; Δlog(1+exposição),DETERMINISTICAS,ADL BIC + 11 dummies + I12 + janela pandemia,3,1,True,131,115,2014-02-01,2024-12-01,131,18,-305.1262723683128,-253.3727205506921
Total (2013–2024),Brasil,Tipologia | Doenças infecciosas,Protocolos,ΔI; Δlog(1+exposição),DETERMINISTICAS,ADL BIC + 11 dummies + I12 + janela pandemia,3,2,True,131,115,2014-02-01,2024-12-01,131,19,-304.45312625109375,-249.82437711027188
Total (2013–2024),Brasil,Tipologia | Doenças infecciosas,Protocolos,ΔI; Δlog(1+exposição),DETERMINISTICAS,ADL BIC + 11 dummies + I12 + janela pandemia,3,3,True,131,115,2014-02-01,2024-12-01,131,20,-302.5011902822131,-244.99724381819007
Total (2013–2024),Brasil,Tipologia | Doenças infecciosas,Protocolos,ΔI; Δlog(1+exposição),DETERMINISTICAS,ADL BIC + 11 dummies + I12 + janela pandemia,4,0,True,131,115,2014-02-01,2024-12-01,131,18,-306.92395752908124,-255.17040571146052
Total (2013–2024),Brasil,Tipologia | Doenças infecciosas,Protocolos,ΔI; Δlog(1+exposição),DETERMINISTICAS,ADL BIC + 11 dummies + I12 + janela pandemia,4,1,True,131,115,2014-02-01,2024-12-01,131,19,-305.10036397838644,-250.47161483756457
Total (2013–2024),Brasil,Tipologia | Doenças infecciosas,Protocolos,ΔI; Δlog(1+exposição),DETERMINISTICAS,ADL BIC + 11 dummies + I12 + janela pandemia,4,2,True,131,115,2014-02-01,2024-12-01,131,20,-303.9751692140202,-246.47122274999717
Total (2013–2024),Brasil,Tipologia | Doenças infecciosas,Protocolos,ΔI; Δlog(1+exposição),DETERMINISTICAS,ADL BIC + 11 dummies + I12 + janela pandemia,4,3,True,131,115,2014-02-01,2024-12-01,131,21,-301.9992863544513,-241.62014256722716
Total (2013–2024),Brasil,Tipologia | Doenças infecciosas,Protocolos,ΔI; Δlog(1+exposição),DETERMINISTICAS,ADL BIC + 11 dummies + I12 + janela pandemia,5,0,True,131,115,2014-02-01,2024-12-01,131,19,-305.6416063286539,-251.01285718783203
Total (2013–2024),Brasil,Tipologia | Doenças infecciosas,Protocolos,ΔI; Δlog(1+exposição),DETERMINISTICAS,ADL BIC + 11 dummies + I12 + janela pandemia,5,1,True,131,115,2014-02-01,2024-12-01,131,20,-303.81675366545267,-246.31280720142965
Total (2013–2024),Brasil,Tipologia | Doenças infecciosas,Protocolos,ΔI; Δlog(1+exposição),DETERMINISTICAS,ADL BIC + 11 dummies + I12 + janela pandemia,5,2,True,131,115,2014-02-01,2024-12-01,131,21,-302.6837443753129,-242.30460058808876
Total (2013–2024),Brasil,Tipologia | Doenças infecciosas,Protocolos,ΔI; Δlog(1+exposição),DETERMINISTICAS,ADL BIC + 11 dummies + I12 + janela pandemia,5,3,True,131,115,2014-02-01,2024-12-01,131,22,-300.68436410539596,-237.4300229949706
Total (2013–2024),Brasil,Tipologia | Doenças infecciosas,Protocolos,ΔI; Δlog(1+exposição),DETERMINISTICAS,ADL BIC + 11 dummies + I12 + janela pandemia,6,0,True,131,115,2014-02-01,2024-12-01,131,20,-306.3145421251842,-248.81059566116116
Total (2013–2024),Brasil,Tipologia | Doenças infecciosas,Protocolos,ΔI; Δlog(1+exposição),DETERMINISTICAS,ADL BIC + 11 dummies + I12 + janela pandemia,6,1,True,131,115,2014-02-01,2024-12-01,131,21,-304.31828586276583,-243.93914207554167
Total (2013–2024),Brasil,Tipologia | Doenças infecciosas,Protocolos,ΔI; Δlog(1+exposição),DETERMINISTICAS,ADL BIC + 11 dummies + I12 + janela pandemia,6,2,True,131,115,2014-02-01,2024-12-01,131,22,-303.06499916241467,-239.81065805198932
Total (2013–2024),Brasil,Tipologia | Doenças infecciosas,Protocolos,ΔI; Δlog(1+exposição),DETERMINISTICAS,ADL BIC + 11 dummies + I12 + janela pandemia,6,3,True,131,115,2014-02-01,2024-12-01,131,23,-301.0682142283698,-234.93867579474335
Total (2013–2024),Brasil,Tipologia | Enxurradas,Protocolos,ΔI; Δlog(1+exposição),NACIONAL,ADL BIC + 11 dummies + I12,1,0,True,131,116,2014-02-01,2024-12-01,131,14,-305.8121983273171,-265.55943580250096
Total (2013–2024),Brasil,Tipologia | Enxurradas,Protocolos,ΔI; Δlog(1+exposição),NACIONAL,ADL BIC + 11 dummies + I12,1,1,True,131,116,2014-02-01,2024-12-01,131,15,-303.81732819988144,-260.6893683518642
Total (2013–2024),Brasil,Tipologia | Enxurradas,Protocolos,ΔI; Δlog(1+exposição),NACIONAL,ADL BIC + 11 dummies + I12,1,2,True,131,116,2014-02-01,2024-12-01,131,16,-301.82117545951655,-255.81801828829813
Total (2013–2024),Brasil,Tipologia | Enxurradas,Protocolos,ΔI; Δlog(1+exposição),NACIONAL,ADL BIC + 11 dummies + I12,1,3,True,131,116,2014-02-01,2024-12-01,131,17,-299.8522062110259,-250.9738517166063
Total (2013–2024),Brasil,Tipologia | Enxurradas,Protocolos,ΔI; Δlog(1+exposição),NACIONAL,ADL BIC + 11 dummies + I12,2,0,True,131,116,2014-02-01,2024-12-01,131,15,-307.0242788257408,-263.8963189777235
Total (2013–2024),Brasil,Tipologia | Enxurradas,Protocolos,ΔI; Δlog(1+exposição),NACIONAL,ADL BIC + 11 dummies + I12,2,1,True,131,116,2014-02-01,2024-12-01,131,16,-305.0405351872479,-259.0373780160295
Total (2013–2024),Brasil,Tipologia | Enxurradas,Protocolos,ΔI; Δlog(1+exposição),NACIONAL,ADL BIC + 11 dummies + I12,2,2,True,131,116,2014-02-01,2024-12-01,131,17,-303.0746106023013,-254.1962561078817
Total (2013–2024),Brasil,Tipologia | Enxurradas,Protocolos,ΔI; Δlog(1+exposição),NACIONAL,ADL BIC + 11 dummies + I12,2,3,True,131,116,2014-02-01,2024-12-01,131,18,-301.12185272307534,-249.36830090545462
Total (2013–2024),Brasil,Tipologia | Enxurradas,Protocolos,ΔI; Δlog(1+exposição),NACIONAL,ADL BIC + 11 dummies + I12,3,0,True,131,116,2014-02-01,2024-12-01,131,16,-306.4819729251485,-260.4788157539301
Total (2013–2024),Brasil,Tipologia | Enxurradas,Protocolos,ΔI; Δlog(1+exposição),NACIONAL,ADL BIC + 11 dummies + I12,3,1,True,131,116,2014-02-01,2024-12-01,131,17,-304.5341994687809,-255.65584497436134
Total (2013–2024),Brasil,Tipologia | Enxurradas,Protocolos,ΔI; Δlog(1+exposição),NACIONAL,ADL BIC + 11 dummies + I12,3,2,True,131,116,2014-02-01,2024-12-01,131,18,-302.61061552841466,-250.85706371079394
Total (2013–2024),Brasil,Tipologia | Enxurradas,Protocolos,ΔI; Δlog(1+exposição),NACIONAL,ADL BIC + 11 dummies + I12,3,3,True,131,116,2014-02-01,2024-12-01,131,19,-300.7182073774428,-246.08945823662094
Total (2013–2024),Brasil,Tipologia | Enxurradas,Protocolos,ΔI; Δlog(1+exposição),NACIONAL,ADL BIC + 11 dummies + I12,4,0,True,131,116,2014-02-01,2024-12-01,131,17,-306.0955267533569,-257.21717225893735
Total (2013–2024),Brasil,Tipologia | Enxurradas,Protocolos,ΔI; Δlog(1+exposição),NACIONAL,ADL BIC + 11 dummies + I12,4,1,True,131,116,2014-02-01,2024-12-01,131,18,-304.19237232609214,-252.43882050847142
Total (2013–2024),Brasil,Tipologia | Enxurradas,Protocolos,ΔI; Δlog(1+exposição),NACIONAL,ADL BIC + 11 dummies + I12,4,2,True,131,116,2014-02-01,2024-12-01,131,19,-302.22786421300975,-247.59911507218789
Total (2013–2024),Brasil,Tipologia | Enxurradas,Protocolos,ΔI; Δlog(1+exposição),NACIONAL,ADL BIC + 11 dummies + I12,4,3,True,131,116,2014-02-01,2024-12-01,131,20,-300.2913473011756,-242.7874008371526
Total (2013–2024),Brasil,Tipologia | Enxurradas,Protocolos,ΔI; Δlog(1+exposição),NACIONAL,ADL BIC + 11 dummies + I12,5,0,True,131,116,2014-02-01,2024-12-01,131,18,-304.6176294239874,-252.8640776063667
Total (2013–2024),Brasil,Tipologia | Enxurradas,Protocolos,ΔI; Δlog(1+exposição),NACIONAL,ADL BIC + 11 dummies + I12,5,1,True,131,116,2014-02-01,2024-12-01,131,19,-302.723022320808,-248.09427317998615
Total (2013–2024),Brasil,Tipologia | Enxurradas,Protocolos,ΔI; Δlog(1+exposição),NACIONAL,ADL BIC + 11 dummies + I12,5,2,True,131,116,2014-02-01,2024-12-01,131,20,-300.7810471448561,-243.27710068083306
Total (2013–2024),Brasil,Tipologia | Enxurradas,Protocolos,ΔI; Δlog(1+exposição),NACIONAL,ADL BIC + 11 dummies + I12,5,3,True,131,116,2014-02-01,2024-12-01,131,21,-298.822826279428,-238.44368249220383
Total (2013–2024),Brasil,Tipologia | Enxurradas,Protocolos,ΔI; Δlog(1+exposição),NACIONAL,ADL BIC + 11 dummies + I12,6,0,True,131,116,2014-02-01,2024-12-01,131,19,-305.14812659722713,-250.51937745640527
Total (2013–2024),Brasil,Tipologia | Enxurradas,Protocolos,ΔI; Δlog(1+exposição),NACIONAL,ADL BIC + 11 dummies + I12,6,1,True,131,116,2014-02-01,2024-12-01,131,20,-303.1773150842897,-245.6733686202667
Total (2013–2024),Brasil,Tipologia | Enxurradas,Protocolos,ΔI; Δlog(1+exposição),NACIONAL,ADL BIC + 11 dummies + I12,6,2,True,131,116,2014-02-01,2024-12-01,131,21,-301.2014312552461,-240.82228746802195
Total (2013–2024),Brasil,Tipologia | Enxurradas,Protocolos,ΔI; Δlog(1+exposição),NACIONAL,ADL BIC + 11 dummies + I12,6,3,True,131,116,2014-02-01,2024-12-01,131,22,-299.20230813310434,-235.947967022679
Total (2013–2024),Brasil,Tipologia | Enxurradas,Protocolos,ΔI; Δlog(1+exposição),DETERMINISTICAS,ADL BIC + 11 dummies + I12 + janela pandemia,1,0,True,131,115,2014-02-01,2024-12-01,131,15,-307.36060153553126,-264.232641687514
Total (2013–2024),Brasil,Tipologia | Enxurradas,Protocolos,ΔI; Δlog(1+exposição),DETERMINISTICAS,ADL BIC + 11 dummies + I12 + janela pandemia,1,1,True,131,115,2014-02-01,2024-12-01,131,16,-305.3633590619918,-259.3602018907734
Total (2013–2024),Brasil,Tipologia | Enxurradas,Protocolos,ΔI; Δlog(1+exposição),DETERMINISTICAS,ADL BIC + 11 dummies + I12 + janela pandemia,1,2,True,131,115,2014-02-01,2024-12-01,131,17,-303.36386723421833,-254.48551273979876
Total (2013–2024),Brasil,Tipologia | Enxurradas,Protocolos,ΔI; Δlog(1+exposição),DETERMINISTICAS,ADL BIC + 11 dummies + I12 + janela pandemia,1,3,True,131,115,2014-02-01,2024-12-01,131,18,-301.4144940521727,-249.66094223455198
Total (2013–2024),Brasil,Tipologia | Enxurradas,Protocolos,ΔI; Δlog(1+exposição),DETERMINISTICAS,ADL BIC + 11 dummies + I12 + janela pandemia,2,0,True,131,115,2014-02-01,2024-12-01,131,16,-307.8206491485829,-261.8174919773645
Total (2013–2024),Brasil,Tipologia | Enxurradas,Protocolos,ΔI; Δlog(1+exposição),DETERMINISTICAS,ADL BIC + 11 dummies + I12 + janela pandemia,2,1,True,131,115,2014-02-01,2024-12-01,131,17,-305.8314290353942,-256.9530745409746
Total (2013–2024),Brasil,Tipologia | Enxurradas,Protocolos,ΔI; Δlog(1+exposição),DETERMINISTICAS,ADL BIC + 11 dummies + I12 + janela pandemia,2,2,True,131,115,2014-02-01,2024-12-01,131,18,-303.84036333510323,-252.08681151748252
Total (2013–2024),Brasil,Tipologia | Enxurradas,Protocolos,ΔI; Δlog(1+exposição),DETERMINISTICAS,ADL BIC + 11 dummies + I12 + janela pandemia,2,3,True,131,115,2014-02-01,2024-12-01,131,19,-301.9058848725689,-247.27713573174702
Total (2013–2024),Brasil,Tipologia | Enxurradas,Protocolos,ΔI; Δlog(1+exposição),DETERMINISTICAS,ADL BIC + 11 dummies + I12 + janela pandemia,3,0,True,131,115,2014-02-01,2024-12-01,131,17,-306.9513531359471,-258.07299864152753
Total (2013–2024),Brasil,Tipologia | Enxurradas,Protocolos,ΔI; Δlog(1+exposição),DETERMINISTICAS,ADL BIC + 11 dummies + I12 + janela pandemia,3,1,True,131,115,2014-02-01,2024-12-01,131,18,-304.98918908538724,-253.23563726776652
Total (2013–2024),Brasil,Tipologia | Enxurradas,Protocolos,ΔI; Δlog(1+exposição),DETERMINISTICAS,ADL BIC + 11 dummies + I12 + janela pandemia,3,2,True,131,115,2014-02-01,2024-12-01,131,19,-303.0219488770481,-248.39319973622622
Total (2013–2024),Brasil,Tipologia | Enxurradas,Protocolos,ΔI; Δlog(1+exposição),DETERMINISTICAS,ADL BIC + 11 dummies + I12 + janela pandemia,3,3,True,131,115,2014-02-01,2024-12-01,131,20,-301.1453601723423,-243.64141370831928
Total (2013–2024),Brasil,Tipologia | Enxurradas,Protocolos,ΔI; Δlog(1+exposição),DETERMINISTICAS,ADL BIC + 11 dummies + I12 + janela pandemia,4,0,True,131,115,2014-02-01,2024-12-01,131,18,-306.92395752908124,-255.17040571146052
Total (2013–2024),Brasil,Tipologia | Enxurradas,Protocolos,ΔI; Δlog(1+exposição),DETERMINISTICAS,ADL BIC + 11 dummies + I12 + janela pandemia,4,1,True,131,115,2014-02-01,2024-12-01,131,19,-305.0043854153438,-250.37563627452192
Total (2013–2024),Brasil,Tipologia | Enxurradas,Protocolos,ΔI; Δlog(1+exposição),DETERMINISTICAS,ADL BIC + 11 dummies + I12 + janela pandemia,4,2,True,131,115,2014-02-01,2024-12-01,131,20,-303.01017403076037,-245.50622756673735
Total (2013–2024),Brasil,Tipologia | Enxurradas,Protocolos,ΔI; Δlog(1+exposição),DETERMINISTICAS,ADL BIC + 11 dummies + I12 + janela pandemia,4,3,True,131,115,2014-02-01,2024-12-01,131,21,-301.08224046565454,-240.70309667843037
Total (2013–2024),Brasil,Tipologia | Enxurradas,Protocolos,ΔI; Δlog(1+exposição),DETERMINISTICAS,ADL BIC + 11 dummies + I12 + janela pandemia,5,0,True,131,115,2014-02-01,2024-12-01,131,19,-305.6416063286539,-251.01285718783203
Total (2013–2024),Brasil,Tipologia | Enxurradas,Protocolos,ΔI; Δlog(1+exposição),DETERMINISTICAS,ADL BIC + 11 dummies + I12 + janela pandemia,5,1,True,131,115,2014-02-01,2024-12-01,131,20,-303.73063397181045,-246.22668750778743
Total (2013–2024),Brasil,Tipologia | Enxurradas,Protocolos,ΔI; Δlog(1+exposição),DETERMINISTICAS,ADL BIC + 11 dummies + I12 + janela pandemia,5,2,True,131,115,2014-02-01,2024-12-01,131,21,-301.748379104817,-241.36923531759282
Total (2013–2024),Brasil,Tipologia | Enxurradas,Protocolos,ΔI; Δlog(1+exposição),DETERMINISTICAS,ADL BIC + 11 dummies + I12 + janela pandemia,5,3,True,131,115,2014-02-01,2024-12-01,131,22,-299.79413773708916,-236.53979662666382
Total (2013–2024),Brasil,Tipologia | Enxurradas,Protocolos,ΔI; Δlog(1+exposição),DETERMINISTICAS,ADL BIC + 11 dummies + I12 + janela pandemia,6,0,True,131,115,2014-02-01,2024-12-01,131,20,-306.3145421251842,-248.81059566116116
Total (2013–2024),Brasil,Tipologia | Enxurradas,Protocolos,ΔI; Δlog(1+exposição),DETERMINISTICAS,ADL BIC + 11 dummies + I12 + janela pandemia,6,1,True,131,115,2014-02-01,2024-12-01,131,21,-304.3339974751135,-243.95485368788934
Total (2013–2024),Brasil,Tipologia | Enxurradas,Protocolos,ΔI; Δlog(1+exposição),DETERMINISTICAS,ADL BIC + 11 dummies + I12 + janela pandemia,6,2,True,131,115,2014-02-01,2024-12-01,131,22,-302.3357626070183,-239.08142149659295
Total (2013–2024),Brasil,Tipologia | Enxurradas,Protocolos,ΔI; Δlog(1+exposição),DETERMINISTICAS,ADL BIC + 11 dummies + I12 + janela pandemia,6,3,True,131,115,2014-02-01,2024-12-01,131,23,-300.3368788269727,-234.20734039334621
Total (2013–2024),Brasil,Tipologia | Erosão,Protocolos,ΔI; Δlog(1+exposição),NACIONAL,ADL BIC + 11 dummies + I12,1,0,True,131,116,2014-02-01,2024-12-01,131,14,-305.8121983273171,-265.55943580250096
Total (2013–2024),Brasil,Tipologia | Erosão,Protocolos,ΔI; Δlog(1+exposição),NACIONAL,ADL BIC + 11 dummies + I12,1,1,True,131,116,2014-02-01,2024-12-01,131,15,-304.11988167835136,-260.9919218303341
Total (2013–2024),Brasil,Tipologia | Erosão,Protocolos,ΔI; Δlog(1+exposição),NACIONAL,ADL BIC + 11 dummies + I12,1,2,True,131,116,2014-02-01,2024-12-01,131,16,-302.2790490564279,-256.2758918852095
Total (2013–2024),Brasil,Tipologia | Erosão,Protocolos,ΔI; Δlog(1+exposição),NACIONAL,ADL BIC + 11 dummies + I12,1,3,True,131,116,2014-02-01,2024-12-01,131,17,-300.6506084935611,-251.77225399914153
Total (2013–2024),Brasil,Tipologia | Erosão,Protocolos,ΔI; Δlog(1+exposição),NACIONAL,ADL BIC + 11 dummies + I12,2,0,True,131,116,2014-02-01,2024-12-01,131,15,-307.0242788257408,-263.8963189777235
Total (2013–2024),Brasil,Tipologia | Erosão,Protocolos,ΔI; Δlog(1+exposição),NACIONAL,ADL BIC + 11 dummies + I12,2,1,True,131,116,2014-02-01,2024-12-01,131,16,-305.0952456592213,-259.0920884880029
Total (2013–2024),Brasil,Tipologia | Erosão,Protocolos,ΔI; Δlog(1+exposição),NACIONAL,ADL BIC + 11 dummies + I12,2,2,True,131,116,2014-02-01,2024-12-01,131,17,-303.27560360775635,-254.39724911333678
Total (2013–2024),Brasil,Tipologia | Erosão,Protocolos,ΔI; Δlog(1+exposição),NACIONAL,ADL BIC + 11 dummies + I12,2,3,True,131,116,2014-02-01,2024-12-01,131,18,-301.6566393645121,-249.90308754689138
Total (2013–2024),Brasil,Tipologia | Erosão,Protocolos,ΔI; Δlog(1+exposição),NACIONAL,ADL BIC + 11 dummies + I12,3,0,True,131,116,2014-02-01,2024-12-01,131,16,-306.4819729251485,-260.4788157539301
Total (2013–2024),Brasil,Tipologia | Erosão,Protocolos,ΔI; Δlog(1+exposição),NACIONAL,ADL BIC + 11 dummies + I12,3,1,True,131,116,2014-02-01,2024-12-01,131,17,-304.5677520270623,-255.68939753264272
Total (2013–2024),Brasil,Tipologia | Erosão,Protocolos,ΔI; Δlog(1+exposição),NACIONAL,ADL BIC + 11 dummies + I12,3,2,True,131,116,2014-02-01,2024-12-01,131,18,-302.61595796895426,-250.86240615133354
Total (2013–2024),Brasil,Tipologia | Erosão,Protocolos,ΔI; Δlog(1+exposição),NACIONAL,ADL BIC + 11 dummies + I12,3,3,True,131,116,2014-02-01,2024-12-01,131,19,-301.00484890020823,-246.37609975938636
Total (2013–2024),Brasil,Tipologia | Erosão,Protocolos,ΔI; Δlog(1+exposição),NACIONAL,ADL BIC + 11 dummies + I12,4,0,True,131,116,2014-02-01,2024-12-01,131,17,-306.0955267533569,-257.21717225893735
Total (2013–2024),Brasil,Tipologia | Erosão,Protocolos,ΔI; Δlog(1+exposição),NACIONAL,ADL BIC + 11 dummies + I12,4,1,True,131,116,2014-02-01,2024-12-01,131,18,-304.25250506251473,-252.498953244894
Total (2013–2024),Brasil,Tipologia | Erosão,Protocolos,ΔI; Δlog(1+exposição),NACIONAL,ADL BIC + 11 dummies + I12,4,2,True,131,116,2014-02-01,2024-12-01,131,19,-302.32003947811677,-247.6912903372949
Total (2013–2024),Brasil,Tipologia | Erosão,Protocolos,ΔI; Δlog(1+exposição),NACIONAL,ADL BIC + 11 dummies + I12,4,3,True,131,116,2014-02-01,2024-12-01,131,20,-300.4373853552679,-242.9334388912449
Total (2013–2024),Brasil,Tipologia | Erosão,Protocolos,ΔI; Δlog(1+exposição),NACIONAL,ADL BIC + 11 dummies + I12,5,0,True,131,116,2014-02-01,2024-12-01,131,18,-304.6176294239874,-252.8640776063667
Total (2013–2024),Brasil,Tipologia | Erosão,Protocolos,ΔI; Δlog(1+exposição),NACIONAL,ADL BIC + 11 dummies + I12,5,1,True,131,116,2014-02-01,2024-12-01,131,19,-302.70916188522835,-248.0804127444065
Total (2013–2024),Brasil,Tipologia | Erosão,Protocolos,ΔI; Δlog(1+exposição),NACIONAL,ADL BIC + 11 dummies + I12,5,2,True,131,116,2014-02-01,2024-12-01,131,20,-300.78640164048875,-243.28245517646573
Total (2013–2024),Brasil,Tipologia | Erosão,Protocolos,ΔI; Δlog(1+exposição),NACIONAL,ADL BIC + 11 dummies + I12,5,3,True,131,116,2014-02-01,2024-12-01,131,21,-298.9051035969111,-238.52595980968692
Total (2013–2024),Brasil,Tipologia | Erosão,Protocolos,ΔI; Δlog(1+exposição),NACIONAL,ADL BIC + 11 dummies + I12,6,0,True,131,116,2014-02-01,2024-12-01,131,19,-305.14812659722713,-250.51937745640527
Total (2013–2024),Brasil,Tipologia | Erosão,Protocolos,ΔI; Δlog(1+exposição),NACIONAL,ADL BIC + 11 dummies + I12,6,1,True,131,116,2014-02-01,2024-12-01,131,20,-303.3400086168775,-245.8360621528545
Total (2013–2024),Brasil,Tipologia | Erosão,Protocolos,ΔI; Δlog(1+exposição),NACIONAL,ADL BIC + 11 dummies + I12,6,2,True,131,116,2014-02-01,2024-12-01,131,21,-301.6855695055009,-241.30642571827673
Total (2013–2024),Brasil,Tipologia | Erosão,Protocolos,ΔI; Δlog(1+exposição),NACIONAL,ADL BIC + 11 dummies + I12,6,3,True,131,116,2014-02-01,2024-12-01,131,22,-299.76626310705694,-236.5119219966316
Total (2013–2024),Brasil,Tipologia | Erosão,Protocolos,ΔI; Δlog(1+exposição),DETERMINISTICAS,ADL BIC + 11 dummies + I12 + janela pandemia,1,0,True,131,115,2014-02-01,2024-12-01,131,15,-307.36060153553126,-264.232641687514
Total (2013–2024),Brasil,Tipologia | Erosão,Protocolos,ΔI; Δlog(1+exposição),DETERMINISTICAS,ADL BIC + 11 dummies + I12 + janela pandemia,1,1,True,131,115,2014-02-01,2024-12-01,131,16,-305.5635806037544,-259.560423432536
Total (2013–2024),Brasil,Tipologia | Erosão,Protocolos,ΔI; Δlog(1+exposição),DETERMINISTICAS,ADL BIC + 11 dummies + I12 + janela pandemia,1,2,True,131,115,2014-02-01,2024-12-01,131,17,-303.7322223790312,-254.85386788461165
Total (2013–2024),Brasil,Tipologia | Erosão,Protocolos,ΔI; Δlog(1+exposição),DETERMINISTICAS,ADL BIC + 11 dummies + I12 + janela pandemia,1,3,True,131,115,2014-02-01,2024-12-01,131,18,-302.31057540292306,-250.55702358530235
Total (2013–2024),Brasil,Tipologia | Erosão,Protocolos,ΔI; Δlog(1+exposição),DETERMINISTICAS,ADL BIC + 11 dummies + I12 + janela pandemia,2,0,True,131,115,2014-02-01,2024-12-01,131,16,-307.8206491485829,-261.8174919773645
Total (2013–2024),Brasil,Tipologia | Erosão,Protocolos,ΔI; Δlog(1+exposição),DETERMINISTICAS,ADL BIC + 11 dummies + I12 + janela pandemia,2,1,True,131,115,2014-02-01,2024-12-01,131,17,-305.8632291031578,-256.9848746087382
Total (2013–2024),Brasil,Tipologia | Erosão,Protocolos,ΔI; Δlog(1+exposição),DETERMINISTICAS,ADL BIC + 11 dummies + I12 + janela pandemia,2,2,True,131,115,2014-02-01,2024-12-01,131,18,-304.0501544479731,-252.2966026303524
Total (2013–2024),Brasil,Tipologia | Erosão,Protocolos,ΔI; Δlog(1+exposição),DETERMINISTICAS,ADL BIC + 11 dummies + I12 + janela pandemia,2,3,True,131,115,2014-02-01,2024-12-01,131,19,-302.6170707672039,-247.98832162638206
Total (2013–2024),Brasil,Tipologia | Erosão,Protocolos,ΔI; Δlog(1+exposição),DETERMINISTICAS,ADL BIC + 11 dummies + I12 + janela pandemia,3,0,True,131,115,2014-02-01,2024-12-01,131,17,-306.9513531359471,-258.07299864152753
Total (2013–2024),Brasil,Tipologia | Erosão,Protocolos,ΔI; Δlog(1+exposição),DETERMINISTICAS,ADL BIC + 11 dummies + I12 + janela pandemia,3,1,True,131,115,2014-02-01,2024-12-01,131,18,-305.00574102581675,-253.25218920819603
Total (2013–2024),Brasil,Tipologia | Erosão,Protocolos,ΔI; Δlog(1+exposição),DETERMINISTICAS,ADL BIC + 11 dummies + I12 + janela pandemia,3,2,True,131,115,2014-02-01,2024-12-01,131,19,-303.06894459053626,-248.4401954497144
Total (2013–2024),Brasil,Tipologia | Erosão,Protocolos,ΔI; Δlog(1+exposição),DETERMINISTICAS,ADL BIC + 11 dummies + I12 + janela pandemia,3,3,True,131,115,2014-02-01,2024-12-01,131,20,-301.63304648234816,-244.12910001832515
Total (2013–2024),Brasil,Tipologia | Erosão,Protocolos,ΔI; Δlog(1+exposição),DETERMINISTICAS,ADL BIC + 11 dummies + I12 + janela pandemia,4,0,True,131,115,2014-02-01,2024-12-01,131,18,-306.92395752908124,-255.17040571146052
Total (2013–2024),Brasil,Tipologia | Erosão,Protocolos,ΔI; Δlog(1+exposição),DETERMINISTICAS,ADL BIC + 11 dummies + I12 + janela pandemia,4,1,True,131,115,2014-02-01,2024-12-01,131,19,-305.0417016935013,-250.41295255267943
Total (2013–2024),Brasil,Tipologia | Erosão,Protocolos,ΔI; Δlog(1+exposição),DETERMINISTICAS,ADL BIC + 11 dummies + I12 + janela pandemia,4,2,True,131,115,2014-02-01,2024-12-01,131,20,-303.1306464936562,-245.62670002963316
Total (2013–2024),Brasil,Tipologia | Erosão,Protocolos,ΔI; Δlog(1+exposição),DETERMINISTICAS,ADL BIC + 11 dummies + I12 + janela pandemia,4,3,True,131,115,2014-02-01,2024-12-01,131,21,-301.3336009526096,-240.9544571653854
Total (2013–2024),Brasil,Tipologia | Erosão,Protocolos,ΔI; Δlog(1+exposição),DETERMINISTICAS,ADL BIC + 11 dummies + I12 + janela pandemia,5,0,True,131,115,2014-02-01,2024-12-01,131,19,-305.6416063286539,-251.01285718783203
Total (2013–2024),Brasil,Tipologia | Erosão,Protocolos,ΔI; Δlog(1+exposição),DETERMINISTICAS,ADL BIC + 11 dummies + I12 + janela pandemia,5,1,True,131,115,2014-02-01,2024-12-01,131,20,-303.6945042408935,-246.19055777687046
Total (2013–2024),Brasil,Tipologia | Erosão,Protocolos,ΔI; Δlog(1+exposição),DETERMINISTICAS,ADL BIC + 11 dummies + I12 + janela pandemia,5,2,True,131,115,2014-02-01,2024-12-01,131,21,-301.797768707782,-241.41862492055782
Total (2013–2024),Brasil,Tipologia | Erosão,Protocolos,ΔI; Δlog(1+exposição),DETERMINISTICAS,ADL BIC + 11 dummies + I12 + janela pandemia,5,3,True,131,115,2014-02-01,2024-12-01,131,22,-300.0066245102995,-236.75228339987416
Total (2013–2024),Brasil,Tipologia | Erosão,Protocolos,ΔI; Δlog(1+exposição),DETERMINISTICAS,ADL BIC + 11 dummies + I12 + janela pandemia,6,0,True,131,115,2014-02-01,2024-12-01,131,20,-306.3145421251842,-248.81059566116116
Total (2013–2024),Brasil,Tipologia | Erosão,Protocolos,ΔI; Δlog(1+exposição),DETERMINISTICAS,ADL BIC + 11 dummies + I12 + janela pandemia,6,1,True,131,115,2014-02-01,2024-12-01,131,21,-304.44953930129657,-244.0703955140724
Total (2013–2024),Brasil,Tipologia | Erosão,Protocolos,ΔI; Δlog(1+exposição),DETERMINISTICAS,ADL BIC + 11 dummies + I12 + janela pandemia,6,2,True,131,115,2014-02-01,2024-12-01,131,22,-302.8596273640509,-239.60528625362554
Total (2013–2024),Brasil,Tipologia | Erosão,Protocolos,ΔI; Δlog(1+exposição),DETERMINISTICAS,ADL BIC + 11 dummies + I12 + janela pandemia,6,3,True,131,115,2014-02-01,2024-12-01,131,23,-301.0178990253887,-234.88836059176225
Total (2013–2024),Brasil,Tipologia | Estiagem e Seca,Protocolos,ΔI; Δlog(1+exposição),NACIONAL,ADL BIC + 11 dummies + I12,1,0,True,131,116,2014-02-01,2024-12-01,131,14,-305.8121983273171,-265.55943580250096
Total (2013–2024),Brasil,Tipologia | Estiagem e Seca,Protocolos,ΔI; Δlog(1+exposição),NACIONAL,ADL BIC + 11 dummies + I12,1,1,True,131,116,2014-02-01,2024-12-01,131,15,-303.9347651263769,-260.8068052783596
Total (2013–2024),Brasil,Tipologia | Estiagem e Seca,Protocolos,ΔI; Δlog(1+exposição),NACIONAL,ADL BIC + 11 dummies + I12,1,2,True,131,116,2014-02-01,2024-12-01,131,16,-301.9664416352151,-255.9632844639967
Total (2013–2024),Brasil,Tipologia | Estiagem e Seca,Protocolos,ΔI; Δlog(1+exposição),NACIONAL,ADL BIC + 11 dummies + I12,1,3,True,131,116,2014-02-01,2024-12-01,131,17,-300.08610268402117,-251.2077481896016
Total (2013–2024),Brasil,Tipologia | Estiagem e Seca,Protocolos,ΔI; Δlog(1+exposição),NACIONAL,ADL BIC + 11 dummies + I12,2,0,True,131,116,2014-02-01,2024-12-01,131,15,-307.0242788257408,-263.8963189777235
Total (2013–2024),Brasil,Tipologia | Estiagem e Seca,Protocolos,ΔI; Δlog(1+exposição),NACIONAL,ADL BIC + 11 dummies + I12,2,1,True,131,116,2014-02-01,2024-12-01,131,16,-305.6764618146435,-259.6733046434251
Total (2013–2024),Brasil,Tipologia | Estiagem e Seca,Protocolos,ΔI; Δlog(1+exposição),NACIONAL,ADL BIC + 11 dummies + I12,2,2,True,131,116,2014-02-01,2024-12-01,131,17,-303.7039655985899,-254.82561110417032
Total (2013–2024),Brasil,Tipologia | Estiagem e Seca,Protocolos,ΔI; Δlog(1+exposição),NACIONAL,ADL BIC + 11 dummies + I12,2,3,True,131,116,2014-02-01,2024-12-01,131,18,-301.7451627705997,-249.99161095297896
Total (2013–2024),Brasil,Tipologia | Estiagem e Seca,Protocolos,ΔI; Δlog(1+exposição),NACIONAL,ADL BIC + 11 dummies + I12,3,0,True,131,116,2014-02-01,2024-12-01,131,16,-306.4819729251485,-260.4788157539301
Total (2013–2024),Brasil,Tipologia | Estiagem e Seca,Protocolos,ΔI; Δlog(1+exposição),NACIONAL,ADL BIC + 11 dummies + I12,3,1,True,131,116,2014-02-01,2024-12-01,131,17,-304.96554937679537,-256.0871948823758
Total (2013–2024),Brasil,Tipologia | Estiagem e Seca,Protocolos,ΔI; Δlog(1+exposição),NACIONAL,ADL BIC + 11 dummies + I12,3,2,True,131,116,2014-02-01,2024-12-01,131,18,-302.9726319610028,-251.21908014338206
Total (2013–2024),Brasil,Tipologia | Estiagem e Seca,Protocolos,ΔI; Δlog(1+exposição),NACIONAL,ADL BIC + 11 dummies + I12,3,3,True,131,116,2014-02-01,2024-12-01,131,19,-301.0250199787573,-246.39627083793545
Total (2013–2024),Brasil,Tipologia | Estiagem e Seca,Protocolos,ΔI; Δlog(1+exposição),NACIONAL,ADL BIC + 11 dummies + I12,4,0,True,131,116,2014-02-01,2024-12-01,131,17,-306.0955267533569,-257.21717225893735
Total (2013–2024),Brasil,Tipologia | Estiagem e Seca,Protocolos,ΔI; Δlog(1+exposição),NACIONAL,ADL BIC + 11 dummies + I12,4,1,True,131,116,2014-02-01,2024-12-01,131,18,-304.3913228289707,-252.63777101135
Total (2013–2024),Brasil,Tipologia | Estiagem e Seca,Protocolos,ΔI; Δlog(1+exposição),NACIONAL,ADL BIC + 11 dummies + I12,4,2,True,131,116,2014-02-01,2024-12-01,131,19,-302.41997716383446,-247.7912280230126
Total (2013–2024),Brasil,Tipologia | Estiagem e Seca,Protocolos,ΔI; Δlog(1+exposição),NACIONAL,ADL BIC + 11 dummies + I12,4,3,True,131,116,2014-02-01,2024-12-01,131,20,-300.4250319176783,-242.9210854536553
Total (2013–2024),Brasil,Tipologia | Estiagem e Seca,Protocolos,ΔI; Δlog(1+exposição),NACIONAL,ADL BIC + 11 dummies + I12,5,0,True,131,116,2014-02-01,2024-12-01,131,18,-304.6176294239874,-252.8640776063667
Total (2013–2024),Brasil,Tipologia | Estiagem e Seca,Protocolos,ΔI; Δlog(1+exposição),NACIONAL,ADL BIC + 11 dummies + I12,5,1,True,131,116,2014-02-01,2024-12-01,131,19,-302.88498518233996,-248.2562360415181
Total (2013–2024),Brasil,Tipologia | Estiagem e Seca,Protocolos,ΔI; Δlog(1+exposição),NACIONAL,ADL BIC + 11 dummies + I12,5,2,True,131,116,2014-02-01,2024-12-01,131,20,-300.8902718389262,-243.38632537490318
Total (2013–2024),Brasil,Tipologia | Estiagem e Seca,Protocolos,ΔI; Δlog(1+exposição),NACIONAL,ADL BIC + 11 dummies + I12,5,3,True,131,116,2014-02-01,2024-12-01,131,21,-298.8923849101642,-238.51324112294003
Total (2013–2024),Brasil,Tipologia | Estiagem e Seca,Protocolos,ΔI; Δlog(1+exposição),NACIONAL,ADL BIC + 11 dummies + I12,6,0,True,131,116,2014-02-01,2024-12-01,131,19,-305.14812659722713,-250.51937745640527
Total (2013–2024),Brasil,Tipologia | Estiagem e Seca,Protocolos,ΔI; Δlog(1+exposição),NACIONAL,ADL BIC + 11 dummies + I12,6,1,True,131,116,2014-02-01,2024-12-01,131,20,-303.2106674464113,-245.7067209823883
Total (2013–2024),Brasil,Tipologia | Estiagem e Seca,Protocolos,ΔI; Δlog(1+exposição),NACIONAL,ADL BIC + 11 dummies + I12,6,2,True,131,116,2014-02-01,2024-12-01,131,21,-301.21340417205965,-240.8342603848355
Total (2013–2024),Brasil,Tipologia | Estiagem e Seca,Protocolos,ΔI; Δlog(1+exposição),NACIONAL,ADL BIC + 11 dummies + I12,6,3,True,131,116,2014-02-01,2024-12-01,131,22,-299.2169531535885,-235.96261204316318
Total (2013–2024),Brasil,Tipologia | Estiagem e Seca,Protocolos,ΔI; Δlog(1+exposição),DETERMINISTICAS,ADL BIC + 11 dummies + I12 + janela pandemia,1,0,True,131,115,2014-02-01,2024-12-01,131,15,-307.36060153553126,-264.232641687514
Total (2013–2024),Brasil,Tipologia | Estiagem e Seca,Protocolos,ΔI; Δlog(1+exposição),DETERMINISTICAS,ADL BIC + 11 dummies + I12 + janela pandemia,1,1,True,131,115,2014-02-01,2024-12-01,131,16,-305.4572238135114,-259.454066642293
Total (2013–2024),Brasil,Tipologia | Estiagem e Seca,Protocolos,ΔI; Δlog(1+exposição),DETERMINISTICAS,ADL BIC + 11 dummies + I12 + janela pandemia,1,2,True,131,115,2014-02-01,2024-12-01,131,17,-303.46651388809335,-254.58815939367378
Total (2013–2024),Brasil,Tipologia | Estiagem e Seca,Protocolos,ΔI; Δlog(1+exposição),DETERMINISTICAS,ADL BIC + 11 dummies + I12 + janela pandemia,1,3,True,131,115,2014-02-01,2024-12-01,131,18,-301.73508143753156,-249.98152961991084
Total (2013–2024),Brasil,Tipologia | Estiagem e Seca,Protocolos,ΔI; Δlog(1+exposição),DETERMINISTICAS,ADL BIC + 11 dummies + I12 + janela pandemia,2,0,True,131,115,2014-02-01,2024-12-01,131,16,-307.8206491485829,-261.8174919773645
Total (2013–2024),Brasil,Tipologia | Estiagem e Seca,Protocolos,ΔI; Δlog(1+exposição),DETERMINISTICAS,ADL BIC + 11 dummies + I12 + janela pandemia,2,1,True,131,115,2014-02-01,2024-12-01,131,17,-306.33866153850374,-257.4603070440842
Total (2013–2024),Brasil,Tipologia | Estiagem e Seca,Protocolos,ΔI; Δlog(1+exposição),DETERMINISTICAS,ADL BIC + 11 dummies + I12 + janela pandemia,2,2,True,131,115,2014-02-01,2024-12-01,131,18,-304.34781476217256,-252.59426294455184
Total (2013–2024),Brasil,Tipologia | Estiagem e Seca,Protocolos,ΔI; Δlog(1+exposição),DETERMINISTICAS,ADL BIC + 11 dummies + I12 + janela pandemia,2,3,True,131,115,2014-02-01,2024-12-01,131,19,-302.48546744156397,-247.8567183007421
Total (2013–2024),Brasil,Tipologia | Estiagem e Seca,Protocolos,ΔI; Δlog(1+exposição),DETERMINISTICAS,ADL BIC + 11 dummies + I12 + janela pandemia,3,0,True,131,115,2014-02-01,2024-12-01,131,17,-306.9513531359471,-258.07299864152753
Total (2013–2024),Brasil,Tipologia | Estiagem e Seca,Protocolos,ΔI; Δlog(1+exposição),DETERMINISTICAS,ADL BIC + 11 dummies + I12 + janela pandemia,3,1,True,131,115,2014-02-01,2024-12-01,131,18,-305.34229969649084,-253.58874787887012
Total (2013–2024),Brasil,Tipologia | Estiagem e Seca,Protocolos,ΔI; Δlog(1+exposição),DETERMINISTICAS,ADL BIC + 11 dummies + I12 + janela pandemia,3,2,True,131,115,2014-02-01,2024-12-01,131,19,-303.35751994753787,-248.728770806716
Total (2013–2024),Brasil,Tipologia | Estiagem e Seca,Protocolos,ΔI; Δlog(1+exposição),DETERMINISTICAS,ADL BIC + 11 dummies + I12 + janela pandemia,3,3,True,131,115,2014-02-01,2024-12-01,131,20,-301.5068283371861,-244.0028818731631
Total (2013–2024),Brasil,Tipologia | Estiagem e Seca,Protocolos,ΔI; Δlog(1+exposição),DETERMINISTICAS,ADL BIC + 11 dummies + I12 + janela pandemia,4,0,True,131,115,2014-02-01,2024-12-01,131,18,-306.92395752908124,-255.17040571146052
Total (2013–2024),Brasil,Tipologia | Estiagem e Seca,Protocolos,ΔI; Δlog(1+exposição),DETERMINISTICAS,ADL BIC + 11 dummies + I12 + janela pandemia,4,1,True,131,115,2014-02-01,2024-12-01,131,19,-305.1272410412089,-250.49849190038702
Total (2013–2024),Brasil,Tipologia | Estiagem e Seca,Protocolos,ΔI; Δlog(1+exposição),DETERMINISTICAS,ADL BIC + 11 dummies + I12 + janela pandemia,4,2,True,131,115,2014-02-01,2024-12-01,131,20,-303.1766004869419,-245.67265402291886
Total (2013–2024),Brasil,Tipologia | Estiagem e Seca,Protocolos,ΔI; Δlog(1+exposição),DETERMINISTICAS,ADL BIC + 11 dummies + I12 + janela pandemia,4,3,True,131,115,2014-02-01,2024-12-01,131,21,-301.18067180865546,-240.8015280214313
Total (2013–2024),Brasil,Tipologia | Estiagem e Seca,Protocolos,ΔI; Δlog(1+exposição),DETERMINISTICAS,ADL BIC + 11 dummies + I12 + janela pandemia,5,0,True,131,115,2014-02-01,2024-12-01,131,19,-305.6416063286539,-251.01285718783203
Total (2013–2024),Brasil,Tipologia | Estiagem e Seca,Protocolos,ΔI; Δlog(1+exposição),DETERMINISTICAS,ADL BIC + 11 dummies + I12 + janela pandemia,5,1,True,131,115,2014-02-01,2024-12-01,131,20,-303.814502293758,-246.31055582973497
Total (2013–2024),Brasil,Tipologia | Estiagem e Seca,Protocolos,ΔI; Δlog(1+exposição),DETERMINISTICAS,ADL BIC + 11 dummies + I12 + janela pandemia,5,2,True,131,115,2014-02-01,2024-12-01,131,21,-301.8266125091827,-241.44746872195856
Total (2013–2024),Brasil,Tipologia | Estiagem e Seca,Protocolos,ΔI; Δlog(1+exposição),DETERMINISTICAS,ADL BIC + 11 dummies + I12 + janela pandemia,5,3,True,131,115,2014-02-01,2024-12-01,131,22,-299.8362834466765,-236.58194233625113
Total (2013–2024),Brasil,Tipologia | Estiagem e Seca,Protocolos,ΔI; Δlog(1+exposição),DETERMINISTICAS,ADL BIC + 11 dummies + I12 + janela pandemia,6,0,True,131,115,2014-02-01,2024-12-01,131,20,-306.3145421251842,-248.81059566116116
Total (2013–2024),Brasil,Tipologia | Estiagem e Seca,Protocolos,ΔI; Δlog(1+exposição),DETERMINISTICAS,ADL BIC + 11 dummies + I12 + janela pandemia,6,1,True,131,115,2014-02-01,2024-12-01,131,21,-304.3332460856607,-243.9541022984365
Total (2013–2024),Brasil,Tipologia | Estiagem e Seca,Protocolos,ΔI; Δlog(1+exposição),DETERMINISTICAS,ADL BIC + 11 dummies + I12 + janela pandemia,6,2,True,131,115,2014-02-01,2024-12-01,131,22,-302.33360019337965,-239.0792590829543
Total (2013–2024),Brasil,Tipologia | Estiagem e Seca,Protocolos,ΔI; Δlog(1+exposição),DETERMINISTICAS,ADL BIC + 11 dummies + I12 + janela pandemia,6,3,True,131,115,2014-02-01,2024-12-01,131,23,-300.37913601812556,-234.2495975844991
Total (2013–2024),Brasil,Tipologia | Granizo,Protocolos,ΔI; Δlog(1+exposição),NACIONAL,ADL BIC + 11 dummies + I12,1,0,True,131,116,2014-02-01,2024-12-01,131,14,-305.8121983273171,-265.55943580250096
Total (2013–2024),Brasil,Tipologia | Granizo,Protocolos,ΔI; Δlog(1+exposição),NACIONAL,ADL BIC + 11 dummies + I12,1,1,True,131,116,2014-02-01,2024-12-01,131,15,-304.21434404063586,-261.0863841926186
Total (2013–2024),Brasil,Tipologia | Granizo,Protocolos,ΔI; Δlog(1+exposição),NACIONAL,ADL BIC + 11 dummies + I12,1,2,True,131,116,2014-02-01,2024-12-01,131,16,-302.5212289071337,-256.5180717359153
Total (2013–2024),Brasil,Tipologia | Granizo,Protocolos,ΔI; Δlog(1+exposição),NACIONAL,ADL BIC + 11 dummies + I12,1,3,True,131,116,2014-02-01,2024-12-01,131,17,-302.48710345829716,-253.6087489638776
Total (2013–2024),Brasil,Tipologia | Granizo,Protocolos,ΔI; Δlog(1+exposição),NACIONAL,ADL BIC + 11 dummies + I12,2,0,True,131,116,2014-02-01,2024-12-01,131,15,-307.0242788257408,-263.8963189777235
Total (2013–2024),Brasil,Tipologia | Granizo,Protocolos,ΔI; Δlog(1+exposição),NACIONAL,ADL BIC + 11 dummies + I12,2,1,True,131,116,2014-02-01,2024-12-01,131,16,-305.5180314352042,-259.5148742639858
Total (2013–2024),Brasil,Tipologia | Granizo,Protocolos,ΔI; Δlog(1+exposição),NACIONAL,ADL BIC + 11 dummies + I12,2,2,True,131,116,2014-02-01,2024-12-01,131,17,-303.7065022385823,-254.82814774416272
Total (2013–2024),Brasil,Tipologia | Granizo,Protocolos,ΔI; Δlog(1+exposição),NACIONAL,ADL BIC + 11 dummies + I12,2,3,True,131,116,2014-02-01,2024-12-01,131,18,-303.9565162532067,-252.20296443558598
Total (2013–2024),Brasil,Tipologia | Granizo,Protocolos,ΔI; Δlog(1+exposição),NACIONAL,ADL BIC + 11 dummies + I12,3,0,True,131,116,2014-02-01,2024-12-01,131,16,-306.4819729251485,-260.4788157539301
Total (2013–2024),Brasil,Tipologia | Granizo,Protocolos,ΔI; Δlog(1+exposição),NACIONAL,ADL BIC + 11 dummies + I12,3,1,True,131,116,2014-02-01,2024-12-01,131,17,-304.644416156979,-255.76606166255942
Total (2013–2024),Brasil,Tipologia | Granizo,Protocolos,ΔI; Δlog(1+exposição),NACIONAL,ADL BIC + 11 dummies + I12,3,2,True,131,116,2014-02-01,2024-12-01,131,18,-302.94499148594355,-251.19143966832283
Total (2013–2024),Brasil,Tipologia | Granizo,Protocolos,ΔI; Δlog(1+exposição),NACIONAL,ADL BIC + 11 dummies + I12,3,3,True,131,116,2014-02-01,2024-12-01,131,19,-303.3430621096412,-248.71431296881934
Total (2013–2024),Brasil,Tipologia | Granizo,Protocolos,ΔI; Δlog(1+exposição),NACIONAL,ADL BIC + 11 dummies + I12,4,0,True,131,116,2014-02-01,2024-12-01,131,17,-306.0955267533569,-257.21717225893735
Total (2013–2024),Brasil,Tipologia | Granizo,Protocolos,ΔI; Δlog(1+exposição),NACIONAL,ADL BIC + 11 dummies + I12,4,1,True,131,116,2014-02-01,2024-12-01,131,18,-304.1147515118456,-252.3611996942249
Total (2013–2024),Brasil,Tipologia | Granizo,Protocolos,ΔI; Δlog(1+exposição),NACIONAL,ADL BIC + 11 dummies + I12,4,2,True,131,116,2014-02-01,2024-12-01,131,19,-302.2516387692152,-247.62288962839335
Total (2013–2024),Brasil,Tipologia | Granizo,Protocolos,ΔI; Δlog(1+exposição),NACIONAL,ADL BIC + 11 dummies + I12,4,3,True,131,116,2014-02-01,2024-12-01,131,20,-302.3840718082997,-244.8801253442767
Total (2013–2024),Brasil,Tipologia | Granizo,Protocolos,ΔI; Δlog(1+exposição),NACIONAL,ADL BIC + 11 dummies + I12,5,0,True,131,116,2014-02-01,2024-12-01,131,18,-304.6176294239874,-252.8640776063667
Total (2013–2024),Brasil,Tipologia | Granizo,Protocolos,ΔI; Δlog(1+exposição),NACIONAL,ADL BIC + 11 dummies + I12,5,1,True,131,116,2014-02-01,2024-12-01,131,19,-302.64507644676723,-248.01632730594537
Total (2013–2024),Brasil,Tipologia | Granizo,Protocolos,ΔI; Δlog(1+exposição),NACIONAL,ADL BIC + 11 dummies + I12,5,2,True,131,116,2014-02-01,2024-12-01,131,20,-300.95470266432005,-243.45075620029704
Total (2013–2024),Brasil,Tipologia | Granizo,Protocolos,ΔI; Δlog(1+exposição),NACIONAL,ADL BIC + 11 dummies + I12,5,3,True,131,116,2014-02-01,2024-12-01,131,21,-300.85114522795766,-240.4720014407335
Total (2013–2024),Brasil,Tipologia | Granizo,Protocolos,ΔI; Δlog(1+exposição),NACIONAL,ADL BIC + 11 dummies + I12,6,0,True,131,116,2014-02-01,2024-12-01,131,19,-305.14812659722713,-250.51937745640527
Total (2013–2024),Brasil,Tipologia | Granizo,Protocolos,ΔI; Δlog(1+exposição),NACIONAL,ADL BIC + 11 dummies + I12,6,1,True,131,116,2014-02-01,2024-12-01,131,20,-303.2144482420231,-245.71050177800007
Total (2013–2024),Brasil,Tipologia | Granizo,Protocolos,ΔI; Δlog(1+exposição),NACIONAL,ADL BIC + 11 dummies + I12,6,2,True,131,116,2014-02-01,2024-12-01,131,21,-301.48900890313064,-241.10986511590647
Total (2013–2024),Brasil,Tipologia | Granizo,Protocolos,ΔI; Δlog(1+exposição),NACIONAL,ADL BIC + 11 dummies + I12,6,3,True,131,116,2014-02-01,2024-12-01,131,22,-300.50968892881065,-237.2553478183853
Total (2013–2024),Brasil,Tipologia | Granizo,Protocolos,ΔI; Δlog(1+exposição),DETERMINISTICAS,ADL BIC + 11 dummies + I12 + janela pandemia,1,0,True,131,115,2014-02-01,2024-12-01,131,15,-307.36060153553126,-264.232641687514
Total (2013–2024),Brasil,Tipologia | Granizo,Protocolos,ΔI; Δlog(1+exposição),DETERMINISTICAS,ADL BIC + 11 dummies + I12 + janela pandemia,1,1,True,131,115,2014-02-01,2024-12-01,131,16,-305.8244091304566,-259.8212519592382
Total (2013–2024),Brasil,Tipologia | Granizo,Protocolos,ΔI; Δlog(1+exposição),DETERMINISTICAS,ADL BIC + 11 dummies + I12 + janela pandemia,1,2,True,131,115,2014-02-01,2024-12-01,131,17,-304.1641967470489,-255.28584225262932
Total (2013–2024),Brasil,Tipologia | Granizo,Protocolos,ΔI; Δlog(1+exposição),DETERMINISTICAS,ADL BIC + 11 dummies + I12 + janela pandemia,1,3,True,131,115,2014-02-01,2024-12-01,131,18,-304.44352232161975,-252.68997050399904
Total (2013–2024),Brasil,Tipologia | Granizo,Protocolos,ΔI; Δlog(1+exposição),DETERMINISTICAS,ADL BIC + 11 dummies + I12 + janela pandemia,2,0,True,131,115,2014-02-01,2024-12-01,131,16,-307.8206491485829,-261.8174919773645
Total (2013–2024),Brasil,Tipologia | Granizo,Protocolos,ΔI; Δlog(1+exposição),DETERMINISTICAS,ADL BIC + 11 dummies + I12 + janela pandemia,2,1,True,131,115,2014-02-01,2024-12-01,131,17,-306.36334199631335,-257.4849875018938
Total (2013–2024),Brasil,Tipologia | Granizo,Protocolos,ΔI; Δlog(1+exposição),DETERMINISTICAS,ADL BIC + 11 dummies + I12 + janela pandemia,2,2,True,131,115,2014-02-01,2024-12-01,131,18,-304.58832036569186,-252.83476854807114
Total (2013–2024),Brasil,Tipologia | Granizo,Protocolos,ΔI; Δlog(1+exposição),DETERMINISTICAS,ADL BIC + 11 dummies + I12 + janela pandemia,2,3,True,131,115,2014-02-01,2024-12-01,131,19,-305.1009137903717,-250.47216464954982
Total (2013–2024),Brasil,Tipologia | Granizo,Protocolos,ΔI; Δlog(1+exposição),DETERMINISTICAS,ADL BIC + 11 dummies + I12 + janela pandemia,3,0,True,131,115,2014-02-01,2024-12-01,131,17,-306.9513531359471,-258.07299864152753
Total (2013–2024),Brasil,Tipologia | Granizo,Protocolos,ΔI; Δlog(1+exposição),DETERMINISTICAS,ADL BIC + 11 dummies + I12 + janela pandemia,3,1,True,131,115,2014-02-01,2024-12-01,131,18,-305.1762166510091,-253.42266483338838
Total (2013–2024),Brasil,Tipologia | Granizo,Protocolos,ΔI; Δlog(1+exposição),DETERMINISTICAS,ADL BIC + 11 dummies + I12 + janela pandemia,3,2,True,131,115,2014-02-01,2024-12-01,131,19,-303.50126562756236,-248.8725164867405
Total (2013–2024),Brasil,Tipologia | Granizo,Protocolos,ΔI; Δlog(1+exposição),DETERMINISTICAS,ADL BIC + 11 dummies + I12 + janela pandemia,3,3,True,131,115,2014-02-01,2024-12-01,131,20,-304.13410405030027,-246.63015758627725
Total (2013–2024),Brasil,Tipologia | Granizo,Protocolos,ΔI; Δlog(1+exposição),DETERMINISTICAS,ADL BIC + 11 dummies + I12 + janela pandemia,4,0,True,131,115,2014-02-01,2024-12-01,131,18,-306.92395752908124,-255.17040571146052
Total (2013–2024),Brasil,Tipologia | Granizo,Protocolos,ΔI; Δlog(1+exposição),DETERMINISTICAS,ADL BIC + 11 dummies + I12 + janela pandemia,4,1,True,131,115,2014-02-01,2024-12-01,131,19,-304.958717017273,-250.32996787645112
Total (2013–2024),Brasil,Tipologia | Granizo,Protocolos,ΔI; Δlog(1+exposição),DETERMINISTICAS,ADL BIC + 11 dummies + I12 + janela pandemia,4,2,True,131,115,2014-02-01,2024-12-01,131,20,-303.0987884791924,-245.5948420151694
Total (2013–2024),Brasil,Tipologia | Granizo,Protocolos,ΔI; Δlog(1+exposição),DETERMINISTICAS,ADL BIC + 11 dummies + I12 + janela pandemia,4,3,True,131,115,2014-02-01,2024-12-01,131,21,-303.4343148362267,-243.05517104900252
Total (2013–2024),Brasil,Tipologia | Granizo,Protocolos,ΔI; Δlog(1+exposição),DETERMINISTICAS,ADL BIC + 11 dummies + I12 + janela pandemia,5,0,True,131,115,2014-02-01,2024-12-01,131,19,-305.6416063286539,-251.01285718783203
Total (2013–2024),Brasil,Tipologia | Granizo,Protocolos,ΔI; Δlog(1+exposição),DETERMINISTICAS,ADL BIC + 11 dummies + I12 + janela pandemia,5,1,True,131,115,2014-02-01,2024-12-01,131,20,-303.69000921914835,-246.18606275512533
Total (2013–2024),Brasil,Tipologia | Granizo,Protocolos,ΔI; Δlog(1+exposição),DETERMINISTICAS,ADL BIC + 11 dummies + I12 + janela pandemia,5,2,True,131,115,2014-02-01,2024-12-01,131,21,-302.0408974352665,-241.66175364804235
Total (2013–2024),Brasil,Tipologia | Granizo,Protocolos,ΔI; Δlog(1+exposição),DETERMINISTICAS,ADL BIC + 11 dummies + I12 + janela pandemia,5,3,True,131,115,2014-02-01,2024-12-01,131,22,-302.09496091034475,-238.8406197999194
Total (2013–2024),Brasil,Tipologia | Granizo,Protocolos,ΔI; Δlog(1+exposição),DETERMINISTICAS,ADL BIC + 11 dummies + I12 + janela pandemia,6,0,True,131,115,2014-02-01,2024-12-01,131,20,-306.3145421251842,-248.81059566116116
Total (2013–2024),Brasil,Tipologia | Granizo,Protocolos,ΔI; Δlog(1+exposição),DETERMINISTICAS,ADL BIC + 11 dummies + I12 + janela pandemia,6,1,True,131,115,2014-02-01,2024-12-01,131,21,-304.41433506547173,-244.03519127824757
Total (2013–2024),Brasil,Tipologia | Granizo,Protocolos,ΔI; Δlog(1+exposição),DETERMINISTICAS,ADL BIC + 11 dummies + I12 + janela pandemia,6,2,True,131,115,2014-02-01,2024-12-01,131,22,-302.7278223178316,-239.47348120740628
Total (2013–2024),Brasil,Tipologia | Granizo,Protocolos,ΔI; Δlog(1+exposição),DETERMINISTICAS,ADL BIC + 11 dummies + I12 + janela pandemia,6,3,True,131,115,2014-02-01,2024-12-01,131,23,-301.8450455567323,-235.71550712310585
Total (2013–2024),Brasil,Tipologia | Incêndio Florestal,Protocolos,ΔI; Δlog(1+exposição),NACIONAL,ADL BIC + 11 dummies + I12,1,0,True,131,116,2014-02-01,2024-12-01,131,14,-305.8121983273171,-265.55943580250096
Total (2013–2024),Brasil,Tipologia | Incêndio Florestal,Protocolos,ΔI; Δlog(1+exposição),NACIONAL,ADL BIC + 11 dummies + I12,1,1,True,131,116,2014-02-01,2024-12-01,131,15,-303.8511311855789,-260.7231713375616
Total (2013–2024),Brasil,Tipologia | Incêndio Florestal,Protocolos,ΔI; Δlog(1+exposição),NACIONAL,ADL BIC + 11 dummies + I12,1,2,True,131,116,2014-02-01,2024-12-01,131,16,-304.098329169066,-258.0951719978476
Total (2013–2024),Brasil,Tipologia | Incêndio Florestal,Protocolos,ΔI; Δlog(1+exposição),NACIONAL,ADL BIC + 11 dummies + I12,1,3,True,131,116,2014-02-01,2024-12-01,131,17,-305.05639881110744,-256.1780443166879
Total (2013–2024),Brasil,Tipologia | Incêndio Florestal,Protocolos,ΔI; Δlog(1+exposição),NACIONAL,ADL BIC + 11 dummies + I12,2,0,True,131,116,2014-02-01,2024-12-01,131,15,-307.0242788257408,-263.8963189777235
Total (2013–2024),Brasil,Tipologia | Incêndio Florestal,Protocolos,ΔI; Δlog(1+exposição),NACIONAL,ADL BIC + 11 dummies + I12,2,1,True,131,116,2014-02-01,2024-12-01,131,16,-305.0383696892476,-259.0352125180292
Total (2013–2024),Brasil,Tipologia | Incêndio Florestal,Protocolos,ΔI; Δlog(1+exposição),NACIONAL,ADL BIC + 11 dummies + I12,2,2,True,131,116,2014-02-01,2024-12-01,131,17,-305.58251074218606,-256.7041562477665
Total (2013–2024),Brasil,Tipologia | Incêndio Florestal,Protocolos,ΔI; Δlog(1+exposição),NACIONAL,ADL BIC + 11 dummies + I12,2,3,True,131,116,2014-02-01,2024-12-01,131,18,-306.89741308643806,-255.14386126881735
Total (2013–2024),Brasil,Tipologia | Incêndio Florestal,Protocolos,ΔI; Δlog(1+exposição),NACIONAL,ADL BIC + 11 dummies + I12,3,0,True,131,116,2014-02-01,2024-12-01,131,16,-306.4819729251485,-260.4788157539301
Total (2013–2024),Brasil,Tipologia | Incêndio Florestal,Protocolos,ΔI; Δlog(1+exposição),NACIONAL,ADL BIC + 11 dummies + I12,3,1,True,131,116,2014-02-01,2024-12-01,131,17,-304.4979384438856,-255.619583949466
Total (2013–2024),Brasil,Tipologia | Incêndio Florestal,Protocolos,ΔI; Δlog(1+exposição),NACIONAL,ADL BIC + 11 dummies + I12,3,2,True,131,116,2014-02-01,2024-12-01,131,18,-304.9194323730218,-253.16588055540106
Total (2013–2024),Brasil,Tipologia | Incêndio Florestal,Protocolos,ΔI; Δlog(1+exposição),NACIONAL,ADL BIC + 11 dummies + I12,3,3,True,131,116,2014-02-01,2024-12-01,131,19,-306.5252482510624,-251.89649911024054
Total (2013–2024),Brasil,Tipologia | Incêndio Florestal,Protocolos,ΔI; Δlog(1+exposição),NACIONAL,ADL BIC + 11 dummies + I12,4,0,True,131,116,2014-02-01,2024-12-01,131,17,-306.0955267533569,-257.21717225893735
Total (2013–2024),Brasil,Tipologia | Incêndio Florestal,Protocolos,ΔI; Δlog(1+exposição),NACIONAL,ADL BIC + 11 dummies + I12,4,1,True,131,116,2014-02-01,2024-12-01,131,18,-304.0955272818462,-252.3419754642255
Total (2013–2024),Brasil,Tipologia | Incêndio Florestal,Protocolos,ΔI; Δlog(1+exposição),NACIONAL,ADL BIC + 11 dummies + I12,4,2,True,131,116,2014-02-01,2024-12-01,131,19,-304.4862057379713,-249.85745659714945
Total (2013–2024),Brasil,Tipologia | Incêndio Florestal,Protocolos,ΔI; Δlog(1+exposição),NACIONAL,ADL BIC + 11 dummies + I12,4,3,True,131,116,2014-02-01,2024-12-01,131,20,-306.0882029877233,-248.5842565237003
Total (2013–2024),Brasil,Tipologia | Incêndio Florestal,Protocolos,ΔI; Δlog(1+exposição),NACIONAL,ADL BIC + 11 dummies + I12,5,0,True,131,116,2014-02-01,2024-12-01,131,18,-304.6176294239874,-252.8640776063667
Total (2013–2024),Brasil,Tipologia | Incêndio Florestal,Protocolos,ΔI; Δlog(1+exposição),NACIONAL,ADL BIC + 11 dummies + I12,5,1,True,131,116,2014-02-01,2024-12-01,131,19,-302.61801344952664,-247.98926430870478
Total (2013–2024),Brasil,Tipologia | Incêndio Florestal,Protocolos,ΔI; Δlog(1+exposição),NACIONAL,ADL BIC + 11 dummies + I12,5,2,True,131,116,2014-02-01,2024-12-01,131,20,-302.8293415825226,-245.32539511849959
Total (2013–2024),Brasil,Tipologia | Incêndio Florestal,Protocolos,ΔI; Δlog(1+exposição),NACIONAL,ADL BIC + 11 dummies + I12,5,3,True,131,116,2014-02-01,2024-12-01,131,21,-304.4289974715998,-244.04985368437565
Total (2013–2024),Brasil,Tipologia | Incêndio Florestal,Protocolos,ΔI; Δlog(1+exposição),NACIONAL,ADL BIC + 11 dummies + I12,6,0,True,131,116,2014-02-01,2024-12-01,131,19,-305.14812659722713,-250.51937745640527
Total (2013–2024),Brasil,Tipologia | Incêndio Florestal,Protocolos,ΔI; Δlog(1+exposição),NACIONAL,ADL BIC + 11 dummies + I12,6,1,True,131,116,2014-02-01,2024-12-01,131,20,-303.16275204196256,-245.65880557793955
Total (2013–2024),Brasil,Tipologia | Incêndio Florestal,Protocolos,ΔI; Δlog(1+exposição),NACIONAL,ADL BIC + 11 dummies + I12,6,2,True,131,116,2014-02-01,2024-12-01,131,21,-303.320215736469,-242.94107194924482
Total (2013–2024),Brasil,Tipologia | Incêndio Florestal,Protocolos,ΔI; Δlog(1+exposição),NACIONAL,ADL BIC + 11 dummies + I12,6,3,True,131,116,2014-02-01,2024-12-01,131,22,-305.84117929462195,-242.5868381841966
Total (2013–2024),Brasil,Tipologia | Incêndio Florestal,Protocolos,ΔI; Δlog(1+exposição),DETERMINISTICAS,ADL BIC + 11 dummies + I12 + janela pandemia,1,0,True,131,115,2014-02-01,2024-12-01,131,15,-307.36060153553126,-264.232641687514
Total (2013–2024),Brasil,Tipologia | Incêndio Florestal,Protocolos,ΔI; Δlog(1+exposição),DETERMINISTICAS,ADL BIC + 11 dummies + I12 + janela pandemia,1,1,True,131,115,2014-02-01,2024-12-01,131,16,-305.36796412757656,-259.36480695635817
Total (2013–2024),Brasil,Tipologia | Incêndio Florestal,Protocolos,ΔI; Δlog(1+exposição),DETERMINISTICAS,ADL BIC + 11 dummies + I12 + janela pandemia,1,2,True,131,115,2014-02-01,2024-12-01,131,17,-305.91273098025783,-257.03437648583827
Total (2013–2024),Brasil,Tipologia | Incêndio Florestal,Protocolos,ΔI; Δlog(1+exposição),DETERMINISTICAS,ADL BIC + 11 dummies + I12 + janela pandemia,1,3,True,131,115,2014-02-01,2024-12-01,131,18,-307.4534330670974,-255.6998812494767
Total (2013–2024),Brasil,Tipologia | Incêndio Florestal,Protocolos,ΔI; Δlog(1+exposição),DETERMINISTICAS,ADL BIC + 11 dummies + I12 + janela pandemia,2,0,True,131,115,2014-02-01,2024-12-01,131,16,-307.8206491485829,-261.8174919773645
Total (2013–2024),Brasil,Tipologia | Incêndio Florestal,Protocolos,ΔI; Δlog(1+exposição),DETERMINISTICAS,ADL BIC + 11 dummies + I12 + janela pandemia,2,1,True,131,115,2014-02-01,2024-12-01,131,17,-305.821435442806,-256.9430809483864
Total (2013–2024),Brasil,Tipologia | Incêndio Florestal,Protocolos,ΔI; Δlog(1+exposição),DETERMINISTICAS,ADL BIC + 11 dummies + I12 + janela pandemia,2,2,True,131,115,2014-02-01,2024-12-01,131,18,-306.612019632705,-254.8584678150843
Total (2013–2024),Brasil,Tipologia | Incêndio Florestal,Protocolos,ΔI; Δlog(1+exposição),DETERMINISTICAS,ADL BIC + 11 dummies + I12 + janela pandemia,2,3,True,131,115,2014-02-01,2024-12-01,131,19,-308.4350163409176,-253.80626720009576
Total (2013–2024),Brasil,Tipologia | Incêndio Florestal,Protocolos,ΔI; Δlog(1+exposição),DETERMINISTICAS,ADL BIC + 11 dummies + I12 + janela pandemia,3,0,True,131,115,2014-02-01,2024-12-01,131,17,-306.9513531359471,-258.07299864152753
Total (2013–2024),Brasil,Tipologia | Incêndio Florestal,Protocolos,ΔI; Δlog(1+exposição),DETERMINISTICAS,ADL BIC + 11 dummies + I12 + janela pandemia,3,1,True,131,115,2014-02-01,2024-12-01,131,18,-304.95294975217143,-253.19939793455072
Total (2013–2024),Brasil,Tipologia | Incêndio Florestal,Protocolos,ΔI; Δlog(1+exposição),DETERMINISTICAS,ADL BIC + 11 dummies + I12 + janela pandemia,3,2,True,131,115,2014-02-01,2024-12-01,131,19,-305.6173344633336,-250.9885853225117
Total (2013–2024),Brasil,Tipologia | Incêndio Florestal,Protocolos,ΔI; Δlog(1+exposição),DETERMINISTICAS,ADL BIC + 11 dummies + I12 + janela pandemia,3,3,True,131,115,2014-02-01,2024-12-01,131,20,-307.6849023108392,-250.1809558468162
Total (2013–2024),Brasil,Tipologia | Incêndio Florestal,Protocolos,ΔI; Δlog(1+exposição),DETERMINISTICAS,ADL BIC + 11 dummies + I12 + janela pandemia,4,0,True,131,115,2014-02-01,2024-12-01,131,18,-306.92395752908124,-255.17040571146052
Total (2013–2024),Brasil,Tipologia | Incêndio Florestal,Protocolos,ΔI; Δlog(1+exposição),DETERMINISTICAS,ADL BIC + 11 dummies + I12 + janela pandemia,4,1,True,131,115,2014-02-01,2024-12-01,131,19,-304.93532307518285,-250.30657393436098
Total (2013–2024),Brasil,Tipologia | Incêndio Florestal,Protocolos,ΔI; Δlog(1+exposição),DETERMINISTICAS,ADL BIC + 11 dummies + I12 + janela pandemia,4,2,True,131,115,2014-02-01,2024-12-01,131,20,-305.5830785848349,-248.07913212081186
Total (2013–2024),Brasil,Tipologia | Incêndio Florestal,Protocolos,ΔI; Δlog(1+exposição),DETERMINISTICAS,ADL BIC + 11 dummies + I12 + janela pandemia,4,3,True,131,115,2014-02-01,2024-12-01,131,21,-307.68154628409513,-247.30240249687097
Total (2013–2024),Brasil,Tipologia | Incêndio Florestal,Protocolos,ΔI; Δlog(1+exposição),DETERMINISTICAS,ADL BIC + 11 dummies + I12 + janela pandemia,5,0,True,131,115,2014-02-01,2024-12-01,131,19,-305.6416063286539,-251.01285718783203
Total (2013–2024),Brasil,Tipologia | Incêndio Florestal,Protocolos,ΔI; Δlog(1+exposição),DETERMINISTICAS,ADL BIC + 11 dummies + I12 + janela pandemia,5,1,True,131,115,2014-02-01,2024-12-01,131,20,-303.64941303076193,-246.14546656673892
Total (2013–2024),Brasil,Tipologia | Incêndio Florestal,Protocolos,ΔI; Δlog(1+exposição),DETERMINISTICAS,ADL BIC + 11 dummies + I12 + janela pandemia,5,2,True,131,115,2014-02-01,2024-12-01,131,21,-304.0815003715726,-243.70235658434842
Total (2013–2024),Brasil,Tipologia | Incêndio Florestal,Protocolos,ΔI; Δlog(1+exposição),DETERMINISTICAS,ADL BIC + 11 dummies + I12 + janela pandemia,5,3,True,131,115,2014-02-01,2024-12-01,131,22,-306.1905799608504,-242.93623885042507
Total (2013–2024),Brasil,Tipologia | Incêndio Florestal,Protocolos,ΔI; Δlog(1+exposição),DETERMINISTICAS,ADL BIC + 11 dummies + I12 + janela pandemia,6,0,True,131,115,2014-02-01,2024-12-01,131,20,-306.3145421251842,-248.81059566116116
Total (2013–2024),Brasil,Tipologia | Incêndio Florestal,Protocolos,ΔI; Δlog(1+exposição),DETERMINISTICAS,ADL BIC + 11 dummies + I12 + janela pandemia,6,1,True,131,115,2014-02-01,2024-12-01,131,21,-304.31471787501846,-243.9355740877943
Total (2013–2024),Brasil,Tipologia | Incêndio Florestal,Protocolos,ΔI; Δlog(1+exposição),DETERMINISTICAS,ADL BIC + 11 dummies + I12 + janela pandemia,6,2,True,131,115,2014-02-01,2024-12-01,131,22,-304.693841342318,-241.43950023189268
Total (2013–2024),Brasil,Tipologia | Incêndio Florestal,Protocolos,ΔI; Δlog(1+exposição),DETERMINISTICAS,ADL BIC + 11 dummies + I12 + janela pandemia,6,3,True,131,115,2014-02-01,2024-12-01,131,23,-307.8295656959548,-241.70002726232832
Total (2013–2024),Brasil,Tipologia | Inundações,Protocolos,ΔI; Δlog(1+exposição),NACIONAL,ADL BIC + 11 dummies + I12,1,0,True,131,116,2014-02-01,2024-12-01,131,14,-305.8121983273171,-265.55943580250096
Total (2013–2024),Brasil,Tipologia | Inundações,Protocolos,ΔI; Δlog(1+exposição),NACIONAL,ADL BIC + 11 dummies + I12,1,1,True,131,116,2014-02-01,2024-12-01,131,15,-304.73070390673024,-261.602744058713
Total (2013–2024),Brasil,Tipologia | Inundações,Protocolos,ΔI; Δlog(1+exposição),NACIONAL,ADL BIC + 11 dummies + I12,1,2,True,131,116,2014-02-01,2024-12-01,131,16,-302.94843364356564,-256.94527647234725
Total (2013–2024),Brasil,Tipologia | Inundações,Protocolos,ΔI; Δlog(1+exposição),NACIONAL,ADL BIC + 11 dummies + I12,1,3,True,131,116,2014-02-01,2024-12-01,131,17,-300.9624345602034,-252.08408006578384
Total (2013–2024),Brasil,Tipologia | Inundações,Protocolos,ΔI; Δlog(1+exposição),NACIONAL,ADL BIC + 11 dummies + I12,2,0,True,131,116,2014-02-01,2024-12-01,131,15,-307.0242788257408,-263.8963189777235
Total (2013–2024),Brasil,Tipologia | Inundações,Protocolos,ΔI; Δlog(1+exposição),NACIONAL,ADL BIC + 11 dummies + I12,2,1,True,131,116,2014-02-01,2024-12-01,131,16,-306.22330081059874,-260.22014363938035
Total (2013–2024),Brasil,Tipologia | Inundações,Protocolos,ΔI; Δlog(1+exposição),NACIONAL,ADL BIC + 11 dummies + I12,2,2,True,131,116,2014-02-01,2024-12-01,131,17,-304.5176319990336,-255.63927750461403
Total (2013–2024),Brasil,Tipologia | Inundações,Protocolos,ΔI; Δlog(1+exposição),NACIONAL,ADL BIC + 11 dummies + I12,2,3,True,131,116,2014-02-01,2024-12-01,131,18,-302.5511575419059,-250.7976057242852
Total (2013–2024),Brasil,Tipologia | Inundações,Protocolos,ΔI; Δlog(1+exposição),NACIONAL,ADL BIC + 11 dummies + I12,3,0,True,131,116,2014-02-01,2024-12-01,131,16,-306.4819729251485,-260.4788157539301
Total (2013–2024),Brasil,Tipologia | Inundações,Protocolos,ΔI; Δlog(1+exposição),NACIONAL,ADL BIC + 11 dummies + I12,3,1,True,131,116,2014-02-01,2024-12-01,131,17,-305.44472514844176,-256.5663706540222
Total (2013–2024),Brasil,Tipologia | Inundações,Protocolos,ΔI; Δlog(1+exposição),NACIONAL,ADL BIC + 11 dummies + I12,3,2,True,131,116,2014-02-01,2024-12-01,131,18,-303.8091811879623,-252.05562937034156
Total (2013–2024),Brasil,Tipologia | Inundações,Protocolos,ΔI; Δlog(1+exposição),NACIONAL,ADL BIC + 11 dummies + I12,3,3,True,131,116,2014-02-01,2024-12-01,131,19,-301.8319014775184,-247.20315233669652
Total (2013–2024),Brasil,Tipologia | Inundações,Protocolos,ΔI; Δlog(1+exposição),NACIONAL,ADL BIC + 11 dummies + I12,4,0,True,131,116,2014-02-01,2024-12-01,131,17,-306.0955267533569,-257.21717225893735
Total (2013–2024),Brasil,Tipologia | Inundações,Protocolos,ΔI; Δlog(1+exposição),NACIONAL,ADL BIC + 11 dummies + I12,4,1,True,131,116,2014-02-01,2024-12-01,131,18,-304.96621191358213,-253.2126600959614
Total (2013–2024),Brasil,Tipologia | Inundações,Protocolos,ΔI; Δlog(1+exposição),NACIONAL,ADL BIC + 11 dummies + I12,4,2,True,131,116,2014-02-01,2024-12-01,131,19,-303.4731416403765,-248.84439249955466
Total (2013–2024),Brasil,Tipologia | Inundações,Protocolos,ΔI; Δlog(1+exposição),NACIONAL,ADL BIC + 11 dummies + I12,4,3,True,131,116,2014-02-01,2024-12-01,131,20,-301.5294450031961,-244.02549853917307
Total (2013–2024),Brasil,Tipologia | Inundações,Protocolos,ΔI; Δlog(1+exposição),NACIONAL,ADL BIC + 11 dummies + I12,5,0,True,131,116,2014-02-01,2024-12-01,131,18,-304.6176294239874,-252.8640776063667
Total (2013–2024),Brasil,Tipologia | Inundações,Protocolos,ΔI; Δlog(1+exposição),NACIONAL,ADL BIC + 11 dummies + I12,5,1,True,131,116,2014-02-01,2024-12-01,131,19,-303.55819524949993,-248.92944610867806
Total (2013–2024),Brasil,Tipologia | Inundações,Protocolos,ΔI; Δlog(1+exposição),NACIONAL,ADL BIC + 11 dummies + I12,5,2,True,131,116,2014-02-01,2024-12-01,131,20,-302.05423142234963,-244.5502849583266
Total (2013–2024),Brasil,Tipologia | Inundações,Protocolos,ΔI; Δlog(1+exposição),NACIONAL,ADL BIC + 11 dummies + I12,5,3,True,131,116,2014-02-01,2024-12-01,131,21,-300.07998642135044,-239.70084263412627
Total (2013–2024),Brasil,Tipologia | Inundações,Protocolos,ΔI; Δlog(1+exposição),NACIONAL,ADL BIC + 11 dummies + I12,6,0,True,131,116,2014-02-01,2024-12-01,131,19,-305.14812659722713,-250.51937745640527
Total (2013–2024),Brasil,Tipologia | Inundações,Protocolos,ΔI; Δlog(1+exposição),NACIONAL,ADL BIC + 11 dummies + I12,6,1,True,131,116,2014-02-01,2024-12-01,131,20,-304.7110387823873,-247.20709231836426
Total (2013–2024),Brasil,Tipologia | Inundações,Protocolos,ΔI; Δlog(1+exposição),NACIONAL,ADL BIC + 11 dummies + I12,6,2,True,131,116,2014-02-01,2024-12-01,131,21,-303.24153772992986,-242.8623939427057
Total (2013–2024),Brasil,Tipologia | Inundações,Protocolos,ΔI; Δlog(1+exposição),NACIONAL,ADL BIC + 11 dummies + I12,6,3,True,131,116,2014-02-01,2024-12-01,131,22,-301.24587033295245,-237.9915292225271
Total (2013–2024),Brasil,Tipologia | Inundações,Protocolos,ΔI; Δlog(1+exposição),DETERMINISTICAS,ADL BIC + 11 dummies + I12 + janela pandemia,1,0,True,131,115,2014-02-01,2024-12-01,131,15,-307.36060153553126,-264.232641687514
Total (2013–2024),Brasil,Tipologia | Inundações,Protocolos,ΔI; Δlog(1+exposição),DETERMINISTICAS,ADL BIC + 11 dummies + I12 + janela pandemia,1,1,True,131,115,2014-02-01,2024-12-01,131,16,-306.1571780334974,-260.154020862279
Total (2013–2024),Brasil,Tipologia | Inundações,Protocolos,ΔI; Δlog(1+exposição),DETERMINISTICAS,ADL BIC + 11 dummies + I12 + janela pandemia,1,2,True,131,115,2014-02-01,2024-12-01,131,17,-304.4056393671791,-255.52728487275954
Total (2013–2024),Brasil,Tipologia | Inundações,Protocolos,ΔI; Δlog(1+exposição),DETERMINISTICAS,ADL BIC + 11 dummies + I12 + janela pandemia,1,3,True,131,115,2014-02-01,2024-12-01,131,18,-302.4369263502923,-250.6833745326716
Total (2013–2024),Brasil,Tipologia | Inundações,Protocolos,ΔI; Δlog(1+exposição),DETERMINISTICAS,ADL BIC + 11 dummies + I12 + janela pandemia,2,0,True,131,115,2014-02-01,2024-12-01,131,16,-307.8206491485829,-261.8174919773645
Total (2013–2024),Brasil,Tipologia | Inundações,Protocolos,ΔI; Δlog(1+exposição),DETERMINISTICAS,ADL BIC + 11 dummies + I12 + janela pandemia,2,1,True,131,115,2014-02-01,2024-12-01,131,17,-306.86259048813065,-257.9842359937111
Total (2013–2024),Brasil,Tipologia | Inundações,Protocolos,ΔI; Δlog(1+exposição),DETERMINISTICAS,ADL BIC + 11 dummies + I12 + janela pandemia,2,2,True,131,115,2014-02-01,2024-12-01,131,18,-305.17873423436686,-253.42518241674614
Total (2013–2024),Brasil,Tipologia | Inundações,Protocolos,ΔI; Δlog(1+exposição),DETERMINISTICAS,ADL BIC + 11 dummies + I12 + janela pandemia,2,3,True,131,115,2014-02-01,2024-12-01,131,19,-303.2306081081348,-248.60185896731292
Total (2013–2024),Brasil,Tipologia | Inundações,Protocolos,ΔI; Δlog(1+exposição),DETERMINISTICAS,ADL BIC + 11 dummies + I12 + janela pandemia,3,0,True,131,115,2014-02-01,2024-12-01,131,17,-306.9513531359471,-258.07299864152753
Total (2013–2024),Brasil,Tipologia | Inundações,Protocolos,ΔI; Δlog(1+exposição),DETERMINISTICAS,ADL BIC + 11 dummies + I12 + janela pandemia,3,1,True,131,115,2014-02-01,2024-12-01,131,18,-305.805659114915,-254.05210729729427
Total (2013–2024),Brasil,Tipologia | Inundações,Protocolos,ΔI; Δlog(1+exposição),DETERMINISTICAS,ADL BIC + 11 dummies + I12 + janela pandemia,3,2,True,131,115,2014-02-01,2024-12-01,131,19,-304.1843008777538,-249.55555173693193
Total (2013–2024),Brasil,Tipologia | Inundações,Protocolos,ΔI; Δlog(1+exposição),DETERMINISTICAS,ADL BIC + 11 dummies + I12 + janela pandemia,3,3,True,131,115,2014-02-01,2024-12-01,131,20,-302.2230386409459,-244.71909217692289
Total (2013–2024),Brasil,Tipologia | Inundações,Protocolos,ΔI; Δlog(1+exposição),DETERMINISTICAS,ADL BIC + 11 dummies + I12 + janela pandemia,4,0,True,131,115,2014-02-01,2024-12-01,131,18,-306.92395752908124,-255.17040571146052
Total (2013–2024),Brasil,Tipologia | Inundações,Protocolos,ΔI; Δlog(1+exposição),DETERMINISTICAS,ADL BIC + 11 dummies + I12 + janela pandemia,4,1,True,131,115,2014-02-01,2024-12-01,131,19,-305.67510801279593,-251.04635887197406
Total (2013–2024),Brasil,Tipologia | Inundações,Protocolos,ΔI; Δlog(1+exposição),DETERMINISTICAS,ADL BIC + 11 dummies + I12 + janela pandemia,4,2,True,131,115,2014-02-01,2024-12-01,131,20,-304.21765329769244,-246.71370683366942
Total (2013–2024),Brasil,Tipologia | Inundações,Protocolos,ΔI; Δlog(1+exposição),DETERMINISTICAS,ADL BIC + 11 dummies + I12 + janela pandemia,4,3,True,131,115,2014-02-01,2024-12-01,131,21,-302.305661688359,-241.92651790113484
Total (2013–2024),Brasil,Tipologia | Inundações,Protocolos,ΔI; Δlog(1+exposição),DETERMINISTICAS,ADL BIC + 11 dummies + I12 + janela pandemia,5,0,True,131,115,2014-02-01,2024-12-01,131,19,-305.6416063286539,-251.01285718783203
Total (2013–2024),Brasil,Tipologia | Inundações,Protocolos,ΔI; Δlog(1+exposição),DETERMINISTICAS,ADL BIC + 11 dummies + I12 + janela pandemia,5,1,True,131,115,2014-02-01,2024-12-01,131,20,-304.4643462102939,-246.9603997462709
Total (2013–2024),Brasil,Tipologia | Inundações,Protocolos,ΔI; Δlog(1+exposição),DETERMINISTICAS,ADL BIC + 11 dummies + I12 + janela pandemia,5,2,True,131,115,2014-02-01,2024-12-01,131,21,-302.9952383355152,-242.61609454829102
Total (2013–2024),Brasil,Tipologia | Inundações,Protocolos,ΔI; Δlog(1+exposição),DETERMINISTICAS,ADL BIC + 11 dummies + I12 + janela pandemia,5,3,True,131,115,2014-02-01,2024-12-01,131,22,-301.0392800872928,-237.78493897686747
Total (2013–2024),Brasil,Tipologia | Inundações,Protocolos,ΔI; Δlog(1+exposição),DETERMINISTICAS,ADL BIC + 11 dummies + I12 + janela pandemia,6,0,True,131,115,2014-02-01,2024-12-01,131,20,-306.3145421251842,-248.81059566116116
Total (2013–2024),Brasil,Tipologia | Inundações,Protocolos,ΔI; Δlog(1+exposição),DETERMINISTICAS,ADL BIC + 11 dummies + I12 + janela pandemia,6,1,True,131,115,2014-02-01,2024-12-01,131,21,-305.73698621699793,-245.35784242977377
Total (2013–2024),Brasil,Tipologia | Inundações,Protocolos,ΔI; Δlog(1+exposição),DETERMINISTICAS,ADL BIC + 11 dummies + I12 + janela pandemia,6,2,True,131,115,2014-02-01,2024-12-01,131,22,-304.30512064346556,-241.0507795330402
Total (2013–2024),Brasil,Tipologia | Inundações,Protocolos,ΔI; Δlog(1+exposição),DETERMINISTICAS,ADL BIC + 11 dummies + I12 + janela pandemia,6,3,True,131,115,2014-02-01,2024-12-01,131,23,-302.3182191646031,-236.1886807309766
Total (2013–2024),Brasil,Tipologia | Movimento de Massa,Protocolos,ΔI; Δlog(1+exposição),NACIONAL,ADL BIC + 11 dummies + I12,1,0,False,131,116,2014-02-01,2024-12-01,131,14,-305.8121983273171,-265.55943580250096
Total (2013–2024),Brasil,Tipologia | Movimento de Massa,Protocolos,ΔI; Δlog(1+exposição),NACIONAL,ADL BIC + 11 dummies + I12,1,1,False,131,116,2014-02-01,2024-12-01,131,15,-309.06832677832733,-265.94036693031006
Total (2013–2024),Brasil,Tipologia | Movimento de Massa,Protocolos,ΔI; Δlog(1+exposição),NACIONAL,ADL BIC + 11 dummies + I12,1,2,False,131,116,2014-02-01,2024-12-01,131,16,-307.63635810524477,-261.6332009340264
Total (2013–2024),Brasil,Tipologia | Movimento de Massa,Protocolos,ΔI; Δlog(1+exposição),NACIONAL,ADL BIC + 11 dummies + I12,1,3,False,131,116,2014-02-01,2024-12-01,131,17,-306.04970638621523,-257.17135189179567
Total (2013–2024),Brasil,Tipologia | Movimento de Massa,Protocolos,ΔI; Δlog(1+exposição),NACIONAL,ADL BIC + 11 dummies + I12,2,0,False,131,116,2014-02-01,2024-12-01,131,15,-307.0242788257408,-263.8963189777235
Total (2013–2024),Brasil,Tipologia | Movimento de Massa,Protocolos,ΔI; Δlog(1+exposição),NACIONAL,ADL BIC + 11 dummies + I12,2,1,False,131,116,2014-02-01,2024-12-01,131,16,-309.77438375468535,-263.77122658346696
Total (2013–2024),Brasil,Tipologia | Movimento de Massa,Protocolos,ΔI; Δlog(1+exposição),NACIONAL,ADL BIC + 11 dummies + I12,2,2,False,131,116,2014-02-01,2024-12-01,131,17,-308.6956108674698,-259.8172563730502
Total (2013–2024),Brasil,Tipologia | Movimento de Massa,Protocolos,ΔI; Δlog(1+exposição),NACIONAL,ADL BIC + 11 dummies + I12,2,3,False,131,116,2014-02-01,2024-12-01,131,18,-307.130512028578,-255.37696021095726
Total (2013–2024),Brasil,Tipologia | Movimento de Massa,Protocolos,ΔI; Δlog(1+exposição),NACIONAL,ADL BIC + 11 dummies + I12,3,0,False,131,116,2014-02-01,2024-12-01,131,16,-306.4819729251485,-260.4788157539301
Total (2013–2024),Brasil,Tipologia | Movimento de Massa,Protocolos,ΔI; Δlog(1+exposição),NACIONAL,ADL BIC + 11 dummies + I12,3,1,False,131,116,2014-02-01,2024-12-01,131,17,-309.56521232515,-260.68685783073045
Total (2013–2024),Brasil,Tipologia | Movimento de Massa,Protocolos,ΔI; Δlog(1+exposição),NACIONAL,ADL BIC + 11 dummies + I12,3,2,False,131,116,2014-02-01,2024-12-01,131,18,-308.4453156073622,-256.69176378974146
Total (2013–2024),Brasil,Tipologia | Movimento de Massa,Protocolos,ΔI; Δlog(1+exposição),NACIONAL,ADL BIC + 11 dummies + I12,3,3,False,131,116,2014-02-01,2024-12-01,131,19,-306.67454732100214,-252.04579818018027
Total (2013–2024),Brasil,Tipologia | Movimento de Massa,Protocolos,ΔI; Δlog(1+exposição),NACIONAL,ADL BIC + 11 dummies + I12,4,0,False,131,116,2014-02-01,2024-12-01,131,17,-306.0955267533569,-257.21717225893735
Total (2013–2024),Brasil,Tipologia | Movimento de Massa,Protocolos,ΔI; Δlog(1+exposição),NACIONAL,ADL BIC + 11 dummies + I12,4,1,False,131,116,2014-02-01,2024-12-01,131,18,-309.5946697609801,-257.84111794335934
Total (2013–2024),Brasil,Tipologia | Movimento de Massa,Protocolos,ΔI; Δlog(1+exposição),NACIONAL,ADL BIC + 11 dummies + I12,4,2,False,131,116,2014-02-01,2024-12-01,131,19,-308.37885894086344,-253.75010980004157
Total (2013–2024),Brasil,Tipologia | Movimento de Massa,Protocolos,ΔI; Δlog(1+exposição),NACIONAL,ADL BIC + 11 dummies + I12,4,3,False,131,116,2014-02-01,2024-12-01,131,20,-306.5914564956986,-249.08751003167558
Total (2013–2024),Brasil,Tipologia | Movimento de Massa,Protocolos,ΔI; Δlog(1+exposição),NACIONAL,ADL BIC + 11 dummies + I12,5,0,False,131,116,2014-02-01,2024-12-01,131,18,-304.6176294239874,-252.8640776063667
Total (2013–2024),Brasil,Tipologia | Movimento de Massa,Protocolos,ΔI; Δlog(1+exposição),NACIONAL,ADL BIC + 11 dummies + I12,5,1,False,131,116,2014-02-01,2024-12-01,131,19,-307.9536609241545,-253.32491178333265
Total (2013–2024),Brasil,Tipologia | Movimento de Massa,Protocolos,ΔI; Δlog(1+exposição),NACIONAL,ADL BIC + 11 dummies + I12,5,2,False,131,116,2014-02-01,2024-12-01,131,20,-306.84224363176247,-249.33829716773946
Total (2013–2024),Brasil,Tipologia | Movimento de Massa,Protocolos,ΔI; Δlog(1+exposição),NACIONAL,ADL BIC + 11 dummies + I12,5,3,False,131,116,2014-02-01,2024-12-01,131,21,-305.09328746355277,-244.7141436763286
Total (2013–2024),Brasil,Tipologia | Movimento de Massa,Protocolos,ΔI; Δlog(1+exposição),NACIONAL,ADL BIC + 11 dummies + I12,6,0,False,131,116,2014-02-01,2024-12-01,131,19,-305.14812659722713,-250.51937745640527
Total (2013–2024),Brasil,Tipologia | Movimento de Massa,Protocolos,ΔI; Δlog(1+exposição),NACIONAL,ADL BIC + 11 dummies + I12,6,1,False,131,116,2014-02-01,2024-12-01,131,20,-308.21769516783945,-250.71374870381644
Total (2013–2024),Brasil,Tipologia | Movimento de Massa,Protocolos,ΔI; Δlog(1+exposição),NACIONAL,ADL BIC + 11 dummies + I12,6,2,False,131,116,2014-02-01,2024-12-01,131,21,-307.2246053171036,-246.84546152987946
Total (2013–2024),Brasil,Tipologia | Movimento de Massa,Protocolos,ΔI; Δlog(1+exposição),NACIONAL,ADL BIC + 11 dummies + I12,6,3,False,131,116,2014-02-01,2024-12-01,131,22,-305.70119862120794,-242.4468575107826
Total (2013–2024),Brasil,Tipologia | Movimento de Massa,Protocolos,ΔI; Δlog(1+exposição),DETERMINISTICAS,ADL BIC + 11 dummies + I12 + janela pandemia,1,0,False,131,115,2014-02-01,2024-12-01,131,15,-307.36060153553126,-264.232641687514
Total (2013–2024),Brasil,Tipologia | Movimento de Massa,Protocolos,ΔI; Δlog(1+exposição),DETERMINISTICAS,ADL BIC + 11 dummies + I12 + janela pandemia,1,1,False,131,115,2014-02-01,2024-12-01,131,16,-310.85164355888435,-264.84848638766596
Total (2013–2024),Brasil,Tipologia | Movimento de Massa,Protocolos,ΔI; Δlog(1+exposição),DETERMINISTICAS,ADL BIC + 11 dummies + I12 + janela pandemia,1,2,False,131,115,2014-02-01,2024-12-01,131,17,-309.78379501919494,-260.9054405247754
Total (2013–2024),Brasil,Tipologia | Movimento de Massa,Protocolos,ΔI; Δlog(1+exposição),DETERMINISTICAS,ADL BIC + 11 dummies + I12 + janela pandemia,1,3,False,131,115,2014-02-01,2024-12-01,131,18,-308.0815713215402,-256.32801950391945
Total (2013–2024),Brasil,Tipologia | Movimento de Massa,Protocolos,ΔI; Δlog(1+exposição),DETERMINISTICAS,ADL BIC + 11 dummies + I12 + janela pandemia,2,0,False,131,115,2014-02-01,2024-12-01,131,16,-307.8206491485829,-261.8174919773645
Total (2013–2024),Brasil,Tipologia | Movimento de Massa,Protocolos,ΔI; Δlog(1+exposição),DETERMINISTICAS,ADL BIC + 11 dummies + I12 + janela pandemia,2,1,False,131,115,2014-02-01,2024-12-01,131,17,-310.83698816345986,-261.9586336690403
Total (2013–2024),Brasil,Tipologia | Movimento de Massa,Protocolos,ΔI; Δlog(1+exposição),DETERMINISTICAS,ADL BIC + 11 dummies + I12 + janela pandemia,2,2,False,131,115,2014-02-01,2024-12-01,131,18,-310.10467022800754,-258.3511184103868
Total (2013–2024),Brasil,Tipologia | Movimento de Massa,Protocolos,ΔI; Δlog(1+exposição),DETERMINISTICAS,ADL BIC + 11 dummies + I12 + janela pandemia,2,3,False,131,115,2014-02-01,2024-12-01,131,19,-308.42829579976456,-253.7995466589427
Total (2013–2024),Brasil,Tipologia | Movimento de Massa,Protocolos,ΔI; Δlog(1+exposição),DETERMINISTICAS,ADL BIC + 11 dummies + I12 + janela pandemia,3,0,False,131,115,2014-02-01,2024-12-01,131,17,-306.9513531359471,-258.07299864152753
Total (2013–2024),Brasil,Tipologia | Movimento de Massa,Protocolos,ΔI; Δlog(1+exposição),DETERMINISTICAS,ADL BIC + 11 dummies + I12 + janela pandemia,3,1,False,131,115,2014-02-01,2024-12-01,131,18,-310.2558191580738,-258.50226734045305
Total (2013–2024),Brasil,Tipologia | Movimento de Massa,Protocolos,ΔI; Δlog(1+exposição),DETERMINISTICAS,ADL BIC + 11 dummies + I12 + janela pandemia,3,2,False,131,115,2014-02-01,2024-12-01,131,19,-309.45960234867493,-254.83085320785307
Total (2013–2024),Brasil,Tipologia | Movimento de Massa,Protocolos,ΔI; Δlog(1+exposição),DETERMINISTICAS,ADL BIC + 11 dummies + I12 + janela pandemia,3,3,False,131,115,2014-02-01,2024-12-01,131,20,-307.63091285296093,-250.12696638893792
Total (2013–2024),Brasil,Tipologia | Movimento de Massa,Protocolos,ΔI; Δlog(1+exposição),DETERMINISTICAS,ADL BIC + 11 dummies + I12 + janela pandemia,4,0,False,131,115,2014-02-01,2024-12-01,131,18,-306.92395752908124,-255.17040571146052
Total (2013–2024),Brasil,Tipologia | Movimento de Massa,Protocolos,ΔI; Δlog(1+exposição),DETERMINISTICAS,ADL BIC + 11 dummies + I12 + janela pandemia,4,1,False,131,115,2014-02-01,2024-12-01,131,19,-310.7188288053983,-256.0900796645764
Total (2013–2024),Brasil,Tipologia | Movimento de Massa,Protocolos,ΔI; Δlog(1+exposição),DETERMINISTICAS,ADL BIC + 11 dummies + I12 + janela pandemia,4,2,False,131,115,2014-02-01,2024-12-01,131,20,-309.82397567904593,-252.3200292150229
Total (2013–2024),Brasil,Tipologia | Movimento de Massa,Protocolos,ΔI; Δlog(1+exposição),DETERMINISTICAS,ADL BIC + 11 dummies + I12 + janela pandemia,4,3,False,131,115,2014-02-01,2024-12-01,131,21,-307.9757329722572,-247.59658918503305
Total (2013–2024),Brasil,Tipologia | Movimento de Massa,Protocolos,ΔI; Δlog(1+exposição),DETERMINISTICAS,ADL BIC + 11 dummies + I12 + janela pandemia,5,0,False,131,115,2014-02-01,2024-12-01,131,19,-305.6416063286539,-251.01285718783203
Total (2013–2024),Brasil,Tipologia | Movimento de Massa,Protocolos,ΔI; Δlog(1+exposição),DETERMINISTICAS,ADL BIC + 11 dummies + I12 + janela pandemia,5,1,False,131,115,2014-02-01,2024-12-01,131,20,-309.24681225188624,-251.74286578786322
Total (2013–2024),Brasil,Tipologia | Movimento de Massa,Protocolos,ΔI; Δlog(1+exposição),DETERMINISTICAS,ADL BIC + 11 dummies + I12 + janela pandemia,5,2,False,131,115,2014-02-01,2024-12-01,131,21,-308.51559427139614,-248.13645048417197
Total (2013–2024),Brasil,Tipologia | Movimento de Massa,Protocolos,ΔI; Δlog(1+exposição),DETERMINISTICAS,ADL BIC + 11 dummies + I12 + janela pandemia,5,3,False,131,115,2014-02-01,2024-12-01,131,22,-306.70537729804676,-243.4510361876214
Total (2013–2024),Brasil,Tipologia | Movimento de Massa,Protocolos,ΔI; Δlog(1+exposição),DETERMINISTICAS,ADL BIC + 11 dummies + I12 + janela pandemia,6,0,False,131,115,2014-02-01,2024-12-01,131,20,-306.3145421251842,-248.81059566116116
Total (2013–2024),Brasil,Tipologia | Movimento de Massa,Protocolos,ΔI; Δlog(1+exposição),DETERMINISTICAS,ADL BIC + 11 dummies + I12 + janela pandemia,6,1,False,131,115,2014-02-01,2024-12-01,131,21,-309.64590253431504,-249.26675874709088
Total (2013–2024),Brasil,Tipologia | Movimento de Massa,Protocolos,ΔI; Δlog(1+exposição),DETERMINISTICAS,ADL BIC + 11 dummies + I12 + janela pandemia,6,2,False,131,115,2014-02-01,2024-12-01,131,22,-309.07010195442706,-245.81576084400172
Total (2013–2024),Brasil,Tipologia | Movimento de Massa,Protocolos,ΔI; Δlog(1+exposição),DETERMINISTICAS,ADL BIC + 11 dummies + I12 + janela pandemia,6,3,False,131,115,2014-02-01,2024-12-01,131,23,-307.4666541340117,-241.33711570038525
Total (2013–2024),Brasil,Tipologia | Onda de Calor e Baixa Umidade,Protocolos,ΔI; Δlog(1+exposição),NACIONAL,ADL BIC + 11 dummies + I12,1,0,True,131,116,2014-02-01,2024-12-01,131,14,-305.8121983273171,-265.55943580250096
Total (2013–2024),Brasil,Tipologia | Onda de Calor e Baixa Umidade,Protocolos,ΔI; Δlog(1+exposição),NACIONAL,ADL BIC + 11 dummies + I12,1,1,True,131,116,2014-02-01,2024-12-01,131,15,-303.813004967521,-260.68504511950374
Total (2013–2024),Brasil,Tipologia | Onda de Calor e Baixa Umidade,Protocolos,ΔI; Δlog(1+exposição),NACIONAL,ADL BIC + 11 dummies + I12,1,2,True,131,116,2014-02-01,2024-12-01,131,16,-301.9874887243866,-255.98433155316818
Total (2013–2024),Brasil,Tipologia | Onda de Calor e Baixa Umidade,Protocolos,ΔI; Δlog(1+exposição),NACIONAL,ADL BIC + 11 dummies + I12,1,3,True,131,116,2014-02-01,2024-12-01,131,17,-300.0906040299917,-251.21224953557214
Total (2013–2024),Brasil,Tipologia | Onda de Calor e Baixa Umidade,Protocolos,ΔI; Δlog(1+exposição),NACIONAL,ADL BIC + 11 dummies + I12,2,0,True,131,116,2014-02-01,2024-12-01,131,15,-307.0242788257408,-263.8963189777235
Total (2013–2024),Brasil,Tipologia | Onda de Calor e Baixa Umidade,Protocolos,ΔI; Δlog(1+exposição),NACIONAL,ADL BIC + 11 dummies + I12,2,1,True,131,116,2014-02-01,2024-12-01,131,16,-305.0245290073765,-259.0213718361581
Total (2013–2024),Brasil,Tipologia | Onda de Calor e Baixa Umidade,Protocolos,ΔI; Δlog(1+exposição),NACIONAL,ADL BIC + 11 dummies + I12,2,2,True,131,116,2014-02-01,2024-12-01,131,17,-303.263331033933,-254.38497653951345
Total (2013–2024),Brasil,Tipologia | Onda de Calor e Baixa Umidade,Protocolos,ΔI; Δlog(1+exposição),NACIONAL,ADL BIC + 11 dummies + I12,2,3,True,131,116,2014-02-01,2024-12-01,131,18,-301.4180784043382,-249.66452658671747
Total (2013–2024),Brasil,Tipologia | Onda de Calor e Baixa Umidade,Protocolos,ΔI; Δlog(1+exposição),NACIONAL,ADL BIC + 11 dummies + I12,3,0,True,131,116,2014-02-01,2024-12-01,131,16,-306.4819729251485,-260.4788157539301
Total (2013–2024),Brasil,Tipologia | Onda de Calor e Baixa Umidade,Protocolos,ΔI; Δlog(1+exposição),NACIONAL,ADL BIC + 11 dummies + I12,3,1,True,131,116,2014-02-01,2024-12-01,131,17,-304.48433948757133,-255.60598499315176
Total (2013–2024),Brasil,Tipologia | Onda de Calor e Baixa Umidade,Protocolos,ΔI; Δlog(1+exposição),NACIONAL,ADL BIC + 11 dummies + I12,3,2,True,131,116,2014-02-01,2024-12-01,131,18,-302.6946747455015,-250.9411229278808
Total (2013–2024),Brasil,Tipologia | Onda de Calor e Baixa Umidade,Protocolos,ΔI; Δlog(1+exposição),NACIONAL,ADL BIC + 11 dummies + I12,3,3,True,131,116,2014-02-01,2024-12-01,131,19,-300.857698822482,-246.22894968166014
Total (2013–2024),Brasil,Tipologia | Onda de Calor e Baixa Umidade,Protocolos,ΔI; Δlog(1+exposição),NACIONAL,ADL BIC + 11 dummies + I12,4,0,True,131,116,2014-02-01,2024-12-01,131,17,-306.0955267533569,-257.21717225893735
Total (2013–2024),Brasil,Tipologia | Onda de Calor e Baixa Umidade,Protocolos,ΔI; Δlog(1+exposição),NACIONAL,ADL BIC + 11 dummies + I12,4,1,True,131,116,2014-02-01,2024-12-01,131,18,-304.1757589175994,-252.4222070999787
Total (2013–2024),Brasil,Tipologia | Onda de Calor e Baixa Umidade,Protocolos,ΔI; Δlog(1+exposição),NACIONAL,ADL BIC + 11 dummies + I12,4,2,True,131,116,2014-02-01,2024-12-01,131,19,-302.3448853030462,-247.71613616222436
Total (2013–2024),Brasil,Tipologia | Onda de Calor e Baixa Umidade,Protocolos,ΔI; Δlog(1+exposição),NACIONAL,ADL BIC + 11 dummies + I12,4,3,True,131,116,2014-02-01,2024-12-01,131,20,-300.49421146495035,-242.99026500092734
Total (2013–2024),Brasil,Tipologia | Onda de Calor e Baixa Umidade,Protocolos,ΔI; Δlog(1+exposição),NACIONAL,ADL BIC + 11 dummies + I12,5,0,True,131,116,2014-02-01,2024-12-01,131,18,-304.6176294239874,-252.8640776063667
Total (2013–2024),Brasil,Tipologia | Onda de Calor e Baixa Umidade,Protocolos,ΔI; Δlog(1+exposição),NACIONAL,ADL BIC + 11 dummies + I12,5,1,True,131,116,2014-02-01,2024-12-01,131,19,-302.74836697350145,-248.11961783267958
Total (2013–2024),Brasil,Tipologia | Onda de Calor e Baixa Umidade,Protocolos,ΔI; Δlog(1+exposição),NACIONAL,ADL BIC + 11 dummies + I12,5,2,True,131,116,2014-02-01,2024-12-01,131,20,-300.78595265912895,-243.28200619510594
Total (2013–2024),Brasil,Tipologia | Onda de Calor e Baixa Umidade,Protocolos,ΔI; Δlog(1+exposição),NACIONAL,ADL BIC + 11 dummies + I12,5,3,True,131,116,2014-02-01,2024-12-01,131,21,-298.8768732251376,-238.49772943791345
Total (2013–2024),Brasil,Tipologia | Onda de Calor e Baixa Umidade,Protocolos,ΔI; Δlog(1+exposição),NACIONAL,ADL BIC + 11 dummies + I12,6,0,True,131,116,2014-02-01,2024-12-01,131,19,-305.14812659722713,-250.51937745640527
Total (2013–2024),Brasil,Tipologia | Onda de Calor e Baixa Umidade,Protocolos,ΔI; Δlog(1+exposição),NACIONAL,ADL BIC + 11 dummies + I12,6,1,True,131,116,2014-02-01,2024-12-01,131,20,-303.7592458902211,-246.2552994261981
Total (2013–2024),Brasil,Tipologia | Onda de Calor e Baixa Umidade,Protocolos,ΔI; Δlog(1+exposição),NACIONAL,ADL BIC + 11 dummies + I12,6,2,True,131,116,2014-02-01,2024-12-01,131,21,-301.77510560238136,-241.3959618151572
Total (2013–2024),Brasil,Tipologia | Onda de Calor e Baixa Umidade,Protocolos,ΔI; Δlog(1+exposição),NACIONAL,ADL BIC + 11 dummies + I12,6,3,True,131,116,2014-02-01,2024-12-01,131,22,-300.41588573975525,-237.1615446293299
Total (2013–2024),Brasil,Tipologia | Onda de Calor e Baixa Umidade,Protocolos,ΔI; Δlog(1+exposição),DETERMINISTICAS,ADL BIC + 11 dummies + I12 + janela pandemia,1,0,True,131,115,2014-02-01,2024-12-01,131,15,-307.36060153553126,-264.232641687514
Total (2013–2024),Brasil,Tipologia | Onda de Calor e Baixa Umidade,Protocolos,ΔI; Δlog(1+exposição),DETERMINISTICAS,ADL BIC + 11 dummies + I12 + janela pandemia,1,1,True,131,115,2014-02-01,2024-12-01,131,16,-305.3634977318776,-259.3603405606592
Total (2013–2024),Brasil,Tipologia | Onda de Calor e Baixa Umidade,Protocolos,ΔI; Δlog(1+exposição),DETERMINISTICAS,ADL BIC + 11 dummies + I12 + janela pandemia,1,2,True,131,115,2014-02-01,2024-12-01,131,17,-303.53997015345817,-254.6616156590386
Total (2013–2024),Brasil,Tipologia | Onda de Calor e Baixa Umidade,Protocolos,ΔI; Δlog(1+exposição),DETERMINISTICAS,ADL BIC + 11 dummies + I12 + janela pandemia,1,3,True,131,115,2014-02-01,2024-12-01,131,18,-301.6785857407648,-249.92503392314407
Total (2013–2024),Brasil,Tipologia | Onda de Calor e Baixa Umidade,Protocolos,ΔI; Δlog(1+exposição),DETERMINISTICAS,ADL BIC + 11 dummies + I12 + janela pandemia,2,0,True,131,115,2014-02-01,2024-12-01,131,16,-307.8206491485829,-261.8174919773645
Total (2013–2024),Brasil,Tipologia | Onda de Calor e Baixa Umidade,Protocolos,ΔI; Δlog(1+exposição),DETERMINISTICAS,ADL BIC + 11 dummies + I12 + janela pandemia,2,1,True,131,115,2014-02-01,2024-12-01,131,17,-305.82079664218224,-256.9424421477627
Total (2013–2024),Brasil,Tipologia | Onda de Calor e Baixa Umidade,Protocolos,ΔI; Δlog(1+exposição),DETERMINISTICAS,ADL BIC + 11 dummies + I12 + janela pandemia,2,2,True,131,115,2014-02-01,2024-12-01,131,18,-304.05360284770575,-252.30005103008503
Total (2013–2024),Brasil,Tipologia | Onda de Calor e Baixa Umidade,Protocolos,ΔI; Δlog(1+exposição),DETERMINISTICAS,ADL BIC + 11 dummies + I12 + janela pandemia,2,3,True,131,115,2014-02-01,2024-12-01,131,19,-302.23915234045205,-247.61040319963018
Total (2013–2024),Brasil,Tipologia | Onda de Calor e Baixa Umidade,Protocolos,ΔI; Δlog(1+exposição),DETERMINISTICAS,ADL BIC + 11 dummies + I12 + janela pandemia,3,0,True,131,115,2014-02-01,2024-12-01,131,17,-306.9513531359471,-258.07299864152753
Total (2013–2024),Brasil,Tipologia | Onda de Calor e Baixa Umidade,Protocolos,ΔI; Δlog(1+exposição),DETERMINISTICAS,ADL BIC + 11 dummies + I12 + janela pandemia,3,1,True,131,115,2014-02-01,2024-12-01,131,18,-304.95592319412617,-253.20237137650545
Total (2013–2024),Brasil,Tipologia | Onda de Calor e Baixa Umidade,Protocolos,ΔI; Δlog(1+exposição),DETERMINISTICAS,ADL BIC + 11 dummies + I12 + janela pandemia,3,2,True,131,115,2014-02-01,2024-12-01,131,19,-303.16411396271087,-248.535364821889
Total (2013–2024),Brasil,Tipologia | Onda de Calor e Baixa Umidade,Protocolos,ΔI; Δlog(1+exposição),DETERMINISTICAS,ADL BIC + 11 dummies + I12 + janela pandemia,3,3,True,131,115,2014-02-01,2024-12-01,131,20,-301.35585318394874,-243.85190671992572
Total (2013–2024),Brasil,Tipologia | Onda de Calor e Baixa Umidade,Protocolos,ΔI; Δlog(1+exposição),DETERMINISTICAS,ADL BIC + 11 dummies + I12 + janela pandemia,4,0,True,131,115,2014-02-01,2024-12-01,131,18,-306.92395752908124,-255.17040571146052
Total (2013–2024),Brasil,Tipologia | Onda de Calor e Baixa Umidade,Protocolos,ΔI; Δlog(1+exposição),DETERMINISTICAS,ADL BIC + 11 dummies + I12 + janela pandemia,4,1,True,131,115,2014-02-01,2024-12-01,131,19,-305.03264107966504,-250.40389193884317
Total (2013–2024),Brasil,Tipologia | Onda de Calor e Baixa Umidade,Protocolos,ΔI; Δlog(1+exposição),DETERMINISTICAS,ADL BIC + 11 dummies + I12 + janela pandemia,4,2,True,131,115,2014-02-01,2024-12-01,131,20,-303.1953785588478,-245.69143209482476
Total (2013–2024),Brasil,Tipologia | Onda de Calor e Baixa Umidade,Protocolos,ΔI; Δlog(1+exposição),DETERMINISTICAS,ADL BIC + 11 dummies + I12 + janela pandemia,4,3,True,131,115,2014-02-01,2024-12-01,131,21,-301.3728388557008,-240.99369506847665
Total (2013–2024),Brasil,Tipologia | Onda de Calor e Baixa Umidade,Protocolos,ΔI; Δlog(1+exposição),DETERMINISTICAS,ADL BIC + 11 dummies + I12 + janela pandemia,5,0,True,131,115,2014-02-01,2024-12-01,131,19,-305.6416063286539,-251.01285718783203
Total (2013–2024),Brasil,Tipologia | Onda de Calor e Baixa Umidade,Protocolos,ΔI; Δlog(1+exposição),DETERMINISTICAS,ADL BIC + 11 dummies + I12 + janela pandemia,5,1,True,131,115,2014-02-01,2024-12-01,131,20,-303.8210322477263,-246.31708578370328
Total (2013–2024),Brasil,Tipologia | Onda de Calor e Baixa Umidade,Protocolos,ΔI; Δlog(1+exposição),DETERMINISTICAS,ADL BIC + 11 dummies + I12 + janela pandemia,5,2,True,131,115,2014-02-01,2024-12-01,131,21,-301.8416149121358,-241.46247112491164
Total (2013–2024),Brasil,Tipologia | Onda de Calor e Baixa Umidade,Protocolos,ΔI; Δlog(1+exposição),DETERMINISTICAS,ADL BIC + 11 dummies + I12 + janela pandemia,5,3,True,131,115,2014-02-01,2024-12-01,131,22,-299.9433940826149,-236.68905297218953
Total (2013–2024),Brasil,Tipologia | Onda de Calor e Baixa Umidade,Protocolos,ΔI; Δlog(1+exposição),DETERMINISTICAS,ADL BIC + 11 dummies + I12 + janela pandemia,6,0,True,131,115,2014-02-01,2024-12-01,131,20,-306.3145421251842,-248.81059566116116
Total (2013–2024),Brasil,Tipologia | Onda de Calor e Baixa Umidade,Protocolos,ΔI; Δlog(1+exposição),DETERMINISTICAS,ADL BIC + 11 dummies + I12 + janela pandemia,6,1,True,131,115,2014-02-01,2024-12-01,131,21,-305.0530227384097,-244.67387895118554
Total (2013–2024),Brasil,Tipologia | Onda de Calor e Baixa Umidade,Protocolos,ΔI; Δlog(1+exposição),DETERMINISTICAS,ADL BIC + 11 dummies + I12 + janela pandemia,6,2,True,131,115,2014-02-01,2024-12-01,131,22,-303.05808774612933,-239.803746635704
Total (2013–2024),Brasil,Tipologia | Onda de Calor e Baixa Umidade,Protocolos,ΔI; Δlog(1+exposição),DETERMINISTICAS,ADL BIC + 11 dummies + I12 + janela pandemia,6,3,True,131,115,2014-02-01,2024-12-01,131,23,-301.7605361228419,-235.63099768921546
Total (2013–2024),Brasil,Tipologia | Onda de Frio,Protocolos,ΔI; Δlog(1+exposição),NACIONAL,ADL BIC + 11 dummies + I12,1,0,True,131,116,2014-02-01,2024-12-01,131,14,-305.8121983273171,-265.55943580250096
Total (2013–2024),Brasil,Tipologia | Onda de Frio,Protocolos,ΔI; Δlog(1+exposição),NACIONAL,ADL BIC + 11 dummies + I12,1,1,True,131,116,2014-02-01,2024-12-01,131,15,-306.5396855322049,-263.4117256841876
Total (2013–2024),Brasil,Tipologia | Onda de Frio,Protocolos,ΔI; Δlog(1+exposição),NACIONAL,ADL BIC + 11 dummies + I12,1,2,True,131,116,2014-02-01,2024-12-01,131,16,-304.54051828101206,-258.53736110979366
Total (2013–2024),Brasil,Tipologia | Onda de Frio,Protocolos,ΔI; Δlog(1+exposição),NACIONAL,ADL BIC + 11 dummies + I12,1,3,True,131,116,2014-02-01,2024-12-01,131,17,-302.6099855939066,-253.731631099487
Total (2013–2024),Brasil,Tipologia | Onda de Frio,Protocolos,ΔI; Δlog(1+exposição),NACIONAL,ADL BIC + 11 dummies + I12,2,0,True,131,116,2014-02-01,2024-12-01,131,15,-307.0242788257408,-263.8963189777235
Total (2013–2024),Brasil,Tipologia | Onda de Frio,Protocolos,ΔI; Δlog(1+exposição),NACIONAL,ADL BIC + 11 dummies + I12,2,1,True,131,116,2014-02-01,2024-12-01,131,16,-307.97935311524,-261.9761959440216
Total (2013–2024),Brasil,Tipologia | Onda de Frio,Protocolos,ΔI; Δlog(1+exposição),NACIONAL,ADL BIC + 11 dummies + I12,2,2,True,131,116,2014-02-01,2024-12-01,131,17,-306.0192589200417,-257.1409044256221
Total (2013–2024),Brasil,Tipologia | Onda de Frio,Protocolos,ΔI; Δlog(1+exposição),NACIONAL,ADL BIC + 11 dummies + I12,2,3,True,131,116,2014-02-01,2024-12-01,131,18,-304.1767985263291,-252.42324670870838
Total (2013–2024),Brasil,Tipologia | Onda de Frio,Protocolos,ΔI; Δlog(1+exposição),NACIONAL,ADL BIC + 11 dummies + I12,3,0,True,131,116,2014-02-01,2024-12-01,131,16,-306.4819729251485,-260.4788157539301
Total (2013–2024),Brasil,Tipologia | Onda de Frio,Protocolos,ΔI; Δlog(1+exposição),NACIONAL,ADL BIC + 11 dummies + I12,3,1,True,131,116,2014-02-01,2024-12-01,131,17,-307.3529733005407,-258.47461880612116
Total (2013–2024),Brasil,Tipologia | Onda de Frio,Protocolos,ΔI; Δlog(1+exposição),NACIONAL,ADL BIC + 11 dummies + I12,3,2,True,131,116,2014-02-01,2024-12-01,131,18,-305.4183378324385,-253.6647860148178
Total (2013–2024),Brasil,Tipologia | Onda de Frio,Protocolos,ΔI; Δlog(1+exposição),NACIONAL,ADL BIC + 11 dummies + I12,3,3,True,131,116,2014-02-01,2024-12-01,131,19,-303.50246805121776,-248.8737189103959
Total (2013–2024),Brasil,Tipologia | Onda de Frio,Protocolos,ΔI; Δlog(1+exposição),NACIONAL,ADL BIC + 11 dummies + I12,4,0,True,131,116,2014-02-01,2024-12-01,131,17,-306.0955267533569,-257.21717225893735
Total (2013–2024),Brasil,Tipologia | Onda de Frio,Protocolos,ΔI; Δlog(1+exposição),NACIONAL,ADL BIC + 11 dummies + I12,4,1,True,131,116,2014-02-01,2024-12-01,131,18,-306.7271977396514,-254.97364592203067
Total (2013–2024),Brasil,Tipologia | Onda de Frio,Protocolos,ΔI; Δlog(1+exposição),NACIONAL,ADL BIC + 11 dummies + I12,4,2,True,131,116,2014-02-01,2024-12-01,131,19,-304.7879681510208,-250.1592190101989
Total (2013–2024),Brasil,Tipologia | Onda de Frio,Protocolos,ΔI; Δlog(1+exposição),NACIONAL,ADL BIC + 11 dummies + I12,4,3,True,131,116,2014-02-01,2024-12-01,131,20,-302.93951100949994,-245.43556454547692
Total (2013–2024),Brasil,Tipologia | Onda de Frio,Protocolos,ΔI; Δlog(1+exposição),NACIONAL,ADL BIC + 11 dummies + I12,5,0,True,131,116,2014-02-01,2024-12-01,131,18,-304.6176294239874,-252.8640776063667
Total (2013–2024),Brasil,Tipologia | Onda de Frio,Protocolos,ΔI; Δlog(1+exposição),NACIONAL,ADL BIC + 11 dummies + I12,5,1,True,131,116,2014-02-01,2024-12-01,131,19,-305.5843613963831,-250.95561225556122
Total (2013–2024),Brasil,Tipologia | Onda de Frio,Protocolos,ΔI; Δlog(1+exposição),NACIONAL,ADL BIC + 11 dummies + I12,5,2,True,131,116,2014-02-01,2024-12-01,131,20,-303.6410256921848,-246.1370792281618
Total (2013–2024),Brasil,Tipologia | Onda de Frio,Protocolos,ΔI; Δlog(1+exposição),NACIONAL,ADL BIC + 11 dummies + I12,5,3,True,131,116,2014-02-01,2024-12-01,131,21,-301.77145270780704,-241.39230892058288
Total (2013–2024),Brasil,Tipologia | Onda de Frio,Protocolos,ΔI; Δlog(1+exposição),NACIONAL,ADL BIC + 11 dummies + I12,6,0,True,131,116,2014-02-01,2024-12-01,131,19,-305.14812659722713,-250.51937745640527
Total (2013–2024),Brasil,Tipologia | Onda de Frio,Protocolos,ΔI; Δlog(1+exposição),NACIONAL,ADL BIC + 11 dummies + I12,6,1,True,131,116,2014-02-01,2024-12-01,131,20,-306.04016837386223,-248.5362219098392
Total (2013–2024),Brasil,Tipologia | Onda de Frio,Protocolos,ΔI; Δlog(1+exposição),NACIONAL,ADL BIC + 11 dummies + I12,6,2,True,131,116,2014-02-01,2024-12-01,131,21,-304.0413920970054,-243.66224830978126
Total (2013–2024),Brasil,Tipologia | Onda de Frio,Protocolos,ΔI; Δlog(1+exposição),NACIONAL,ADL BIC + 11 dummies + I12,6,3,True,131,116,2014-02-01,2024-12-01,131,22,-302.19086720834514,-238.9365260979198
Total (2013–2024),Brasil,Tipologia | Onda de Frio,Protocolos,ΔI; Δlog(1+exposição),DETERMINISTICAS,ADL BIC + 11 dummies + I12 + janela pandemia,1,0,True,131,115,2014-02-01,2024-12-01,131,15,-307.36060153553126,-264.232641687514
Total (2013–2024),Brasil,Tipologia | Onda de Frio,Protocolos,ΔI; Δlog(1+exposição),DETERMINISTICAS,ADL BIC + 11 dummies + I12 + janela pandemia,1,1,True,131,115,2014-02-01,2024-12-01,131,16,-308.18455765605086,-262.18140048483247
Total (2013–2024),Brasil,Tipologia | Onda de Frio,Protocolos,ΔI; Δlog(1+exposição),DETERMINISTICAS,ADL BIC + 11 dummies + I12 + janela pandemia,1,2,True,131,115,2014-02-01,2024-12-01,131,17,-306.196248445102,-257.31789395068245
Total (2013–2024),Brasil,Tipologia | Onda de Frio,Protocolos,ΔI; Δlog(1+exposição),DETERMINISTICAS,ADL BIC + 11 dummies + I12 + janela pandemia,1,3,True,131,115,2014-02-01,2024-12-01,131,18,-304.2432130349829,-252.48966121736217
Total (2013–2024),Brasil,Tipologia | Onda de Frio,Protocolos,ΔI; Δlog(1+exposição),DETERMINISTICAS,ADL BIC + 11 dummies + I12 + janela pandemia,2,0,True,131,115,2014-02-01,2024-12-01,131,16,-307.8206491485829,-261.8174919773645
Total (2013–2024),Brasil,Tipologia | Onda de Frio,Protocolos,ΔI; Δlog(1+exposição),DETERMINISTICAS,ADL BIC + 11 dummies + I12 + janela pandemia,2,1,True,131,115,2014-02-01,2024-12-01,131,17,-308.83873350612544,-259.96037901170587
Total (2013–2024),Brasil,Tipologia | Onda de Frio,Protocolos,ΔI; Δlog(1+exposição),DETERMINISTICAS,ADL BIC + 11 dummies + I12 + janela pandemia,2,2,True,131,115,2014-02-01,2024-12-01,131,18,-306.9018825657615,-255.1483307481408
Total (2013–2024),Brasil,Tipologia | Onda de Frio,Protocolos,ΔI; Δlog(1+exposição),DETERMINISTICAS,ADL BIC + 11 dummies + I12 + janela pandemia,2,3,True,131,115,2014-02-01,2024-12-01,131,19,-305.0176653849783,-250.3889162441564
Total (2013–2024),Brasil,Tipologia | Onda de Frio,Protocolos,ΔI; Δlog(1+exposição),DETERMINISTICAS,ADL BIC + 11 dummies + I12 + janela pandemia,3,0,True,131,115,2014-02-01,2024-12-01,131,17,-306.9513531359471,-258.07299864152753
Total (2013–2024),Brasil,Tipologia | Onda de Frio,Protocolos,ΔI; Δlog(1+exposição),DETERMINISTICAS,ADL BIC + 11 dummies + I12 + janela pandemia,3,1,True,131,115,2014-02-01,2024-12-01,131,18,-307.8912661144549,-256.13771429683413
Total (2013–2024),Brasil,Tipologia | Onda de Frio,Protocolos,ΔI; Δlog(1+exposição),DETERMINISTICAS,ADL BIC + 11 dummies + I12 + janela pandemia,3,2,True,131,115,2014-02-01,2024-12-01,131,19,-305.97990403014865,-251.35115488932678
Total (2013–2024),Brasil,Tipologia | Onda de Frio,Protocolos,ΔI; Δlog(1+exposição),DETERMINISTICAS,ADL BIC + 11 dummies + I12 + janela pandemia,3,3,True,131,115,2014-02-01,2024-12-01,131,20,-304.0419228364203,-246.5379763723973
Total (2013–2024),Brasil,Tipologia | Onda de Frio,Protocolos,ΔI; Δlog(1+exposição),DETERMINISTICAS,ADL BIC + 11 dummies + I12 + janela pandemia,4,0,True,131,115,2014-02-01,2024-12-01,131,18,-306.92395752908124,-255.17040571146052
Total (2013–2024),Brasil,Tipologia | Onda de Frio,Protocolos,ΔI; Δlog(1+exposição),DETERMINISTICAS,ADL BIC + 11 dummies + I12 + janela pandemia,4,1,True,131,115,2014-02-01,2024-12-01,131,19,-307.599739745184,-252.97099060436216
Total (2013–2024),Brasil,Tipologia | Onda de Frio,Protocolos,ΔI; Δlog(1+exposição),DETERMINISTICAS,ADL BIC + 11 dummies + I12 + janela pandemia,4,2,True,131,115,2014-02-01,2024-12-01,131,20,-305.68402855879026,-248.18008209476724
Total (2013–2024),Brasil,Tipologia | Onda de Frio,Protocolos,ΔI; Δlog(1+exposição),DETERMINISTICAS,ADL BIC + 11 dummies + I12 + janela pandemia,4,3,True,131,115,2014-02-01,2024-12-01,131,21,-303.81153243699157,-243.4323886497674
Total (2013–2024),Brasil,Tipologia | Onda de Frio,Protocolos,ΔI; Δlog(1+exposição),DETERMINISTICAS,ADL BIC + 11 dummies + I12 + janela pandemia,5,0,True,131,115,2014-02-01,2024-12-01,131,19,-305.6416063286539,-251.01285718783203
Total (2013–2024),Brasil,Tipologia | Onda de Frio,Protocolos,ΔI; Δlog(1+exposição),DETERMINISTICAS,ADL BIC + 11 dummies + I12 + janela pandemia,5,1,True,131,115,2014-02-01,2024-12-01,131,20,-306.712167615956,-249.20822115193297
Total (2013–2024),Brasil,Tipologia | Onda de Frio,Protocolos,ΔI; Δlog(1+exposição),DETERMINISTICAS,ADL BIC + 11 dummies + I12 + janela pandemia,5,2,True,131,115,2014-02-01,2024-12-01,131,21,-304.79207462942986,-244.4129308422057
Total (2013–2024),Brasil,Tipologia | Onda de Frio,Protocolos,ΔI; Δlog(1+exposição),DETERMINISTICAS,ADL BIC + 11 dummies + I12 + janela pandemia,5,3,True,131,115,2014-02-01,2024-12-01,131,22,-302.89667462492275,-239.6423335144974
Total (2013–2024),Brasil,Tipologia | Onda de Frio,Protocolos,ΔI; Δlog(1+exposição),DETERMINISTICAS,ADL BIC + 11 dummies + I12 + janela pandemia,6,0,True,131,115,2014-02-01,2024-12-01,131,20,-306.3145421251842,-248.81059566116116
Total (2013–2024),Brasil,Tipologia | Onda de Frio,Protocolos,ΔI; Δlog(1+exposição),DETERMINISTICAS,ADL BIC + 11 dummies + I12 + janela pandemia,6,1,True,131,115,2014-02-01,2024-12-01,131,21,-307.3100781316482,-246.93093434442403
Total (2013–2024),Brasil,Tipologia | Onda de Frio,Protocolos,ΔI; Δlog(1+exposição),DETERMINISTICAS,ADL BIC + 11 dummies + I12 + janela pandemia,6,2,True,131,115,2014-02-01,2024-12-01,131,22,-305.31571094621756,-242.06136983579222
Total (2013–2024),Brasil,Tipologia | Onda de Frio,Protocolos,ΔI; Δlog(1+exposição),DETERMINISTICAS,ADL BIC + 11 dummies + I12 + janela pandemia,6,3,True,131,115,2014-02-01,2024-12-01,131,23,-303.43740143783316,-237.3078630042067
Total (2013–2024),Brasil,Tipologia | Outros,Protocolos,ΔI; Δlog(1+exposição),NACIONAL,ADL BIC + 11 dummies + I12,1,0,True,131,116,2014-02-01,2024-12-01,131,14,-305.8121983273171,-265.55943580250096
Total (2013–2024),Brasil,Tipologia | Outros,Protocolos,ΔI; Δlog(1+exposição),NACIONAL,ADL BIC + 11 dummies + I12,1,1,True,131,116,2014-02-01,2024-12-01,131,15,-303.8817863439025,-260.7538264958852
Total (2013–2024),Brasil,Tipologia | Outros,Protocolos,ΔI; Δlog(1+exposição),NACIONAL,ADL BIC + 11 dummies + I12,1,2,True,131,116,2014-02-01,2024-12-01,131,16,-301.9066042503822,-255.90344707916378
Total (2013–2024),Brasil,Tipologia | Outros,Protocolos,ΔI; Δlog(1+exposição),NACIONAL,ADL BIC + 11 dummies + I12,1,3,True,131,116,2014-02-01,2024-12-01,131,17,-300.7509524188455,-251.87259792442592
Total (2013–2024),Brasil,Tipologia | Outros,Protocolos,ΔI; Δlog(1+exposição),NACIONAL,ADL BIC + 11 dummies + I12,2,0,True,131,116,2014-02-01,2024-12-01,131,15,-307.0242788257408,-263.8963189777235
Total (2013–2024),Brasil,Tipologia | Outros,Protocolos,ΔI; Δlog(1+exposição),NACIONAL,ADL BIC + 11 dummies + I12,2,1,True,131,116,2014-02-01,2024-12-01,131,16,-305.0396386325467,-259.0364814613283
Total (2013–2024),Brasil,Tipologia | Outros,Protocolos,ΔI; Δlog(1+exposição),NACIONAL,ADL BIC + 11 dummies + I12,2,2,True,131,116,2014-02-01,2024-12-01,131,17,-303.0913673014501,-254.2130128070305
Total (2013–2024),Brasil,Tipologia | Outros,Protocolos,ΔI; Δlog(1+exposição),NACIONAL,ADL BIC + 11 dummies + I12,2,3,True,131,116,2014-02-01,2024-12-01,131,18,-302.20821860694775,-250.45466678932704
Total (2013–2024),Brasil,Tipologia | Outros,Protocolos,ΔI; Δlog(1+exposição),NACIONAL,ADL BIC + 11 dummies + I12,3,0,True,131,116,2014-02-01,2024-12-01,131,16,-306.4819729251485,-260.4788157539301
Total (2013–2024),Brasil,Tipologia | Outros,Protocolos,ΔI; Δlog(1+exposição),NACIONAL,ADL BIC + 11 dummies + I12,3,1,True,131,116,2014-02-01,2024-12-01,131,17,-304.5384546865407,-255.66010019212115
Total (2013–2024),Brasil,Tipologia | Outros,Protocolos,ΔI; Δlog(1+exposição),NACIONAL,ADL BIC + 11 dummies + I12,3,2,True,131,116,2014-02-01,2024-12-01,131,18,-302.5710673074144,-250.8175154897937
Total (2013–2024),Brasil,Tipologia | Outros,Protocolos,ΔI; Δlog(1+exposição),NACIONAL,ADL BIC + 11 dummies + I12,3,3,True,131,116,2014-02-01,2024-12-01,131,19,-301.90374742576364,-247.27499828494177
Total (2013–2024),Brasil,Tipologia | Outros,Protocolos,ΔI; Δlog(1+exposição),NACIONAL,ADL BIC + 11 dummies + I12,4,0,True,131,116,2014-02-01,2024-12-01,131,17,-306.0955267533569,-257.21717225893735
Total (2013–2024),Brasil,Tipologia | Outros,Protocolos,ΔI; Δlog(1+exposição),NACIONAL,ADL BIC + 11 dummies + I12,4,1,True,131,116,2014-02-01,2024-12-01,131,18,-304.2562784520429,-252.5027266344222
Total (2013–2024),Brasil,Tipologia | Outros,Protocolos,ΔI; Δlog(1+exposição),NACIONAL,ADL BIC + 11 dummies + I12,4,2,True,131,116,2014-02-01,2024-12-01,131,19,-302.27067089404386,-247.641921753222
Total (2013–2024),Brasil,Tipologia | Outros,Protocolos,ΔI; Δlog(1+exposição),NACIONAL,ADL BIC + 11 dummies + I12,4,3,True,131,116,2014-02-01,2024-12-01,131,20,-301.87179034228075,-244.36784387825773
Total (2013–2024),Brasil,Tipologia | Outros,Protocolos,ΔI; Δlog(1+exposição),NACIONAL,ADL BIC + 11 dummies + I12,5,0,True,131,116,2014-02-01,2024-12-01,131,18,-304.6176294239874,-252.8640776063667
Total (2013–2024),Brasil,Tipologia | Outros,Protocolos,ΔI; Δlog(1+exposição),NACIONAL,ADL BIC + 11 dummies + I12,5,1,True,131,116,2014-02-01,2024-12-01,131,19,-302.75835464519184,-248.12960550436998
Total (2013–2024),Brasil,Tipologia | Outros,Protocolos,ΔI; Δlog(1+exposição),NACIONAL,ADL BIC + 11 dummies + I12,5,2,True,131,116,2014-02-01,2024-12-01,131,20,-300.80709822531173,-243.30315176128872
Total (2013–2024),Brasil,Tipologia | Outros,Protocolos,ΔI; Δlog(1+exposição),NACIONAL,ADL BIC + 11 dummies + I12,5,3,True,131,116,2014-02-01,2024-12-01,131,21,-300.3352074409672,-239.95606365374306
Total (2013–2024),Brasil,Tipologia | Outros,Protocolos,ΔI; Δlog(1+exposição),NACIONAL,ADL BIC + 11 dummies + I12,6,0,True,131,116,2014-02-01,2024-12-01,131,19,-305.14812659722713,-250.51937745640527
Total (2013–2024),Brasil,Tipologia | Outros,Protocolos,ΔI; Δlog(1+exposição),NACIONAL,ADL BIC + 11 dummies + I12,6,1,True,131,116,2014-02-01,2024-12-01,131,20,-303.4480957998654,-245.9441493358424
Total (2013–2024),Brasil,Tipologia | Outros,Protocolos,ΔI; Δlog(1+exposição),NACIONAL,ADL BIC + 11 dummies + I12,6,2,True,131,116,2014-02-01,2024-12-01,131,21,-301.58288817992,-241.20374439269585
Total (2013–2024),Brasil,Tipologia | Outros,Protocolos,ΔI; Δlog(1+exposição),NACIONAL,ADL BIC + 11 dummies + I12,6,3,True,131,116,2014-02-01,2024-12-01,131,22,-300.7743007491074,-237.51995963868205
Total (2013–2024),Brasil,Tipologia | Outros,Protocolos,ΔI; Δlog(1+exposição),DETERMINISTICAS,ADL BIC + 11 dummies + I12 + janela pandemia,1,0,True,131,115,2014-02-01,2024-12-01,131,15,-307.36060153553126,-264.232641687514
Total (2013–2024),Brasil,Tipologia | Outros,Protocolos,ΔI; Δlog(1+exposição),DETERMINISTICAS,ADL BIC + 11 dummies + I12 + janela pandemia,1,1,True,131,115,2014-02-01,2024-12-01,131,16,-305.4035089324037,-259.40035176118533
Total (2013–2024),Brasil,Tipologia | Outros,Protocolos,ΔI; Δlog(1+exposição),DETERMINISTICAS,ADL BIC + 11 dummies + I12 + janela pandemia,1,2,True,131,115,2014-02-01,2024-12-01,131,17,-303.42976279268953,-254.55140829826996
Total (2013–2024),Brasil,Tipologia | Outros,Protocolos,ΔI; Δlog(1+exposição),DETERMINISTICAS,ADL BIC + 11 dummies + I12 + janela pandemia,1,3,True,131,115,2014-02-01,2024-12-01,131,18,-302.1454226687067,-250.391870851086
Total (2013–2024),Brasil,Tipologia | Outros,Protocolos,ΔI; Δlog(1+exposição),DETERMINISTICAS,ADL BIC + 11 dummies + I12 + janela pandemia,2,0,True,131,115,2014-02-01,2024-12-01,131,16,-307.8206491485829,-261.8174919773645
Total (2013–2024),Brasil,Tipologia | Outros,Protocolos,ΔI; Δlog(1+exposição),DETERMINISTICAS,ADL BIC + 11 dummies + I12 + janela pandemia,2,1,True,131,115,2014-02-01,2024-12-01,131,17,-305.82868165437185,-256.9503271599523
Total (2013–2024),Brasil,Tipologia | Outros,Protocolos,ΔI; Δlog(1+exposição),DETERMINISTICAS,ADL BIC + 11 dummies + I12 + janela pandemia,2,2,True,131,115,2014-02-01,2024-12-01,131,18,-303.87856091233846,-252.12500909471774
Total (2013–2024),Brasil,Tipologia | Outros,Protocolos,ΔI; Δlog(1+exposição),DETERMINISTICAS,ADL BIC + 11 dummies + I12 + janela pandemia,2,3,True,131,115,2014-02-01,2024-12-01,131,19,-302.83157863569363,-248.20282949487176
Total (2013–2024),Brasil,Tipologia | Outros,Protocolos,ΔI; Δlog(1+exposição),DETERMINISTICAS,ADL BIC + 11 dummies + I12 + janela pandemia,3,0,True,131,115,2014-02-01,2024-12-01,131,17,-306.9513531359471,-258.07299864152753
Total (2013–2024),Brasil,Tipologia | Outros,Protocolos,ΔI; Δlog(1+exposição),DETERMINISTICAS,ADL BIC + 11 dummies + I12 + janela pandemia,3,1,True,131,115,2014-02-01,2024-12-01,131,18,-304.9882602827008,-253.2347084650801
Total (2013–2024),Brasil,Tipologia | Outros,Protocolos,ΔI; Δlog(1+exposição),DETERMINISTICAS,ADL BIC + 11 dummies + I12 + janela pandemia,3,2,True,131,115,2014-02-01,2024-12-01,131,19,-303.02146588286587,-248.392716742044
Total (2013–2024),Brasil,Tipologia | Outros,Protocolos,ΔI; Δlog(1+exposição),DETERMINISTICAS,ADL BIC + 11 dummies + I12 + janela pandemia,3,3,True,131,115,2014-02-01,2024-12-01,131,20,-302.1618039562376,-244.65785749221456
Total (2013–2024),Brasil,Tipologia | Outros,Protocolos,ΔI; Δlog(1+exposição),DETERMINISTICAS,ADL BIC + 11 dummies + I12 + janela pandemia,4,0,True,131,115,2014-02-01,2024-12-01,131,18,-306.92395752908124,-255.17040571146052
Total (2013–2024),Brasil,Tipologia | Outros,Protocolos,ΔI; Δlog(1+exposição),DETERMINISTICAS,ADL BIC + 11 dummies + I12 + janela pandemia,4,1,True,131,115,2014-02-01,2024-12-01,131,19,-305.0603375905624,-250.43158844974056
Total (2013–2024),Brasil,Tipologia | Outros,Protocolos,ΔI; Δlog(1+exposição),DETERMINISTICAS,ADL BIC + 11 dummies + I12 + janela pandemia,4,2,True,131,115,2014-02-01,2024-12-01,131,20,-303.0736888967758,-245.5697424327528
Total (2013–2024),Brasil,Tipologia | Outros,Protocolos,ΔI; Δlog(1+exposição),DETERMINISTICAS,ADL BIC + 11 dummies + I12 + janela pandemia,4,3,True,131,115,2014-02-01,2024-12-01,131,21,-302.4729169354499,-242.09377314822575
Total (2013–2024),Brasil,Tipologia | Outros,Protocolos,ΔI; Δlog(1+exposição),DETERMINISTICAS,ADL BIC + 11 dummies + I12 + janela pandemia,5,0,True,131,115,2014-02-01,2024-12-01,131,19,-305.6416063286539,-251.01285718783203
Total (2013–2024),Brasil,Tipologia | Outros,Protocolos,ΔI; Δlog(1+exposição),DETERMINISTICAS,ADL BIC + 11 dummies + I12 + janela pandemia,5,1,True,131,115,2014-02-01,2024-12-01,131,20,-303.75568386998555,-246.25173740596253
Total (2013–2024),Brasil,Tipologia | Outros,Protocolos,ΔI; Δlog(1+exposição),DETERMINISTICAS,ADL BIC + 11 dummies + I12 + janela pandemia,5,2,True,131,115,2014-02-01,2024-12-01,131,21,-301.8104862963165,-241.43134250909236
Total (2013–2024),Brasil,Tipologia | Outros,Protocolos,ΔI; Δlog(1+exposição),DETERMINISTICAS,ADL BIC + 11 dummies + I12 + janela pandemia,5,3,True,131,115,2014-02-01,2024-12-01,131,22,-301.12223435360227,-237.86789324317692
Total (2013–2024),Brasil,Tipologia | Outros,Protocolos,ΔI; Δlog(1+exposição),DETERMINISTICAS,ADL BIC + 11 dummies + I12 + janela pandemia,6,0,True,131,115,2014-02-01,2024-12-01,131,20,-306.3145421251842,-248.81059566116116
Total (2013–2024),Brasil,Tipologia | Outros,Protocolos,ΔI; Δlog(1+exposição),DETERMINISTICAS,ADL BIC + 11 dummies + I12 + janela pandemia,6,1,True,131,115,2014-02-01,2024-12-01,131,21,-304.57880632791296,-244.1996625406888
Total (2013–2024),Brasil,Tipologia | Outros,Protocolos,ΔI; Δlog(1+exposição),DETERMINISTICAS,ADL BIC + 11 dummies + I12 + janela pandemia,6,2,True,131,115,2014-02-01,2024-12-01,131,22,-302.72661897539797,-239.47227786497263
Total (2013–2024),Brasil,Tipologia | Outros,Protocolos,ΔI; Δlog(1+exposição),DETERMINISTICAS,ADL BIC + 11 dummies + I12 + janela pandemia,6,3,True,131,115,2014-02-01,2024-12-01,131,23,-301.71541923297013,-235.58588079934367
Total (2013–2024),Brasil,Tipologia | Rompimento/Colapso de barragens,Protocolos,ΔI; Δlog(1+exposição),NACIONAL,ADL BIC + 11 dummies + I12,1,0,True,131,116,2014-02-01,2024-12-01,131,14,-305.8121983273171,-265.55943580250096
Total (2013–2024),Brasil,Tipologia | Rompimento/Colapso de barragens,Protocolos,ΔI; Δlog(1+exposição),NACIONAL,ADL BIC + 11 dummies + I12,1,1,True,131,116,2014-02-01,2024-12-01,131,15,-303.93174784313146,-260.8037879951142
Total (2013–2024),Brasil,Tipologia | Rompimento/Colapso de barragens,Protocolos,ΔI; Δlog(1+exposição),NACIONAL,ADL BIC + 11 dummies + I12,1,2,True,131,116,2014-02-01,2024-12-01,131,16,-302.7017322831956,-256.6985751119772
Total (2013–2024),Brasil,Tipologia | Rompimento/Colapso de barragens,Protocolos,ΔI; Δlog(1+exposição),NACIONAL,ADL BIC + 11 dummies + I12,1,3,True,131,116,2014-02-01,2024-12-01,131,17,-300.744470489886,-251.86611599546643
Total (2013–2024),Brasil,Tipologia | Rompimento/Colapso de barragens,Protocolos,ΔI; Δlog(1+exposição),NACIONAL,ADL BIC + 11 dummies + I12,2,0,True,131,116,2014-02-01,2024-12-01,131,15,-307.0242788257408,-263.8963189777235
Total (2013–2024),Brasil,Tipologia | Rompimento/Colapso de barragens,Protocolos,ΔI; Δlog(1+exposição),NACIONAL,ADL BIC + 11 dummies + I12,2,1,True,131,116,2014-02-01,2024-12-01,131,16,-305.3284752635366,-259.3253180923182
Total (2013–2024),Brasil,Tipologia | Rompimento/Colapso de barragens,Protocolos,ΔI; Δlog(1+exposição),NACIONAL,ADL BIC + 11 dummies + I12,2,2,True,131,116,2014-02-01,2024-12-01,131,17,-303.9763007291658,-255.09794623474625
Total (2013–2024),Brasil,Tipologia | Rompimento/Colapso de barragens,Protocolos,ΔI; Δlog(1+exposição),NACIONAL,ADL BIC + 11 dummies + I12,2,3,True,131,116,2014-02-01,2024-12-01,131,18,-301.985874900308,-250.23232308268726
Total (2013–2024),Brasil,Tipologia | Rompimento/Colapso de barragens,Protocolos,ΔI; Δlog(1+exposição),NACIONAL,ADL BIC + 11 dummies + I12,3,0,True,131,116,2014-02-01,2024-12-01,131,16,-306.4819729251485,-260.4788157539301
Total (2013–2024),Brasil,Tipologia | Rompimento/Colapso de barragens,Protocolos,ΔI; Δlog(1+exposição),NACIONAL,ADL BIC + 11 dummies + I12,3,1,True,131,116,2014-02-01,2024-12-01,131,17,-304.65557109726944,-255.77721660284988
Total (2013–2024),Brasil,Tipologia | Rompimento/Colapso de barragens,Protocolos,ΔI; Δlog(1+exposição),NACIONAL,ADL BIC + 11 dummies + I12,3,2,True,131,116,2014-02-01,2024-12-01,131,18,-303.15741526108206,-251.40386344346135
Total (2013–2024),Brasil,Tipologia | Rompimento/Colapso de barragens,Protocolos,ΔI; Δlog(1+exposição),NACIONAL,ADL BIC + 11 dummies + I12,3,3,True,131,116,2014-02-01,2024-12-01,131,19,-301.170967215441,-246.54221807461914
Total (2013–2024),Brasil,Tipologia | Rompimento/Colapso de barragens,Protocolos,ΔI; Δlog(1+exposição),NACIONAL,ADL BIC + 11 dummies + I12,4,0,True,131,116,2014-02-01,2024-12-01,131,17,-306.0955267533569,-257.21717225893735
Total (2013–2024),Brasil,Tipologia | Rompimento/Colapso de barragens,Protocolos,ΔI; Δlog(1+exposição),NACIONAL,ADL BIC + 11 dummies + I12,4,1,True,131,116,2014-02-01,2024-12-01,131,18,-304.22761990592005,-252.47406808829933
Total (2013–2024),Brasil,Tipologia | Rompimento/Colapso de barragens,Protocolos,ΔI; Δlog(1+exposição),NACIONAL,ADL BIC + 11 dummies + I12,4,2,True,131,116,2014-02-01,2024-12-01,131,19,-302.5766065826763,-247.9478574418544
Total (2013–2024),Brasil,Tipologia | Rompimento/Colapso de barragens,Protocolos,ΔI; Δlog(1+exposição),NACIONAL,ADL BIC + 11 dummies + I12,4,3,True,131,116,2014-02-01,2024-12-01,131,20,-300.57741549305274,-243.07346902902972
Total (2013–2024),Brasil,Tipologia | Rompimento/Colapso de barragens,Protocolos,ΔI; Δlog(1+exposição),NACIONAL,ADL BIC + 11 dummies + I12,5,0,True,131,116,2014-02-01,2024-12-01,131,18,-304.6176294239874,-252.8640776063667
Total (2013–2024),Brasil,Tipologia | Rompimento/Colapso de barragens,Protocolos,ΔI; Δlog(1+exposição),NACIONAL,ADL BIC + 11 dummies + I12,5,1,True,131,116,2014-02-01,2024-12-01,131,19,-302.73316514701173,-248.10441600618987
Total (2013–2024),Brasil,Tipologia | Rompimento/Colapso de barragens,Protocolos,ΔI; Δlog(1+exposição),NACIONAL,ADL BIC + 11 dummies + I12,5,2,True,131,116,2014-02-01,2024-12-01,131,20,-301.1342137726755,-243.63026730865246
Total (2013–2024),Brasil,Tipologia | Rompimento/Colapso de barragens,Protocolos,ΔI; Δlog(1+exposição),NACIONAL,ADL BIC + 11 dummies + I12,5,3,True,131,116,2014-02-01,2024-12-01,131,21,-299.14323821957464,-238.76409443235048
Total (2013–2024),Brasil,Tipologia | Rompimento/Colapso de barragens,Protocolos,ΔI; Δlog(1+exposição),NACIONAL,ADL BIC + 11 dummies + I12,6,0,True,131,116,2014-02-01,2024-12-01,131,19,-305.14812659722713,-250.51937745640527
Total (2013–2024),Brasil,Tipologia | Rompimento/Colapso de barragens,Protocolos,ΔI; Δlog(1+exposição),NACIONAL,ADL BIC + 11 dummies + I12,6,1,True,131,116,2014-02-01,2024-12-01,131,20,-303.2702566239724,-245.76631015994937
Total (2013–2024),Brasil,Tipologia | Rompimento/Colapso de barragens,Protocolos,ΔI; Δlog(1+exposição),NACIONAL,ADL BIC + 11 dummies + I12,6,2,True,131,116,2014-02-01,2024-12-01,131,21,-301.56011909668973,-241.18097530946557
Total (2013–2024),Brasil,Tipologia | Rompimento/Colapso de barragens,Protocolos,ΔI; Δlog(1+exposição),NACIONAL,ADL BIC + 11 dummies + I12,6,3,True,131,116,2014-02-01,2024-12-01,131,22,-299.6072293614129,-236.35288825098758
Total (2013–2024),Brasil,Tipologia | Rompimento/Colapso de barragens,Protocolos,ΔI; Δlog(1+exposição),DETERMINISTICAS,ADL BIC + 11 dummies + I12 + janela pandemia,1,0,True,131,115,2014-02-01,2024-12-01,131,15,-307.36060153553126,-264.232641687514
Total (2013–2024),Brasil,Tipologia | Rompimento/Colapso de barragens,Protocolos,ΔI; Δlog(1+exposição),DETERMINISTICAS,ADL BIC + 11 dummies + I12 + janela pandemia,1,1,True,131,115,2014-02-01,2024-12-01,131,16,-305.50709832332655,-259.50394115210815
Total (2013–2024),Brasil,Tipologia | Rompimento/Colapso de barragens,Protocolos,ΔI; Δlog(1+exposição),DETERMINISTICAS,ADL BIC + 11 dummies + I12 + janela pandemia,1,2,True,131,115,2014-02-01,2024-12-01,131,17,-304.4611180081978,-255.58276351377822
Total (2013–2024),Brasil,Tipologia | Rompimento/Colapso de barragens,Protocolos,ΔI; Δlog(1+exposição),DETERMINISTICAS,ADL BIC + 11 dummies + I12 + janela pandemia,1,3,True,131,115,2014-02-01,2024-12-01,131,18,-302.47762025423947,-250.72406843661875
Total (2013–2024),Brasil,Tipologia | Rompimento/Colapso de barragens,Protocolos,ΔI; Δlog(1+exposição),DETERMINISTICAS,ADL BIC + 11 dummies + I12 + janela pandemia,2,0,True,131,115,2014-02-01,2024-12-01,131,16,-307.8206491485829,-261.8174919773645
Total (2013–2024),Brasil,Tipologia | Rompimento/Colapso de barragens,Protocolos,ΔI; Δlog(1+exposição),DETERMINISTICAS,ADL BIC + 11 dummies + I12 + janela pandemia,2,1,True,131,115,2014-02-01,2024-12-01,131,17,-306.1352011271771,-257.2568466327575
Total (2013–2024),Brasil,Tipologia | Rompimento/Colapso de barragens,Protocolos,ΔI; Δlog(1+exposição),DETERMINISTICAS,ADL BIC + 11 dummies + I12 + janela pandemia,2,2,True,131,115,2014-02-01,2024-12-01,131,18,-304.9493603797605,-253.19580856213977
Total (2013–2024),Brasil,Tipologia | Rompimento/Colapso de barragens,Protocolos,ΔI; Δlog(1+exposição),DETERMINISTICAS,ADL BIC + 11 dummies + I12 + janela pandemia,2,3,True,131,115,2014-02-01,2024-12-01,131,19,-302.951020538668,-248.32227139784612
Total (2013–2024),Brasil,Tipologia | Rompimento/Colapso de barragens,Protocolos,ΔI; Δlog(1+exposição),DETERMINISTICAS,ADL BIC + 11 dummies + I12 + janela pandemia,3,0,True,131,115,2014-02-01,2024-12-01,131,17,-306.9513531359471,-258.07299864152753
Total (2013–2024),Brasil,Tipologia | Rompimento/Colapso de barragens,Protocolos,ΔI; Δlog(1+exposição),DETERMINISTICAS,ADL BIC + 11 dummies + I12 + janela pandemia,3,1,True,131,115,2014-02-01,2024-12-01,131,18,-305.1463613269153,-253.3928095092946
Total (2013–2024),Brasil,Tipologia | Rompimento/Colapso de barragens,Protocolos,ΔI; Δlog(1+exposição),DETERMINISTICAS,ADL BIC + 11 dummies + I12 + janela pandemia,3,2,True,131,115,2014-02-01,2024-12-01,131,19,-303.80825995032717,-249.1795108095053
Total (2013–2024),Brasil,Tipologia | Rompimento/Colapso de barragens,Protocolos,ΔI; Δlog(1+exposição),DETERMINISTICAS,ADL BIC + 11 dummies + I12 + janela pandemia,3,3,True,131,115,2014-02-01,2024-12-01,131,20,-301.8118118648565,-244.3078654008335
Total (2013–2024),Brasil,Tipologia | Rompimento/Colapso de barragens,Protocolos,ΔI; Δlog(1+exposição),DETERMINISTICAS,ADL BIC + 11 dummies + I12 + janela pandemia,4,0,True,131,115,2014-02-01,2024-12-01,131,18,-306.92395752908124,-255.17040571146052
Total (2013–2024),Brasil,Tipologia | Rompimento/Colapso de barragens,Protocolos,ΔI; Δlog(1+exposição),DETERMINISTICAS,ADL BIC + 11 dummies + I12 + janela pandemia,4,1,True,131,115,2014-02-01,2024-12-01,131,19,-305.07171736486157,-250.4429682240397
Total (2013–2024),Brasil,Tipologia | Rompimento/Colapso de barragens,Protocolos,ΔI; Δlog(1+exposição),DETERMINISTICAS,ADL BIC + 11 dummies + I12 + janela pandemia,4,2,True,131,115,2014-02-01,2024-12-01,131,20,-303.54782502941475,-246.04387856539174
Total (2013–2024),Brasil,Tipologia | Rompimento/Colapso de barragens,Protocolos,ΔI; Δlog(1+exposição),DETERMINISTICAS,ADL BIC + 11 dummies + I12 + janela pandemia,4,3,True,131,115,2014-02-01,2024-12-01,131,21,-301.5495774975957,-241.17043371037153
Total (2013–2024),Brasil,Tipologia | Rompimento/Colapso de barragens,Protocolos,ΔI; Δlog(1+exposição),DETERMINISTICAS,ADL BIC + 11 dummies + I12 + janela pandemia,5,0,True,131,115,2014-02-01,2024-12-01,131,19,-305.6416063286539,-251.01285718783203
Total (2013–2024),Brasil,Tipologia | Rompimento/Colapso de barragens,Protocolos,ΔI; Δlog(1+exposição),DETERMINISTICAS,ADL BIC + 11 dummies + I12 + janela pandemia,5,1,True,131,115,2014-02-01,2024-12-01,131,20,-303.7693891698974,-246.2654427058744
Total (2013–2024),Brasil,Tipologia | Rompimento/Colapso de barragens,Protocolos,ΔI; Δlog(1+exposição),DETERMINISTICAS,ADL BIC + 11 dummies + I12 + janela pandemia,5,2,True,131,115,2014-02-01,2024-12-01,131,21,-302.32283089571627,-241.9436871084921
Total (2013–2024),Brasil,Tipologia | Rompimento/Colapso de barragens,Protocolos,ΔI; Δlog(1+exposição),DETERMINISTICAS,ADL BIC + 11 dummies + I12 + janela pandemia,5,3,True,131,115,2014-02-01,2024-12-01,131,22,-300.3239760342942,-237.06963492386888
Total (2013–2024),Brasil,Tipologia | Rompimento/Colapso de barragens,Protocolos,ΔI; Δlog(1+exposição),DETERMINISTICAS,ADL BIC + 11 dummies + I12 + janela pandemia,6,0,True,131,115,2014-02-01,2024-12-01,131,20,-306.3145421251842,-248.81059566116116
Total (2013–2024),Brasil,Tipologia | Rompimento/Colapso de barragens,Protocolos,ΔI; Δlog(1+exposição),DETERMINISTICAS,ADL BIC + 11 dummies + I12 + janela pandemia,6,1,True,131,115,2014-02-01,2024-12-01,131,21,-304.44978923837266,-244.0706454511485
Total (2013–2024),Brasil,Tipologia | Rompimento/Colapso de barragens,Protocolos,ΔI; Δlog(1+exposição),DETERMINISTICAS,ADL BIC + 11 dummies + I12 + janela pandemia,6,2,True,131,115,2014-02-01,2024-12-01,131,22,-302.8709320193997,-239.61659090897433
Total (2013–2024),Brasil,Tipologia | Rompimento/Colapso de barragens,Protocolos,ΔI; Δlog(1+exposição),DETERMINISTICAS,ADL BIC + 11 dummies + I12 + janela pandemia,6,3,True,131,115,2014-02-01,2024-12-01,131,23,-300.8957897599329,-234.76625132630642
Total (2013–2024),Brasil,Tipologia | Tornado,Protocolos,ΔI; Δlog(1+exposição),NACIONAL,ADL BIC + 11 dummies + I12,1,0,True,131,116,2014-02-01,2024-12-01,131,14,-305.8121983273171,-265.55943580250096
Total (2013–2024),Brasil,Tipologia | Tornado,Protocolos,ΔI; Δlog(1+exposição),NACIONAL,ADL BIC + 11 dummies + I12,1,1,True,131,116,2014-02-01,2024-12-01,131,15,-305.7810136026212,-262.65305375460395
Total (2013–2024),Brasil,Tipologia | Tornado,Protocolos,ΔI; Δlog(1+exposição),NACIONAL,ADL BIC + 11 dummies + I12,1,2,True,131,116,2014-02-01,2024-12-01,131,16,-303.7838638097959,-257.7807066385775
Total (2013–2024),Brasil,Tipologia | Tornado,Protocolos,ΔI; Δlog(1+exposição),NACIONAL,ADL BIC + 11 dummies + I12,1,3,True,131,116,2014-02-01,2024-12-01,131,17,-301.98400241615025,-253.10564792173068
Total (2013–2024),Brasil,Tipologia | Tornado,Protocolos,ΔI; Δlog(1+exposição),NACIONAL,ADL BIC + 11 dummies + I12,2,0,True,131,116,2014-02-01,2024-12-01,131,15,-307.0242788257408,-263.8963189777235
Total (2013–2024),Brasil,Tipologia | Tornado,Protocolos,ΔI; Δlog(1+exposição),NACIONAL,ADL BIC + 11 dummies + I12,2,1,True,131,116,2014-02-01,2024-12-01,131,16,-306.76599575181876,-260.7628385806004
Total (2013–2024),Brasil,Tipologia | Tornado,Protocolos,ΔI; Δlog(1+exposição),NACIONAL,ADL BIC + 11 dummies + I12,2,2,True,131,116,2014-02-01,2024-12-01,131,17,-304.7936069076201,-255.9152524132005
Total (2013–2024),Brasil,Tipologia | Tornado,Protocolos,ΔI; Δlog(1+exposição),NACIONAL,ADL BIC + 11 dummies + I12,2,3,True,131,116,2014-02-01,2024-12-01,131,18,-302.98863796578223,-251.2350861481615
Total (2013–2024),Brasil,Tipologia | Tornado,Protocolos,ΔI; Δlog(1+exposição),NACIONAL,ADL BIC + 11 dummies + I12,3,0,True,131,116,2014-02-01,2024-12-01,131,16,-306.4819729251485,-260.4788157539301
Total (2013–2024),Brasil,Tipologia | Tornado,Protocolos,ΔI; Δlog(1+exposição),NACIONAL,ADL BIC + 11 dummies + I12,3,1,True,131,116,2014-02-01,2024-12-01,131,17,-306.2887340248534,-257.41037953043383
Total (2013–2024),Brasil,Tipologia | Tornado,Protocolos,ΔI; Δlog(1+exposição),NACIONAL,ADL BIC + 11 dummies + I12,3,2,True,131,116,2014-02-01,2024-12-01,131,18,-304.3026963555477,-252.549144537927
Total (2013–2024),Brasil,Tipologia | Tornado,Protocolos,ΔI; Δlog(1+exposição),NACIONAL,ADL BIC + 11 dummies + I12,3,3,True,131,116,2014-02-01,2024-12-01,131,19,-302.6672606750293,-248.03851153420743
Total (2013–2024),Brasil,Tipologia | Tornado,Protocolos,ΔI; Δlog(1+exposição),NACIONAL,ADL BIC + 11 dummies + I12,4,0,True,131,116,2014-02-01,2024-12-01,131,17,-306.0955267533569,-257.21717225893735
Total (2013–2024),Brasil,Tipologia | Tornado,Protocolos,ΔI; Δlog(1+exposição),NACIONAL,ADL BIC + 11 dummies + I12,4,1,True,131,116,2014-02-01,2024-12-01,131,18,-306.42903572757245,-254.67548390995174
Total (2013–2024),Brasil,Tipologia | Tornado,Protocolos,ΔI; Δlog(1+exposição),NACIONAL,ADL BIC + 11 dummies + I12,4,2,True,131,116,2014-02-01,2024-12-01,131,19,-304.476290731316,-249.84754159049413
Total (2013–2024),Brasil,Tipologia | Tornado,Protocolos,ΔI; Δlog(1+exposição),NACIONAL,ADL BIC + 11 dummies + I12,4,3,True,131,116,2014-02-01,2024-12-01,131,20,-303.0164993896648,-245.51255292564176
Total (2013–2024),Brasil,Tipologia | Tornado,Protocolos,ΔI; Δlog(1+exposição),NACIONAL,ADL BIC + 11 dummies + I12,5,0,True,131,116,2014-02-01,2024-12-01,131,18,-304.6176294239874,-252.8640776063667
Total (2013–2024),Brasil,Tipologia | Tornado,Protocolos,ΔI; Δlog(1+exposição),NACIONAL,ADL BIC + 11 dummies + I12,5,1,True,131,116,2014-02-01,2024-12-01,131,19,-304.8227550701729,-250.19400592935102
Total (2013–2024),Brasil,Tipologia | Tornado,Protocolos,ΔI; Δlog(1+exposição),NACIONAL,ADL BIC + 11 dummies + I12,5,2,True,131,116,2014-02-01,2024-12-01,131,20,-302.91557389164905,-245.41162742762603
Total (2013–2024),Brasil,Tipologia | Tornado,Protocolos,ΔI; Δlog(1+exposição),NACIONAL,ADL BIC + 11 dummies + I12,5,3,True,131,116,2014-02-01,2024-12-01,131,21,-301.53546500201776,-241.1563212147936
Total (2013–2024),Brasil,Tipologia | Tornado,Protocolos,ΔI; Δlog(1+exposição),NACIONAL,ADL BIC + 11 dummies + I12,6,0,True,131,116,2014-02-01,2024-12-01,131,19,-305.14812659722713,-250.51937745640527
Total (2013–2024),Brasil,Tipologia | Tornado,Protocolos,ΔI; Δlog(1+exposição),NACIONAL,ADL BIC + 11 dummies + I12,6,1,True,131,116,2014-02-01,2024-12-01,131,20,-304.97410463426,-247.470158170237
Total (2013–2024),Brasil,Tipologia | Tornado,Protocolos,ΔI; Δlog(1+exposição),NACIONAL,ADL BIC + 11 dummies + I12,6,2,True,131,116,2014-02-01,2024-12-01,131,21,-303.0588409572167,-242.67969716999255
Total (2013–2024),Brasil,Tipologia | Tornado,Protocolos,ΔI; Δlog(1+exposição),NACIONAL,ADL BIC + 11 dummies + I12,6,3,True,131,116,2014-02-01,2024-12-01,131,22,-301.35319264659563,-238.0988515361703
Total (2013–2024),Brasil,Tipologia | Tornado,Protocolos,ΔI; Δlog(1+exposição),DETERMINISTICAS,ADL BIC + 11 dummies + I12 + janela pandemia,1,0,True,131,115,2014-02-01,2024-12-01,131,15,-307.36060153553126,-264.232641687514
Total (2013–2024),Brasil,Tipologia | Tornado,Protocolos,ΔI; Δlog(1+exposição),DETERMINISTICAS,ADL BIC + 11 dummies + I12 + janela pandemia,1,1,True,131,115,2014-02-01,2024-12-01,131,16,-307.14623815131574,-261.14308098009735
Total (2013–2024),Brasil,Tipologia | Tornado,Protocolos,ΔI; Δlog(1+exposição),DETERMINISTICAS,ADL BIC + 11 dummies + I12 + janela pandemia,1,2,True,131,115,2014-02-01,2024-12-01,131,17,-305.148799212927,-256.2704447185074
Total (2013–2024),Brasil,Tipologia | Tornado,Protocolos,ΔI; Δlog(1+exposição),DETERMINISTICAS,ADL BIC + 11 dummies + I12 + janela pandemia,1,3,True,131,115,2014-02-01,2024-12-01,131,18,-303.35537882326616,-251.60182700564545
Total (2013–2024),Brasil,Tipologia | Tornado,Protocolos,ΔI; Δlog(1+exposição),DETERMINISTICAS,ADL BIC + 11 dummies + I12 + janela pandemia,2,0,True,131,115,2014-02-01,2024-12-01,131,16,-307.8206491485829,-261.8174919773645
Total (2013–2024),Brasil,Tipologia | Tornado,Protocolos,ΔI; Δlog(1+exposição),DETERMINISTICAS,ADL BIC + 11 dummies + I12 + janela pandemia,2,1,True,131,115,2014-02-01,2024-12-01,131,17,-307.43306384313746,-258.5547093487179
Total (2013–2024),Brasil,Tipologia | Tornado,Protocolos,ΔI; Δlog(1+exposição),DETERMINISTICAS,ADL BIC + 11 dummies + I12 + janela pandemia,2,2,True,131,115,2014-02-01,2024-12-01,131,18,-305.4534431921436,-253.69989137452288
Total (2013–2024),Brasil,Tipologia | Tornado,Protocolos,ΔI; Δlog(1+exposição),DETERMINISTICAS,ADL BIC + 11 dummies + I12 + janela pandemia,2,3,True,131,115,2014-02-01,2024-12-01,131,19,-303.6548181223319,-249.02606898151004
Total (2013–2024),Brasil,Tipologia | Tornado,Protocolos,ΔI; Δlog(1+exposição),DETERMINISTICAS,ADL BIC + 11 dummies + I12 + janela pandemia,3,0,True,131,115,2014-02-01,2024-12-01,131,17,-306.9513531359471,-258.07299864152753
Total (2013–2024),Brasil,Tipologia | Tornado,Protocolos,ΔI; Δlog(1+exposição),DETERMINISTICAS,ADL BIC + 11 dummies + I12 + janela pandemia,3,1,True,131,115,2014-02-01,2024-12-01,131,18,-306.62688629400986,-254.87333447638915
Total (2013–2024),Brasil,Tipologia | Tornado,Protocolos,ΔI; Δlog(1+exposição),DETERMINISTICAS,ADL BIC + 11 dummies + I12 + janela pandemia,3,2,True,131,115,2014-02-01,2024-12-01,131,19,-304.63718456358004,-250.00843542275817
Total (2013–2024),Brasil,Tipologia | Tornado,Protocolos,ΔI; Δlog(1+exposição),DETERMINISTICAS,ADL BIC + 11 dummies + I12 + janela pandemia,3,3,True,131,115,2014-02-01,2024-12-01,131,20,-302.9888554027101,-245.48490893868708
Total (2013–2024),Brasil,Tipologia | Tornado,Protocolos,ΔI; Δlog(1+exposição),DETERMINISTICAS,ADL BIC + 11 dummies + I12 + janela pandemia,4,0,True,131,115,2014-02-01,2024-12-01,131,18,-306.92395752908124,-255.17040571146052
Total (2013–2024),Brasil,Tipologia | Tornado,Protocolos,ΔI; Δlog(1+exposição),DETERMINISTICAS,ADL BIC + 11 dummies + I12 + janela pandemia,4,1,True,131,115,2014-02-01,2024-12-01,131,19,-307.15055254668437,-252.5218034058625
Total (2013–2024),Brasil,Tipologia | Tornado,Protocolos,ΔI; Δlog(1+exposição),DETERMINISTICAS,ADL BIC + 11 dummies + I12 + janela pandemia,4,2,True,131,115,2014-02-01,2024-12-01,131,20,-305.19387148400676,-247.68992501998375
Total (2013–2024),Brasil,Tipologia | Tornado,Protocolos,ΔI; Δlog(1+exposição),DETERMINISTICAS,ADL BIC + 11 dummies + I12 + janela pandemia,4,3,True,131,115,2014-02-01,2024-12-01,131,21,-303.73360318469656,-243.3544593974724
Total (2013–2024),Brasil,Tipologia | Tornado,Protocolos,ΔI; Δlog(1+exposição),DETERMINISTICAS,ADL BIC + 11 dummies + I12 + janela pandemia,5,0,True,131,115,2014-02-01,2024-12-01,131,19,-305.6416063286539,-251.01285718783203
Total (2013–2024),Brasil,Tipologia | Tornado,Protocolos,ΔI; Δlog(1+exposição),DETERMINISTICAS,ADL BIC + 11 dummies + I12 + janela pandemia,5,1,True,131,115,2014-02-01,2024-12-01,131,20,-305.7161943257844,-248.21224786176137
Total (2013–2024),Brasil,Tipologia | Tornado,Protocolos,ΔI; Δlog(1+exposição),DETERMINISTICAS,ADL BIC + 11 dummies + I12 + janela pandemia,5,2,True,131,115,2014-02-01,2024-12-01,131,21,-303.8136857054127,-243.43454191818853
Total (2013–2024),Brasil,Tipologia | Tornado,Protocolos,ΔI; Δlog(1+exposição),DETERMINISTICAS,ADL BIC + 11 dummies + I12 + janela pandemia,5,3,True,131,115,2014-02-01,2024-12-01,131,22,-302.44830163942936,-239.19396052900402
Total (2013–2024),Brasil,Tipologia | Tornado,Protocolos,ΔI; Δlog(1+exposição),DETERMINISTICAS,ADL BIC + 11 dummies + I12 + janela pandemia,6,0,True,131,115,2014-02-01,2024-12-01,131,20,-306.3145421251842,-248.81059566116116
Total (2013–2024),Brasil,Tipologia | Tornado,Protocolos,ΔI; Δlog(1+exposição),DETERMINISTICAS,ADL BIC + 11 dummies + I12 + janela pandemia,6,1,True,131,115,2014-02-01,2024-12-01,131,21,-306.0089346082059,-245.62979082098173
Total (2013–2024),Brasil,Tipologia | Tornado,Protocolos,ΔI; Δlog(1+exposição),DETERMINISTICAS,ADL BIC + 11 dummies + I12 + janela pandemia,6,2,True,131,115,2014-02-01,2024-12-01,131,22,-304.09800112631535,-240.84366001589
Total (2013–2024),Brasil,Tipologia | Tornado,Protocolos,ΔI; Δlog(1+exposição),DETERMINISTICAS,ADL BIC + 11 dummies + I12 + janela pandemia,6,3,True,131,115,2014-02-01,2024-12-01,131,23,-302.3937641895976,-236.26422575597115
Total (2013–2024),Brasil,Tipologia | Vendavais e Ciclones,Protocolos,ΔI; Δlog(1+exposição),NACIONAL,ADL BIC + 11 dummies + I12,1,0,True,131,115,2014-02-01,2024-12-01,131,14,-305.8121983273171,-265.55943580250096
Total (2013–2024),Brasil,Tipologia | Vendavais e Ciclones,Protocolos,ΔI; Δlog(1+exposição),NACIONAL,ADL BIC + 11 dummies + I12,1,1,True,131,115,2014-02-01,2024-12-01,131,15,-303.825062114448,-260.6971022664307
Total (2013–2024),Brasil,Tipologia | Vendavais e Ciclones,Protocolos,ΔI; Δlog(1+exposição),NACIONAL,ADL BIC + 11 dummies + I12,1,2,True,131,115,2014-02-01,2024-12-01,131,16,-308.54667980745523,-262.54352263623684
Total (2013–2024),Brasil,Tipologia | Vendavais e Ciclones,Protocolos,ΔI; Δlog(1+exposição),NACIONAL,ADL BIC + 11 dummies + I12,1,3,True,131,115,2014-02-01,2024-12-01,131,17,-306.5525032299578,-257.6741487355382
Total (2013–2024),Brasil,Tipologia | Vendavais e Ciclones,Protocolos,ΔI; Δlog(1+exposição),NACIONAL,ADL BIC + 11 dummies + I12,2,0,True,131,115,2014-02-01,2024-12-01,131,15,-307.0242788257408,-263.8963189777235
Total (2013–2024),Brasil,Tipologia | Vendavais e Ciclones,Protocolos,ΔI; Δlog(1+exposição),NACIONAL,ADL BIC + 11 dummies + I12,2,1,True,131,115,2014-02-01,2024-12-01,131,16,-305.05033139017155,-259.04717421895316
Total (2013–2024),Brasil,Tipologia | Vendavais e Ciclones,Protocolos,ΔI; Δlog(1+exposição),NACIONAL,ADL BIC + 11 dummies + I12,2,2,True,131,115,2014-02-01,2024-12-01,131,17,-310.48612342882143,-261.60776893440186
Total (2013–2024),Brasil,Tipologia | Vendavais e Ciclones,Protocolos,ΔI; Δlog(1+exposição),NACIONAL,ADL BIC + 11 dummies + I12,2,3,True,131,115,2014-02-01,2024-12-01,131,18,-308.51063972798033,-256.7570879103596
Total (2013–2024),Brasil,Tipologia | Vendavais e Ciclones,Protocolos,ΔI; Δlog(1+exposição),NACIONAL,ADL BIC + 11 dummies + I12,3,0,True,131,115,2014-02-01,2024-12-01,131,16,-306.4819729251485,-260.4788157539301
Total (2013–2024),Brasil,Tipologia | Vendavais e Ciclones,Protocolos,ΔI; Δlog(1+exposição),NACIONAL,ADL BIC + 11 dummies + I12,3,1,True,131,115,2014-02-01,2024-12-01,131,17,-304.48751209531565,-255.60915760089608
Total (2013–2024),Brasil,Tipologia | Vendavais e Ciclones,Protocolos,ΔI; Δlog(1+exposição),NACIONAL,ADL BIC + 11 dummies + I12,3,2,True,131,115,2014-02-01,2024-12-01,131,18,-309.9563156874374,-258.20276386981664
Total (2013–2024),Brasil,Tipologia | Vendavais e Ciclones,Protocolos,ΔI; Δlog(1+exposição),NACIONAL,ADL BIC + 11 dummies + I12,3,3,True,131,115,2014-02-01,2024-12-01,131,19,-308.01656198970556,-253.3878128488837
Total (2013–2024),Brasil,Tipologia | Vendavais e Ciclones,Protocolos,ΔI; Δlog(1+exposição),NACIONAL,ADL BIC + 11 dummies + I12,4,0,True,131,115,2014-02-01,2024-12-01,131,17,-306.0955267533569,-257.21717225893735
Total (2013–2024),Brasil,Tipologia | Vendavais e Ciclones,Protocolos,ΔI; Δlog(1+exposição),NACIONAL,ADL BIC + 11 dummies + I12,4,1,True,131,115,2014-02-01,2024-12-01,131,18,-304.1736950802257,-252.42014326260497
Total (2013–2024),Brasil,Tipologia | Vendavais e Ciclones,Protocolos,ΔI; Δlog(1+exposição),NACIONAL,ADL BIC + 11 dummies + I12,4,2,True,131,115,2014-02-01,2024-12-01,131,19,-309.25002782784054,-254.62127868701867
Total (2013–2024),Brasil,Tipologia | Vendavais e Ciclones,Protocolos,ΔI; Δlog(1+exposição),NACIONAL,ADL BIC + 11 dummies + I12,4,3,True,131,115,2014-02-01,2024-12-01,131,20,-307.26629087578215,-249.76234441175913
Total (2013–2024),Brasil,Tipologia | Vendavais e Ciclones,Protocolos,ΔI; Δlog(1+exposição),NACIONAL,ADL BIC + 11 dummies + I12,5,0,True,131,115,2014-02-01,2024-12-01,131,18,-304.6176294239874,-252.8640776063667
Total (2013–2024),Brasil,Tipologia | Vendavais e Ciclones,Protocolos,ΔI; Δlog(1+exposição),NACIONAL,ADL BIC + 11 dummies + I12,5,1,True,131,115,2014-02-01,2024-12-01,131,19,-302.6598928510392,-248.03114371021735
Total (2013–2024),Brasil,Tipologia | Vendavais e Ciclones,Protocolos,ΔI; Δlog(1+exposição),NACIONAL,ADL BIC + 11 dummies + I12,5,2,True,131,115,2014-02-01,2024-12-01,131,20,-307.2500537194662,-249.7461072554432
Total (2013–2024),Brasil,Tipologia | Vendavais e Ciclones,Protocolos,ΔI; Δlog(1+exposição),NACIONAL,ADL BIC + 11 dummies + I12,5,3,True,131,115,2014-02-01,2024-12-01,131,21,-305.2663063945199,-244.88716260729575
Total (2013–2024),Brasil,Tipologia | Vendavais e Ciclones,Protocolos,ΔI; Δlog(1+exposição),NACIONAL,ADL BIC + 11 dummies + I12,6,0,True,131,115,2014-02-01,2024-12-01,131,19,-305.14812659722713,-250.51937745640527
Total (2013–2024),Brasil,Tipologia | Vendavais e Ciclones,Protocolos,ΔI; Δlog(1+exposição),NACIONAL,ADL BIC + 11 dummies + I12,6,1,True,131,115,2014-02-01,2024-12-01,131,20,-303.36587128716474,-245.86192482314172
Total (2013–2024),Brasil,Tipologia | Vendavais e Ciclones,Protocolos,ΔI; Δlog(1+exposição),NACIONAL,ADL BIC + 11 dummies + I12,6,2,True,131,115,2014-02-01,2024-12-01,131,21,-306.7110895740461,-246.33194578682196
Total (2013–2024),Brasil,Tipologia | Vendavais e Ciclones,Protocolos,ΔI; Δlog(1+exposição),NACIONAL,ADL BIC + 11 dummies + I12,6,3,True,131,115,2014-02-01,2024-12-01,131,22,-304.87180915470594,-241.6174680442806
Total (2013–2024),Brasil,Tipologia | Vendavais e Ciclones,Protocolos,ΔI; Δlog(1+exposição),DETERMINISTICAS,ADL BIC + 11 dummies + I12 + janela pandemia,1,0,True,131,114,2014-02-01,2024-12-01,131,15,-307.36060153553126,-264.232641687514
Total (2013–2024),Brasil,Tipologia | Vendavais e Ciclones,Protocolos,ΔI; Δlog(1+exposição),DETERMINISTICAS,ADL BIC + 11 dummies + I12 + janela pandemia,1,1,True,131,114,2014-02-01,2024-12-01,131,16,-305.3903338394682,-259.3871766682498
Total (2013–2024),Brasil,Tipologia | Vendavais e Ciclones,Protocolos,ΔI; Δlog(1+exposição),DETERMINISTICAS,ADL BIC + 11 dummies + I12 + janela pandemia,1,2,True,131,114,2014-02-01,2024-12-01,131,17,-310.0654015676695,-261.1870470732499
Total (2013–2024),Brasil,Tipologia | Vendavais e Ciclones,Protocolos,ΔI; Δlog(1+exposição),DETERMINISTICAS,ADL BIC + 11 dummies + I12 + janela pandemia,1,3,True,131,114,2014-02-01,2024-12-01,131,18,-308.068406360945,-256.31485454332426
Total (2013–2024),Brasil,Tipologia | Vendavais e Ciclones,Protocolos,ΔI; Δlog(1+exposição),DETERMINISTICAS,ADL BIC + 11 dummies + I12 + janela pandemia,2,0,True,131,114,2014-02-01,2024-12-01,131,16,-307.8206491485829,-261.8174919773645
Total (2013–2024),Brasil,Tipologia | Vendavais e Ciclones,Protocolos,ΔI; Δlog(1+exposição),DETERMINISTICAS,ADL BIC + 11 dummies + I12 + janela pandemia,2,1,True,131,114,2014-02-01,2024-12-01,131,17,-305.86416440036885,-256.9858099059493
Total (2013–2024),Brasil,Tipologia | Vendavais e Ciclones,Protocolos,ΔI; Δlog(1+exposição),DETERMINISTICAS,ADL BIC + 11 dummies + I12 + janela pandemia,2,2,True,131,114,2014-02-01,2024-12-01,131,18,-311.17790263315715,-259.4243508155364
Total (2013–2024),Brasil,Tipologia | Vendavais e Ciclones,Protocolos,ΔI; Δlog(1+exposição),DETERMINISTICAS,ADL BIC + 11 dummies + I12 + janela pandemia,2,3,True,131,114,2014-02-01,2024-12-01,131,19,-309.20081420375357,-254.5720650629317
Total (2013–2024),Brasil,Tipologia | Vendavais e Ciclones,Protocolos,ΔI; Δlog(1+exposição),DETERMINISTICAS,ADL BIC + 11 dummies + I12 + janela pandemia,3,0,True,131,114,2014-02-01,2024-12-01,131,17,-306.9513531359471,-258.07299864152753
Total (2013–2024),Brasil,Tipologia | Vendavais e Ciclones,Protocolos,ΔI; Δlog(1+exposição),DETERMINISTICAS,ADL BIC + 11 dummies + I12 + janela pandemia,3,1,True,131,114,2014-02-01,2024-12-01,131,18,-304.9680443561516,-253.2144925385309
Total (2013–2024),Brasil,Tipologia | Vendavais e Ciclones,Protocolos,ΔI; Δlog(1+exposição),DETERMINISTICAS,ADL BIC + 11 dummies + I12 + janela pandemia,3,2,True,131,114,2014-02-01,2024-12-01,131,19,-310.31840602425905,-255.68965688343718
Total (2013–2024),Brasil,Tipologia | Vendavais e Ciclones,Protocolos,ΔI; Δlog(1+exposição),DETERMINISTICAS,ADL BIC + 11 dummies + I12 + janela pandemia,3,3,True,131,114,2014-02-01,2024-12-01,131,20,-308.3714586596983,-250.8675121956753
Total (2013–2024),Brasil,Tipologia | Vendavais e Ciclones,Protocolos,ΔI; Δlog(1+exposição),DETERMINISTICAS,ADL BIC + 11 dummies + I12 + janela pandemia,4,0,True,131,114,2014-02-01,2024-12-01,131,18,-306.92395752908124,-255.17040571146052
Total (2013–2024),Brasil,Tipologia | Vendavais e Ciclones,Protocolos,ΔI; Δlog(1+exposição),DETERMINISTICAS,ADL BIC + 11 dummies + I12 + janela pandemia,4,1,True,131,114,2014-02-01,2024-12-01,131,19,-304.99035160047345,-250.36160245965158
Total (2013–2024),Brasil,Tipologia | Vendavais e Ciclones,Protocolos,ΔI; Δlog(1+exposição),DETERMINISTICAS,ADL BIC + 11 dummies + I12 + janela pandemia,4,2,True,131,114,2014-02-01,2024-12-01,131,20,-309.9048729184067,-252.40092645438367
Total (2013–2024),Brasil,Tipologia | Vendavais e Ciclones,Protocolos,ΔI; Δlog(1+exposição),DETERMINISTICAS,ADL BIC + 11 dummies + I12 + janela pandemia,4,3,True,131,114,2014-02-01,2024-12-01,131,21,-307.91451112122604,-247.53536733400188
Total (2013–2024),Brasil,Tipologia | Vendavais e Ciclones,Protocolos,ΔI; Δlog(1+exposição),DETERMINISTICAS,ADL BIC + 11 dummies + I12 + janela pandemia,5,0,True,131,114,2014-02-01,2024-12-01,131,19,-305.6416063286539,-251.01285718783203
Total (2013–2024),Brasil,Tipologia | Vendavais e Ciclones,Protocolos,ΔI; Δlog(1+exposição),DETERMINISTICAS,ADL BIC + 11 dummies + I12 + janela pandemia,5,1,True,131,114,2014-02-01,2024-12-01,131,20,-303.67033642693207,-246.16638996290905
Total (2013–2024),Brasil,Tipologia | Vendavais e Ciclones,Protocolos,ΔI; Δlog(1+exposição),DETERMINISTICAS,ADL BIC + 11 dummies + I12 + janela pandemia,5,2,True,131,114,2014-02-01,2024-12-01,131,21,-307.9243459531792,-247.54520216595506
Total (2013–2024),Brasil,Tipologia | Vendavais e Ciclones,Protocolos,ΔI; Δlog(1+exposição),DETERMINISTICAS,ADL BIC + 11 dummies + I12 + janela pandemia,5,3,True,131,114,2014-02-01,2024-12-01,131,22,-305.9321421213235,-242.67780101089818
Total (2013–2024),Brasil,Tipologia | Vendavais e Ciclones,Protocolos,ΔI; Δlog(1+exposição),DETERMINISTICAS,ADL BIC + 11 dummies + I12 + janela pandemia,6,0,True,131,114,2014-02-01,2024-12-01,131,20,-306.3145421251842,-248.81059566116116
Total (2013–2024),Brasil,Tipologia | Vendavais e Ciclones,Protocolos,ΔI; Δlog(1+exposição),DETERMINISTICAS,ADL BIC + 11 dummies + I12 + janela pandemia,6,1,True,131,114,2014-02-01,2024-12-01,131,21,-304.50510507136335,-244.12596128413918
Total (2013–2024),Brasil,Tipologia | Vendavais e Ciclones,Protocolos,ΔI; Δlog(1+exposição),DETERMINISTICAS,ADL BIC + 11 dummies + I12 + janela pandemia,6,2,True,131,114,2014-02-01,2024-12-01,131,22,-307.50667483734696,-244.25233372692162
Total (2013–2024),Brasil,Tipologia | Vendavais e Ciclones,Protocolos,ΔI; Δlog(1+exposição),DETERMINISTICAS,ADL BIC + 11 dummies + I12 + janela pandemia,6,3,True,131,114,2014-02-01,2024-12-01,131,23,-305.644308990191,-239.51477055656454
Pré-pandemia (até jan/2020),Brasil,Total nacional,Protocolos,ΔI; Δlog(1+exposição),NACIONAL,ADL BIC + 11 dummies + I12,1,0,True,72,55,2014-02-01,2020-01-01,72,14,-173.21353912584198,-141.3402134596172
Pré-pandemia (até jan/2020),Brasil,Total nacional,Protocolos,ΔI; Δlog(1+exposição),NACIONAL,ADL BIC + 11 dummies + I12,1,1,True,72,55,2014-02-01,2020-01-01,72,15,-172.5790790817938,-138.42908729655295
Pré-pandemia (até jan/2020),Brasil,Total nacional,Protocolos,ΔI; Δlog(1+exposição),NACIONAL,ADL BIC + 11 dummies + I12,1,2,True,72,55,2014-02-01,2020-01-01,72,16,-170.74847258346813,-134.32181467921123
Pré-pandemia (até jan/2020),Brasil,Total nacional,Protocolos,ΔI; Δlog(1+exposição),NACIONAL,ADL BIC + 11 dummies + I12,1,3,True,72,55,2014-02-01,2020-01-01,72,17,-169.2233828789199,-130.52005885564694
Pré-pandemia (até jan/2020),Brasil,Total nacional,Protocolos,ΔI; Δlog(1+exposição),NACIONAL,ADL BIC + 11 dummies + I12,2,0,True,72,55,2014-02-01,2020-01-01,72,15,-173.88935667408498,-139.73936488884414
Pré-pandemia (até jan/2020),Brasil,Total nacional,Protocolos,ΔI; Δlog(1+exposição),NACIONAL,ADL BIC + 11 dummies + I12,2,1,True,72,55,2014-02-01,2020-01-01,72,16,-173.62822044681275,-137.20156254255585
Pré-pandemia (até jan/2020),Brasil,Total nacional,Protocolos,ΔI; Δlog(1+exposição),NACIONAL,ADL BIC + 11 dummies + I12,2,2,True,72,55,2014-02-01,2020-01-01,72,17,-172.1231363922749,-133.41981236900193
Pré-pandemia (até jan/2020),Brasil,Total nacional,Protocolos,ΔI; Δlog(1+exposição),NACIONAL,ADL BIC + 11 dummies + I12,2,3,True,72,55,2014-02-01,2020-01-01,72,18,-170.22301841139404,-129.24302826910503
Pré-pandemia (até jan/2020),Brasil,Total nacional,Protocolos,ΔI; Δlog(1+exposição),NACIONAL,ADL BIC + 11 dummies + I12,3,0,True,72,55,2014-02-01,2020-01-01,72,16,-180.9074564455999,-144.480798541343
Pré-pandemia (até jan/2020),Brasil,Total nacional,Protocolos,ΔI; Δlog(1+exposição),NACIONAL,ADL BIC + 11 dummies + I12,3,1,True,72,55,2014-02-01,2020-01-01,72,17,-180.05010653115232,-141.34678250787937
Pré-pandemia (até jan/2020),Brasil,Total nacional,Protocolos,ΔI; Δlog(1+exposição),NACIONAL,ADL BIC + 11 dummies + I12,3,2,True,72,55,2014-02-01,2020-01-01,72,18,-178.41936102216664,-137.43937087987763
Pré-pandemia (até jan/2020),Brasil,Total nacional,Protocolos,ΔI; Δlog(1+exposição),NACIONAL,ADL BIC + 11 dummies + I12,3,3,True,72,55,2014-02-01,2020-01-01,72,19,-176.47196800115194,-133.21531173984687
Pré-pandemia (até jan/2020),Brasil,Grupo | Climatológico,Protocolos,ΔI; Δlog(1+exposição),NACIONAL,ADL BIC + 11 dummies + I12,1,0,True,72,55,2014-02-01,2020-01-01,72,14,-173.21353912584198,-141.3402134596172
Pré-pandemia (até jan/2020),Brasil,Grupo | Climatológico,Protocolos,ΔI; Δlog(1+exposição),NACIONAL,ADL BIC + 11 dummies + I12,1,1,True,72,55,2014-02-01,2020-01-01,72,15,-173.28887422255798,-139.13888243731714
Pré-pandemia (até jan/2020),Brasil,Grupo | Climatológico,Protocolos,ΔI; Δlog(1+exposição),NACIONAL,ADL BIC + 11 dummies + I12,1,2,True,72,55,2014-02-01,2020-01-01,72,16,-171.31409237312425,-134.88743446886735
Pré-pandemia (até jan/2020),Brasil,Grupo | Climatológico,Protocolos,ΔI; Δlog(1+exposição),NACIONAL,ADL BIC + 11 dummies + I12,1,3,True,72,55,2014-02-01,2020-01-01,72,17,-169.57276381547513,-130.86943979220217
Pré-pandemia (até jan/2020),Brasil,Grupo | Climatológico,Protocolos,ΔI; Δlog(1+exposição),NACIONAL,ADL BIC + 11 dummies + I12,2,0,True,72,55,2014-02-01,2020-01-01,72,15,-173.88935667408498,-139.73936488884414
Pré-pandemia (até jan/2020),Brasil,Grupo | Climatológico,Protocolos,ΔI; Δlog(1+exposição),NACIONAL,ADL BIC + 11 dummies + I12,2,1,True,72,55,2014-02-01,2020-01-01,72,16,-175.95936909696093,-139.53271119270403
Pré-pandemia (até jan/2020),Brasil,Grupo | Climatológico,Protocolos,ΔI; Δlog(1+exposição),NACIONAL,ADL BIC + 11 dummies + I12,2,2,True,72,55,2014-02-01,2020-01-01,72,17,-174.0694559474489,-135.36613192417593
Pré-pandemia (até jan/2020),Brasil,Grupo | Climatológico,Protocolos,ΔI; Δlog(1+exposição),NACIONAL,ADL BIC + 11 dummies + I12,2,3,True,72,55,2014-02-01,2020-01-01,72,18,-172.0740814811826,-131.09409133889358
Pré-pandemia (até jan/2020),Brasil,Grupo | Climatológico,Protocolos,ΔI; Δlog(1+exposição),NACIONAL,ADL BIC + 11 dummies + I12,3,0,True,72,55,2014-02-01,2020-01-01,72,16,-180.9074564455999,-144.480798541343
Pré-pandemia (até jan/2020),Brasil,Grupo | Climatológico,Protocolos,ΔI; Δlog(1+exposição),NACIONAL,ADL BIC + 11 dummies + I12,3,1,True,72,55,2014-02-01,2020-01-01,72,17,-181.2005469346276,-142.49722291135464
Pré-pandemia (até jan/2020),Brasil,Grupo | Climatológico,Protocolos,ΔI; Δlog(1+exposição),NACIONAL,ADL BIC + 11 dummies + I12,3,2,True,72,55,2014-02-01,2020-01-01,72,18,-179.29785571837385,-138.31786557608484
Pré-pandemia (até jan/2020),Brasil,Grupo | Climatológico,Protocolos,ΔI; Δlog(1+exposição),NACIONAL,ADL BIC + 11 dummies + I12,3,3,True,72,55,2014-02-01,2020-01-01,72,19,-177.34043667439164,-134.08378041308657
Pré-pandemia (até jan/2020),Brasil,Grupo | Hidrológico,Protocolos,ΔI; Δlog(1+exposição),NACIONAL,ADL BIC + 11 dummies + I12,1,0,True,72,55,2014-02-01,2020-01-01,72,14,-173.21353912584198,-141.3402134596172
Pré-pandemia (até jan/2020),Brasil,Grupo | Hidrológico,Protocolos,ΔI; Δlog(1+exposição),NACIONAL,ADL BIC + 11 dummies + I12,1,1,True,72,55,2014-02-01,2020-01-01,72,15,-171.21960372301658,-137.06961193777573
Pré-pandemia (até jan/2020),Brasil,Grupo | Hidrológico,Protocolos,ΔI; Δlog(1+exposição),NACIONAL,ADL BIC + 11 dummies + I12,1,2,True,72,55,2014-02-01,2020-01-01,72,16,-169.3864307930304,-132.9597728887735
Pré-pandemia (até jan/2020),Brasil,Grupo | Hidrológico,Protocolos,ΔI; Δlog(1+exposição),NACIONAL,ADL BIC + 11 dummies + I12,1,3,True,72,55,2014-02-01,2020-01-01,72,17,-167.38883995177252,-128.68551592849957
Pré-pandemia (até jan/2020),Brasil,Grupo | Hidrológico,Protocolos,ΔI; Δlog(1+exposição),NACIONAL,ADL BIC + 11 dummies + I12,2,0,True,72,55,2014-02-01,2020-01-01,72,15,-173.88935667408498,-139.73936488884414
Pré-pandemia (até jan/2020),Brasil,Grupo | Hidrológico,Protocolos,ΔI; Δlog(1+exposição),NACIONAL,ADL BIC + 11 dummies + I12,2,1,True,72,55,2014-02-01,2020-01-01,72,16,-171.95335977790853,-135.52670187365163
Pré-pandemia (até jan/2020),Brasil,Grupo | Hidrológico,Protocolos,ΔI; Δlog(1+exposição),NACIONAL,ADL BIC + 11 dummies + I12,2,2,True,72,55,2014-02-01,2020-01-01,72,17,-170.0185913279946,-131.31526730472166
Pré-pandemia (até jan/2020),Brasil,Grupo | Hidrológico,Protocolos,ΔI; Δlog(1+exposição),NACIONAL,ADL BIC + 11 dummies + I12,2,3,True,72,55,2014-02-01,2020-01-01,72,18,-168.01895101144976,-127.03896086916076
Pré-pandemia (até jan/2020),Brasil,Grupo | Hidrológico,Protocolos,ΔI; Δlog(1+exposição),NACIONAL,ADL BIC + 11 dummies + I12,3,0,True,72,55,2014-02-01,2020-01-01,72,16,-180.9074564455999,-144.480798541343
Pré-pandemia (até jan/2020),Brasil,Grupo | Hidrológico,Protocolos,ΔI; Δlog(1+exposição),NACIONAL,ADL BIC + 11 dummies + I12,3,1,True,72,55,2014-02-01,2020-01-01,72,17,-178.99875699709912,-140.29543297382617
Pré-pandemia (até jan/2020),Brasil,Grupo | Hidrológico,Protocolos,ΔI; Δlog(1+exposição),NACIONAL,ADL BIC + 11 dummies + I12,3,2,True,72,55,2014-02-01,2020-01-01,72,18,-177.00875342271115,-136.02876328042214
Pré-pandemia (até jan/2020),Brasil,Grupo | Hidrológico,Protocolos,ΔI; Δlog(1+exposição),NACIONAL,ADL BIC + 11 dummies + I12,3,3,True,72,55,2014-02-01,2020-01-01,72,19,-175.1073621906396,-131.85070592933454
Pré-pandemia (até jan/2020),Brasil,Grupo | Meteorológico,Protocolos,ΔI; Δlog(1+exposição),NACIONAL,ADL BIC + 11 dummies + I12,1,0,True,72,55,2014-02-01,2020-01-01,72,14,-173.21353912584198,-141.3402134596172
Pré-pandemia (até jan/2020),Brasil,Grupo | Meteorológico,Protocolos,ΔI; Δlog(1+exposição),NACIONAL,ADL BIC + 11 dummies + I12,1,1,True,72,55,2014-02-01,2020-01-01,72,15,-172.28045594844355,-138.1304641632027
Pré-pandemia (até jan/2020),Brasil,Grupo | Meteorológico,Protocolos,ΔI; Δlog(1+exposição),NACIONAL,ADL BIC + 11 dummies + I12,1,2,True,72,55,2014-02-01,2020-01-01,72,16,-170.70235007388794,-134.27569216963104
Pré-pandemia (até jan/2020),Brasil,Grupo | Meteorológico,Protocolos,ΔI; Δlog(1+exposição),NACIONAL,ADL BIC + 11 dummies + I12,1,3,True,72,55,2014-02-01,2020-01-01,72,17,-168.8451408288928,-130.14181680561984
Pré-pandemia (até jan/2020),Brasil,Grupo | Meteorológico,Protocolos,ΔI; Δlog(1+exposição),NACIONAL,ADL BIC + 11 dummies + I12,2,0,True,72,55,2014-02-01,2020-01-01,72,15,-173.88935667408498,-139.73936488884414
Pré-pandemia (até jan/2020),Brasil,Grupo | Meteorológico,Protocolos,ΔI; Δlog(1+exposição),NACIONAL,ADL BIC + 11 dummies + I12,2,1,True,72,55,2014-02-01,2020-01-01,72,16,-172.57712818489563,-136.15047028063873
Pré-pandemia (até jan/2020),Brasil,Grupo | Meteorológico,Protocolos,ΔI; Δlog(1+exposição),NACIONAL,ADL BIC + 11 dummies + I12,2,2,True,72,55,2014-02-01,2020-01-01,72,17,-171.1310825369245,-132.42775851365155
Pré-pandemia (até jan/2020),Brasil,Grupo | Meteorológico,Protocolos,ΔI; Δlog(1+exposição),NACIONAL,ADL BIC + 11 dummies + I12,2,3,True,72,55,2014-02-01,2020-01-01,72,18,-169.17796989635724,-128.19797975406823
Pré-pandemia (até jan/2020),Brasil,Grupo | Meteorológico,Protocolos,ΔI; Δlog(1+exposição),NACIONAL,ADL BIC + 11 dummies + I12,3,0,True,72,55,2014-02-01,2020-01-01,72,16,-180.9074564455999,-144.480798541343
Pré-pandemia (até jan/2020),Brasil,Grupo | Meteorológico,Protocolos,ΔI; Δlog(1+exposição),NACIONAL,ADL BIC + 11 dummies + I12,3,1,True,72,55,2014-02-01,2020-01-01,72,17,-181.94195228448234,-143.23862826120939
Pré-pandemia (até jan/2020),Brasil,Grupo | Meteorológico,Protocolos,ΔI; Δlog(1+exposição),NACIONAL,ADL BIC + 11 dummies + I12,3,2,True,72,55,2014-02-01,2020-01-01,72,18,-180.35982933097398,-139.37983918868497
Pré-pandemia (até jan/2020),Brasil,Grupo | Meteorológico,Protocolos,ΔI; Δlog(1+exposição),NACIONAL,ADL BIC + 11 dummies + I12,3,3,True,72,55,2014-02-01,2020-01-01,72,19,-178.36817725585036,-135.1115209945453
Pré-pandemia (até jan/2020),Brasil,Grupo | Outros,Protocolos,ΔI; Δlog(1+exposição),NACIONAL,ADL BIC + 11 dummies + I12,1,0,True,72,55,2014-02-01,2020-01-01,72,14,-173.21353912584198,-141.3402134596172
Pré-pandemia (até jan/2020),Brasil,Grupo | Outros,Protocolos,ΔI; Δlog(1+exposição),NACIONAL,ADL BIC + 11 dummies + I12,1,1,True,72,55,2014-02-01,2020-01-01,72,15,-171.6499930437284,-137.50000125848754
Pré-pandemia (até jan/2020),Brasil,Grupo | Outros,Protocolos,ΔI; Δlog(1+exposição),NACIONAL,ADL BIC + 11 dummies + I12,1,2,True,72,55,2014-02-01,2020-01-01,72,16,-170.74738046177606,-134.32072255751916
Pré-pandemia (até jan/2020),Brasil,Grupo | Outros,Protocolos,ΔI; Δlog(1+exposição),NACIONAL,ADL BIC + 11 dummies + I12,1,3,True,72,55,2014-02-01,2020-01-01,72,17,-170.4019975305937,-131.69867350732073
Pré-pandemia (até jan/2020),Brasil,Grupo | Outros,Protocolos,ΔI; Δlog(1+exposição),NACIONAL,ADL BIC + 11 dummies + I12,2,0,True,72,55,2014-02-01,2020-01-01,72,15,-173.88935667408498,-139.73936488884414
Pré-pandemia (até jan/2020),Brasil,Grupo | Outros,Protocolos,ΔI; Δlog(1+exposição),NACIONAL,ADL BIC + 11 dummies + I12,2,1,True,72,55,2014-02-01,2020-01-01,72,16,-171.97324198024376,-135.54658407598686
Pré-pandemia (até jan/2020),Brasil,Grupo | Outros,Protocolos,ΔI; Δlog(1+exposição),NACIONAL,ADL BIC + 11 dummies + I12,2,2,True,72,55,2014-02-01,2020-01-01,72,17,-171.00108551993355,-132.2977614966606
Pré-pandemia (até jan/2020),Brasil,Grupo | Outros,Protocolos,ΔI; Δlog(1+exposição),NACIONAL,ADL BIC + 11 dummies + I12,2,3,True,72,55,2014-02-01,2020-01-01,72,18,-170.56607622124056,-129.58608607895155
Pré-pandemia (até jan/2020),Brasil,Grupo | Outros,Protocolos,ΔI; Δlog(1+exposição),NACIONAL,ADL BIC + 11 dummies + I12,3,0,True,72,55,2014-02-01,2020-01-01,72,16,-180.9074564455999,-144.480798541343
Pré-pandemia (até jan/2020),Brasil,Grupo | Outros,Protocolos,ΔI; Δlog(1+exposição),NACIONAL,ADL BIC + 11 dummies + I12,3,1,True,72,55,2014-02-01,2020-01-01,72,17,-179.18455637636987,-140.4812323530969
Pré-pandemia (até jan/2020),Brasil,Grupo | Outros,Protocolos,ΔI; Δlog(1+exposição),NACIONAL,ADL BIC + 11 dummies + I12,3,2,True,72,55,2014-02-01,2020-01-01,72,18,-180.76466861670383,-139.78467847441482
Pré-pandemia (até jan/2020),Brasil,Grupo | Outros,Protocolos,ΔI; Δlog(1+exposição),NACIONAL,ADL BIC + 11 dummies + I12,3,3,True,72,55,2014-02-01,2020-01-01,72,19,-180.45929481830422,-137.20263855699915
Pré-pandemia (até jan/2020),Brasil,Tipologia | Alagamentos,Protocolos,ΔI; Δlog(1+exposição),NACIONAL,ADL BIC + 11 dummies + I12,1,0,True,72,55,2014-02-01,2020-01-01,72,14,-173.21353912584198,-141.3402134596172
Pré-pandemia (até jan/2020),Brasil,Tipologia | Alagamentos,Protocolos,ΔI; Δlog(1+exposição),NACIONAL,ADL BIC + 11 dummies + I12,1,1,True,72,55,2014-02-01,2020-01-01,72,15,-171.85474422848768,-137.70475244324683
Pré-pandemia (até jan/2020),Brasil,Tipologia | Alagamentos,Protocolos,ΔI; Δlog(1+exposição),NACIONAL,ADL BIC + 11 dummies + I12,1,2,True,72,55,2014-02-01,2020-01-01,72,16,-174.28185013992743,-137.85519223567053
Pré-pandemia (até jan/2020),Brasil,Tipologia | Alagamentos,Protocolos,ΔI; Δlog(1+exposição),NACIONAL,ADL BIC + 11 dummies + I12,1,3,True,72,55,2014-02-01,2020-01-01,72,17,-172.59977518612288,-133.89645116284993
Pré-pandemia (até jan/2020),Brasil,Tipologia | Alagamentos,Protocolos,ΔI; Δlog(1+exposição),NACIONAL,ADL BIC + 11 dummies + I12,2,0,True,72,55,2014-02-01,2020-01-01,72,15,-173.88935667408498,-139.73936488884414
Pré-pandemia (até jan/2020),Brasil,Tipologia | Alagamentos,Protocolos,ΔI; Δlog(1+exposição),NACIONAL,ADL BIC + 11 dummies + I12,2,1,True,72,55,2014-02-01,2020-01-01,72,16,-172.0292290712764,-135.6025711670195
Pré-pandemia (até jan/2020),Brasil,Tipologia | Alagamentos,Protocolos,ΔI; Δlog(1+exposição),NACIONAL,ADL BIC + 11 dummies + I12,2,2,True,72,55,2014-02-01,2020-01-01,72,17,-175.82567494818704,-137.1223509249141
Pré-pandemia (até jan/2020),Brasil,Tipologia | Alagamentos,Protocolos,ΔI; Δlog(1+exposição),NACIONAL,ADL BIC + 11 dummies + I12,2,3,True,72,55,2014-02-01,2020-01-01,72,18,-174.32364918827795,-133.34365904598894
Pré-pandemia (até jan/2020),Brasil,Tipologia | Alagamentos,Protocolos,ΔI; Δlog(1+exposição),NACIONAL,ADL BIC + 11 dummies + I12,3,0,True,72,55,2014-02-01,2020-01-01,72,16,-180.9074564455999,-144.480798541343
Pré-pandemia (até jan/2020),Brasil,Tipologia | Alagamentos,Protocolos,ΔI; Δlog(1+exposição),NACIONAL,ADL BIC + 11 dummies + I12,3,1,True,72,55,2014-02-01,2020-01-01,72,17,-179.1327362291064,-140.42941220583344
Pré-pandemia (até jan/2020),Brasil,Tipologia | Alagamentos,Protocolos,ΔI; Δlog(1+exposição),NACIONAL,ADL BIC + 11 dummies + I12,3,2,True,72,55,2014-02-01,2020-01-01,72,18,-180.39385291836663,-139.41386277607762
Pré-pandemia (até jan/2020),Brasil,Tipologia | Alagamentos,Protocolos,ΔI; Δlog(1+exposição),NACIONAL,ADL BIC + 11 dummies + I12,3,3,True,72,55,2014-02-01,2020-01-01,72,19,-179.9835409897671,-136.72688472846204
Pré-pandemia (até jan/2020),Brasil,Tipologia | Chuvas Intensas,Protocolos,ΔI; Δlog(1+exposição),NACIONAL,ADL BIC + 11 dummies + I12,1,0,True,72,55,2014-02-01,2020-01-01,72,14,-173.21353912584198,-141.3402134596172
Pré-pandemia (até jan/2020),Brasil,Tipologia | Chuvas Intensas,Protocolos,ΔI; Δlog(1+exposição),NACIONAL,ADL BIC + 11 dummies + I12,1,1,True,72,55,2014-02-01,2020-01-01,72,15,-171.63780150264472,-137.48780971740388
Pré-pandemia (até jan/2020),Brasil,Tipologia | Chuvas Intensas,Protocolos,ΔI; Δlog(1+exposição),NACIONAL,ADL BIC + 11 dummies + I12,1,2,True,72,55,2014-02-01,2020-01-01,72,16,-170.43303357721072,-134.00637567295382
Pré-pandemia (até jan/2020),Brasil,Tipologia | Chuvas Intensas,Protocolos,ΔI; Δlog(1+exposição),NACIONAL,ADL BIC + 11 dummies + I12,1,3,True,72,55,2014-02-01,2020-01-01,72,17,-168.5238944674063,-129.82057044413335
Pré-pandemia (até jan/2020),Brasil,Tipologia | Chuvas Intensas,Protocolos,ΔI; Δlog(1+exposição),NACIONAL,ADL BIC + 11 dummies + I12,2,0,True,72,55,2014-02-01,2020-01-01,72,15,-173.88935667408498,-139.73936488884414
Pré-pandemia (até jan/2020),Brasil,Tipologia | Chuvas Intensas,Protocolos,ΔI; Δlog(1+exposição),NACIONAL,ADL BIC + 11 dummies + I12,2,1,True,72,55,2014-02-01,2020-01-01,72,16,-172.74786474714563,-136.32120684288873
Pré-pandemia (até jan/2020),Brasil,Tipologia | Chuvas Intensas,Protocolos,ΔI; Δlog(1+exposição),NACIONAL,ADL BIC + 11 dummies + I12,2,2,True,72,55,2014-02-01,2020-01-01,72,17,-171.10039862109159,-132.39707459781863
Pré-pandemia (até jan/2020),Brasil,Tipologia | Chuvas Intensas,Protocolos,ΔI; Δlog(1+exposição),NACIONAL,ADL BIC + 11 dummies + I12,2,3,True,72,55,2014-02-01,2020-01-01,72,18,-169.1518375296314,-128.17184738734238
Pré-pandemia (até jan/2020),Brasil,Tipologia | Chuvas Intensas,Protocolos,ΔI; Δlog(1+exposição),NACIONAL,ADL BIC + 11 dummies + I12,3,0,True,72,55,2014-02-01,2020-01-01,72,16,-180.9074564455999,-144.480798541343
Pré-pandemia (até jan/2020),Brasil,Tipologia | Chuvas Intensas,Protocolos,ΔI; Δlog(1+exposição),NACIONAL,ADL BIC + 11 dummies + I12,3,1,True,72,55,2014-02-01,2020-01-01,72,17,-179.50058753766098,-140.79726351438802
Pré-pandemia (até jan/2020),Brasil,Tipologia | Chuvas Intensas,Protocolos,ΔI; Δlog(1+exposição),NACIONAL,ADL BIC + 11 dummies + I12,3,2,True,72,55,2014-02-01,2020-01-01,72,18,-177.52357788013956,-136.54358773785054
Pré-pandemia (até jan/2020),Brasil,Tipologia | Chuvas Intensas,Protocolos,ΔI; Δlog(1+exposição),NACIONAL,ADL BIC + 11 dummies + I12,3,3,True,72,55,2014-02-01,2020-01-01,72,19,-176.01245848641258,-132.75580222510752
Pré-pandemia (até jan/2020),Brasil,Tipologia | Doenças infecciosas,Protocolos,ΔI; Δlog(1+exposição),NACIONAL,ADL BIC + 11 dummies + I12,1,0,True,72,55,2014-02-01,2020-01-01,72,14,-173.21353912584198,-141.3402134596172
Pré-pandemia (até jan/2020),Brasil,Tipologia | Doenças infecciosas,Protocolos,ΔI; Δlog(1+exposição),NACIONAL,ADL BIC + 11 dummies + I12,1,1,True,72,55,2014-02-01,2020-01-01,72,15,-171.225962811871,-137.07597102663016
Pré-pandemia (até jan/2020),Brasil,Tipologia | Doenças infecciosas,Protocolos,ΔI; Δlog(1+exposição),NACIONAL,ADL BIC + 11 dummies + I12,1,2,True,72,55,2014-02-01,2020-01-01,72,16,-170.14457040665104,-133.71791250239414
Pré-pandemia (até jan/2020),Brasil,Tipologia | Doenças infecciosas,Protocolos,ΔI; Δlog(1+exposição),NACIONAL,ADL BIC + 11 dummies + I12,1,3,True,72,55,2014-02-01,2020-01-01,72,17,-168.43196640073438,-129.72864237746143
Pré-pandemia (até jan/2020),Brasil,Tipologia | Doenças infecciosas,Protocolos,ΔI; Δlog(1+exposição),NACIONAL,ADL BIC + 11 dummies + I12,2,0,True,72,55,2014-02-01,2020-01-01,72,15,-173.88935667408498,-139.73936488884414
Pré-pandemia (até jan/2020),Brasil,Tipologia | Doenças infecciosas,Protocolos,ΔI; Δlog(1+exposição),NACIONAL,ADL BIC + 11 dummies + I12,2,1,True,72,55,2014-02-01,2020-01-01,72,16,-171.9220377833152,-135.4953798790583
Pré-pandemia (até jan/2020),Brasil,Tipologia | Doenças infecciosas,Protocolos,ΔI; Δlog(1+exposição),NACIONAL,ADL BIC + 11 dummies + I12,2,2,True,72,55,2014-02-01,2020-01-01,72,17,-170.90617663593252,-132.20285261265957
Pré-pandemia (até jan/2020),Brasil,Tipologia | Doenças infecciosas,Protocolos,ΔI; Δlog(1+exposição),NACIONAL,ADL BIC + 11 dummies + I12,2,3,True,72,55,2014-02-01,2020-01-01,72,18,-169.14975705981306,-128.16976691752404
Pré-pandemia (até jan/2020),Brasil,Tipologia | Doenças infecciosas,Protocolos,ΔI; Δlog(1+exposição),NACIONAL,ADL BIC + 11 dummies + I12,3,0,True,72,55,2014-02-01,2020-01-01,72,16,-180.9074564455999,-144.480798541343
Pré-pandemia (até jan/2020),Brasil,Tipologia | Doenças infecciosas,Protocolos,ΔI; Δlog(1+exposição),NACIONAL,ADL BIC + 11 dummies + I12,3,1,True,72,55,2014-02-01,2020-01-01,72,17,-179.097998029765,-140.39467400649204
Pré-pandemia (até jan/2020),Brasil,Tipologia | Doenças infecciosas,Protocolos,ΔI; Δlog(1+exposição),NACIONAL,ADL BIC + 11 dummies + I12,3,2,True,72,55,2014-02-01,2020-01-01,72,18,-178.51141314469749,-137.53142300240847
Pré-pandemia (até jan/2020),Brasil,Tipologia | Doenças infecciosas,Protocolos,ΔI; Δlog(1+exposição),NACIONAL,ADL BIC + 11 dummies + I12,3,3,True,72,55,2014-02-01,2020-01-01,72,19,-176.5827963655321,-133.32614010422702
Pré-pandemia (até jan/2020),Brasil,Tipologia | Enxurradas,Protocolos,ΔI; Δlog(1+exposição),NACIONAL,ADL BIC + 11 dummies + I12,1,0,True,72,55,2014-02-01,2020-01-01,72,14,-173.21353912584198,-141.3402134596172
Pré-pandemia (até jan/2020),Brasil,Tipologia | Enxurradas,Protocolos,ΔI; Δlog(1+exposição),NACIONAL,ADL BIC + 11 dummies + I12,1,1,True,72,55,2014-02-01,2020-01-01,72,15,-171.29656774117245,-137.1465759559316
Pré-pandemia (até jan/2020),Brasil,Tipologia | Enxurradas,Protocolos,ΔI; Δlog(1+exposição),NACIONAL,ADL BIC + 11 dummies + I12,1,2,True,72,55,2014-02-01,2020-01-01,72,16,-169.4886173830282,-133.0619594787713
Pré-pandemia (até jan/2020),Brasil,Tipologia | Enxurradas,Protocolos,ΔI; Δlog(1+exposição),NACIONAL,ADL BIC + 11 dummies + I12,1,3,True,72,55,2014-02-01,2020-01-01,72,17,-167.57688036323577,-128.87355633996282
Pré-pandemia (até jan/2020),Brasil,Tipologia | Enxurradas,Protocolos,ΔI; Δlog(1+exposição),NACIONAL,ADL BIC + 11 dummies + I12,2,0,True,72,55,2014-02-01,2020-01-01,72,15,-173.88935667408498,-139.73936488884414
Pré-pandemia (até jan/2020),Brasil,Tipologia | Enxurradas,Protocolos,ΔI; Δlog(1+exposição),NACIONAL,ADL BIC + 11 dummies + I12,2,1,True,72,55,2014-02-01,2020-01-01,72,16,-172.13524889042446,-135.70859098616756
Pré-pandemia (até jan/2020),Brasil,Tipologia | Enxurradas,Protocolos,ΔI; Δlog(1+exposição),NACIONAL,ADL BIC + 11 dummies + I12,2,2,True,72,55,2014-02-01,2020-01-01,72,17,-170.44764227980363,-131.74431825653068
Pré-pandemia (até jan/2020),Brasil,Tipologia | Enxurradas,Protocolos,ΔI; Δlog(1+exposição),NACIONAL,ADL BIC + 11 dummies + I12,2,3,True,72,55,2014-02-01,2020-01-01,72,18,-168.57370910673922,-127.59371896445022
Pré-pandemia (até jan/2020),Brasil,Tipologia | Enxurradas,Protocolos,ΔI; Δlog(1+exposição),NACIONAL,ADL BIC + 11 dummies + I12,3,0,True,72,55,2014-02-01,2020-01-01,72,16,-180.9074564455999,-144.480798541343
Pré-pandemia (até jan/2020),Brasil,Tipologia | Enxurradas,Protocolos,ΔI; Δlog(1+exposição),NACIONAL,ADL BIC + 11 dummies + I12,3,1,True,72,55,2014-02-01,2020-01-01,72,17,-179.49640115657314,-140.7930771333002
Pré-pandemia (até jan/2020),Brasil,Tipologia | Enxurradas,Protocolos,ΔI; Δlog(1+exposição),NACIONAL,ADL BIC + 11 dummies + I12,3,2,True,72,55,2014-02-01,2020-01-01,72,18,-178.72665513695824,-137.74666499466923
Pré-pandemia (até jan/2020),Brasil,Tipologia | Enxurradas,Protocolos,ΔI; Δlog(1+exposição),NACIONAL,ADL BIC + 11 dummies + I12,3,3,True,72,55,2014-02-01,2020-01-01,72,19,-176.73046796080178,-133.4738116994967
Pré-pandemia (até jan/2020),Brasil,Tipologia | Erosão,Protocolos,ΔI; Δlog(1+exposição),NACIONAL,ADL BIC + 11 dummies + I12,1,0,True,72,55,2014-02-01,2020-01-01,72,14,-173.21353912584198,-141.3402134596172
Pré-pandemia (até jan/2020),Brasil,Tipologia | Erosão,Protocolos,ΔI; Δlog(1+exposição),NACIONAL,ADL BIC + 11 dummies + I12,1,1,True,72,55,2014-02-01,2020-01-01,72,15,-172.62934175441467,-138.47934996917382
Pré-pandemia (até jan/2020),Brasil,Tipologia | Erosão,Protocolos,ΔI; Δlog(1+exposição),NACIONAL,ADL BIC + 11 dummies + I12,1,2,True,72,55,2014-02-01,2020-01-01,72,16,-170.62969940776122,-134.20304150350432
Pré-pandemia (até jan/2020),Brasil,Tipologia | Erosão,Protocolos,ΔI; Δlog(1+exposição),NACIONAL,ADL BIC + 11 dummies + I12,1,3,True,72,55,2014-02-01,2020-01-01,72,17,-168.950738451103,-130.24741442783005
Pré-pandemia (até jan/2020),Brasil,Tipologia | Erosão,Protocolos,ΔI; Δlog(1+exposição),NACIONAL,ADL BIC + 11 dummies + I12,2,0,True,72,55,2014-02-01,2020-01-01,72,15,-173.88935667408498,-139.73936488884414
Pré-pandemia (até jan/2020),Brasil,Tipologia | Erosão,Protocolos,ΔI; Δlog(1+exposição),NACIONAL,ADL BIC + 11 dummies + I12,2,1,True,72,55,2014-02-01,2020-01-01,72,16,-172.88241902090317,-136.45576111664627
Pré-pandemia (até jan/2020),Brasil,Tipologia | Erosão,Protocolos,ΔI; Δlog(1+exposição),NACIONAL,ADL BIC + 11 dummies + I12,2,2,True,72,55,2014-02-01,2020-01-01,72,17,-170.9069945423006,-132.20367051902764
Pré-pandemia (até jan/2020),Brasil,Tipologia | Erosão,Protocolos,ΔI; Δlog(1+exposição),NACIONAL,ADL BIC + 11 dummies + I12,2,3,True,72,55,2014-02-01,2020-01-01,72,18,-169.10123538188122,-128.1212452395922
Pré-pandemia (até jan/2020),Brasil,Tipologia | Erosão,Protocolos,ΔI; Δlog(1+exposição),NACIONAL,ADL BIC + 11 dummies + I12,3,0,True,72,55,2014-02-01,2020-01-01,72,16,-180.9074564455999,-144.480798541343
Pré-pandemia (até jan/2020),Brasil,Tipologia | Erosão,Protocolos,ΔI; Δlog(1+exposição),NACIONAL,ADL BIC + 11 dummies + I12,3,1,True,72,55,2014-02-01,2020-01-01,72,17,-180.1871755798595,-141.48385155658656
Pré-pandemia (até jan/2020),Brasil,Tipologia | Erosão,Protocolos,ΔI; Δlog(1+exposição),NACIONAL,ADL BIC + 11 dummies + I12,3,2,True,72,55,2014-02-01,2020-01-01,72,18,-178.23396800455419,-137.25397786226517
Pré-pandemia (até jan/2020),Brasil,Tipologia | Erosão,Protocolos,ΔI; Δlog(1+exposição),NACIONAL,ADL BIC + 11 dummies + I12,3,3,True,72,55,2014-02-01,2020-01-01,72,19,-176.876748387215,-133.62009212590993
Pré-pandemia (até jan/2020),Brasil,Tipologia | Estiagem e Seca,Protocolos,ΔI; Δlog(1+exposição),NACIONAL,ADL BIC + 11 dummies + I12,1,0,True,72,55,2014-02-01,2020-01-01,72,14,-173.21353912584198,-141.3402134596172
Pré-pandemia (até jan/2020),Brasil,Tipologia | Estiagem e Seca,Protocolos,ΔI; Δlog(1+exposição),NACIONAL,ADL BIC + 11 dummies + I12,1,1,True,72,55,2014-02-01,2020-01-01,72,15,-172.73822706403962,-138.58823527879878
Pré-pandemia (até jan/2020),Brasil,Tipologia | Estiagem e Seca,Protocolos,ΔI; Δlog(1+exposição),NACIONAL,ADL BIC + 11 dummies + I12,1,2,True,72,55,2014-02-01,2020-01-01,72,16,-170.81586999578633,-134.38921209152943
Pré-pandemia (até jan/2020),Brasil,Tipologia | Estiagem e Seca,Protocolos,ΔI; Δlog(1+exposição),NACIONAL,ADL BIC + 11 dummies + I12,1,3,True,72,55,2014-02-01,2020-01-01,72,17,-168.96733621429848,-130.26401219102553
Pré-pandemia (até jan/2020),Brasil,Tipologia | Estiagem e Seca,Protocolos,ΔI; Δlog(1+exposição),NACIONAL,ADL BIC + 11 dummies + I12,2,0,True,72,55,2014-02-01,2020-01-01,72,15,-173.88935667408498,-139.73936488884414
Pré-pandemia (até jan/2020),Brasil,Tipologia | Estiagem e Seca,Protocolos,ΔI; Δlog(1+exposição),NACIONAL,ADL BIC + 11 dummies + I12,2,1,True,72,55,2014-02-01,2020-01-01,72,16,-175.11587740317555,-138.68921949891865
Pré-pandemia (até jan/2020),Brasil,Tipologia | Estiagem e Seca,Protocolos,ΔI; Δlog(1+exposição),NACIONAL,ADL BIC + 11 dummies + I12,2,2,True,72,55,2014-02-01,2020-01-01,72,17,-173.27696841144973,-134.57364438817677
Pré-pandemia (até jan/2020),Brasil,Tipologia | Estiagem e Seca,Protocolos,ΔI; Δlog(1+exposição),NACIONAL,ADL BIC + 11 dummies + I12,2,3,True,72,55,2014-02-01,2020-01-01,72,18,-171.28666778044987,-130.30667763816086
Pré-pandemia (até jan/2020),Brasil,Tipologia | Estiagem e Seca,Protocolos,ΔI; Δlog(1+exposição),NACIONAL,ADL BIC + 11 dummies + I12,3,0,True,72,55,2014-02-01,2020-01-01,72,16,-180.9074564455999,-144.480798541343
Pré-pandemia (até jan/2020),Brasil,Tipologia | Estiagem e Seca,Protocolos,ΔI; Δlog(1+exposição),NACIONAL,ADL BIC + 11 dummies + I12,3,1,True,72,55,2014-02-01,2020-01-01,72,17,-180.48904970225146,-141.7857256789785
Pré-pandemia (até jan/2020),Brasil,Tipologia | Estiagem e Seca,Protocolos,ΔI; Δlog(1+exposição),NACIONAL,ADL BIC + 11 dummies + I12,3,2,True,72,55,2014-02-01,2020-01-01,72,18,-178.52836532548076,-137.54837518319175
Pré-pandemia (até jan/2020),Brasil,Tipologia | Estiagem e Seca,Protocolos,ΔI; Δlog(1+exposição),NACIONAL,ADL BIC + 11 dummies + I12,3,3,True,72,55,2014-02-01,2020-01-01,72,19,-176.5700130816864,-133.31335682038133
Pré-pandemia (até jan/2020),Brasil,Tipologia | Granizo,Protocolos,ΔI; Δlog(1+exposição),NACIONAL,ADL BIC + 11 dummies + I12,1,0,True,72,55,2014-02-01,2020-01-01,72,14,-173.21353912584198,-141.3402134596172
Pré-pandemia (até jan/2020),Brasil,Tipologia | Granizo,Protocolos,ΔI; Δlog(1+exposição),NACIONAL,ADL BIC + 11 dummies + I12,1,1,True,72,55,2014-02-01,2020-01-01,72,15,-171.21397273149398,-137.06398094625314
Pré-pandemia (até jan/2020),Brasil,Tipologia | Granizo,Protocolos,ΔI; Δlog(1+exposição),NACIONAL,ADL BIC + 11 dummies + I12,1,2,True,72,55,2014-02-01,2020-01-01,72,16,-169.37996058281408,-132.95330267855718
Pré-pandemia (até jan/2020),Brasil,Tipologia | Granizo,Protocolos,ΔI; Δlog(1+exposição),NACIONAL,ADL BIC + 11 dummies + I12,1,3,True,72,55,2014-02-01,2020-01-01,72,17,-170.46952448266074,-131.7662004593878
Pré-pandemia (até jan/2020),Brasil,Tipologia | Granizo,Protocolos,ΔI; Δlog(1+exposição),NACIONAL,ADL BIC + 11 dummies + I12,2,0,True,72,55,2014-02-01,2020-01-01,72,15,-173.88935667408498,-139.73936488884414
Pré-pandemia (até jan/2020),Brasil,Tipologia | Granizo,Protocolos,ΔI; Δlog(1+exposição),NACIONAL,ADL BIC + 11 dummies + I12,2,1,True,72,55,2014-02-01,2020-01-01,72,16,-171.97672610355437,-135.55006819929747
Pré-pandemia (até jan/2020),Brasil,Tipologia | Granizo,Protocolos,ΔI; Δlog(1+exposição),NACIONAL,ADL BIC + 11 dummies + I12,2,2,True,72,55,2014-02-01,2020-01-01,72,17,-170.07423655198647,-131.37091252871352
Pré-pandemia (até jan/2020),Brasil,Tipologia | Granizo,Protocolos,ΔI; Δlog(1+exposição),NACIONAL,ADL BIC + 11 dummies + I12,2,3,True,72,55,2014-02-01,2020-01-01,72,18,-171.1044931527465,-130.1245030104575
Pré-pandemia (até jan/2020),Brasil,Tipologia | Granizo,Protocolos,ΔI; Δlog(1+exposição),NACIONAL,ADL BIC + 11 dummies + I12,3,0,True,72,55,2014-02-01,2020-01-01,72,16,-180.9074564455999,-144.480798541343
Pré-pandemia (até jan/2020),Brasil,Tipologia | Granizo,Protocolos,ΔI; Δlog(1+exposição),NACIONAL,ADL BIC + 11 dummies + I12,3,1,True,72,55,2014-02-01,2020-01-01,72,17,-179.46875837779885,-140.7654343545259
Pré-pandemia (até jan/2020),Brasil,Tipologia | Granizo,Protocolos,ΔI; Δlog(1+exposição),NACIONAL,ADL BIC + 11 dummies + I12,3,2,True,72,55,2014-02-01,2020-01-01,72,18,-177.48959019543236,-136.50960005314334
Pré-pandemia (até jan/2020),Brasil,Tipologia | Granizo,Protocolos,ΔI; Δlog(1+exposição),NACIONAL,ADL BIC + 11 dummies + I12,3,3,True,72,55,2014-02-01,2020-01-01,72,19,-179.7347320697595,-136.47807580845443
Pré-pandemia (até jan/2020),Brasil,Tipologia | Incêndio Florestal,Protocolos,ΔI; Δlog(1+exposição),NACIONAL,ADL BIC + 11 dummies + I12,1,0,True,72,55,2014-02-01,2020-01-01,72,14,-173.21353912584198,-141.3402134596172
Pré-pandemia (até jan/2020),Brasil,Tipologia | Incêndio Florestal,Protocolos,ΔI; Δlog(1+exposição),NACIONAL,ADL BIC + 11 dummies + I12,1,1,True,72,55,2014-02-01,2020-01-01,72,15,-171.2661215740751,-137.11612978883426
Pré-pandemia (até jan/2020),Brasil,Tipologia | Incêndio Florestal,Protocolos,ΔI; Δlog(1+exposição),NACIONAL,ADL BIC + 11 dummies + I12,1,2,True,72,55,2014-02-01,2020-01-01,72,16,-169.77439257490153,-133.34773467064463
Pré-pandemia (até jan/2020),Brasil,Tipologia | Incêndio Florestal,Protocolos,ΔI; Δlog(1+exposição),NACIONAL,ADL BIC + 11 dummies + I12,1,3,True,72,55,2014-02-01,2020-01-01,72,17,-167.84190468959662,-129.13858066632366
Pré-pandemia (até jan/2020),Brasil,Tipologia | Incêndio Florestal,Protocolos,ΔI; Δlog(1+exposição),NACIONAL,ADL BIC + 11 dummies + I12,2,0,True,72,55,2014-02-01,2020-01-01,72,15,-173.88935667408498,-139.73936488884414
Pré-pandemia (até jan/2020),Brasil,Tipologia | Incêndio Florestal,Protocolos,ΔI; Δlog(1+exposição),NACIONAL,ADL BIC + 11 dummies + I12,2,1,True,72,55,2014-02-01,2020-01-01,72,16,-171.98991025718328,-135.56325235292638
Pré-pandemia (até jan/2020),Brasil,Tipologia | Incêndio Florestal,Protocolos,ΔI; Δlog(1+exposição),NACIONAL,ADL BIC + 11 dummies + I12,2,2,True,72,55,2014-02-01,2020-01-01,72,17,-170.20737072933696,-131.504046706064
Pré-pandemia (até jan/2020),Brasil,Tipologia | Incêndio Florestal,Protocolos,ΔI; Δlog(1+exposição),NACIONAL,ADL BIC + 11 dummies + I12,2,3,True,72,55,2014-02-01,2020-01-01,72,18,-168.33067395763715,-127.35068381534815
Pré-pandemia (até jan/2020),Brasil,Tipologia | Incêndio Florestal,Protocolos,ΔI; Δlog(1+exposição),NACIONAL,ADL BIC + 11 dummies + I12,3,0,True,72,55,2014-02-01,2020-01-01,72,16,-180.9074564455999,-144.480798541343
Pré-pandemia (até jan/2020),Brasil,Tipologia | Incêndio Florestal,Protocolos,ΔI; Δlog(1+exposição),NACIONAL,ADL BIC + 11 dummies + I12,3,1,True,72,55,2014-02-01,2020-01-01,72,17,-179.3770543246644,-140.67373030139146
Pré-pandemia (até jan/2020),Brasil,Tipologia | Incêndio Florestal,Protocolos,ΔI; Δlog(1+exposição),NACIONAL,ADL BIC + 11 dummies + I12,3,2,True,72,55,2014-02-01,2020-01-01,72,18,-178.03215611149358,-137.05216596920457
Pré-pandemia (até jan/2020),Brasil,Tipologia | Incêndio Florestal,Protocolos,ΔI; Δlog(1+exposição),NACIONAL,ADL BIC + 11 dummies + I12,3,3,True,72,55,2014-02-01,2020-01-01,72,19,-176.5650309489488,-133.30837468764372
Pré-pandemia (até jan/2020),Brasil,Tipologia | Inundações,Protocolos,ΔI; Δlog(1+exposição),NACIONAL,ADL BIC + 11 dummies + I12,1,0,True,72,55,2014-02-01,2020-01-01,72,14,-173.21353912584198,-141.3402134596172
Pré-pandemia (até jan/2020),Brasil,Tipologia | Inundações,Protocolos,ΔI; Δlog(1+exposição),NACIONAL,ADL BIC + 11 dummies + I12,1,1,True,72,55,2014-02-01,2020-01-01,72,15,-173.12700579651369,-138.97701401127284
Pré-pandemia (até jan/2020),Brasil,Tipologia | Inundações,Protocolos,ΔI; Δlog(1+exposição),NACIONAL,ADL BIC + 11 dummies + I12,1,2,True,72,55,2014-02-01,2020-01-01,72,16,-171.1326063837305,-134.7059484794736
Pré-pandemia (até jan/2020),Brasil,Tipologia | Inundações,Protocolos,ΔI; Δlog(1+exposição),NACIONAL,ADL BIC + 11 dummies + I12,1,3,True,72,55,2014-02-01,2020-01-01,72,17,-169.1344878201205,-130.43116379684756
Pré-pandemia (até jan/2020),Brasil,Tipologia | Inundações,Protocolos,ΔI; Δlog(1+exposição),NACIONAL,ADL BIC + 11 dummies + I12,2,0,True,72,55,2014-02-01,2020-01-01,72,15,-173.88935667408498,-139.73936488884414
Pré-pandemia (até jan/2020),Brasil,Tipologia | Inundações,Protocolos,ΔI; Δlog(1+exposição),NACIONAL,ADL BIC + 11 dummies + I12,2,1,True,72,55,2014-02-01,2020-01-01,72,16,-173.80302128030678,-137.37636337604988
Pré-pandemia (até jan/2020),Brasil,Tipologia | Inundações,Protocolos,ΔI; Δlog(1+exposição),NACIONAL,ADL BIC + 11 dummies + I12,2,2,True,72,55,2014-02-01,2020-01-01,72,17,-171.80303873396554,-133.09971471069258
Pré-pandemia (até jan/2020),Brasil,Tipologia | Inundações,Protocolos,ΔI; Δlog(1+exposição),NACIONAL,ADL BIC + 11 dummies + I12,2,3,True,72,55,2014-02-01,2020-01-01,72,18,-169.83375251972984,-128.85376237744083
Pré-pandemia (até jan/2020),Brasil,Tipologia | Inundações,Protocolos,ΔI; Δlog(1+exposição),NACIONAL,ADL BIC + 11 dummies + I12,3,0,True,72,55,2014-02-01,2020-01-01,72,16,-180.9074564455999,-144.480798541343
Pré-pandemia (até jan/2020),Brasil,Tipologia | Inundações,Protocolos,ΔI; Δlog(1+exposição),NACIONAL,ADL BIC + 11 dummies + I12,3,1,True,72,55,2014-02-01,2020-01-01,72,17,-179.95930841803977,-141.2559843947668
Pré-pandemia (até jan/2020),Brasil,Tipologia | Inundações,Protocolos,ΔI; Δlog(1+exposição),NACIONAL,ADL BIC + 11 dummies + I12,3,2,True,72,55,2014-02-01,2020-01-01,72,18,-177.97564347606192,-136.9956533337729
Pré-pandemia (até jan/2020),Brasil,Tipologia | Inundações,Protocolos,ΔI; Δlog(1+exposição),NACIONAL,ADL BIC + 11 dummies + I12,3,3,True,72,55,2014-02-01,2020-01-01,72,19,-176.10815724706163,-132.85150098575656
Pré-pandemia (até jan/2020),Brasil,Tipologia | Movimento de Massa,Protocolos,ΔI; Δlog(1+exposição),NACIONAL,ADL BIC + 11 dummies + I12,1,0,True,72,55,2014-02-01,2020-01-01,72,14,-173.21353912584198,-141.3402134596172
Pré-pandemia (até jan/2020),Brasil,Tipologia | Movimento de Massa,Protocolos,ΔI; Δlog(1+exposição),NACIONAL,ADL BIC + 11 dummies + I12,1,1,True,72,55,2014-02-01,2020-01-01,72,15,-172.39314069866953,-138.24314891342868
Pré-pandemia (até jan/2020),Brasil,Tipologia | Movimento de Massa,Protocolos,ΔI; Δlog(1+exposição),NACIONAL,ADL BIC + 11 dummies + I12,1,2,True,72,55,2014-02-01,2020-01-01,72,16,-170.4456296152348,-134.0189717109779
Pré-pandemia (até jan/2020),Brasil,Tipologia | Movimento de Massa,Protocolos,ΔI; Δlog(1+exposição),NACIONAL,ADL BIC + 11 dummies + I12,1,3,True,72,55,2014-02-01,2020-01-01,72,17,-170.09214774136274,-131.38882371808978
Pré-pandemia (até jan/2020),Brasil,Tipologia | Movimento de Massa,Protocolos,ΔI; Δlog(1+exposição),NACIONAL,ADL BIC + 11 dummies + I12,2,0,True,72,55,2014-02-01,2020-01-01,72,15,-173.88935667408498,-139.73936488884414
Pré-pandemia (até jan/2020),Brasil,Tipologia | Movimento de Massa,Protocolos,ΔI; Δlog(1+exposição),NACIONAL,ADL BIC + 11 dummies + I12,2,1,True,72,55,2014-02-01,2020-01-01,72,16,-173.04351067738196,-136.61685277312506
Pré-pandemia (até jan/2020),Brasil,Tipologia | Movimento de Massa,Protocolos,ΔI; Δlog(1+exposição),NACIONAL,ADL BIC + 11 dummies + I12,2,2,True,72,55,2014-02-01,2020-01-01,72,17,-171.09169827945323,-132.38837425618027
Pré-pandemia (até jan/2020),Brasil,Tipologia | Movimento de Massa,Protocolos,ΔI; Δlog(1+exposição),NACIONAL,ADL BIC + 11 dummies + I12,2,3,True,72,55,2014-02-01,2020-01-01,72,18,-170.61061149105728,-129.63062134876827
Pré-pandemia (até jan/2020),Brasil,Tipologia | Movimento de Massa,Protocolos,ΔI; Δlog(1+exposição),NACIONAL,ADL BIC + 11 dummies + I12,3,0,True,72,55,2014-02-01,2020-01-01,72,16,-180.9074564455999,-144.480798541343
Pré-pandemia (até jan/2020),Brasil,Tipologia | Movimento de Massa,Protocolos,ΔI; Δlog(1+exposição),NACIONAL,ADL BIC + 11 dummies + I12,3,1,True,72,55,2014-02-01,2020-01-01,72,17,-180.4112649360352,-141.70794091276224
Pré-pandemia (até jan/2020),Brasil,Tipologia | Movimento de Massa,Protocolos,ΔI; Δlog(1+exposição),NACIONAL,ADL BIC + 11 dummies + I12,3,2,True,72,55,2014-02-01,2020-01-01,72,18,-178.49587796794356,-137.51588782565454
Pré-pandemia (até jan/2020),Brasil,Tipologia | Movimento de Massa,Protocolos,ΔI; Δlog(1+exposição),NACIONAL,ADL BIC + 11 dummies + I12,3,3,True,72,55,2014-02-01,2020-01-01,72,19,-178.39432057626948,-135.1376643149644
Pré-pandemia (até jan/2020),Brasil,Tipologia | Onda de Frio,Protocolos,ΔI; Δlog(1+exposição),NACIONAL,ADL BIC + 11 dummies + I12,1,0,True,72,55,2014-02-01,2020-01-01,72,14,-173.21353912584198,-141.3402134596172
Pré-pandemia (até jan/2020),Brasil,Tipologia | Onda de Frio,Protocolos,ΔI; Δlog(1+exposição),NACIONAL,ADL BIC + 11 dummies + I12,1,1,True,72,55,2014-02-01,2020-01-01,72,15,-172.48159281198605,-138.3316010267452
Pré-pandemia (até jan/2020),Brasil,Tipologia | Onda de Frio,Protocolos,ΔI; Δlog(1+exposição),NACIONAL,ADL BIC + 11 dummies + I12,1,2,True,72,55,2014-02-01,2020-01-01,72,16,-170.65488302832455,-134.22822512406765
Pré-pandemia (até jan/2020),Brasil,Tipologia | Onda de Frio,Protocolos,ΔI; Δlog(1+exposição),NACIONAL,ADL BIC + 11 dummies + I12,1,3,True,72,55,2014-02-01,2020-01-01,72,17,-168.65551287470885,-129.9521888514359
Pré-pandemia (até jan/2020),Brasil,Tipologia | Onda de Frio,Protocolos,ΔI; Δlog(1+exposição),NACIONAL,ADL BIC + 11 dummies + I12,2,0,True,72,55,2014-02-01,2020-01-01,72,15,-173.88935667408498,-139.73936488884414
Pré-pandemia (até jan/2020),Brasil,Tipologia | Onda de Frio,Protocolos,ΔI; Δlog(1+exposição),NACIONAL,ADL BIC + 11 dummies + I12,2,1,True,72,55,2014-02-01,2020-01-01,72,16,-173.55200283307693,-137.12534492882003
Pré-pandemia (até jan/2020),Brasil,Tipologia | Onda de Frio,Protocolos,ΔI; Δlog(1+exposição),NACIONAL,ADL BIC + 11 dummies + I12,2,2,True,72,55,2014-02-01,2020-01-01,72,17,-171.86092666285913,-133.15760263958617
Pré-pandemia (até jan/2020),Brasil,Tipologia | Onda de Frio,Protocolos,ΔI; Δlog(1+exposição),NACIONAL,ADL BIC + 11 dummies + I12,2,3,True,72,55,2014-02-01,2020-01-01,72,18,-169.86161645332038,-128.88162631103137
Pré-pandemia (até jan/2020),Brasil,Tipologia | Onda de Frio,Protocolos,ΔI; Δlog(1+exposição),NACIONAL,ADL BIC + 11 dummies + I12,3,0,True,72,55,2014-02-01,2020-01-01,72,16,-180.9074564455999,-144.480798541343
Pré-pandemia (até jan/2020),Brasil,Tipologia | Onda de Frio,Protocolos,ΔI; Δlog(1+exposição),NACIONAL,ADL BIC + 11 dummies + I12,3,1,True,72,55,2014-02-01,2020-01-01,72,17,-179.3838064553563,-140.68048243208335
Pré-pandemia (até jan/2020),Brasil,Tipologia | Onda de Frio,Protocolos,ΔI; Δlog(1+exposição),NACIONAL,ADL BIC + 11 dummies + I12,3,2,True,72,55,2014-02-01,2020-01-01,72,18,-178.12589195238775,-137.14590181009874
Pré-pandemia (até jan/2020),Brasil,Tipologia | Onda de Frio,Protocolos,ΔI; Δlog(1+exposição),NACIONAL,ADL BIC + 11 dummies + I12,3,3,True,72,55,2014-02-01,2020-01-01,72,19,-176.1259235733852,-132.86926731208013
Pré-pandemia (até jan/2020),Brasil,Tipologia | Outros,Protocolos,ΔI; Δlog(1+exposição),NACIONAL,ADL BIC + 11 dummies + I12,1,0,True,72,54,2014-02-01,2020-01-01,72,14,-173.21353912584198,-141.3402134596172
Pré-pandemia (até jan/2020),Brasil,Tipologia | Outros,Protocolos,ΔI; Δlog(1+exposição),NACIONAL,ADL BIC + 11 dummies + I12,1,1,True,72,54,2014-02-01,2020-01-01,72,15,-171.4702355871541,-137.32024380191325
Pré-pandemia (até jan/2020),Brasil,Tipologia | Outros,Protocolos,ΔI; Δlog(1+exposição),NACIONAL,ADL BIC + 11 dummies + I12,1,2,True,72,54,2014-02-01,2020-01-01,72,16,-171.43355209969786,-135.00689419544096
Pré-pandemia (até jan/2020),Brasil,Tipologia | Outros,Protocolos,ΔI; Δlog(1+exposição),NACIONAL,ADL BIC + 11 dummies + I12,1,3,True,72,54,2014-02-01,2020-01-01,72,17,-171.7322618547496,-133.02893783147664
Pré-pandemia (até jan/2020),Brasil,Tipologia | Outros,Protocolos,ΔI; Δlog(1+exposição),NACIONAL,ADL BIC + 11 dummies + I12,2,0,True,72,54,2014-02-01,2020-01-01,72,15,-173.88935667408498,-139.73936488884414
Pré-pandemia (até jan/2020),Brasil,Tipologia | Outros,Protocolos,ΔI; Δlog(1+exposição),NACIONAL,ADL BIC + 11 dummies + I12,2,1,True,72,54,2014-02-01,2020-01-01,72,16,-172.6088748273104,-136.1822169230535
Pré-pandemia (até jan/2020),Brasil,Tipologia | Outros,Protocolos,ΔI; Δlog(1+exposição),NACIONAL,ADL BIC + 11 dummies + I12,2,2,True,72,54,2014-02-01,2020-01-01,72,17,-173.23714073720976,-134.5338167139368
Pré-pandemia (até jan/2020),Brasil,Tipologia | Outros,Protocolos,ΔI; Δlog(1+exposição),NACIONAL,ADL BIC + 11 dummies + I12,2,3,True,72,54,2014-02-01,2020-01-01,72,18,-173.68436330470297,-132.70437316241396
Pré-pandemia (até jan/2020),Brasil,Tipologia | Outros,Protocolos,ΔI; Δlog(1+exposição),NACIONAL,ADL BIC + 11 dummies + I12,3,0,True,72,54,2014-02-01,2020-01-01,72,16,-180.9074564455999,-144.480798541343
Pré-pandemia (até jan/2020),Brasil,Tipologia | Outros,Protocolos,ΔI; Δlog(1+exposição),NACIONAL,ADL BIC + 11 dummies + I12,3,1,True,72,54,2014-02-01,2020-01-01,72,17,-179.02489040245712,-140.32156637918416
Pré-pandemia (até jan/2020),Brasil,Tipologia | Outros,Protocolos,ΔI; Δlog(1+exposição),NACIONAL,ADL BIC + 11 dummies + I12,3,2,True,72,54,2014-02-01,2020-01-01,72,18,-181.91115220196866,-140.93116205967965
Pré-pandemia (até jan/2020),Brasil,Tipologia | Outros,Protocolos,ΔI; Δlog(1+exposição),NACIONAL,ADL BIC + 11 dummies + I12,3,3,True,72,54,2014-02-01,2020-01-01,72,19,-181.42340553062854,-138.16674926932347
Pré-pandemia (até jan/2020),Brasil,Tipologia | Tornado,Protocolos,ΔI; Δlog(1+exposição),NACIONAL,ADL BIC + 11 dummies + I12,1,0,True,72,55,2014-02-01,2020-01-01,72,14,-173.21353912584198,-141.3402134596172
Pré-pandemia (até jan/2020),Brasil,Tipologia | Tornado,Protocolos,ΔI; Δlog(1+exposição),NACIONAL,ADL BIC + 11 dummies + I12,1,1,True,72,55,2014-02-01,2020-01-01,72,15,-172.17096751891518,-138.02097573367433
Pré-pandemia (até jan/2020),Brasil,Tipologia | Tornado,Protocolos,ΔI; Δlog(1+exposição),NACIONAL,ADL BIC + 11 dummies + I12,1,2,True,72,55,2014-02-01,2020-01-01,72,16,-170.75616445696164,-134.32950655270474
Pré-pandemia (até jan/2020),Brasil,Tipologia | Tornado,Protocolos,ΔI; Δlog(1+exposição),NACIONAL,ADL BIC + 11 dummies + I12,1,3,True,72,55,2014-02-01,2020-01-01,72,17,-168.77787772665533,-130.07455370338238
Pré-pandemia (até jan/2020),Brasil,Tipologia | Tornado,Protocolos,ΔI; Δlog(1+exposição),NACIONAL,ADL BIC + 11 dummies + I12,2,0,True,72,55,2014-02-01,2020-01-01,72,15,-173.88935667408498,-139.73936488884414
Pré-pandemia (até jan/2020),Brasil,Tipologia | Tornado,Protocolos,ΔI; Δlog(1+exposição),NACIONAL,ADL BIC + 11 dummies + I12,2,1,True,72,55,2014-02-01,2020-01-01,72,16,-172.86870483415896,-136.44204692990206
Pré-pandemia (até jan/2020),Brasil,Tipologia | Tornado,Protocolos,ΔI; Δlog(1+exposição),NACIONAL,ADL BIC + 11 dummies + I12,2,2,True,72,55,2014-02-01,2020-01-01,72,17,-171.7326260820007,-133.02930205872775
Pré-pandemia (até jan/2020),Brasil,Tipologia | Tornado,Protocolos,ΔI; Δlog(1+exposição),NACIONAL,ADL BIC + 11 dummies + I12,2,3,True,72,55,2014-02-01,2020-01-01,72,18,-169.73667720987316,-128.75668706758415
Pré-pandemia (até jan/2020),Brasil,Tipologia | Tornado,Protocolos,ΔI; Δlog(1+exposição),NACIONAL,ADL BIC + 11 dummies + I12,3,0,True,72,55,2014-02-01,2020-01-01,72,16,-180.9074564455999,-144.480798541343
Pré-pandemia (até jan/2020),Brasil,Tipologia | Tornado,Protocolos,ΔI; Δlog(1+exposição),NACIONAL,ADL BIC + 11 dummies + I12,3,1,True,72,55,2014-02-01,2020-01-01,72,17,-180.82030091136403,-142.11697688809107
Pré-pandemia (até jan/2020),Brasil,Tipologia | Tornado,Protocolos,ΔI; Δlog(1+exposição),NACIONAL,ADL BIC + 11 dummies + I12,3,2,True,72,55,2014-02-01,2020-01-01,72,18,-180.45024336918118,-139.47025322689217
Pré-pandemia (até jan/2020),Brasil,Tipologia | Tornado,Protocolos,ΔI; Δlog(1+exposição),NACIONAL,ADL BIC + 11 dummies + I12,3,3,True,72,55,2014-02-01,2020-01-01,72,19,-178.83550039310376,-135.5788441317987
Pré-pandemia (até jan/2020),Brasil,Tipologia | Vendavais e Ciclones,Protocolos,ΔI; Δlog(1+exposição),NACIONAL,ADL BIC + 11 dummies + I12,1,0,True,72,54,2014-02-01,2020-01-01,72,14,-173.21353912584198,-141.3402134596172
Pré-pandemia (até jan/2020),Brasil,Tipologia | Vendavais e Ciclones,Protocolos,ΔI; Δlog(1+exposição),NACIONAL,ADL BIC + 11 dummies + I12,1,1,True,72,54,2014-02-01,2020-01-01,72,15,-171.90627543055837,-137.75628364531752
Pré-pandemia (até jan/2020),Brasil,Tipologia | Vendavais e Ciclones,Protocolos,ΔI; Δlog(1+exposição),NACIONAL,ADL BIC + 11 dummies + I12,1,2,True,72,54,2014-02-01,2020-01-01,72,16,-174.14451515129053,-137.71785724703363
Pré-pandemia (até jan/2020),Brasil,Tipologia | Vendavais e Ciclones,Protocolos,ΔI; Δlog(1+exposição),NACIONAL,ADL BIC + 11 dummies + I12,1,3,True,72,54,2014-02-01,2020-01-01,72,17,-172.22505813523742,-133.52173411196446
Pré-pandemia (até jan/2020),Brasil,Tipologia | Vendavais e Ciclones,Protocolos,ΔI; Δlog(1+exposição),NACIONAL,ADL BIC + 11 dummies + I12,2,0,True,72,54,2014-02-01,2020-01-01,72,15,-173.88935667408498,-139.73936488884414
Pré-pandemia (até jan/2020),Brasil,Tipologia | Vendavais e Ciclones,Protocolos,ΔI; Δlog(1+exposição),NACIONAL,ADL BIC + 11 dummies + I12,2,1,True,72,54,2014-02-01,2020-01-01,72,16,-172.39786853361682,-135.97121062935992
Pré-pandemia (até jan/2020),Brasil,Tipologia | Vendavais e Ciclones,Protocolos,ΔI; Δlog(1+exposição),NACIONAL,ADL BIC + 11 dummies + I12,2,2,True,72,54,2014-02-01,2020-01-01,72,17,-175.42714864054676,-136.7238246172738
Pré-pandemia (até jan/2020),Brasil,Tipologia | Vendavais e Ciclones,Protocolos,ΔI; Δlog(1+exposição),NACIONAL,ADL BIC + 11 dummies + I12,2,3,True,72,54,2014-02-01,2020-01-01,72,18,-173.4312642172847,-132.4512740749957
Pré-pandemia (até jan/2020),Brasil,Tipologia | Vendavais e Ciclones,Protocolos,ΔI; Δlog(1+exposição),NACIONAL,ADL BIC + 11 dummies + I12,3,0,True,72,54,2014-02-01,2020-01-01,72,16,-180.9074564455999,-144.480798541343
Pré-pandemia (até jan/2020),Brasil,Tipologia | Vendavais e Ciclones,Protocolos,ΔI; Δlog(1+exposição),NACIONAL,ADL BIC + 11 dummies + I12,3,1,True,72,54,2014-02-01,2020-01-01,72,17,-180.96110098313954,-142.2577769598666
Pré-pandemia (até jan/2020),Brasil,Tipologia | Vendavais e Ciclones,Protocolos,ΔI; Δlog(1+exposição),NACIONAL,ADL BIC + 11 dummies + I12,3,2,True,72,54,2014-02-01,2020-01-01,72,18,-183.66128156547643,-142.68129142318742
Pré-pandemia (até jan/2020),Brasil,Tipologia | Vendavais e Ciclones,Protocolos,ΔI; Δlog(1+exposição),NACIONAL,ADL BIC + 11 dummies + I12,3,3,True,72,54,2014-02-01,2020-01-01,72,19,-181.81457064001927,-138.5579143787142
