periodo,coluna,exposicao,nivel,especificacao,metodo,K,lag_inicio,J,n_parametros_exposicao,FE,medida,transformacao,ponderado,N,meses,ufs,data_inicio,data_fim,AIC,BIC,rank,condition,acumulado_estimate,acumulado_se,acumulado_low,acumulado_high,acumulado_p,acumulado_df,joint_acumulado_p,dk_estimate,dk_se,dk_low,dk_high,dk_p,dk_df,joint_dk_p,q_acumulado_p,q_joint_acumulado_p,q_dk_p,q_joint_dk_p,q_grade_acumulado_p,q_grade_joint_acumulado_p
Total,total_desastres,Total de desastres,Total,Principal,DLM irrestrito,1,1,,1,UF + mês-ano,C_prop,identidade,False,3591,133,27,2013-12-01,2024-12-01,-16305.699007788457,-15315.909248712282,1,1.0,0.0226740145542496,0.0091099978527065,0.003948145782038,0.0413998833264613,0.0195411042763699,26,0.0195411042763699,0.0226740145542496,0.0098037343632047,0.0032812589638624,0.0420667701446368,0.0222808472357084,132,0.0222808472357084,0.1563288342109592,0.1563288342109592,0.36322848882957176,0.36322848882957176,0.2842342440199258,0.05421809278992804
Total,total_desastres,Total de desastres,Total,Principal,DLM irrestrito,2,1,,2,UF + mês-ano,C_prop,identidade,False,3591,133,27,2013-12-01,2024-12-01,-16305.109430464032,-15309.133485393631,2,1.1402711084790864,0.0371284723629314,0.0174396054837181,0.001280849892831,0.0729760948330319,0.0428929920964793,26,0.070190582882974,0.0371284723629314,0.0108579288693409,0.0156504158407935,0.0586065288850694,0.000835085608336,132,0.0022001242546644,0.400860926224256,0.421143497297844,0.037882065744244804,0.0272122592221044,0.42017624910836865,0.14973991015034455
Total,total_desastres,Total de desastres,Total,Principal,DLM irrestrito,3,1,,3,UF + mês-ano,C_prop,identidade,False,3591,133,27,2013-12-01,2024-12-01,-16303.68260063331,-15301.520469568684,3,1.2084530308452364,0.046887617930189,0.0319506963899373,-0.0187879790844676,0.1125632149448457,0.1542339987392398,26,0.103720897728146,0.046887617930189,0.0171033928516445,0.0130554163373776,0.0807198195230004,0.0069659273064595,132,0.0073997990200155,0.9196009668741043,0.414883590912584,0.1335163051420448,0.044398794120093,0.7554318305595419,0.20404111028487737
Total,total_desastres,Total de desastres,Total,Principal,DLM irrestrito,4,1,,4,UF + mês-ano,C_prop,identidade,False,3591,133,27,2013-12-01,2024-12-01,-16301.973892659616,-15293.625575600763,4,1.2383212751152728,0.0540958750330146,0.0393130976643464,-0.0267133545402918,0.1349051046063211,0.1805511875410239,26,0.1244911446236701,0.0540958750330146,0.0217203865049292,0.0111308036414697,0.0970609464245596,0.0139954440063945,132,0.0188628989301404,0.9267836778411358,0.4203521341246339,0.20795534782499328,0.10060212762741548,0.7950877983457934,0.23618873288285236
Total,total_desastres,Total de desastres,Total,Principal,DLM irrestrito,5,1,,5,UF + mês-ano,C_prop,identidade,False,3591,133,27,2013-12-01,2024-12-01,-16301.46214894918,-15286.927645896105,5,1.267863500530822,0.0372211943695218,0.0396789944297111,-0.0443401467764959,0.1187825355155397,0.3568476679966311,26,0.0411579752636782,0.0372211943695218,0.0242953469414718,-0.0108374032795484,0.0852797920185922,0.1279082674888614,132,0.0013043723834072,0.9675522807409572,0.10397804277139755,0.819050850823609,0.0034783263557525332,0.9502237447047982,0.09318786852153554
Total,total_desastres,Total de desastres,Total,Principal,DLM irrestrito,6,1,,6,UF + mês-ano,C_prop,identidade,False,3591,133,27,2013-12-01,2024-12-01,-16301.908154683682,-15281.187465636378,6,1.2916244486485275,0.0150186922226324,0.0429865485148764,-0.073341423715346,0.103378808160611,0.7296171228674511,26,0.0079093986283077,0.0150186922226324,0.0282648727949361,-0.0408920199201635,0.0709294043654285,0.5960655478830744,132,0.0031210818287376,0.9448706331360872,0.022332419656398213,0.828367854524273,0.005992477111176192,1.0,0.026735995363293637
Total,total_desastres,Total de desastres,Total,Principal,DLM irrestrito,7,1,,7,UF + mês-ano,C_prop,identidade,False,3591,133,27,2013-12-01,2024-12-01,-16301.229731122014,-15274.322856080484,7,1.3045324356138095,-0.000428474530077,0.0451511573257866,-0.0932380076020273,0.0923810585418732,0.9925008069094924,26,0.0116763089759047,-0.000428474530077,0.0373166306130155,-0.0742444583301936,0.0733875092700395,0.9908561200744364,132,5.0557381944831e-06,1.0,0.02436794916710546,1.0,1.4275025490305223e-05,1.0,0.0350289269277141
Total,total_desastres,Total de desastres,Total,Principal,DLM irrestrito,8,1,,8,UF + mês-ano,C_prop,identidade,False,3591,133,27,2013-12-01,2024-12-01,-16299.742790589316,-15266.64972955356,8,1.317735610956245,0.0100115275064745,0.0465267087451853,-0.0856254920024168,0.1056485470153658,0.8313074702967075,26,0.0037930097185473,0.0100115275064745,0.0430766805066538,-0.0751984043176731,0.0952214593306222,0.8165781655669193,132,3.403014520517961e-06,1.0,0.00910322332451352,1.0,9.977241824590498e-06,1.0,0.014923316925432
Total,total_desastres,Total de desastres,Total,Principal,DLM irrestrito,9,1,,9,UF + mês-ano,C_prop,identidade,False,3591,133,27,2013-12-01,2024-12-01,-16297.742813353936,-15258.463566323951,9,1.3378573610600273,0.0100812299619803,0.0497703923408998,-0.092223276667545,0.1123857365915058,0.8410597560162465,26,0.0060115449083062,0.0100812299619803,0.0481174673019999,-0.0850998763844278,0.1052623363083886,0.8343708768810508,132,6.421702654187206e-06,0.9638372254592756,0.011369691437784924,0.9874083345859336,1.6223248810578203e-05,1.0,0.021217217323433648
Total,total_desastres,Total de desastres,Total,Principal,DLM irrestrito,10,1,,10,UF + mês-ano,C_prop,identidade,False,3591,133,27,2013-12-01,2024-12-01,-16296.2230392171,-15250.757606192892,10,1.3610960331503046,0.0202288176574827,0.0496275722966163,-0.0817821181665896,0.1222397534815551,0.6868950957704018,26,0.0051843768913938,0.0202288176574827,0.049077283261991,-0.0768508995278441,0.1173085348428097,0.6808739709051961,132,1.324673776794747e-05,0.857168830902073,0.009216670029144534,0.9047350340702046,2.7645365776586026e-05,0.9995866424046339,0.018852279605068363
Total,total_desastres,Total de desastres,Total,Com contemporâneo,DLM irrestrito,10,0,,11,UF + mês-ano,C_prop,identidade,False,3591,133,27,2013-12-01,2024-12-01,-16298.987687547924,-15247.33606852949,11,1.379105257432907,0.0510530087003995,0.0553129912262934,-0.0626444731046417,0.1647504905054407,0.3645021761846837,26,0.0001162195185008,0.0510530087003995,0.0519374994836295,-0.0516844988806032,0.1537905162814022,0.3274204150755836,132,1.1175460477604526e-06,0.9085724513736548,0.00027892684440192,0.9045893710465074,2.554390966309606e-06,,
Total,total_desastres,Total de desastres,Total,Delta X,DLM irrestrito,10,1,,10,UF + mês-ano,C_prop,primeira diferença,False,3591,133,27,2013-12-01,2024-12-01,-16296.010062894253,-15250.544629870044,10,5.783666714547126,0.1462899519287751,0.1607231753261473,-0.1840812664262807,0.476661170283831,0.371079343703886,26,0.003009231780041,0.1462899519287751,0.0671987581549997,0.0133641662436304,0.2792157376139198,0.0312610198548315,132,4.848355646900735e-05,0.8905904248893264,0.005158683051498856,0.1586161564273392,8.950810425047511e-05,,
Total,grupo_climatologico,Grupo | Climatológico,Grupo,Principal,DLM irrestrito,1,1,,1,UF + mês-ano,C_prop,identidade,False,3591,133,27,2013-12-01,2024-12-01,-16304.08246718224,-15314.292708106068,1,1.0,0.0168586007964989,0.0150604603236284,-0.0140986187582322,0.0478158203512301,0.2732068168488392,26,0.2732068168488393,0.0168586007964989,0.0166367973629395,-0.0160506288004581,0.0497678303934561,0.3127553925894839,132,0.3127553925894839,0.8067368761517023,0.8067368761517032,0.7068644438851548,0.7068644438851542,0.9367090863388772,0.427163752727827
Total,grupo_climatologico,Grupo | Climatológico,Grupo,Principal,DLM irrestrito,2,1,,2,UF + mês-ano,C_prop,identidade,False,3591,133,27,2013-12-01,2024-12-01,-16304.79092900758,-15308.814983937182,2,1.1308338803863331,0.04139941899706,0.0199032343040133,0.0004877349609539,0.0823111030331661,0.0475201832695803,26,0.0820210247871732,0.04139941899706,0.0192824919660296,0.0032567439696453,0.0795420940244746,0.0336215242362052,132,0.0929024258432503,0.400860926224256,0.42506418337270213,0.280833995407172,0.34302434157507805,0.447248783713697,0.16753230594826868
Total,grupo_climatologico,Grupo | Climatológico,Grupo,Principal,DLM irrestrito,3,1,,3,UF + mês-ano,C_prop,identidade,False,3591,133,27,2013-12-01,2024-12-01,-16303.122653759316,-15300.960522694691,3,1.2008336211321686,0.0506383572746478,0.0344138430727509,-0.0201003102582278,0.1213770248075234,0.1531697587142175,26,0.0785441349843254,0.0506383572746478,0.0247773813492708,0.0016262479217426,0.0996504666275529,0.0429690949620523,132,0.1837011246205982,0.9196009668741043,0.3427380435679654,0.29464522259693005,0.4198882848470816,0.7554318305595419,0.1625051068641215
Total,grupo_climatologico,Grupo | Climatológico,Grupo,Principal,DLM irrestrito,4,1,,4,UF + mês-ano,C_prop,identidade,False,3591,133,27,2013-12-01,2024-12-01,-16301.785555013172,-15293.43723795432,4,1.233298373169562,0.064756820671198,0.0457586378630506,-0.0293014065285009,0.158815047870897,0.1688816737160771,26,0.1313600419139481,0.064756820671198,0.0301262149048372,0.005164189856382,0.124349451486014,0.0334171649363759,132,0.2047305577932706,0.9267836778411358,0.4203521341246339,0.2673373194910072,0.44668485336713587,0.7647472017331793,0.24439077565385692
Total,grupo_climatologico,Grupo | Climatológico,Grupo,Principal,DLM irrestrito,5,1,,5,UF + mês-ano,C_prop,identidade,False,3591,133,27,2013-12-01,2024-12-01,-16300.123056102424,-15285.588553049349,5,1.3002468048511722,0.0539630654962913,0.0446621141168236,-0.0378412248628671,0.1457673558554499,0.2378256813942645,26,0.1208410514266164,0.0539630654962913,0.0359199126902628,-0.0170900721983335,0.1250162031909162,0.135404015074257,132,0.0605683898593079,0.9675522807409572,0.2636532031126176,0.819050850823609,0.11629130852987117,0.9060025957876742,0.2309502336761173
Total,grupo_climatologico,Grupo | Climatológico,Grupo,Principal,DLM irrestrito,6,1,,6,UF + mês-ano,C_prop,identidade,False,3591,133,27,2013-12-01,2024-12-01,-16298.18759538899,-15277.466906341686,6,1.3355969595745292,0.0590319891795789,0.061041345054724,-0.0664402925547638,0.1845042709139217,0.3424132807497747,26,0.1717393572681135,0.0590319891795789,0.0484336320038398,-0.0367745221973962,0.1548385005565541,0.2250853628976062,132,0.0997539492657232,0.7363604935907562,0.23552826139626998,0.7683321136092025,0.13680541613584896,0.9502237447047982,0.3008572682069142
Total,grupo_climatologico,Grupo | Climatológico,Grupo,Principal,DLM irrestrito,7,1,,7,UF + mês-ano,C_prop,identidade,False,3591,133,27,2013-12-01,2024-12-01,-16296.466466934016,-15269.559591892486,7,1.3646856924302009,0.0493958899673432,0.0695753096413848,-0.0936182072032167,0.1924099871379031,0.48404657268408,26,0.0368391023608261,0.0493958899673432,0.0614429281306338,-0.0721442950122911,0.1709360749469775,0.4228821032459524,132,0.0139117196274355,0.774474516294528,0.057041190752246854,0.6999427915795075,0.023026294555755313,0.9806051733159493,0.0846065508765384
Total,grupo_climatologico,Grupo | Climatológico,Grupo,Principal,DLM irrestrito,8,1,,8,UF + mês-ano,C_prop,identidade,False,3591,133,27,2013-12-01,2024-12-01,-16294.474016789056,-15261.3809557533,8,1.4090587865877748,0.0511443908536898,0.0761992770478845,-0.1054854663215411,0.2077742480289208,0.5080175483970841,26,0.0183783368891585,0.0511443908536898,0.0836486541930307,-0.1143209151340562,0.216609696841436,0.5419736672234614,132,0.023307578604542,0.9753936929224014,0.03041931623033131,0.9290977152402194,0.036089153968323094,0.9806051733159493,0.051288382016256275
Total,grupo_climatologico,Grupo | Climatológico,Grupo,Principal,DLM irrestrito,9,1,,9,UF + mês-ano,C_prop,identidade,False,3591,133,27,2013-12-01,2024-12-01,-16292.540691344992,-15253.261444315009,9,1.4415294827541552,0.0563231459731049,0.0811845003380864,-0.1105539844333439,0.2232002763795539,0.4939804201754662,26,0.027390229910969,0.0563231459731049,0.0941497175607453,-0.1299143013012893,0.2425605932474993,0.5507118404866026,132,0.0324210017528634,0.920968967528233,0.03984033441595491,0.8760418292016429,0.04446308811821267,0.9806051733159493,0.07106654247170335
Total,grupo_climatologico,Grupo | Climatológico,Grupo,Principal,DLM irrestrito,10,1,,10,UF + mês-ano,C_prop,identidade,False,3591,133,27,2013-12-01,2024-12-01,-16291.143177171329,-15245.67774414712,10,1.4623530743781692,0.0715485041537069,0.0841684995336987,-0.1014623244442097,0.2445593327516235,0.4030505427552293,26,0.0115990566540167,0.0715485041537069,0.0958610256819421,-0.1180740797334021,0.2611710880408159,0.4567667008710137,132,0.038481764428155,0.857168830902073,0.0168713551331152,0.8455830012552736,0.049922288987876755,0.9634483511351457,0.0350289269277141
Total,grupo_climatologico,Grupo | Climatológico,Grupo,Com contemporâneo,DLM irrestrito,10,0,,11,UF + mês-ano,C_prop,identidade,False,3591,133,27,2013-12-01,2024-12-01,-16290.02977352456,-15238.378154506125,11,1.4894344838257676,0.0869438913810306,0.0931974340827924,-0.1046261779821278,0.2785139607441891,0.3594546813638201,26,0.0132021012901819,0.0869438913810306,0.1025677125568373,-0.1159451820464563,0.2898329648085176,0.398154445662255,132,0.0566504819000828,0.9085724513736548,0.017602801720242534,0.9045893710465074,0.07155850345273618,,
Total,grupo_climatologico,Grupo | Climatológico,Grupo,Delta X,DLM irrestrito,10,1,,10,UF + mês-ano,C_prop,primeira diferença,False,3591,133,27,2013-12-01,2024-12-01,-16289.652950680804,-15244.187517656595,10,6.539126344978578,0.167429344821476,0.1450297272126547,-0.1306835289424812,0.4655422185854333,0.2588174142446037,26,0.0056384549156007,0.167429344821476,0.1028058490478839,-0.0359307861231701,0.3707894757661222,0.1057826484049515,132,0.0035397660417772,0.8086483914707269,0.00845768237340105,0.3173479452148545,0.004858049965647223,,
Total,grupo_hidrologico,Grupo | Hidrológico,Grupo,Principal,DLM irrestrito,1,1,,1,UF + mês-ano,C_prop,identidade,False,3591,133,27,2013-12-01,2024-12-01,-16305.04408047903,-15315.254321402856,1,1.0,0.0407209406046763,0.0319761734760018,-0.0250070253103968,0.1064489065197495,0.2141165859426484,26,0.2141165859426483,0.0407209406046763,0.0204875897561222,0.0001944630342742,0.0812474181750785,0.0489264785523786,132,0.0489264785523787,0.734114008946223,0.7341140089462227,0.36322848882957176,0.36322848882957176,0.8321990081023641,0.35439986638783166
Total,grupo_hidrologico,Grupo | Hidrológico,Grupo,Principal,DLM irrestrito,2,1,,2,UF + mês-ano,C_prop,identidade,False,3591,133,27,2013-12-01,2024-12-01,-16303.422510143027,-15307.446565072629,2,1.2315984440475167,0.0261990522870785,0.046485667564525,-0.0693536058667688,0.1217517104409259,0.5778594273980825,26,0.1666280273554807,0.0261990522870785,0.0276798520426464,-0.0285544309831117,0.0809525355572688,0.3456217388661634,132,0.0774937170366663,0.9755417058797301,0.45175440209123097,0.7338044683980498,0.335943925797616,0.9857021087578729,0.2970989027419288
Total,grupo_hidrologico,Grupo | Hidrológico,Grupo,Principal,DLM irrestrito,3,1,,3,UF + mês-ano,C_prop,identidade,False,3591,133,27,2013-12-01,2024-12-01,-16301.426141331802,-15299.264010267176,3,1.3374370846825376,0.0275750937519877,0.0692513988241023,-0.1147731951981532,0.1699233827021286,0.6937423756039992,26,0.1953345882759024,0.0275750937519877,0.0465111444091247,-0.0644285471402679,0.1195787346442433,0.5542820670656884,132,0.0715505038105483,0.9753419950587796,0.49347685459175344,0.8970923365329809,0.27005086566375924,0.9995866424046339,0.33014296610011673
Total,grupo_hidrologico,Grupo | Hidrológico,Grupo,Principal,DLM irrestrito,4,1,,4,UF + mês-ano,C_prop,identidade,False,3591,133,27,2013-12-01,2024-12-01,-16300.004433255215,-15291.656116196364,4,1.3784360909861937,0.0094105004099587,0.0651683800540074,-0.1245450232597204,0.143366024079638,0.8862958732869447,26,0.0712526211471677,0.0094105004099587,0.0503260039075662,-0.0901393096382672,0.1089603104581848,0.8519549362248553,132,0.1204243224064146,0.9718475711233047,0.31092052864218633,0.9602423833388254,0.3612729672192438,1.0,0.15133300066655087
Total,grupo_hidrologico,Grupo | Hidrológico,Grupo,Principal,DLM irrestrito,5,1,,5,UF + mês-ano,C_prop,identidade,False,3591,133,27,2013-12-01,2024-12-01,-16298.49152751762,-15283.957024464544,5,1.39519758852217,-0.0080824951153455,0.0639441135174585,-0.1395215028784032,0.1233565126477122,0.900388222191205,26,0.1002850548655451,-0.0080824951153455,0.0588000302448382,-0.1243947668477639,0.1082297766170728,0.8908787685346106,132,0.1684725955953908,0.9677971230638593,0.22922298254981738,0.958342043278112,0.2608607931799599,1.0,0.1989125055184366
Total,grupo_hidrologico,Grupo | Hidrológico,Grupo,Principal,DLM irrestrito,6,1,,6,UF + mês-ano,C_prop,identidade,False,3591,133,27,2013-12-01,2024-12-01,-16306.71128764781,-15285.990598600503,6,1.400679349916648,-0.0902081007073642,0.0552741479394679,-0.2038257389928419,0.0234095375781135,0.1147315461189323,26,0.0288433878487498,-0.0902081007073642,0.0741000458002594,-0.2367853154913823,0.0563691140766539,0.2256305879595936,132,0.1856093021981098,0.6883892767135938,0.055379304669599616,0.7683321136092025,0.2344538554081387,0.6798906436677469,0.0721956266965052
Total,grupo_hidrologico,Grupo | Hidrológico,Grupo,Principal,DLM irrestrito,7,1,,7,UF + mês-ano,C_prop,identidade,False,3591,133,27,2013-12-01,2024-12-01,-16304.96111597126,-15278.054240929729,7,1.4109313296516872,-0.1034490640857712,0.0625415677159687,-0.2320050976648216,0.0251069694932792,0.1101348710065077,26,0.0442237315479928,-0.1034490640857712,0.0785965204681714,-0.2589207502031272,0.0520226220315848,0.1903865635653064,132,0.2612386451170156,0.46969254382612935,0.06633559732198921,0.5750623408985371,0.31348637414041874,0.6608092260390462,0.0978220790001684
Total,grupo_hidrologico,Grupo | Hidrológico,Grupo,Principal,DLM irrestrito,8,1,,8,UF + mês-ano,C_prop,identidade,False,3591,133,27,2013-12-01,2024-12-01,-16303.361650395636,-15270.26858935988,8,1.4499900714705345,-0.0856863774504001,0.0719666666942293,-0.233615979441388,0.0622432245405877,0.244552471593161,26,0.0357919180705841,-0.0856863774504001,0.0779722179303536,-0.2399231314406886,0.0685503765398883,0.2737968708132126,132,0.3207070271691045,0.8384656168908378,0.05206097173903142,0.7730735175902472,0.3754618854662687,0.9075531158181546,0.08347551001073383
Total,grupo_hidrologico,Grupo | Hidrológico,Grupo,Principal,DLM irrestrito,9,1,,9,UF + mês-ano,C_prop,identidade,False,3591,133,27,2013-12-01,2024-12-01,-16301.676796989184,-15262.397549959202,9,1.4785326904662324,-0.0694534780394004,0.0839043773653007,-0.2419213957447768,0.1030144396659759,0.4153347067162147,26,0.003522707672367,-0.0694534780394004,0.0776986268720331,-0.2231490418740643,0.0842420857952634,0.3730114117908259,132,0.2516877072014292,0.920968967528233,0.00719503441641,0.8288080712207794,0.2876430939444905,0.9634483511351457,0.014209241031396303
Total,grupo_hidrologico,Grupo | Hidrológico,Grupo,Principal,DLM irrestrito,10,1,,10,UF + mês-ano,C_prop,identidade,False,3591,133,27,2013-12-01,2024-12-01,-16299.748575816822,-15254.283142792614,10,1.497797253696442,-0.0616550905052469,0.0867775373274376,-0.2400288730947258,0.116718692084232,0.4837215791526433,26,0.0041512432245805,-0.0616550905052469,0.0750121243618684,-0.2100364868357278,0.0867263058252339,0.412596062476543,132,0.3065953449432522,0.857168830902073,0.00797038699119456,0.8455830012552736,0.3422459664482815,0.9806051733159493,0.016199973559338537
Total,grupo_hidrologico,Grupo | Hidrológico,Grupo,Com contemporâneo,DLM irrestrito,10,0,,11,UF + mês-ano,C_prop,identidade,False,3591,133,27,2013-12-01,2024-12-01,-16299.131793364504,-15247.48017434607,11,1.5104143469402398,-0.0280324031467019,0.0970717787142931,-0.2275663019553581,0.1715014956619542,0.7750395787310739,26,0.0029941268031483,-0.0280324031467019,0.0803805352760727,-0.1870330468895431,0.1309682405961392,0.7278355283133333,132,0.1973258200643304,0.9538948661305524,0.004355093531852073,0.9728165481385603,0.2255152229306633,,
Total,grupo_hidrologico,Grupo | Hidrológico,Grupo,Delta X,DLM irrestrito,10,1,,10,UF + mês-ano,C_prop,primeira diferença,False,3591,133,27,2013-12-01,2024-12-01,-16299.485146820942,-15254.019713796732,10,4.858993560039577,0.1117081706989133,0.2924019882715399,-0.4893327241109453,0.7127490655087719,0.7055392900934294,26,0.0044013318489344,0.1117081706989133,0.178832984415994,-0.2420411486722005,0.4654574900700272,0.5332784827173986,132,0.3006002695899151,0.8970292255860751,0.0068149654435113284,0.8565341059194355,0.32792756682536195,,
Total,grupo_meteorologico,Grupo | Meteorológico,Grupo,Principal,DLM irrestrito,1,1,,1,UF + mês-ano,C_prop,identidade,False,3591,133,27,2013-12-01,2024-12-01,-16303.47009959534,-15313.680340519166,1,1.0,0.0375924894594353,0.0227215172556074,-0.0091122581500976,0.0842972370689684,0.110052273882879,26,0.110052273882879,0.0375924894594353,0.0204375222749343,-0.0028349496844108,0.0780199286032816,0.0681053416555447,132,0.0681053416555447,0.5282509146378191,0.5282509146378191,0.36322848882957176,0.36322848882957176,0.6608092260390462,0.2121489617019354
Total,grupo_meteorologico,Grupo | Meteorológico,Grupo,Principal,DLM irrestrito,2,1,,2,UF + mês-ano,C_prop,identidade,False,3591,133,27,2013-12-01,2024-12-01,-16301.470385614728,-15305.49444054433,2,1.1662657893527837,0.0367414755804243,0.0554852944869002,-0.0773101806491683,0.150793131810017,0.5136804536416811,26,0.0974105420229109,0.0367414755804243,0.0372621697910352,-0.0369667793308027,0.1104497304916513,0.325924183008569,132,0.1418306996812592,0.9483331451846422,0.42506418337270213,0.7338044683980498,0.4254920990437776,0.9806051733159493,0.19401269780496777
Total,grupo_meteorologico,Grupo | Meteorológico,Grupo,Principal,DLM irrestrito,3,1,,3,UF + mês-ano,C_prop,identidade,False,3591,133,27,2013-12-01,2024-12-01,-16299.48305508552,-15297.320924020893,3,1.1774055883069463,0.0310112070742945,0.0858366683926095,-0.1454285917217406,0.2074510058703297,0.7208082422259333,26,0.1672764901751899,0.0310112070742945,0.054138192403358,-0.0760794886226537,0.1381019027712428,0.5677439294539285,132,0.2633598111271759,0.9753419950587796,0.49347685459175344,0.8970923365329809,0.5496204753958452,0.9995866424046339,0.2970989027419288
Total,grupo_meteorologico,Grupo | Meteorológico,Grupo,Principal,DLM irrestrito,4,1,,4,UF + mês-ano,C_prop,identidade,False,3591,133,27,2013-12-01,2024-12-01,-16297.490412249012,-15289.14209519016,4,1.180594963297685,0.0354492543090343,0.0917481161719086,-0.1531416994223501,0.2240402080404189,0.7023623017873153,26,0.2546952662994921,0.0354492543090343,0.0557409905863816,-0.074811934617591,0.1457104432356598,0.5259011103586121,132,0.3618829177828496,0.9464397997215727,0.5556987628352554,0.8142984934584961,0.6668786496800377,0.9995866424046339,0.4078888350225322
Total,grupo_meteorologico,Grupo | Meteorológico,Grupo,Principal,DLM irrestrito,5,1,,5,UF + mês-ano,C_prop,identidade,False,3591,133,27,2013-12-01,2024-12-01,-16296.835338876786,-15282.30083582371,5,1.1811022442832029,-0.0256914795397038,0.1103580372708909,-0.2525356739408676,0.2011527148614598,0.8177387437841791,26,0.0010043310652946,-0.0256914795397038,0.0595467210228594,-0.1434807794354013,0.0920978203559935,0.666844465840142,132,0.000202533647788,0.9677971230638593,0.005356432348237867,0.958342043278112,0.00071236865674816,1.0,0.0050216553264729995
Total,grupo_meteorologico,Grupo | Meteorológico,Grupo,Principal,DLM irrestrito,6,1,,6,UF + mês-ano,C_prop,identidade,False,3591,133,27,2013-12-01,2024-12-01,-16294.907160989984,-15274.18647194268,6,1.1890536442188624,-0.0399205977411908,0.1400439148125535,-0.3277849873411894,0.2479437918588076,0.7778583423780608,26,0.0018657912652579,-0.0399205977411908,0.0602327364051318,-0.1590669038701036,0.0792257083877218,0.508631950156067,132,0.0001345968872789,0.9448706331360872,0.008141634612034473,0.8138111202497071,0.0003400342415466947,1.0,0.008529331498321828
Total,grupo_meteorologico,Grupo | Meteorológico,Grupo,Principal,DLM irrestrito,7,1,,7,UF + mês-ano,C_prop,identidade,False,3591,133,27,2013-12-01,2024-12-01,-16293.970036270295,-15267.063161228769,7,1.196094889314476,-0.095299579011512,0.1584655417440097,-0.4210301650768153,0.2304310070537911,0.5527882326071871,26,0.0034536615925658,-0.095299579011512,0.0636026683641506,-0.221111943645923,0.0305127856228988,0.1364278720134735,132,0.0001383097133746,0.85593016661758,0.00975151508489167,0.5750623408985371,0.00028864635834699134,0.9806051733159493,0.014048792918911729
Total,grupo_meteorologico,Grupo | Meteorológico,Grupo,Principal,DLM irrestrito,8,1,,8,UF + mês-ano,C_prop,identidade,False,3591,133,27,2013-12-01,2024-12-01,-16292.665450858996,-15259.57238982324,8,1.20186018536538,-0.0494441362371316,0.1822223036655989,-0.4240074457990915,0.3251191733248282,0.7882725968985927,26,0.0019365489319738,-0.0494441362371316,0.0805135598550795,-0.2087079157456537,0.1098196432713904,0.5401999854665775,132,0.0002706037195589,1.0,0.004892334143933811,0.9290977152402194,0.000519869256868416,1.0,0.008687322311658167
Total,grupo_meteorologico,Grupo | Meteorológico,Grupo,Principal,DLM irrestrito,9,1,,9,UF + mês-ano,C_prop,identidade,False,3591,133,27,2013-12-01,2024-12-01,-16291.68131307379,-15252.402066043807,9,1.2070425650903227,-0.1057654604360531,0.1993516058458353,-0.5155385548928985,0.3040076340207922,0.600235229635691,26,0.0017219627741768,-0.1057654604360531,0.0889305047005831,-0.281678788796005,0.0701478679238987,0.2364547637339697,132,1.0310811600960684e-05,0.9374334977534772,0.0039359149124041145,0.7093642912019091,2.356756937362442e-05,0.9857021087578729,0.008183585461434297
Total,grupo_meteorologico,Grupo | Meteorológico,Grupo,Principal,DLM irrestrito,10,1,,10,UF + mês-ano,C_prop,identidade,False,3591,133,27,2013-12-01,2024-12-01,-16290.000455015492,-15244.535021991283,10,1.2116397951016964,-0.0739669031662771,0.197264866701169,-0.4794506438804923,0.331516837547938,0.7107297689335605,26,0.001847191811623,-0.0739669031662771,0.112489642695725,-0.2964825351111501,0.1485487287785957,0.5119760936042355,132,1.2457215530583624e-05,0.857168830902073,0.0038550089981697388,0.8455830012552736,2.717937933945518e-05,0.9995866424046339,0.00852550066902923
Total,grupo_meteorologico,Grupo | Meteorológico,Grupo,Com contemporâneo,DLM irrestrito,10,0,,11,UF + mês-ano,C_prop,identidade,False,3591,133,27,2013-12-01,2024-12-01,-16289.765320609911,-15238.11370159148,11,1.229551860999584,0.0103455616605277,0.1628446900403939,-0.3243864926441759,0.3450776159652315,0.949830199621768,26,0.0025852797731808,0.0103455616605277,0.1367499079195527,-0.2601592728283708,0.2808503961494264,0.939809586510794,132,4.021990284573141e-07,1.0,0.004003013842344464,1.0,1.0160817561026883e-06,,
Total,grupo_meteorologico,Grupo | Meteorológico,Grupo,Delta X,DLM irrestrito,10,1,,10,UF + mês-ano,C_prop,primeira diferença,False,3591,133,27,2013-12-01,2024-12-01,-16290.93931483755,-15245.47388181334,10,6.75332300155799,-0.1324073417896736,0.3557410212049708,-0.8636434834093698,0.5988287998300226,0.7127594354954286,26,0.0004262859629909,-0.1324073417896736,0.2210675475649871,-0.5697008016149823,0.3048861180356351,0.5502359591612105,132,5.911493951996431e-10,0.8970292255860751,0.0009300784647074183,0.8565341059194355,2.0267979263987763e-09,,
Total,grupo_outros,Grupo | Outros,Grupo,Principal,DLM irrestrito,1,1,,1,UF + mês-ano,C_prop,identidade,False,3591,133,27,2013-12-01,2024-12-01,-16303.087318140966,-15313.297559064791,1,1.0,-0.0025805561374075,0.0237449465353172,-0.0513889927597531,0.0462278804849381,0.91429219805579,26,0.91429219805579,-0.0025805561374075,0.0269470611407763,-0.0558845065732358,0.0507233942984208,0.9238533077072384,132,0.9238533077072384,1.0,1.0,1.0,1.0,1.0,0.9884239978981513
Total,grupo_outros,Grupo | Outros,Grupo,Principal,DLM irrestrito,2,1,,2,UF + mês-ano,C_prop,identidade,False,3591,133,27,2013-12-01,2024-12-01,-16301.24794862692,-15305.27200355652,2,1.4108462522141505,0.0094266622465071,0.0331906245153146,-0.0587976435316639,0.0776509680246782,0.7786478592030761,26,0.8359554708388751,0.0094266622465071,0.0328996673250879,-0.0556521315889383,0.0745054560819526,0.7749232998748349,132,0.4849316848586574,0.9755417058797301,0.9553776809587144,0.9537517536921045,0.7053551779762289,1.0,0.9441379435356707
Total,grupo_outros,Grupo | Outros,Grupo,Principal,DLM irrestrito,3,1,,3,UF + mês-ano,C_prop,identidade,False,3591,133,27,2013-12-01,2024-12-01,-16299.86677571042,-15297.704644645792,3,1.6055829306553442,0.0318548983354473,0.0463589627345932,-0.0634373143104568,0.1271471109813516,0.4980810593561902,26,0.7558813415099149,0.0318548983354473,0.0432507441656409,-0.0536993486109638,0.1174091452818585,0.4627232130449336,132,0.6645262818234554,0.9751028205188853,0.8713896667831633,0.8970923365329809,0.8414588504227825,0.9806051733159493,0.8849342534750224
Total,grupo_outros,Grupo | Outros,Grupo,Principal,DLM irrestrito,4,1,,4,UF + mês-ano,C_prop,identidade,False,3591,133,27,2013-12-01,2024-12-01,-16298.257720127294,-15289.909403068445,4,1.6753038553369832,0.0515810107076132,0.0639165317778405,-0.0798013019776907,0.1829633233929172,0.4269842466263184,26,0.9081296677088956,0.0515810107076132,0.0521566181067949,-0.051589935168117,0.1547519565833435,0.3244901797829917,132,0.8412792000656288,0.9267836778411358,0.9608041695673835,0.7888785006401584,0.9260971537884285,0.9713385705243263,0.9884239978981513
Total,grupo_outros,Grupo | Outros,Grupo,Principal,DLM irrestrito,5,1,,5,UF + mês-ano,C_prop,identidade,False,3591,133,27,2013-12-01,2024-12-01,-16296.33963337158,-15281.805130318502,5,1.7495215070257593,0.0426173284291002,0.0599454796696241,-0.0806023697453799,0.1658370266035804,0.4834541154708588,26,0.9208766569205944,0.0426173284291002,0.049530088444536,-0.0553580821634363,0.1405927390216368,0.3911104572813604,132,0.8814362412575599,0.9675522807409572,0.960914772438881,0.9510350586259051,0.9401986573413973,0.9806051733159493,0.9888608396462758
Total,grupo_outros,Grupo | Outros,Grupo,Principal,DLM irrestrito,6,1,,6,UF + mês-ano,C_prop,identidade,False,3591,133,27,2013-12-01,2024-12-01,-16294.369740457212,-15273.649051409908,6,1.8019657552828048,0.037132800929068,0.0594757224368253,-0.0851212974243789,0.159386899282515,0.537847715127306,26,0.963182099799364,0.037132800929068,0.0519450123766647,-0.0656195678969471,0.1398851697550832,0.4759651895156071,132,0.9271290330166614,0.8666558539023911,1.0,0.7878044516120394,0.9889376352177721,0.9806051733159493,1.0
Total,grupo_outros,Grupo | Outros,Grupo,Principal,DLM irrestrito,7,1,,7,UF + mês-ano,C_prop,identidade,False,3591,133,27,2013-12-01,2024-12-01,-16292.41254887201,-15265.50567383048,7,1.8393857230276036,0.0440741592485598,0.0606184053486027,-0.0805287574690798,0.1686770759661994,0.4736760295800635,26,0.9285447551989412,0.0440741592485598,0.0539681456001709,-0.062680167063931,0.1508284855610507,0.4155885459023163,132,0.9582750841658156,0.774474516294528,0.9904477388788706,0.6999427915795075,0.9999392182599814,0.9806051733159493,0.9905346148288597
Total,grupo_outros,Grupo | Outros,Grupo,Principal,DLM irrestrito,8,1,,8,UF + mês-ano,C_prop,identidade,False,3591,133,27,2013-12-01,2024-12-01,-16290.482871772438,-15257.389810736682,8,1.9180293522913283,0.0527669503866032,0.0698987788639646,-0.0909120472934642,0.1964459480666708,0.4570899996584948,26,0.8500878107760692,0.0527669503866032,0.058520335206198,-0.0629920569137889,0.1685259576869955,0.3688661518202898,132,0.9623222055497282,0.9141799993169896,0.9067603314944738,0.843122632732091,1.0,0.9806051733159493,0.953369507412414
Total,grupo_outros,Grupo | Outros,Grupo,Principal,DLM irrestrito,9,1,,9,UF + mês-ano,C_prop,identidade,False,3591,133,27,2013-12-01,2024-12-01,-16289.24562325091,-15249.966376220927,9,1.9463356173365884,0.0237054695790435,0.0594406735151437,-0.098476584684094,0.1458875238421812,0.6932906170565202,26,0.3356265520872676,0.0237054695790435,0.0519762120187024,-0.0791086152227548,0.1265195543808419,0.6490797322818995,132,0.8449381927883177,0.9638372254592756,0.3835732023854487,0.8950750017817027,0.921750755769074,0.9995866424046339,0.4911608079325867
Total,grupo_outros,Grupo | Outros,Grupo,Principal,DLM irrestrito,10,1,,10,UF + mês-ano,C_prop,identidade,False,3591,133,27,2013-12-01,2024-12-01,-16289.377574420992,-15243.912141396784,10,1.9607181505228128,-0.0258528894081623,0.0485823216230946,-0.1257152817020497,0.0740095028857249,0.5991432569468509,26,0.333330514090592,-0.0258528894081623,0.06922661381194,-0.1627899740198899,0.1110841952035652,0.709410383724588,132,0.9195985585826346,0.857168830902073,0.38094915896067655,0.9047350340702046,0.9946203795777169,0.9857021087578729,0.489292497747658
Total,grupo_outros,Grupo | Outros,Grupo,Com contemporâneo,DLM irrestrito,10,0,,11,UF + mês-ano,C_prop,identidade,False,3591,133,27,2013-12-01,2024-12-01,-16289.75213139633,-15238.100512377896,11,1.9740057876752997,0.0257677834911516,0.045056273967287,-0.0668467140441654,0.1183822810264686,0.5723000946213715,26,0.0026741439467679,0.0257677834911516,0.0700105075955124,-0.1127199205060521,0.1642554874883553,0.7134210630051139,132,0.2789502154747177,0.9538948661305524,0.004011215920151851,0.9728165481385603,0.31138628704154536,,
Total,grupo_outros,Grupo | Outros,Grupo,Delta X,DLM irrestrito,10,1,,10,UF + mês-ano,C_prop,primeira diferença,False,3591,133,27,2013-12-01,2024-12-01,-16290.21155558103,-15244.746122556822,10,4.253956753980025,0.2153344765982427,0.4522459167802768,-0.7142703188496513,1.1449392720461369,0.637948174766982,26,0.0058938829117954,0.2153344765982427,0.423339012152394,-0.6220719330817133,1.0527408862781988,0.6118415740277879,132,0.1060096311797562,0.8970292255860751,0.008572920598975128,0.8565341059194355,0.1341682883873798,,
Total,tipo_alagamentos,Tipologia | Alagamentos,Tipologia,Principal,DLM irrestrito,1,1,,1,UF + mês-ano,C_prop,identidade,False,3591,133,27,2013-12-01,2024-12-01,-16303.94737301059,-15314.157613934416,1,1.0,0.0863744204147951,0.1331626648711027,-0.1873453573558917,0.360094198185482,0.5222604487366743,26,0.5222604487366743,0.0863744204147951,0.1269029580251933,-0.1646521738915863,0.3374010147211767,0.4972954970099273,132,0.4972954970099275,0.9874953387773197,0.9874953387773197,0.9180839944798659,0.9180839944798662,0.9806051733159493,0.6868082613523389
Total,tipo_alagamentos,Tipologia | Alagamentos,Tipologia,Principal,DLM irrestrito,2,1,,2,UF + mês-ano,C_prop,identidade,False,3591,133,27,2013-12-01,2024-12-01,-16301.979319251132,-15306.003374180733,2,1.0036552750739522,0.0698278758857484,0.1385105369127316,-0.2148846103006018,0.3545403620720987,0.6184127278496206,26,0.7425236714674761,0.0698278758857484,0.1258316934302919,-0.1790796511660642,0.3187354029375611,0.5798811589905041,132,0.7684148389025484,0.9755417058797301,0.8910284057609713,0.9132915505832777,0.8781883873171982,0.989460364559393,0.8746152751520232
Total,tipo_alagamentos,Tipologia | Alagamentos,Tipologia,Principal,DLM irrestrito,3,1,,3,UF + mês-ano,C_prop,identidade,False,3591,133,27,2013-12-01,2024-12-01,-16300.748029624956,-15298.58589856033,3,1.0118679626609668,0.1501035646585806,0.2421934109858912,-0.347732121468251,0.6479392507854124,0.5408049581111253,26,0.6525956257742518,0.1501035646585806,0.2188312949786089,-0.2827663665153634,0.5829734958325248,0.4939584869761981,132,0.8611105046340239,0.9751028205188853,0.8466105415449753,0.8970923365329809,0.9185178716096255,0.9806051733159493,0.8011404101576493
Total,tipo_alagamentos,Tipologia | Alagamentos,Tipologia,Principal,DLM irrestrito,4,1,,4,UF + mês-ano,C_prop,identidade,False,3591,133,27,2013-12-01,2024-12-01,-16303.12702714014,-15294.77871008129,4,1.0159911822771106,-0.0431337938617747,0.1335309153895443,-0.3176105214139139,0.2313429336903643,0.7492600849081581,26,0.7793478202090048,-0.0431337938617747,0.1789372656605038,-0.3970893918418878,0.3108218041183382,0.809886206395353,132,0.9252548341432946,0.9606430469571534,0.9177272985365574,0.9602423833388254,0.965483305193003,1.0,0.899413406564225
Total,tipo_alagamentos,Tipologia | Alagamentos,Tipologia,Principal,DLM irrestrito,5,1,,5,UF + mês-ano,C_prop,identidade,False,3591,133,27,2013-12-01,2024-12-01,-16301.621402023777,-15287.086898970698,5,1.0225657799576224,-0.1089723297068857,0.1661863236924649,-0.4505732103565811,0.2326285509428095,0.5177627443250685,26,0.7813653969526705,-0.1089723297068857,0.2156704615453787,-0.5355898199270421,0.3176451605132705,0.6142101420292304,132,0.9261601880675951,0.9675522807409572,0.8523986148574587,0.9510350586259051,0.9664280223314036,0.9806051733159493,0.899413406564225
Total,tipo_alagamentos,Tipologia | Alagamentos,Tipologia,Principal,DLM irrestrito,6,1,,6,UF + mês-ano,C_prop,identidade,False,3591,133,27,2013-12-01,2024-12-01,-16305.558999474728,-15284.838310427423,6,1.0303736414447384,-0.3398874333852503,0.3592748637730248,-1.078387492435111,0.3986126256646101,0.352839403178904,26,0.8578170247900243,-0.3398874333852503,0.3921757876548044,-1.1156499047759023,0.4358750380054019,0.3876948769499337,132,0.9570254666188892,0.7363604935907562,0.9358003906800265,0.7683321136092025,0.9986352695153626,0.9502237447047982,0.9556052168995952
Total,tipo_alagamentos,Tipologia | Alagamentos,Tipologia,Principal,DLM irrestrito,7,1,,7,UF + mês-ano,C_prop,identidade,False,3591,133,27,2013-12-01,2024-12-01,-16303.843119656722,-15276.936244615192,7,1.0371298477331428,-0.3911073548828373,0.3940177827673214,-1.2010225067098594,0.4188077969441847,0.3300469753126663,26,0.777707026778554,-0.3911073548828373,0.4068145622979595,-1.195826769442303,0.4136120596766283,0.3381140196967394,132,0.934262014564889,0.7201024915912719,0.8484076655766044,0.6491789178177395,0.9965461488692149,0.9502237447047982,0.899413406564225
Total,tipo_alagamentos,Tipologia | Alagamentos,Tipologia,Principal,DLM irrestrito,8,1,,8,UF + mês-ano,C_prop,identidade,False,3591,133,27,2013-12-01,2024-12-01,-16301.941754381594,-15268.84869334584,8,1.0461153504936491,-0.3605739965625479,0.3608860641497381,-1.1023859254182953,0.3812379322931992,0.3269377564451906,26,0.8141022638849074,-0.3605739965625479,0.3726773817139017,-1.097766693742134,0.376618700617038,0.3350519381693023,132,0.9523192705383952,0.8718340171871749,0.8881115606017171,0.843122632732091,1.0,0.9502237447047982,0.9216252043980083
Total,tipo_alagamentos,Tipologia | Alagamentos,Tipologia,Principal,DLM irrestrito,9,1,,9,UF + mês-ano,C_prop,identidade,False,3591,133,27,2013-12-01,2024-12-01,-16300.555179607289,-15261.275932577304,9,1.0538106915670675,-0.283593705670342,0.3188250378784278,-0.9389479568058796,0.3717605454651957,0.3818928795034665,26,0.5795413303224799,-0.283593705670342,0.3529425417962402,-0.9817489388632435,0.4145615275225597,0.4231232026891033,132,0.9100847852485924,0.920968967528233,0.6181774190106453,0.8288080712207794,0.9707571042651651,0.9634483511351457,0.7349503819727168
Total,tipo_alagamentos,Tipologia | Alagamentos,Tipologia,Principal,DLM irrestrito,10,1,,10,UF + mês-ano,C_prop,identidade,False,3591,133,27,2013-12-01,2024-12-01,-16298.990484098937,-15253.525051074728,10,1.0580476461874628,-0.2187263863655272,0.2879491404825674,-0.8106143214593571,0.3731615487283025,0.4543259162123896,26,0.5830899812610015,-0.2187263863655272,0.3378716364946048,-0.8870698792345157,0.4496171065034612,0.5185197861284129,132,0.9324566058541096,0.857168830902073,0.6219626466784016,0.8455830012552736,0.9946203795777169,0.9806051733159493,0.7365347131717914
Total,tipo_alagamentos,Tipologia | Alagamentos,Tipologia,Com contemporâneo,DLM irrestrito,10,0,,11,UF + mês-ano,C_prop,identidade,False,3591,133,27,2013-12-01,2024-12-01,-16297.845257192308,-15246.193638173874,11,1.0620302009982303,-0.1272780679351263,0.2440204156893327,-0.6288692160144211,0.3743130801441685,0.6063724722295123,26,0.3826766839657673,-0.1272780679351263,0.3349108032807595,-0.7897647400526769,0.5352086041824243,0.7045296892076063,132,0.4669802278171751,0.9538948661305524,0.4081884628968185,0.9728165481385603,0.4872837159831392,,
Total,tipo_alagamentos,Tipologia | Alagamentos,Tipologia,Delta X,DLM irrestrito,10,1,,10,UF + mês-ano,C_prop,primeira diferença,False,3591,133,27,2013-12-01,2024-12-01,-16298.463638862935,-15252.998205838729,10,6.819874914691093,-0.2574658078099565,0.6426488857861342,-1.578449511254397,1.063517895634484,0.6919641592758389,26,0.13896052554398,-0.2574658078099565,0.7878992716281712,-1.816008444570508,1.3010768289505947,0.7443556284697921,132,0.8593559549171705,0.8970292255860751,0.15159330059343273,0.8565341059194355,0.8967192573048736,,
Total,tipo_chuvas_intensas,Tipologia | Chuvas Intensas,Tipologia,Principal,DLM irrestrito,1,1,,1,UF + mês-ano,C_prop,identidade,False,3591,133,27,2013-12-01,2024-12-01,-16303.267538330543,-15313.47777925437,1,1.0,0.0191991023339714,0.0491810321602545,-0.0818939570942737,0.1202921617622167,0.6994385154959759,26,0.6994385154959759,0.0191991023339714,0.0324187552082957,-0.0449283998001801,0.0833266044681231,0.5547149609878834,132,0.5547149609878834,1.0,1.0,0.9861599306451261,0.9861599306451261,0.9995866424046339,0.8414297930778657
Total,tipo_chuvas_intensas,Tipologia | Chuvas Intensas,Tipologia,Principal,DLM irrestrito,2,1,,2,UF + mês-ano,C_prop,identidade,False,3591,133,27,2013-12-01,2024-12-01,-16302.36481162526,-15306.38886655486,2,1.2842998727059556,-0.0173045793940726,0.0663466903134414,-0.1536821544898734,0.1190729957017281,0.7962856698966978,26,0.2723678335597884,-0.0173045793940726,0.0514832545362303,-0.1191435455706751,0.0845343867825298,0.7373136739211815,132,0.0424730266609705,0.9755417058797301,0.5684198265595584,0.9537517536921045,0.254838159965823,1.0,0.427163752727827
Total,tipo_chuvas_intensas,Tipologia | Chuvas Intensas,Tipologia,Principal,DLM irrestrito,3,1,,3,UF + mês-ano,C_prop,identidade,False,3591,133,27,2013-12-01,2024-12-01,-16300.373030349776,-15298.21089928515,3,1.4182427107426576,-0.0142070178769716,0.0958640274455105,-0.2112583483980868,0.1828443126441435,0.8833285830290679,26,0.3772367460196105,-0.0142070178769716,0.0670834876722851,-0.1469047871537505,0.1184907513998072,0.8326044262615168,132,0.0819643834085528,1.0,0.670643104034863,0.9747564014768977,0.27005086566375924,1.0,0.5389096371708721
Total,tipo_chuvas_intensas,Tipologia | Chuvas Intensas,Tipologia,Principal,DLM irrestrito,4,1,,4,UF + mês-ano,C_prop,identidade,False,3591,133,27,2013-12-01,2024-12-01,-16299.11645471756,-15290.76813765871,4,1.4768917092783185,-0.044704004143698,0.0897799199238948,-0.2292492725462637,0.1398412642588676,0.6227198748791912,26,0.1728893941427065,-0.044704004143698,0.0745344497448784,-0.1921405128674944,0.1027325045800982,0.5496834431819397,132,0.1335666199594837,0.9455190003319884,0.48815828934411243,0.8245251647729096,0.3771292798856011,0.9897534435165953,0.30177057886726955
Total,tipo_chuvas_intensas,Tipologia | Chuvas Intensas,Tipologia,Principal,DLM irrestrito,5,1,,5,UF + mês-ano,C_prop,identidade,False,3591,133,27,2013-12-01,2024-12-01,-16297.13067936329,-15282.596176310211,5,1.505981130584088,-0.0490393951334606,0.0860547514893055,-0.2259274701548247,0.1278486798879035,0.5736623383883314,26,0.1290058472257212,-0.0490393951334606,0.0797201430920531,-0.2067337178618769,0.1086549275949557,0.5395184505233168,132,0.21516112890453,0.9675522807409572,0.264467934200314,0.9510350586259051,0.31296164204295274,0.9857021087578729,0.24188596354822725
Total,tipo_chuvas_intensas,Tipologia | Chuvas Intensas,Tipologia,Principal,DLM irrestrito,6,1,,6,UF + mês-ano,C_prop,identidade,False,3591,133,27,2013-12-01,2024-12-01,-16305.830482852882,-15285.109793805575,6,1.5228160809322788,-0.166904075702423,0.0855360281727587,-0.3427258996761148,0.0089177482712686,0.0618774510756066,26,0.0259397824062596,-0.166904075702423,0.0939643643072545,-0.3527748759207404,0.0189667245158943,0.0779957496183555,132,0.0175187483526107,0.4950196086048528,0.05413519806523742,0.623965996946844,0.030032140033046915,0.5034097714625622,0.06803877352461535
Total,tipo_chuvas_intensas,Tipologia | Chuvas Intensas,Tipologia,Principal,DLM irrestrito,7,1,,7,UF + mês-ano,C_prop,identidade,False,3591,133,27,2013-12-01,2024-12-01,-16304.876730520951,-15277.96985547942,7,1.534733805935741,-0.2040943742794515,0.0902262763959077,-0.3895571415503686,-0.0186316070085345,0.0322848291505785,26,0.0067947715961065,-0.2040943742794515,0.0944673413173039,-0.390960112738862,-0.017228635820041,0.0325416683638021,132,0.0003134857026721,0.3323159511463422,0.01716573876911116,0.3124000162925002,0.0006018925491304319,0.38741794980694205,0.023463959468569207
Total,tipo_chuvas_intensas,Tipologia | Chuvas Intensas,Tipologia,Principal,DLM irrestrito,8,1,,8,UF + mês-ano,C_prop,identidade,False,3591,133,27,2013-12-01,2024-12-01,-16303.253255252095,-15270.160194216342,8,1.549518077048876,-0.2273286781397464,0.1034002971551822,-0.4398710329066444,-0.0147863233728483,0.0370098780529112,26,0.0044728925897445,-0.2273286781397464,0.1085229655489194,-0.4419978306142361,-0.0126595256652566,0.0381044501201874,132,0.0006825965809642,0.23708293787250842,0.009759038377624363,0.3404675244007664,0.0011701655673671998,0.41412783684558135,0.017039590818074286
Total,tipo_chuvas_intensas,Tipologia | Chuvas Intensas,Tipologia,Principal,DLM irrestrito,9,1,,9,UF + mês-ano,C_prop,identidade,False,3591,133,27,2013-12-01,2024-12-01,-16301.447164545929,-15262.167917515944,9,1.5686382286774847,-0.2104083899279447,0.1123163994564837,-0.4412780554531194,0.02046127559723,0.0723029143667196,26,0.0003168645984074,-0.2104083899279447,0.1130559083846094,-0.4340441513762211,0.0132273715203317,0.0649545340431437,132,0.0009058293180572,0.49319445490141917,0.0009505937952222001,0.5196362723451496,0.00144932690889152,0.5520309479772147,0.0018106548480422858
Total,tipo_chuvas_intensas,Tipologia | Chuvas Intensas,Tipologia,Principal,DLM irrestrito,10,1,,10,UF + mês-ano,C_prop,identidade,False,3591,133,27,2013-12-01,2024-12-01,-16299.456980399676,-15253.991547375466,10,1.5804070100372831,-0.206646347906584,0.1206349404408235,-0.4546150193116265,0.0413223234984584,0.0986166767157633,26,0.0005445647640484,-0.206646347906584,0.1199222417288669,-0.4438643953914014,0.0305716995782333,0.0871995254088248,132,0.0016942493715877,0.5259556091507376,0.0011881413033783272,0.8371154439247179,0.0023918814657708704,0.626211313706503,0.003004495249922207
Total,tipo_chuvas_intensas,Tipologia | Chuvas Intensas,Tipologia,Com contemporâneo,DLM irrestrito,10,0,,11,UF + mês-ano,C_prop,identidade,False,3591,133,27,2013-12-01,2024-12-01,-16298.51605619552,-15246.864437177086,11,1.5812107141122982,-0.1699409337810252,0.1263878957424825,-0.4297349741678243,0.0898531066057738,0.1903689285930739,26,0.0001418945067866,-0.1699409337810252,0.1268238683843277,-0.4208110809604022,0.0809292133983518,0.1825552828341939,132,0.0008498090852704,0.8307007793152316,0.00032433030122651433,0.9045893710465074,0.0011997304733229175,,
Total,tipo_chuvas_intensas,Tipologia | Chuvas Intensas,Tipologia,Delta X,DLM irrestrito,10,1,,10,UF + mês-ano,C_prop,primeira diferença,False,3591,133,27,2013-12-01,2024-12-01,-16296.67598410178,-15251.210551077573,10,4.771062996555148,0.1453209583721288,0.4856495151292795,-0.8529459168387429,1.1435878335830003,0.7671433762221713,26,0.0033367295764879,0.1453209583721288,0.3002495078995345,-0.4486022454922304,0.7392441622364881,0.6291874227063312,132,0.0019752807620852,0.8970292255860751,0.005522862747290317,0.8565341059194355,0.0029629211431278,,
Total,tipo_doencas_infecciosas,Tipologia | Doenças infecciosas,Tipologia,Principal,DLM irrestrito,1,1,,1,UF + mês-ano,C_prop,identidade,False,3591,133,27,2013-12-01,2024-12-01,-16303.099175525578,-15313.309416449403,1,1.0,0.0088491837913056,0.052259749390995,-0.0985722695379837,0.1162706371205949,0.866847042268571,26,0.866847042268571,0.0088491837913056,0.0514748707544423,-0.092973198436251,0.1106715660188622,0.8637694477964307,132,0.8637694477964307,1.0,1.0,1.0,1.0,1.0,0.9565208742273887
Total,tipo_doencas_infecciosas,Tipologia | Doenças infecciosas,Tipologia,Principal,DLM irrestrito,2,1,,2,UF + mês-ano,C_prop,identidade,False,3591,133,27,2013-12-01,2024-12-01,-16301.40071630434,-15305.42477123394,2,1.0080842703937312,0.0480843169741728,0.1105137549730443,-0.1790799597478851,0.2752485936962308,0.6670816854012975,26,0.6239712061892537,0.0480843169741728,0.1031922539368571,-0.1560401610338649,0.2522087949822107,0.6420061906105741,132,0.5861525204458133,0.9755417058797301,0.8910284057609713,0.9537517536921045,0.7399036764350175,0.9995866424046339,0.7745006072680535
Total,tipo_doencas_infecciosas,Tipologia | Doenças infecciosas,Tipologia,Principal,DLM irrestrito,3,1,,3,UF + mês-ano,C_prop,identidade,False,3591,133,27,2013-12-01,2024-12-01,-16299.67708007805,-15297.514949013424,3,1.012033100680362,0.0859121788352083,0.1794324135124114,-0.2829164293862947,0.4547407870567113,0.6360833186542274,26,0.5729868503297573,0.0859121788352083,0.1664131872333439,-0.2432695541119728,0.4150939117823894,0.6065378164407821,132,0.7762759033626635,0.9753419950587796,0.7866451056459693,0.8970923365329809,0.8654363586917226,0.9922115151901816,0.732249433447046
Total,tipo_doencas_infecciosas,Tipologia | Doenças infecciosas,Tipologia,Principal,DLM irrestrito,4,1,,4,UF + mês-ano,C_prop,identidade,False,3591,133,27,2013-12-01,2024-12-01,-16298.505007279711,-15290.15669022086,4,1.0159446544567572,0.1518588117002897,0.2128257899666315,-0.2856108648785464,0.5893284882791259,0.481870655543692,26,0.6273200333711025,0.1518588117002897,0.1943304269966409,-0.2325459808923874,0.5362636042929669,0.4359393355296895,132,0.810296066972536,0.9267836778411358,0.870192980919768,0.7888785006401584,0.9260971537884285,0.9806051733159493,0.7760660206652815
Total,tipo_doencas_infecciosas,Tipologia | Doenças infecciosas,Tipologia,Principal,DLM irrestrito,5,1,,5,UF + mês-ano,C_prop,identidade,False,3591,133,27,2013-12-01,2024-12-01,-16296.520780832234,-15281.986277779157,5,1.0196444555868225,0.1427022444077162,0.1860155926956085,-0.2396582824247093,0.5250627712401419,0.4499017738206709,26,0.7425138763351866,0.1427022444077162,0.1672410068419332,-0.1881169975485375,0.47352148636397,0.3950536017730075,132,0.7943643546578965,0.9675522807409572,0.8406806119757657,0.9510350586259051,0.8867323028739309,0.9806051733159493,0.8746152751520232
Total,tipo_doencas_infecciosas,Tipologia | Doenças infecciosas,Tipologia,Principal,DLM irrestrito,6,1,,6,UF + mês-ano,C_prop,identidade,False,3591,133,27,2013-12-01,2024-12-01,-16294.722918218544,-15274.00222917124,6,1.0235150298181444,0.1757137854990645,0.1832979223978507,-0.2010604900317945,0.5524880610299236,0.3465783281565054,26,0.0773724866351371,0.1757137854990645,0.1646685088448859,-0.1500168011483778,0.501444372146507,0.2878853299990815,132,0.0023344390275102,0.7363604935907562,0.12806480546505453,0.7683321136092025,0.0046688780550204,0.9502237447047982,0.16147301558637306
Total,tipo_doencas_infecciosas,Tipologia | Doenças infecciosas,Tipologia,Principal,DLM irrestrito,7,1,,7,UF + mês-ano,C_prop,identidade,False,3591,133,27,2013-12-01,2024-12-01,-16292.937923449656,-15266.031048408126,7,1.0272730872271176,0.2100066859490627,0.1999413873708054,-0.2009787217947262,0.6209920936928518,0.303226496776015,26,0.0646889369477811,0.2100066859490627,0.17080799998553,-0.127868421013691,0.5478817929118166,0.2210752652910509,132,0.0008590021874008,0.7201024915912719,0.09409299919677251,0.5750623408985371,0.0015271149998236444,0.9501040119840165,0.14050085852911734
Total,tipo_doencas_infecciosas,Tipologia | Doenças infecciosas,Tipologia,Principal,DLM irrestrito,8,1,,8,UF + mês-ano,C_prop,identidade,False,3591,133,27,2013-12-01,2024-12-01,-16291.020778322823,-15257.92771728707,8,1.0312434568431104,0.2313630355679355,0.2157018208375037,-0.2120184071324241,0.6747444782682953,0.2933031634517638,26,0.0132262061110395,0.2313630355679355,0.1734747871045829,-0.1117872399066749,0.5745133110425461,0.184599489585941,132,0.0002474644297804,0.8718340171871749,0.024417611281919077,0.6286280070036051,0.0005164475056286609,0.9448692513882324,0.03871084715426195
Total,tipo_doencas_infecciosas,Tipologia | Doenças infecciosas,Tipologia,Principal,DLM irrestrito,9,1,,9,UF + mês-ano,C_prop,identidade,False,3591,133,27,2013-12-01,2024-12-01,-16290.256241944702,-15250.97699491472,9,1.035505878090127,0.1483032273666734,0.2387184103891672,-0.3423894927342905,0.6389959474676373,0.5398457722591534,26,7.581266419775592e-07,0.1483032273666734,0.183254466650522,-0.2141922208921483,0.5107986756254952,0.4198134254242697,132,3.428644584934972e-07,0.920968967528233,4.548759851865356e-06,0.8288080712207794,1.2659610775144512e-06,0.9806051733159493,9.330789439723806e-06
Total,tipo_doencas_infecciosas,Tipologia | Doenças infecciosas,Tipologia,Principal,DLM irrestrito,10,1,,10,UF + mês-ano,C_prop,identidade,False,3591,133,27,2013-12-01,2024-12-01,-16294.838974490212,-15249.373541466004,10,1.0391294940282856,-0.0447901406036895,0.2112789085323056,-0.4790801568561788,0.3894998756487997,0.8337638147702364,26,2.1294525397604186e-07,-0.0447901406036895,0.2135550770013763,-0.4672231911071305,0.3776429098997514,0.8341972640627285,132,1.302287942759261e-06,0.905477974225906,9.292156537136373e-07,0.9100333789775221,3.735483407724046e-06,1.0,3.297216835758067e-06
Total,tipo_doencas_infecciosas,Tipologia | Doenças infecciosas,Tipologia,Com contemporâneo,DLM irrestrito,10,0,,11,UF + mês-ano,C_prop,identidade,False,3591,133,27,2013-12-01,2024-12-01,-16294.897174714491,-15243.24555569606,11,1.0432405776462124,0.0644845924935008,0.2138012546776147,-0.3749901805151187,0.5039593655021204,0.7653486348786757,26,5.7193021658489857e-08,0.0644845924935008,0.2297581115472788,-0.3899996618808464,0.5189688468678482,0.779408333499898,132,5.556679545474403e-07,0.9538948661305524,2.495695490552285e-07,0.9884890605724068,1.3336030909138567e-06,,
Total,tipo_doencas_infecciosas,Tipologia | Doenças infecciosas,Tipologia,Delta X,DLM irrestrito,10,1,,10,UF + mês-ano,C_prop,primeira diferença,False,3591,133,27,2013-12-01,2024-12-01,-16295.404532437216,-15249.939099413008,10,6.972932759189959,1.629999749617811,0.939626584282034,-0.301430355705359,3.5614298549409806,0.0946303067460461,26,6.77851581765448e-08,1.629999749617811,0.7183343014112045,0.209063499881928,3.050935999353694,0.024882211691464,132,8.256096502013964e-14,0.45422547238102123,2.9578978113401367e-07,0.1586161564273392,6.604877201611172e-13,,
Total,tipo_enxurradas,Tipologia | Enxurradas,Tipologia,Principal,DLM irrestrito,1,1,,1,UF + mês-ano,C_prop,identidade,False,3591,133,27,2013-12-01,2024-12-01,-16304.758497402672,-15314.9687383265,1,1.0,0.1776895195609353,0.065635640936659,0.0427735273914393,0.3126055117304313,0.011829648160142,26,0.011829648160142,0.1776895195609353,0.0794092217361573,0.0206102300065459,0.3347688091153247,0.0269205871121506,132,0.0269205871121506,0.12249335107299167,0.12249335107299167,0.36322848882957176,0.36322848882957176,0.19515785115717452,0.035268516253839505
Total,tipo_enxurradas,Tipologia | Enxurradas,Tipologia,Principal,DLM irrestrito,2,1,,2,UF + mês-ano,C_prop,identidade,False,3591,133,27,2013-12-01,2024-12-01,-16302.758507947156,-15306.78256287676,2,1.1645020620858302,0.1773067521896314,0.122403050937524,-0.0742963223921523,0.4289098267714153,0.1594173827101076,26,0.0289835363802022,0.1773067521896314,0.1088524717857297,-0.0380141961902996,0.3926277005695625,0.1057244118497229,132,0.083985981449404,0.6956394881895605,0.2613120013172324,0.4930783839731311,0.335943925797616,0.7642836332708636,0.0721956266965052
Total,tipo_enxurradas,Tipologia | Enxurradas,Tipologia,Principal,DLM irrestrito,3,1,,3,UF + mês-ano,C_prop,identidade,False,3591,133,27,2013-12-01,2024-12-01,-16300.760488206528,-15298.598357141902,3,1.2376898438616564,0.1722505966486978,0.1752748190610222,-0.1880319537840365,0.5325331470814321,0.3347896994925625,26,0.0652311078251856,0.1722505966486978,0.1547477438343086,-0.1338557362203201,0.4783569295177157,0.267685950032184,132,0.171063956635151,0.9751028205188853,0.31310931756089083,0.8970923365329809,0.4198882848470816,0.9502237447047982,0.14104023313553643
Total,tipo_enxurradas,Tipologia | Enxurradas,Tipologia,Principal,DLM irrestrito,4,1,,4,UF + mês-ano,C_prop,identidade,False,3591,133,27,2013-12-01,2024-12-01,-16298.85479427074,-15290.50647721189,4,1.2744728380189538,0.2072772292650173,0.2003993425017582,-0.2046495187320227,0.6192039772620572,0.3105114003679815,26,0.0794912078815285,0.2072772292650173,0.1842412239321035,-0.157170122429761,0.5717245809597956,0.2626170945822849,132,0.1537445170738502,0.9267836778411358,0.317964831526114,0.7888785006401584,0.3959348288357073,0.9502237447047982,0.16375871151559518
Total,tipo_enxurradas,Tipologia | Enxurradas,Tipologia,Principal,DLM irrestrito,5,1,,5,UF + mês-ano,C_prop,identidade,False,3591,133,27,2013-12-01,2024-12-01,-16297.569926167176,-15283.0354231141,5,1.2955785575477003,0.3080503711519653,0.2018345759180769,-0.1068265413836417,0.7229272836875724,0.1390213425508146,26,0.0724466089035397,0.3080503711519653,0.2236019856266507,-0.1342564576680485,0.7503571999719791,0.1706355939215852,132,0.0951722255999195,0.9675522807409572,0.17387186136849528,0.819050850823609,0.16315238674271915,0.7442792516394832,0.15319106728501786
Total,tipo_enxurradas,Tipologia | Enxurradas,Tipologia,Principal,DLM irrestrito,6,1,,6,UF + mês-ano,C_prop,identidade,False,3591,133,27,2013-12-01,2024-12-01,-16295.885823550052,-15275.165134502748,6,1.3113932171584988,0.2408763997888246,0.2215639749174149,-0.2145548731966529,0.6963076727743023,0.2869405456899684,26,0.0070035283279173,0.2408763997888246,0.2913236151771154,-0.3353905060181784,0.8171433055958277,0.4098230472746679,132,0.0203899514056606,0.7363604935907562,0.022332419656398213,0.7683321136092025,0.033748885085231335,0.9448692513882324,0.024012097124287885
Total,tipo_enxurradas,Tipologia | Enxurradas,Tipologia,Principal,DLM irrestrito,7,1,,7,UF + mês-ano,C_prop,identidade,False,3591,133,27,2013-12-01,2024-12-01,-16294.012218848651,-15267.105343807125,7,1.3230566064126392,0.1976646054596088,0.2481447348625751,-0.3124042020946449,0.7077334130138626,0.4329148011527054,26,0.0112604280361176,0.1976646054596088,0.3335243350039126,-0.4620794953651463,0.857408706284364,0.5544265155950302,132,0.0335442962724837,0.774474516294528,0.02436794916710546,0.858466862856821,0.05031644440872555,0.9801844554400878,0.03492233464458394
Total,tipo_enxurradas,Tipologia | Enxurradas,Tipologia,Principal,DLM irrestrito,8,1,,8,UF + mês-ano,C_prop,identidade,False,3591,133,27,2013-12-01,2024-12-01,-16292.03494190381,-15258.941880868057,8,1.328447759313112,0.1788795594948643,0.2872338173409796,-0.4115380078232891,0.7692971268130178,0.538862512437184,26,0.0160265844381794,0.1788795594948643,0.3425317897769517,-0.4986821771851236,0.8564412961748523,0.6023871588225379,132,0.0526092445308103,0.9948230998840321,0.02747414475116468,0.9638194541160606,0.07891386679621545,0.9806051733159493,0.04525153253133007
Total,tipo_enxurradas,Tipologia | Enxurradas,Tipologia,Principal,DLM irrestrito,9,1,,9,UF + mês-ano,C_prop,identidade,False,3591,133,27,2013-12-01,2024-12-01,-16290.165159360364,-15250.88591233038,9,1.342123491801301,0.133756328960945,0.2720417480422173,-0.4254334926797,0.69294615060159,0.6270740277140179,26,0.0065252220961986,0.133756328960945,0.3203109707912391,-0.4998504314167991,0.7673630893386891,0.6769306678777586,132,0.0192064187034705,0.9374334977534772,0.0116003948376864,0.8950750017817027,0.02793660902322982,0.9920199347745452,0.022696424682429914
Total,tipo_enxurradas,Tipologia | Enxurradas,Tipologia,Principal,DLM irrestrito,10,1,,10,UF + mês-ano,C_prop,identidade,False,3591,133,27,2013-12-01,2024-12-01,-16291.469440047267,-15246.00400702306,10,1.357795805487579,0.3639639601588146,0.3103256743151552,-0.2739195989626875,1.001847519280317,0.2514916925438754,26,0.0056608376911018,0.3639639601588146,0.3063925872895114,-0.2421108619327059,0.9700387822503354,0.2370055813382334,132,0.0001061306612497,0.8047734161404012,0.009369662385271945,0.8455830012552736,0.00018193827642805713,0.9095012442285745,0.02012742290169529
Total,tipo_enxurradas,Tipologia | Enxurradas,Tipologia,Com contemporâneo,DLM irrestrito,10,0,,11,UF + mês-ano,C_prop,identidade,False,3591,133,27,2013-12-01,2024-12-01,-16290.823344949818,-15239.171725931385,11,1.3681202052158294,0.5091573122566699,0.3480630119937789,-0.2062964553992502,1.2246110799125902,0.1554981127047223,26,0.0082469179128502,0.5091573122566699,0.3211058715312008,-0.126021840354237,1.144336464867577,0.1152144664626322,132,1.2165114694806922e-06,0.829323267758519,0.011310058851908845,0.9045893710465074,2.6542068425033286e-06,,
Total,tipo_enxurradas,Tipologia | Enxurradas,Tipologia,Delta X,DLM irrestrito,10,1,,10,UF + mês-ano,C_prop,primeira diferença,False,3591,133,27,2013-12-01,2024-12-01,-16291.058233733953,-15245.592800709745,10,5.202502866621732,0.6372622493903304,1.0368505594615978,-1.494014599056317,2.7685390978369777,0.5441517505837743,26,0.0062042986993656,0.6372622493903304,0.9886076798726552,-1.31830145728307,2.592825956063731,0.5203013266496946,132,0.0032262660905618,0.8970292255860751,0.00875900992851614,0.8565341059194355,0.0046927506771808,,
Total,tipo_erosao,Tipologia | Erosão,Tipologia,Principal,DLM irrestrito,1,1,,1,UF + mês-ano,C_prop,identidade,False,3591,133,27,2013-12-01,2024-12-01,-16303.085227715015,-15313.295468638842,1,1.0,0.0023393110971988,0.0168682221237747,-0.0323338160557872,0.0370124382501848,0.8907703727933047,26,0.8907703727933047,0.0023393110971988,0.0219591345359498,-0.0410980274980198,0.0457766496924174,0.9153234242441428,132,0.9153234242441428,1.0,1.0,1.0,1.0,1.0,0.9717494975926961
Total,tipo_erosao,Tipologia | Erosão,Tipologia,Principal,DLM irrestrito,2,1,,2,UF + mês-ano,C_prop,identidade,False,3591,133,27,2013-12-01,2024-12-01,-16301.173298726284,-15305.197353655883,2,2.1349454837642816,0.010369143338182,0.0138631024321713,-0.0181268718220677,0.0388651584984318,0.461192448051066,26,0.5006501825337423,0.010369143338182,0.0160272232619639,-0.0213342884355683,0.0420725751119324,0.5187743879604012,132,0.4526821776541272,0.8854895002580467,0.8582574557721295,0.8689142411294025,0.7053551779762289,0.9806051733159493,0.6638455459010948
Total,tipo_erosao,Tipologia | Erosão,Tipologia,Principal,DLM irrestrito,3,1,,3,UF + mês-ano,C_prop,identidade,False,3591,133,27,2013-12-01,2024-12-01,-16299.204723851535,-15297.042592786913,3,2.9717795183779794,0.0046303271159275,0.0191145681285199,-0.0346602303791899,0.043920884611045,0.8104942498720674,26,0.6928316786487125,0.0046303271159275,0.0207905290443741,-0.0364953943097388,0.0457560485415939,0.8241029087191477,132,0.5345449962415201,0.9753419950587796,0.8713896667831633,0.9747564014768977,0.733090280559799,1.0,0.8414297930778657
Total,tipo_erosao,Tipologia | Erosão,Tipologia,Principal,DLM irrestrito,4,1,,4,UF + mês-ano,C_prop,identidade,False,3591,133,27,2013-12-01,2024-12-01,-16297.206832046668,-15288.858514987816,4,3.24237951646875,0.006534963970595,0.0170868387087918,-0.0285875360086692,0.0416574639498593,0.7052317809636606,26,0.7434229838792197,0.006534963970595,0.0175544664498681,-0.0281895057844852,0.0412594337256753,0.7102904065046658,132,0.6638409238276406,0.9464397997215727,0.9177272985365574,0.9214578246547015,0.8657173680933132,0.9995866424046339,0.8746152751520232
Total,tipo_erosao,Tipologia | Erosão,Tipologia,Principal,DLM irrestrito,5,1,,5,UF + mês-ano,C_prop,identidade,False,3591,133,27,2013-12-01,2024-12-01,-16295.207206504076,-15280.672703451,5,3.739633432386529,0.005930286873525,0.0237062018556414,-0.0427985089191563,0.0546590826662063,0.8044315606294594,26,0.2874833020083024,0.005930286873525,0.0238754538166847,-0.0412977206716721,0.0531582944187222,0.8042231225602985,132,0.5480066341550178,0.9677971230638593,0.46057193043192307,0.958342043278112,0.6922189063010752,1.0,0.44086896154627847
Total,tipo_erosao,Tipologia | Erosão,Tipologia,Principal,DLM irrestrito,6,1,,6,UF + mês-ano,C_prop,identidade,False,3591,133,27,2013-12-01,2024-12-01,-16293.207574611632,-15272.486885564327,6,4.328348176106557,0.006595366224202,0.0208081734811236,-0.0361764469306354,0.0493671793790395,0.753804819770029,26,0.388582420031582,0.006595366224202,0.0196694291703985,-0.0323127088390719,0.045503441287476,0.7379231740410789,132,0.6360162387707031,0.9448706331360872,0.444094194321808,0.9069012439268598,0.7099716153719476,1.0,0.5502051965048949
Total,tipo_erosao,Tipologia | Erosão,Tipologia,Principal,DLM irrestrito,7,1,,7,UF + mês-ano,C_prop,identidade,False,3591,133,27,2013-12-01,2024-12-01,-16291.244302892052,-15264.337427850523,7,4.467069302894975,-0.0009047078257457,0.0246843805105644,-0.0516441786398733,0.0498347629883818,0.971043215407088,26,0.4598796053593218,-0.0009047078257457,0.0274099748177712,-0.0551243472699487,0.0533149316184571,0.9737192469474552,132,0.085400855361888,1.0,0.513353978075522,1.0,0.113867807149184,1.0,0.6160064544563091
Total,tipo_erosao,Tipologia | Erosão,Tipologia,Principal,DLM irrestrito,8,1,,8,UF + mês-ano,C_prop,identidade,False,3591,133,27,2013-12-01,2024-12-01,-16289.283445499816,-15256.19038446406,8,4.921646812992867,0.0057677126202719,0.0272519289810093,-0.0502494296599976,0.0617848549005415,0.8340349090755471,26,0.5420716705228732,0.0057677126202719,0.0323111701757789,-0.0581469756856499,0.0696824009261939,0.8585998955013694,132,0.0740449275873266,1.0,0.6051032601185561,1.0,0.10770171285429324,1.0,0.7051338803549569
Total,tipo_erosao,Tipologia | Erosão,Tipologia,Principal,DLM irrestrito,9,1,,9,UF + mês-ano,C_prop,identidade,False,3591,133,27,2013-12-01,2024-12-01,-16287.381562971032,-15248.10231594105,9,5.3740199637924135,0.0170348692603527,0.0333691647637698,-0.0515564312545006,0.0856261697752061,0.6140102719137583,26,0.2847053799051476,0.0170348692603527,0.0323216001296137,-0.046900450525171,0.0809701890458764,0.5990484432470263,132,0.00833723691626,0.9374334977534772,0.3333136154987094,0.8760418292016429,0.01250585537439,0.9857021087578729,0.43941666351919884
Total,tipo_erosao,Tipologia | Erosão,Tipologia,Principal,DLM irrestrito,10,1,,10,UF + mês-ano,C_prop,identidade,False,3591,133,27,2013-12-01,2024-12-01,-16285.417436383195,-15239.952003358989,10,5.479157551854857,0.0243293215506779,0.0409661643394442,-0.0598778352373314,0.1085364783386874,0.5577191923234461,26,0.2748204608296514,0.0243293215506779,0.036933207759955,-0.0487282139478323,0.0973868570491882,0.5112111973228647,132,0.000672642954648,0.857168830902073,0.3297845529955817,0.8455830012552736,0.001008964431972,0.9806051733159493,0.42829162726698916
Total,tipo_erosao,Tipologia | Erosão,Tipologia,Com contemporâneo,DLM irrestrito,10,0,,11,UF + mês-ano,C_prop,identidade,False,3591,133,27,2013-12-01,2024-12-01,-16283.743542710004,-15232.091923691569,11,5.855393275290259,0.0446134915555993,0.0428260775350128,-0.0434167715592218,0.1326437546704204,0.3071242082796658,26,0.1307944699198863,0.0446134915555993,0.0326136331014648,-0.0198994983133467,0.1091264814245454,0.1736551224135855,132,1.9095203023653457e-05,0.9085724513736548,0.14947939419415576,0.9045893710465074,3.2734633754834495e-05,,
Total,tipo_erosao,Tipologia | Erosão,Tipologia,Delta X,DLM irrestrito,10,1,,10,UF + mês-ano,C_prop,primeira diferença,False,3591,133,27,2013-12-01,2024-12-01,-16286.1440226972,-15240.678589672993,10,2.7972560684993244,-0.2588225135313616,0.1039543624941731,-0.4725037659134872,-0.0451412611492361,0.019503394575584,26,1.2489846992225886e-08,-0.2588225135313616,0.1508211005397361,-0.5571615578467366,0.0395165307840132,0.0884916178022995,132,4.0956486172785695e-06,0.156027156604672,7.493908195335532e-08,0.3173479452148545,8.547440592581361e-06,,
Total,tipo_estiagem_e_seca,Tipologia | Estiagem e Seca,Tipologia,Principal,DLM irrestrito,1,1,,1,UF + mês-ano,C_prop,identidade,False,3591,133,27,2013-12-01,2024-12-01,-16303.087621784884,-15313.297862708712,1,1.0,-0.0012758887522246,0.0193482499188191,-0.041046786046577,0.0384950085421277,0.9479273651950952,26,0.9479273651950952,-0.0012758887522246,0.0217947904020706,-0.0443881384065396,0.0418363609020903,0.9534062380844232,132,0.9534062380844232,1.0,1.0,1.0,1.0,1.0,1.0
Total,tipo_estiagem_e_seca,Tipologia | Estiagem e Seca,Tipologia,Principal,DLM irrestrito,2,1,,2,UF + mês-ano,C_prop,identidade,False,3591,133,27,2013-12-01,2024-12-01,-16303.330573641437,-15307.354628571038,2,1.020839470171712,0.0281879045390395,0.0259140578622086,-0.025079204271425,0.0814550133495041,0.2866884325574673,26,0.18007437568498,0.0281879045390395,0.0224806648459844,-0.0162810725584867,0.0726568816365659,0.2121041498104059,132,0.2404953335243493,0.8455513872328557,0.4549247385725811,0.6363124494312178,0.5288169803780649,0.9448692513882324,0.31091978535536113
Total,tipo_estiagem_e_seca,Tipologia | Estiagem e Seca,Tipologia,Principal,DLM irrestrito,3,1,,3,UF + mês-ano,C_prop,identidade,False,3591,133,27,2013-12-01,2024-12-01,-16301.342499640805,-15299.180368576175,3,1.0647854723223953,0.0258768394530825,0.0359012875052255,-0.0479193138990901,0.0996729928052552,0.4774776543583355,26,0.1821861065324117,0.0258768394530825,0.0300432993598875,-0.033551776218291,0.0853054551244561,0.3906247343713345,132,0.0855738042701207,0.9751028205188853,0.49347685459175344,0.8970923365329809,0.27005086566375924,0.9806051733159493,0.313438462851461
Total,tipo_estiagem_e_seca,Tipologia | Estiagem e Seca,Tipologia,Principal,DLM irrestrito,4,1,,4,UF + mês-ano,C_prop,identidade,False,3591,133,27,2013-12-01,2024-12-01,-16299.6202335132,-15291.271916454349,4,1.107555244833838,0.0378950599030364,0.0506105896826743,-0.0661364970967759,0.1419266169028487,0.4607239322518545,26,0.2458965376878208,0.0378950599030364,0.0379896311555049,-0.0372521854907928,0.1130423052968656,0.3203418102552244,132,0.0799063759809154,0.9267836778411358,0.5556987628352554,0.7888785006401584,0.2557004031389293,0.9806051733159493,0.3974085457580942
Total,tipo_estiagem_e_seca,Tipologia | Estiagem e Seca,Tipologia,Principal,DLM irrestrito,5,1,,5,UF + mês-ano,C_prop,identidade,False,3591,133,27,2013-12-01,2024-12-01,-16297.656880539442,-15283.122377486365,5,1.1493086512735258,0.033246056316874,0.0566636318363089,-0.0832277070230805,0.1497198196568287,0.5624476821283232,26,0.2816767151746135,0.033246056316874,0.0498830872028964,-0.0654276207107757,0.1319197333445238,0.5062678565069255,132,0.0422071272590765,0.9675522807409572,0.46057193043192307,0.9510350586259051,0.084414254518153,0.984448811090075,0.4375560624071666
Total,tipo_estiagem_e_seca,Tipologia | Estiagem e Seca,Tipologia,Principal,DLM irrestrito,6,1,,6,UF + mês-ano,C_prop,identidade,False,3591,133,27,2013-12-01,2024-12-01,-16295.73839586964,-15275.017706822337,6,1.1932019342970128,0.0406527927952804,0.0758563083692952,-0.1152720821645777,0.1965776677551385,0.5965703637048145,26,0.3710399075188977,0.0406527927952804,0.0781965485933138,-0.1140277094196176,0.1953332950101784,0.6040182272572824,132,0.0604781287953741,0.8666558539023911,0.43438818441236804,0.828367854524273,0.08796818733872597,0.9857021087578729,0.5326275744911884
Total,tipo_estiagem_e_seca,Tipologia | Estiagem e Seca,Tipologia,Principal,DLM irrestrito,7,1,,7,UF + mês-ano,C_prop,identidade,False,3591,133,27,2013-12-01,2024-12-01,-16293.74219478769,-15266.83531974616,7,1.2513228992889025,0.0420378280247416,0.0870364630248918,-0.1368681839582755,0.2209438400077588,0.6331443232057157,26,0.3685357044986363,0.0420378280247416,0.099879586581151,-0.155533866523294,0.2396095225727774,0.6745234668982724,132,0.0741894106261713,0.8759969319555211,0.4314564345349889,0.9522684238563844,0.1017454774301778,0.9922115151901816,0.5312226371151515
Total,tipo_estiagem_e_seca,Tipologia | Estiagem e Seca,Tipologia,Principal,DLM irrestrito,8,1,,8,UF + mês-ano,C_prop,identidade,False,3591,133,27,2013-12-01,2024-12-01,-16291.93833534604,-15258.845274310284,8,1.289046920090893,0.0316817470377928,0.0969458763371993,-0.167593355728352,0.2309568498039376,0.7464368020465565,26,0.4438345933742131,0.0316817470377928,0.1220000761366334,-0.2096464622827375,0.2730099563583232,0.7955103615471057,132,0.1011343653865617,1.0,0.5196112312673714,1.0,0.1365066325908556,1.0,0.5984286652236581
Total,tipo_estiagem_e_seca,Tipologia | Estiagem e Seca,Tipologia,Principal,DLM irrestrito,9,1,,9,UF + mês-ano,C_prop,identidade,False,3591,133,27,2013-12-01,2024-12-01,-16290.01083055848,-15250.731583528495,9,1.306457049339296,0.0250784127717296,0.1061748042204236,-0.1931670229454948,0.2433238484889541,0.8151288877787118,26,0.5210737993362896,0.0250784127717296,0.130715311547181,-0.2334893936215011,0.2836462191649603,0.8481504490049512,132,0.1137659895257113,0.9638372254592756,0.5684441447304978,0.9874083345859336,0.13651918743085356,1.0,0.6868082613523389
Total,tipo_estiagem_e_seca,Tipologia | Estiagem e Seca,Tipologia,Principal,DLM irrestrito,10,1,,10,UF + mês-ano,C_prop,identidade,False,3591,133,27,2013-12-01,2024-12-01,-16288.64504602959,-15243.17961300538,10,1.3328029412084814,0.0440343235226294,0.1134127614092911,-0.1890889462719489,0.2771575933172077,0.7009801883472577,26,0.4101611763038512,0.0440343235226294,0.1378791959990865,-0.2287043544085938,0.3167730014538525,0.7499516834822129,132,0.1479366290026512,0.857168830902073,0.4578543363391827,0.9076767312508579,0.17752395480318142,0.9995866424046339,0.5723179204239784
Total,tipo_estiagem_e_seca,Tipologia | Estiagem e Seca,Tipologia,Com contemporâneo,DLM irrestrito,10,0,,11,UF + mês-ano,C_prop,identidade,False,3591,133,27,2013-12-01,2024-12-01,-16287.015137425573,-15235.36351840714,11,1.3608986828433902,0.0582389090815203,0.1238656750140875,-0.1963706323473075,0.3128484505103482,0.6421479921702675,26,0.4428968599704098,0.0582389090815203,0.1432748864291601,-0.2251729778408125,0.3416507960038532,0.6850454894157942,132,0.1621822335038653,0.9538948661305524,0.4621532451865145,0.9728165481385603,0.18987188312647646,,
Total,tipo_estiagem_e_seca,Tipologia | Estiagem e Seca,Tipologia,Delta X,DLM irrestrito,10,1,,10,UF + mês-ano,C_prop,primeira diferença,False,3591,133,27,2013-12-01,2024-12-01,-16288.29360150994,-15242.828168485732,10,7.618251975215386,0.0597104392657181,0.1839906179294596,-0.3184876923223794,0.4379085708538156,0.7481336183377828,26,0.2202636582691285,0.0597104392657181,0.1766930185918653,-0.2898058161869295,0.4092266947183657,0.7359503627599349,132,0.1373427401613115,0.8970292255860751,0.23494790215373706,0.8565341059194355,0.1690372186600757,,
Total,tipo_granizo,Tipologia | Granizo,Tipologia,Principal,DLM irrestrito,1,1,,1,UF + mês-ano,C_prop,identidade,False,3591,133,27,2013-12-01,2024-12-01,-16303.342750621996,-15313.552991545825,1,1.0,0.1758753292608403,0.1873790307320734,-0.2092877845933044,0.561038443114985,0.3565707146922234,26,0.3565707146922234,0.1758753292608403,0.2378341941712901,-0.2945842147993476,0.6463348733210281,0.4609243024060385,132,0.4609243024060384,0.8557697152613362,0.8557697152613362,0.8849746606195938,0.8849746606195936,0.9502237447047982,0.5186483122795976
Total,tipo_granizo,Tipologia | Granizo,Tipologia,Principal,DLM irrestrito,2,1,,2,UF + mês-ano,C_prop,identidade,False,3591,133,27,2013-12-01,2024-12-01,-16301.394470189503,-15305.418525119108,2,1.0821393481055914,0.1035391599017364,0.2414501472020839,-0.3927687256368024,0.5998470454402751,0.6715848406363398,26,0.4071984287811682,0.1035391599017364,0.3567932172389373,-0.6022330899249901,0.809311409728463,0.7721234071164237,132,0.2918398377450414,0.9755417058797301,0.7517509454421567,0.9537517536921045,0.5288169803780649,0.9995866424046339,0.5698403668074656
Total,tipo_granizo,Tipologia | Granizo,Tipologia,Principal,DLM irrestrito,3,1,,3,UF + mês-ano,C_prop,identidade,False,3591,133,27,2013-12-01,2024-12-01,-16299.416260507242,-15297.254129442616,3,1.1179417009428207,0.0585455116536119,0.2750562421164612,-0.5068406912992559,0.6239317146064799,0.8331046207793742,26,0.6062557246916843,0.0585455116536119,0.4548049320775343,-0.8411035977903415,0.9581946210975656,0.8977698803498939,132,0.3456058772910242,0.9753419950587796,0.808340966255579,1.0,0.5770606977526287,1.0,0.7578306370175292
Total,tipo_granizo,Tipologia | Granizo,Tipologia,Principal,DLM irrestrito,4,1,,4,UF + mês-ano,C_prop,identidade,False,3591,133,27,2013-12-01,2024-12-01,-16297.500312306893,-15289.15199524804,4,1.136819579489947,-0.0302810863063022,0.3481389222655837,-0.7458908897606127,0.685328717148008,0.9313539223265004,26,0.4022159903725155,-0.0302810863063022,0.5274372589701738,-1.0736041174628408,1.013041944850236,0.9543040348439844,132,0.4837967252130649,0.9718475711233047,0.6895131263528836,0.9957955146198098,0.7244140319838835,1.0,0.5661691360082329
Total,tipo_granizo,Tipologia | Granizo,Tipologia,Principal,DLM irrestrito,5,1,,5,UF + mês-ano,C_prop,identidade,False,3591,133,27,2013-12-01,2024-12-01,-16296.680608903727,-15282.14610585065,5,1.1457201864611968,-0.3735529660709689,0.450303262924153,-1.2991645793285076,0.5520586471865696,0.4143402335427527,26,0.24540120864133,-0.3735529660709689,0.5938555862859445,-1.548258013573371,0.8011520814314332,0.5304165092972035,132,0.0671827168019463,0.9675522807409572,0.4530483851839939,0.9510350586259051,0.1240296310189778,0.9634483511351457,0.3974085457580942
Total,tipo_granizo,Tipologia | Granizo,Tipologia,Principal,DLM irrestrito,6,1,,6,UF + mês-ano,C_prop,identidade,False,3591,133,27,2013-12-01,2024-12-01,-16295.553001223918,-15274.832312176612,6,1.1528191652601587,-0.6768491688087497,0.5671010505368546,-1.842542072872554,0.4888437352550547,0.2434409583803797,26,0.1660375871813343,-0.6768491688087497,0.5918884805082061,-1.8476630866502648,0.4939647490327659,0.2548833794243921,132,0.0585891334090259,0.7245711282995293,0.23440600543247192,0.7683321136092025,0.08788370011353885,0.9075531158181546,0.2970989027419288
Total,tipo_granizo,Tipologia | Granizo,Tipologia,Principal,DLM irrestrito,7,1,,7,UF + mês-ano,C_prop,identidade,False,3591,133,27,2013-12-01,2024-12-01,-16294.91777429454,-15268.01089925301,7,1.1644492236679305,-1.047931836273137,0.7015922422063313,-2.490075344051712,0.3942116715054382,0.1473052685536477,26,0.1922093453420078,-1.047931836273137,0.6120120319031235,-2.2585521278243395,0.1626884552780656,0.0891945393994634,132,0.0659377965998498,0.46969254382612935,0.23656534811324034,0.5750623408985371,0.09590952232705426,0.7442792516394832,0.32600878361895314
Total,tipo_granizo,Tipologia | Granizo,Tipologia,Principal,DLM irrestrito,8,1,,8,UF + mês-ano,C_prop,identidade,False,3591,133,27,2013-12-01,2024-12-01,-16293.16199268699,-15260.068931651234,8,1.192914942146754,-1.2126023179501946,0.7468792393689813,-2.747834581584333,0.3226299456839439,0.1165338971431782,26,0.0324560419855441,-1.2126023179501946,0.729172111941989,-2.6549768281460158,0.2297721922456264,0.0986880681013289,132,0.0933299826100052,0.43027900483635034,0.05025451662277796,0.47370272688637866,0.13175997544941911,0.6821496418137261,0.07750696593562771
Total,tipo_granizo,Tipologia | Granizo,Tipologia,Principal,DLM irrestrito,9,1,,9,UF + mês-ano,C_prop,identidade,False,3591,133,27,2013-12-01,2024-12-01,-16291.1746982089,-15251.895451178916,9,1.2109531412545895,-1.2520462741438536,0.8359825840300835,-2.9704330858104298,0.4663405375227227,0.1462559705719662,26,0.0422123914410126,-1.2520462741438536,0.6712628173645344,-2.5798704757993685,0.075777927511661,0.064372083481421,132,0.0867553661077207,0.6877372360877468,0.05628318858801681,0.5196362723451496,0.10958572560975247,0.7442792516394832,0.09468199949386004
Total,tipo_granizo,Tipologia | Granizo,Tipologia,Principal,DLM irrestrito,10,1,,10,UF + mês-ano,C_prop,identidade,False,3591,133,27,2013-12-01,2024-12-01,-16289.563813508665,-15244.098380484456,10,1.24384494945155,-1.037223747857997,0.7998152307536679,-2.6812675001471047,0.6068200044311101,0.2060812973793226,26,0.0663403212335354,-1.037223747857997,0.7756781255438219,-2.571591749702112,0.4971442539861168,0.1834625976538142,132,0.0008473716889135,0.7097583512216376,0.08606311943809997,0.8455830012552736,0.0012325406384196365,0.8212080096779278,0.14279531027846182
Total,tipo_granizo,Tipologia | Granizo,Tipologia,Com contemporâneo,DLM irrestrito,10,0,,11,UF + mês-ano,C_prop,identidade,False,3591,133,27,2013-12-01,2024-12-01,-16289.086347492168,-15237.434728473734,11,1.254051299968696,-0.6255447308620514,0.8260320853041491,-2.3234779994682917,1.0723885377441884,0.4556857019349928,26,4.779797916384932e-06,-0.6255447308620514,0.8151701885114253,-2.2380319367275767,0.986942475003474,0.4442264737898447,132,1.707173889821654e-06,0.9113714038699856,1.638787857046262e-05,0.9045893710465074,3.56279768310606e-06,,
Total,tipo_granizo,Tipologia | Granizo,Tipologia,Delta X,DLM irrestrito,10,1,,10,UF + mês-ano,C_prop,primeira diferença,False,3591,133,27,2013-12-01,2024-12-01,-16288.569008549326,-15243.103575525118,10,6.054031751944597,0.2580743640208271,1.5941509558243818,-3.018749855316865,3.534898583358519,0.8726453460473148,26,0.0008173458166319,0.2580743640208271,2.132531914418097,-3.9602845462558594,4.476433274297514,0.903860942502358,132,0.1518814770335697,0.9519767411425253,0.001569303967933248,0.9860301190934816,0.18225777244028363,,
Total,tipo_incendio_florestal,Tipologia | Incêndio Florestal,Tipologia,Principal,DLM irrestrito,1,1,,1,UF + mês-ano,C_prop,identidade,False,3591,133,27,2013-12-01,2024-12-01,-16306.695732015414,-15316.90597293924,1,1.0,0.0563474977013618,0.0210663613708671,0.0130449717384553,0.0996500236642682,0.0127597240701033,26,0.0127597240701033,0.0563474977013618,0.013780846937472,0.0290876203336146,0.083607375069109,7.491315161611776e-05,132,7.491315161611795e-05,0.12249335107299167,0.12249335107299167,0.0035958312775736527,0.003595831277573662,0.19515785115717452,0.037574647568402356
Total,tipo_incendio_florestal,Tipologia | Incêndio Florestal,Tipologia,Principal,DLM irrestrito,2,1,,2,UF + mês-ano,C_prop,identidade,False,3591,133,27,2013-12-01,2024-12-01,-16305.017688328571,-15309.041743258173,2,1.071197951607424,0.0720474990938014,0.0396095731025914,-0.009371144470652,0.153466142658255,0.0804571688962712,26,0.0210450403240047,0.0720474990938014,0.0338396793568407,0.0051092685469509,0.138985729640652,0.0351042494258965,132,1.0887084195023818e-07,0.4358850988921675,0.2525404838880564,0.280833995407172,5.225800413611433e-06,0.5640436581126459,0.05805528365242676
Total,tipo_incendio_florestal,Tipologia | Incêndio Florestal,Tipologia,Principal,DLM irrestrito,3,1,,3,UF + mês-ano,C_prop,identidade,False,3591,133,27,2013-12-01,2024-12-01,-16304.22226327376,-15302.060132209135,3,1.1032746489983327,0.1029643448049114,0.076793296007999,-0.0548865358299468,0.2608152254397696,0.1915835347654384,26,0.0283084748600666,0.1029643448049114,0.0455091565085897,0.0129427350183259,0.1929859545914968,0.0253003984238506,132,1.2887274669032804e-08,0.9196009668741043,0.1647048858084992,0.27011098385499743,2.0619639470452487e-07,0.8130759684796375,0.0721956266965052
Total,tipo_incendio_florestal,Tipologia | Incêndio Florestal,Tipologia,Principal,DLM irrestrito,4,1,,4,UF + mês-ano,C_prop,identidade,False,3591,133,27,2013-12-01,2024-12-01,-16302.419657602455,-15294.071340543604,4,1.144187654245118,0.1167502091096639,0.1029634258315747,-0.0948941437906599,0.3283945620099878,0.2671837329590784,26,0.0407595647785987,0.1167502091096639,0.0646279823214712,-0.0110903278763314,0.2445907460956593,0.0731189456187772,132,2.667185122828677e-08,0.9267836778411358,0.20847649267040352,0.4913067399550902,4.267496196525883e-07,0.9293347233359248,0.0927231805389923
Total,tipo_incendio_florestal,Tipologia | Incêndio Florestal,Tipologia,Principal,DLM irrestrito,5,1,,5,UF + mês-ano,C_prop,identidade,False,3591,133,27,2013-12-01,2024-12-01,-16301.60372665758,-15287.069223604503,5,1.338547816175406,0.078368656737449,0.1052997834627209,-0.1380781480528937,0.2948154615277919,0.4634031946041079,26,8.04617261892495e-06,0.078368656737449,0.0627691988063633,-0.0457950227299237,0.2025323362048219,0.2140502274648498,132,5.534370508321136e-11,0.9675522807409572,5.517375510119965e-05,0.9340373562102537,6.641244609985363e-10,0.9806051733159493,6.658901477730993e-05
Total,tipo_incendio_florestal,Tipologia | Incêndio Florestal,Tipologia,Principal,DLM irrestrito,6,1,,6,UF + mês-ano,C_prop,identidade,False,3591,133,27,2013-12-01,2024-12-01,-16299.801203227198,-15279.080514179894,6,1.4314023380118273,0.0630154089852405,0.1214647042151952,-0.1866588662851423,0.3126896842556234,0.6082908505566332,26,2.346445477683028e-05,0.0630154089852405,0.0635680639793453,-0.0627285047556615,0.1887593227261426,0.3233498203086187,132,2.0584557589904547e-11,0.8666558539023911,0.0001251437588097615,0.7683321136092025,1.9761175286308364e-10,0.9857021087578729,0.0001681035566101274
Total,tipo_incendio_florestal,Tipologia | Incêndio Florestal,Tipologia,Principal,DLM irrestrito,7,1,,7,UF + mês-ano,C_prop,identidade,False,3591,133,27,2013-12-01,2024-12-01,-16298.954747666972,-15272.047872625442,7,1.5155287513261568,0.0234560236939215,0.1317978618183745,-0.2474583612239329,0.2943704086117761,0.8601261505143528,26,3.996672249951613e-05,0.0234560236939215,0.0672534197473225,-0.1095778880236947,0.1564899354115378,0.7278171318379293,132,3.7898180461333306e-11,1.0,0.00019184026799767741,0.9704228424505724,3.638225324287997e-10,1.0,0.00027019756056010903
Total,tipo_incendio_florestal,Tipologia | Incêndio Florestal,Tipologia,Principal,DLM irrestrito,8,1,,8,UF + mês-ano,C_prop,identidade,False,3591,133,27,2013-12-01,2024-12-01,-16297.369542155517,-15264.27648111976,8,1.531312553463595,0.0520133749887929,0.1415819317528113,-0.2390124537090369,0.3430392036866228,0.7163143167750222,26,5.418923580469815e-05,0.0520133749887929,0.0820062477535539,-0.1102030887230554,0.2142298387006412,0.5270080900698828,132,1.7389036020293057e-12,1.0,0.00023646211987504647,0.9290977152402194,1.3911228816234446e-11,0.9995866424046339,0.00034681110915006814
Total,tipo_incendio_florestal,Tipologia | Incêndio Florestal,Tipologia,Principal,DLM irrestrito,9,1,,9,UF + mês-ano,C_prop,identidade,False,3591,133,27,2013-12-01,2024-12-01,-16296.776487098228,-15257.497240068244,9,1.5434259824136194,0.1049854894441052,0.1693272024791618,-0.2430715600148545,0.453042538903065,0.5406440851473506,26,1.1451992036261943e-09,0.1049854894441052,0.11249585264951,-0.1175424264031582,0.3275134052913687,0.3524006388864918,132,5.845177788744583e-12,0.920968967528233,1.0993912354811465e-08,0.8288080712207794,3.50710667324675e-11,0.9806051733159493,3.6646374516038216e-08
Total,tipo_incendio_florestal,Tipologia | Incêndio Florestal,Tipologia,Principal,DLM irrestrito,10,1,,10,UF + mês-ano,C_prop,identidade,False,3591,133,27,2013-12-01,2024-12-01,-16294.799011704072,-15249.333578679863,10,1.554614159545224,0.0987388885618106,0.1778590011729583,-0.2668555242768226,0.4643333014004438,0.5835355412117015,26,2.2531338340132566e-10,0.0987388885618106,0.1068040691429886,-0.1125301169227198,0.3100078940463412,0.3569201909073828,132,1.825375092080218e-11,0.857168830902073,2.703760600815908e-09,0.8455830012552736,7.965273129077315e-11,0.9857021087578729,9.012535336053026e-09
Total,tipo_incendio_florestal,Tipologia | Incêndio Florestal,Tipologia,Com contemporâneo,DLM irrestrito,10,0,,11,UF + mês-ano,C_prop,identidade,False,3591,133,27,2013-12-01,2024-12-01,-16293.101590492215,-15241.449971473785,11,1.5709654971097171,0.1122587045744352,0.1962258379584816,-0.29108928197159,0.5156066911204604,0.5721752178544699,26,1.9778932172263846e-10,0.1122587045744352,0.1139549086695421,-0.113155368296356,0.3376727774452264,0.3263697599533152,132,2.989355543790726e-10,0.9538948661305524,1.5823145737811077e-09,0.9045893710465074,1.1957422175162903e-09,,
Total,tipo_incendio_florestal,Tipologia | Incêndio Florestal,Tipologia,Delta X,DLM irrestrito,10,1,,10,UF + mês-ano,C_prop,primeira diferença,False,3591,133,27,2013-12-01,2024-12-01,-16294.87818857858,-15249.412755554373,10,7.401328744286536,0.5149090537875245,0.4730793646889085,-0.4575195071449948,1.487337614720044,0.2863963053125491,26,1.178659643557262e-07,0.5149090537875245,0.3137268029939575,-0.1056735718953826,1.1354916794704315,0.1031228386960891,132,1.8273443049640835e-12,0.8086483914707269,4.714638574229048e-07,0.3173479452148545,8.164135177436413e-12,,
Total,tipo_inundacoes,Tipologia | Inundações,Tipologia,Principal,DLM irrestrito,1,1,,1,UF + mês-ano,C_prop,identidade,False,3591,133,27,2013-12-01,2024-12-01,-16304.500266181944,-15314.710507105772,1,1.0,0.0643393770517083,0.0453786193847119,-0.0289377109785371,0.1576164650819539,0.1681134044337231,26,0.1681134044337231,0.0643393770517083,0.0420182982715038,-0.018776970098776,0.1474557242021927,0.1281074281935515,132,0.1281074281935515,0.6207264163706699,0.6207264163706699,0.512429712774206,0.512429712774206,0.7647472017331793,0.2970989027419288
Total,tipo_inundacoes,Tipologia | Inundações,Tipologia,Principal,DLM irrestrito,2,1,,2,UF + mês-ano,C_prop,identidade,False,3591,133,27,2013-12-01,2024-12-01,-16302.609126458348,-15306.63318138795,2,1.1962361375495942,0.07924565378032,0.0605100725055253,-0.0451345815892019,0.2036258891498421,0.2017768235894036,26,0.3623873324387158,0.07924565378032,0.0469183754827442,-0.0135635304270578,0.172054837987698,0.0935781535903346,132,0.2424653605218288,0.7061727566286308,0.6957836782823342,0.4930783839731311,0.5288169803780649,0.8212080096779278,0.5255163733250259
Total,tipo_inundacoes,Tipologia | Inundações,Tipologia,Principal,DLM irrestrito,3,1,,3,UF + mês-ano,C_prop,identidade,False,3591,133,27,2013-12-01,2024-12-01,-16300.668375950412,-15298.506244885786,3,1.2866099916549876,0.0900882528066604,0.096739433383534,-0.108762500390825,0.2889390060041459,0.360293169867236,26,0.190852764765332,0.0900882528066604,0.0766195718160623,-0.0614728334714152,0.2416493390847361,0.2417965280334719,132,0.3039249674851938,0.9751028205188853,0.49347685459175344,0.8970923365329809,0.5770606977526287,0.9502237447047982,0.32485576981333103
Total,tipo_inundacoes,Tipologia | Inundações,Tipologia,Principal,DLM irrestrito,4,1,,4,UF + mês-ano,C_prop,identidade,False,3591,133,27,2013-12-01,2024-12-01,-16299.066066842734,-15290.717749783882,4,1.3248609754117646,0.1189280942702575,0.1330665582752028,-0.1545941335633093,0.3924503221038244,0.3796550099933771,26,0.3238789764768046,0.1189280942702575,0.1172751285912158,-0.1130537017825299,0.3509098903230451,0.3123927409294568,132,0.4542546054301751,0.9267836778411358,0.6098859797030044,0.7888785006401584,0.7244140319838835,0.9634483511351457,0.48130621891289843
Total,tipo_inundacoes,Tipologia | Inundações,Tipologia,Principal,DLM irrestrito,5,1,,5,UF + mês-ano,C_prop,identidade,False,3591,133,27,2013-12-01,2024-12-01,-16297.849124060493,-15283.314621007416,5,1.3443946977262424,0.0761808083183269,0.1303636853878785,-0.191785584726435,0.3441472013630891,0.5640071313536887,26,0.297452705070617,0.0761808083183269,0.1226631566449684,-0.1664590397878433,0.3188206564244973,0.5356331108632559,132,0.2550738464627327,0.9675522807409572,0.46057193043192307,0.9510350586259051,0.3601042538297402,0.984448811090075,0.44757773803729206
Total,tipo_inundacoes,Tipologia | Inundações,Tipologia,Principal,DLM irrestrito,6,1,,6,UF + mês-ano,C_prop,identidade,False,3591,133,27,2013-12-01,2024-12-01,-16297.951580945051,-15277.230891897749,6,1.3506054351427856,0.0019340760376075,0.0903698851516752,-0.1838238832584363,0.1876920353336514,0.983088560860558,26,0.2084742178835324,0.0019340760376075,0.1262225272328337,-0.2477465589063978,0.2516147109816129,0.9877978294207168,132,0.2725870162985623,1.0,0.27045303941647447,1.0,0.32710441955827474,1.0,0.34745702980588733
Total,tipo_inundacoes,Tipologia | Inundações,Tipologia,Principal,DLM irrestrito,7,1,,7,UF + mês-ano,C_prop,identidade,False,3591,133,27,2013-12-01,2024-12-01,-16296.15827746072,-15269.25140241919,7,1.3972062869728077,0.0263490924329017,0.1060034502117054,-0.1915441200749729,0.2442423049407764,0.8056476969086608,26,0.0045956018951644,0.0263490924329017,0.1442966241609148,-0.2590838927133654,0.311782077579169,0.8553891611196478,132,0.1221169096778947,1.0,0.012254938387105065,1.0,0.15842193687943096,1.0,0.0172335071068665
Total,tipo_inundacoes,Tipologia | Inundações,Tipologia,Principal,DLM irrestrito,8,1,,8,UF + mês-ano,C_prop,identidade,False,3591,133,27,2013-12-01,2024-12-01,-16298.768173016084,-15265.675111980328,8,1.445743118608854,0.1484480080985084,0.1835298961426481,-0.228803096293774,0.5256991124907909,0.4259419039322561,26,0.0053185096181106,0.1484480080985084,0.1807120697592909,-0.2090183278140577,0.5059143440110745,0.4128646512789417,132,0.1544353898815644,0.9141799993169896,0.011099498333448208,0.9007956027904183,0.19007432600807928,0.9713385705243263,0.01919462117814352
Total,tipo_inundacoes,Tipologia | Inundações,Tipologia,Principal,DLM irrestrito,9,1,,9,UF + mês-ano,C_prop,identidade,False,3591,133,27,2013-12-01,2024-12-01,-16297.813439198171,-15258.53419216819,9,1.4838118246077197,0.2103970360179969,0.2400730164485479,-0.2830801167157882,0.7038741887517821,0.3888448963681601,26,0.0009291618309718,0.2103970360179969,0.1705273863954584,-0.1269229895272081,0.547717061563202,0.2194689906059768,132,0.06750110740893,0.920968967528233,0.00222998839433232,0.7093642912019091,0.08756900420617947,0.9634483511351457,0.004744656158153873
Total,tipo_inundacoes,Tipologia | Inundações,Tipologia,Principal,DLM irrestrito,10,1,,10,UF + mês-ano,C_prop,identidade,False,3591,133,27,2013-12-01,2024-12-01,-16295.842014681024,-15250.376581656816,10,1.5094604124108433,0.1998356339682776,0.2195750059196983,-0.2515072546898454,0.6511785226264007,0.3711291892088657,26,0.0002270559073368,0.1998356339682776,0.1568489570110378,-0.1104271062522639,0.5100983741888192,0.2048792847519081,132,0.0877685685367217,0.857168830902073,0.0005449341776083199,0.8455830012552736,0.10802285358365747,0.9629297882175973,0.0013130944038754699
Total,tipo_inundacoes,Tipologia | Inundações,Tipologia,Com contemporâneo,DLM irrestrito,10,0,,11,UF + mês-ano,C_prop,identidade,False,3591,133,27,2013-12-01,2024-12-01,-16294.355409458276,-15242.703790439842,11,1.522218379408541,0.2441191923991839,0.2718676508236169,-0.314712767283442,0.80295115208181,0.377461050096842,26,2.01486552730344e-05,0.2441191923991839,0.1777290025742871,-0.1074463417693442,0.5956847265677121,0.1719105964153122,132,0.0999511033106039,0.9085724513736548,5.6890320770920655e-05,0.9045893710465074,0.11994132397272468,,
Total,tipo_inundacoes,Tipologia | Inundações,Tipologia,Delta X,DLM irrestrito,10,1,,10,UF + mês-ano,C_prop,primeira diferença,False,3591,133,27,2013-12-01,2024-12-01,-16294.51969353352,-15249.05426050931,10,4.867549120644076,0.1651235235420306,0.5987606757827457,-1.0656466722311044,1.3958937193151657,0.7849005723878157,26,4.78835538602571e-05,0.1651235235420306,0.5269563828414213,-0.8772482871011135,1.2074953341851746,0.7545068508090409,132,0.4280692392653643,0.8970292255860751,0.00013520062266425534,0.8565341059194355,0.4566071885497219,,
Total,tipo_movimento_de_massa,Tipologia | Movimento de Massa,Tipologia,Principal,DLM irrestrito,1,1,,1,UF + mês-ano,C_prop,identidade,False,3591,133,27,2013-12-01,2024-12-01,-16303.114061804798,-15313.324302728624,1,1.0,0.0578763482561404,0.2338755371413212,-0.42286170331626,0.538614399828541,0.8064910619222156,26,0.8064910619222156,0.0578763482561404,0.3309565919548826,-0.5967885030169696,0.7125411995292507,0.8614450585028904,132,0.8614450585028904,1.0,1.0,1.0,1.0,1.0,0.9173358050300083
Total,tipo_movimento_de_massa,Tipologia | Movimento de Massa,Tipologia,Principal,DLM irrestrito,2,1,,2,UF + mês-ano,C_prop,identidade,False,3591,133,27,2013-12-01,2024-12-01,-16301.12295558014,-15305.14701050974,2,1.29728983713867,0.0819810784807461,0.3719511541343681,-0.6825754685796405,0.8465376255411327,0.8272748334367357,26,0.9696038541169266,0.0819810784807461,0.4835303702366803,-0.8744897869195771,1.038451943881069,0.8656260406830809,132,0.984769866882612,0.9755417058797301,1.0,0.9683455588817154,1.0,1.0,1.0
Total,tipo_movimento_de_massa,Tipologia | Movimento de Massa,Tipologia,Principal,DLM irrestrito,3,1,,3,UF + mês-ano,C_prop,identidade,False,3591,133,27,2013-12-01,2024-12-01,-16299.439635957842,-15297.277504893216,3,1.431672333170812,-0.0512688419924005,0.4148771942899121,-0.904061128276874,0.8015234442920728,0.902601408936446,26,0.928626201402056,-0.0512688419924005,0.5007668304225742,-1.041835129325312,0.9392974453405109,0.9186098955172256,132,0.7571534131639663,1.0,0.9690012536369279,1.0,0.8654363586917226,1.0,0.9905346148288597
Total,tipo_movimento_de_massa,Tipologia | Movimento de Massa,Tipologia,Principal,DLM irrestrito,4,1,,4,UF + mês-ano,C_prop,identidade,False,3591,133,27,2013-12-01,2024-12-01,-16297.549798454456,-15289.201481395605,4,1.5139981098502149,-0.1282367272021258,0.4767557894461091,-1.1082222874520264,0.8517488330477747,0.7900697327377684,26,0.8609852550706828,-0.1282367272021258,0.556831745352765,-1.2297049578310226,0.9732315034267708,0.8182174512458931,132,0.8354367097066002,0.9606430469571534,0.9404024066307382,0.9602423833388254,0.9260971537884285,1.0,0.9556052168995952
Total,tipo_movimento_de_massa,Tipologia | Movimento de Massa,Tipologia,Principal,DLM irrestrito,5,1,,5,UF + mês-ano,C_prop,identidade,False,3591,133,27,2013-12-01,2024-12-01,-16303.727962461824,-15289.193459408749,5,1.5696154499968495,-0.827261044050515,0.5447097887984306,-1.9469280504426312,0.2924059623416011,0.1409007847046433,26,0.0028929908853614,-0.827261044050515,0.5645462569493339,-1.943989341134595,0.2894672530335649,0.1452018206256835,132,0.003413902869556,0.9675522807409572,0.0115719635414456,0.819050850823609,0.0081933668869344,0.7442792516394832,0.012075092391073669
Total,tipo_movimento_de_massa,Tipologia | Movimento de Massa,Tipologia,Principal,DLM irrestrito,6,1,,6,UF + mês-ano,C_prop,identidade,False,3591,133,27,2013-12-01,2024-12-01,-16304.690886993394,-15283.97019794609,6,1.6031785186267342,-1.2706540354778504,0.545329733433381,-2.391595356317436,-0.1497127146382648,0.0278347794592649,26,1.1093828575872902e-05,-1.2706540354778504,0.6047201683526634,-2.466850300184419,-0.0744577707712816,0.037522321115374,132,0.0008691606882021,0.33401735351117884,7.607196737741417e-05,0.3872806492330694,0.0018963505924409457,0.36324308551653794,8.729570026916382e-05
Total,tipo_movimento_de_massa,Tipologia | Movimento de Massa,Tipologia,Principal,DLM irrestrito,7,1,,7,UF + mês-ano,C_prop,identidade,False,3591,133,27,2013-12-01,2024-12-01,-16305.051894521908,-15278.145019480378,7,1.623404310827416,-1.692329164026229,0.6139895415096485,-2.954402741618152,-0.430255586434306,0.0105431539118244,26,3.111712785867744e-06,-1.692329164026229,0.6060842268969953,-2.891223671359657,-0.4934346566928009,0.0060126685842849,132,9.412439138834164e-07,0.2065329003819664,2.4893702286941953e-05,0.0962026973485584,3.2271219904574278e-06,0.19515785115717452,3.0608771464361295e-05
Total,tipo_movimento_de_massa,Tipologia | Movimento de Massa,Tipologia,Principal,DLM irrestrito,8,1,,8,UF + mês-ano,C_prop,identidade,False,3591,133,27,2013-12-01,2024-12-01,-16304.30893894732,-15271.215877911563,8,1.63852673140071,-2.007259604814159,0.7305577346107207,-3.508942534934743,-0.505576674693575,0.0107614963251809,26,4.466162279749674e-06,-2.007259604814159,0.6446971525347307,-3.2825342956348944,-0.7319849139934238,0.0022675892479036,132,2.6291179254898805e-07,0.10331036472173663,3.062511277542633e-05,0.0544221419496864,1.0516471701959522e-06,0.19515785115717452,4.044826215622346e-05
Total,tipo_movimento_de_massa,Tipologia | Movimento de Massa,Tipologia,Principal,DLM irrestrito,9,1,,9,UF + mês-ano,C_prop,identidade,False,3591,133,27,2013-12-01,2024-12-01,-16302.346031720022,-15263.06678469004,9,1.6476752020492504,-1.9544744037741888,0.8723227073419967,-3.747559408712315,-0.1613893988360626,0.0338188705001905,26,3.296360361375712e-06,-1.9544744037741888,0.8217092714235145,-3.579896561975364,-0.329052245573014,0.0188138626907009,132,5.19404119247263e-07,0.3246611568018288,1.5822529734603417e-05,0.29572847492949605,1.780814123133473e-06,0.39592824000223026,3.1645059469206834e-05
Total,tipo_movimento_de_massa,Tipologia | Movimento de Massa,Tipologia,Principal,DLM irrestrito,10,1,,10,UF + mês-ano,C_prop,identidade,False,3591,133,27,2013-12-01,2024-12-01,-16300.470728606091,-15255.005295581885,10,1.6690375083849909,-1.8628273365828332,0.9915046174816312,-3.900894266366668,0.1752395932010007,0.0715292626835718,26,4.028940753505196e-06,-1.8628273365828332,0.9476878440877278,-3.737447563478344,0.0117928903126767,0.0514376054640453,132,1.3229837069022663e-06,0.5126001659788423,1.3813511154874957e-05,0.6172512655685436,3.735483407724046e-06,0.5520309479772147,3.7190222340047965e-05
Total,tipo_movimento_de_massa,Tipologia | Movimento de Massa,Tipologia,Com contemporâneo,DLM irrestrito,10,0,,11,UF + mês-ano,C_prop,identidade,False,3591,133,27,2013-12-01,2024-12-01,-16298.547122215914,-15246.89550319748,11,1.682278337679297,-1.7980291430001158,0.9217167520010778,-3.692645060828624,0.0965867748283924,0.0619440304743772,26,6.070799867068738e-06,-1.7980291430001158,0.9930625719884169,-3.7624050666086015,0.1663467806083698,0.0724787308488336,132,1.5502954244719067e-08,0.4286921978455494,1.9359469808085046e-05,0.6957958161488026,5.72416772112704e-08,,
Total,tipo_movimento_de_massa,Tipologia | Movimento de Massa,Tipologia,Delta X,DLM irrestrito,10,1,,10,UF + mês-ano,C_prop,primeira diferença,False,3591,133,27,2013-12-01,2024-12-01,-16295.561225020849,-15250.09579199664,10,4.497170344115199,0.7542573010288969,2.1456381031005414,-3.656164984568119,5.164679586625913,0.728023313351872,26,0.0004823344402757,0.7542573010288969,1.9800561699721,-3.162489515737643,4.671004117795437,0.7038696265821305,132,0.1613281522977942,0.8970292255860751,0.0010066110057927653,0.8565341059194355,0.18564959516063714,,
Total,tipo_onda_de_calor_e_baixa_umidade,Tipologia | Onda de Calor e Baixa Umidade,Tipologia,Principal,DLM irrestrito,1,1,,1,UF + mês-ano,C_prop,identidade,False,3591,133,27,2013-12-01,2024-12-01,-16308.328103208984,-15318.53834413281,1,1.0,1.6993402785822642,1.114326718654905,-0.5911910958792079,3.989871653043736,0.1393340040207882,26,0.1393340040207881,1.6993402785822642,1.101249534801769,-0.4790401508786024,3.877720708043131,0.1252000593293749,132,0.1252000593293749,0.5573360160831528,0.5573360160831524,0.512429712774206,0.512429712774206,0.7442792516394832,0.2553082123088142
Total,tipo_onda_de_calor_e_baixa_umidade,Tipologia | Onda de Calor e Baixa Umidade,Tipologia,Principal,DLM irrestrito,2,1,,2,UF + mês-ano,C_prop,identidade,False,3591,133,27,2013-12-01,2024-12-01,-16306.59948552008,-15310.623540449682,2,1.3522096649199349,1.4135762116449118,0.614547651311037,0.1503554229262396,2.676797000363584,0.0297151255337512,26,0.0381080001920964,1.4135762116449118,0.9453798366595392,-0.4564785484297464,3.28363097171957,0.1372369569278377,132,0.2877114851491625,0.400860926224256,0.2613120013172324,0.4930783839731311,0.5288169803780649,0.3657246219538609,0.08710400043907748
Total,tipo_onda_de_calor_e_baixa_umidade,Tipologia | Onda de Calor e Baixa Umidade,Tipologia,Principal,DLM irrestrito,3,1,,3,UF + mês-ano,C_prop,identidade,False,3591,133,27,2013-12-01,2024-12-01,-16304.79044412405,-15302.628313059424,3,1.5113481796312822,1.2070612942487815,0.894728540372499,-0.6320795600808589,3.0462021485784225,0.1889436226430556,26,6.883961798764425e-07,1.2070612942487815,1.1143868559757957,-0.997306055012412,3.4114286435099754,0.2807111996231118,132,0.0954909555885236,0.9196009668741043,1.6521508317034623e-05,0.8970923365329809,0.27005086566375924,0.8130759684796375,8.959640123383223e-06
Total,tipo_onda_de_calor_e_baixa_umidade,Tipologia | Onda de Calor e Baixa Umidade,Tipologia,Principal,DLM irrestrito,4,1,,4,UF + mês-ano,C_prop,identidade,False,3591,133,27,2013-12-01,2024-12-01,-16302.937943529876,-15294.589626471025,4,1.631567047970805,1.007504286743168,0.8599852879173957,-0.7602207893708064,2.7752293628571425,0.2520076364216675,26,3.1246454203202154e-06,1.007504286743168,1.2516514273567414,-1.468385952203887,3.4833945256902226,0.4223017951036944,132,0.0766718936983809,0.9267836778411358,4.999432672512345e-05,0.7888785006401584,0.2557004031389293,0.9095012442285745,3.0608771464361295e-05
Total,tipo_onda_de_calor_e_baixa_umidade,Tipologia | Onda de Calor e Baixa Umidade,Tipologia,Principal,DLM irrestrito,5,1,,5,UF + mês-ano,C_prop,identidade,False,3591,133,27,2013-12-01,2024-12-01,-16300.962692952606,-15286.428189899529,5,1.7933420629699035,1.0836329768406734,0.9843819417265192,-0.9397930832466206,3.107059036927968,0.2810600595238877,26,2.648374558358988e-06,1.0836329768406734,1.4468579840036948,-1.7783951257457171,3.945661079427064,0.4552162686632885,132,0.1016559139529266,0.9675522807409572,2.480281738221092e-05,0.9510350586259051,0.16825806447380956,0.9448692513882324,3.0050479642202134e-05
Total,tipo_onda_de_calor_e_baixa_umidade,Tipologia | Onda de Calor e Baixa Umidade,Tipologia,Principal,DLM irrestrito,6,1,,6,UF + mês-ano,C_prop,identidade,False,3591,133,27,2013-12-01,2024-12-01,-16299.28641495559,-15278.565725908284,6,1.8530816202445568,1.3752886256182597,0.6794125168149296,-0.0212638036772745,2.7718410549137937,0.053333656775724,26,2.921758557149489e-06,1.3752886256182597,1.507842598214688,-1.6073730717140862,4.357950322950606,0.3633839394076793,132,0.1544773221175445,0.4950196086048528,3.506110268579387e-05,0.7683321136092025,0.20129604354158984,0.46640835248609436,3.0608771464361295e-05
Total,tipo_onda_de_calor_e_baixa_umidade,Tipologia | Onda de Calor e Baixa Umidade,Tipologia,Principal,DLM irrestrito,7,1,,7,UF + mês-ano,C_prop,identidade,False,3591,133,27,2013-12-01,2024-12-01,-16297.439520966553,-15270.532645925025,7,1.9073952081110035,1.17132271148073,0.4387330801301415,0.2694939495667613,2.0731514733946987,0.0129083062738729,26,6.543388951219424e-06,1.17132271148073,1.5910531860784298,-1.9759377533407096,4.31858317630217,0.4629193439418579,132,0.0704431967651592,0.2065329003819664,3.926033370731655e-05,0.7406709503069726,0.09944921896257769,0.19515785115717452,5.510222274711094e-05
Total,tipo_onda_de_calor_e_baixa_umidade,Tipologia | Onda de Calor e Baixa Umidade,Tipologia,Principal,DLM irrestrito,8,1,,8,UF + mês-ano,C_prop,identidade,False,3591,133,27,2013-12-01,2024-12-01,-16295.67708720516,-15262.584026169405,8,1.97019097566734,1.4275266591336908,0.3090892323665444,0.7921846428367311,2.0628686754306504,9.20184223890026e-05,26,1.893771579244908e-10,1.4275266591336908,1.9374749471217905,-2.404990290024938,5.26004360829232,0.4625530400446806,132,0.1023799744431417,0.0022084421373360624,4.5450517901877796e-09,0.9290977152402194,0.1365066325908556,0.0040153493406110225,8.263730527614145e-09
Total,tipo_onda_de_calor_e_baixa_umidade,Tipologia | Onda de Calor e Baixa Umidade,Tipologia,Principal,DLM irrestrito,9,1,,9,UF + mês-ano,C_prop,identidade,False,3591,133,27,2013-12-01,2024-12-01,-16293.682642670496,-15254.403395640516,9,2.0006030609112844,1.3927921698886006,0.3013558529391814,0.7733463426647806,2.0122379971124205,9.123009906764687e-05,26,3.0639475026182906e-10,1.3927921698886006,2.109980936992358,-2.7809586780579747,5.566543017835176,0.5103417449670543,132,0.1024205636074115,0.002189522377623525,3.676737003141949e-09,0.8760418292016429,0.12605607828604493,0.0040153493406110225,1.1313036932744458e-08
Total,tipo_onda_de_calor_e_baixa_umidade,Tipologia | Onda de Calor e Baixa Umidade,Tipologia,Principal,DLM irrestrito,10,1,,10,UF + mês-ano,C_prop,identidade,False,3591,133,27,2013-12-01,2024-12-01,-16291.729033751051,-15246.263600726845,10,2.042688556063145,1.2952413514088983,0.4704097030255105,0.3283003586167099,2.2621823442010878,0.0106141419711439,26,4.1039497662014955e-10,1.2952413514088983,2.505316188145541,-3.6605216990155736,6.25100440183337,0.6060233254021109,132,0.0086374663192285,0.25473940730745365,3.939791775553435e-09,0.9047350340702046,0.011845668094941943,0.19515785115717452,1.4070684912690841e-08
Total,tipo_onda_de_calor_e_baixa_umidade,Tipologia | Onda de Calor e Baixa Umidade,Tipologia,Com contemporâneo,DLM irrestrito,10,0,,11,UF + mês-ano,C_prop,identidade,False,3591,133,27,2013-12-01,2024-12-01,-16290.99927917694,-15239.347660158506,11,2.081996893419736,1.722596242478479,0.3420720105710738,1.0194571546138809,2.4257353303430778,3.0579053040298004e-05,26,1.6277251410858162e-09,1.722596242478479,2.3862111402103183,-2.9975652505580097,6.442757735514968,0.4716352928184488,132,0.0082991786064069,0.0007338972729671521,1.1161543824588453e-08,0.9055397622114216,0.011381730660215177,,
Total,tipo_onda_de_calor_e_baixa_umidade,Tipologia | Onda de Calor e Baixa Umidade,Tipologia,Delta X,DLM irrestrito,10,1,,10,UF + mês-ano,C_prop,primeira diferença,False,3591,133,27,2013-12-01,2024-12-01,-16294.885577071404,-15249.420144047195,10,5.250606051733312,-0.6244265323096838,10.068094080245904,-21.31969030528118,20.070837240661813,0.9510209649515275,26,6.3722761344943456e-21,-0.6244265323096838,12.316872339282028,-24.98841744277081,23.73956437815145,0.9596437281337608,132,0.0013723029277662,0.9923697025581156,3.058692544557286e-19,1.0,0.002124856146218632,,
Total,tipo_onda_de_frio,Tipologia | Onda de Frio,Tipologia,Principal,DLM irrestrito,1,1,,1,UF + mês-ano,C_prop,identidade,False,3591,133,27,2013-12-01,2024-12-01,-16303.142906649187,-15313.353147573014,1,1.0,0.0375884415839106,0.0202095360407098,-0.0039528546890826,0.0791297378569038,0.0742443316908885,26,0.0742443316908885,0.0375884415839106,0.0434439621696668,-0.048348009672503,0.1235248928403243,0.3884895921384006,132,0.3884895921384005,0.445465990145331,0.445465990145331,0.81076088794101,0.8107608879410098,0.5520309479772147,0.1563038561913442
Total,tipo_onda_de_frio,Tipologia | Onda de Frio,Tipologia,Principal,DLM irrestrito,2,1,,2,UF + mês-ano,C_prop,identidade,False,3591,133,27,2013-12-01,2024-12-01,-16301.639709664196,-15305.663764593795,2,1.002316729002648,-0.0709363780141184,0.0385494937509123,-0.1501759972638983,0.0083032412356614,0.0771910894925946,26,4.260541604102218e-05,-0.0709363780141184,0.0562092629690891,-0.1821238559986825,0.0402510999704456,0.2091722583313787,132,0.0022676882685087,0.4358850988921675,0.002045059969969065,0.6363124494312178,0.0272122592221044,0.5613897417643243,0.00028014520136562533
Total,tipo_onda_de_frio,Tipologia | Onda de Frio,Tipologia,Principal,DLM irrestrito,3,1,,3,UF + mês-ano,C_prop,identidade,False,3591,133,27,2013-12-01,2024-12-01,-16300.133193629612,-15297.971062564986,3,1.024630716689353,-0.1817696434384516,0.0501597047707862,-0.284874393228438,-0.0786648936484651,0.0012368262817998,26,3.275882781020464e-07,-0.1817696434384516,0.084954338953069,-0.3498177229379475,-0.0137215639389556,0.0342256984918016,132,2.984992239624869e-09,0.0296838307631952,1.5724237348898226e-05,0.2738055879344128,7.163981375099686e-08,0.045667431943377225,4.764920408757038e-06
Total,tipo_onda_de_frio,Tipologia | Onda de Frio,Tipologia,Principal,DLM irrestrito,4,1,,4,UF + mês-ano,C_prop,identidade,False,3591,133,27,2013-12-01,2024-12-01,-16298.414536547729,-15290.066219488876,4,1.0390532842427886,-0.2674454103746839,0.0538064769513942,-0.378046207737934,-0.1568446130114337,3.632443738403124e-05,26,2.593756143572111e-07,-0.2674454103746839,0.1132191300916966,-0.4914040404927264,-0.0434867802566413,0.0196283858176415,132,9.99200462476505e-09,0.0008717864972167498,1.2450029489146133e-05,0.20795534782499328,2.3980811099436125e-07,0.001937303327148333,3.890634215358167e-06
Total,tipo_onda_de_frio,Tipologia | Onda de Frio,Tipologia,Principal,DLM irrestrito,5,1,,5,UF + mês-ano,C_prop,identidade,False,3591,133,27,2013-12-01,2024-12-01,-16297.684223366185,-15283.149720313108,5,1.0552530541878549,-0.4533676429351754,0.0621940888273962,-0.5812094234294582,-0.3255258624408925,9.66345484813163e-08,26,4.462072143402242e-09,-0.4533676429351754,0.1393640812161663,-0.7290435705946945,-0.1776917152756563,0.0014495248631326,132,2.0070811549698107e-10,4.638458327103183e-06,1.0708973144165382e-07,0.0347885967151824,1.926797908771018e-09,7.730763878505303e-06,1.3386216430206727e-07
Total,tipo_onda_de_frio,Tipologia | Onda de Frio,Tipologia,Principal,DLM irrestrito,6,1,,6,UF + mês-ano,C_prop,identidade,False,3591,133,27,2013-12-01,2024-12-01,-16297.260106740232,-15276.539417692928,6,1.0705513878685882,-0.6656625663274406,0.0848205695970192,-0.8400137441365704,-0.4913113885183108,2.530470037000189e-08,26,9.198377647527576e-09,-0.6656625663274406,0.1819405305622861,-1.025558919131761,-0.3057662135231205,0.0003652508507109,132,1.8306462288981152e-14,1.2146256177600908e-06,2.2076106354066184e-07,0.0094814394858144,2.1967754746777384e-13,2.5596204898451734e-06,2.2076106354066184e-07
Total,tipo_onda_de_frio,Tipologia | Onda de Frio,Tipologia,Principal,DLM irrestrito,7,1,,7,UF + mês-ano,C_prop,identidade,False,3591,133,27,2013-12-01,2024-12-01,-16296.957823941377,-15270.050948899843,7,1.0858449883168175,-0.8916320512073861,0.1138464658233345,-1.1256468131927,-0.6576172892220721,2.6281074192347705e-08,26,5.480011826195628e-09,-0.8916320512073861,0.2029143413440267,-1.293016674829803,-0.490247427584969,2.264231114982299e-05,132,7.060943229834778e-17,1.26149156123269e-06,1.3152028382869508e-07,0.0010868309351915037,1.6946263751603468e-15,2.5596204898451734e-06,1.4113111608514406e-07
Total,tipo_onda_de_frio,Tipologia | Onda de Frio,Tipologia,Principal,DLM irrestrito,8,1,,8,UF + mês-ano,C_prop,identidade,False,3591,133,27,2013-12-01,2024-12-01,-16296.421729843896,-15263.32866880814,8,1.1013200987189409,-1.1068771840447025,0.1324828241287046,-1.3791995291558012,-0.8345548389336034,7.764120844934939e-09,26,5.586440011703619e-09,-1.1068771840447025,0.2014128886219952,-1.5052917857764647,-0.7084625823129398,1.9363254307634849e-07,132,6.836955797644144e-17,3.726778005568771e-07,8.93830401872579e-08,9.294362067664729e-06,1.093912927623063e-15,2.5596204898451734e-06,1.4113111608514406e-07
Total,tipo_onda_de_frio,Tipologia | Onda de Frio,Tipologia,Principal,DLM irrestrito,9,1,,9,UF + mês-ano,C_prop,identidade,False,3591,133,27,2013-12-01,2024-12-01,-16295.047292294868,-15255.768045264886,9,1.1172898934472375,-1.251372995190522,0.1556607419355743,-1.5713382326800862,-0.9314077577009576,1.61416033226983e-08,26,6.309326302906574e-15,-1.251372995190522,0.2308782941889767,-1.7080730815511551,-0.7946729088298885,2.7387917178453925e-07,132,7.063546873543823e-18,7.747969594895184e-07,1.514238312697578e-13,1.3146200245657884e-05,8.476256248252588e-17,2.5596204898451734e-06,5.047461042325259e-13
Total,tipo_onda_de_frio,Tipologia | Onda de Frio,Tipologia,Principal,DLM irrestrito,10,1,,10,UF + mês-ano,C_prop,identidade,False,3591,133,27,2013-12-01,2024-12-01,-16293.903815867185,-15248.438382842976,10,1.1338313219937488,-1.4251620723259395,0.1821109758452853,-1.799496544275905,-1.0508276003759744,2.666271343588722e-08,26,8.500307652671107e-15,-1.4251620723259395,0.2765781102022768,-1.972260911818628,-0.8780632328332514,9.132909131742192e-07,132,3.2908105195177243e-18,1.2798102449225867e-06,2.0400738366410656e-13,4.383796383236252e-05,3.9489726234212695e-17,2.5596204898451734e-06,5.113897894231717e-13
Total,tipo_onda_de_frio,Tipologia | Onda de Frio,Tipologia,Com contemporâneo,DLM irrestrito,10,0,,11,UF + mês-ano,C_prop,identidade,False,3591,133,27,2013-12-01,2024-12-01,-16292.194271661916,-15240.542652643482,11,1.1509597607330888,-1.326285134194986,0.1846980502912863,-1.705937413828667,-0.946632854561305,1.2602715997250573e-07,26,6.526769576837637e-15,-1.326285134194986,0.3151899909672417,-1.949762090313364,-0.702808178076608,4.730459698936188e-05,132,1.47891630878245e-18,6.049303678680275e-06,3.0256904827125124e-13,0.0022706206554893704,1.18313304702596e-17,,
Total,tipo_onda_de_frio,Tipologia | Onda de Frio,Tipologia,Delta X,DLM irrestrito,10,1,,10,UF + mês-ano,C_prop,primeira diferença,False,3591,133,27,2013-12-01,2024-12-01,-16286.77879536076,-15241.31336233655,10,6.704520185666596,0.8501889363520753,0.2576395805001632,0.3206031940743893,1.379774678629761,0.0028091822236882,26,6.410845465143521e-11,0.8501889363520753,1.5733764563953685,-2.2621052099542958,3.9624830826584456,0.589859688438506,132,0.1624433957655575,0.0337101866842584,7.693014558172225e-10,0.8565341059194355,0.18564959516063714,,
Total,tipo_outros,Tipologia | Outros,Tipologia,Principal,DLM irrestrito,1,1,,1,UF + mês-ano,C_prop,identidade,False,3591,133,27,2013-12-01,2024-12-01,-16303.430671298624,-15313.640912222452,1,1.0,-0.0461731537110933,0.043895204344551,-0.1364010384565625,0.0440547310343759,0.3025263285568884,26,0.3025263285568887,-0.0461731537110933,0.0392169990912577,-0.1237482541972499,0.0314019467750633,0.2411639820262266,132,0.2411639820262266,0.8067368761517023,0.8067368761517032,0.6431039520699376,0.6431039520699376,0.9501040119840165,0.45254415651761576
Total,tipo_outros,Tipologia | Outros,Tipologia,Principal,DLM irrestrito,2,1,,2,UF + mês-ano,C_prop,identidade,False,3591,133,27,2013-12-01,2024-12-01,-16301.482749125102,-15305.506804054705,2,1.0047034322751267,-0.0641582484721183,0.0787005013097899,-0.2259294457503436,0.0976129488061069,0.422351511172513,26,0.5803045724326242,-0.0641582484721183,0.0686354611865771,-0.1999259747602151,0.0716094778159784,0.3516146411073989,132,0.4396818790615238,0.8814292407078532,0.8801776813927249,0.7338044683980498,0.7053551779762289,0.9713385705243263,0.7349503819727168
Total,tipo_outros,Tipologia | Outros,Tipologia,Principal,DLM irrestrito,3,1,,3,UF + mês-ano,C_prop,identidade,False,3591,133,27,2013-12-01,2024-12-01,-16300.992981216896,-15298.83085015227,3,1.0082272743960332,0.0332828290253398,0.0547460650250299,-0.0792493192834661,0.1458149773341458,0.548495336541873,26,0.2202327073349602,0.0332828290253398,0.0645810638454761,-0.0944648985776249,0.1610305566283046,0.6071599203248453,132,0.2769481991074041,0.9751028205188853,0.5033890453370519,0.8970923365329809,0.5538963982148082,0.9806051733159493,0.3632704450885942
Total,tipo_outros,Tipologia | Outros,Tipologia,Principal,DLM irrestrito,4,1,,4,UF + mês-ano,C_prop,identidade,False,3591,133,27,2013-12-01,2024-12-01,-16299.313459935249,-15290.965142876395,4,1.012237900844592,0.0785399561147281,0.0683083860803471,-0.0618699423796085,0.2189498546090648,0.26069908764973,26,0.1048509913922228,0.0785399561147281,0.0832104426241279,-0.0860585240760535,0.2431384363055098,0.3469597798215708,132,0.2182579852204716,0.9267836778411358,0.3871421220635919,0.7888785006401584,0.4549863661499268,0.9133982632983241,0.20542235048272223
Total,tipo_outros,Tipologia | Outros,Tipologia,Principal,DLM irrestrito,5,1,,5,UF + mês-ano,C_prop,identidade,False,3591,133,27,2013-12-01,2024-12-01,-16297.469616367722,-15282.935113314645,5,1.0172927437341674,0.1099062605581721,0.097702634676235,-0.0909243812517989,0.3107369023681431,0.2709069351804423,26,0.132233967100157,0.1099062605581721,0.1070804642477867,-0.1019094817630731,0.3217220028794173,0.3065852406290144,132,0.3273429130134782,0.9675522807409572,0.264467934200314,0.9510350586259051,0.4489274235613415,0.935505963213038,0.24506681161419058
Total,tipo_outros,Tipologia | Outros,Tipologia,Principal,DLM irrestrito,6,1,,6,UF + mês-ano,C_prop,identidade,False,3591,133,27,2013-12-01,2024-12-01,-16296.482412509453,-15275.761723462148,6,1.0315572819324987,0.0272026647086429,0.0937490716668317,-0.1655013119479703,0.2199066413652561,0.7739920023944562,26,0.1212488726799616,0.0272026647086429,0.1025839710823635,-0.1757185696893588,0.2301238991066446,0.7912886123075721,132,0.1551657002299755,0.9448706331360872,0.18774018995606956,0.9263866680674016,0.20129604354158984,1.0,0.2309502336761173
Total,tipo_outros,Tipologia | Outros,Tipologia,Principal,DLM irrestrito,7,1,,7,UF + mês-ano,C_prop,identidade,False,3591,133,27,2013-12-01,2024-12-01,-16294.672685897924,-15267.765810856394,7,1.211551930572794,-0.0145276348713073,0.0956429863362955,-0.211124608885281,0.1820693391426663,0.8804427368805772,26,0.1070768926542648,-0.0145276348713073,0.1092876965444998,-0.2307095008425382,0.2016542310999235,0.8944510183869093,132,0.2224016290690763,1.0,0.14170738475682382,1.0,0.27372508193117084,1.0,0.20825051113634938
Total,tipo_outros,Tipologia | Outros,Tipologia,Principal,DLM irrestrito,8,1,,8,UF + mês-ano,C_prop,identidade,False,3591,133,27,2013-12-01,2024-12-01,-16292.681237498648,-15259.588176462892,8,1.2144496270358875,-0.0058059606127875,0.1258973825872938,-0.2645917367690547,0.2529798155434797,0.9635697012384355,26,0.044137868607316,-0.0058059606127875,0.1298643767871348,-0.2626905339426177,0.2510786127170428,0.9644077176358978,132,0.2992963737875537,1.0,0.062312285092681406,1.0,0.35915564854506443,1.0,0.0978220790001684
Total,tipo_outros,Tipologia | Outros,Tipologia,Principal,DLM irrestrito,9,1,,9,UF + mês-ano,C_prop,identidade,False,3591,133,27,2013-12-01,2024-12-01,-16290.818992172744,-15251.53974514276,9,1.2160326424368,-0.0410427227093091,0.1542206461328461,-0.3580478008818996,0.2759623554632813,0.7922383015760085,26,0.0082377103080983,-0.0410427227093091,0.1201378832440983,-0.2786873304256765,0.1966018850070582,0.7331725032003896,132,0.2268169464113899,0.9638372254592756,0.01404900832539145,0.9023661577850949,0.2655417909206516,1.0,0.027618713380283003
Total,tipo_outros,Tipologia | Outros,Tipologia,Principal,DLM irrestrito,10,1,,10,UF + mês-ano,C_prop,identidade,False,3591,133,27,2013-12-01,2024-12-01,-16289.370705407096,-15243.905272382886,10,1.2165362249761744,-0.1120409617919654,0.1802302888987741,-0.4825096263585055,0.2584277027745746,0.5395822542523112,26,0.0115837017610831,-0.1120409617919654,0.1254897071121528,-0.3602720061039132,0.1361900825199823,0.3735730819889561,132,0.2448424220321326,0.857168830902073,0.0168713551331152,0.8455830012552736,0.2798199108938658,0.9806051733159493,0.0350289269277141
Total,tipo_outros,Tipologia | Outros,Tipologia,Com contemporâneo,DLM irrestrito,10,0,,11,UF + mês-ano,C_prop,identidade,False,3591,133,27,2013-12-01,2024-12-01,-16287.613232326676,-15235.961613308242,11,1.220366987684539,-0.0718163386748826,0.1844641389039528,-0.4509878065658659,0.3073551292161006,0.7002069797006248,26,0.0158321698928337,-0.0718163386748826,0.1328479247441155,-0.3346026647632416,0.1909699874134763,0.5897008186526949,132,0.2955206739730922,0.9538948661305524,0.0205390312123248,0.9728165481385603,0.315222052237965,,
Total,tipo_outros,Tipologia | Outros,Tipologia,Delta X,DLM irrestrito,10,1,,10,UF + mês-ano,C_prop,primeira diferença,False,3591,133,27,2013-12-01,2024-12-01,-16289.24977703075,-15243.78434400654,10,7.477324662159526,0.4198850946668377,0.6245568856432482,-0.8639099698799695,1.703680159213645,0.507328334045939,26,0.0005308776316048,0.4198850946668377,0.6437257349131886,-0.8534680360817004,1.693238225415376,0.5153591426792384,132,0.106216561640009,0.8970292255860751,0.0010617552632096,0.8565341059194355,0.1341682883873798,,
Total,tipo_rompimento_colapso_de_barragens,Tipologia | Rompimento/Colapso de barragens,Tipologia,Principal,DLM irrestrito,1,1,,1,UF + mês-ano,C_prop,identidade,False,3591,133,27,2013-12-01,2024-12-01,-16303.553562169072,-15313.7638030929,1,1.0,1.5741848054515373,2.0115133842797475,-2.560540172159639,5.708909783062714,0.4409394276955228,26,0.4409394276955229,1.5741848054515373,0.8134209051426209,-0.034842145007959,3.1832117559110333,0.0550962122417774,132,0.0550962122417774,0.8818788553910456,0.8818788553910458,0.36322848882957176,0.36322848882957176,0.9806051733159493,0.5984286652236581
Total,tipo_rompimento_colapso_de_barragens,Tipologia | Rompimento/Colapso de barragens,Tipologia,Principal,DLM irrestrito,2,1,,2,UF + mês-ano,C_prop,identidade,False,3591,133,27,2013-12-01,2024-12-01,-16302.056070565211,-15306.080125494816,2,1.0083491696178344,-0.067614534959832,1.82818281333654,-3.825498126994039,3.6902690570743752,0.9707798245841504,26,0.6813451651846453,-0.067614534959832,1.576295680922709,-3.185683195923051,3.0504541260033875,0.965850389839488,132,0.10486652324192,1.0,0.8910284057609713,1.0,0.35954236540086854,1.0,0.8300651758594664
Total,tipo_rompimento_colapso_de_barragens,Tipologia | Rompimento/Colapso de barragens,Tipologia,Principal,DLM irrestrito,3,1,,3,UF + mês-ano,C_prop,identidade,False,3591,133,27,2013-12-01,2024-12-01,-16300.53167008302,-15298.369539018391,3,1.0736425011516444,-1.556658332575131,2.55013836308275,-6.798542810504273,3.6852261453540094,0.5468820935463188,26,0.2681284310199913,-1.556658332575131,1.7062534594273782,-4.931796324697469,1.8184796595472064,0.3632606808089029,132,0.1659968222935431,0.9751028205188853,0.5595723777808513,0.8970923365329809,0.4198882848470816,0.9806051733159493,0.4219726127527732
Total,tipo_rompimento_colapso_de_barragens,Tipologia | Rompimento/Colapso de barragens,Tipologia,Principal,DLM irrestrito,4,1,,4,UF + mês-ano,C_prop,identidade,False,3591,133,27,2013-12-01,2024-12-01,-16298.55012288455,-15290.201805825698,4,1.082474091190332,-1.8528628028114995,3.287214233840994,-8.609828431597542,4.904102825974542,0.5778169952160961,26,0.2011841057430151,-1.8528628028114995,1.866941997103541,-5.545858605221538,1.8401329995985385,0.3227896263746639,132,0.1772936000889757,0.9373757895646829,0.5082545829297224,0.7888785006401584,0.4052425144890873,0.9857021087578729,0.3386310428349699
Total,tipo_rompimento_colapso_de_barragens,Tipologia | Rompimento/Colapso de barragens,Tipologia,Principal,DLM irrestrito,5,1,,5,UF + mês-ano,C_prop,identidade,False,3591,133,27,2013-12-01,2024-12-01,-16298.620380319173,-15284.085877266094,5,1.1293513839267877,-5.172430226637847,3.54889004263886,-12.467278183788586,2.1224177305128924,0.1569577599205268,26,0.0027590178103649,-5.172430226637847,2.476188222303485,-10.07057528156254,-0.2742851717131529,0.0386401781761743,132,2.2621311718404123e-05,0.9675522807409572,0.0115719635414456,0.46998751367239916,0.0001054920405595361,0.7610073208267967,0.011719721672346478
Total,tipo_rompimento_colapso_de_barragens,Tipologia | Rompimento/Colapso de barragens,Tipologia,Principal,DLM irrestrito,6,1,,6,UF + mês-ano,C_prop,identidade,False,3591,133,27,2013-12-01,2024-12-01,-16296.883788027186,-15276.16309897988,6,1.1352017207936718,-6.366090747682854,4.600557259546084,-15.822671628842013,3.0904901334763046,0.1781959514898093,26,0.0022458789640923,-6.366090747682854,2.568385805075482,-11.44661173431704,-1.2855697610486685,0.014449892711496,132,5.003820786455431e-05,0.7245711282995293,0.0089835158563692,0.231198283383936,0.0001412843516175651,0.7919820066213746,0.009800199116039129
Total,tipo_rompimento_colapso_de_barragens,Tipologia | Rompimento/Colapso de barragens,Tipologia,Principal,DLM irrestrito,7,1,,7,UF + mês-ano,C_prop,identidade,False,3591,133,27,2013-12-01,2024-12-01,-16296.41700455888,-15269.51012951735,7,1.1611376375785485,-3.4825102885265826,4.731740705064503,-13.208742603811457,6.243722026758291,0.4683257672176587,26,2.3179658237410168e-05,-3.4825102885265826,3.1078294952597343,-9.630104213997518,2.6650836369443525,0.2645096697388984,132,6.9777154978266805e-09,0.774474516294528,0.00012362484393285423,0.5771120067030511,4.186629298696008e-08,0.9806051733159493,0.0001681035566101274
Total,tipo_rompimento_colapso_de_barragens,Tipologia | Rompimento/Colapso de barragens,Tipologia,Principal,DLM irrestrito,8,1,,8,UF + mês-ano,C_prop,identidade,False,3591,133,27,2013-12-01,2024-12-01,-16296.8887636168,-15263.795702581045,8,1.162944994871096,-7.175985564378992,4.255188776784699,-15.9226513620427,1.5706802332847154,0.1036820787720716,26,1.1423240824695938e-05,-7.175985564378992,2.988905407407297,-13.088335889392138,-1.263635239365847,0.0177502222572648,132,2.0456544325365342e-10,0.4147283150882864,6.0923951065045e-05,0.2130026670871776,1.313712748081744e-09,0.6413483201787508,8.843799348151694e-05
Total,tipo_rompimento_colapso_de_barragens,Tipologia | Rompimento/Colapso de barragens,Tipologia,Principal,DLM irrestrito,9,1,,9,UF + mês-ano,C_prop,identidade,False,3591,133,27,2013-12-01,2024-12-01,-16298.785954075423,-15259.506707045442,9,1.1787168600874718,-2.497052659788812,3.542782924525906,-9.779347255873104,4.785241936295481,0.487183668723427,26,1.3306303707444076e-06,-2.497052659788812,3.3036328344338277,-9.031964943724898,4.0378596241472735,0.451085544002247,132,4.871424050699028e-27,0.920968967528233,7.09669531063684e-06,0.8327733120041484,1.1691417721677669e-25,0.9806051733159493,1.596756444893289e-05
Total,tipo_rompimento_colapso_de_barragens,Tipologia | Rompimento/Colapso de barragens,Tipologia,Principal,DLM irrestrito,10,1,,10,UF + mês-ano,C_prop,identidade,False,3591,133,27,2013-12-01,2024-12-01,-16299.577196407645,-15254.111763383436,10,1.1792404562524923,1.489193933126307,3.762927695122453,-6.245614719682472,9.224002585935086,0.6955153051801779,26,1.5129829512121308e-07,1.489193933126307,3.797275083342104,-6.022191511700064,9.000579377952679,0.6955618691003637,132,1.7138680532848424e-24,0.857168830902073,7.262318165818227e-07,0.9047350340702046,4.113283327883622e-23,0.9995866424046339,2.4207727219394093e-06
Total,tipo_rompimento_colapso_de_barragens,Tipologia | Rompimento/Colapso de barragens,Tipologia,Com contemporâneo,DLM irrestrito,10,0,,11,UF + mês-ano,C_prop,identidade,False,3591,133,27,2013-12-01,2024-12-01,-16307.574314529298,-15255.922695510864,11,1.2204794350727544,8.019700084688441,4.004837034495093,-0.2123603366834476,16.25176050606033,0.0557622089408525,26,3.3015088343525455e-07,8.019700084688441,4.038086921618201,0.031965021446501,16.00743514793038,0.0491033432526167,132,1.1504630541182649e-29,0.4286921978455494,1.3206035337410182e-06,0.5892401190314004,1.8407408865892238e-28,,
Total,tipo_rompimento_colapso_de_barragens,Tipologia | Rompimento/Colapso de barragens,Tipologia,Delta X,DLM irrestrito,10,1,,10,UF + mês-ano,C_prop,primeira diferença,False,3591,133,27,2013-12-01,2024-12-01,-16305.808623054156,-15260.343190029947,10,7.131687168042998,-61.07325823278595,23.83604679215962,-110.06895411493907,-12.077562350632824,0.0165421616428045,26,2.925370477594501e-11,-61.07325823278595,11.197456399939371,-83.22293377000197,-38.923582695569934,2.3420566789752986e-07,132,4.1135836950180646e-35,0.156027156604672,4.680592764151201e-10,1.1241872059081434e-05,1.974520173608671e-33,,
Total,tipo_tornado,Tipologia | Tornado,Tipologia,Principal,DLM irrestrito,1,1,,1,UF + mês-ano,C_prop,identidade,False,3591,133,27,2013-12-01,2024-12-01,-16303.598617389523,-15313.808858313352,1,1.0,0.9257278985116584,0.4330318134002565,0.0356182581985233,1.8158375388247927,0.0421043114440253,26,0.0421043114440253,0.9257278985116584,0.4945170501943074,-0.0524757057894382,1.9039315028127548,0.0634216578224543,132,0.0634216578224543,0.28871527847331635,0.28871527847331635,0.36322848882957176,0.36322848882957176,0.42017624910836865,0.09468199949386004
Total,tipo_tornado,Tipologia | Tornado,Tipologia,Principal,DLM irrestrito,2,1,,2,UF + mês-ano,C_prop,identidade,False,3591,133,27,2013-12-01,2024-12-01,-16301.59861768526,-15305.622672614862,2,1.008261035259315,0.9264234633674758,0.9614530489866068,-1.0498715826974427,2.902718509432394,0.3441405800931697,26,0.0927187704138966,0.9264234633674758,0.8461575514357523,-0.7473598092129435,2.600206735947895,0.2755720222464977,132,0.1697103767719897,0.8455513872328557,0.42506418337270213,0.7338044683980498,0.47918224029738266,0.9502237447047982,0.1859831878752026
Total,tipo_tornado,Tipologia | Tornado,Tipologia,Principal,DLM irrestrito,3,1,,3,UF + mês-ano,C_prop,identidade,False,3591,133,27,2013-12-01,2024-12-01,-16302.03069684059,-15299.868565775963,3,1.016352817842318,2.8955063022454937,1.5518933416228065,-0.294456147094047,6.085468751585035,0.073391925033462,26,0.0308821660890936,2.8955063022454937,1.304379371608266,0.315314977837458,5.475697626653529,0.0281365608182289,132,6.612896035775013e-05,0.7045624803212351,0.1647048858084992,0.27011098385499743,0.0006348380194344012,0.5520309479772147,0.07516247932336667
Total,tipo_tornado,Tipologia | Tornado,Tipologia,Principal,DLM irrestrito,4,1,,4,UF + mês-ano,C_prop,identidade,False,3591,133,27,2013-12-01,2024-12-01,-16302.56305354523,-15294.214736486378,4,1.021139757789903,4.891696241459991,2.2261239808125604,0.3158328648309103,9.467559618089073,0.03709895205075,26,0.0356878841842662,4.891696241459991,1.922921332007009,1.08796778150572,8.695424701414263,0.012115104751753,132,2.7347721919064788e-05,0.3561499396872,0.20847649267040352,0.20795534782499328,0.00023507819210032005,0.41412783684558135,0.08347551001073383
Total,tipo_tornado,Tipologia | Tornado,Tipologia,Principal,DLM irrestrito,5,1,,5,UF + mês-ano,C_prop,identidade,False,3591,133,27,2013-12-01,2024-12-01,-16300.886548501596,-15286.35204544852,5,1.0317670545602775,4.162862242382595,2.4298139055003998,-0.8316917707972884,9.15741625556248,0.0985692890912453,26,0.0033549274226389,4.162862242382595,1.9983356068232003,0.2099568927498682,8.115767592015322,0.0391656261393666,132,1.785976628287563e-08,0.9675522807409572,0.012387424329743633,0.46998751367239916,1.4287813026300504e-07,0.626211313706503,0.013763804810826258
Total,tipo_tornado,Tipologia | Tornado,Tipologia,Principal,DLM irrestrito,6,1,,6,UF + mês-ano,C_prop,identidade,False,3591,133,27,2013-12-01,2024-12-01,-16299.860655982906,-15279.1399669356,6,1.03330877653489,2.8997407251236096,2.442041975892422,-2.119948446724875,7.919429896972094,0.2457956355340835,26,0.0029355274795482,2.8997407251236096,1.8983239351719112,-0.855331652636806,6.654813102884026,0.1290227592327775,132,3.800849163214111e-08,0.7245711282995293,0.010838870693716432,0.7683321136092025,3.040679330571289e-07,0.9075531158181546,0.012147010260199449
Total,tipo_tornado,Tipologia | Tornado,Tipologia,Principal,DLM irrestrito,7,1,,7,UF + mês-ano,C_prop,identidade,False,3591,133,27,2013-12-01,2024-12-01,-16297.860794023374,-15270.953918981844,7,1.0402918497491418,2.8844188050101063,2.7554554087511,-2.7795009045455115,8.548338514565724,0.3048250371782053,26,0.0010417036785742,2.8844188050101063,2.089668865241844,-1.249152757329696,7.017990367349908,0.1698202014029597,132,2.3838643796207574e-08,0.7201024915912719,0.003846290505504739,0.5750623408985371,1.1442549022179634e-07,0.9501040119840165,0.005154822326965114
Total,tipo_tornado,Tipologia | Tornado,Tipologia,Principal,DLM irrestrito,8,1,,8,UF + mês-ano,C_prop,identidade,False,3591,133,27,2013-12-01,2024-12-01,-16295.860795764973,-15262.767734729216,8,1.0517486832665774,2.886180384106084,3.1489575877379425,-3.5865946385271066,9.358955406739272,0.3678016944032945,26,0.0007504277067862,2.886180384106084,2.288851536290075,-1.641394189165581,7.413754957377748,0.2095426690012017,132,5.228241962523933e-09,0.8827240665679068,0.0026325664813008,0.6286280070036051,2.5095561420114876e-08,0.9594826810520726,0.004002281102859734
Total,tipo_tornado,Tipologia | Tornado,Tipologia,Principal,DLM irrestrito,9,1,,9,UF + mês-ano,C_prop,identidade,False,3591,133,27,2013-12-01,2024-12-01,-16296.95270242304,-15257.673455393058,9,1.0565653587652537,5.234095061045351,3.681899613369665,-2.3341579843638094,12.802348106454511,0.1670347353964456,26,4.59456443950109e-05,5.234095061045351,2.302761861149225,0.6790044902790138,9.789185631811687,0.024644039577458,132,1.5801567829602807e-09,0.6877372360877468,0.00016964545622773255,0.29572847492949605,7.584752558209347e-09,0.7647472017331793,0.00029802580148115173
Total,tipo_tornado,Tipologia | Tornado,Tipologia,Principal,DLM irrestrito,10,1,,10,UF + mês-ano,C_prop,identidade,False,3591,133,27,2013-12-01,2024-12-01,-16298.469756797653,-15253.004323773444,10,1.062538801317259,7.76056155886845,3.8469045366700216,-0.146863963905603,15.667987081642504,0.0540922927413008,26,5.024622379335582e-09,7.76056155886845,2.3704172183650125,3.071642004343601,12.4494811133933,0.0013543902402533,132,4.889677789410682e-13,0.5126001659788423,4.019697903468466e-08,0.0280825783652448,2.607828154352364e-12,0.46640835248609436,1.4113111608514406e-07
Total,tipo_tornado,Tipologia | Tornado,Tipologia,Com contemporâneo,DLM irrestrito,10,0,,11,UF + mês-ano,C_prop,identidade,False,3591,133,27,2013-12-01,2024-12-01,-16297.109223270169,-15245.457604251733,11,1.0644480144255002,8.822427096370854,3.992635063110464,0.6154481863895498,17.029406006352158,0.0361378757470505,26,7.556730393836367e-13,8.822427096370854,2.4803384110905786,3.916072557812643,13.728781634929064,0.0005217272329834,132,5.512057279523898e-20,0.4286921978455494,9.068076472603641e-12,0.0125214535916016,5.291574988342942e-19,,
Total,tipo_tornado,Tipologia | Tornado,Tipologia,Delta X,DLM irrestrito,10,1,,10,UF + mês-ano,C_prop,primeira diferença,False,3591,133,27,2013-12-01,2024-12-01,-16302.655514092174,-15257.190081067964,10,6.632720561716176,12.657169430864052,10.28581501546122,-8.485626133851387,33.79996499557949,0.2295098567137093,26,3.554245974874826e-10,12.657169430864052,11.88338662925539,-10.849343898602733,36.16368276033084,0.2887684592628631,132,8.882105758435893e-13,0.7868909373041462,2.8433967798998607e-09,0.7295203181377594,5.329263455061536e-12,,
Total,tipo_vendavais_e_ciclones,Tipologia | Vendavais e Ciclones,Tipologia,Principal,DLM irrestrito,1,1,,1,UF + mês-ano,C_prop,identidade,False,3591,133,27,2013-12-01,2024-12-01,-16303.311123667308,-15313.521364591134,1,1.0,0.0295856660277053,0.0247550564062929,-0.0212990811706946,0.0804704132261053,0.2428217374625782,26,0.2428217374625782,0.0295856660277053,0.0199140785421452,-0.0098063496744984,0.0689776817299091,0.1397519508702421,132,0.1397519508702421,0.7770295598802502,0.7770295598802502,0.5160072032132016,0.5160072032132016,0.9075531158181546,0.3964436530001277
Total,tipo_vendavais_e_ciclones,Tipologia | Vendavais e Ciclones,Tipologia,Principal,DLM irrestrito,2,1,,2,UF + mês-ano,C_prop,identidade,False,3591,133,27,2013-12-01,2024-12-01,-16301.311778026222,-15305.335832955823,2,1.172082095143422,0.0309220801860837,0.0602912695574187,-0.0930083992823433,0.1548525596545108,0.6123667952895954,26,0.2554072155236712,0.0309220801860837,0.0343140035836923,-0.0369544105645985,0.098798570936766,0.3691495794211191,132,0.3268810312323523,0.9755417058797301,0.5572521065971008,0.7382991588422382,0.5603674821126039,0.9857021087578729,0.4078888350225322
Total,tipo_vendavais_e_ciclones,Tipologia | Vendavais e Ciclones,Tipologia,Principal,DLM irrestrito,3,1,,3,UF + mês-ano,C_prop,identidade,False,3591,133,27,2013-12-01,2024-12-01,-16299.343647329964,-15297.181516265337,3,1.1755701530191955,0.0214898552320546,0.0950883806285284,-0.1739671104227642,0.2169468208868736,0.8229695982102342,26,0.2665085861345175,0.0214898552320546,0.0521122493907195,-0.0815933249377892,0.1245730354018985,0.6807326138459371,132,0.4755303928673295,0.9753419950587796,0.5595723777808513,0.9076434851279161,0.6713370252244651,1.0,0.4219726127527732
Total,tipo_vendavais_e_ciclones,Tipologia | Vendavais e Ciclones,Tipologia,Principal,DLM irrestrito,4,1,,4,UF + mês-ano,C_prop,identidade,False,3591,133,27,2013-12-01,2024-12-01,-16297.345198347695,-15288.996881288844,4,1.17604262491142,0.0236138424269438,0.1030520199792007,-0.1882126183519169,0.2354403032058045,0.8205492692759019,26,0.3862260586330338,0.0236138424269438,0.050226318698929,-0.0757387804255199,0.1229664652794076,0.639024568922432,132,0.6244834553822034,0.9606430469571534,0.6866241042365044,0.8763765516650496,0.8564344530955933,1.0,0.5484867104847817
Total,tipo_vendavais_e_ciclones,Tipologia | Vendavais e Ciclones,Tipologia,Principal,DLM irrestrito,5,1,,5,UF + mês-ano,C_prop,identidade,False,3591,133,27,2013-12-01,2024-12-01,-16296.36154009105,-15281.827037037972,5,1.1842629430989535,-0.0319309412203406,0.1216903229270944,-0.2820689823949411,0.2182070999542598,0.7950847742105699,26,0.0116731708563245,-0.0319309412203406,0.0537720615438055,-0.1382973938880154,0.0744355114473341,0.5536485788642299,132,0.0002081722557456,0.9677971230638593,0.0350195125689735,0.9510350586259051,0.00071236865674816,1.0,0.0350289269277141
Total,tipo_vendavais_e_ciclones,Tipologia | Vendavais e Ciclones,Tipologia,Principal,DLM irrestrito,6,1,,6,UF + mês-ano,C_prop,identidade,False,3591,133,27,2013-12-01,2024-12-01,-16294.379986874135,-15273.659297826833,6,1.1920356884103525,-0.0394537396723997,0.1516361914144031,-0.3511463950883911,0.2722389157435916,0.7967691426793088,26,0.0154796602628536,-0.0394537396723997,0.054622583504989,-0.1475026088465227,0.0685951295017232,0.4713894562771046,132,0.0001345839041361,0.9448706331360872,0.035382080600808226,0.7878044516120394,0.0003400342415466947,1.0,0.043965898971418504
Total,tipo_vendavais_e_ciclones,Tipologia | Vendavais e Ciclones,Tipologia,Principal,DLM irrestrito,7,1,,7,UF + mês-ano,C_prop,identidade,False,3591,133,27,2013-12-01,2024-12-01,-16293.20518430131,-15266.29830925978,7,1.1964458449842073,-0.0905505569925218,0.1702883798551587,-0.4405833348436007,0.2594822208585571,0.5994148272370122,26,0.0247846335513668,-0.0905505569925218,0.0573841384513108,-0.2040620548078738,0.0229609408228302,0.1169655772769406,132,0.0001746906213727,0.8759969319555211,0.04406157075798542,0.5750623408985371,0.0003493812427454,0.9857021087578729,0.06572720499809981
Total,tipo_vendavais_e_ciclones,Tipologia | Vendavais e Ciclones,Tipologia,Principal,DLM irrestrito,8,1,,8,UF + mês-ano,C_prop,identidade,False,3591,133,27,2013-12-01,2024-12-01,-16292.039415988038,-15258.946354952282,8,1.2001248185153224,-0.0379256254702369,0.1948411852585253,-0.4384274176292055,0.3625761666887317,0.8471807908991509,26,0.0150421369275158,-0.0379256254702369,0.0680089948501097,-0.1724541394236631,0.0966028884831892,0.578023788275205,132,0.0003273509236953,1.0,0.02674157676002809,0.9567290288693048,0.0006043401668220924,1.0,0.04323488458208134
Total,tipo_vendavais_e_ciclones,Tipologia | Vendavais e Ciclones,Tipologia,Principal,DLM irrestrito,9,1,,9,UF + mês-ano,C_prop,identidade,False,3591,133,27,2013-12-01,2024-12-01,-16291.192458802156,-15251.913211772177,9,1.2033660097440486,-0.1006716932064637,0.2156336619656725,-0.5439130333392698,0.3425696469263422,0.6444855297055155,26,0.008487942529924,-0.1006716932064637,0.0793029629550575,-0.2575407923890153,0.0561974059760877,0.2065117415783567,132,4.812725033501539e-06,0.9374334977534772,0.01404900832539145,0.7093642912019091,1.2833933422670772e-05,0.994704354529413,0.0280980166507829
Total,tipo_vendavais_e_ciclones,Tipologia | Vendavais e Ciclones,Tipologia,Principal,DLM irrestrito,10,1,,10,UF + mês-ano,C_prop,identidade,False,3591,133,27,2013-12-01,2024-12-01,-16289.366081512668,-15243.90064848846,10,1.2060691917891249,-0.0761466383127286,0.2201096364866603,-0.5285884758400407,0.3762951992145832,0.7321650430621873,26,0.0098096277348702,-0.0761466383127286,0.1031068480177541,-0.2801021749710956,0.1278088983456382,0.4615085957243978,132,4.851576922560408e-06,0.857168830902073,0.015189101008831278,0.8455830012552736,1.1643784614144979e-05,1.0,0.03139080875158464
Total,tipo_vendavais_e_ciclones,Tipologia | Vendavais e Ciclones,Tipologia,Com contemporâneo,DLM irrestrito,10,0,,11,UF + mês-ano,C_prop,identidade,False,3591,133,27,2013-12-01,2024-12-01,-16288.51057709632,-15236.858958077886,11,1.2117063225508495,-0.004524789584398,0.1834825471643558,-0.3816785667579109,0.3726289875891149,0.980513982039787,26,0.0075476217792884,-0.004524789584398,0.1294689103860635,-0.2606270912842492,0.2515775121154532,0.9721733218224384,132,3.9525698123876645e-08,1.0,0.01065546604134833,1.0,1.3551667928186277e-07,,
Total,tipo_vendavais_e_ciclones,Tipologia | Vendavais e Ciclones,Tipologia,Delta X,DLM irrestrito,10,1,,10,UF + mês-ano,C_prop,primeira diferença,False,3591,133,27,2013-12-01,2024-12-01,-16290.6103763768,-15245.144943352592,10,6.937007876822505,-0.1972470103310201,0.3588814531001321,-0.9349384021612732,0.5404443814992331,0.5872731890668444,26,0.0003827081339037,-0.1972470103310201,0.2504301539950651,-0.69262260793154,0.2981285872694997,0.4323235442121643,132,1.8709476448291777e-12,0.8970292255860751,0.0009184995213688801,0.8565341059194355,8.164135177436413e-12,,
Total,analitica_Clima/hidrometeorologia,Clima/hidrometeorologia,Analítica,Principal,DLM irrestrito,1,1,,1,UF + mês-ano,C_prop,identidade,False,3591,133,27,2013-12-01,2024-12-01,-16306.093497984051,-15316.30373890788,1,1.0,0.0253812963698843,0.0092329067749243,0.0064027846897821,0.0443598080499865,0.0107253076904206,26,0.0107253076904206,0.0253812963698843,0.011967654151903,0.0017080935514563,0.0490544991883123,0.0358066971792551,132,0.0358066971792551,0.12249335107299167,0.12249335107299167,0.36322848882957176,0.36322848882957176,0.19515785115717452,0.033869392706591374
Total,analitica_Clima/hidrometeorologia,Clima/hidrometeorologia,Analítica,Principal,DLM irrestrito,2,1,,2,UF + mês-ano,C_prop,identidade,False,3591,133,27,2013-12-01,2024-12-01,-16305.412528376435,-15309.436583306038,2,1.110718303013711,0.0403416423494144,0.0172821400308309,0.004817694753293,0.0758655899455358,0.0275774308450524,26,0.0368369962153391,0.0403416423494144,0.0125017788479808,0.0156118880882318,0.065071396610597,0.0015784194060102,132,0.0061319676740953,0.400860926224256,0.2613120013172324,0.037882065744244804,0.05886688967131488,0.36324308551653794,0.0846065508765384
Total,analitica_Clima/hidrometeorologia,Clima/hidrometeorologia,Analítica,Principal,DLM irrestrito,3,1,,3,UF + mês-ano,C_prop,identidade,False,3591,133,27,2013-12-01,2024-12-01,-16303.779622385004,-15301.61749132038,3,1.1681082752472665,0.0487941725973932,0.0324929739441703,-0.0179960918939047,0.1155844370886911,0.1452272941981781,26,0.0288129339923762,0.0487941725973932,0.0182195832202652,0.0127540361290462,0.0848343090657401,0.0083447690713778,132,0.0166296560379767,0.9196009668741043,0.1647048858084992,0.1335163051420448,0.08869149886920907,0.7442792516394832,0.0721956266965052
Total,analitica_Clima/hidrometeorologia,Clima/hidrometeorologia,Analítica,Principal,DLM irrestrito,4,1,,4,UF + mês-ano,C_prop,identidade,False,3591,133,27,2013-12-01,2024-12-01,-16301.877334831375,-15293.529017772526,4,1.194644932351302,0.053318323844661,0.0397999055419779,-0.0284915536520802,0.1351282013414022,0.191948830182074,26,0.0290286582342198,0.053318323844661,0.0229441010905324,0.0079326240484885,0.0987040236408334,0.0216620153984368,132,0.0374097791778082,0.9267836778411358,0.19905365646322146,0.20795534782499328,0.1598162709387048,0.8130759684796375,0.0721956266965052
Total,analitica_Clima/hidrometeorologia,Clima/hidrometeorologia,Analítica,Principal,DLM irrestrito,5,1,,5,UF + mês-ano,C_prop,identidade,False,3591,133,27,2013-12-01,2024-12-01,-16301.196301819537,-15286.661798766458,5,1.2354823937110584,0.0359860881477546,0.0412039166207759,-0.0487097754536367,0.120681951749146,0.3904590630647589,26,0.0183677480336242,0.0359860881477546,0.0254677029302549,-0.0143915455250504,0.0863637218205597,0.1600067934993136,132,0.0055315530027031,0.9675522807409572,0.05186187680082127,0.819050850823609,0.012068842914988581,0.9634483511351457,0.051288382016256275
Total,analitica_Clima/hidrometeorologia,Clima/hidrometeorologia,Analítica,Principal,DLM irrestrito,6,1,,6,UF + mês-ano,C_prop,identidade,False,3591,133,27,2013-12-01,2024-12-01,-16301.734999061093,-15281.014310013788,6,1.2586736708341997,0.0114415439168261,0.0463781561051693,-0.0838901212673241,0.1067732091009764,0.8070769991370744,26,0.0104454127739062,0.0114415439168261,0.032750441451525,-0.0533420663909396,0.0762251542245918,0.7273792102297854,132,0.0095937211341698,0.9448706331360872,0.02638841121828935,0.9069012439268598,0.01705550423852409,1.0,0.03320396113559587
Total,analitica_Clima/hidrometeorologia,Clima/hidrometeorologia,Analítica,Principal,DLM irrestrito,7,1,,7,UF + mês-ano,C_prop,identidade,False,3591,133,27,2013-12-01,2024-12-01,-16301.433573409517,-15274.526698367985,7,1.277527313418087,-0.0073944063530427,0.0506184440413021,-0.1114421082182363,0.0966532955121507,0.8849839539191767,26,0.0112770038956469,-0.0073944063530427,0.0444723321953468,-0.0953650751663235,0.0805762624602379,0.8681990324748153,132,1.5141115351358386e-05,1.0,0.02436794916710546,1.0,4.0376307603622364e-05,1.0,0.03492233464458394
Total,analitica_Clima/hidrometeorologia,Clima/hidrometeorologia,Analítica,Principal,DLM irrestrito,8,1,,8,UF + mês-ano,C_prop,identidade,False,3591,133,27,2013-12-01,2024-12-01,-16299.839637569068,-15266.746576533313,8,1.2908741178425651,0.0025717512490725,0.0528278595804528,-0.1060174692990402,0.1111609717971853,0.9615449817334356,26,0.0041861729211813,0.0025717512490725,0.0508400759237655,-0.0979949440590629,0.103138446557208,0.959732587385811,132,1.1691007210635149e-05,1.0,0.009568395248414399,1.0,2.953517611107827e-05,1.0,0.016204540340056642
Total,analitica_Clima/hidrometeorologia,Clima/hidrometeorologia,Analítica,Principal,DLM irrestrito,9,1,,9,UF + mês-ano,C_prop,identidade,False,3591,133,27,2013-12-01,2024-12-01,-16297.90748809988,-15258.6282410699,9,1.307403982015239,0.006675700240125,0.0567955696922707,-0.1100692652468303,0.1234206657270804,0.9073361693895892,26,0.0061585828621335,0.006675700240125,0.0559011012408811,-0.1039022033867455,0.1172536038669956,0.9051243067037724,132,2.165367947736774e-05,0.9898212756977337,0.011369691437784924,0.9874083345859336,4.724439158698416e-05,1.0,0.02157751659725606
Total,analitica_Clima/hidrometeorologia,Clima/hidrometeorologia,Analítica,Principal,DLM irrestrito,10,1,,10,UF + mês-ano,C_prop,identidade,False,3591,133,27,2013-12-01,2024-12-01,-16297.36262626728,-15251.897193243072,10,1.3281403744914957,0.0255066180780726,0.057336511605878,-0.0923502694368984,0.1433635055930437,0.660103681599865,26,0.0050145515711804,0.0255066180780726,0.0557166973936273,-0.0847065165120988,0.1357197526682441,0.647855071043764,132,2.952012141829273e-05,0.857168830902073,0.009216670029144534,0.9047350340702046,5.667863312312204e-05,0.9995866424046339,0.018515267339743017
Total,analitica_Clima/hidrometeorologia,Clima/hidrometeorologia,Analítica,Com contemporâneo,DLM irrestrito,10,0,,11,UF + mês-ano,C_prop,identidade,False,3591,133,27,2013-12-01,2024-12-01,-16299.180705219453,-15247.52908620102,11,1.345912535039759,0.0546072062959235,0.0635058237950377,-0.0759308840400437,0.1851452966318907,0.3977163339430657,26,8.373045993132176e-05,0.0546072062959235,0.060007009625437,-0.0640925899514835,0.1733070025433306,0.3644739265985587,132,4.787315485882391e-06,0.9085724513736548,0.00021152958298439181,0.9045893710465074,8.838120897013645e-06,,
Total,analitica_Clima/hidrometeorologia,Clima/hidrometeorologia,Analítica,Delta X,DLM irrestrito,10,1,,10,UF + mês-ano,C_prop,primeira diferença,False,3591,133,27,2013-12-01,2024-12-01,-16297.07063867536,-15251.60520565115,10,6.123369871121681,0.1072648345596148,0.1560675309965547,-0.2135365698201125,0.4280662389393422,0.4979807397737993,26,0.0028435953257926,0.1072648345596148,0.0830508805205915,-0.0570180160189464,0.2715476851381762,0.1987680466242052,132,0.000107082830338,0.8970292255860751,0.005055280579186844,0.5612274257624617,0.0001713325285408,,
Total,analitica_Natural não diretamente climático,Natural não diretamente climático,Analítica,Principal,DLM irrestrito,1,1,,1,UF + mês-ano,C_prop,identidade,False,3591,133,27,2013-12-01,2024-12-01,-16303.084569182396,-15313.294810106225,1,1.0,-0.0013328529930025,0.0216353349006519,-0.0458049207961901,0.0431392148101851,0.951348232291055,26,0.951348232291055,-0.0013328529930025,0.0288167397570594,-0.0583352125344708,0.0556695065484658,0.9631787141735678,132,0.9631787141735678,1.0,1.0,1.0,1.0,1.0,1.0
Total,analitica_Natural não diretamente climático,Natural não diretamente climático,Analítica,Principal,DLM irrestrito,2,1,,2,UF + mês-ano,C_prop,identidade,False,3591,133,27,2013-12-01,2024-12-01,-16301.208376599485,-15305.232431529084,2,1.424820334064157,0.009179581830814,0.0321737097095434,-0.0569544256275025,0.0753135892891306,0.7776648302495932,26,0.7797426460156637,0.009179581830814,0.0356407073509531,-0.0613212601054631,0.0796804237670913,0.7971484277519234,132,0.6262452609386253,0.9755417058797301,0.9128694392378502,0.9560150376650706,0.7399036764350175,1.0,0.899413406564225
Total,analitica_Natural não diretamente climático,Natural não diretamente climático,Analítica,Principal,DLM irrestrito,3,1,,3,UF + mês-ano,C_prop,identidade,False,3591,133,27,2013-12-01,2024-12-01,-16299.602740187123,-15297.4406091225,3,1.627004661562599,0.0270383449580017,0.0442396493678322,-0.063897556672816,0.1179742465888196,0.5463879705010901,26,0.7776224602113714,0.0270383449580017,0.0444602263860629,-0.060908377367954,0.1149850672839576,0.5441350817045654,132,0.793316662134079,0.9751028205188853,0.8713896667831633,0.8970923365329809,0.8654363586917226,0.9806051733159493,0.899413406564225
Total,analitica_Natural não diretamente climático,Natural não diretamente climático,Analítica,Principal,DLM irrestrito,4,1,,4,UF + mês-ano,C_prop,identidade,False,3591,133,27,2013-12-01,2024-12-01,-16297.925016584046,-15289.576699525194,4,1.7005631414117748,0.0449062766872485,0.0588508355523504,-0.0760633482793383,0.1658759016538354,0.4523004074212912,26,0.9207706625020758,0.0449062766872485,0.0499135369576686,-0.053827632965053,0.1436401863395501,0.3699282236173095,132,0.8682160816766518,0.9267836778411358,0.9608041695673835,0.7888785006401584,0.9260971537884285,0.9806051733159493,0.9888608396462758
Total,analitica_Natural não diretamente climático,Natural não diretamente climático,Analítica,Principal,DLM irrestrito,5,1,,5,UF + mês-ano,C_prop,identidade,False,3591,133,27,2013-12-01,2024-12-01,-16296.329403546868,-15281.794900493793,5,1.7764383204860936,0.0250834475614551,0.048389531062345,-0.0743826580593188,0.1245495531822292,0.6085871910135364,26,0.8400223725615997,0.0250834475614551,0.0447099668207062,-0.0633572860290501,0.1135241811519604,0.5757310441008652,132,0.7895208070277053,0.9677971230638593,0.8960238640657063,0.9510350586259051,0.8867323028739309,0.9857021087578729,0.946504081759549
Total,analitica_Natural não diretamente climático,Natural não diretamente climático,Analítica,Principal,DLM irrestrito,6,1,,6,UF + mês-ano,C_prop,identidade,False,3591,133,27,2013-12-01,2024-12-01,-16294.35192774783,-15273.631238700526,6,1.8324996068234407,0.0203681314023885,0.0506339249810069,-0.0837113919901059,0.124447654794883,0.6907788632619336,26,0.918283274733556,0.0203681314023885,0.0466496920166769,-0.0719095703519174,0.1126458331566945,0.6631011991264514,132,0.8660791267020421,0.9448706331360872,0.979502159715793,0.8841349321686018,0.9448135927658642,0.9995866424046339,0.9888608396462758
Total,analitica_Natural não diretamente climático,Natural não diretamente climático,Analítica,Principal,DLM irrestrito,7,1,,7,UF + mês-ano,C_prop,identidade,False,3591,133,27,2013-12-01,2024-12-01,-16292.36296455452,-15265.456089512987,7,1.8673729048536376,0.0238902989640284,0.0507175703743713,-0.0803611599969334,0.1281417579249904,0.6415363694858844,26,0.9566421871047875,0.0238902989640284,0.0470085838093788,-0.0690973262297972,0.1168779241578541,0.6121533408949736,132,0.916307119482478,0.8759969319555211,0.9982353256745609,0.890404859483598,0.9965461488692149,0.994704354529413,1.0
Total,analitica_Natural não diretamente climático,Natural não diretamente climático,Analítica,Principal,DLM irrestrito,8,1,,8,UF + mês-ano,C_prop,identidade,False,3591,133,27,2013-12-01,2024-12-01,-16290.381488403698,-15257.288427367945,8,1.947786167870452,0.0194363255794854,0.0539748425857061,-0.0915105523015487,0.1303832034605195,0.7216813499196439,26,0.9710416814123248,0.0194363255794854,0.0509147838627658,-0.0812781494162691,0.1201508005752399,0.7032663655137442,132,0.9544704036864804,1.0,1.0,1.0,1.0,0.9995866424046339,1.0
Total,analitica_Natural não diretamente climático,Natural não diretamente climático,Analítica,Principal,DLM irrestrito,9,1,,9,UF + mês-ano,C_prop,identidade,False,3591,133,27,2013-12-01,2024-12-01,-16288.738769762467,-15249.459522732486,9,1.97777674335392,-0.0003978230428996,0.0496616267785684,-0.1024787588571424,0.101683112771343,0.9936696262700552,26,0.9381766506035616,-0.0003978230428996,0.0528525161128507,-0.1049453239585062,0.1041496778727068,0.9940057109995656,132,0.941509374254192,1.0,0.9789669397602382,1.0,0.9824445644391568,1.0,0.9985028653873826
Total,analitica_Natural não diretamente climático,Natural não diretamente climático,Analítica,Principal,DLM irrestrito,10,1,,10,UF + mês-ano,C_prop,identidade,False,3591,133,27,2013-12-01,2024-12-01,-16288.084250886386,-15242.618817862178,10,1.9892763818535928,-0.0395674907359512,0.0553106518720969,-0.153260163929574,0.0741251824576715,0.4807567563384169,26,0.813684862267153,-0.0395674907359512,0.0724620258442833,-0.1829045401420045,0.103769558670102,0.5859570349065577,132,0.9719471514434124,0.857168830902073,0.8490624649744205,0.9047350340702046,1.0,0.9806051733159493,0.9216252043980083
Total,analitica_Natural não diretamente climático,Natural não diretamente climático,Analítica,Com contemporâneo,DLM irrestrito,10,0,,11,UF + mês-ano,C_prop,identidade,False,3591,133,27,2013-12-01,2024-12-01,-16288.84352510834,-15237.191906089904,11,2.001781921046216,0.015815777991013,0.0460296528692426,-0.0787995285322275,0.1104310845142537,0.7339104164114404,26,0.0025074616971014,0.015815777991013,0.0700655001782444,-0.1227807067704071,0.1544122627524332,0.8217617402821749,132,0.2871122814013137,0.9538948661305524,0.004003013842344464,0.9998568045463363,0.3132133978923422,,
Total,analitica_Natural não diretamente climático,Natural não diretamente climático,Analítica,Delta X,DLM irrestrito,10,1,,10,UF + mês-ano,C_prop,primeira diferença,False,3591,133,27,2013-12-01,2024-12-01,-16288.66099421903,-15243.19556119482,10,4.202473702729913,0.1824539492964519,0.4131210908096109,-0.6667286145869593,1.031636513179863,0.6623956645992529,26,0.0178419114332646,0.1824539492964519,0.3692768521689715,-0.5480121643283791,0.9129200629212828,0.6220677431447347,132,0.1925982075698986,0.8970292255860751,0.023146263480991913,0.8565341059194355,0.21499334798500308,,
Total,analitica_Tecnológico/antrópico,Tecnológico/antrópico,Analítica,Principal,DLM irrestrito,1,1,,1,UF + mês-ano,C_prop,identidade,False,3591,133,27,2013-12-01,2024-12-01,-16303.154726899153,-15313.36496782298,1,1.0,-0.0253904039571528,0.0314112825273556,-0.0899572198976608,0.0391764119833552,0.426240321504059,26,0.426240321504059,-0.0253904039571528,0.0237977182316505,-0.0724646428316175,0.0216838349173118,0.2879527410903554,132,0.2879527410903554,0.8818788553910456,0.8818788553910458,0.6923475785705405,0.6923475785705405,0.9713385705243263,0.5845581552055666
Total,analitica_Tecnológico/antrópico,Tecnológico/antrópico,Analítica,Principal,DLM irrestrito,2,1,,2,UF + mês-ano,C_prop,identidade,False,3591,133,27,2013-12-01,2024-12-01,-16301.185064415107,-15305.20911934471,2,1.0019476060008747,-0.0088405285246186,0.0415773946171992,-0.0943040871423434,0.0766230300931061,0.8332752071056028,26,0.7147210292460695,-0.0088405285246186,0.0301481305669569,-0.0684765106852936,0.0507954536360563,0.7698019865199578,132,0.5621759935547012,0.9755417058797301,0.8910284057609713,0.9537517536921045,0.7399036764350175,1.0,0.8515130433817709
Total,analitica_Tecnológico/antrópico,Tecnológico/antrópico,Analítica,Principal,DLM irrestrito,3,1,,3,UF + mês-ano,C_prop,identidade,False,3591,133,27,2013-12-01,2024-12-01,-16299.59255996756,-15297.430428902935,3,1.0028611339258051,0.0519128691322495,0.0607055572701952,-0.0728691909258576,0.1766949291903567,0.4002753457511805,26,0.2921056009981018,0.0519128691322495,0.0636848866915103,-0.0740621314802965,0.1778878697447956,0.4164535961893145,132,0.3654707118517445,0.9751028205188853,0.5608427539163554,0.8970923365329809,0.5770606977526287,0.9634483511351457,0.44301034397265554
Total,analitica_Tecnológico/antrópico,Tecnológico/antrópico,Analítica,Principal,DLM irrestrito,4,1,,4,UF + mês-ano,C_prop,identidade,False,3591,133,27,2013-12-01,2024-12-01,-16297.596319924378,-15289.248002865526,4,1.0039701209033542,0.0577613271595332,0.0825489519758329,-0.1119204737559081,0.2274431280749746,0.490314539682774,26,0.3026389046711555,0.0577613271595332,0.0840311028071213,-0.108460499988841,0.2239831543079075,0.493049062900099,132,0.4251362528404165,0.9267836778411358,0.605277809342311,0.7888785006401584,0.7244140319838835,0.9806051733159493,0.45254415651761576
Total,analitica_Tecnológico/antrópico,Tecnológico/antrópico,Analítica,Principal,DLM irrestrito,5,1,,5,UF + mês-ano,C_prop,identidade,False,3591,133,27,2013-12-01,2024-12-01,-16295.596512932396,-15281.06200987932,5,1.005586731300098,0.0564314684995436,0.1019300887859524,-0.1530888296834634,0.2659517666825506,0.5845628362809949,26,0.4050136789688641,0.0564314684995436,0.101490928658991,-0.1443276199466111,0.2571905569456983,0.5791352162693261,132,0.5050378620028051,0.9675522807409572,0.5593076705230426,0.9510350586259051,0.6551842534090444,0.9857021087578729,0.5684402511843706
Total,analitica_Tecnológico/antrópico,Tecnológico/antrópico,Analítica,Principal,DLM irrestrito,6,1,,6,UF + mês-ano,C_prop,identidade,False,3591,133,27,2013-12-01,2024-12-01,-16294.113625763428,-15273.392936716124,6,1.012277384594623,-0.0131673166563394,0.1021691207400463,-0.2231789520577628,0.196844318745084,0.8984462403430638,26,0.4760016382829812,-0.0131673166563394,0.0949520608899686,-0.2009918783410959,0.174657245028417,0.8899196457492918,132,0.3156780343215489,0.9945773907478419,0.5313506659903046,0.9708214317265003,0.36793955691483815,1.0,0.634668851043975
Total,analitica_Tecnológico/antrópico,Tecnológico/antrópico,Analítica,Principal,DLM irrestrito,7,1,,7,UF + mês-ano,C_prop,identidade,False,3591,133,27,2013-12-01,2024-12-01,-16292.310673247392,-15265.403798205863,7,1.0160692121560122,-0.0563684754044931,0.1179342244912342,-0.2987857456697425,0.1860487948607561,0.6366690555803666,26,0.4529692257933675,-0.0563684754044931,0.105896563687405,-0.265842345398294,0.1531053945893076,0.5954148133574572,132,0.3724797193246523,0.8759969319555211,0.513353978075522,0.890404859483598,0.4256911077996026,0.9922115151901816,0.609034253167553
Total,analitica_Tecnológico/antrópico,Tecnológico/antrópico,Analítica,Principal,DLM irrestrito,8,1,,8,UF + mês-ano,C_prop,identidade,False,3591,133,27,2013-12-01,2024-12-01,-16290.348571892677,-15257.25551085692,8,1.019740824341043,-0.0373211480461814,0.1550353168308674,-0.3560008058213544,0.2813585097289916,0.8116550372527043,26,0.5043322664027954,-0.0373211480461814,0.1268051076417924,-0.2881541846224756,0.2135118885301128,0.7689765099776844,132,0.4851003680205359,1.0,0.5763797330317662,1.0,0.5415073875578075,1.0,0.6668856415243576
Total,analitica_Tecnológico/antrópico,Tecnológico/antrópico,Analítica,Principal,DLM irrestrito,9,1,,9,UF + mês-ano,C_prop,identidade,False,3591,133,27,2013-12-01,2024-12-01,-16288.421543555609,-15249.142296525624,9,1.0232794510014411,-0.0639054782392213,0.1795011189315911,-0.4328753124724424,0.3050643559939998,0.7247003157433596,26,0.2557802902953796,-0.0639054782392213,0.1193917755707016,-0.3000742112308918,0.1722632547524492,0.593371641061569,132,0.298013374023268,0.9638372254592756,0.3069363483544555,0.8760418292016429,0.3326660919329503,0.9995866424046339,0.4078888350225322
Total,analitica_Tecnológico/antrópico,Tecnológico/antrópico,Analítica,Principal,DLM irrestrito,10,1,,10,UF + mês-ano,C_prop,identidade,False,3591,133,27,2013-12-01,2024-12-01,-16286.770074252165,-15241.304641227956,10,1.0271955790841387,-0.1224501649123827,0.1988573653235252,-0.5312073334258494,0.2863070036010839,0.5434005141336867,26,0.2861016635521041,-0.1224501649123827,0.12032564241459,-0.3604661788264602,0.1155658490016948,0.3107028632846809,132,0.1702703827202841,0.857168830902073,0.33494828903660967,0.8455830012552736,0.1993409358676497,0.9806051733159493,0.4401564054647755
Total,analitica_Tecnológico/antrópico,Tecnológico/antrópico,Analítica,Com contemporâneo,DLM irrestrito,10,0,,11,UF + mês-ano,C_prop,identidade,False,3591,133,27,2013-12-01,2024-12-01,-16284.77039053278,-15233.118771514346,11,1.0310352191986043,-0.1206810013121805,0.2170850898637766,-0.566905794217607,0.3255437915932459,0.5830213363980411,26,0.2952891752711096,-0.1206810013121805,0.1328713222747486,-0.3835136100287888,0.1421516074044277,0.3653989128885567,132,0.0759859203825951,0.9538948661305524,0.3221336457503014,0.9045893710465074,0.0935211327785786,,
Total,analitica_Tecnológico/antrópico,Tecnológico/antrópico,Analítica,Delta X,DLM irrestrito,10,1,,10,UF + mês-ano,C_prop,primeira diferença,False,3591,133,27,2013-12-01,2024-12-01,-16286.627174890224,-15241.161741866015,10,6.86630386870722,0.4205516263203834,0.6452582270797597,-0.9057956549685708,1.7468989076093375,0.520278143777896,26,0.0267569257178634,0.4205516263203834,0.5667504808350062,-0.7005368434792865,1.5416400961200534,0.4593813082847531,132,0.0651536830127168,0.8970292255860751,0.033798221959406405,0.8565341059194355,0.08687157735028907,,
Pré,total_desastres,Total de desastres,Total,Principal,DLM irrestrito,1,1,,1,UF + mês-ano,C_prop,identidade,False,1998,74,27,2013-12-01,2020-01-01,-8364.320623238307,-7798.730525358249,1,1.0,0.002060497322921,0.0121579780396543,-0.0229305844519619,0.027051579097804,0.8667332153941184,26,0.8667332153941184,0.002060497322921,0.0207943293566855,-0.0393825413197602,0.0435035359656022,0.9213389020574652,73,0.9213389020574652,1.0,1.0,1.0,1.0,1.0,0.9565208742273887
Pré,total_desastres,Total de desastres,Total,Principal,DLM irrestrito,2,1,,2,UF + mês-ano,C_prop,identidade,False,1998,74,27,2013-12-01,2020-01-01,-8363.333618530745,-7792.143618691478,2,1.0462518634291498,0.0284326593493171,0.0264853966786932,-0.0260088532178711,0.0828741719165053,0.2928997774947562,26,0.5415546860686818,0.0284326593493171,0.0184635122029569,-0.0083650674050084,0.0652303861036426,0.1278992946519504,73,0.2974595514626615,0.8455513872328557,0.8801776813927249,0.4930783839731311,0.5288169803780649,0.9448692513882324,0.7051338803549569
Pré,total_desastres,Total de desastres,Total,Principal,DLM irrestrito,3,1,,3,UF + mês-ano,C_prop,identidade,False,1998,74,27,2013-12-01,2020-01-01,-8361.544848032501,-7784.754946234026,3,1.0763406324780231,0.0411762084047891,0.0469113161782822,-0.0552513830051536,0.1376037998147319,0.3881208992039698,26,0.7314228744351571,0.0411762084047891,0.0298162795706057,-0.0182475510841564,0.1005999678937347,0.1714929067471504,73,0.4663345531402566,0.9751028205188853,0.8713896667831633,0.8970923365329809,0.6713370252244651,0.9634483511351457,0.8690172765566223
Pré,total_desastres,Total de desastres,Total,Principal,DLM irrestrito,4,1,,4,UF + mês-ano,C_prop,identidade,False,1998,74,27,2013-12-01,2020-01-01,-8359.970086436355,-7777.580282678671,4,1.09880561578203,0.0596045689297422,0.0546221348341449,-0.052672837223363,0.1718819750828476,0.2851871820100803,26,0.7763747572000563,0.0596045689297422,0.0358044449692268,-0.0117535869880082,0.1309627248474927,0.1002543068768953,73,0.3751192404450212,0.9267836778411358,0.9177272985365574,0.5346896366767749,0.6668786496800377,0.9448692513882324,0.899413406564225
Pré,total_desastres,Total de desastres,Total,Principal,DLM irrestrito,5,1,,5,UF + mês-ano,C_prop,identidade,False,1998,74,27,2013-12-01,2020-01-01,-8359.741527530196,-7771.751821813303,5,1.1334335508420257,0.0193584549778497,0.0523627714924002,-0.0882747633137088,0.1269916732694083,0.7146011495853503,26,0.4326638161717641,0.0193584549778497,0.0469264363201318,-0.0741657977364262,0.1128827076921257,0.6811617215957149,73,0.0011265270940268,0.9677971230638593,0.5593076705230426,0.958342043278112,0.003180782383134494,0.9995866424046339,0.5916770135682244
Pré,total_desastres,Total de desastres,Total,Principal,DLM irrestrito,6,1,,6,UF + mês-ano,C_prop,identidade,False,1998,74,27,2013-12-01,2020-01-01,-8361.847605406718,-7768.257997730617,6,1.1470065976913513,-0.0436599255840618,0.0420137118313357,-0.1300203470800309,0.0427004959119071,0.308287753011119,26,0.2948662540333641,-0.0436599255840618,0.0530864686796268,-0.1494611050861999,0.0621412539180761,0.413510334237449,73,6.422714733062108e-06,0.7363604935907562,0.3629123126564481,0.7683321136092025,2.5690858932248433e-05,0.9502237447047982,0.4450811381635684
Pré,total_desastres,Total de desastres,Total,Principal,DLM irrestrito,7,1,,7,UF + mês-ano,C_prop,identidade,False,1998,74,27,2013-12-01,2020-01-01,-8361.531685527576,-7762.342175892267,7,1.1733087569950034,-0.0802568552368742,0.0507707581023064,-0.1846176431383813,0.0241039326646328,0.1260210144499048,26,0.1092327757500517,-0.0802568552368742,0.0659614836394688,-0.2117179025497662,0.0512041920760177,0.2276288432723376,73,3.814219589013568e-06,0.46969254382612935,0.14170738475682382,0.5750623408985371,1.1442658767040704e-05,0.7201200825708846,0.21141827564526133
Pré,total_desastres,Total de desastres,Total,Principal,DLM irrestrito,8,1,,8,UF + mês-ano,C_prop,identidade,False,1998,74,27,2013-12-01,2020-01-01,-8359.572513820684,-7754.783102226165,8,1.227214757751838,-0.086594185057986,0.049451327407723,-0.1882428443245279,0.0150544742085559,0.0917202156041541,26,0.0798468702574058,-0.086594185057986,0.0647277328802963,-0.2155963706537829,0.0424080005378108,0.1851073285255493,73,3.990392514330336e-06,0.40023366809085426,0.1008592045356705,0.6286280070036051,1.0641046704880896e-05,0.6030918286300544,0.16378845181006318
Pré,total_desastres,Total de desastres,Total,Principal,DLM irrestrito,9,1,,9,UF + mês-ano,C_prop,identidade,False,1998,74,27,2013-12-01,2020-01-01,-8357.574747061419,-7747.185433507692,9,1.252425986250635,-0.0881537006713839,0.0515477618898349,-0.1941116427320928,0.0178042413893249,0.0991501246701963,26,0.0692811390801833,-0.0881537006713839,0.0724616229713175,-0.2325695069905342,0.0562621056477662,0.2276916223126168,73,8.381420084358571e-06,0.5288006649077136,0.08987823448239994,0.7093642912019091,2.0115408202460572e-05,0.626211313706503,0.1484595837432499
Pré,total_desastres,Total de desastres,Total,Principal,DLM irrestrito,10,1,,10,UF + mês-ano,C_prop,identidade,False,1998,74,27,2013-12-01,2020-01-01,-8355.810348132027,-7739.821132619092,10,1.2932846206760724,-0.0710365113363457,0.046267410728881,-0.1661405361393419,0.0240675134666505,0.1367794581868332,26,0.0851759414030864,-0.0710365113363457,0.0748322926051857,-0.2201770554222295,0.0781040327495381,0.3456123329613238,73,7.830067201880423e-06,0.6565413992967993,0.10759066282495125,0.8455830012552736,1.7897296461440966e-05,0.7442792516394832,0.17250823575308638
Pré,total_desastres,Total de desastres,Total,Com contemporâneo,DLM irrestrito,10,0,,11,UF + mês-ano,C_prop,identidade,False,1998,74,27,2013-12-01,2020-01-01,-8353.999670617854,-7732.41055314571,11,1.3076388265460768,-0.0546001740463437,0.0528406486282812,-0.1632156828587599,0.0540153347660724,0.3109803386953383,26,0.099089467936142,-0.0546001740463437,0.0703547611520246,-0.1948170108149961,0.0856166627223087,0.4402152021308871,73,3.576016593914356e-06,0.9085724513736548,0.11890736152337039,0.9045893710465074,6.865951860315563e-06,,
Pré,total_desastres,Total de desastres,Total,Delta X,DLM irrestrito,10,1,,10,UF + mês-ano,C_prop,primeira diferença,False,1998,74,27,2013-12-01,2020-01-01,-8355.458914312741,-7739.469698799807,10,6.3996258167897055,0.2120913664638921,0.2513895794937705,-0.304647314753606,0.7288300476813904,0.4065460107901179,26,0.0746339972006152,0.2120913664638921,0.1187039404560509,-0.0244852456968177,0.4486679786246021,0.0781335621865498,73,2.502504471719145e-06,0.8970292255860751,0.08331236896812859,0.3125342487461992,5.4600097564781345e-06,,
Pré,grupo_climatologico,Grupo | Climatológico,Grupo,Principal,DLM irrestrito,1,1,,1,UF + mês-ano,C_prop,identidade,False,1998,74,27,2013-12-01,2020-01-01,-8364.401028871027,-7798.810930990969,1,1.0,-0.0098352055264847,0.0254857994350057,-0.0622220165324869,0.0425516054795173,0.7027036280910183,26,0.7027036280910183,-0.0098352055264847,0.0302845157802328,-0.0701921584354547,0.0505217473824852,0.7462914129720999,73,0.7462914129720999,1.0,1.0,1.0,1.0,0.9995866424046339,0.8432443537092219
Pré,grupo_climatologico,Grupo | Climatológico,Grupo,Principal,DLM irrestrito,2,1,,2,UF + mês-ano,C_prop,identidade,False,1998,74,27,2013-12-01,2020-01-01,-8364.302347995917,-7793.11234815665,2,1.0138033266346471,0.035799776175924,0.0270238853599155,-0.0197486157278925,0.0913481680797405,0.196781847716027,26,0.168356044887093,0.035799776175924,0.0236221140846942,-0.0112790293023139,0.0828785816541619,0.1339592272072377,73,0.2057143587962753,0.7061727566286308,0.45175440209123097,0.4930783839731311,0.5288169803780649,0.8212080096779278,0.2970989027419288
Pré,grupo_climatologico,Grupo | Climatológico,Grupo,Principal,DLM irrestrito,3,1,,3,UF + mês-ano,C_prop,identidade,False,1998,74,27,2013-12-01,2020-01-01,-8362.329703831178,-7785.539802032702,3,1.088349451467778,0.029860192434334,0.0280459002507652,-0.0277889811643555,0.0875093660330237,0.2968044764070876,26,0.3074036975410402,0.029860192434334,0.0302585746320774,-0.0304450598409198,0.090165444709588,0.3269836049910612,73,0.2179766978989287,0.9751028205188853,0.5675145185373051,0.8970923365329809,0.47558552268857174,0.9497743245026804,0.4582415367071407
Pré,grupo_climatologico,Grupo | Climatológico,Grupo,Principal,DLM irrestrito,4,1,,4,UF + mês-ano,C_prop,identidade,False,1998,74,27,2013-12-01,2020-01-01,-8360.411580127591,-7778.0217763699075,4,1.161151445998055,0.0412790299184227,0.0427335353185111,-0.0465610099460619,0.1291190697829074,0.3429622054705383,26,0.417607729864573,0.0412790299184227,0.0412451669352883,-0.0409224692404541,0.1234805290772996,0.3202193416670969,73,0.2274931830749634,0.9267836778411358,0.6912127942586036,0.7888785006401584,0.4549863661499268,0.9502237447047982,0.5793402032803325
Pré,grupo_climatologico,Grupo | Climatológico,Grupo,Principal,DLM irrestrito,5,1,,5,UF + mês-ano,C_prop,identidade,False,1998,74,27,2013-12-01,2020-01-01,-8359.217601452114,-7771.227895735221,5,1.2301820231285103,0.0018768485148909,0.0339968915721136,-0.0680047629339385,0.0717584599637204,0.9563960172227504,26,0.2636203243973002,0.0018768485148909,0.0661176734815394,-0.1298954847043409,0.1336491817341228,0.9774313628081472,73,0.0064786582756873,0.9979784527541743,0.46057193043192307,1.0,0.0135206781405648,1.0,0.4189991910950467
Pré,grupo_climatologico,Grupo | Climatológico,Grupo,Principal,DLM irrestrito,6,1,,6,UF + mês-ano,C_prop,identidade,False,1998,74,27,2013-12-01,2020-01-01,-8358.418264002708,-7764.828656326607,6,1.2803566251628111,-0.049072601652661,0.0373280414816662,-0.1258014898051083,0.0276562864997862,0.2001129532101406,26,0.031058397000114,-0.049072601652661,0.082255198879792,-0.2130069766095849,0.1148617733042628,0.552627060002059,73,3.347339582879272e-07,0.7245711282995293,0.05715346210835164,0.828367854524273,2.295318571117215e-06,0.8212080096779278,0.07516247932336667
Pré,grupo_climatologico,Grupo | Climatológico,Grupo,Principal,DLM irrestrito,7,1,,7,UF + mês-ano,C_prop,identidade,False,1998,74,27,2013-12-01,2020-01-01,-8357.062237311844,-7757.872727676535,7,1.360014585292288,-0.0810131328324856,0.0544593767533976,-0.1929559849592379,0.0309297192942667,0.1488880876667609,26,0.0221405117864514,-0.0810131328324856,0.0983875865825327,-0.2770993101147126,0.1150730444497414,0.4129579165749588,73,5.783145479195895e-07,0.46969254382612935,0.042509782629986684,0.6999427915795075,2.5235543909218452e-06,0.7444404383338045,0.06038321396304927
Pré,grupo_climatologico,Grupo | Climatológico,Grupo,Principal,DLM irrestrito,8,1,,8,UF + mês-ano,C_prop,identidade,False,1998,74,27,2013-12-01,2020-01-01,-8357.642318747387,-7752.852907152868,8,1.4169458213877062,-0.1533627449546248,0.0471936736984245,-0.2503707305594422,-0.0563547593498073,0.0031846793860044,26,0.0239015082660592,-0.1533627449546248,0.1187723605510305,-0.3900757181679822,0.0833502282587326,0.2006969183957119,73,2.7789746075063214e-08,0.0509548701760704,0.03824241322569472,0.6286280070036051,1.2126434650936676e-07,0.09907730023542,0.06409342998719786
Pré,grupo_climatologico,Grupo | Climatológico,Grupo,Principal,DLM irrestrito,9,1,,9,UF + mês-ano,C_prop,identidade,False,1998,74,27,2013-12-01,2020-01-01,-8355.713210377773,-7745.323896824047,9,1.4823199302597845,-0.1664351321896343,0.0613238136654172,-0.2924880364687496,-0.0403822279105191,0.0116422491140383,26,0.0235123468433472,-0.1664351321896343,0.1476924638101775,-0.4607857880789096,0.1279155236996408,0.2634740332114652,73,5.9469228284036175e-08,0.1397069893684596,0.036406214467118246,0.7439266820088428,2.595020870576124e-07,0.19515785115717452,0.06340408137531829
Pré,grupo_climatologico,Grupo | Climatológico,Grupo,Principal,DLM irrestrito,10,1,,10,UF + mês-ano,C_prop,identidade,False,1998,74,27,2013-12-01,2020-01-01,-8354.058761384289,-7738.069545871354,10,1.5741159904846982,-0.1349265777897088,0.062766545675362,-0.263945060187338,-0.0059080953920797,0.0410616138511247,26,0.0297217505779715,-0.1349265777897088,0.1643419200258034,-0.4624595520643556,0.1926063964849378,0.4143129514828303,73,1.476793898916347e-07,0.49273936621349645,0.040761257935503774,0.8455830012552736,5.907175595665388e-07,0.4193526520965927,0.07316123219192984
Pré,grupo_climatologico,Grupo | Climatológico,Grupo,Com contemporâneo,DLM irrestrito,10,0,,11,UF + mês-ano,C_prop,identidade,False,1998,74,27,2013-12-01,2020-01-01,-8352.54200034625,-7730.952882874106,11,1.6439990163590197,-0.1760451385570201,0.0810526097040854,-0.3426511638825988,-0.0094391132314415,0.0391635144683219,26,0.0465981690175426,-0.1760451385570201,0.1840733866945516,-0.5429028691920735,0.1908125920780331,0.3420340417370029,73,3.962450938006805e-07,0.4286921978455494,0.058860845074790655,0.9045893710465074,1.0160817561026883e-06,,
Pré,grupo_climatologico,Grupo | Climatológico,Grupo,Delta X,DLM irrestrito,10,1,,10,UF + mês-ano,C_prop,primeira diferença,False,1998,74,27,2013-12-01,2020-01-01,-8353.294746213334,-7737.3055307004,10,7.300701451375866,0.2489204811941036,0.1877122194312223,-0.1369275118397647,0.634768474227972,0.1963472807656001,26,0.0541258741834886,0.2489204811941036,0.1464166239710252,-0.0428874295626452,0.5407283919508525,0.0933724461375871,73,8.60441636322752e-07,0.7249745751345235,0.06495104902018631,0.3173479452148545,1.9667237401662902e-06,,
Pré,grupo_hidrologico,Grupo | Hidrológico,Grupo,Principal,DLM irrestrito,1,1,,1,UF + mês-ano,C_prop,identidade,False,1998,74,27,2013-12-01,2020-01-01,-8364.85798279337,-7799.267884913312,1,1.0,0.0511287861095488,0.0812971376643808,-0.1159798736369883,0.2182374458560859,0.5348933085043814,26,0.5348933085043814,0.0511287861095488,0.0647187483512543,-0.0778554933456899,0.1801130655647875,0.4320777780003002,73,0.4320777780003002,0.9874953387773197,0.9874953387773197,0.8641555560006005,0.8641555560006005,0.9806051733159493,0.7014994209893527
Pré,grupo_hidrologico,Grupo | Hidrológico,Grupo,Principal,DLM irrestrito,2,1,,2,UF + mês-ano,C_prop,identidade,False,1998,74,27,2013-12-01,2020-01-01,-8363.38347576273,-7792.193475923463,2,1.3276907500286483,0.0131962213134878,0.1080621557434156,-0.208928721020314,0.2353211636472897,0.9037453828285664,26,0.3259148085418133,0.0131962213134878,0.0566936064423754,-0.099793973382497,0.1261864160094727,0.816596178005581,73,0.5334481336333,0.9859040539947997,0.6518296170836266,0.9560150376650706,0.7315860118399543,1.0,0.482836753395279
Pré,grupo_hidrologico,Grupo | Hidrológico,Grupo,Principal,DLM irrestrito,3,1,,3,UF + mês-ano,C_prop,identidade,False,1998,74,27,2013-12-01,2020-01-01,-8362.277458501922,-7785.487556703446,3,1.486676804876236,0.0615831290106917,0.1940024483333316,-0.3371946147072646,0.460360872728648,0.7534489411952177,26,0.5006020498615261,0.0615831290106917,0.1271821578530849,-0.1918905460549764,0.3150568040763599,0.6296849793381869,73,0.7305628666536275,0.9753419950587796,0.7866451056459693,0.8970923365329809,0.8654363586917226,1.0,0.6638455459010948
Pré,grupo_hidrologico,Grupo | Hidrológico,Grupo,Principal,DLM irrestrito,4,1,,4,UF + mês-ano,C_prop,identidade,False,1998,74,27,2013-12-01,2020-01-01,-8360.279856328309,-7777.890052570625,4,1.5580673757105494,0.0641846556092326,0.1691999563711794,-0.2836108357288164,0.4119801469472817,0.7075145049073085,26,0.6244411146098682,0.0641846556092326,0.1209975145199637,-0.1769630430688711,0.3053323542873364,0.5974012606493735,73,0.7431571624574078,0.9464397997215727,0.870192980919768,0.8689472882172705,0.9146549691783481,0.9995866424046339,0.7745006072680535
Pré,grupo_hidrologico,Grupo | Hidrológico,Grupo,Principal,DLM irrestrito,5,1,,5,UF + mês-ano,C_prop,identidade,False,1998,74,27,2013-12-01,2020-01-01,-8358.407371193418,-7770.417665476525,5,1.59523533869377,0.0444044972023803,0.1789940547375271,-0.3235230516526606,0.4123320460574213,0.8060228829811735,26,0.7531097148949568,0.0444044972023803,0.128154710140962,-0.2110074717778044,0.2998164661825652,0.7299702484827352,73,0.7670863039478598,0.9677971230638593,0.8406806119757657,0.958342043278112,0.8867323028739309,1.0,0.8838451421750104
Pré,grupo_hidrologico,Grupo | Hidrológico,Grupo,Principal,DLM irrestrito,6,1,,6,UF + mês-ano,C_prop,identidade,False,1998,74,27,2013-12-01,2020-01-01,-8367.53310134416,-7773.943493668058,6,1.6072608158844257,-0.1550822375425821,0.1218990215112383,-0.4056492648006934,0.0954847897155291,0.214556412541037,26,0.32900688870134,-0.1550822375425821,0.1739861453126544,-0.501836125095357,0.1916716500101928,0.3756709416747085,73,0.2349966652123024,0.7245711282995293,0.39480826644160794,0.7683321136092025,0.28922666487667986,0.8321990081023641,0.4859178663896713
Pré,grupo_hidrologico,Grupo | Hidrológico,Grupo,Principal,DLM irrestrito,7,1,,7,UF + mês-ano,C_prop,identidade,False,1998,74,27,2013-12-01,2020-01-01,-8365.79513750486,-7766.6056278695505,7,1.6169994318343337,-0.1876226174836065,0.1304901138676165,-0.455848887990353,0.0806036530231399,0.1624102720700585,26,0.245062035154817,-0.1876226174836065,0.1813848895442073,-0.5491221810250605,0.1738769460578474,0.3043687261978057,73,0.2806244076144954,0.46969254382612935,0.2940744421857804,0.6222024607822294,0.3285358918413605,0.7642836332708636,0.3974085457580942
Pré,grupo_hidrologico,Grupo | Hidrológico,Grupo,Principal,DLM irrestrito,8,1,,8,UF + mês-ano,C_prop,identidade,False,1998,74,27,2013-12-01,2020-01-01,-8367.162276065927,-7762.372864471408,8,1.696226926426929,-0.0624409533906118,0.115837639437819,-0.3005486313579476,0.1756667245767239,0.5944463633275155,26,0.3680451736454896,-0.0624409533906118,0.169720692157728,-0.4006938050650007,0.275811898283777,0.7140092864395606,73,0.3960924837086587,1.0,0.4416542083745875,1.0,0.45267712423846707,0.9857021087578729,0.5312226371151515
Pré,grupo_hidrologico,Grupo | Hidrológico,Grupo,Principal,DLM irrestrito,9,1,,9,UF + mês-ano,C_prop,identidade,False,1998,74,27,2013-12-01,2020-01-01,-8366.288070093588,-7755.898756539861,9,1.7505106510373396,0.009926122158215,0.1566189880790323,-0.3120088184886933,0.3318610628051233,0.9499506364367324,26,0.4607214940621145,0.009926122158215,0.1634272776071493,-0.315783972404837,0.3356362167212671,0.9517344497555388,73,8.693032977872794e-05,1.0,0.5142937608135232,1.0,0.00016048676266842082,1.0,0.6160064544563091
Pré,grupo_hidrologico,Grupo | Hidrológico,Grupo,Principal,DLM irrestrito,10,1,,10,UF + mês-ano,C_prop,identidade,False,1998,74,27,2013-12-01,2020-01-01,-8364.423047279146,-7748.433831766211,10,1.787986208269395,0.0350488141012979,0.1558071093443779,-0.2852172859059199,0.3553149141085158,0.8237767805554576,26,0.4426874150764791,0.0350488141012979,0.1521033945595108,-0.2680928140938977,0.3381904422964936,0.818404078730602,73,0.0001471005202733,0.905477974225906,0.4829317255379772,0.9100333789775221,0.00023536083243728,1.0,0.5984286652236581
Pré,grupo_hidrologico,Grupo | Hidrológico,Grupo,Com contemporâneo,DLM irrestrito,10,0,,11,UF + mês-ano,C_prop,identidade,False,1998,74,27,2013-12-01,2020-01-01,-8362.83538517976,-7741.246267707616,11,1.8104999751170603,0.0784990086523866,0.1603624360516486,-0.2511306995042623,0.4081287168090356,0.6285853525899944,26,0.2627403711861187,0.0784990086523866,0.1761919900533462,-0.2726511211287462,0.4296491384335196,0.6572544985174066,73,0.0002031193724409,0.9538948661305524,0.293291577137993,0.9728165481385603,0.0002954463599140364,,
Pré,grupo_hidrologico,Grupo | Hidrológico,Grupo,Delta X,DLM irrestrito,10,1,,10,UF + mês-ano,C_prop,primeira diferença,False,1998,74,27,2013-12-01,2020-01-01,-8365.477279355131,-7749.488063842196,10,4.155424209153188,0.1361843673733979,0.6345722716261204,-1.1681976179005744,1.4405663526473704,0.8317472078291483,26,0.4995514344829379,0.1361843673733979,0.4441594001131761,-0.7490240404891242,1.02139277523592,0.7600119730726068,73,6.32818678383624e-05,0.9284619994371888,0.5212710620691525,0.8565341059194355,0.00011250109837931094,,
Pré,grupo_meteorologico,Grupo | Meteorológico,Grupo,Principal,DLM irrestrito,1,1,,1,UF + mês-ano,C_prop,identidade,False,1998,74,27,2013-12-01,2020-01-01,-8364.328498287883,-7798.738400407825,1,1.0,0.0126187377127375,0.0322665231717509,-0.0537060505494489,0.0789435259749241,0.6989257980834116,26,0.6989257980834116,0.0126187377127375,0.0353722660206473,-0.0578780868026239,0.083115562228099,0.7223148240345569,73,0.7223148240345569,1.0,1.0,1.0,1.0,0.9995866424046339,0.8414297930778657
Pré,grupo_meteorologico,Grupo | Meteorológico,Grupo,Principal,DLM irrestrito,2,1,,2,UF + mês-ano,C_prop,identidade,False,1998,74,27,2013-12-01,2020-01-01,-8362.33962310387,-7791.149623264602,2,1.3426645316628425,0.0040990450671252,0.0329317838585371,-0.0635932061211219,0.0717912962553725,0.9018998835327324,26,0.8698630365218873,0.0040990450671252,0.0297806157912019,-0.0552536366119703,0.0634517267462208,0.8909027951964492,73,0.8756089684144867,0.9859040539947997,0.9596110493091259,0.9718939583961265,0.9552097837248946,1.0,0.9576473796571237
Pré,grupo_meteorologico,Grupo | Meteorológico,Grupo,Principal,DLM irrestrito,3,1,,3,UF + mês-ano,C_prop,identidade,False,1998,74,27,2013-12-01,2020-01-01,-8360.485727147849,-7783.695825349373,3,1.348224769384302,0.0358516307358273,0.0332301304314081,-0.0324538806158744,0.1041571420875291,0.2905448344056385,26,0.5368164406112966,0.0358516307358273,0.0463734929917275,-0.0565706075141589,0.1282738689858137,0.4419557661665083,73,0.1756039022567701,0.9751028205188853,0.7866451056459693,0.8970923365329809,0.4198882848470816,0.9448692513882324,0.7021032465760828
Pré,grupo_meteorologico,Grupo | Meteorológico,Grupo,Principal,DLM irrestrito,4,1,,4,UF + mês-ano,C_prop,identidade,False,1998,74,27,2013-12-01,2020-01-01,-8358.50398375789,-7776.114180000206,4,1.3530418573459009,0.0476034141624658,0.0374536606753292,-0.0293836879406143,0.1245905162655461,0.2149847437597774,26,0.6595720945453594,0.0476034141624658,0.053786772814258,-0.059593469467241,0.1548002977921727,0.3790413164471413,73,0.1567242030808008,0.9267836778411358,0.8794294593938125,0.7888785006401584,0.3959348288357073,0.8321990081023641,0.8076392994432972
Pré,grupo_meteorologico,Grupo | Meteorológico,Grupo,Principal,DLM irrestrito,5,1,,5,UF + mês-ano,C_prop,identidade,False,1998,74,27,2013-12-01,2020-01-01,-8357.370473959187,-7769.380768242294,5,1.3598564749898112,-0.0355302150625828,0.0422923919632177,-0.1224634717736002,0.0514030416484344,0.4085066396817652,26,0.004948074692413,-0.0355302150625828,0.0688206408122944,-0.1726895544033838,0.101629124278218,0.6072243736689085,73,5.43543145555971e-13,0.9675522807409572,0.0158338390157216,0.9510350586259051,8.696690328895536e-12,0.9634483511351457,0.01841144071595535
Pré,grupo_meteorologico,Grupo | Meteorológico,Grupo,Principal,DLM irrestrito,6,1,,6,UF + mês-ano,C_prop,identidade,False,1998,74,27,2013-12-01,2020-01-01,-8355.381305909008,-7761.791698232907,6,1.3646888397453232,-0.0450713028545115,0.0842130503624418,-0.2181737069924256,0.1280311012834025,0.5970560663418442,26,0.0050597375706804,-0.0450713028545115,0.0600573403733923,-0.1647654096072713,0.0746228038982482,0.4553831625398613,73,1.6156269958300762e-14,0.8666558539023911,0.01734767167090423,0.7878044516120394,2.1967754746777384e-13,0.9857021087578729,0.01853949644218773
Pré,grupo_meteorologico,Grupo | Meteorológico,Grupo,Principal,DLM irrestrito,7,1,,7,UF + mês-ano,C_prop,identidade,False,1998,74,27,2013-12-01,2020-01-01,-8353.768259992888,-7754.578750357579,7,1.367827579997532,-0.1035564572159877,0.1023947250993299,-0.3140318290194047,0.1069189145874292,0.3211708685134193,26,0.0020815963402497,-0.1035564572159877,0.0745333984485559,-0.252101306106763,0.0449883916747876,0.1689356050682087,73,1.2984692581961923e-14,0.7201024915912719,0.007136901737998971,0.5750623408985371,1.558163109835431e-13,0.9502237447047982,0.009204502813340478
Pré,grupo_meteorologico,Grupo | Meteorológico,Grupo,Principal,DLM irrestrito,8,1,,8,UF + mês-ano,C_prop,identidade,False,1998,74,27,2013-12-01,2020-01-01,-8352.714705171573,-7747.925293577055,8,1.3708496698999992,-0.0086852027120907,0.1206200525193878,-0.256623271556342,0.2392528661321605,0.9431492658423992,26,0.0001336648686644,-0.0086852027120907,0.092106600990429,-0.1922533937614994,0.174882988337318,0.9251330729379345,73,2.7910237982175526e-14,1.0,0.0005346594746576,1.0,2.6793828462888506e-13,1.0,0.0008225530379347691
Pré,grupo_meteorologico,Grupo | Meteorológico,Grupo,Principal,DLM irrestrito,9,1,,9,UF + mês-ano,C_prop,identidade,False,1998,74,27,2013-12-01,2020-01-01,-8351.13397687186,-7740.744663318134,9,1.3738594100680248,-0.0734123790944019,0.123203393775831,-0.3266605819413329,0.1798358237525289,0.5564187512149741,26,0.000103109041683,-0.0734123790944019,0.0858594974390852,-0.2445301107208461,0.0977053525320421,0.3953325008186558,73,4.1300474335892425e-14,0.920968967528233,0.00035351671434171426,0.8288080712207794,2.832032525889766e-13,0.9806051733159493,0.000651215000103158
Pré,grupo_meteorologico,Grupo | Meteorológico,Grupo,Principal,DLM irrestrito,10,1,,10,UF + mês-ano,C_prop,identidade,False,1998,74,27,2013-12-01,2020-01-01,-8349.419925157461,-7733.430709644526,10,1.3764257600398522,-0.0189499991704903,0.0984675022504121,-0.2213528487958458,0.1834528504548652,0.8488856008367869,26,0.0001706538595875,-0.0189499991704903,0.1076988704121327,-0.2335935383634547,0.1956935400224741,0.8608176233094121,73,1.4945094375808886e-13,0.905477974225906,0.000465822466500379,0.918205464863373,1.0248064714840378e-12,1.0,0.0010368842101518988
Pré,grupo_meteorologico,Grupo | Meteorológico,Grupo,Com contemporâneo,DLM irrestrito,10,0,,11,UF + mês-ano,C_prop,identidade,False,1998,74,27,2013-12-01,2020-01-01,-8347.420344664934,-7725.83122719279,11,1.3848651736288495,-0.0214266262210201,0.0914114452458931,-0.2093255429528446,0.1664722905108044,0.8165123419181495,26,0.0002587808650608,-0.0214266262210201,0.1160622698639819,-0.2527383964841889,0.2098851440421487,0.8540443538833289,73,3.9766506944028616e-14,0.9798148103017793,0.0005175617301216,0.9998568045463363,1.9087923333133735e-13,,
Pré,grupo_meteorologico,Grupo | Meteorológico,Grupo,Delta X,DLM irrestrito,10,1,,10,UF + mês-ano,C_prop,primeira diferença,False,1998,74,27,2013-12-01,2020-01-01,-8349.994390058893,-7734.005174545959,10,7.305404593820756,-0.4028002119775968,0.2445747000653732,-0.9055307079092224,0.0999302839540289,0.1116053879213951,26,8.737525916149452e-06,-0.4028002119775968,0.2015058673131306,-0.8044008263826086,-0.0011995975725849,0.0493372505323069,73,2.29034691154354e-13,0.48700532911154226,2.621257774844836e-05,0.21528982050461193,1.5705235964869988e-12,,
Pré,grupo_outros,Grupo | Outros,Grupo,Principal,DLM irrestrito,1,1,,1,UF + mês-ano,C_prop,identidade,False,1998,74,27,2013-12-01,2020-01-01,-8364.327179090533,-7798.737081210475,1,1.0,-0.0090683141607233,0.0584205662409709,-0.1291535078912251,0.1110168795697785,0.8778429926619925,26,0.8778429926619925,-0.0090683141607233,0.0594563380287882,-0.1275646249680339,0.1094279966465872,0.8791971504150423,73,0.8791971504150423,1.0,1.0,1.0,1.0,1.0,0.9639928349224096
Pré,grupo_outros,Grupo | Outros,Grupo,Principal,DLM irrestrito,2,1,,2,UF + mês-ano,C_prop,identidade,False,1998,74,27,2013-12-01,2020-01-01,-8362.434402220939,-7791.244402381671,2,1.0109953787189212,0.018342532268066,0.1093955523575891,-0.2065232460595562,0.2432083105956883,0.8681389932431772,26,0.7379068190895813,0.018342532268066,0.1095380442215276,-0.1999664750410344,0.2366515395771664,0.8674762298315367,73,0.6320010569549108,0.9859040539947997,0.8910284057609713,0.9683455588817154,0.7399036764350175,1.0,0.8745562300320964
Pré,grupo_outros,Grupo | Outros,Grupo,Principal,DLM irrestrito,3,1,,3,UF + mês-ano,C_prop,identidade,False,1998,74,27,2013-12-01,2020-01-01,-8360.611300378381,-7783.821398579906,3,1.0162537227822976,0.0538647328242396,0.1801901662264822,-0.3165214584082475,0.4242509240567267,0.7673677575977531,26,0.5735953895335193,0.0538647328242396,0.1700989166086881,-0.285141919093854,0.3928713847423332,0.7524000028795683,73,0.6661549232513694,0.9753419950587796,0.7866451056459693,0.9504000036373496,0.8414588504227825,1.0,0.732249433447046
Pré,grupo_outros,Grupo | Outros,Grupo,Principal,DLM irrestrito,4,1,,4,UF + mês-ano,C_prop,identidade,False,1998,74,27,2013-12-01,2020-01-01,-8359.565381248842,-7777.175577491158,4,1.0236431784006532,0.1376236261379343,0.2107736554683355,-0.2956278275675998,0.5708750798434685,0.5195240970503233,26,0.6062645096140233,0.1376236261379343,0.1928686667642867,-0.2467630723974974,0.522010324673366,0.4777736069494092,73,0.667323804571929,0.9267836778411358,0.870192980919768,0.7888785006401584,0.8657173680933132,0.9806051733159493,0.7578306370175292
Pré,grupo_outros,Grupo | Outros,Grupo,Principal,DLM irrestrito,5,1,,5,UF + mês-ano,C_prop,identidade,False,1998,74,27,2013-12-01,2020-01-01,-8357.69624654096,-7769.706540824067,5,1.030193830655074,0.1062349678441036,0.184023256337679,-0.2720302529529194,0.4845001886411266,0.5687086308221183,26,0.6982351867429387,0.1062349678441036,0.1707881142271096,-0.234145252946674,0.4466151886348813,0.5358615276804646,73,0.7427268288427631,0.9675522807409572,0.8174460722844161,0.9510350586259051,0.8867323028739309,0.9857021087578729,0.8414297930778657
Pré,grupo_outros,Grupo | Outros,Grupo,Principal,DLM irrestrito,6,1,,6,UF + mês-ano,C_prop,identidade,False,1998,74,27,2013-12-01,2020-01-01,-8355.873762163772,-7762.284154487671,6,1.0373613726056918,0.1432920533866231,0.1822011872009326,-0.2312278506605751,0.5178119574338214,0.4387138464125729,26,0.0358249063796066,0.1432920533866231,0.1653209338993159,-0.1861920927241402,0.4727761994973866,0.3889186027434335,73,0.0366419011127798,0.8099332549155193,0.06141412522218274,0.7683321136092025,0.0567358468843042,0.9806051733159493,0.08347551001073383
Pré,grupo_outros,Grupo | Outros,Grupo,Principal,DLM irrestrito,7,1,,7,UF + mês-ano,C_prop,identidade,False,1998,74,27,2013-12-01,2020-01-01,-8353.944018274467,-7754.754508639158,7,1.0442119615724093,0.1669047772743142,0.1928388488066996,-0.229481153361859,0.5632907079104876,0.3946729658851214,26,0.0137599063684278,0.1669047772743142,0.1636335784726672,-0.1592164743207836,0.4930260288694121,0.3111012303911147,73,0.0193980607014051,0.774474516294528,0.0275198127368556,0.6222024607822294,0.031036897122248157,0.9634483511351457,0.0397876810653334
Pré,grupo_outros,Grupo | Outros,Grupo,Principal,DLM irrestrito,8,1,,8,UF + mês-ano,C_prop,identidade,False,1998,74,27,2013-12-01,2020-01-01,-8351.947022491851,-7747.157610897333,8,1.3951027146598447,0.1733328148818923,0.2228511782483279,-0.2847443424437962,0.6314099722075808,0.4437096462353467,26,0.0014223764629603,0.1733328148818923,0.1744980153125606,-0.1744412281095248,0.5211068578733095,0.3238339974618503,73,7.412898056403502e-05,0.9141799993169896,0.0042671293888809,0.843122632732091,0.00016173595759425824,0.9806051733159493,0.00682740702220944
Pré,grupo_outros,Grupo | Outros,Grupo,Principal,DLM irrestrito,9,1,,9,UF + mês-ano,C_prop,identidade,False,1998,74,27,2013-12-01,2020-01-01,-8350.583801753795,-7740.194488200069,9,1.4011180205570108,0.0787897961237167,0.2789286891401335,-0.4945563356858945,0.652135927933328,0.7798174748527028,26,0.0007338130603218,0.0787897961237167,0.204024408884594,-0.3278302643946557,0.4854098566420891,0.7004878951054776,73,2.869284460783764e-05,0.9638372254592756,0.0019568348275248,0.8950750017817027,5.988071918157421e-05,1.0,0.003957643471398472
Pré,grupo_outros,Grupo | Outros,Grupo,Principal,DLM irrestrito,10,1,,10,UF + mês-ano,C_prop,identidade,False,1998,74,27,2013-12-01,2020-01-01,-8355.930230366328,-7739.941014853393,10,1.4060691588926069,-0.2455111382464819,0.4333233692042706,-1.1362200800977749,0.645197803604811,0.5758602552302482,26,2.7994476419488223e-06,-0.2455111382464819,0.3749177283620489,-0.9927210933171988,0.5016988168242348,0.5146288582846769,73,0.0001800511582323,0.857168830902073,1.0336422062580268e-05,0.8455830012552736,0.00027878889016614194,0.9857021087578729,3.053942882125988e-05
Pré,grupo_outros,Grupo | Outros,Grupo,Com contemporâneo,DLM irrestrito,10,0,,11,UF + mês-ano,C_prop,identidade,False,1998,74,27,2013-12-01,2020-01-01,-8355.555782254678,-7733.966664782534,11,1.4073725258060674,-0.1273395598002201,0.40539856319642,-0.9606482408339848,0.7059691212335445,0.7559443855774332,26,2.769614598239687e-06,-0.1273395598002201,0.3670049354302883,-0.8587793413001766,0.6041002216997363,0.7296124111039203,73,6.579184047992462e-05,0.9538948661305524,1.0226269285808075e-05,0.9728165481385603,9.868776071988694e-05,,
Pré,grupo_outros,Grupo | Outros,Grupo,Delta X,DLM irrestrito,10,1,,10,UF + mês-ano,C_prop,primeira diferença,False,1998,74,27,2013-12-01,2020-01-01,-8355.412441115002,-7739.423225602068,10,8.087374915962547,1.9238171364102064,0.9867103543907032,-0.1043950444536265,3.95202931727404,0.0620705258548804,26,4.249612156085136e-06,1.9238171364102064,0.8139905242695349,0.3015363610394475,3.546097911780966,0.0207706451190402,73,2.518038475223768e-09,0.42562646300489415,1.4570098820863321e-05,0.1586161564273392,7.554115425671305e-09,,
Pré,tipo_alagamentos,Tipologia | Alagamentos,Tipologia,Principal,DLM irrestrito,1,1,,1,UF + mês-ano,C_prop,identidade,False,1998,74,27,2013-12-01,2020-01-01,-8372.600391954422,-7807.010294074364,1,1.0,1.1287186504274274,1.2691977258601554,-1.4801546385367097,3.7375919393915646,0.381987637622592,26,0.381987637622592,1.1287186504274274,1.1366504110828928,-1.1366223520023,3.3940596528571545,0.3239795367806959,73,0.3239795367806957,0.8731146002802104,0.8731146002802104,0.7068644438851548,0.7068644438851542,0.9634483511351457,0.5440773473556207
Pré,tipo_alagamentos,Tipologia | Alagamentos,Tipologia,Principal,DLM irrestrito,2,1,,2,UF + mês-ano,C_prop,identidade,False,1998,74,27,2013-12-01,2020-01-01,-8370.600551468877,-7799.4105516296095,2,1.109875306498084,1.1331678017085236,1.262684916248998,-1.4623182153716032,3.72865381878865,0.3777262611421839,26,0.6726180497494794,1.1331678017085236,1.0775156276832891,-1.0143177473656746,3.280653350782722,0.2964296242569327,73,0.576069120151223,0.8582569429169952,0.8910284057609713,0.7338044683980498,0.7399036764350175,0.9634483511351457,0.8215182287016543
Pré,tipo_alagamentos,Tipologia | Alagamentos,Tipologia,Principal,DLM irrestrito,3,1,,3,UF + mês-ano,C_prop,identidade,False,1998,74,27,2013-12-01,2020-01-01,-8372.275764902433,-7795.485863103958,3,1.1585374182371662,1.7640970197458028,2.1318509535429597,-2.617985374060632,6.146179413552237,0.4154871014270316,26,0.5549157506229678,1.7640970197458028,1.7922801426669828,-1.807912153378953,5.336106192870559,0.3282312508914433,73,0.7462842853739281,0.9751028205188853,0.7866451056459693,0.8970923365329809,0.8654363586917226,0.9634483511351457,0.7160203233844746
Pré,tipo_alagamentos,Tipologia | Alagamentos,Tipologia,Principal,DLM irrestrito,4,1,,4,UF + mês-ano,C_prop,identidade,False,1998,74,27,2013-12-01,2020-01-01,-8396.241244040382,-7813.851440282699,4,1.1992151366700716,0.0815299199296015,0.764031546267513,-1.488959415475106,1.6520192553343092,0.9158380539160088,26,0.7149161593392785,0.0815299199296015,1.1226268149485783,-2.1558620957097974,2.3189219355690005,0.9423037543788836,73,0.8630321827056693,0.9718475711233047,0.9177272985365574,0.9957955146198098,0.9260971537884285,1.0,0.8515130433817709
Pré,tipo_alagamentos,Tipologia | Alagamentos,Tipologia,Principal,DLM irrestrito,5,1,,5,UF + mês-ano,C_prop,identidade,False,1998,74,27,2013-12-01,2020-01-01,-8395.632069251837,-7807.642363534944,5,1.2118232191477578,-0.3237149510517704,0.5663362144241944,-1.4878357119702643,0.8404058098667239,0.5725051943202147,26,0.4018286406380319,-0.3237149510517704,1.033075448981058,-2.382631351698391,1.7352014495948498,0.754907778370202,73,0.5044816602008828,0.9675522807409572,0.5593076705230426,0.958342043278112,0.6551842534090444,0.9857021087578729,0.5661691360082329
Pré,tipo_alagamentos,Tipologia | Alagamentos,Tipologia,Principal,DLM irrestrito,6,1,,6,UF + mês-ano,C_prop,identidade,False,1998,74,27,2013-12-01,2020-01-01,-8427.526896416271,-7833.93728874017,6,1.2195914125568807,-2.407881991251489,1.5849469702601202,-5.665787147308997,0.8500231648060188,0.1407752994933762,26,0.2017676630225029,-2.407881991251489,1.865652595030384,-6.126122251055993,1.3103582685530153,0.2009020480132105,73,0.3219471123004834,0.6998506806886253,0.26902355069667055,0.7683321136092025,0.36793955691483815,0.7442792516394832,0.3386310428349699
Pré,tipo_alagamentos,Tipologia | Alagamentos,Tipologia,Principal,DLM irrestrito,7,1,,7,UF + mês-ano,C_prop,identidade,False,1998,74,27,2013-12-01,2020-01-01,-8425.745014139806,-7826.555504504497,7,1.2342808620716916,-2.2351275147753,1.5532997884780355,-5.42798095702965,0.9577259274790508,0.1620942588105253,26,0.0234550502263106,-2.2351275147753,1.8152490475293543,-5.8529136492756,1.3826586197250008,0.2221604667857075,73,0.4332994885271578,0.46969254382612935,0.04330163118703496,0.5750623408985371,0.483683149983804,0.7642836332708636,0.06340408137531829
Pré,tipo_alagamentos,Tipologia | Alagamentos,Tipologia,Principal,DLM irrestrito,8,1,,8,UF + mês-ano,C_prop,identidade,False,1998,74,27,2013-12-01,2020-01-01,-8427.45205633749,-7822.662644742972,8,1.2775419172258726,-1.5023427795702382,1.360179154454081,-4.2982310733789735,1.2935455142384975,0.2794856017261277,26,0.0560045550651108,-1.5023427795702382,1.6164187964837775,-4.723860795196745,1.7191752360562689,0.3557312508102049,73,0.1475002257903577,0.8718340171871749,0.0746727400868144,0.843122632732091,0.19007432600807928,0.9448692513882324,0.1221917565056963
Pré,tipo_alagamentos,Tipologia | Alagamentos,Tipologia,Principal,DLM irrestrito,9,1,,9,UF + mês-ano,C_prop,identidade,False,1998,74,27,2013-12-01,2020-01-01,-8427.407487642125,-7817.018174088399,9,1.3070757194647076,-0.9524214864511124,1.4444673428182302,-3.921566632772232,2.016723659870008,0.5154639004032654,26,0.0311611112194791,-0.9524214864511124,1.8196696115027204,-4.579017792245143,2.6741748193429182,0.6022787575761295,73,0.0287203187831713,0.920968967528233,0.043992157015735195,0.8760418292016429,0.04054633239977125,0.9806051733159493,0.07516247932336667
Pré,tipo_alagamentos,Tipologia | Alagamentos,Tipologia,Principal,DLM irrestrito,10,1,,10,UF + mês-ano,C_prop,identidade,False,1998,74,27,2013-12-01,2020-01-01,-8426.075710231344,-7810.086494718409,10,1.3324112362205678,-0.6460820232781044,1.651259340434979,-4.040294208376218,2.7481301618200087,0.6987886096504942,26,0.0054144384050324,-0.6460820232781044,2.074881461706939,-4.781314813022175,3.489150766465966,0.7563972760423816,73,0.0129559494529935,0.857168830902073,0.00928189440862697,0.9076767312508579,0.017274599270658,0.9995866424046339,0.019395003241907103
Pré,tipo_alagamentos,Tipologia | Alagamentos,Tipologia,Com contemporâneo,DLM irrestrito,10,0,,11,UF + mês-ano,C_prop,identidade,False,1998,74,27,2013-12-01,2020-01-01,-8424.093473212335,-7802.504355740191,11,1.3426929920629702,-0.5978673304988216,1.501719429611723,-3.6846958266477023,2.488961165650059,0.6937907125642269,26,0.0021795566146205,-0.5978673304988216,2.1582728958486457,-4.8992990088111465,3.703564347813503,0.7825538396198221,73,0.0196846791630544,0.9538948661305524,0.0037363827679208566,0.9884890605724068,0.026246238884072532,,
Pré,tipo_alagamentos,Tipologia | Alagamentos,Tipologia,Delta X,DLM irrestrito,10,1,,10,UF + mês-ano,C_prop,primeira diferença,False,1998,74,27,2013-12-01,2020-01-01,-8428.46293440048,-7812.473718887546,10,5.724202332794087,3.6543301817949887,6.717833108944888,-10.154373537531004,17.463033901120983,0.5910937286378988,26,0.0008834754930864,3.6543301817949887,5.225298097191917,-6.759673907826231,14.068334271416209,0.4865536424103299,73,0.0035423280999511,0.8970292255860751,0.0016310316795441232,0.8565341059194355,0.004858049965647223,,
Pré,tipo_chuvas_intensas,Tipologia | Chuvas Intensas,Tipologia,Principal,DLM irrestrito,1,1,,1,UF + mês-ano,C_prop,identidade,False,1998,74,27,2013-12-01,2020-01-01,-8364.987861289304,-7799.397763409246,1,1.0,-0.112698139635645,0.1169252386193799,-0.3530414097381231,0.127645130466833,0.344001899902465,26,0.3440018999024649,-0.112698139635645,0.0912837011387651,-0.2946262936457925,0.0692300143745024,0.2209417032703143,73,0.2209417032703142,0.8557697152613362,0.8557697152613362,0.6431039520699376,0.6431039520699376,0.9502237447047982,0.5018872703744168
Pré,tipo_chuvas_intensas,Tipologia | Chuvas Intensas,Tipologia,Principal,DLM irrestrito,2,1,,2,UF + mês-ano,C_prop,identidade,False,1998,74,27,2013-12-01,2020-01-01,-8364.341769741815,-7793.151769902548,2,1.3976406277737663,-0.2277856786179787,0.1257865279956966,-0.486343589897809,0.0307722326618515,0.0817284560422814,26,0.1271071670015549,-0.2277856786179787,0.0957132647501442,-0.4185419401745509,-0.0370294170614064,0.0199320853172436,73,0.0393994277418385,0.4358850988921675,0.45175440209123097,0.280833995407172,0.254838159965823,0.5640436581126459,0.240202520317899
Pré,tipo_chuvas_intensas,Tipologia | Chuvas Intensas,Tipologia,Principal,DLM irrestrito,3,1,,3,UF + mês-ano,C_prop,identidade,False,1998,74,27,2013-12-01,2020-01-01,-8367.966755940382,-7791.176854141907,3,1.590858558765934,-0.0015414016408936,0.3171600159914065,-0.653473151271674,0.6503903479898869,0.9961593848455056,26,0.2057913929583272,-0.0015414016408936,0.2104024929608521,-0.4208729653919322,0.417790162110145,0.9941747603638116,73,0.0956430149225814,1.0,0.4938993430999853,1.0,0.27005086566375924,1.0,0.34418072689894447
Pré,tipo_chuvas_intensas,Tipologia | Chuvas Intensas,Tipologia,Principal,DLM irrestrito,4,1,,4,UF + mês-ano,C_prop,identidade,False,1998,74,27,2013-12-01,2020-01-01,-8366.087179648463,-7783.697375890779,4,1.6810633962157986,-0.0359218941530979,0.2598099815423269,-0.5699689596666124,0.4981251713604165,0.8910984950866976,26,0.3303549056724607,-0.0359218941530979,0.1618252196380681,-0.3584390917882623,0.2865953034820664,0.8249496148879147,73,0.0399540677346762,0.9718475711233047,0.6098859797030044,0.9602423833388254,0.1598162709387048,1.0,0.4864121310514758
Pré,tipo_chuvas_intensas,Tipologia | Chuvas Intensas,Tipologia,Principal,DLM irrestrito,5,1,,5,UF + mês-ano,C_prop,identidade,False,1998,74,27,2013-12-01,2020-01-01,-8364.79717268821,-7776.807466971317,5,1.7282630845006304,0.0477169414770806,0.3214110768693748,-0.6129529889338269,0.7083868718879881,0.8831245830495105,26,0.4240316668963194,0.0477169414770806,0.1893589566915684,-0.3296749149707167,0.425108797924878,0.8017553594786988,73,2.2938081439142696e-08,0.9677971230638593,0.5593076705230426,0.958342043278112,1.5728970129697846e-07,1.0,0.5845581552055666
Pré,tipo_chuvas_intensas,Tipologia | Chuvas Intensas,Tipologia,Principal,DLM irrestrito,6,1,,6,UF + mês-ano,C_prop,identidade,False,1998,74,27,2013-12-01,2020-01-01,-8383.760151326307,-7790.170543650206,6,1.7538656354556217,-0.4109036429876488,0.339424934481273,-1.1086015880233342,0.2867943020480364,0.2369438569666874,26,0.2678973554725289,-0.4109036429876488,0.3120802216653746,-1.0328786278138091,0.2110713418385115,0.1920712541227405,73,1.319086696041894e-05,0.7245711282995293,0.3383966595442471,0.7683321136092025,4.8704739546162245e-05,0.9060025957876742,0.4219726127527732
Pré,tipo_chuvas_intensas,Tipologia | Chuvas Intensas,Tipologia,Principal,DLM irrestrito,7,1,,7,UF + mês-ano,C_prop,identidade,False,1998,74,27,2013-12-01,2020-01-01,-8381.88104691541,-7782.691537280101,7,1.768600589865797,-0.4480016554470702,0.2478461879216117,-0.957456790975357,0.0614534800812164,0.0822563668080942,26,0.0342957994306214,-0.4480016554470702,0.2314836825668265,-0.909347969493155,0.0133446585990144,0.0568211544936976,73,1.684569057768771e-10,0.4387006229765024,0.05487327908899424,0.4545692359495808,1.3476552462150167e-09,0.5640436581126459,0.08109351589506539
Pré,tipo_chuvas_intensas,Tipologia | Chuvas Intensas,Tipologia,Principal,DLM irrestrito,8,1,,8,UF + mês-ano,C_prop,identidade,False,1998,74,27,2013-12-01,2020-01-01,-8379.898412602379,-7775.109001007861,8,1.7796788422858731,-0.4336464648513138,0.2305307126283037,-0.9075091311701128,0.040216201467485,0.0712053208519316,26,0.0499683478403486,-0.4336464648513138,0.2100853833329329,-0.8523460300253176,-0.0149468996773099,0.0425584405500958,73,2.1895212468029067e-10,0.34178554008927164,0.06852801989533523,0.3404675244007664,1.313712748081744e-09,0.5520309479772147,0.1095196664993942
Pré,tipo_chuvas_intensas,Tipologia | Chuvas Intensas,Tipologia,Principal,DLM irrestrito,9,1,,9,UF + mês-ano,C_prop,identidade,False,1998,74,27,2013-12-01,2020-01-01,-8378.247130365886,-7767.857816812159,9,1.7915143308079602,-0.3722398531937362,0.2649888120096409,-0.9169321571905552,0.1724524508030828,0.1719343090219367,26,0.0262895264272204,-0.3722398531937362,0.2332723796320599,-0.837151035349919,0.0926713289624464,0.1148694225285856,73,4.525862268956216e-15,0.6877372360877468,0.0394342896408306,0.6402660255015422,3.6206898151649725e-14,0.7712940965470058,0.06858137328840104
Pré,tipo_chuvas_intensas,Tipologia | Chuvas Intensas,Tipologia,Principal,DLM irrestrito,10,1,,10,UF + mês-ano,C_prop,identidade,False,1998,74,27,2013-12-01,2020-01-01,-8376.704142492661,-7760.714926979726,10,1.8010809069769729,-0.3030084338965877,0.2341485020861221,-0.7843075729487441,0.1782907051555686,0.2070128524396443,26,0.0250008876555461,-0.3030084338965877,0.2070931815039572,-0.7157445494253606,0.109727681632185,0.1477188072342047,73,5.832393782273767e-16,0.7097583512216376,0.03529537080782979,0.8455830012552736,4.6659150258190135e-15,0.8212080096779278,0.06593640700363806
Pré,tipo_chuvas_intensas,Tipologia | Chuvas Intensas,Tipologia,Com contemporâneo,DLM irrestrito,10,0,,11,UF + mês-ano,C_prop,identidade,False,1998,74,27,2013-12-01,2020-01-01,-8375.361287220749,-7753.772169748605,11,1.818623141930878,-0.2228627850827762,0.2148548016828059,-0.6645031549755602,0.2187775848100077,0.3091605206262748,26,0.0003896460808676,-0.2228627850827762,0.2069410399068938,-0.6352956828458733,0.1895701126803208,0.2850538541051136,73,3.582674958813361e-16,0.9085724513736548,0.0007193466108324924,0.9045893710465074,2.456691400329162e-15,,
Pré,tipo_chuvas_intensas,Tipologia | Chuvas Intensas,Tipologia,Delta X,DLM irrestrito,10,1,,10,UF + mês-ano,C_prop,primeira diferença,False,1998,74,27,2013-12-01,2020-01-01,-8376.06217848444,-7760.072962971506,10,4.118357819318774,-0.361694353846749,0.9705251668021035,-2.356637405152258,1.63324869745876,0.712408241573652,26,0.0522399520229315,-0.361694353846749,0.8446188921661245,-2.0450173784061083,1.3216286707126104,0.6697417678718427,73,4.714697102144882e-15,0.8970292255860751,0.06429532556668492,0.8565341059194355,4.526109218059086e-14,,
Pré,tipo_doencas_infecciosas,Tipologia | Doenças infecciosas,Tipologia,Principal,DLM irrestrito,1,1,,1,UF + mês-ano,C_prop,identidade,False,1998,74,27,2013-12-01,2020-01-01,-8364.320012681323,-7798.729914801264,1,1.0,0.0058622299739119,0.0530478585348917,-0.1031792049015205,0.1149036648493445,0.9128548659636616,26,0.9128548659636616,0.0058622299739119,0.0510300744958284,-0.0958405618302192,0.1075650217780432,0.908857266132031,73,0.908857266132031,1.0,1.0,1.0,1.0,1.0,0.9884239978981513
Pré,tipo_doencas_infecciosas,Tipologia | Doenças infecciosas,Tipologia,Principal,DLM irrestrito,2,1,,2,UF + mês-ano,C_prop,identidade,False,1998,74,27,2013-12-01,2020-01-01,-8362.497960219194,-7791.307960379927,2,1.013879710890592,0.0419288034674899,0.1127392044562293,-0.1898099501814672,0.2736675571164472,0.7129740811027173,26,0.6361276788469554,0.0419288034674899,0.102557210581827,-0.1624674224613718,0.2463250293963518,0.6838589239333485,73,0.603259404060887,0.9755417058797301,0.8910284057609713,0.9537517536921045,0.7399036764350175,0.9995866424046339,0.7829263739654836
Pré,tipo_doencas_infecciosas,Tipologia | Doenças infecciosas,Tipologia,Principal,DLM irrestrito,3,1,,3,UF + mês-ano,C_prop,identidade,False,1998,74,27,2013-12-01,2020-01-01,-8360.662965170413,-7783.873063371938,3,1.0208469373574105,0.0771077125000877,0.1841392841300189,-0.3013960068397906,0.455611431839966,0.6788403583509175,26,0.5641051439126783,0.0771077125000877,0.1668665311328363,-0.2554568044548652,0.4096722294550405,0.6453895005187561,73,0.7887742466972739,0.9753419950587796,0.7866451056459693,0.8970923365329809,0.8654363586917226,0.9995866424046339,0.7259261905578702
Pré,tipo_doencas_infecciosas,Tipologia | Doenças infecciosas,Tipologia,Principal,DLM irrestrito,4,1,,4,UF + mês-ano,C_prop,identidade,False,1998,74,27,2013-12-01,2020-01-01,-8359.210086730209,-7776.820282972525,4,1.027866641233719,0.1420090865345762,0.2194745475415486,-0.3091273069699018,0.5931454800390543,0.5232772344524091,26,0.6345157152539975,0.1420090865345762,0.1949579919281817,-0.2465416310475474,0.5305598041166999,0.4686937265676159,73,0.8229125596541902,0.9267836778411358,0.870192980919768,0.7888785006401584,0.9260971537884285,0.9806051733159493,0.7829263739654836
Pré,tipo_doencas_infecciosas,Tipologia | Doenças infecciosas,Tipologia,Principal,DLM irrestrito,5,1,,5,UF + mês-ano,C_prop,identidade,False,1998,74,27,2013-12-01,2020-01-01,-8357.228482028177,-7769.238776311284,5,1.034735952367275,0.1299659631530594,0.1931913201714223,-0.26714448274958,0.5270764090556989,0.5070534060256757,26,0.6942221654833328,0.1299659631530594,0.1667111275718968,-0.2022888349515878,0.4622207612577066,0.4381537352268249,73,0.8362605458419665,0.9675522807409572,0.8174460722844161,0.9510350586259051,0.9122842318275999,0.9806051733159493,0.8414297930778657
Pré,tipo_doencas_infecciosas,Tipologia | Doenças infecciosas,Tipologia,Principal,DLM irrestrito,6,1,,6,UF + mês-ano,C_prop,identidade,False,1998,74,27,2013-12-01,2020-01-01,-8355.354904006912,-7761.765296330811,6,1.0419120723737378,0.1619592277388357,0.1918996266804277,-0.2324961041673609,0.5564145596450324,0.4063798487964184,26,0.1284820457637065,0.1619592277388357,0.1634298794436392,-0.1637560522768627,0.4876745077545341,0.324958431416543,73,0.0015667359458368,0.7816475362485101,0.19272306864555977,0.7683321136092025,0.003269709800007235,0.9634483511351457,0.24184855673168282
Pré,tipo_doencas_infecciosas,Tipologia | Doenças infecciosas,Tipologia,Principal,DLM irrestrito,7,1,,7,UF + mês-ano,C_prop,identidade,False,1998,74,27,2013-12-01,2020-01-01,-8353.49371684292,-7754.304207207611,7,1.0490759456710366,0.1959409531139164,0.2102806584984556,-0.2362971308068678,0.6281790370347007,0.3600088720239758,26,0.1033782584727865,0.1959409531139164,0.1707016133957119,-0.1442668717684986,0.5361487779963314,0.2547756001099192,73,7.862522571596347e-05,0.7513228633543843,0.14170738475682382,0.5771120067030511,0.00017971480163648794,0.9502237447047982,0.20404111028487737
Pré,tipo_doencas_infecciosas,Tipologia | Doenças infecciosas,Tipologia,Principal,DLM irrestrito,8,1,,8,UF + mês-ano,C_prop,identidade,False,1998,74,27,2013-12-01,2020-01-01,-8351.557734093598,-7746.76832249908,8,1.4101311283804523,0.2271501270340411,0.2263723241126439,-0.2381648492735045,0.6924651033415867,0.3248984984238141,26,0.0097405649839403,0.2271501270340411,0.1730680734583496,-0.1177740459517439,0.5720743000198263,0.1934665086257934,73,3.7923512971075206e-05,0.8718340171871749,0.018701884769165372,0.6286280070036051,8.668231536245762e-05,0.9502237447047982,0.03137900129054593
Pré,tipo_doencas_infecciosas,Tipologia | Doenças infecciosas,Tipologia,Principal,DLM irrestrito,9,1,,9,UF + mês-ano,C_prop,identidade,False,1998,74,27,2013-12-01,2020-01-01,-8349.889956676136,-7739.500643122409,9,1.4213654802297122,0.1550536683393672,0.259805110563632,-0.3789833847340449,0.6890907214127795,0.5557975380375569,26,0.000856317608949,0.1550536683393672,0.1865823820994573,-0.2168044829265338,0.5269118196052683,0.4086722714594434,73,3.417122894773755e-05,0.920968967528233,0.002163328696292211,0.8288080712207794,6.83424578954751e-05,0.9806051733159493,0.0044677440466904346
Pré,tipo_doencas_infecciosas,Tipologia | Doenças infecciosas,Tipologia,Principal,DLM irrestrito,10,1,,10,UF + mês-ano,C_prop,identidade,False,1998,74,27,2013-12-01,2020-01-01,-8354.205511318405,-7738.2162958054705,10,1.4322538517324084,-0.1635892185862549,0.4093673266055875,-1.005055809642572,0.6778773724700624,0.692704226041529,26,6.292817814041747e-08,-0.1635892185862549,0.3598566967551354,-0.8807825809514569,0.5536041437789472,0.6507492529020056,73,0.000136983235664,0.857168830902073,3.356169500822265e-07,0.9047350340702046,0.00022673087282317243,0.9995866424046339,1.118723166940755e-06
Pré,tipo_doencas_infecciosas,Tipologia | Doenças infecciosas,Tipologia,Com contemporâneo,DLM irrestrito,10,0,,11,UF + mês-ano,C_prop,identidade,False,1998,74,27,2013-12-01,2020-01-01,-8353.602457660982,-7732.013340188838,11,1.4329035457728512,-0.0499331122328894,0.3831758978286384,-0.8375624503980696,0.7376962259322908,0.897321165584339,26,4.6821309158730615e-08,-0.0499331122328894,0.3680390343795292,-0.7834338499665686,0.6835676255007898,0.8924528966922836,73,5.2890135216089305e-05,1.0,2.2474228396190693e-07,1.0,8.189440291523504e-05,,
Pré,tipo_doencas_infecciosas,Tipologia | Doenças infecciosas,Tipologia,Delta X,DLM irrestrito,10,1,,10,UF + mês-ano,C_prop,primeira diferença,False,1998,74,27,2013-12-01,2020-01-01,-8354.294531044494,-7738.305315531559,10,8.1329889218362,1.9783092773294089,1.085479152185734,-0.2529250750214749,4.209543629680293,0.0798973150597213,26,3.35321168023328e-06,1.9783092773294089,0.8589569055094147,0.2664106333859017,3.690207921272916,0.0241211898595818,73,2.183938623413333e-09,0.45422547238102123,1.2381089280861342e-05,0.1586161564273392,6.988603594922665e-09,,
Pré,tipo_enxurradas,Tipologia | Enxurradas,Tipologia,Principal,DLM irrestrito,1,1,,1,UF + mês-ano,C_prop,identidade,False,1998,74,27,2013-12-01,2020-01-01,-8364.403558528806,-7798.813460648747,1,1.0,0.0530929464608383,0.0638459553973873,-0.0781442943967712,0.1843301873184479,0.4132191718107282,26,0.4132191718107282,0.0530929464608383,0.0496541949266667,-0.045867721316383,0.1520536142380597,0.2884781577377252,73,0.2884781577377252,0.8818788553910456,0.8818788553910458,0.6923475785705405,0.6923475785705405,0.9634483511351457,0.574913630345361
Pré,tipo_enxurradas,Tipologia | Enxurradas,Tipologia,Principal,DLM irrestrito,2,1,,2,UF + mês-ano,C_prop,identidade,False,1998,74,27,2013-12-01,2020-01-01,-8362.403562415366,-7791.213562576098,2,1.1601897349954131,0.052789403814229,0.1148190839636509,-0.1832246033910632,0.2888034110195213,0.6495088642416216,26,0.7045914231548492,0.052789403814229,0.0974932005394397,-0.1415142646546776,0.2470930722831357,0.5898341264183669,73,0.5141866528724156,0.9755417058797301,0.8910284057609713,0.9132915505832777,0.7259105687610573,0.9992444065255717,0.8434012047738844
Pré,tipo_enxurradas,Tipologia | Enxurradas,Tipologia,Principal,DLM irrestrito,3,1,,3,UF + mês-ano,C_prop,identidade,False,1998,74,27,2013-12-01,2020-01-01,-8360.40896668704,-7783.619064888565,3,1.232822279664344,0.0415061922575945,0.1775578379771407,-0.3234691707661998,0.4064815552813888,0.8170009346482103,26,0.7924442980420943,0.0415061922575945,0.151894593295701,-0.2612192956189461,0.3442316801341351,0.7854276081804766,73,0.3726850339652394,0.9753419950587796,0.8713896667831633,0.966680133145202,0.5770606977526287,1.0,0.9078120836759075
Pré,tipo_enxurradas,Tipologia | Enxurradas,Tipologia,Principal,DLM irrestrito,4,1,,4,UF + mês-ano,C_prop,identidade,False,1998,74,27,2013-12-01,2020-01-01,-8358.524415587552,-7776.134611829868,4,1.2648849859340896,0.0945342985623521,0.1941196492044334,-0.3044843549963884,0.4935529521210927,0.6303460002213256,26,0.7838920674999761,0.0945342985623521,0.190356642476339,-0.284845942787034,0.4739145399117384,0.6209515512428205,73,0.4574870156154037,0.9455190003319884,0.9177272985365574,0.8763765516650496,0.7244140319838835,0.9920199347745452,0.9001631397128912
Pré,tipo_enxurradas,Tipologia | Enxurradas,Tipologia,Principal,DLM irrestrito,5,1,,5,UF + mês-ano,C_prop,identidade,False,1998,74,27,2013-12-01,2020-01-01,-8357.016293275523,-7769.02658755863,5,1.2824888551522466,0.2097751787969561,0.1798474220671758,-0.1599064917261537,0.579456849320066,0.2540380672208079,26,0.4427751231479809,0.2097751787969561,0.2409688386247748,-0.2704750240112363,0.6900253816051487,0.3868542346947413,73,0.1766969876909823,0.9675522807409572,0.5593076705230426,0.9510350586259051,0.26504548153647345,0.9099871064625955,0.5984286652236581
Pré,tipo_enxurradas,Tipologia | Enxurradas,Tipologia,Principal,DLM irrestrito,6,1,,6,UF + mês-ano,C_prop,identidade,False,1998,74,27,2013-12-01,2020-01-01,-8355.057041678763,-7761.467434002662,6,1.291973523809101,0.1753753559930883,0.2081230383642199,-0.2524276762243659,0.6031783882105425,0.4071080917960991,26,0.0154618652634101,0.1753753559930883,0.3242309520743928,-0.4708159996157078,0.8215667116018844,0.590225737824132,73,0.0058162932961996,0.7816475362485101,0.035382080600808226,0.828367854524273,0.010737772239137723,0.9634483511351457,0.043965898971418504
Pré,tipo_enxurradas,Tipologia | Enxurradas,Tipologia,Principal,DLM irrestrito,7,1,,7,UF + mês-ano,C_prop,identidade,False,1998,74,27,2013-12-01,2020-01-01,-8353.296564285312,-7754.107054650003,7,1.3210089705110888,0.0904258245000695,0.2134042525143337,-0.3482328988747208,0.52908454787486,0.6752476350490475,26,0.0025529317758624,0.0904258245000695,0.343207711728808,-0.5935861585586786,0.7744378075588179,0.7929286317891443,73,0.0080638828176731,0.8759969319555211,0.008095894930937701,1.0,0.013823799116011028,0.9995866424046339,0.01103970497670227
Pré,tipo_enxurradas,Tipologia | Enxurradas,Tipologia,Principal,DLM irrestrito,8,1,,8,UF + mês-ano,C_prop,identidade,False,1998,74,27,2013-12-01,2020-01-01,-8351.603023094565,-7746.813611500047,8,1.348014621995248,-0.0101996468770526,0.2729577964655501,-0.5712724330190805,0.5508731392649752,0.970477721665655,26,0.0019025476171712,-0.0101996468770526,0.3312957193667253,-0.6704710633945481,0.6500717696404428,0.9755233167727938,73,0.0112742681402362,1.0,0.004892334143933811,1.0,0.01803882902437792,1.0,0.008615309964548831
Pré,tipo_enxurradas,Tipologia | Enxurradas,Tipologia,Principal,DLM irrestrito,9,1,,9,UF + mês-ano,C_prop,identidade,False,1998,74,27,2013-12-01,2020-01-01,-8350.476446336637,-7740.087132782911,9,1.3667405631547476,-0.1790230012022424,0.2620242617552623,-0.7176215848788502,0.3595755824743653,0.500504721549928,26,0.0002234908496507,-0.1790230012022424,0.286087022546839,-0.7491936148924787,0.3911476124879938,0.5334212630539144,73,0.0012607155846609,0.920968967528233,0.00071517071888224,0.8760418292016429,0.0019520757439910707,0.9806051733159493,0.0013082391199065364
Pré,tipo_enxurradas,Tipologia | Enxurradas,Tipologia,Principal,DLM irrestrito,10,1,,10,UF + mês-ano,C_prop,identidade,False,1998,74,27,2013-12-01,2020-01-01,-8350.440090371756,-7734.450874858821,10,1.3803238512594838,0.0825832544428535,0.3381499874166795,-0.6124939993688485,0.7776605082545556,0.8089768009939977,26,0.0001843880596564,0.0825832544428535,0.3362174376227834,-0.5874971324134053,0.7526636412991126,0.8066621426956639,73,4.2811400506185095e-05,0.905477974225906,0.000465822466500379,0.9100333789775221,7.610915645544017e-05,1.0,0.001092669983149037
Pré,tipo_enxurradas,Tipologia | Enxurradas,Tipologia,Com contemporâneo,DLM irrestrito,10,0,,11,UF + mês-ano,C_prop,identidade,False,1998,74,27,2013-12-01,2020-01-01,-8348.784736257678,-7727.195618785534,11,1.3901821689542562,0.1932880712272296,0.351152374557647,-0.5285159721253626,0.9150921145798218,0.5867166815581064,26,0.0001537425237569,0.1932880712272296,0.3476604693700648,-0.4995982450128275,0.8861743874672867,0.5799328936936403,73,3.347845261753856e-05,0.9538948661305524,0.00033543823365141817,0.9728165481385603,5.35655241880617e-05,,
Pré,tipo_enxurradas,Tipologia | Enxurradas,Tipologia,Delta X,DLM irrestrito,10,1,,10,UF + mês-ano,C_prop,primeira diferença,False,1998,74,27,2013-12-01,2020-01-01,-8350.647268311806,-7734.658052798872,10,5.161091424958814,0.5739931786569425,1.0690848818766845,-1.6235422684486214,2.7715286257625067,0.5959008082056307,26,0.0004149572380268,0.5739931786569425,1.2032453014770097,-1.8240712489272093,2.972057606241094,0.6347604268605922,73,2.7591756589867007e-05,0.8970292255860751,0.0009300784647074183,0.8565341059194355,5.297617265254465e-05,,
Pré,tipo_erosao,Tipologia | Erosão,Tipologia,Principal,DLM irrestrito,1,1,,1,UF + mês-ano,C_prop,identidade,False,1998,74,27,2013-12-01,2020-01-01,-8366.239716652888,-7800.64961877283,1,1.0,-0.8334407235857756,0.5405524167721726,-1.944562129390528,0.2776806822189769,0.1351990333395659,26,0.1351990333395659,-0.8334407235857756,0.6859207605034708,-2.2004788278573764,0.5335973806858253,0.2282553718672142,73,0.2282553718672141,0.5573360160831528,0.5573360160831524,0.6431039520699376,0.6431039520699376,0.7442792516394832,0.24959821539612168
Pré,tipo_erosao,Tipologia | Erosão,Tipologia,Principal,DLM irrestrito,2,1,,2,UF + mês-ano,C_prop,identidade,False,1998,74,27,2013-12-01,2020-01-01,-8364.324813487165,-7793.134813647897,2,1.0114708386763829,-0.6602386845644077,0.6910050260644649,-2.0806198578901016,0.760142488761286,0.3481372176238256,26,0.1653545114950552,-0.6602386845644077,0.8985750652231658,-2.4510962069504663,1.1306188378216506,0.464838385613242,73,0.061268118946107,0.8455513872328557,0.45175440209123097,0.8581631734398314,0.2940869709413136,0.9502237447047982,0.2970989027419288
Pré,tipo_erosao,Tipologia | Erosão,Tipologia,Principal,DLM irrestrito,3,1,,3,UF + mês-ano,C_prop,identidade,False,1998,74,27,2013-12-01,2020-01-01,-8362.333814863734,-7785.543913065258,3,1.0148988323176658,-0.7172194911394588,0.727391225112775,-2.212393567769273,0.7779545854903557,0.3332127460468944,26,0.2905382891053073,-0.7172194911394588,1.012413786416404,-2.7349572576786176,1.3005182753996998,0.4809373067273947,73,0.0854970115860721,0.9751028205188853,0.5608427539163554,0.8970923365329809,0.27005086566375924,0.9502237447047982,0.44301034397265554
Pré,tipo_erosao,Tipologia | Erosão,Tipologia,Principal,DLM irrestrito,4,1,,4,UF + mês-ano,C_prop,identidade,False,1998,74,27,2013-12-01,2020-01-01,-8362.499271635857,-7780.109467878174,4,1.0479674700352213,0.2016680266257456,0.8519737827331577,-1.5495891647341873,1.9529252179856789,0.814739251401319,26,0.2345009755994662,0.2016680266257456,1.2279841495851462,-2.245700854135748,2.64903690738724,0.8700063981528177,73,3.0910918399947225e-05,0.9606430469571534,0.5556987628352554,0.9602423833388254,0.00023507819210032005,1.0,0.38548105577994446
Pré,tipo_erosao,Tipologia | Erosão,Tipologia,Principal,DLM irrestrito,5,1,,5,UF + mês-ano,C_prop,identidade,False,1998,74,27,2013-12-01,2020-01-01,-8361.463164441499,-7773.473458724606,5,1.075628826407883,-0.3814268684903613,0.9847410947446904,-2.4055911781794834,1.642737441198761,0.7016592124282148,26,3.100352172776365e-06,-0.3814268684903613,1.4171155982126464,-3.205734182781848,2.442880445801125,0.7885680059947813,73,2.417525929489369e-05,0.9677971230638593,2.480281738221092e-05,0.958342043278112,0.0001054920405595361,0.9995866424046339,3.0608771464361295e-05
Pré,tipo_erosao,Tipologia | Erosão,Tipologia,Principal,DLM irrestrito,6,1,,6,UF + mês-ano,C_prop,identidade,False,1998,74,27,2013-12-01,2020-01-01,-8359.550654695231,-7765.96104701913,6,1.097988714392402,-0.2005461042813047,1.1394525727827636,-2.5427244115736367,2.1416322030110275,0.8616559254544461,26,4.014687390981463e-06,-0.2005461042813047,1.4228904382275969,-3.036362658125061,2.635270449562452,0.888303368059811,73,4.8215752479907145e-05,0.9847496290907956,3.8540998953422044e-05,0.9708214317265003,0.0001412843516175651,1.0,3.7190222340047965e-05
Pré,tipo_erosao,Tipologia | Erosão,Tipologia,Principal,DLM irrestrito,7,1,,7,UF + mês-ano,C_prop,identidade,False,1998,74,27,2013-12-01,2020-01-01,-8357.981476970157,-7758.791967334848,7,1.104414419124976,-0.6089010505707747,1.3841099440879536,-3.453979786961905,2.236177685820356,0.6636286181761039,26,1.686105128348001e-06,-0.6089010505707747,1.7387226634580069,-4.074170321562136,2.8563682204205865,0.7271968878323086,73,3.06813296120694e-05,0.8759969319555211,2.0233261540176012e-05,0.9704228424505724,7.751072744101744e-05,0.9995866424046339,1.9739767356269278e-05
Pré,tipo_erosao,Tipologia | Erosão,Tipologia,Principal,DLM irrestrito,8,1,,8,UF + mês-ano,C_prop,identidade,False,1998,74,27,2013-12-01,2020-01-01,-8356.041593431704,-7751.252181837186,8,1.1190317202615436,-0.7586543851306493,1.6802824664977796,-4.212524460252293,2.6952156899909943,0.6553700446540066,26,3.615592613073234e-08,-0.7586543851306493,2.202061500446603,-5.14735662655343,3.630047856292132,0.7314457616294487,73,3.195641953643816e-05,1.0,3.4709689085503045e-07,1.0,7.669540688745158e-05,0.9995866424046339,6.941937817100609e-07
Pré,tipo_erosao,Tipologia | Erosão,Tipologia,Principal,DLM irrestrito,9,1,,9,UF + mês-ano,C_prop,identidade,False,1998,74,27,2013-12-01,2020-01-01,-8355.464348327532,-7745.075034773806,9,1.142621485283074,-1.5167848867911322,1.6130664942079882,-4.832490552124106,1.7989207785418415,0.3557125925364801,26,9.644143227686206e-08,-1.5167848867911322,2.37856049463712,-6.257249116358064,3.2236793427757995,0.5256705111693724,73,4.009454628069256e-05,0.920968967528233,6.613126784699113e-07,0.8760418292016429,7.698152885892971e-05,0.9502237447047982,1.6532816961747783e-06
Pré,tipo_erosao,Tipologia | Erosão,Tipologia,Principal,DLM irrestrito,10,1,,10,UF + mês-ano,C_prop,identidade,False,1998,74,27,2013-12-01,2020-01-01,-8354.6926777405,-7738.703462227566,10,1.1556093140846309,-2.24878488520189,1.2113280352799602,-4.738705321573281,0.2411355511695014,0.0747541908719145,26,3.461748489217938e-08,-2.24878488520189,2.342839298363309,-6.918056873261769,2.4204871028579884,0.3402969019984482,73,3.280864807825743e-05,0.5126001659788423,2.077049093530763e-07,0.8455830012552736,6.056981183678295e-05,0.5520309479772147,6.923496978435875e-07
Pré,tipo_erosao,Tipologia | Erosão,Tipologia,Com contemporâneo,DLM irrestrito,10,0,,11,UF + mês-ano,C_prop,identidade,False,1998,74,27,2013-12-01,2020-01-01,-8352.976918746514,-7731.38780127437,11,1.163002343363059,-1.8917655753620024,1.3704121854918434,-4.708688165715405,0.9251570149914,0.1792063848403473,26,4.010250507698165e-08,-1.8917655753620024,2.291567132683741,-6.458852284584355,2.675321133860349,0.4117584835944027,73,2.114723736843505e-05,0.8307007793152316,2.1388002707723548e-07,0.9045893710465074,3.500232392016836e-05,,
Pré,tipo_erosao,Tipologia | Erosão,Tipologia,Delta X,DLM irrestrito,10,1,,10,UF + mês-ano,C_prop,primeira diferença,False,1998,74,27,2013-12-01,2020-01-01,-8353.571718477751,-7737.582502964817,10,7.2083286475914035,2.631789560686985,5.890513759240429,-9.476334880162618,14.739914001536588,0.6587302374371918,26,8.514789548277151e-06,2.631789560686985,6.845220555679497,-11.010715332864407,16.27429445423838,0.7017470540249336,73,2.501052628884158e-05,0.8970292255860751,2.621257774844836e-05,0.8565341059194355,5.002105257768316e-05,,
Pré,tipo_estiagem_e_seca,Tipologia | Estiagem e Seca,Tipologia,Principal,DLM irrestrito,1,1,,1,UF + mês-ano,C_prop,identidade,False,1998,74,27,2013-12-01,2020-01-01,-8364.563718979358,-7798.9736210993,1,1.0,-0.0171864991634395,0.0319030855066898,-0.0827642306059813,0.0483912322791021,0.5946701057634529,26,0.5946701057634529,-0.0171864991634395,0.0368668763617966,-0.0906620777930368,0.0562890794661576,0.6424767210250959,73,0.6424767210250959,1.0,1.0,1.0,1.0,0.9857021087578729,0.7472294522682131
Pré,tipo_estiagem_e_seca,Tipologia | Estiagem e Seca,Tipologia,Principal,DLM irrestrito,2,1,,2,UF + mês-ano,C_prop,identidade,False,1998,74,27,2013-12-01,2020-01-01,-8363.997339161053,-7792.807339321786,2,1.0431505196550548,0.0258560356799939,0.0342007033620241,-0.044444516902939,0.0961565882629269,0.4564393990350189,26,0.2513786503906599,0.0258560356799939,0.0262358535613404,-0.0264319450630246,0.0781440164230125,0.3276225036710837,73,0.2641700438299528,0.8854895002580467,0.5572521065971008,0.7338044683980498,0.5288169803780649,0.9806051733159493,0.40490520868294205
Pré,tipo_estiagem_e_seca,Tipologia | Estiagem e Seca,Tipologia,Principal,DLM irrestrito,3,1,,3,UF + mês-ano,C_prop,identidade,False,1998,74,27,2013-12-01,2020-01-01,-8362.006990413032,-7785.217088614557,3,1.1130843028452468,0.02198412169068,0.0333293310463602,-0.0465252994453872,0.0904935428267473,0.5153094021016684,26,0.4224329205469415,0.02198412169068,0.0305783611793707,-0.0389584642542277,0.0829267076355878,0.4744706935146436,73,0.3248345756241118,0.9751028205188853,0.7241707209376139,0.8970923365329809,0.5770606977526287,0.9806051733159493,0.5843452503242995
Pré,tipo_estiagem_e_seca,Tipologia | Estiagem e Seca,Tipologia,Principal,DLM irrestrito,4,1,,4,UF + mês-ano,C_prop,identidade,False,1998,74,27,2013-12-01,2020-01-01,-8360.025465150926,-7777.635661393242,4,1.202633766834239,0.028025231559174,0.0507972586214622,-0.0763900289395972,0.1324404920579452,0.5858598684779268,26,0.5518611397680003,0.028025231559174,0.0393134730897897,-0.050326407317525,0.106376870435873,0.4782013483440034,73,0.3259683252459653,0.9373757895646829,0.870192980919768,0.7888785006401584,0.6258591844722533,0.9857021087578729,0.7139982401311056
Pré,tipo_estiagem_e_seca,Tipologia | Estiagem e Seca,Tipologia,Principal,DLM irrestrito,5,1,,5,UF + mês-ano,C_prop,identidade,False,1998,74,27,2013-12-01,2020-01-01,-8358.661816358575,-7770.672110641683,5,1.2834093021973347,-0.0115798933510615,0.0416204658357532,-0.0971319861264824,0.0739721994243592,0.783039629288762,26,0.2913105485684353,-0.0115798933510615,0.0617282406658598,-0.1346040995843574,0.1114443128822343,0.851714801489297,73,0.1378146856773441,0.9677971230638593,0.46057193043192307,0.958342043278112,0.22050349708375055,1.0,0.44301034397265554
Pré,tipo_estiagem_e_seca,Tipologia | Estiagem e Seca,Tipologia,Principal,DLM irrestrito,6,1,,6,UF + mês-ano,C_prop,identidade,False,1998,74,27,2013-12-01,2020-01-01,-8357.87182144079,-7764.28221376469,6,1.3545534320708723,-0.0701684407828893,0.0467960819204878,-0.1663591647835957,0.026022283217817,0.1458022251434636,26,0.0245651078031929,-0.0701684407828893,0.0753619662684413,-0.2203646229573011,0.0800277413915225,0.3548783402143006,73,3.3667570026425206e-05,0.6998506806886253,0.053596598843329964,0.7683321136092025,0.00011543166866202927,0.7442792516394832,0.06550695414184773
Pré,tipo_estiagem_e_seca,Tipologia | Estiagem e Seca,Tipologia,Principal,DLM irrestrito,7,1,,7,UF + mês-ano,C_prop,identidade,False,1998,74,27,2013-12-01,2020-01-01,-8356.457969485276,-7757.268459849967,7,1.476386051580214,-0.1047307157540556,0.0652039237094829,-0.2387593004539219,0.0292978689458107,0.1203080296350743,26,0.029528269987176,-0.1047307157540556,0.09012916924197,-0.2843578910121422,0.074896459504031,0.2490177537385876,73,5.928622816211501e-05,0.46969254382612935,0.05014520637099575,0.5771120067030511,0.000142286947589076,0.6957572798172972,0.07305963708167258
Pré,tipo_estiagem_e_seca,Tipologia | Estiagem e Seca,Tipologia,Principal,DLM irrestrito,8,1,,8,UF + mês-ano,C_prop,identidade,False,1998,74,27,2013-12-01,2020-01-01,-8357.251954440851,-7752.462542846333,8,1.5283307922146518,-0.1889878136502902,0.0631965804461941,-0.3188902451790049,-0.0590853821215755,0.0060230576352038,26,0.0337086376680939,-0.1889878136502902,0.1022437225361186,-0.3927592588050544,0.0147836315044739,0.0685937900819558,73,3.800697642513279e-07,0.07227669162244561,0.05056295650214085,0.41156274049173486,1.4033345141587492e-06,0.16061487027210133,0.08009973307269837
Pré,tipo_estiagem_e_seca,Tipologia | Estiagem e Seca,Tipologia,Principal,DLM irrestrito,9,1,,9,UF + mês-ano,C_prop,identidade,False,1998,74,27,2013-12-01,2020-01-01,-8355.446488803993,-7745.057175250266,9,1.6171005524903728,-0.2135229266674803,0.0776709284082303,-0.3731778065373208,-0.0538680467976398,0.0107236045464095,26,0.0361211407775485,-0.2135229266674803,0.1232435465975913,-0.4591469608209522,0.0321011074859916,0.0874026360160301,73,7.672093025808432e-07,0.1397069893684596,0.049537564494923664,0.5993323612527778,2.4550697682586983e-06,0.19515785115717452,0.08375916702040231
Pré,tipo_estiagem_e_seca,Tipologia | Estiagem e Seca,Tipologia,Principal,DLM irrestrito,10,1,,10,UF + mês-ano,C_prop,identidade,False,1998,74,27,2013-12-01,2020-01-01,-8353.65655464526,-7737.667339132326,10,1.7177047023158862,-0.1852443824788514,0.0770499230624288,-0.3436227675788424,-0.0268659973788603,0.0236279641836243,26,0.0482078866031332,-0.1852443824788514,0.1338087558177602,-0.451924848242545,0.0814360832848421,0.1704544567992896,73,1.499613653003812e-06,0.3780474269379888,0.06427718213751094,0.8455830012552736,3.9989697413434985e-06,0.33357125906293134,0.10614580536469696
Pré,tipo_estiagem_e_seca,Tipologia | Estiagem e Seca,Tipologia,Com contemporâneo,DLM irrestrito,10,0,,11,UF + mês-ano,C_prop,identidade,False,1998,74,27,2013-12-01,2020-01-01,-8351.661713603611,-7730.072596131467,11,1.8006281609788222,-0.1902659828346391,0.0997212055045632,-0.3952458564062246,0.0147138907369463,0.0674952244155173,26,0.0684548749820906,-0.1902659828346391,0.1576655371739208,-0.5044929452741433,0.123960979604865,0.2314169351613944,73,2.965058235340564e-06,0.4286921978455494,0.08425215382411151,0.9045893710465074,5.930116470681128e-06,,
Pré,tipo_estiagem_e_seca,Tipologia | Estiagem e Seca,Tipologia,Delta X,DLM irrestrito,10,1,,10,UF + mês-ano,C_prop,primeira diferença,False,1998,74,27,2013-12-01,2020-01-01,-8352.206612155622,-7736.217396642687,10,8.044688235365419,0.2016765965291775,0.2202123250166372,-0.2509763202945129,0.6543295133528679,0.3681738167547629,26,0.0653113721597528,0.2016765965291775,0.1795390630360739,-0.1561442400866751,0.5594974331450303,0.2649898913449252,73,8.158180068040962e-05,0.8905904248893264,0.07646209423580816,0.7066397102531338,0.00013985451545213076,,
Pré,tipo_granizo,Tipologia | Granizo,Tipologia,Principal,DLM irrestrito,1,1,,1,UF + mês-ano,C_prop,identidade,False,1998,74,27,2013-12-01,2020-01-01,-8364.321839662854,-7798.731741782796,1,1.0,-0.0623832568621544,0.3504260909822259,-0.7826944029446656,0.6579278892203568,0.8600861393235031,26,0.8600861393235031,-0.0623832568621544,0.1980428179092363,-0.4570820237583902,0.3323155100340814,0.7536611883187818,73,0.7536611883187818,1.0,1.0,1.0,1.0,1.0,0.9556052168995952
Pré,tipo_granizo,Tipologia | Granizo,Tipologia,Principal,DLM irrestrito,2,1,,2,UF + mês-ano,C_prop,identidade,False,1998,74,27,2013-12-01,2020-01-01,-8362.340015818714,-7791.150015979447,2,1.1222930914585365,-0.1533935989757074,0.4807433213948961,-1.1415756485338688,0.8347884505824539,0.7522183926132977,26,0.9234900841479304,-0.1533935989757074,0.3809214160356385,-0.9125688863246288,0.6057816883732139,0.688352457549885,73,0.91897430679953,0.9755417058797301,0.9850560897577925,0.9537517536921045,0.9802392605861653,1.0,0.9894536615870683
Pré,tipo_granizo,Tipologia | Granizo,Tipologia,Principal,DLM irrestrito,3,1,,3,UF + mês-ano,C_prop,identidade,False,1998,74,27,2013-12-01,2020-01-01,-8360.396533724188,-7783.606631925712,3,1.175537712247997,0.0039763378749873,0.4972753774083238,-1.0181878395000676,1.0261405152500422,0.9936810241020416,26,0.8850140826489504,0.0039763378749873,0.4378846446167427,-0.8687265003174814,0.876679176067456,0.9927794494690824,73,0.9209893239735328,1.0,0.9440150214922138,1.0,0.9610323380593385,1.0,0.9676691564270985
Pré,tipo_granizo,Tipologia | Granizo,Tipologia,Principal,DLM irrestrito,4,1,,4,UF + mês-ano,C_prop,identidade,False,1998,74,27,2013-12-01,2020-01-01,-8358.896214640983,-7776.506410883299,4,1.191324827895316,0.5036232196639525,0.600996374351463,-0.7317425203331125,1.7389889596610175,0.4096793417412773,26,0.1587380658600424,0.5036232196639525,0.580092388971519,-0.6524992443068647,1.6597456836347697,0.3881423178170224,73,0.1747207225105507,0.9267836778411358,0.47621419758012723,0.7888785006401584,0.4052425144890873,0.9634483511351457,0.2875255532559259
Pré,tipo_granizo,Tipologia | Granizo,Tipologia,Principal,DLM irrestrito,5,1,,5,UF + mês-ano,C_prop,identidade,False,1998,74,27,2013-12-01,2020-01-01,-8357.544058301235,-7769.554352584342,5,1.2064778711054176,-0.0978808210926345,0.5185764320183036,-1.1638299432926424,0.9680683011073734,0.8517550847092553,26,0.2120323570306628,-0.0978808210926345,0.6153850817188892,-1.3243415202738742,1.1285798780886052,0.8740638180493663,73,0.0735069857005294,0.9677971230638593,0.4071021254988726,0.958342043278112,0.13067908568983003,1.0,0.3521644684246303
Pré,tipo_granizo,Tipologia | Granizo,Tipologia,Principal,DLM irrestrito,6,1,,6,UF + mês-ano,C_prop,identidade,False,1998,74,27,2013-12-01,2020-01-01,-8356.526074470334,-7762.936466794233,6,1.2568458127694249,-0.9214619833552348,0.7944126122812404,-2.554400494328512,0.7114765276180421,0.25661894127275,26,0.0095804825677302,-0.9214619833552348,0.6410452775989856,-2.1990633791752767,0.3561394124648076,0.15486672312476,73,3.2415660766297133e-06,0.7245711282995293,0.0255479535139472,0.7683321136092025,1.4145015607111477e-05,0.9124229023031111,0.031071835354800646
Pré,tipo_granizo,Tipologia | Granizo,Tipologia,Principal,DLM irrestrito,7,1,,7,UF + mês-ano,C_prop,identidade,False,1998,74,27,2013-12-01,2020-01-01,-8355.651424037593,-7756.461914402284,7,1.3096298744504429,-1.8634018738099172,1.308604850739035,-4.553277668054868,0.8264739204350331,0.1663494426050875,26,0.0092847210428403,-1.8634018738099172,0.8397614351513333,-3.537044000499664,-0.1897597471201704,0.0295975355931309,73,2.1375393209145589e-10,0.46969254382612935,0.02228333050281672,0.3124000162925002,1.465741248627126e-09,0.7647472017331793,0.030448511903972242
Pré,tipo_granizo,Tipologia | Granizo,Tipologia,Principal,DLM irrestrito,8,1,,8,UF + mês-ano,C_prop,identidade,False,1998,74,27,2013-12-01,2020-01-01,-8353.812915896327,-7749.023504301809,8,1.361195272591756,-1.474649420893734,1.6034857130721665,-4.770661508556832,1.821362666769364,0.366208565668974,26,0.0093248567705915,-1.474649420893734,1.1393764517691356,-3.745423414576202,0.796124572788734,0.1996550573361877,73,3.6333666025079865e-10,0.8827240665679068,0.018649713541183,0.6286280070036051,1.9377955213375928e-09,0.9594826810520726,0.030448511903972242
Pré,tipo_granizo,Tipologia | Granizo,Tipologia,Principal,DLM irrestrito,9,1,,9,UF + mês-ano,C_prop,identidade,False,1998,74,27,2013-12-01,2020-01-01,-8351.893220217202,-7741.503906663475,9,1.3918362818667829,-1.774132462468427,1.86456680760312,-5.606804425813002,2.058539500876148,0.3501135799044096,26,0.0107989176508435,-1.774132462468427,1.224472877968738,-4.214503388990201,0.6662384640533467,0.1516490924265013,73,1.0689418787606876e-10,0.920968967528233,0.0172782682413496,0.6617414942247329,5.701023353390334e-10,0.9502237447047982,0.03387895733597961
Pré,tipo_granizo,Tipologia | Granizo,Tipologia,Principal,DLM irrestrito,10,1,,10,UF + mês-ano,C_prop,identidade,False,1998,74,27,2013-12-01,2020-01-01,-8350.391543763228,-7734.402328250293,10,1.4152963265491785,-1.0199575886045698,1.9931186540187007,-5.11687165664827,3.0769564794391298,0.6131525609669668,26,0.0082856140140849,-1.0199575886045698,1.610436371127291,-4.229552647689749,2.189637470480609,0.528489375784546,73,2.5344038326172753e-13,0.857168830902073,0.01325698242253584,0.8455830012552736,1.5206422995703653e-12,0.9857021087578729,0.027618713380283003
Pré,tipo_granizo,Tipologia | Granizo,Tipologia,Com contemporâneo,DLM irrestrito,10,0,,11,UF + mês-ano,C_prop,identidade,False,1998,74,27,2013-12-01,2020-01-01,-8349.145417408323,-7727.556299936179,11,1.434008252944856,-0.1503219942465841,1.9321567180491197,-4.121927008268147,3.821283019774979,0.9385827154024532,26,0.0007474402332735,-0.1503219942465841,1.5109004481402315,-3.161542244895759,2.860898256402591,0.9210206248850576,73,9.228442903548581e-14,1.0,0.0013287826369306666,1.0,4.0269569033666533e-13,,
Pré,tipo_granizo,Tipologia | Granizo,Tipologia,Delta X,DLM irrestrito,10,1,,10,UF + mês-ano,C_prop,primeira diferença,False,1998,74,27,2013-12-01,2020-01-01,-8350.382763459342,-7734.393547946407,10,5.316823110021432,-2.8368575910614515,2.789458681943896,-8.570672029675078,2.8969568475521754,0.3185279586299396,26,0.0089280692692105,-2.8368575910614515,3.228228724086381,-9.270708159880684,3.59699297775778,0.3824115758962286,73,1.0708311926418046e-11,0.8494078896798389,0.012244209283488686,0.8565341059194355,4.2833247705672184e-11,,
Pré,tipo_incendio_florestal,Tipologia | Incêndio Florestal,Tipologia,Principal,DLM irrestrito,1,1,,1,UF + mês-ano,C_prop,identidade,False,1998,74,27,2013-12-01,2020-01-01,-8364.96046263008,-7799.370364750022,1,1.0,0.1166983642540881,0.0429387188681275,0.0284365635630418,0.2049601649451344,0.0115404660731078,26,0.0115404660731078,0.1166983642540881,0.081015429147188,-0.0447651531889908,0.2781618816971671,0.1540165288763438,73,0.1540165288763438,0.12249335107299167,0.12249335107299167,0.5280566704331787,0.5280566704331787,0.19515785115717452,0.0350289269277141
Pré,tipo_incendio_florestal,Tipologia | Incêndio Florestal,Tipologia,Principal,DLM irrestrito,2,1,,2,UF + mês-ano,C_prop,identidade,False,1998,74,27,2013-12-01,2020-01-01,-8363.713690114511,-7792.523690275244,2,1.038508919422279,0.2380421631290327,0.0735824829002085,0.0867912033592181,0.3892931228988472,0.003302576674514,26,0.012248313537409,0.2380421631290327,0.1322839084553179,-0.0255992862238925,0.5016836124819579,0.0760752958117981,73,0.1354100277381389,0.158523680376672,0.195973016598544,0.4930783839731311,0.4254920990437776,0.09907730023542,0.036291299370100734
Pré,tipo_incendio_florestal,Tipologia | Incêndio Florestal,Tipologia,Principal,DLM irrestrito,3,1,,3,UF + mês-ano,C_prop,identidade,False,1998,74,27,2013-12-01,2020-01-01,-8361.757820322417,-7784.967918523941,3,1.0557743960364787,0.2093042726326058,0.0907024554886231,0.022862705218546,0.3957458400466656,0.0292387502472622,26,0.0278435233901747,0.2093042726326058,0.1856289011073499,-0.1606535937564346,0.5792621390216464,0.2632061001150822,73,0.0187075468737094,0.35086500296714646,0.1647048858084992,0.8970923365329809,0.08979622499380512,0.3657246219538609,0.07185425391012826
Pré,tipo_incendio_florestal,Tipologia | Incêndio Florestal,Tipologia,Principal,DLM irrestrito,4,1,,4,UF + mês-ano,C_prop,identidade,False,1998,74,27,2013-12-01,2020-01-01,-8360.028594648009,-7777.638790890325,4,1.0645719279590478,0.2807446665438903,0.10529012711183,0.0643177106670734,0.4971716224207071,0.0130105234104783,26,0.0434326026396674,0.2807446665438903,0.2407606015128745,-0.1990905202987812,0.7605798533865619,0.2473801638042788,73,0.0234339972071395,0.1561262809257396,0.20847649267040352,0.7888785006401584,0.1124831865942696,0.19515785115717452,0.09696581054437374
Pré,tipo_incendio_florestal,Tipologia | Incêndio Florestal,Tipologia,Principal,DLM irrestrito,5,1,,5,UF + mês-ano,C_prop,identidade,False,1998,74,27,2013-12-01,2020-01-01,-8358.358920770595,-7770.369215053703,5,1.0853992582633762,0.1976410689930662,0.1479278659904973,-0.1064290143460188,0.5017111523321514,0.1931055425139139,26,2.692022134613941e-06,0.1976410689930662,0.3133556591530384,-0.4268758590802604,0.8221579970663928,0.5301904419641652,73,1.4038162953914795e-06,0.9675522807409572,2.480281738221092e-05,0.9510350586259051,8.422897772348877e-06,0.8130759684796375,3.0050479642202134e-05
Pré,tipo_incendio_florestal,Tipologia | Incêndio Florestal,Tipologia,Principal,DLM irrestrito,6,1,,6,UF + mês-ano,C_prop,identidade,False,1998,74,27,2013-12-01,2020-01-01,-8356.498400243823,-7762.908792567722,6,1.0902053309324913,0.1422250052520614,0.2784989563633926,-0.4302377981842091,0.7146878086883319,0.613881229847527,26,6.169773274840752e-06,0.1422250052520614,0.3919738000794667,-0.6389776517304402,0.9234276622345632,0.7177705491885397,73,1.770768992157154e-06,0.8666558539023911,4.935818619872602e-05,0.9069012439268598,8.499691162354338e-06,0.9857021087578729,5.288377092720645e-05
Pré,tipo_incendio_florestal,Tipologia | Incêndio Florestal,Tipologia,Principal,DLM irrestrito,7,1,,7,UF + mês-ano,C_prop,identidade,False,1998,74,27,2013-12-01,2020-01-01,-8354.709385948443,-7755.519876313134,7,1.0921812402707407,0.0722407486285191,0.344850665697405,-0.636609946648089,0.7810914439051273,0.8357030730243015,26,5.215182237304652e-06,0.0722407486285191,0.4744142153070925,-0.873265418959807,1.017746916216845,0.8793912467593755,73,1.64609235984765e-06,1.0,3.5761249627231895e-05,1.0,5.26749555151248e-06,1.0,4.635717544270801e-05
Pré,tipo_incendio_florestal,Tipologia | Incêndio Florestal,Tipologia,Principal,DLM irrestrito,8,1,,8,UF + mês-ano,C_prop,identidade,False,1998,74,27,2013-12-01,2020-01-01,-8352.711177917705,-7747.921766323187,8,1.0952289660374308,0.0656403462626674,0.3220263780597479,-0.5962943538586839,0.7275750463840188,0.840069248721593,26,1.0023616901580055e-05,0.0656403462626674,0.55729829668848,-1.0450535573007846,1.1763342498261198,0.9065629646594956,73,3.533606479542468e-06,1.0,6.0141701409480335e-05,1.0,9.977241824590498e-06,1.0,8.154806970776995e-05
Pré,tipo_incendio_florestal,Tipologia | Incêndio Florestal,Tipologia,Principal,DLM irrestrito,9,1,,9,UF + mês-ano,C_prop,identidade,False,1998,74,27,2013-12-01,2020-01-01,-8350.734834292318,-7740.345520738591,9,1.0983566746899165,0.0901990891070818,0.3535068254146402,-0.6364445972938979,0.8168427755080614,0.8006108503654014,26,1.0742695548217865e-05,0.0901990891070818,0.6441383343514001,-1.193566759930737,1.3739649381449006,0.8890214448885745,73,3.6303959238092207e-06,0.9638372254592756,4.687721693767796e-05,0.9874083345859336,1.0250529667226034e-05,1.0,8.594156438574292e-05
Pré,tipo_incendio_florestal,Tipologia | Incêndio Florestal,Tipologia,Principal,DLM irrestrito,10,1,,10,UF + mês-ano,C_prop,identidade,False,1998,74,27,2013-12-01,2020-01-01,-8348.986720432518,-7732.997504919584,10,1.1039415472639222,0.1718968384836403,0.3430132451958299,-0.5331769848608143,0.876970661828095,0.6204908570880611,26,6.988560325999985e-07,0.1718968384836403,0.7061363223246928,-1.2354308223959043,1.5792244993631852,0.8083528119103166,73,8.562872242432636e-07,0.857168830902073,2.795424130399994e-06,0.9100333789775221,2.9358419116911895e-06,0.9894870810706622,8.959640123383223e-06
Pré,tipo_incendio_florestal,Tipologia | Incêndio Florestal,Tipologia,Com contemporâneo,DLM irrestrito,10,0,,11,UF + mês-ano,C_prop,identidade,False,1998,74,27,2013-12-01,2020-01-01,-8357.107474580418,-7735.518357108274,11,1.1073220268660702,-0.2911693851552008,0.3675004481962458,-1.0465773751370342,0.4642386048266326,0.4353576329498763,26,8.154116367464519e-11,-0.2911693851552008,0.7096482090713212,-1.7054962262272269,1.1231574559168251,0.6827868799541604,73,1.2317127851080034e-31,0.9085724513736548,7.827951712765938e-10,0.9728165481385603,5.912221368518417e-30,,
Pré,tipo_incendio_florestal,Tipologia | Incêndio Florestal,Tipologia,Delta X,DLM irrestrito,10,1,,10,UF + mês-ano,C_prop,primeira diferença,False,1998,74,27,2013-12-01,2020-01-01,-8350.030943346506,-7734.041727833572,10,6.6292743301458135,1.5223368731748568,0.3922915620217987,0.7159700189078528,2.3287037274418605,0.0006377729726337,26,5.657256433549528e-08,1.5223368731748568,0.5658404400319474,0.3946185024789348,2.6500552438707787,0.0088405932139778,73,1.1736858243190475e-11,0.0102043675621392,2.715483088103773e-07,0.1060871185677336,4.333609197485714e-11,,
Pré,tipo_inundacoes,Tipologia | Inundações,Tipologia,Principal,DLM irrestrito,1,1,,1,UF + mês-ano,C_prop,identidade,False,1998,74,27,2013-12-01,2020-01-01,-8365.582044045777,-7799.991946165719,1,1.0,0.1541438896423448,0.1434872829362884,-0.1407984445040754,0.449086223788765,0.2925714146652746,26,0.2925714146652746,0.1541438896423448,0.1225597995831671,-0.090117438676544,0.3984052179612336,0.2125074775145506,73,0.2125074775145506,0.8067368761517023,0.8067368761517032,0.6431039520699376,0.6431039520699376,0.9448692513882324,0.44301034397265554
Pré,tipo_inundacoes,Tipologia | Inundações,Tipologia,Principal,DLM irrestrito,2,1,,2,UF + mês-ano,C_prop,identidade,False,1998,74,27,2013-12-01,2020-01-01,-8363.904010244456,-7792.714010405189,2,1.4123260225099543,0.0991640907216233,0.2035745718711522,-0.3192894347186494,0.517617616161896,0.630258981693053,26,0.2366762456070027,0.0991640907216233,0.1465090527241097,-0.1928280302743724,0.3911562117176191,0.5006427621319192,73,0.2381298962752895,0.9755417058797301,0.5572521065971008,0.8689142411294025,0.5288169803780649,0.9920199347745452,0.3877290030421887
Pré,tipo_inundacoes,Tipologia | Inundações,Tipologia,Principal,DLM irrestrito,3,1,,3,UF + mês-ano,C_prop,identidade,False,1998,74,27,2013-12-01,2020-01-01,-8361.936421841372,-7785.146520042897,3,1.624304130473974,0.1165690342978325,0.3257245152859952,-0.5529672957602113,0.7861053643558763,0.7233250681545716,26,0.1302388646984239,0.1165690342978325,0.2590327063063884,-0.3996824048822706,0.6328204734779356,0.65403197083385,73,0.3257876492311582,0.9753419950587796,0.4808819619634114,0.8970923365329809,0.5770606977526287,0.9995866424046339,0.24324768503985789
Pré,tipo_inundacoes,Tipologia | Inundações,Tipologia,Principal,DLM irrestrito,4,1,,4,UF + mês-ano,C_prop,identidade,False,1998,74,27,2013-12-01,2020-01-01,-8362.746840481437,-7780.3570367237535,4,1.7403371803112349,0.2785324910046159,0.4492120652477726,-0.6448361333057439,1.2019011153149757,0.5406238120739959,26,0.0009283323191144,0.2785324910046159,0.3919194414793495,-0.5025618294440849,1.0596268114533167,0.4795420067500057,73,0.4844977361072644,0.9267836778411358,0.008911990263498239,0.7888785006401584,0.7244140319838835,0.9806051733159493,0.004744656158153873
Pré,tipo_inundacoes,Tipologia | Inundações,Tipologia,Principal,DLM irrestrito,5,1,,5,UF + mês-ano,C_prop,identidade,False,1998,74,27,2013-12-01,2020-01-01,-8364.167380941544,-7776.1776752246515,5,1.8280654109338543,0.0795977452068539,0.4415949792079768,-0.8281137345120302,0.987309224925738,0.8583534370222985,26,5.455891707563124e-07,0.0795977452068539,0.3815719384104471,-0.6808740313653878,0.8400695217790959,0.8353377144524317,73,0.0054023117325783,0.9677971230638593,8.729426732100999e-06,0.958342043278112,0.012068842914988581,1.0,7.702435351853824e-06
Pré,tipo_inundacoes,Tipologia | Inundações,Tipologia,Principal,DLM irrestrito,6,1,,6,UF + mês-ano,C_prop,identidade,False,1998,74,27,2013-12-01,2020-01-01,-8364.667310864945,-7771.077703188844,6,1.8592889098962648,-0.1161046253060106,0.1709983455999871,-0.4675967586460123,0.2353875080339909,0.5031497454702647,26,7.093048431011718e-07,-0.1161046253060106,0.3718485065261779,-0.8571976300791182,0.6249883794670967,0.7557510366057165,73,0.0214026025872761,0.862542420806168,1.1348877489618748e-05,0.9069012439268598,0.03424416413964176,0.9806051733159493,8.959640123383223e-06
Pré,tipo_inundacoes,Tipologia | Inundações,Tipologia,Principal,DLM irrestrito,7,1,,7,UF + mês-ano,C_prop,identidade,False,1998,74,27,2013-12-01,2020-01-01,-8362.668042497113,-7763.478532861804,7,1.9306893945433563,-0.1125453234944299,0.1330142166278495,-0.3859599615309951,0.1608693145421352,0.4052089036244091,26,1.1740854533331619e-07,-0.1125453234944299,0.4521244194175682,-1.013627991938263,0.788537344949403,0.8041173849701768,73,0.0284088707610738,0.774474516294528,1.878536725333059e-06,1.0,0.043987928920372336,0.9634483511351457,1.9433138537928197e-06
Pré,tipo_inundacoes,Tipologia | Inundações,Tipologia,Principal,DLM irrestrito,8,1,,8,UF + mês-ano,C_prop,identidade,False,1998,74,27,2013-12-01,2020-01-01,-8374.53765677787,-7769.748245183351,8,2.0772854343789677,0.4259150942314525,0.5509872672665456,-0.7066554539523209,1.5584856424152258,0.4464913689955534,26,4.6593031177523057e-08,0.4259150942314525,0.5973352836828761,-0.7645724093411208,1.6164025978040255,0.4781033332133952,73,0.0036565600193721,0.9141799993169896,3.7274424942018445e-07,0.9290977152402194,0.0060522372734434764,0.9806051733159493,8.601790371235025e-07
Pré,tipo_inundacoes,Tipologia | Inundações,Tipologia,Principal,DLM irrestrito,9,1,,9,UF + mês-ano,C_prop,identidade,False,1998,74,27,2013-12-01,2020-01-01,-8376.327736612457,-7765.93842305873,9,2.170664722258532,0.7250749414013912,0.6892038100731963,-0.6916037794288957,2.141753662231678,0.3024578892180524,26,2.6649464530260553e-08,0.7250749414013912,0.4729459631207144,-0.2175050037994019,1.6676548866021843,0.1295731170823553,73,0.0001593456590525,0.920968967528233,2.1319571624208443e-07,0.6402660255015422,0.00028328117164888887,0.9501040119840165,5.561627380228289e-07
Pré,tipo_inundacoes,Tipologia | Inundações,Tipologia,Principal,DLM irrestrito,10,1,,10,UF + mês-ano,C_prop,identidade,False,1998,74,27,2013-12-01,2020-01-01,-8376.190861109,-7760.201645596066,10,2.22093996678276,0.5124048965558525,0.5465266377742721,-0.6109966963916742,1.6358064895033793,0.3570956589530466,26,1.5875948702010398e-08,0.5124048965558525,0.4389092699694129,-0.3623400170196017,1.387149810131307,0.2468276033064325,73,2.3186123611957555e-05,0.857168830902073,1.08863648242357e-07,0.8455830012552736,4.637224722391511e-05,0.9502237447047982,3.628788274745234e-07
Pré,tipo_inundacoes,Tipologia | Inundações,Tipologia,Com contemporâneo,DLM irrestrito,10,0,,11,UF + mês-ano,C_prop,identidade,False,1998,74,27,2013-12-01,2020-01-01,-8374.42310929533,-7752.833991823187,11,2.2620507897833915,0.5893344750264063,0.5700942177150311,-0.5825109722869196,1.7611799223397324,0.3107735855766482,26,2.8068911683937345e-08,0.5893344750264063,0.5371166053430415,-0.4811373756899909,1.6598063257428035,0.2761519027729054,73,6.242164034296554e-06,0.9085724513736548,1.6841347010362408e-07,0.9045893710465074,1.1097180505416096e-05,,
Pré,tipo_inundacoes,Tipologia | Inundações,Tipologia,Delta X,DLM irrestrito,10,1,,10,UF + mês-ano,C_prop,primeira diferença,False,1998,74,27,2013-12-01,2020-01-01,-8374.929075449409,-7758.939859936474,10,3.6643560182462864,0.463020338272699,1.432818774874846,-2.482180833722763,3.408221510268161,0.7491637492482327,26,1.5877328626559915e-09,0.463020338272699,1.559003714959641,-2.644069584893472,3.57011026143887,0.7673118032194943,73,0.0001035577902013,0.8970292255860751,1.0887311058212513e-08,0.8565341059194355,0.0001713325285408,,
Pré,tipo_movimento_de_massa,Tipologia | Movimento de Massa,Tipologia,Principal,DLM irrestrito,1,1,,1,UF + mês-ano,C_prop,identidade,False,1998,74,27,2013-12-01,2020-01-01,-8364.315212006402,-7798.725114126344,1,1.0,0.0032489156764735,0.3803557489766425,-0.778583523502074,0.7850813548550212,0.9932499319481386,26,0.9932499319481386,0.0032489156764735,0.4511286770135063,-0.8958492410179372,0.9023470723708844,0.994273529901295,73,0.994273529901295,1.0,1.0,1.0,1.0,1.0,1.0
Pré,tipo_movimento_de_massa,Tipologia | Movimento de Massa,Tipologia,Principal,DLM irrestrito,2,1,,2,UF + mês-ano,C_prop,identidade,False,1998,74,27,2013-12-01,2020-01-01,-8363.46361583627,-7792.273615997003,2,1.32135459492694,0.4707143664961377,0.497011437784891,-0.5509072752129267,1.4923360082052022,0.3523130780136899,26,0.1694079007842116,0.4707143664961377,0.6321697981945575,-0.7891982243799851,1.7306269573722606,0.458903251921317,73,0.0131785200261404,0.8455513872328557,0.45175440209123097,0.8581631734398314,0.1054281602091232,0.9502237447047982,0.2978600453348776
Pré,tipo_movimento_de_massa,Tipologia | Movimento de Massa,Tipologia,Principal,DLM irrestrito,3,1,,3,UF + mês-ano,C_prop,identidade,False,1998,74,27,2013-12-01,2020-01-01,-8361.463982474897,-7784.674080676422,3,1.4607520126993756,0.4629327302104091,0.535833680261741,-0.6384891737839524,1.5643546342047707,0.3955167713240117,26,0.1564016599496085,0.4629327302104091,0.7027425887226677,-0.937631229354264,1.8634966897750824,0.5121278530225036,73,0.0312978322486411,0.9751028205188853,0.49347685459175344,0.8970923365329809,0.13657235890316116,0.9634483511351457,0.28436665445383363
Pré,tipo_movimento_de_massa,Tipologia | Movimento de Massa,Tipologia,Principal,DLM irrestrito,4,1,,4,UF + mês-ano,C_prop,identidade,False,1998,74,27,2013-12-01,2020-01-01,-8359.481806375668,-7777.092002617985,4,1.5736297456415118,0.5139162672653643,0.4463129405939903,-0.4034931209728508,1.4313256555035796,0.2600177665175924,26,0.188061173389367,0.5139162672653643,0.7381927481229095,-0.9572997580963278,1.9851322926270565,0.4885257726912149,73,0.0627649811444263,0.9267836778411358,0.5014964623716454,0.7888785006401584,0.23174762268711252,0.9133982632983241,0.32239058295320056
Pré,tipo_movimento_de_massa,Tipologia | Movimento de Massa,Tipologia,Principal,DLM irrestrito,5,1,,5,UF + mês-ano,C_prop,identidade,False,1998,74,27,2013-12-01,2020-01-01,-8360.877220107122,-7772.88751439023,5,1.6565288927940447,-0.2097825083402508,0.4475568929960461,-1.129748877361162,0.7101838606806605,0.6431703189770428,26,0.0044616407038266,-0.2097825083402508,0.7168063238514004,-1.6383754515957645,1.2188104349152629,0.7706101977783255,73,0.0004173665766569,0.9677971230638593,0.015297053841691197,0.958342043278112,0.0012520997299707,0.994704354529413,0.017039590818074286
Pré,tipo_movimento_de_massa,Tipologia | Movimento de Massa,Tipologia,Principal,DLM irrestrito,6,1,,6,UF + mês-ano,C_prop,identidade,False,1998,74,27,2013-12-01,2020-01-01,-8359.228065016474,-7765.638457340373,6,1.7193801716822903,-0.4437172953186372,0.4502511742504969,-1.3692218387740558,0.4817872481367813,0.3334668962685671,26,0.0076049510071826,-0.4437172953186372,0.7239120272784559,-1.8864718850816984,0.9990372944444236,0.5418185229071478,73,0.0002520948857371,0.7363604935907562,0.022332419656398213,0.828367854524273,0.00060502772576904,0.9502237447047982,0.025889194918068428
Pré,tipo_movimento_de_massa,Tipologia | Movimento de Massa,Tipologia,Principal,DLM irrestrito,7,1,,7,UF + mês-ano,C_prop,identidade,False,1998,74,27,2013-12-01,2020-01-01,-8359.730808994464,-7760.541299359154,7,1.7642724458847907,-1.085981514395467,0.5410665591692675,-2.1981597550331022,0.0261967262421685,0.0552390581037542,26,0.0026986316436459,-1.085981514395467,0.8189513900111388,-2.7181492809311685,0.5461862521402343,0.1889529446431387,73,6.541151035573679e-07,0.3323159511463422,0.008095894930937701,0.5750623408985371,2.6164604142294714e-06,0.46640835248609436,0.011565564187053857
Pré,tipo_movimento_de_massa,Tipologia | Movimento de Massa,Tipologia,Principal,DLM irrestrito,8,1,,8,UF + mês-ano,C_prop,identidade,False,1998,74,27,2013-12-01,2020-01-01,-8358.535872771994,-7753.746461177476,8,1.7973569987900218,-1.4591737481232174,0.670953874624642,-2.8383391893856684,-0.0800083068607662,0.0389320508371456,26,0.001776301946434,-1.4591737481232174,0.7648224021175135,-2.9834625973595967,0.0651151011131618,0.0603426331901256,73,5.574854978322254e-07,0.23708293787250842,0.004892334143933811,0.41156274049173486,1.911378849710487e-06,0.4157657626930132,0.008359067983218824
Pré,tipo_movimento_de_massa,Tipologia | Movimento de Massa,Tipologia,Principal,DLM irrestrito,9,1,,9,UF + mês-ano,C_prop,identidade,False,1998,74,27,2013-12-01,2020-01-01,-8357.697238776307,-7747.307925222581,9,1.823457324904339,-1.037083745180699,0.8791798213305273,-2.8442637497863794,0.7700962594249816,0.2488391881462814,26,0.003597517208205,-1.037083745180699,0.7863269288312035,-2.604231054351084,0.530063563989686,0.1913262410542462,73,1.327315327220668e-07,0.918790848540116,0.00719503441641,0.7093642912019091,5.309261308882672e-07,0.9095012442285745,0.01439006883282
Pré,tipo_movimento_de_massa,Tipologia | Movimento de Massa,Tipologia,Principal,DLM irrestrito,10,1,,10,UF + mês-ano,C_prop,identidade,False,1998,74,27,2013-12-01,2020-01-01,-8357.067618996385,-7741.07840348345,10,1.8479398759391856,-0.6043106712535491,0.8882220564207809,-2.430077256278376,1.2214559137712775,0.5022906373311423,26,0.0036973565211228,-0.6043106712535491,0.7971088019144451,-2.192946222490544,0.9843248799834456,0.4508148444435056,73,5.935421315104549e-07,0.857168830902073,0.0073947130422456,0.8455830012552736,2.191540177884757e-06,0.9806051733159493,0.0146671994226359
Pré,tipo_movimento_de_massa,Tipologia | Movimento de Massa,Tipologia,Com contemporâneo,DLM irrestrito,10,0,,11,UF + mês-ano,C_prop,identidade,False,1998,74,27,2013-12-01,2020-01-01,-8355.134263695089,-7733.545146222945,11,1.8639336221792944,-0.6926485810212436,0.8072063307283742,-2.3518849568923126,0.9665877948498252,0.3986890589813808,26,0.0025503015985922,-0.6926485810212436,0.916634744714546,-2.519498992728115,1.1342018306856274,0.4522946855232537,73,2.882065727398609e-07,0.9085724513736548,0.004003013842344464,0.9045893710465074,8.137597347949013e-07,,
Pré,tipo_movimento_de_massa,Tipologia | Movimento de Massa,Tipologia,Delta X,DLM irrestrito,10,1,,10,UF + mês-ano,C_prop,primeira diferença,False,1998,74,27,2013-12-01,2020-01-01,-8357.08218456188,-7741.092969048945,10,4.429004140317225,-1.3466999785160123,4.040714909952241,-9.652508429086032,6.959108472054007,0.7415937790820567,26,0.0097183093121165,-1.3466999785160123,2.4672069494749533,-6.263836337795071,3.570436380763046,0.5868402095582668,73,3.0150281438951534e-07,0.8970292255860751,0.012957745749488667,0.8565341059194355,7.616913205629862e-07,,
Pré,tipo_onda_de_frio,Tipologia | Onda de Frio,Tipologia,Principal,DLM irrestrito,1,1,,1,UF + mês-ano,C_prop,identidade,False,1998,74,27,2013-12-01,2020-01-01,-8364.606013424696,-7799.015915544638,1,1.0,0.3984700114458991,0.1282303193632216,0.1348888150682197,0.6620512078235786,0.0045270003311262,26,0.0045270003311262,0.3984700114458991,0.2533040431778742,-0.1063642185838839,0.9033042414756822,0.1200224338832986,73,0.1200224338832986,0.12249335107299167,0.12249335107299167,0.512429712774206,0.512429712774206,0.12782118582003388,0.017109922511343117
Pré,tipo_onda_de_frio,Tipologia | Onda de Frio,Tipologia,Principal,DLM irrestrito,2,1,,2,UF + mês-ano,C_prop,identidade,False,1998,74,27,2013-12-01,2020-01-01,-8362.675258116236,-7791.485258276969,2,1.3831878133763298,0.2579085605763051,0.1721965430046831,-0.0960465028023546,0.6118636239549649,0.1462397603638305,26,0.0028711087472755,0.2579085605763051,0.4037554697651098,-0.546774930227867,1.0625920513804772,0.5249690206823473,73,7.43141222064572e-05,0.6956394881895605,0.068906609934612,0.8689142411294025,0.001783538932954973,0.7442792516394832,0.012075092391073669
Pré,tipo_onda_de_frio,Tipologia | Onda de Frio,Tipologia,Principal,DLM irrestrito,3,1,,3,UF + mês-ano,C_prop,identidade,False,1998,74,27,2013-12-01,2020-01-01,-8360.890395058988,-7784.100493260513,3,1.6344189297273846,0.5525598110470611,0.2030591787828766,0.1351656912722118,0.9699539308219104,0.0114492671873654,26,1.7411330198342495e-05,0.5525598110470611,0.5019425860425021,-0.4478103202973666,1.5529299423914888,0.2745818542789238,73,7.897325918474173e-07,0.1831882749978464,0.0002785812831734799,0.8970923365329809,9.476791102169008e-06,0.19515785115717452,0.00013058497648756872
Pré,tipo_onda_de_frio,Tipologia | Onda de Frio,Tipologia,Principal,DLM irrestrito,4,1,,4,UF + mês-ano,C_prop,identidade,False,1998,74,27,2013-12-01,2020-01-01,-8358.943988302219,-7776.554184544535,4,1.7618722454338414,0.6964618289538176,0.2413219317452661,0.2004174940612568,1.1925061638463783,0.0077472664937599,26,3.4219200093193146e-05,0.6964618289538176,0.3947783605409116,-0.0903303089677282,1.4832539668753633,0.0818844566591817,73,1.3957654301342166e-06,0.1239562639001584,0.00041063040111831775,0.4913067399550902,1.67491851616106e-05,0.19515785115717452,0.00023464594349618156
Pré,tipo_onda_de_frio,Tipologia | Onda de Frio,Tipologia,Principal,DLM irrestrito,5,1,,5,UF + mês-ano,C_prop,identidade,False,1998,74,27,2013-12-01,2020-01-01,-8356.944210696174,-7768.954504979281,5,1.8678417871379105,0.7059977077753454,0.3033459575943614,0.0824611618468228,1.329534253703868,0.0279999878418998,26,2.7904166893158672e-05,0.7059977077753454,0.5086324296102539,-0.3077052625722645,1.7197006781229554,0.1693493428892463,73,1.6852925430667226e-06,0.4479998054703968,0.00016742500135895203,0.819050850823609,8.988226896355855e-06,0.36324308551653794,0.0001969705898340612
Pré,tipo_onda_de_frio,Tipologia | Onda de Frio,Tipologia,Principal,DLM irrestrito,6,1,,6,UF + mês-ano,C_prop,identidade,False,1998,74,27,2013-12-01,2020-01-01,-8355.098923155665,-7761.509315479564,6,1.9832180674754485,0.9682655363781252,0.2949637409490698,0.3619588835250816,1.5745721892311688,0.002932990664768,26,1.7810283737336727e-05,0.9682655363781252,0.4638593296958253,0.0437952254771507,1.8927358472791,0.0403417342951114,73,1.2841042170150656e-06,0.07039177595443201,0.00010686170242402036,0.3872806492330694,6.84855582408035e-06,0.09907730023542,0.000131522095291102
Pré,tipo_onda_de_frio,Tipologia | Onda de Frio,Tipologia,Principal,DLM irrestrito,7,1,,7,UF + mês-ano,C_prop,identidade,False,1998,74,27,2013-12-01,2020-01-01,-8353.144232038578,-7753.954722403268,7,2.0655433382714,0.7614053466353108,0.3518722053018028,0.038121669997266,1.4846890232733556,0.0398442189247471,26,3.0883102441696302e-06,0.7614053466353108,0.5886081898034384,-0.4116890839181721,1.9344997771887935,0.1998924953628748,73,1.0384218341058014e-08,0.3323159511463422,2.4893702286941953e-05,0.5750623408985371,5.5382497818976075e-08,0.4157657626930132,3.0608771464361295e-05
Pré,tipo_onda_de_frio,Tipologia | Onda de Frio,Tipologia,Principal,DLM irrestrito,8,1,,8,UF + mês-ano,C_prop,identidade,False,1998,74,27,2013-12-01,2020-01-01,-8352.155796025025,-7747.366384430506,8,2.3505780843931507,-0.0729393617634339,0.5671391700018781,-1.2387106215097796,1.0928318979829117,0.8986565048981616,26,1.815993731450923e-08,-0.0729393617634339,0.6011614623756171,-1.271052428473781,1.125173704946913,0.9037624373922668,73,5.078432365977087e-17,1.0,2.1791924777411077e-07,1.0,1.093912927623063e-15,1.0,3.9621681413474687e-07
Pré,tipo_onda_de_frio,Tipologia | Onda de Frio,Tipologia,Principal,DLM irrestrito,9,1,,9,UF + mês-ano,C_prop,identidade,False,1998,74,27,2013-12-01,2020-01-01,-8350.383936700215,-7739.994623146488,9,2.656405811022004,-0.5120224529127514,0.5425991279594583,-1.627350933815369,0.6033060279898667,0.3540365695399429,26,8.646864076932869e-11,-0.5120224529127514,0.6475424237886288,-1.8025726424152388,0.7785277365897362,0.4316708704274893,73,7.949538009012924e-23,0.920968967528233,1.383498252309259e-09,0.8288080712207794,1.2719260814420678e-21,0.9502237447047982,4.611660841030864e-09
Pré,tipo_onda_de_frio,Tipologia | Onda de Frio,Tipologia,Principal,DLM irrestrito,10,1,,10,UF + mês-ano,C_prop,identidade,False,1998,74,27,2013-12-01,2020-01-01,-8348.50360407861,-7732.514388565676,10,2.8751081716038387,-0.8284890930983353,0.6087701621523636,-2.0798340827699144,0.4228558965732436,0.1852186767048645,26,1.6827091326534996e-10,-0.8284890930983353,0.7288223671229304,-2.2810299760585764,0.6240517898619056,0.259360448171016,73,2.4795398493833745e-22,0.7097583512216376,2.6923346122455993e-09,0.8455830012552736,3.967263759013399e-21,0.8082269528939542,8.077003836736798e-09
Pré,tipo_onda_de_frio,Tipologia | Onda de Frio,Tipologia,Com contemporâneo,DLM irrestrito,10,0,,11,UF + mês-ano,C_prop,identidade,False,1998,74,27,2013-12-01,2020-01-01,-8347.703297754626,-7726.114180282482,11,2.929041315868136,0.0131706965941481,0.5942168923891454,-1.208259618650625,1.234601011838921,0.9824857313861648,26,1.9637128562405154e-13,0.0131706965941481,0.8077334602727372,-1.5966397682144844,1.6229811614027805,0.9870349570016996,73,1.5918383747753606e-25,1.0,3.1419405699848247e-12,1.0,1.910206049730433e-24,,
Pré,tipo_onda_de_frio,Tipologia | Onda de Frio,Tipologia,Delta X,DLM irrestrito,10,1,,10,UF + mês-ano,C_prop,primeira diferença,False,1998,74,27,2013-12-01,2020-01-01,-8348.386520279555,-7732.39730476662,10,4.607238163846413,6.495481111049042,1.5137132910270352,3.3839988796779834,9.6069633424201,0.000218094673697,26,2.525276044742625e-10,6.495481111049042,2.249320331970808,2.012592154225608,10.978370067872476,0.0051022823338605,73,1.704725919649613e-12,0.005234272168728,2.42426500295292e-09,0.081636517341768,8.164135177436413e-12,,
Pré,tipo_outros,Tipologia | Outros,Tipologia,Principal,DLM irrestrito,1,1,,1,UF + mês-ano,C_prop,identidade,False,1998,74,27,2013-12-01,2020-01-01,-8364.315480803984,-7798.725382923925,1,1.0,-0.0110380881682409,0.3432699978801635,-0.716639674213794,0.694563497877312,0.9745934627540428,26,0.9745934627540428,-0.0110380881682409,0.2464143579235798,-0.5021411952879296,0.4800650189514476,0.964393159582592,73,0.964393159582592,1.0,1.0,1.0,1.0,1.0,1.0
Pré,tipo_outros,Tipologia | Outros,Tipologia,Principal,DLM irrestrito,2,1,,2,UF + mês-ano,C_prop,identidade,False,1998,74,27,2013-12-01,2020-01-01,-8363.123827465164,-7791.933827625897,2,1.1950659407570865,-0.4930310322144187,0.3800831612326827,-1.2743031592606435,0.2882410948318063,0.205967054016684,26,0.1393557325518944,-0.4930310322144187,0.3336685277366,-1.158031448993362,0.1719693845645245,0.1438145286588299,73,0.2842421460499296,0.7061727566286308,0.45175440209123097,0.4930783839731311,0.5288169803780649,0.8212080096779278,0.2553082123088142
Pré,tipo_outros,Tipologia | Outros,Tipologia,Principal,DLM irrestrito,3,1,,3,UF + mês-ano,C_prop,identidade,False,1998,74,27,2013-12-01,2020-01-01,-8361.560241939049,-7784.770340140573,3,1.2950967217224647,-0.1875133194796303,0.4533905196957424,-1.1194708799158204,0.7444442409565597,0.6825731857566557,26,0.0287711761941789,-0.1875133194796303,0.4982253838622266,-1.1804750775624178,0.8054484386031571,0.7077391377997494,73,0.0015308188414343,0.9753419950587796,0.1647048858084992,0.9181480706591343,0.0122465507314744,0.9995866424046339,0.0721956266965052
Pré,tipo_outros,Tipologia | Outros,Tipologia,Principal,DLM irrestrito,4,1,,4,UF + mês-ano,C_prop,identidade,False,1998,74,27,2013-12-01,2020-01-01,-8359.922323780213,-7777.532520022529,4,1.763490049963849,0.166085604222001,0.584258622091913,-1.0348751932688476,1.36704640171285,0.7784572906599522,26,0.013649304032451,0.166085604222001,0.546969094634412,-0.924022229334958,1.2561934377789603,0.7622604970502711,73,3.4282236347963344e-05,0.9606430469571534,0.109194432259608,0.9602423833388254,0.00023507819210032005,1.0,0.03970706627622109
Pré,tipo_outros,Tipologia | Outros,Tipologia,Principal,DLM irrestrito,5,1,,5,UF + mês-ano,C_prop,identidade,False,1998,74,27,2013-12-01,2020-01-01,-8358.189616854592,-7770.199911137699,5,2.0987649765267085,-0.1039911102052609,0.882452529507683,-1.9178982628131724,1.7099160424026507,0.9070975056058844,26,0.021319699047028,-0.1039911102052609,0.5239070788143358,-1.148136412515582,0.9401541921050602,0.8432122793871811,73,4.486975821180731e-05,0.9677971230638593,0.05685253079207467,0.958342043278112,0.00017947903284722924,1.0,0.05847688881470538
Pré,tipo_outros,Tipologia | Outros,Tipologia,Principal,DLM irrestrito,6,1,,6,UF + mês-ano,C_prop,identidade,False,1998,74,27,2013-12-01,2020-01-01,-8356.36027097407,-7762.770663297969,6,2.1901942866794384,0.1024038588931923,0.9144483287196514,-1.7772716009078269,1.9820793186942116,0.911695941518855,26,0.0321488224359478,0.1024038588931923,0.5969484185563301,-1.0873126235940676,1.2921203413804525,0.8642694452475439,73,3.978799922742207e-05,0.9945773907478419,0.05715346210835164,0.9708214317265003,0.00012732159752775062,1.0,0.07715717384627471
Pré,tipo_outros,Tipologia | Outros,Tipologia,Principal,DLM irrestrito,7,1,,7,UF + mês-ano,C_prop,identidade,False,1998,74,27,2013-12-01,2020-01-01,-8354.36427256898,-7755.174762933671,7,2.264109805380868,0.0705484364079805,0.9148572038842702,-1.8099674783306423,1.9510643511466037,0.9391231051478351,26,0.0302960621824766,0.0705484364079805,0.6361723375586362,-1.1973412039170122,1.338438076732973,0.9120038094584774,73,8.941020875388476e-05,1.0,0.05014520637099575,1.0,0.00019507681909938492,1.0,0.07419443799790187
Pré,tipo_outros,Tipologia | Outros,Tipologia,Principal,DLM irrestrito,8,1,,8,UF + mês-ano,C_prop,identidade,False,1998,74,27,2013-12-01,2020-01-01,-8352.699469955054,-7747.910058360536,8,2.5399926399516275,-0.2043224266902586,0.8522537557477641,-1.9561551108237407,1.5475102574432236,0.8124090228199832,26,0.001108609930292,-0.2043224266902586,0.7845032389873965,-1.7678351272434218,1.3591902738629047,0.7952513547862354,73,0.0002707652379523,1.0,0.0035475517769344004,1.0,0.000519869256868416,1.0,0.005429926189185307
Pré,tipo_outros,Tipologia | Outros,Tipologia,Principal,DLM irrestrito,9,1,,9,UF + mês-ano,C_prop,identidade,False,1998,74,27,2013-12-01,2020-01-01,-8350.714620034361,-7740.325306480635,9,2.6863322904012774,-0.2705102216743431,0.8963841544648511,-2.1130542395098453,1.572033796161159,0.7652209639883353,26,0.0018162652886908,-0.2705102216743431,0.7209796275786257,-1.707420547263682,1.1664001039149958,0.7086010430771813,73,0.0003172243377879,0.9638372254592756,0.003962760629870837,0.8950750017817027,0.0005438131504935428,1.0,0.00846414891817072
Pré,tipo_outros,Tipologia | Outros,Tipologia,Principal,DLM irrestrito,10,1,,10,UF + mês-ano,C_prop,identidade,False,1998,74,27,2013-12-01,2020-01-01,-8349.141525397521,-7733.152309884586,10,2.907279185961727,-0.6540080134516049,0.9531101220866184,-2.613153927669152,1.3051379007659425,0.4986717048913551,26,0.000132138001147,-0.6540080134516049,0.7254608090097138,-2.0998493207536937,0.7918332938504837,0.3702835788433271,73,1.0186672502572764e-06,0.857168830902073,0.00039641400344099997,0.8455830012552736,3.2597352008232844e-06,0.9806051733159493,0.0008225530379347691
Pré,tipo_outros,Tipologia | Outros,Tipologia,Com contemporâneo,DLM irrestrito,10,0,,11,UF + mês-ano,C_prop,identidade,False,1998,74,27,2013-12-01,2020-01-01,-8347.317026911476,-7725.727909439332,11,3.021024790310105,-0.7725695788476586,0.953512276873261,-2.732542134068041,1.1874029763727236,0.4251590132042581,26,0.0002050538558589,-0.7725695788476586,0.7919853905167267,-2.3509941858942494,0.805855028198932,0.3325414533934327,73,5.2354474932497684e-08,0.9085724513736548,0.0004279384817924869,0.9045893710465074,1.675343197839926e-07,,
Pré,tipo_outros,Tipologia | Outros,Tipologia,Delta X,DLM irrestrito,10,1,,10,UF + mês-ano,C_prop,primeira diferença,False,1998,74,27,2013-12-01,2020-01-01,-8349.380162470856,-7733.390946957921,10,7.737520309262706,0.4720002969762062,6.277416700730232,-12.431414530003206,13.37541512395562,0.9406389287111704,26,0.0001162050160063,0.4720002969762062,5.068765201146571,-9.630034180719422,10.574034774671835,0.9260638129833396,73,5.01223794915038e-07,0.9923697025581156,0.00030988004268346663,0.9878014005155623,1.2029371077960913e-06,,
Pré,tipo_tornado,Tipologia | Tornado,Tipologia,Principal,DLM irrestrito,1,1,,1,UF + mês-ano,C_prop,identidade,False,1998,74,27,2013-12-01,2020-01-01,-8364.646230556107,-7799.056132676049,1,1.0,0.9966268395997804,0.5558896545484036,-0.1460207099614804,2.139274389161041,0.0846400259240922,26,0.0846400259240922,0.9966268395997804,0.5033586904381991,-0.0065655837352315,1.9998192629347928,0.0514787732423711,73,0.0514787732423711,0.4514134715951584,0.4514134715951584,0.36322848882957176,0.36322848882957176,0.5722142597685106,0.17214920526934008
Pré,tipo_tornado,Tipologia | Tornado,Tipologia,Principal,DLM irrestrito,2,1,,2,UF + mês-ano,C_prop,identidade,False,1998,74,27,2013-12-01,2020-01-01,-8362.710547635748,-7791.520547796481,2,1.014510982423359,1.4421482026941848,0.7019492764114548,-0.000729199403624,2.885025604791993,0.050107615778032,26,0.1154838880850257,1.4421482026941848,0.6414532947782119,0.1637336298086305,2.7205627755797392,0.0275797585393579,73,0.0509286899124576,0.400860926224256,0.45175440209123097,0.280833995407172,0.27161967953310723,0.4625318379510646,0.22172906512324933
Pré,tipo_tornado,Tipologia | Tornado,Tipologia,Principal,DLM irrestrito,3,1,,3,UF + mês-ano,C_prop,identidade,False,1998,74,27,2013-12-01,2020-01-01,-8362.78592675118,-7785.996024952704,3,1.0210503666333486,3.9475843401824777,0.6660367765926655,2.5785261386774474,5.316642541687508,2.9727135731579504e-06,26,3.336322308342237e-05,3.9475843401824777,0.8955936882584521,2.162668693518288,5.732499986846667,3.525688607493402e-05,73,7.93153566391512e-10,0.00014269025151158164,0.0004003586770010685,0.001692330531596833,3.807137118679258e-08,0.00017836281438947702,0.0002320919866672861
Pré,tipo_tornado,Tipologia | Tornado,Tipologia,Principal,DLM irrestrito,4,1,,4,UF + mês-ano,C_prop,identidade,False,1998,74,27,2013-12-01,2020-01-01,-8363.40133055899,-7781.011526801307,4,1.029376476128416,6.71185405237077,0.9793097599112974,4.698854011322814,8.724854093418726,2.82673733990336e-07,26,7.081166033953172e-07,6.71185405237077,1.0948618226231996,4.529797586636205,8.893910518105335,4.0691373150297625e-08,73,2.583878281988572e-24,1.356833923153613e-05,1.6994798481487615e-05,1.9531859112142862e-06,1.2402615753545148e-22,1.9383341759337326e-05,8.959640123383223e-06
Pré,tipo_tornado,Tipologia | Tornado,Tipologia,Principal,DLM irrestrito,5,1,,5,UF + mês-ano,C_prop,identidade,False,1998,74,27,2013-12-01,2020-01-01,-8361.652209081256,-7773.662503364363,5,1.0350856377701576,5.8365908903667325,1.4683901603323264,2.8182716883901064,8.854910092343358,0.0004992133367802,26,6.154336666084674e-15,5.8365908903667325,1.2014784251227586,3.4420478422784053,8.23113393845506,6.580869333425518e-06,73,6.632286111035086e-30,0.011981120082724799,2.9540815997206436e-13,0.00031588172800442487,3.1834973332968415e-28,0.019968533471207996,5.047461042325259e-13
Pré,tipo_tornado,Tipologia | Tornado,Tipologia,Principal,DLM irrestrito,6,1,,6,UF + mês-ano,C_prop,identidade,False,1998,74,27,2013-12-01,2020-01-01,-8360.403586644416,-7766.813978968315,6,1.0447675459742969,4.337244004469809,1.5815878572281818,1.086243604137179,7.588244404802438,0.0108947708656178,26,1.9239256419749946e-15,4.337244004469809,1.1675115598355723,2.010396821274332,6.664091187665285,0.0003950599785756,73,9.412159001150014e-32,0.1743163338498848,9.234843081479975e-14,0.0094814394858144,4.517836320552007e-30,0.19515785115717452,5.047461042325259e-13
Pré,tipo_tornado,Tipologia | Tornado,Tipologia,Principal,DLM irrestrito,7,1,,7,UF + mês-ano,C_prop,identidade,False,1998,74,27,2013-12-01,2020-01-01,-8358.413089836902,-7759.223580201593,7,1.0525532251543417,4.508262181138027,2.139463767231907,0.1105314246830575,8.905992937592995,0.0449002977737514,26,3.398811329412205e-15,4.508262181138027,1.50189308188989,1.5149935855376189,7.501530776738434,0.0036731346475147,73,3.1931988449512477e-31,0.3323159511463422,1.6314294381178584e-13,0.0881552315403528,1.532735445576599e-29,0.43104285862801345,5.047461042325259e-13
Pré,tipo_tornado,Tipologia | Tornado,Tipologia,Principal,DLM irrestrito,8,1,,8,UF + mês-ano,C_prop,identidade,False,1998,74,27,2013-12-01,2020-01-01,-8356.434335299216,-7751.644923704698,8,1.0579756472719526,4.769794762516158,2.3462512981303663,-0.0529938512448673,9.592583376277185,0.0523866294292928,26,8.523163157052861e-15,4.769794762516158,1.6978862554264451,1.3859123353633649,8.15367718966895,0.0063681539583527,73,4.724249580098654e-31,0.27939535695622825,4.0911183153853736e-13,0.1018904633336432,2.267639798447354e-29,0.46640835248609436,5.113897894231717e-13
Pré,tipo_tornado,Tipologia | Tornado,Tipologia,Principal,DLM irrestrito,9,1,,9,UF + mês-ano,C_prop,identidade,False,1998,74,27,2013-12-01,2020-01-01,-8355.318364795772,-7744.929051242046,9,1.0636507009244685,6.482717521566428,3.58569708157268,-0.8877883876620523,13.853223430794907,0.0821990758169032,26,2.475974847033717e-15,6.482717521566428,2.021397127527921,2.4540788561212725,10.511356187011584,0.0019916220555994,73,2.538821350471882e-31,0.49319445490141917,1.1884679265761842e-13,0.0477989293343856,1.2186342482265033e-29,0.5640436581126459,5.047461042325259e-13
Pré,tipo_tornado,Tipologia | Tornado,Tipologia,Principal,DLM irrestrito,10,1,,10,UF + mês-ano,C_prop,identidade,False,1998,74,27,2013-12-01,2020-01-01,-8354.055998390506,-7738.066782877571,10,1.0737871181123777,8.076656049875812,4.544592870199704,-1.264888381466191,17.418200481217816,0.08723705967088,26,5.924136926948107e-15,8.076656049875812,2.486327220965545,3.1214130444697705,13.031899055281851,0.0017551611478278,73,2.1858219383933436e-30,0.52342235802528,2.0400738366410656e-13,0.0280825783652448,1.049194530428805e-28,0.5815803978058667,5.047461042325259e-13
Pré,tipo_tornado,Tipologia | Tornado,Tipologia,Com contemporâneo,DLM irrestrito,10,0,,11,UF + mês-ano,C_prop,identidade,False,1998,74,27,2013-12-01,2020-01-01,-8352.31459147668,-7730.725474004535,11,1.079527241374935,9.034636859535857,4.807301658156948,-0.8469132192424507,18.91618693831416,0.0714486996409249,26,1.26070436779688e-14,9.034636859535857,2.877098927500384,3.300586966126807,14.768686752944904,0.0024376368756318,73,5.495132500236998e-30,0.4286921978455494,3.0256904827125124e-13,0.0390021900101088,1.3188318000568795e-28,,
Pré,tipo_tornado,Tipologia | Tornado,Tipologia,Delta X,DLM irrestrito,10,1,,10,UF + mês-ano,C_prop,primeira diferença,False,1998,74,27,2013-12-01,2020-01-01,-8359.72464554036,-7743.7354300274255,10,6.75524845212734,28.17383732506775,4.91841674644439,18.063886911237205,38.2837877388983,4.976836620575857e-06,26,2.116618103789649e-20,28.17383732506775,6.8629469377036685,14.496003803089758,41.85167084704575,0.0001040736851044,73,1.3211438022937374e-34,0.00023888815778764114,5.079883449095157e-19,0.0024977684425056003,3.17074512550497e-33,,
Pré,tipo_vendavais_e_ciclones,Tipologia | Vendavais e Ciclones,Tipologia,Principal,DLM irrestrito,1,1,,1,UF + mês-ano,C_prop,identidade,False,1998,74,27,2013-12-01,2020-01-01,-8364.321691530256,-7798.731593650198,1,1.0,0.0090237271394152,0.0355744992373383,-0.0641007033079121,0.0821481575867425,0.8017555547455946,26,0.8017555547455946,0.0090237271394152,0.0363551320718219,-0.0634319465910719,0.0814794008699023,0.8046684111717092,73,0.8046684111717091,1.0,1.0,1.0,1.0,1.0,0.9141155968595852
Pré,tipo_vendavais_e_ciclones,Tipologia | Vendavais e Ciclones,Tipologia,Principal,DLM irrestrito,2,1,,2,UF + mês-ano,C_prop,identidade,False,1998,74,27,2013-12-01,2020-01-01,-8362.333075233379,-7791.143075394111,2,1.3575031828768116,0.0002844559833753,0.0373963955882024,-0.0765849360473092,0.0771538480140599,0.9939890078630744,26,0.8796434618666987,0.0002844559833753,0.0303216430672604,-0.0601464915019327,0.0607154034686834,0.9925405177847004,73,0.860082237916502,1.0,0.9596110493091259,1.0,0.9552097837248946,1.0,0.9639928349224096
Pré,tipo_vendavais_e_ciclones,Tipologia | Vendavais e Ciclones,Tipologia,Principal,DLM irrestrito,3,1,,3,UF + mês-ano,C_prop,identidade,False,1998,74,27,2013-12-01,2020-01-01,-8360.411021977963,-7783.621120179488,3,1.3638437653284226,0.0238617250473719,0.0454923409826185,-0.0696491210751802,0.117372571169924,0.6043594067442538,26,0.7987738612178997,0.0238617250473719,0.0484093403948327,-0.0726179512257534,0.1203414013204972,0.6235515994450774,73,0.3538352087265678,0.9753419950587796,0.8713896667831633,0.8970923365329809,0.5770606977526287,0.9857021087578729,0.9128844128204568
Pré,tipo_vendavais_e_ciclones,Tipologia | Vendavais e Ciclones,Tipologia,Principal,DLM irrestrito,4,1,,4,UF + mês-ano,C_prop,identidade,False,1998,74,27,2013-12-01,2020-01-01,-8358.412185968067,-7776.022382210383,4,1.3694772524762606,0.0208587335069108,0.0554477130574882,-0.093115672988179,0.1348331400020007,0.7098298497911795,26,0.8430368608759561,0.0208587335069108,0.0555244673795428,-0.0898013703970831,0.1315188374109048,0.7082536013022912,73,0.4980346469889199,0.9464397997215727,0.9404024066307382,0.9214578246547015,0.7244140319838835,0.9995866424046339,0.9476760965350327
Pré,tipo_vendavais_e_ciclones,Tipologia | Vendavais e Ciclones,Tipologia,Principal,DLM irrestrito,5,1,,5,UF + mês-ano,C_prop,identidade,False,1998,74,27,2013-12-01,2020-01-01,-8357.17776578562,-7769.188060068727,5,1.375650616054763,-0.0581489187243491,0.060814557589108,-0.183155032146803,0.0668571946981047,0.3477942388454552,26,0.0020901891805294,-0.0581489187243491,0.0693536466517065,-0.1963705371711807,0.0800726997224824,0.4045202895206536,73,1.3988466106306708e-14,0.9675522807409572,0.01003290806654112,0.9510350586259051,3.3572318655136104e-13,0.9502237447047982,0.009204502813340478
Pré,tipo_vendavais_e_ciclones,Tipologia | Vendavais e Ciclones,Tipologia,Principal,DLM irrestrito,6,1,,6,UF + mês-ano,C_prop,identidade,False,1998,74,27,2013-12-01,2020-01-01,-8355.178153386605,-7761.588545710504,6,1.379628518784775,-0.0563251366221967,0.0934166990617291,-0.248345911604423,0.1356956383600295,0.5517688637513415,26,0.0012482893336188,-0.0563251366221967,0.0621995668674139,-0.1802886946205466,0.0676384213761531,0.3681505276188338,73,1.3052897246867477e-15,0.8666558539023911,0.00599178880137024,0.7683321136092025,3.1326953392481944e-14,0.9806051733159493,0.006052311920576
Pré,tipo_vendavais_e_ciclones,Tipologia | Vendavais e Ciclones,Tipologia,Principal,DLM irrestrito,7,1,,7,UF + mês-ano,C_prop,identidade,False,1998,74,27,2013-12-01,2020-01-01,-8353.477096053624,-7754.287586418315,7,1.3819033790841009,-0.1082270876435127,0.108454943482553,-0.3311594167382495,0.114705241451224,0.3275255528329458,26,0.0009407393279177,-0.1082270876435127,0.0737737969318196,-0.255258052894611,0.0388038776075855,0.1466677297292672,73,1.0663812306364896e-15,0.7201024915912719,0.0037629573116708,0.5750623408985371,1.7062099690183834e-14,0.9502237447047982,0.004753209235794695
Pré,tipo_vendavais_e_ciclones,Tipologia | Vendavais e Ciclones,Tipologia,Principal,DLM irrestrito,8,1,,8,UF + mês-ano,C_prop,identidade,False,1998,74,27,2013-12-01,2020-01-01,-8352.376764964369,-7747.58735336985,8,1.3839986067268946,-0.0150671718318148,0.1278448241183205,-0.2778559713851432,0.2477216277215134,0.9070881957401268,26,4.0866200840604847e-05,-0.0150671718318148,0.0834830505461492,-0.1814486516308078,0.1513143079671781,0.8572744442191181,73,1.1241735692580677e-15,1.0,0.00019615776403490324,1.0,1.3490082831096812e-14,1.0,0.00027244133893736564
Pré,tipo_vendavais_e_ciclones,Tipologia | Vendavais e Ciclones,Tipologia,Principal,DLM irrestrito,9,1,,9,UF + mês-ano,C_prop,identidade,False,1998,74,27,2013-12-01,2020-01-01,-8350.83817577576,-7740.448862222033,9,1.386289443051183,-0.0835244458645597,0.1312427604652585,-0.3532978036096537,0.1862489118805342,0.5300714284835216,26,1.483836804030843e-05,-0.0835244458645597,0.0837072218836699,-0.2503526984949383,0.0833038067658189,0.3216644409046388,73,2.498438608894157e-16,0.920968967528233,5.935347216123372e-05,0.8288080712207794,2.3985010645383906e-15,0.9806051733159493,0.00011305423268806423
Pré,tipo_vendavais_e_ciclones,Tipologia | Vendavais e Ciclones,Tipologia,Principal,DLM irrestrito,10,1,,10,UF + mês-ano,C_prop,identidade,False,1998,74,27,2013-12-01,2020-01-01,-8349.026666419326,-7733.037450906391,10,1.3884878496449176,-0.0390062181410069,0.1069075478543191,-0.2587578299686817,0.1807453936866678,0.7181674939601865,26,6.123056018354362e-06,-0.0390062181410069,0.1068985861752788,-0.2520547931500266,0.1740423568680127,0.716248568638912,73,4.587690838666899e-16,0.857168830902073,1.959377925873396e-05,0.9047350340702046,4.404183205120223e-15,0.9995866424046339,5.288377092720645e-05
Pré,tipo_vendavais_e_ciclones,Tipologia | Vendavais e Ciclones,Tipologia,Com contemporâneo,DLM irrestrito,10,0,,11,UF + mês-ano,C_prop,identidade,False,1998,74,27,2013-12-01,2020-01-01,-8347.060457049218,-7725.471339577074,11,1.3954699389867204,-0.0617174498249814,0.1025712076148285,-0.2725555866344115,0.1491206869844486,0.5525826356496681,26,6.453156602695015e-06,-0.0617174498249814,0.1107619189143757,-0.2824656358793774,0.1590307362294145,0.5790897082585592,73,1.1996198212941446e-15,0.9538948661305524,1.9359469808085046e-05,0.9728165481385603,7.197718927764869e-15,,
Pré,tipo_vendavais_e_ciclones,Tipologia | Vendavais e Ciclones,Tipologia,Delta X,DLM irrestrito,10,1,,10,UF + mês-ano,C_prop,primeira diferença,False,1998,74,27,2013-12-01,2020-01-01,-8349.742492572743,-7733.753277059808,10,7.349953357354276,-0.4668143556254408,0.3157648032884795,-1.1158782044721869,0.1822494932213049,0.1513246951307675,26,5.598716145502961e-08,-0.4668143556254408,0.2113701121980077,-0.8880743817350865,-0.0455543295157951,0.0303482527455188,73,6.475486529606917e-20,0.60529878052307,2.715483088103773e-07,0.1586161564273392,1.0360778447371067e-18,,
Pré,analitica_Clima/hidrometeorologia,Clima/hidrometeorologia,Analítica,Principal,DLM irrestrito,1,1,,1,UF + mês-ano,C_prop,identidade,False,1998,74,27,2013-12-01,2020-01-01,-8364.322314957722,-7798.732217077664,1,1.0,0.0024958137098284,0.0135713180474795,-0.0254004300579509,0.0303920574776079,0.8555158911332008,26,0.8555158911332008,0.0024958137098284,0.0260492097457931,-0.0494201864452392,0.0544118138648961,0.923932824014366,73,0.923932824014366,1.0,1.0,1.0,1.0,1.0,0.9556052168995952
Pré,analitica_Clima/hidrometeorologia,Clima/hidrometeorologia,Analítica,Principal,DLM irrestrito,2,1,,2,UF + mês-ano,C_prop,identidade,False,1998,74,27,2013-12-01,2020-01-01,-8363.09137000626,-7791.901370166992,2,1.0534138485190292,0.0265718830666261,0.0262744934607962,-0.0274361117274702,0.0805798778607225,0.3211835696525975,26,0.5867851209284832,0.0265718830666261,0.0177229326245911,-0.0087498707165235,0.0618936368497758,0.1381098508326033,73,0.2605017117693193,0.8455513872328557,0.8801776813927249,0.4930783839731311,0.5288169803780649,0.9502237447047982,0.7392568452642309
Pré,analitica_Clima/hidrometeorologia,Clima/hidrometeorologia,Analítica,Principal,DLM irrestrito,3,1,,3,UF + mês-ano,C_prop,identidade,False,1998,74,27,2013-12-01,2020-01-01,-8361.183858797553,-7784.393956999077,3,1.0894114071691294,0.035490881808356,0.0477853682466313,-0.0627333493589851,0.1337151129756972,0.4643126789721399,26,0.767325261914868,0.035490881808356,0.0300999734771195,-0.0244982788209041,0.0954800424376162,0.2421870691281448,73,0.4196199928399331,0.9751028205188853,0.8713896667831633,0.8970923365329809,0.6294299892598997,0.9806051733159493,0.8961462912874372
Pré,analitica_Clima/hidrometeorologia,Clima/hidrometeorologia,Analítica,Principal,DLM irrestrito,4,1,,4,UF + mês-ano,C_prop,identidade,False,1998,74,27,2013-12-01,2020-01-01,-8359.302726186646,-7776.912922428963,4,1.1147975713853904,0.0456944260628919,0.0535741225108104,-0.0644287599075387,0.1558176120333226,0.4014930761146502,26,0.8620355394115099,0.0456944260628919,0.0386155919394492,-0.0312663376869658,0.1226551898127497,0.2405234351558973,73,0.531078618100586,0.9267836778411358,0.9404024066307382,0.7888785006401584,0.7497580490831802,0.9634483511351457,0.9556052168995952
Pré,analitica_Clima/hidrometeorologia,Clima/hidrometeorologia,Analítica,Principal,DLM irrestrito,5,1,,5,UF + mês-ano,C_prop,identidade,False,1998,74,27,2013-12-01,2020-01-01,-8358.824823850178,-7770.835118133285,5,1.153485229057001,0.0062761671144138,0.0533811570400508,-0.1034503726502289,0.1160027068790566,0.9073098028723682,26,0.4427852391640754,0.0062761671144138,0.0490057196462241,-0.0913920912926748,0.1039444255215025,0.89844566557323,73,0.0002226152052338,0.9677971230638593,0.5593076705230426,0.958342043278112,0.00071236865674816,1.0,0.5984286652236581
Pré,analitica_Clima/hidrometeorologia,Clima/hidrometeorologia,Analítica,Principal,DLM irrestrito,6,1,,6,UF + mês-ano,C_prop,identidade,False,1998,74,27,2013-12-01,2020-01-01,-8361.90461050312,-7768.315002827018,6,1.1710816891180198,-0.0677656919153941,0.0402491612512286,-0.1504990277479786,0.0149676439171904,0.104219102029047,26,0.1071622421889131,-0.0677656919153941,0.0547399768892301,-0.1768623085269068,0.0413309246961186,0.2196990280496044,73,5.081790871116883e-07,0.6883892767135938,0.17145958750226095,0.7683321136092025,3.04907452267013e-06,0.6413483201787508,0.20825051113634938
Pré,analitica_Clima/hidrometeorologia,Clima/hidrometeorologia,Analítica,Principal,DLM irrestrito,7,1,,7,UF + mês-ano,C_prop,identidade,False,1998,74,27,2013-12-01,2020-01-01,-8361.837422353788,-7762.647912718479,7,1.2025717358095762,-0.1084380760738074,0.0540618747148808,-0.2195638510584677,0.0026876989108528,0.0553859918577237,26,0.0862389877347049,-0.1084380760738074,0.0719016978086156,-0.2517379531529793,0.0348618010053643,0.1358336966983688,73,8.695430295420158e-07,0.3323159511463422,0.1217491591548775,0.5750623408985371,3.2106204167705198e-06,0.46640835248609436,0.17392737022125357
Pré,analitica_Clima/hidrometeorologia,Clima/hidrometeorologia,Analítica,Principal,DLM irrestrito,8,1,,8,UF + mês-ano,C_prop,identidade,False,1998,74,27,2013-12-01,2020-01-01,-8359.866182182528,-7755.07677058801,8,1.2589988006008943,-0.1139901636756384,0.0525835068847593,-0.2220771100643416,-0.0059032172869353,0.0395138229787514,26,0.0763472672619318,-0.1139901636756384,0.0657109271588047,-0.2449518526426938,0.0169715252914168,0.087010671782952,73,1.5281876493800986e-06,0.23708293787250842,0.09904510347493856,0.464056916175744,4.890200478016316e-06,0.4157657626930132,0.16002920648789198
Pré,analitica_Clima/hidrometeorologia,Clima/hidrometeorologia,Analítica,Principal,DLM irrestrito,9,1,,9,UF + mês-ano,C_prop,identidade,False,1998,74,27,2013-12-01,2020-01-01,-8357.87935534752,-7747.490041793794,9,1.2889323431062676,-0.1100090184474026,0.0556596411342229,-0.2244190493430957,0.0044010124482905,0.0588011080135317,26,0.0783260395598891,-0.1100090184474026,0.072480186886964,-0.2544618225970815,0.0344437857022763,0.1333887553128213,73,1.0028785908217827e-06,0.4704088641082536,0.09893815523354413,0.6402660255015422,3.008635772465348e-06,0.48662985942233133,0.1625051068641215
Pré,analitica_Clima/hidrometeorologia,Clima/hidrometeorologia,Analítica,Principal,DLM irrestrito,10,1,,10,UF + mês-ano,C_prop,identidade,False,1998,74,27,2013-12-01,2020-01-01,-8357.07881312892,-7741.089597615984,10,1.33477735528979,-0.0692159312939974,0.0531196160574326,-0.1784048658694569,0.0399730032814619,0.2039903352119921,26,0.0929915939376013,-0.0692159312939974,0.0718966206420811,-0.2125056895948583,0.0740738270068634,0.3388689594482309,73,2.2406442029622047e-06,0.7097583512216376,0.11445119253858621,0.8455830012552736,5.660574828536097e-06,0.8212080096779278,0.1859831878752026
Pré,analitica_Clima/hidrometeorologia,Clima/hidrometeorologia,Analítica,Com contemporâneo,DLM irrestrito,10,0,,11,UF + mês-ano,C_prop,identidade,False,1998,74,27,2013-12-01,2020-01-01,-8355.080554334205,-7733.491436862061,11,1.3570669660781407,-0.0675352587728178,0.0567183676948591,-0.1841215332813718,0.0490510157357361,0.244524487280975,26,0.1184841956492591,-0.0675352587728178,0.0846658930132811,-0.2362741402091851,0.1012036226635494,0.4276503795131351,73,1.608119171864105e-07,0.9085724513736548,0.13871320466254725,0.9045893710465074,4.824357515592315e-07,,
Pré,analitica_Clima/hidrometeorologia,Clima/hidrometeorologia,Analítica,Delta X,DLM irrestrito,10,1,,10,UF + mês-ano,C_prop,primeira diferença,False,1998,74,27,2013-12-01,2020-01-01,-8356.788236254457,-7740.799020741522,10,6.399485750428381,0.110380425294088,0.2315308767310952,-0.3655381077814725,0.5862989583696486,0.6375285990110476,26,0.0696113923104662,0.110380425294088,0.1435908908726476,-0.1757958075190625,0.3965566581072386,0.4445426053701977,73,2.515409612665332e-07,0.8970292255860751,0.07955587692624709,0.8565341059194355,6.707758967107552e-07,,
Pré,analitica_Natural não diretamente climático,Natural não diretamente climático,Analítica,Principal,DLM irrestrito,1,1,,1,UF + mês-ano,C_prop,identidade,False,1998,74,27,2013-12-01,2020-01-01,-8364.321168637432,-7798.731070757374,1,1.0,-0.0063932880663278,0.0563896782995726,-0.1223039318467005,0.1095173557140448,0.9106026538502264,26,0.9106026538502264,-0.0063932880663278,0.0605066365548314,-0.126982840817369,0.1141962646847133,0.91613987122241,73,0.91613987122241,1.0,1.0,1.0,1.0,1.0,0.9884239978981513
Pré,analitica_Natural não diretamente climático,Natural não diretamente climático,Analítica,Principal,DLM irrestrito,2,1,,2,UF + mês-ano,C_prop,identidade,False,1998,74,27,2013-12-01,2020-01-01,-8362.618267054877,-7791.42826721561,2,1.0072566943078587,0.0389629092869964,0.105416311633297,-0.1777234225883969,0.2556492411623898,0.7146666418411952,26,0.5788125795629689,0.0389629092869964,0.105307224995841,-0.170914087465151,0.2488399060391439,0.7124591730756233,73,0.4618893002206494,0.9755417058797301,0.8801776813927249,0.9537517536921045,0.7053551779762289,0.9995866424046339,0.7349503819727168
Pré,analitica_Natural não diretamente climático,Natural não diretamente climático,Analítica,Principal,DLM irrestrito,3,1,,3,UF + mês-ano,C_prop,identidade,False,1998,74,27,2013-12-01,2020-01-01,-8360.806658098074,-7784.0167562995985,3,1.0109579893729048,0.0753184039256129,0.1731411323558968,-0.2805782906718952,0.431215098523121,0.6671436030209658,26,0.5673912693809307,0.0753184039256129,0.1674187581270762,-0.2583466998416989,0.4089835076929247,0.6541298287219652,73,0.6559432302840278,0.9753419950587796,0.7866451056459693,0.8970923365329809,0.8414588504227825,0.9995866424046339,0.7282026986707131
Pré,analitica_Natural não diretamente climático,Natural não diretamente climático,Analítica,Principal,DLM irrestrito,4,1,,4,UF + mês-ano,C_prop,identidade,False,1998,74,27,2013-12-01,2020-01-01,-8359.749043485715,-7777.359239728032,4,1.0162486189691098,0.1573967804189853,0.2074876648632148,-0.2691002228626192,0.5838937837005899,0.4549237122321261,26,0.617956522153244,0.1573967804189853,0.1899028121174236,-0.2210789783294411,0.5358725391674117,0.4099035397648057,73,0.6989059529580908,0.9267836778411358,0.870192980919768,0.7888785006401584,0.8828285721575884,0.9806051733159493,0.7704393003469017
Pré,analitica_Natural não diretamente climático,Natural não diretamente climático,Analítica,Principal,DLM irrestrito,5,1,,5,UF + mês-ano,C_prop,identidade,False,1998,74,27,2013-12-01,2020-01-01,-8358.024701572243,-7770.034995855351,5,1.0205370689057154,0.1127270562959799,0.1790926330904436,-0.2554031232654937,0.4808572358574536,0.5345570114244229,26,0.546787670129159,0.1127270562959799,0.1667498530523374,-0.2196049215798842,0.4450590341718441,0.5011609890664244,73,0.7899301387525383,0.9675522807409572,0.6729694401589649,0.9510350586259051,0.8867323028739309,0.9806051733159493,0.709346166654044
Pré,analitica_Natural não diretamente climático,Natural não diretamente climático,Analítica,Principal,DLM irrestrito,6,1,,6,UF + mês-ano,C_prop,identidade,False,1998,74,27,2013-12-01,2020-01-01,-8356.078479273798,-7762.488871597697,6,1.0285364267630157,0.1327488184624387,0.1772966522976409,-0.231689669708192,0.4971873066330693,0.4607352418408306,26,0.153074872001459,0.1327488184624387,0.1623408088155577,-0.1907959469216023,0.4562935838464797,0.4161798948716513,73,0.0952085843107924,0.8190848743836988,0.22265435927484944,0.7683321136092025,0.13441211902700104,0.9806051733159493,0.2793761922460088
Pré,analitica_Natural não diretamente climático,Natural não diretamente climático,Analítica,Principal,DLM irrestrito,7,1,,7,UF + mês-ano,C_prop,identidade,False,1998,74,27,2013-12-01,2020-01-01,-8354.078606461639,-7754.8890968263295,7,1.0352787460114403,0.1337355518614826,0.1859436373436994,-0.2484770686268259,0.5159481723497912,0.4784166880759425,26,0.1779285406015746,0.1337355518614826,0.158731846516946,-0.1826165620339802,0.4500876657569456,0.4022461073638287,73,0.1348719919961662,0.774474516294528,0.2247518407598837,0.6999427915795075,0.17036462146884152,0.9806051733159493,0.30832382486915455
Pré,analitica_Natural não diretamente climático,Natural não diretamente climático,Analítica,Principal,DLM irrestrito,8,1,,8,UF + mês-ano,C_prop,identidade,False,1998,74,27,2013-12-01,2020-01-01,-8352.095072978023,-7747.305661383505,8,1.3871018899342291,0.1188116816953872,0.2300152082966561,-0.353991350293962,0.5916147136847364,0.6098443363458764,26,0.1613142536717588,0.1188116816953872,0.1855839916152834,-0.2510566802050396,0.4886800435958139,0.5240441417958019,73,0.1536202610328648,1.0,0.19854061990370314,0.9290977152402194,0.19007432600807928,0.9857021087578729,0.2910933900843768
Pré,analitica_Natural não diretamente climático,Natural não diretamente climático,Analítica,Principal,DLM irrestrito,9,1,,9,UF + mês-ano,C_prop,identidade,False,1998,74,27,2013-12-01,2020-01-01,-8350.616363974868,-7740.227050421142,9,1.3883863226991375,0.0346214535436245,0.2801782720302834,-0.5412932326827143,0.6105361397699635,0.9026065622971842,26,0.1904957284556551,0.0346214535436245,0.2100156542196274,-0.3839391417079705,0.4531820487952195,0.8695162919651731,73,0.0431858377770611,0.9898212756977337,0.23445628117619088,0.9874083345859336,0.057581117036081465,1.0,0.32485576981333103
Pré,analitica_Natural não diretamente climático,Natural não diretamente climático,Analítica,Principal,DLM irrestrito,10,1,,10,UF + mês-ano,C_prop,identidade,False,1998,74,27,2013-12-01,2020-01-01,-8354.464612194852,-7738.475396681917,10,1.3894348751738776,-0.2490974201930724,0.4148479176291684,-1.101829527439522,0.6036346870533771,0.5534016634701835,26,0.0004379780953506,-0.2490974201930724,0.3470577698693265,-0.940782558060383,0.4425877176742381,0.4752079512523979,73,0.0569973184267622,0.857168830902073,0.0010010927893727998,0.8455830012552736,0.07199661274959436,0.9806051733159493,0.0024445289042824185
Pré,analitica_Natural não diretamente climático,Natural não diretamente climático,Analítica,Com contemporâneo,DLM irrestrito,10,0,,11,UF + mês-ano,C_prop,identidade,False,1998,74,27,2013-12-01,2020-01-01,-8353.895019564086,-7732.305902091943,11,1.391301648965266,-0.1410617493697373,0.3824377082934966,-0.9271737172141354,0.6450502184746607,0.71522696563077,26,0.0003859604261221,-0.1410617493697373,0.3327746532611196,-0.8042806768881419,0.5221571781486671,0.6728883625075105,73,0.039504537411383,0.9538948661305524,0.0007193466108324924,0.9728165481385603,0.05124912961476714,,
Pré,analitica_Natural não diretamente climático,Natural não diretamente climático,Analítica,Delta X,DLM irrestrito,10,1,,10,UF + mês-ano,C_prop,primeira diferença,False,1998,74,27,2013-12-01,2020-01-01,-8353.876466198253,-7737.887250685319,10,7.994511689486148,1.8412852162629647,1.0368988984063203,-0.2900909943075922,3.9726614268335223,0.0874793642728447,26,0.0001693784322598,1.8412852162629647,0.8474415840337965,0.1523365749240626,3.530233857601868,0.033045032589029,73,5.193519694982182e-09,0.45422547238102123,0.0004279034078142316,0.1586161564273392,1.4664055609361454e-08,,
Pré,analitica_Tecnológico/antrópico,Tecnológico/antrópico,Analítica,Principal,DLM irrestrito,1,1,,1,UF + mês-ano,C_prop,identidade,False,1998,74,27,2013-12-01,2020-01-01,-8364.315235022143,-7798.725137142084,1,1.0,-0.0048339667287491,0.3428393947520764,-0.7095504353681473,0.699882501910649,0.9888579994700388,26,0.9888579994700388,-0.0048339667287491,0.2046048957293583,-0.4126109358603538,0.4029430024028555,0.9812155069250538,73,0.9812155069250538,1.0,1.0,1.0,1.0,1.0,1.0
Pré,analitica_Tecnológico/antrópico,Tecnológico/antrópico,Analítica,Principal,DLM irrestrito,2,1,,2,UF + mês-ano,C_prop,identidade,False,1998,74,27,2013-12-01,2020-01-01,-8362.736126796697,-7791.54612695743,2,1.1984026926597129,-0.3610107785658328,0.415939602767926,-1.2159868767527278,0.4939653196210619,0.3933677655036228,26,0.4251284127150098,-0.3610107785658328,0.2970318931923751,-0.9529944879958588,0.2309729308641931,0.2281320222338206,73,0.4715646047772482,0.8582569429169952,0.755783844826684,0.6441374745425522,0.7053551779762289,0.9634483511351457,0.5845581552055666
Pré,analitica_Tecnológico/antrópico,Tecnológico/antrópico,Analítica,Principal,DLM irrestrito,3,1,,3,UF + mês-ano,C_prop,identidade,False,1998,74,27,2013-12-01,2020-01-01,-8361.274925827967,-7784.485024029492,3,1.2925879147188486,0.0093739680097196,0.4176150970309244,-0.8490461579590456,0.867794093978485,0.982263227846632,26,0.1776635107913381,0.0093739680097196,0.4617037978997721,-0.9108003742169566,0.929548310236396,0.9838570621957624,73,0.0052032599539974,1.0,0.49347685459175344,1.0,0.03567949682741074,1.0,0.30832382486915455
Pré,analitica_Tecnológico/antrópico,Tecnológico/antrópico,Analítica,Principal,DLM irrestrito,4,1,,4,UF + mês-ano,C_prop,identidade,False,1998,74,27,2013-12-01,2020-01-01,-8359.285272194049,-7776.895468436365,4,1.7327440752082417,0.0752780514243293,0.5825399671115337,-1.1221500001594793,1.272706103008138,0.898175021761314,26,0.2833756669915077,0.0752780514243293,0.4978170090451488,-0.9168698168217362,1.067425919670395,0.8802221847272566,73,0.0128001930590684,0.9718475711233047,0.5913926963301029,0.9602423833388254,0.07680115835441041,1.0,0.4387752263094312
Pré,analitica_Tecnológico/antrópico,Tecnológico/antrópico,Analítica,Principal,DLM irrestrito,5,1,,5,UF + mês-ano,C_prop,identidade,False,1998,74,27,2013-12-01,2020-01-01,-8357.886220733948,-7769.896515017055,5,2.1300324895309557,-0.3678326556355314,0.845440107560122,-2.10565968533476,1.3699943740636966,0.6670958125850691,26,0.3717296613636419,-0.3678326556355314,0.6178116801571079,-1.5991295585298295,0.8634642472587667,0.5534308775347878,73,0.0021166043693429,0.9677971230638593,0.5575944920454629,0.9510350586259051,0.005347211038339957,0.9995866424046339,0.5326275744911884
Pré,analitica_Tecnológico/antrópico,Tecnológico/antrópico,Analítica,Principal,DLM irrestrito,6,1,,6,UF + mês-ano,C_prop,identidade,False,1998,74,27,2013-12-01,2020-01-01,-8356.2704746261,-7762.68086695,6,2.25052566156516,-0.0183088144807108,0.8873839753264682,-1.842352699144208,1.805735070182786,0.9836964632683902,26,0.0283343487560466,-0.0183088144807108,0.5994659060343699,-1.213042642276168,1.1764250133147462,0.97571824376078,73,0.0007819418955484,1.0,0.055379304669599616,1.0,0.0017872957612534855,1.0,0.0721956266965052
Pré,analitica_Tecnológico/antrópico,Tecnológico/antrópico,Analítica,Principal,DLM irrestrito,7,1,,7,UF + mês-ano,C_prop,identidade,False,1998,74,27,2013-12-01,2020-01-01,-8354.273924176632,-7755.084414541323,7,2.3322282949628512,0.0133376555228127,1.0129399257994356,-2.0687901815346548,2.0954654925802805,0.9895948593328932,26,0.0005523770991654,0.0133376555228127,0.6578690717927589,-1.2977935137719825,1.324468824817608,0.9838800879984518,73,0.0006903912369998,1.0,0.0024103727963581093,1.0,0.0012745684375380926,1.0,0.0030129659954476365
Pré,analitica_Tecnológico/antrópico,Tecnológico/antrópico,Analítica,Principal,DLM irrestrito,8,1,,8,UF + mês-ano,C_prop,identidade,False,1998,74,27,2013-12-01,2020-01-01,-8352.75114134995,-7747.961729755432,8,2.548626488451521,-0.3396773721605535,1.024143095689045,-2.4448336547322307,1.7654789104111237,0.7427973249426609,26,0.0007678318903794,-0.3396773721605535,0.6878914443202453,-1.7106430436150235,1.0312882992939163,0.6229334384782615,73,0.0005267178048556,1.0,0.0026325664813008,0.964542098288921,0.0009363872086321778,1.0,0.004050102278924308
Pré,analitica_Tecnológico/antrópico,Tecnológico/antrópico,Analítica,Principal,DLM irrestrito,9,1,,9,UF + mês-ano,C_prop,identidade,False,1998,74,27,2013-12-01,2020-01-01,-8351.80654921264,-7741.417235658914,9,2.7464116242618286,0.2532237509950787,1.2687487336015182,-2.3547266211637066,2.861174123153864,0.8433575722768661,26,0.0004143045175329,0.2532237509950787,0.6184180019119416,-0.9792815494139676,1.4857290514041253,0.6833936363923163,73,0.0003519236176227,0.9638372254592756,0.0011698009906811293,0.8950750017817027,0.0005824942636513656,1.0,0.0023396019813622586
Pré,analitica_Tecnológico/antrópico,Tecnológico/antrópico,Analítica,Principal,DLM irrestrito,10,1,,10,UF + mês-ano,C_prop,identidade,False,1998,74,27,2013-12-01,2020-01-01,-8349.856645444244,-7733.86742993131,10,2.9624070074369984,0.1052036422508616,1.364981133740246,-2.700555261344339,2.9109625458460626,0.9391552639609716,26,0.000180335931844,0.1052036422508616,0.8052412330378912,-1.4996398208416584,1.7100471053433814,0.8964126612199218,73,1.3058391551730328e-11,0.9799881015244921,0.000465822466500379,0.9353871247512228,6.268027944830557e-11,1.0,0.001082015591064
Pré,analitica_Tecnológico/antrópico,Tecnológico/antrópico,Analítica,Com contemporâneo,DLM irrestrito,10,0,,11,UF + mês-ano,C_prop,identidade,False,1998,74,27,2013-12-01,2020-01-01,-8347.889320354427,-7726.300202882283,11,3.074598237588088,0.1598827034948402,1.3806863742557491,-2.678158784320944,2.9979241913106245,0.9087012625123422,26,6.383074076856123e-05,0.1598827034948402,0.7686709055192359,-1.3720762019601491,1.6918416089498296,0.8358090374803199,73,5.211915691613533e-15,1.0,0.00017021530871616327,0.9998568045463363,2.7796883688605508e-14,,
Pré,analitica_Tecnológico/antrópico,Tecnológico/antrópico,Analítica,Delta X,DLM irrestrito,10,1,,10,UF + mês-ano,C_prop,primeira diferença,False,1998,74,27,2013-12-01,2020-01-01,-8351.206112562602,-7735.216897049668,10,7.786940268247075,-6.847006374896361,6.152867483891246,-19.494406620103323,5.8003938703106,0.2759709770433154,26,0.0039114667516012,-6.847006374896361,6.764795333052698,-20.32922403090349,6.635211281110768,0.3148081078470747,73,4.0266570377155305e-17,0.8086483914707269,0.00625834680256192,0.7555394588329792,4.831988445258637e-16,,
